=== Suite started at 2024-12-18 20:29:07
=== Starting test, 1598 test cases
=cases         1598
=user          runner
=host          877-weiss-master-3bc66a7
=hosts         877-weiss-master-3bc66a7 
=emulator_vsn  15.2
=emulator      beam
=otp_release   27
=started       2024-12-18 20:29:07
=case          ejabberd_SUITE:init_per_suite
=logfile       ejabberd_suite.init_per_suite.html
=started       2024-12-18 20:29:07
=ended         2024-12-18 20:29:10
=result        ok
=elapsed       2.692412s
=case          ejabberd_SUITE:init_per_group
=logfile       ejabberd_suite.init_per_group.html
=group_props   [{name,ldap},sequence]
=started       2024-12-18 20:29:10
=ended         2024-12-18 20:29:10
=result        ok
=elapsed       0.000002s
=case          ejabberd_SUITE:init_per_group
=logfile       ejabberd_suite.init_per_group.1797.html
=group_props   [{name,ldap_tests},sequence]
=started       2024-12-18 20:29:10
=ended         2024-12-18 20:29:10
=result        ok
=elapsed       0.000004s
=case          ejabberd_SUITE:test_auth
=logfile       ejabberd_suite.test_auth.html
=started       2024-12-18 20:29:10
=ended         2024-12-18 20:29:10
=result        ok
=elapsed       0.041555s
=case          ejabberd_SUITE:test_auth_fail
=logfile       ejabberd_suite.test_auth_fail.html
=started       2024-12-18 20:29:10
=ended         2024-12-18 20:29:10
=result        ok
=elapsed       0.018963s
=case          ejabberd_SUITE:vcard_get
=logfile       ejabberd_suite.vcard_get.html
=started       2024-12-18 20:29:10
=ended         2024-12-18 20:29:11
=result        ok
=elapsed       0.203598s
=case          ejabberd_SUITE:ldap_shared_roster_get
=logfile       ejabberd_suite.ldap_shared_roster_get.html
=started       2024-12-18 20:29:11
=ended         2024-12-18 20:29:11
=result        ok
=elapsed       0.121264s
=case          ejabberd_SUITE:end_per_group
=logfile       ejabberd_suite.end_per_group.html
=group_props   [{name,ldap_tests},sequence]
=started       2024-12-18 20:29:11
=ended         2024-12-18 20:29:11
=result        ok
=elapsed       0.000004s
=group_time    0.847s
=case          ejabberd_SUITE:end_per_group
=logfile       ejabberd_suite.end_per_group.1893.html
=group_props   [{name,ldap},sequence]
=started       2024-12-18 20:29:11
=ended         2024-12-18 20:29:11
=result        ok
=elapsed       0.000000s
=group_time    0.918s
=case          ejabberd_SUITE:init_per_group
=logfile       ejabberd_suite.init_per_group.996.html
=group_props   [{name,no_db},sequence]
=started       2024-12-18 20:29:11
=ended         2024-12-18 20:29:11
=result        ok
=elapsed       0.000628s
=case          ejabberd_SUITE:init_per_group
=logfile       ejabberd_suite.init_per_group.1028.html
=group_props   [{name,anonymous},parallel]
=started       2024-12-18 20:29:11
=ended         2024-12-18 20:29:11
=result        ok
=elapsed       0.000004s
=case          ejabberd_SUITE:test_connect_bad_xml
=logfile       ejabberd_suite.test_connect_bad_xml.1060.html
=started       2024-12-18 20:29:11
=ended         2024-12-18 20:29:11
=result        ok
=elapsed       0.001689s
=case          ejabberd_SUITE:test_connect_unexpected_xml
=logfile       ejabberd_suite.test_connect_unexpected_xml.2083.html
=started       2024-12-18 20:29:11
=ended         2024-12-18 20:29:11
=result        ok
=elapsed       0.028713s
=case          ejabberd_SUITE:test_connect_unknown_ns
=logfile       ejabberd_suite.test_connect_unknown_ns.1092.html
=started       2024-12-18 20:29:11
=ended         2024-12-18 20:29:11
=result        ok
=elapsed       0.073416s
=case          ejabberd_SUITE:test_connect_bad_xmlns
=logfile       ejabberd_suite.test_connect_bad_xmlns.1124.html
=started       2024-12-18 20:29:11
=ended         2024-12-18 20:29:11
=result        ok
=elapsed       0.005288s
=case          ejabberd_SUITE:test_connect_bad_ns_stream
=logfile       ejabberd_suite.test_connect_bad_ns_stream.2115.html
=started       2024-12-18 20:29:11
=ended         2024-12-18 20:29:11
=result        ok
=elapsed       0.001086s
=case          ejabberd_SUITE:test_connect_bad_lang
=logfile       ejabberd_suite.test_connect_bad_lang.1474.html
=started       2024-12-18 20:29:11
=ended         2024-12-18 20:29:11
=result        ok
=elapsed       0.003340s
=case          ejabberd_SUITE:test_connect_bad_to
=logfile       ejabberd_suite.test_connect_bad_to.1506.html
=started       2024-12-18 20:29:11
=ended         2024-12-18 20:29:11
=result        ok
=elapsed       0.001655s
=case          ejabberd_SUITE:test_connect_missing_to
=logfile       ejabberd_suite.test_connect_missing_to.1156.html
=started       2024-12-18 20:29:11
=ended         2024-12-18 20:29:11
=result        ok
=elapsed       0.000867s
=case          ejabberd_SUITE:test_connect
=logfile       ejabberd_suite.test_connect.1188.html
=started       2024-12-18 20:29:11
=ended         2024-12-18 20:29:11
=result        ok
=elapsed       0.005978s
=case          ejabberd_SUITE:unauthenticated_iq
=logfile       ejabberd_suite.unauthenticated_iq.1220.html
=started       2024-12-18 20:29:11
=ended         2024-12-18 20:29:11
=result        ok
=elapsed       0.003121s
=case          ejabberd_SUITE:unauthenticated_message
=logfile       ejabberd_suite.unauthenticated_message.1252.html
=started       2024-12-18 20:29:11
=ended         2024-12-18 20:29:11
=result        ok
=elapsed       0.000737s
=case          ejabberd_SUITE:unauthenticated_presence
=logfile       ejabberd_suite.unauthenticated_presence.1284.html
=started       2024-12-18 20:29:11
=ended         2024-12-18 20:29:11
=result        ok
=elapsed       0.000650s
=case          ejabberd_SUITE:test_starttls
=logfile       ejabberd_suite.test_starttls.1316.html
=started       2024-12-18 20:29:11
=ended         2024-12-18 20:29:11
=result        ok
=elapsed       0.033904s
=case          ejabberd_SUITE:test_auth
=logfile       ejabberd_suite.test_auth.1925.html
=started       2024-12-18 20:29:11
=ended         2024-12-18 20:29:11
=result        ok
=elapsed       0.060187s
=case          ejabberd_SUITE:test_zlib
=logfile       ejabberd_suite.test_zlib.1348.html
=started       2024-12-18 20:29:11
=ended         2024-12-18 20:29:11
=result        ok
=elapsed       0.004789s
=case          ejabberd_SUITE:test_bind
=logfile       ejabberd_suite.test_bind.1380.html
=started       2024-12-18 20:29:11
=ended         2024-12-18 20:29:11
=result        ok
=elapsed       0.105927s
=case          ejabberd_SUITE:test_open_session
=logfile       ejabberd_suite.test_open_session.1412.html
=started       2024-12-18 20:29:11
=ended         2024-12-18 20:29:11
=result        ok
=elapsed       0.102769s
=case          ejabberd_SUITE:codec_failure
=logfile       ejabberd_suite.codec_failure.1444.html
=started       2024-12-18 20:29:11
=ended         2024-12-18 20:29:11
=result        ok
=elapsed       0.109386s
=case          ejabberd_SUITE:unsupported_query
=logfile       ejabberd_suite.unsupported_query.2147.html
=started       2024-12-18 20:29:11
=ended         2024-12-18 20:29:11
=result        ok
=elapsed       0.153627s
=case          ejabberd_SUITE:bad_nonza
=logfile       ejabberd_suite.bad_nonza.2179.html
=started       2024-12-18 20:29:11
=ended         2024-12-18 20:29:11
=result        ok
=elapsed       0.148263s
=case          ejabberd_SUITE:invalid_from
=logfile       ejabberd_suite.invalid_from.2211.html
=started       2024-12-18 20:29:11
=ended         2024-12-18 20:29:11
=result        ok
=elapsed       0.104717s
=case          ejabberd_SUITE:ping
=logfile       ejabberd_suite.ping.2243.html
=started       2024-12-18 20:29:11
=ended         2024-12-18 20:29:11
=result        ok
=elapsed       0.152813s
=case          ejabberd_SUITE:version
=logfile       ejabberd_suite.version.1957.html
=started       2024-12-18 20:29:11
=ended         2024-12-18 20:29:11
=result        ok
=elapsed       0.163750s
=case          ejabberd_SUITE:time
=logfile       ejabberd_suite.time.1989.html
=started       2024-12-18 20:29:11
=ended         2024-12-18 20:29:11
=result        ok
=elapsed       0.199014s
=case          ejabberd_SUITE:stats
=logfile       ejabberd_suite.stats.2021.html
=started       2024-12-18 20:29:11
=ended         2024-12-18 20:29:12
=result        ok
=elapsed       0.253885s
=case          ejabberd_SUITE:disco
=logfile       ejabberd_suite.disco.1476.html
=started       2024-12-18 20:29:11
=ended         2024-12-18 20:29:11
=result        ok
=elapsed       0.165668s
=case          ejabberd_SUITE:end_per_group
=logfile       ejabberd_suite.end_per_group.2180.html
=group_props   [{name,anonymous},parallel]
=started       2024-12-18 20:29:12
=ended         2024-12-18 20:29:12
=result        ok
=elapsed       0.000002s
=group_time    0.560s
=case          ejabberd_SUITE:init_per_group
=logfile       ejabberd_suite.init_per_group.1890.html
=group_props   [{name,presence_and_s2s},sequence]
=started       2024-12-18 20:29:12
=ended         2024-12-18 20:29:12
=result        ok
=elapsed       0.000004s
=case          ejabberd_SUITE:test_auth_fail
=logfile       ejabberd_suite.test_auth_fail.1922.html
=started       2024-12-18 20:29:12
=ended         2024-12-18 20:29:12
=result        ok
=elapsed       0.000837s
=case          ejabberd_SUITE:presence
=logfile       ejabberd_suite.presence.html
=started       2024-12-18 20:29:12
=ended         2024-12-18 20:29:12
=result        ok
=elapsed       0.101542s
=case          ejabberd_SUITE:s2s_dialback
=logfile       ejabberd_suite.s2s_dialback.html
=started       2024-12-18 20:29:12
=ended         2024-12-18 20:29:12
=result        ok
=elapsed       0.140481s
=case          ejabberd_SUITE:s2s_optional
=logfile       ejabberd_suite.s2s_optional.html
=started       2024-12-18 20:29:12
=ended         2024-12-18 20:29:12
=result        ok
=elapsed       0.142134s
=case          ejabberd_SUITE:s2s_required
=logfile       ejabberd_suite.s2s_required.html
=started       2024-12-18 20:29:12
=ended         2024-12-18 20:29:12
=result        ok
=elapsed       0.129810s
=case          ejabberd_SUITE:end_per_group
=logfile       ejabberd_suite.end_per_group.2338.html
=group_props   [{name,presence_and_s2s},sequence]
=started       2024-12-18 20:29:12
=ended         2024-12-18 20:29:12
=result        ok
=elapsed       0.000007s
=group_time    0.689s
=case          ejabberd_SUITE:auth_external
=logfile       ejabberd_suite.auth_external.html
=started       2024-12-18 20:29:12
=ended         2024-12-18 20:29:12
=result        ok
=elapsed       0.005286s
=case          ejabberd_SUITE:auth_external_no_jid
=logfile       ejabberd_suite.auth_external_no_jid.html
=started       2024-12-18 20:29:12
=ended         2024-12-18 20:29:12
=result        ok
=elapsed       0.004959s
=case          ejabberd_SUITE:auth_external_no_user
=logfile       ejabberd_suite.auth_external_no_user.html
=started       2024-12-18 20:29:12
=ended         2024-12-18 20:29:12
=result        ok
=elapsed       0.004985s
=case          ejabberd_SUITE:auth_external_malformed_jid
=logfile       ejabberd_suite.auth_external_malformed_jid.html
=started       2024-12-18 20:29:12
=ended         2024-12-18 20:29:12
=result        ok
=elapsed       0.004414s
=case          ejabberd_SUITE:auth_external_wrong_jid
=logfile       ejabberd_suite.auth_external_wrong_jid.html
=started       2024-12-18 20:29:12
=ended         2024-12-18 20:29:12
=result        ok
=elapsed       0.004600s
=case          ejabberd_SUITE:auth_external_wrong_server
=logfile       ejabberd_suite.auth_external_wrong_server.html
=started       2024-12-18 20:29:12
=ended         2024-12-18 20:29:12
=result        ok
=elapsed       0.004476s
=case          ejabberd_SUITE:auth_external_invalid_cert
=logfile       ejabberd_suite.auth_external_invalid_cert.html
=started       2024-12-18 20:29:12
=ended         2024-12-18 20:29:12
=result        ok
=elapsed       0.005108s
=case          ejabberd_SUITE:init_per_group
=logfile       ejabberd_suite.init_per_group.2498.html
=group_props   [{name,commands_single},sequence]
=started       2024-12-18 20:29:12
=ended         2024-12-18 20:29:13
=result        ok
=elapsed       0.000003s
=case          ejabberd_SUITE:commands_setup
=logfile       ejabberd_suite.commands_setup.html
=started       2024-12-18 20:29:13
=ended         2024-12-18 20:29:13
=result        ok
=elapsed       0.708906s
=case          ejabberd_SUITE:commands_ejabberdctl
=logfile       ejabberd_suite.commands_ejabberdctl.html
=started       2024-12-18 20:29:13
=ended         2024-12-18 20:29:13
=result        ok
=elapsed       0.007083s
=case          ejabberd_SUITE:commands_http_integer
=logfile       ejabberd_suite.commands_http_integer.html
=started       2024-12-18 20:29:13
=ended         2024-12-18 20:29:13
=result        ok
=elapsed       0.007212s
=case          ejabberd_SUITE:commands_http_string
=logfile       ejabberd_suite.commands_http_string.html
=started       2024-12-18 20:29:13
=ended         2024-12-18 20:29:13
=result        ok
=elapsed       0.001281s
=case          ejabberd_SUITE:commands_http_binary
=logfile       ejabberd_suite.commands_http_binary.html
=started       2024-12-18 20:29:13
=ended         2024-12-18 20:29:13
=result        ok
=elapsed       0.000707s
=case          ejabberd_SUITE:commands_http_atom
=logfile       ejabberd_suite.commands_http_atom.html
=started       2024-12-18 20:29:13
=ended         2024-12-18 20:29:13
=result        ok
=elapsed       0.001221s
=case          ejabberd_SUITE:commands_http_rescode
=logfile       ejabberd_suite.commands_http_rescode.html
=started       2024-12-18 20:29:13
=ended         2024-12-18 20:29:13
=result        ok
=elapsed       0.002418s
=case          ejabberd_SUITE:commands_http_restuple
=logfile       ejabberd_suite.commands_http_restuple.html
=started       2024-12-18 20:29:13
=ended         2024-12-18 20:29:14
=result        ok
=elapsed       0.045809s
=case          ejabberd_SUITE:commands_http_list
=logfile       ejabberd_suite.commands_http_list.html
=started       2024-12-18 20:29:14
=ended         2024-12-18 20:29:14
=result        ok
=elapsed       0.001332s
=case          ejabberd_SUITE:commands_http_tuple
=logfile       ejabberd_suite.commands_http_tuple.html
=started       2024-12-18 20:29:14
=ended         2024-12-18 20:29:14
=result        ok
=elapsed       0.001341s
=case          ejabberd_SUITE:commands_http_list_tuple
=logfile       ejabberd_suite.commands_http_list_tuple.html
=started       2024-12-18 20:29:14
=ended         2024-12-18 20:29:14
=result        ok
=elapsed       0.001274s
=case          ejabberd_SUITE:commands_http_list_tuple_map
=logfile       ejabberd_suite.commands_http_list_tuple_map.html
=started       2024-12-18 20:29:14
=ended         2024-12-18 20:29:14
=result        ok
=elapsed       0.000660s
=case          ejabberd_SUITE:end_per_group
=logfile       ejabberd_suite.end_per_group.2818.html
=group_props   [{name,commands_single},sequence]
=started       2024-12-18 20:29:14
=ended         2024-12-18 20:29:14
=result        ok
=elapsed       0.000002s
=group_time    1.151s
=case          ejabberd_SUITE:init_per_group
=logfile       ejabberd_suite.init_per_group.2850.html
=group_props   [{name,jidprep_single},sequence]
=started       2024-12-18 20:29:14
=ended         2024-12-18 20:29:14
=result        ok
=elapsed       0.000003s
=case          ejabberd_SUITE:jidprep_feature_enabled
=logfile       ejabberd_suite.jidprep_feature_enabled.html
=started       2024-12-18 20:29:14
=ended         2024-12-18 20:29:14
=result        ok
=elapsed       0.102173s
=case          ejabberd_SUITE:jidprep_normalize_jid
=logfile       ejabberd_suite.jidprep_normalize_jid.html
=started       2024-12-18 20:29:14
=ended         2024-12-18 20:29:14
=result        ok
=elapsed       0.105382s
=case          ejabberd_SUITE:end_per_group
=logfile       ejabberd_suite.end_per_group.3331.html
=group_props   [{name,jidprep_single},sequence]
=started       2024-12-18 20:29:14
=ended         2024-12-18 20:29:14
=result        ok
=elapsed       0.000004s
=group_time    0.290s
=case          ejabberd_SUITE:init_per_group
=logfile       ejabberd_suite.init_per_group.3363.html
=group_props   [{name,sm_single},sequence]
=started       2024-12-18 20:29:14
=ended         2024-12-18 20:29:14
=result        ok
=elapsed       0.000004s
=case          ejabberd_SUITE:sm_feature_enabled
=logfile       ejabberd_suite.sm_feature_enabled.html
=started       2024-12-18 20:29:14
=ended         2024-12-18 20:29:14
=result        ok
=elapsed       0.101168s
=case          ejabberd_SUITE:sm_enable
=logfile       ejabberd_suite.sm_enable.html
=started       2024-12-18 20:29:14
=ended         2024-12-18 20:29:14
=result        ok
=elapsed       0.043228s
=case          ejabberd_SUITE:sm_resume
=logfile       ejabberd_suite.sm_resume.html
=started       2024-12-18 20:29:14
=ended         2024-12-18 20:29:14
=result        ok
=elapsed       0.054850s
=case          ejabberd_SUITE:sm_resume_failed
=logfile       ejabberd_suite.sm_resume_failed.html
=started       2024-12-18 20:29:14
=ended         2024-12-18 20:29:19
=result        ok
=elapsed       5.002166s
=case          ejabberd_SUITE:end_per_group
=logfile       ejabberd_suite.end_per_group.3427.html
=group_props   [{name,sm_single},sequence]
=started       2024-12-18 20:29:19
=ended         2024-12-18 20:29:19
=result        ok
=elapsed       0.000002s
=group_time    5.350s
=case          ejabberd_SUITE:init_per_group
=logfile       ejabberd_suite.init_per_group.3459.html
=group_props   [{name,sm_master_slave},sequence]
=started       2024-12-18 20:29:19
=ended         2024-12-18 20:29:19
=result        ok
=elapsed       0.000004s
=case          ejabberd_SUITE:init_per_group
=logfile       ejabberd_suite.init_per_group.3491.html
=group_props   [{name,sm_queue_limit},parallel]
=started       2024-12-18 20:29:19
=ended         2024-12-18 20:29:19
=result        ok
=elapsed       0.000002s
=case          ejabberd_SUITE:sm_queue_limit_master
=logfile       ejabberd_suite.sm_queue_limit_master.3523.html
=started       2024-12-18 20:29:19
=ended         2024-12-18 20:29:20
=result        ok
=elapsed       0.249154s
=case          ejabberd_SUITE:sm_queue_limit_slave
=logfile       ejabberd_suite.sm_queue_limit_slave.3555.html
=started       2024-12-18 20:29:19
=ended         2024-12-18 20:29:20
=result        ok
=elapsed       0.145203s
=case          ejabberd_SUITE:end_per_group
=logfile       ejabberd_suite.end_per_group.3651.html
=group_props   [{name,sm_queue_limit},parallel]
=started       2024-12-18 20:29:20
=ended         2024-12-18 20:29:20
=result        ok
=elapsed       0.000002s
=group_time    0.306s
=case          ejabberd_SUITE:init_per_group
=logfile       ejabberd_suite.init_per_group.3683.html
=group_props   [{name,sm_queue_limit_detached},parallel]
=started       2024-12-18 20:29:20
=ended         2024-12-18 20:29:20
=result        ok
=elapsed       0.000003s
=case          ejabberd_SUITE:sm_queue_limit_detached_master
=logfile       ejabberd_suite.sm_queue_limit_detached_master.3715.html
=started       2024-12-18 20:29:20
=ended         2024-12-18 20:29:20
=result        ok
=elapsed       0.149820s
=case          ejabberd_SUITE:sm_queue_limit_detached_slave
=logfile       ejabberd_suite.sm_queue_limit_detached_slave.3747.html
=started       2024-12-18 20:29:20
=ended         2024-12-18 20:29:20
=result        ok
=elapsed       0.000984s
=case          ejabberd_SUITE:end_per_group
=logfile       ejabberd_suite.end_per_group.3266.html
=group_props   [{name,sm_queue_limit_detached},parallel]
=started       2024-12-18 20:29:20
=ended         2024-12-18 20:29:20
=result        ok
=elapsed       0.000002s
=group_time    0.208s
=case          ejabberd_SUITE:end_per_group
=logfile       ejabberd_suite.end_per_group.3298.html
=group_props   [{name,sm_master_slave},sequence]
=started       2024-12-18 20:29:20
=ended         2024-12-18 20:29:20
=result        ok
=elapsed       0.000008s
=group_time    0.589s
=case          ejabberd_SUITE:init_per_group
=logfile       ejabberd_suite.init_per_group.3330.html
=group_props   [{name,muc_single},sequence]
=started       2024-12-18 20:29:20
=ended         2024-12-18 20:29:20
=result        ok
=elapsed       0.000004s
=case          ejabberd_SUITE:muc_service_presence_error
=logfile       ejabberd_suite.muc_service_presence_error.html
=started       2024-12-18 20:29:20
=ended         2024-12-18 20:29:20
=result        ok
=elapsed       0.189967s
=case          ejabberd_SUITE:muc_service_message_error
=logfile       ejabberd_suite.muc_service_message_error.html
=started       2024-12-18 20:29:20
=ended         2024-12-18 20:29:20
=result        ok
=elapsed       0.203220s
=case          ejabberd_SUITE:muc_service_unknown_ns_iq_error
=logfile       ejabberd_suite.muc_service_unknown_ns_iq_error.html
=started       2024-12-18 20:29:20
=ended         2024-12-18 20:29:21
=result        ok
=elapsed       0.189570s
=case          ejabberd_SUITE:muc_service_iq_set_error
=logfile       ejabberd_suite.muc_service_iq_set_error.html
=started       2024-12-18 20:29:21
=ended         2024-12-18 20:29:21
=result        ok
=elapsed       0.329511s
=case          ejabberd_SUITE:muc_service_improper_iq_error
=logfile       ejabberd_suite.muc_service_improper_iq_error.html
=started       2024-12-18 20:29:21
=ended         2024-12-18 20:29:21
=result        ok
=elapsed       0.275074s
=case          ejabberd_SUITE:muc_service_features
=logfile       ejabberd_suite.muc_service_features.html
=started       2024-12-18 20:29:21
=ended         2024-12-18 20:29:21
=result        ok
=elapsed       0.101384s
=case          ejabberd_SUITE:muc_service_disco_info_node_error
=logfile       ejabberd_suite.muc_service_disco_info_node_error.html
=started       2024-12-18 20:29:21
=ended         2024-12-18 20:29:22
=result        ok
=elapsed       0.101390s
=case          ejabberd_SUITE:muc_service_disco_items
=logfile       ejabberd_suite.muc_service_disco_items.html
=started       2024-12-18 20:29:22
=ended         2024-12-18 20:29:22
=result        ok
=elapsed       0.120542s
=case          ejabberd_SUITE:muc_service_unique
=logfile       ejabberd_suite.muc_service_unique.html
=started       2024-12-18 20:29:22
=ended         2024-12-18 20:29:22
=result        ok
=elapsed       0.101942s
=case          ejabberd_SUITE:muc_service_vcard
=logfile       ejabberd_suite.muc_service_vcard.html
=started       2024-12-18 20:29:22
=ended         2024-12-18 20:29:22
=result        ok
=elapsed       0.102405s
=case          ejabberd_SUITE:muc_configure_non_existent
=logfile       ejabberd_suite.muc_configure_non_existent.html
=started       2024-12-18 20:29:22
=ended         2024-12-18 20:29:22
=result        ok
=elapsed       0.111353s
=case          ejabberd_SUITE:muc_cancel_configure_non_existent
=logfile       ejabberd_suite.muc_cancel_configure_non_existent.html
=started       2024-12-18 20:29:22
=ended         2024-12-18 20:29:22
=result        ok
=elapsed       0.102047s
=case          ejabberd_SUITE:muc_service_subscriptions
=logfile       ejabberd_suite.muc_service_subscriptions.html
=started       2024-12-18 20:29:22
=ended         2024-12-18 20:29:22
=result        ok
=elapsed       0.122604s
=case          ejabberd_SUITE:muc_set_room_affiliation
=logfile       ejabberd_suite.muc_set_room_affiliation.html
=started       2024-12-18 20:29:22
=ended         2024-12-18 20:29:23
=result        ok
=elapsed       0.104801s
=case          ejabberd_SUITE:end_per_group
=logfile       ejabberd_suite.end_per_group.3746.html
=group_props   [{name,muc_single},sequence]
=started       2024-12-18 20:29:23
=ended         2024-12-18 20:29:23
=result        ok
=elapsed       0.000008s
=group_time    2.599s
=case          ejabberd_SUITE:init_per_group
=logfile       ejabberd_suite.init_per_group.3778.html
=group_props   [{name,muc_master_slave},sequence]
=started       2024-12-18 20:29:23
=ended         2024-12-18 20:29:23
=result        ok
=elapsed       0.000003s
=case          ejabberd_SUITE:init_per_group
=logfile       ejabberd_suite.init_per_group.2949.html
=group_props   [{name,muc_register},parallel]
=started       2024-12-18 20:29:23
=ended         2024-12-18 20:29:23
=result        ok
=elapsed       0.000002s
=case          ejabberd_SUITE:muc_register_master
=logfile       ejabberd_suite.muc_register_master.2981.html
=started       2024-12-18 20:29:23
=ended         2024-12-18 20:29:23
=result        ok
=elapsed       0.114928s
=case          ejabberd_SUITE:muc_register_slave
=logfile       ejabberd_suite.muc_register_slave.3013.html
=started       2024-12-18 20:29:23
=ended         2024-12-18 20:29:23
=result        ok
=elapsed       0.112109s
=case          ejabberd_SUITE:end_per_group
=logfile       ejabberd_suite.end_per_group.3077.html
=group_props   [{name,muc_register},parallel]
=started       2024-12-18 20:29:23
=ended         2024-12-18 20:29:23
=result        ok
=elapsed       0.000002s
=group_time    0.172s
=case          ejabberd_SUITE:init_per_group
=logfile       ejabberd_suite.init_per_group.4227.html
=group_props   [{name,muc_groupchat_msg},parallel]
=started       2024-12-18 20:29:23
=ended         2024-12-18 20:29:23
=result        ok
=elapsed       0.000003s
=case          ejabberd_SUITE:muc_groupchat_msg_master
=logfile       ejabberd_suite.muc_groupchat_msg_master.4259.html
=started       2024-12-18 20:29:23
=ended         2024-12-18 20:29:23
=result        ok
=elapsed       0.117196s
=case          ejabberd_SUITE:muc_groupchat_msg_slave
=logfile       ejabberd_suite.muc_groupchat_msg_slave.4291.html
=started       2024-12-18 20:29:23
=ended         2024-12-18 20:29:23
=result        ok
=elapsed       0.114915s
=case          ejabberd_SUITE:end_per_group
=logfile       ejabberd_suite.end_per_group.4419.html
=group_props   [{name,muc_groupchat_msg},parallel]
=started       2024-12-18 20:29:23
=ended         2024-12-18 20:29:23
=result        ok
=elapsed       0.000002s
=group_time    0.173s
=case          ejabberd_SUITE:init_per_group
=logfile       ejabberd_suite.init_per_group.4451.html
=group_props   [{name,muc_private_msg},parallel]
=started       2024-12-18 20:29:23
=ended         2024-12-18 20:29:23
=result        ok
=elapsed       0.000002s
=case          ejabberd_SUITE:muc_private_msg_master
=logfile       ejabberd_suite.muc_private_msg_master.4483.html
=started       2024-12-18 20:29:23
=ended         2024-12-18 20:29:23
=result        ok
=elapsed       0.148680s
=case          ejabberd_SUITE:muc_private_msg_slave
=logfile       ejabberd_suite.muc_private_msg_slave.2756.html
=started       2024-12-18 20:29:23
=ended         2024-12-18 20:29:23
=result        ok
=elapsed       0.146639s
=case          ejabberd_SUITE:end_per_group
=logfile       ejabberd_suite.end_per_group.4547.html
=group_props   [{name,muc_private_msg},parallel]
=started       2024-12-18 20:29:23
=ended         2024-12-18 20:29:23
=result        ok
=elapsed       0.000002s
=group_time    0.206s
=case          ejabberd_SUITE:init_per_group
=logfile       ejabberd_suite.init_per_group.2852.html
=group_props   [{name,muc_set_subject},parallel]
=started       2024-12-18 20:29:23
=ended         2024-12-18 20:29:23
=result        ok
=elapsed       0.000002s
=case          ejabberd_SUITE:muc_set_subject_master
=logfile       ejabberd_suite.muc_set_subject_master.2884.html
=started       2024-12-18 20:29:23
=ended         2024-12-18 20:29:23
=result        ok
=elapsed       0.111741s
=case          ejabberd_SUITE:muc_set_subject_slave
=logfile       ejabberd_suite.muc_set_subject_slave.4579.html
=started       2024-12-18 20:29:23
=ended         2024-12-18 20:29:23
=result        ok
=elapsed       0.108874s
=case          ejabberd_SUITE:end_per_group
=logfile       ejabberd_suite.end_per_group.3874.html
=group_props   [{name,muc_set_subject},parallel]
=started       2024-12-18 20:29:23
=ended         2024-12-18 20:29:23
=result        ok
=elapsed       0.000002s
=group_time    0.169s
=case          ejabberd_SUITE:init_per_group
=logfile       ejabberd_suite.init_per_group.3906.html
=group_props   [{name,muc_history},parallel]
=started       2024-12-18 20:29:23
=ended         2024-12-18 20:29:23
=result        ok
=elapsed       0.000002s
=case          ejabberd_SUITE:muc_history_master
=logfile       ejabberd_suite.muc_history_master.3938.html
=started       2024-12-18 20:29:23
=ended         2024-12-18 20:29:24
=result        ok
=elapsed       0.136983s
=case          ejabberd_SUITE:muc_history_slave
=logfile       ejabberd_suite.muc_history_slave.3970.html
=started       2024-12-18 20:29:23
=ended         2024-12-18 20:29:24
=result        ok
=elapsed       0.136729s
=case          ejabberd_SUITE:end_per_group
=logfile       ejabberd_suite.end_per_group.4066.html
=group_props   [{name,muc_history},parallel]
=started       2024-12-18 20:29:24
=ended         2024-12-18 20:29:24
=result        ok
=elapsed       0.000002s
=group_time    0.195s
=case          ejabberd_SUITE:init_per_group
=logfile       ejabberd_suite.init_per_group.4098.html
=group_props   [{name,muc_invite},parallel]
=started       2024-12-18 20:29:24
=ended         2024-12-18 20:29:24
=result        ok
=elapsed       0.000003s
=case          ejabberd_SUITE:muc_invite_master
=logfile       ejabberd_suite.muc_invite_master.4130.html
=started       2024-12-18 20:29:24
=ended         2024-12-18 20:29:24
=result        ok
=elapsed       0.106228s
=case          ejabberd_SUITE:muc_invite_slave
=logfile       ejabberd_suite.muc_invite_slave.3044.html
=started       2024-12-18 20:29:24
=ended         2024-12-18 20:29:24
=result        ok
=elapsed       0.146287s
=case          ejabberd_SUITE:end_per_group
=logfile       ejabberd_suite.end_per_group.3076.html
=group_props   [{name,muc_invite},parallel]
=started       2024-12-18 20:29:24
=ended         2024-12-18 20:29:24
=result        ok
=elapsed       0.000008s
=group_time    0.204s
=case          ejabberd_SUITE:init_per_group
=logfile       ejabberd_suite.init_per_group.3108.html
=group_props   [{name,muc_invite_members_only},parallel]
=started       2024-12-18 20:29:24
=ended         2024-12-18 20:29:24
=result        ok
=elapsed       0.000003s
=case          ejabberd_SUITE:muc_invite_members_only_master
=logfile       ejabberd_suite.muc_invite_members_only_master.4867.html
=started       2024-12-18 20:29:24
=ended         2024-12-18 20:29:24
=result        ok
=elapsed       0.106918s
=case          ejabberd_SUITE:muc_invite_members_only_slave
=logfile       ejabberd_suite.muc_invite_members_only_slave.3141.html
=started       2024-12-18 20:29:24
=ended         2024-12-18 20:29:24
=result        ok
=elapsed       0.106895s
=case          ejabberd_SUITE:end_per_group
=logfile       ejabberd_suite.end_per_group.3140.html
=group_props   [{name,muc_invite_members_only},parallel]
=started       2024-12-18 20:29:24
=ended         2024-12-18 20:29:24
=result        ok
=elapsed       0.000009s
=group_time    0.168s
=case          ejabberd_SUITE:init_per_group
=logfile       ejabberd_suite.init_per_group.3205.html
=group_props   [{name,muc_invite_password_protected},parallel]
=started       2024-12-18 20:29:24
=ended         2024-12-18 20:29:24
=result        ok
=elapsed       0.000003s
=case          ejabberd_SUITE:muc_invite_password_protected_master
=logfile       ejabberd_suite.muc_invite_password_protected_master.5027.html
=started       2024-12-18 20:29:24
=ended         2024-12-18 20:29:24
=result        ok
=elapsed       0.147052s
=case          ejabberd_SUITE:muc_invite_password_protected_slave
=logfile       ejabberd_suite.muc_invite_password_protected_slave.5059.html
=started       2024-12-18 20:29:24
=ended         2024-12-18 20:29:24
=result        ok
=elapsed       0.104222s
=case          ejabberd_SUITE:end_per_group
=logfile       ejabberd_suite.end_per_group.5155.html
=group_props   [{name,muc_invite_password_protected},parallel]
=started       2024-12-18 20:29:24
=ended         2024-12-18 20:29:24
=result        ok
=elapsed       0.000002s
=group_time    0.205s
=case          ejabberd_SUITE:init_per_group
=logfile       ejabberd_suite.init_per_group.5187.html
=group_props   [{name,muc_voice_request},parallel]
=started       2024-12-18 20:29:24
=ended         2024-12-18 20:29:24
=result        ok
=elapsed       0.000003s
=case          ejabberd_SUITE:muc_voice_request_master
=logfile       ejabberd_suite.muc_voice_request_master.5219.html
=started       2024-12-18 20:29:24
=ended         2024-12-18 20:29:24
=result        ok
=elapsed       0.112841s
=case          ejabberd_SUITE:muc_voice_request_slave
=logfile       ejabberd_suite.muc_voice_request_slave.3269.html
=started       2024-12-18 20:29:24
=ended         2024-12-18 20:29:24
=result        ok
=elapsed       0.112789s
=case          ejabberd_SUITE:end_per_group
=logfile       ejabberd_suite.end_per_group.3365.html
=group_props   [{name,muc_voice_request},parallel]
=started       2024-12-18 20:29:24
=ended         2024-12-18 20:29:25
=result        ok
=elapsed       0.000002s
=group_time    0.173s
=case          ejabberd_SUITE:init_per_group
=logfile       ejabberd_suite.init_per_group.3397.html
=group_props   [{name,muc_change_role},parallel]
=started       2024-12-18 20:29:25
=ended         2024-12-18 20:29:25
=result        ok
=elapsed       0.000003s
=case          ejabberd_SUITE:muc_change_role_master
=logfile       ejabberd_suite.muc_change_role_master.3300.html
=started       2024-12-18 20:29:25
=ended         2024-12-18 20:29:25
=result        ok
=elapsed       0.110559s
=case          ejabberd_SUITE:muc_change_role_slave
=logfile       ejabberd_suite.muc_change_role_slave.3332.html
=started       2024-12-18 20:29:25
=ended         2024-12-18 20:29:25
=result        ok
=elapsed       0.109653s
=case          ejabberd_SUITE:end_per_group
=logfile       ejabberd_suite.end_per_group.3428.html
=group_props   [{name,muc_change_role},parallel]
=started       2024-12-18 20:29:25
=ended         2024-12-18 20:29:25
=result        ok
=elapsed       0.000002s
=group_time    0.170s
=case          ejabberd_SUITE:init_per_group
=logfile       ejabberd_suite.init_per_group.3460.html
=group_props   [{name,muc_kick},parallel]
=started       2024-12-18 20:29:25
=ended         2024-12-18 20:29:25
=result        ok
=elapsed       0.000002s
=case          ejabberd_SUITE:muc_kick_master
=logfile       ejabberd_suite.muc_kick_master.4194.html
=started       2024-12-18 20:29:25
=ended         2024-12-18 20:29:25
=result        ok
=elapsed       0.107460s
=case          ejabberd_SUITE:muc_kick_slave
=logfile       ejabberd_suite.muc_kick_slave.4226.html
=started       2024-12-18 20:29:25
=ended         2024-12-18 20:29:25
=result        ok
=elapsed       0.106257s
=case          ejabberd_SUITE:end_per_group
=logfile       ejabberd_suite.end_per_group.4258.html
=group_props   [{name,muc_kick},parallel]
=started       2024-12-18 20:29:25
=ended         2024-12-18 20:29:25
=result        ok
=elapsed       0.000001s
=group_time    0.165s
=case          ejabberd_SUITE:init_per_group
=logfile       ejabberd_suite.init_per_group.3525.html
=group_props   [{name,muc_change_affiliation},parallel]
=started       2024-12-18 20:29:25
=ended         2024-12-18 20:29:25
=result        ok
=elapsed       0.000002s
=case          ejabberd_SUITE:muc_change_affiliation_master
=logfile       ejabberd_suite.muc_change_affiliation_master.3557.html
=started       2024-12-18 20:29:25
=ended         2024-12-18 20:29:25
=result        ok
=elapsed       0.115453s
=case          ejabberd_SUITE:muc_change_affiliation_slave
=logfile       ejabberd_suite.muc_change_affiliation_slave.3589.html
=started       2024-12-18 20:29:25
=ended         2024-12-18 20:29:25
=result        ok
=elapsed       0.114476s
=case          ejabberd_SUITE:end_per_group
=logfile       ejabberd_suite.end_per_group.3621.html
=group_props   [{name,muc_change_affiliation},parallel]
=started       2024-12-18 20:29:25
=ended         2024-12-18 20:29:25
=result        ok
=elapsed       0.000003s
=group_time    0.172s
=case          ejabberd_SUITE:init_per_group
=logfile       ejabberd_suite.init_per_group.3653.html
=group_props   [{name,muc_destroy},parallel]
=started       2024-12-18 20:29:25
=ended         2024-12-18 20:29:25
=result        ok
=elapsed       0.000003s
=case          ejabberd_SUITE:muc_destroy_master
=logfile       ejabberd_suite.muc_destroy_master.3684.html
=started       2024-12-18 20:29:25
=ended         2024-12-18 20:29:25
=result        ok
=elapsed       0.107210s
=case          ejabberd_SUITE:muc_destroy_slave
=logfile       ejabberd_suite.muc_destroy_slave.5411.html
=started       2024-12-18 20:29:25
=ended         2024-12-18 20:29:25
=result        ok
=elapsed       0.107366s
=case          ejabberd_SUITE:end_per_group
=logfile       ejabberd_suite.end_per_group.5507.html
=group_props   [{name,muc_destroy},parallel]
=started       2024-12-18 20:29:25
=ended         2024-12-18 20:29:25
=result        ok
=elapsed       0.000003s
=group_time    0.167s
=case          ejabberd_SUITE:init_per_group
=logfile       ejabberd_suite.init_per_group.5539.html
=group_props   [{name,muc_vcard},parallel]
=started       2024-12-18 20:29:25
=ended         2024-12-18 20:29:25
=result        ok
=elapsed       0.000002s
=case          ejabberd_SUITE:muc_vcard_master
=logfile       ejabberd_suite.muc_vcard_master.3781.html
=started       2024-12-18 20:29:25
=ended         2024-12-18 20:29:25
=result        ok
=elapsed       0.117845s
=case          ejabberd_SUITE:muc_vcard_slave
=logfile       ejabberd_suite.muc_vcard_slave.3813.html
=started       2024-12-18 20:29:25
=ended         2024-12-18 20:29:25
=result        ok
=elapsed       0.115906s
=case          ejabberd_SUITE:end_per_group
=logfile       ejabberd_suite.end_per_group.4290.html
=group_props   [{name,muc_vcard},parallel]
=started       2024-12-18 20:29:25
=ended         2024-12-18 20:29:25
=result        ok
=elapsed       0.000003s
=group_time    0.175s
=case          ejabberd_SUITE:init_per_group
=logfile       ejabberd_suite.init_per_group.4322.html
=group_props   [{name,muc_nick_change},parallel]
=started       2024-12-18 20:29:25
=ended         2024-12-18 20:29:26
=result        ok
=elapsed       0.000003s
=case          ejabberd_SUITE:muc_nick_change_master
=logfile       ejabberd_suite.muc_nick_change_master.4354.html
=started       2024-12-18 20:29:26
=ended         2024-12-18 20:29:26
=result        ok
=elapsed       0.107418s
=case          ejabberd_SUITE:muc_nick_change_slave
=logfile       ejabberd_suite.muc_nick_change_slave.4386.html
=started       2024-12-18 20:29:26
=ended         2024-12-18 20:29:26
=result        ok
=elapsed       0.105167s
=case          ejabberd_SUITE:end_per_group
=logfile       ejabberd_suite.end_per_group.4514.html
=group_props   [{name,muc_nick_change},parallel]
=started       2024-12-18 20:29:26
=ended         2024-12-18 20:29:26
=result        ok
=elapsed       0.000002s
=group_time    0.166s
=case          ejabberd_SUITE:init_per_group
=logfile       ejabberd_suite.init_per_group.4546.html
=group_props   [{name,muc_config_title_desc},parallel]
=started       2024-12-18 20:29:26
=ended         2024-12-18 20:29:26
=result        ok
=elapsed       0.000003s
=case          ejabberd_SUITE:muc_config_title_desc_master
=logfile       ejabberd_suite.muc_config_title_desc_master.4578.html
=started       2024-12-18 20:29:26
=ended         2024-12-18 20:29:26
=result        ok
=elapsed       0.107861s
=case          ejabberd_SUITE:muc_config_title_desc_slave
=logfile       ejabberd_suite.muc_config_title_desc_slave.4610.html
=started       2024-12-18 20:29:26
=ended         2024-12-18 20:29:26
=result        ok
=elapsed       0.105594s
=case          ejabberd_SUITE:end_per_group
=logfile       ejabberd_suite.end_per_group.4770.html
=group_props   [{name,muc_config_title_desc},parallel]
=started       2024-12-18 20:29:26
=ended         2024-12-18 20:29:26
=result        ok
=elapsed       0.000002s
=group_time    0.165s
=case          ejabberd_SUITE:init_per_group
=logfile       ejabberd_suite.init_per_group.3780.html
=group_props   [{name,muc_config_public_list},parallel]
=started       2024-12-18 20:29:26
=ended         2024-12-18 20:29:26
=result        ok
=elapsed       0.000002s
=case          ejabberd_SUITE:muc_config_public_list_master
=logfile       ejabberd_suite.muc_config_public_list_master.4802.html
=started       2024-12-18 20:29:26
=ended         2024-12-18 20:29:26
=result        ok
=elapsed       0.109640s
=case          ejabberd_SUITE:muc_config_public_list_slave
=logfile       ejabberd_suite.muc_config_public_list_slave.4834.html
=started       2024-12-18 20:29:26
=ended         2024-12-18 20:29:26
=result        ok
=elapsed       0.107261s
=case          ejabberd_SUITE:end_per_group
=logfile       ejabberd_suite.end_per_group.4930.html
=group_props   [{name,muc_config_public_list},parallel]
=started       2024-12-18 20:29:26
=ended         2024-12-18 20:29:26
=result        ok
=elapsed       0.000002s
=group_time    0.166s
=case          ejabberd_SUITE:init_per_group
=logfile       ejabberd_suite.init_per_group.4962.html
=group_props   [{name,muc_config_password},parallel]
=started       2024-12-18 20:29:26
=ended         2024-12-18 20:29:26
=result        ok
=elapsed       0.000002s
=case          ejabberd_SUITE:muc_config_password_master
=logfile       ejabberd_suite.muc_config_password_master.4994.html
=started       2024-12-18 20:29:26
=ended         2024-12-18 20:29:26
=result        ok
=elapsed       0.111273s
=case          ejabberd_SUITE:muc_config_password_slave
=logfile       ejabberd_suite.muc_config_password_slave.5731.html
=started       2024-12-18 20:29:26
=ended         2024-12-18 20:29:26
=result        ok
=elapsed       0.109126s
=case          ejabberd_SUITE:end_per_group
=logfile       ejabberd_suite.end_per_group.5827.html
=group_props   [{name,muc_config_password},parallel]
=started       2024-12-18 20:29:26
=ended         2024-12-18 20:29:26
=result        ok
=elapsed       0.000002s
=group_time    0.168s
=case          ejabberd_SUITE:init_per_group
=logfile       ejabberd_suite.init_per_group.3972.html
=group_props   [{name,muc_config_whois},parallel]
=started       2024-12-18 20:29:26
=ended         2024-12-18 20:29:26
=result        ok
=elapsed       0.000002s
=case          ejabberd_SUITE:muc_config_whois_master
=logfile       ejabberd_suite.muc_config_whois_master.4004.html
=started       2024-12-18 20:29:26
=ended         2024-12-18 20:29:26
=result        ok
=elapsed       0.111325s
=case          ejabberd_SUITE:muc_config_whois_slave
=logfile       ejabberd_suite.muc_config_whois_slave.4036.html
=started       2024-12-18 20:29:26
=ended         2024-12-18 20:29:26
=result        ok
=elapsed       0.109513s
=case          ejabberd_SUITE:end_per_group
=logfile       ejabberd_suite.end_per_group.4132.html
=group_props   [{name,muc_config_whois},parallel]
=started       2024-12-18 20:29:26
=ended         2024-12-18 20:29:26
=result        ok
=elapsed       0.000002s
=group_time    0.169s
=case          ejabberd_SUITE:init_per_group
=logfile       ejabberd_suite.init_per_group.5058.html
=group_props   [{name,muc_config_members_only},parallel]
=started       2024-12-18 20:29:26
=ended         2024-12-18 20:29:26
=result        ok
=elapsed       0.000002s
=case          ejabberd_SUITE:muc_config_members_only_master
=logfile       ejabberd_suite.muc_config_members_only_master.5090.html
=started       2024-12-18 20:29:26
=ended         2024-12-18 20:29:27
=result        ok
=elapsed       0.111663s
=case          ejabberd_SUITE:muc_config_members_only_slave
=logfile       ejabberd_suite.muc_config_members_only_slave.5122.html
=started       2024-12-18 20:29:26
=ended         2024-12-18 20:29:27
=result        ok
=elapsed       0.110033s
=case          ejabberd_SUITE:end_per_group
=logfile       ejabberd_suite.end_per_group.5250.html
=group_props   [{name,muc_config_members_only},parallel]
=started       2024-12-18 20:29:27
=ended         2024-12-18 20:29:27
=result        ok
=elapsed       0.000002s
=group_time    0.169s
=case          ejabberd_SUITE:init_per_group
=logfile       ejabberd_suite.init_per_group.5282.html
=group_props   [{name,muc_config_moderated},parallel]
=started       2024-12-18 20:29:27
=ended         2024-12-18 20:29:27
=result        ok
=elapsed       0.000003s
=case          ejabberd_SUITE:muc_config_moderated_master
=logfile       ejabberd_suite.muc_config_moderated_master.5314.html
=started       2024-12-18 20:29:27
=ended         2024-12-18 20:29:27
=result        ok
=elapsed       0.112978s
=case          ejabberd_SUITE:muc_config_moderated_slave
=logfile       ejabberd_suite.muc_config_moderated_slave.5346.html
=started       2024-12-18 20:29:27
=ended         2024-12-18 20:29:27
=result        ok
=elapsed       0.113196s
=case          ejabberd_SUITE:end_per_group
=logfile       ejabberd_suite.end_per_group.5474.html
=group_props   [{name,muc_config_moderated},parallel]
=started       2024-12-18 20:29:27
=ended         2024-12-18 20:29:27
=result        ok
=elapsed       0.000002s
=group_time    0.174s
=case          ejabberd_SUITE:init_per_group
=logfile       ejabberd_suite.init_per_group.5506.html
=group_props   [{name,muc_config_private_messages},parallel]
=started       2024-12-18 20:29:27
=ended         2024-12-18 20:29:27
=result        ok
=elapsed       0.000002s
=case          ejabberd_SUITE:muc_config_private_messages_master
=logfile       ejabberd_suite.muc_config_private_messages_master.5538.html
=started       2024-12-18 20:29:27
=ended         2024-12-18 20:29:27
=result        ok
=elapsed       0.113749s
=case          ejabberd_SUITE:muc_config_private_messages_slave
=logfile       ejabberd_suite.muc_config_private_messages_slave.5570.html
=started       2024-12-18 20:29:27
=ended         2024-12-18 20:29:27
=result        ok
=elapsed       0.111972s
=case          ejabberd_SUITE:end_per_group
=logfile       ejabberd_suite.end_per_group.5666.html
=group_props   [{name,muc_config_private_messages},parallel]
=started       2024-12-18 20:29:27
=ended         2024-12-18 20:29:27
=result        ok
=elapsed       0.000010s
=group_time    0.171s
=case          ejabberd_SUITE:init_per_group
=logfile       ejabberd_suite.init_per_group.5698.html
=group_props   [{name,muc_config_query},parallel]
=started       2024-12-18 20:29:27
=ended         2024-12-18 20:29:27
=result        ok
=elapsed       0.000002s
=case          ejabberd_SUITE:muc_config_query_master
=logfile       ejabberd_suite.muc_config_query_master.5730.html
=started       2024-12-18 20:29:27
=ended         2024-12-18 20:29:27
=result        ok
=elapsed       0.154331s
=case          ejabberd_SUITE:muc_config_query_slave
=logfile       ejabberd_suite.muc_config_query_slave.4228.html
=started       2024-12-18 20:29:27
=ended         2024-12-18 20:29:27
=result        ok
=elapsed       0.152488s
=case          ejabberd_SUITE:end_per_group
=logfile       ejabberd_suite.end_per_group.4260.html
=group_props   [{name,muc_config_query},parallel]
=started       2024-12-18 20:29:27
=ended         2024-12-18 20:29:27
=result        ok
=elapsed       0.000002s
=group_time    0.212s
=case          ejabberd_SUITE:init_per_group
=logfile       ejabberd_suite.init_per_group.4292.html
=group_props   [{name,muc_config_allow_invites},parallel]
=started       2024-12-18 20:29:27
=ended         2024-12-18 20:29:27
=result        ok
=elapsed       0.000002s
=case          ejabberd_SUITE:muc_config_allow_invites_master
=logfile       ejabberd_suite.muc_config_allow_invites_master.4324.html
=started       2024-12-18 20:29:27
=ended         2024-12-18 20:29:27
=result        ok
=elapsed       0.111326s
=case          ejabberd_SUITE:muc_config_allow_invites_slave
=logfile       ejabberd_suite.muc_config_allow_invites_slave.4356.html
=started       2024-12-18 20:29:27
=ended         2024-12-18 20:29:27
=result        ok
=elapsed       0.108155s
=case          ejabberd_SUITE:end_per_group
=logfile       ejabberd_suite.end_per_group.4452.html
=group_props   [{name,muc_config_allow_invites},parallel]
=started       2024-12-18 20:29:27
=ended         2024-12-18 20:29:27
=result        ok
=elapsed       0.000008s
=group_time    0.167s
=case          ejabberd_SUITE:init_per_group
=logfile       ejabberd_suite.init_per_group.4484.html
=group_props   [{name,muc_config_visitor_status},parallel]
=started       2024-12-18 20:29:27
=ended         2024-12-18 20:29:28
=result        ok
=elapsed       0.000003s
=case          ejabberd_SUITE:muc_config_visitor_status_master
=logfile       ejabberd_suite.muc_config_visitor_status_master.4516.html
=started       2024-12-18 20:29:28
=ended         2024-12-18 20:29:28
=result        ok
=elapsed       0.108842s
=case          ejabberd_SUITE:muc_config_visitor_status_slave
=logfile       ejabberd_suite.muc_config_visitor_status_slave.4548.html
=started       2024-12-18 20:29:28
=ended         2024-12-18 20:29:28
=result        ok
=elapsed       0.108321s
=case          ejabberd_SUITE:end_per_group
=logfile       ejabberd_suite.end_per_group.4580.html
=group_props   [{name,muc_config_visitor_status},parallel]
=started       2024-12-18 20:29:28
=ended         2024-12-18 20:29:28
=result        ok
=elapsed       0.000002s
=group_time    0.169s
=case          ejabberd_SUITE:init_per_group
=logfile       ejabberd_suite.init_per_group.6018.html
=group_props   [{name,muc_config_allow_voice_requests},parallel]
=started       2024-12-18 20:29:28
=ended         2024-12-18 20:29:28
=result        ok
=elapsed       0.000002s
=case          ejabberd_SUITE:muc_config_allow_voice_requests_master
=logfile       ejabberd_suite.muc_config_allow_voice_requests_master.6050.html
=started       2024-12-18 20:29:28
=ended         2024-12-18 20:29:28
=result        ok
=elapsed       0.111901s
=case          ejabberd_SUITE:muc_config_allow_voice_requests_slave
=logfile       ejabberd_suite.muc_config_allow_voice_requests_slave.6211.html
=started       2024-12-18 20:29:28
=ended         2024-12-18 20:29:28
=result        ok
=elapsed       0.108985s
=case          ejabberd_SUITE:end_per_group
=logfile       ejabberd_suite.end_per_group.6307.html
=group_props   [{name,muc_config_allow_voice_requests},parallel]
=started       2024-12-18 20:29:28
=ended         2024-12-18 20:29:28
=result        ok
=elapsed       0.000006s
=group_time    0.171s
=case          ejabberd_SUITE:init_per_group
=logfile       ejabberd_suite.init_per_group.4612.html
=group_props   [{name,muc_config_voice_request_interval},parallel]
=started       2024-12-18 20:29:28
=ended         2024-12-18 20:29:28
=result        ok
=elapsed       0.000002s
=case          ejabberd_SUITE:muc_config_voice_request_interval_master
=logfile       ejabberd_suite.muc_config_voice_request_interval_master.6339.html
=started       2024-12-18 20:29:28
=ended         2024-12-18 20:29:33
=result        ok
=elapsed       5.196230s
=case          ejabberd_SUITE:muc_config_voice_request_interval_slave
=logfile       ejabberd_suite.muc_config_voice_request_interval_slave.6371.html
=started       2024-12-18 20:29:28
=ended         2024-12-18 20:29:33
=result        ok
=elapsed       5.194275s
=case          ejabberd_SUITE:end_per_group
=logfile       ejabberd_suite.end_per_group.6403.html
=group_props   [{name,muc_config_voice_request_interval},parallel]
=started       2024-12-18 20:29:33
=ended         2024-12-18 20:29:33
=result        ok
=elapsed       0.000002s
=group_time    5.255s
=case          ejabberd_SUITE:init_per_group
=logfile       ejabberd_suite.init_per_group.6435.html
=group_props   [{name,muc_config_visitor_nickchange},parallel]
=started       2024-12-18 20:29:33
=ended         2024-12-18 20:29:33
=result        ok
=elapsed       0.000004s
=case          ejabberd_SUITE:muc_config_visitor_nickchange_master
=logfile       ejabberd_suite.muc_config_visitor_nickchange_master.6467.html
=started       2024-12-18 20:29:33
=ended         2024-12-18 20:29:33
=result        ok
=elapsed       0.108305s
=case          ejabberd_SUITE:muc_config_visitor_nickchange_slave
=logfile       ejabberd_suite.muc_config_visitor_nickchange_slave.6499.html
=started       2024-12-18 20:29:33
=ended         2024-12-18 20:29:33
=result        ok
=elapsed       0.107821s
=case          ejabberd_SUITE:end_per_group
=logfile       ejabberd_suite.end_per_group.6531.html
=group_props   [{name,muc_config_visitor_nickchange},parallel]
=started       2024-12-18 20:29:33
=ended         2024-12-18 20:29:33
=result        ok
=elapsed       0.000006s
=group_time    0.165s
=case          ejabberd_SUITE:init_per_group
=logfile       ejabberd_suite.init_per_group.6338.html
=group_props   [{name,muc_join_conflict},parallel]
=started       2024-12-18 20:29:33
=ended         2024-12-18 20:29:33
=result        ok
=elapsed       0.000002s
=case          ejabberd_SUITE:muc_join_conflict_master
=logfile       ejabberd_suite.muc_join_conflict_master.6563.html
=started       2024-12-18 20:29:33
=ended         2024-12-18 20:29:34
=result        ok
=elapsed       0.104127s
=case          ejabberd_SUITE:muc_join_conflict_slave
=logfile       ejabberd_suite.muc_join_conflict_slave.6595.html
=started       2024-12-18 20:29:33
=ended         2024-12-18 20:29:34
=result        ok
=elapsed       0.104200s
=case          ejabberd_SUITE:end_per_group
=logfile       ejabberd_suite.end_per_group.4868.html
=group_props   [{name,muc_join_conflict},parallel]
=started       2024-12-18 20:29:34
=ended         2024-12-18 20:29:34
=result        ok
=elapsed       0.000002s
=group_time    0.163s
=case          ejabberd_SUITE:end_per_group
=logfile       ejabberd_suite.end_per_group.4900.html
=group_props   [{name,muc_master_slave},sequence]
=started       2024-12-18 20:29:34
=ended         2024-12-18 20:29:34
=result        ok
=elapsed       0.000007s
=group_time    10.934s
=case          ejabberd_SUITE:init_per_group
=logfile       ejabberd_suite.init_per_group.6659.html
=group_props   [{name,proxy65_single},sequence]
=started       2024-12-18 20:29:34
=ended         2024-12-18 20:29:34
=result        ok
=elapsed       0.000003s
=case          ejabberd_SUITE:proxy65_feature_enabled
=logfile       ejabberd_suite.proxy65_feature_enabled.html
=started       2024-12-18 20:29:34
=ended         2024-12-18 20:29:34
=result        ok
=elapsed       0.101764s
=case          ejabberd_SUITE:proxy65_service_vcard
=logfile       ejabberd_suite.proxy65_service_vcard.html
=started       2024-12-18 20:29:34
=ended         2024-12-18 20:29:34
=result        ok
=elapsed       0.102702s
=case          ejabberd_SUITE:end_per_group
=logfile       ejabberd_suite.end_per_group.6434.html
=group_props   [{name,proxy65_single},sequence]
=started       2024-12-18 20:29:34
=ended         2024-12-18 20:29:34
=result        ok
=elapsed       0.000003s
=group_time    0.290s
=case          ejabberd_SUITE:init_per_group
=logfile       ejabberd_suite.init_per_group.6466.html
=group_props   [{name,proxy65_master_slave},sequence]
=started       2024-12-18 20:29:34
=ended         2024-12-18 20:29:34
=result        ok
=elapsed       0.000003s
=case          ejabberd_SUITE:init_per_group
=logfile       ejabberd_suite.init_per_group.6498.html
=group_props   [{name,proxy65_all},parallel]
=started       2024-12-18 20:29:34
=ended         2024-12-18 20:29:34
=result        ok
=elapsed       0.000002s
=case          ejabberd_SUITE:proxy65_all_master
=logfile       ejabberd_suite.proxy65_all_master.6530.html
=started       2024-12-18 20:29:34
=ended         2024-12-18 20:29:34
=result        ok
=elapsed       0.113051s
=case          ejabberd_SUITE:proxy65_all_slave
=logfile       ejabberd_suite.proxy65_all_slave.6562.html
=started       2024-12-18 20:29:34
=ended         2024-12-18 20:29:34
=result        ok
=elapsed       0.112170s
=case          ejabberd_SUITE:end_per_group
=logfile       ejabberd_suite.end_per_group.6658.html
=group_props   [{name,proxy65_all},parallel]
=started       2024-12-18 20:29:34
=ended         2024-12-18 20:29:34
=result        ok
=elapsed       0.000002s
=group_time    0.172s
=case          ejabberd_SUITE:end_per_group
=logfile       ejabberd_suite.end_per_group.6690.html
=group_props   [{name,proxy65_master_slave},sequence]
=started       2024-12-18 20:29:34
=ended         2024-12-18 20:29:34
=result        ok
=elapsed       0.000010s
=group_time    0.221s
=case          ejabberd_SUITE:init_per_group
=logfile       ejabberd_suite.init_per_group.6722.html
=group_props   [{name,stundisco_single},sequence]
=started       2024-12-18 20:29:34
=ended         2024-12-18 20:29:34
=result        ok
=elapsed       0.000004s
=case          ejabberd_SUITE:stundisco_feature_enabled
=logfile       ejabberd_suite.stundisco_feature_enabled.html
=started       2024-12-18 20:29:34
=ended         2024-12-18 20:29:34
=result        ok
=elapsed       0.101864s
=case          ejabberd_SUITE:stundisco_stun_service
=logfile       ejabberd_suite.stundisco_stun_service.html
=started       2024-12-18 20:29:34
=ended         2024-12-18 20:29:34
=result        ok
=elapsed       0.106050s
=case          ejabberd_SUITE:stundisco_turn_service
=logfile       ejabberd_suite.stundisco_turn_service.html
=started       2024-12-18 20:29:34
=ended         2024-12-18 20:29:35
=result        ok
=elapsed       0.101505s
=case          ejabberd_SUITE:stundisco_turns_service
=logfile       ejabberd_suite.stundisco_turns_service.html
=started       2024-12-18 20:29:35
=ended         2024-12-18 20:29:35
=result        ok
=elapsed       0.102274s
=case          ejabberd_SUITE:stundisco_turn_credentials
=logfile       ejabberd_suite.stundisco_turn_credentials.html
=started       2024-12-18 20:29:35
=ended         2024-12-18 20:29:35
=result        ok
=elapsed       0.102123s
=case          ejabberd_SUITE:stundisco_turns_credentials
=logfile       ejabberd_suite.stundisco_turns_credentials.html
=started       2024-12-18 20:29:35
=ended         2024-12-18 20:29:35
=result        failed: {{badmatch,
                         {iq,<<"15090966480081234103">>,result,<<"en">>,
                          {jid,<<>>,<<"localhost">>,<<>>,<<>>,
                           <<"localhost">>,<<>>},
                          {jid,<<"test_single!#$%^*()`~+-;_=[]{}|\\">>,
                           <<"localhost">>,
                           <<"resource!@#$%^&*()'\"`~<>+-/;:_=[]{}|\\">>,
                           <<"test_single!#$%^*()`~+-;_=[]{}|\\">>,
                           <<"localhost">>,
                           <<"resource!@#$%^&*()'\"`~<>+-/;:_=[]{}|\\">>},
                          [{credentials,
                            [{service,undefined,
                              {1734,596975,0},
                              <<"example.com">>,<<>>,
                              <<"HtY9H8QNI3I5w43mUizq8EonSUA=">>,5349,true,
                              tcp,turns,<<"1734596975:fa0f772133438904">>,
                              undefined}]}],
                          #{}}},
                        [{stundisco_tests,turns_credentials,1,
                          [{file,
                            "/home/runner/work/ejabberd/ejabberd/test/stundisco_tests.erl"},
                           {line,160}]},
                         {test_server,ts_tc,3,
                          [{file,"test_server.erl"},{line,1794}]},
                         {test_server,run_test_case_eval1,6,
                          [{file,"test_server.erl"},{line,1303}]},
                         {test_server,run_test_case_eval,9,
                          [{file,"test_server.erl"},{line,1235}]}]}, [{stundisco_tests,
                                                                       turns_credentials,
                                                                       160},
                                                                      {test_server,
                                                                       ts_tc,
                                                                       1794},
                                                                      {test_server,
                                                                       run_test_case_eval1,
                                                                       1303},
                                                                      {test_server,
                                                                       run_test_case_eval,
                                                                       1235}]
=elapsed       0.000809s
=== *** FAILED test case 146 of 1598 ***
=case          ejabberd_SUITE:end_per_group
=logfile       ejabberd_suite.end_per_group.7010.html
=group_props   [{name,stundisco_single},sequence]
=started       2024-12-18 20:29:35
=ended         2024-12-18 20:29:35
=result        ok
=elapsed       0.000002s
=group_time    0.731s
=case          ejabberd_SUITE:init_per_group
=logfile       ejabberd_suite.init_per_group.7042.html
=group_props   [{name,replaced_master_slave},sequence]
=started       2024-12-18 20:29:35
=ended         2024-12-18 20:29:35
=result        ok
=elapsed       0.000003s
=case          ejabberd_SUITE:init_per_group
=logfile       ejabberd_suite.init_per_group.7074.html
=group_props   [{name,replaced_conflict},parallel]
=started       2024-12-18 20:29:35
=ended         2024-12-18 20:29:35
=result        ok
=elapsed       0.000002s
=case          ejabberd_SUITE:replaced_conflict_master
=logfile       ejabberd_suite.replaced_conflict_master.6883.html
=started       2024-12-18 20:29:35
=ended         2024-12-18 20:29:35
=result        ok
=elapsed       0.102443s
=case          ejabberd_SUITE:replaced_conflict_slave
=logfile       ejabberd_suite.replaced_conflict_slave.6915.html
=started       2024-12-18 20:29:35
=ended         2024-12-18 20:29:35
=result        ok
=elapsed       0.103182s
=case          ejabberd_SUITE:end_per_group
=logfile       ejabberd_suite.end_per_group.6979.html
=group_props   [{name,replaced_conflict},parallel]
=started       2024-12-18 20:29:35
=ended         2024-12-18 20:29:35
=result        ok
=elapsed       0.000002s
=group_time    0.159s
=case          ejabberd_SUITE:end_per_group
=logfile       ejabberd_suite.end_per_group.7011.html
=group_props   [{name,replaced_master_slave},sequence]
=started       2024-12-18 20:29:35
=ended         2024-12-18 20:29:35
=result        ok
=elapsed       0.000002s
=group_time    0.211s
=case          ejabberd_SUITE:init_per_group
=logfile       ejabberd_suite.init_per_group.7043.html
=group_props   [{name,upload_single},sequence]
=started       2024-12-18 20:29:35
=ended         2024-12-18 20:29:35
=result        ok
=elapsed       0.000003s
=case          ejabberd_SUITE:upload_feature_enabled
=logfile       ejabberd_suite.upload_feature_enabled.html
=started       2024-12-18 20:29:35
=ended         2024-12-18 20:29:35
=result        ok
=elapsed       0.102831s
=case          ejabberd_SUITE:upload_service_vcard
=logfile       ejabberd_suite.upload_service_vcard.html
=started       2024-12-18 20:29:35
=ended         2024-12-18 20:29:35
=result        ok
=elapsed       0.101778s
=case          ejabberd_SUITE:upload_get_max_size
=logfile       ejabberd_suite.upload_get_max_size.html
=started       2024-12-18 20:29:35
=ended         2024-12-18 20:29:36
=result        ok
=elapsed       0.102785s
=case          ejabberd_SUITE:upload_slot_request
=logfile       ejabberd_suite.upload_slot_request.html
=started       2024-12-18 20:29:36
=ended         2024-12-18 20:29:36
=result        ok
=elapsed       0.108534s
=case          ejabberd_SUITE:upload_put_get_request
=logfile       ejabberd_suite.upload_put_get_request.html
=started       2024-12-18 20:29:36
=ended         2024-12-18 20:29:36
=result        ok
=elapsed       0.108844s
=case          ejabberd_SUITE:upload_max_size_exceed
=logfile       ejabberd_suite.upload_max_size_exceed.html
=started       2024-12-18 20:29:36
=ended         2024-12-18 20:29:36
=result        ok
=elapsed       0.103394s
=case          ejabberd_SUITE:end_per_group
=logfile       ejabberd_suite.end_per_group.5348.html
=group_props   [{name,upload_single},sequence]
=started       2024-12-18 20:29:36
=ended         2024-12-18 20:29:36
=result        ok
=elapsed       0.000014s
=group_time    0.833s
=case          ejabberd_SUITE:init_per_group
=logfile       ejabberd_suite.init_per_group.5380.html
=group_props   [{name,carbons_single},sequence]
=started       2024-12-18 20:29:36
=ended         2024-12-18 20:29:36
=result        ok
=elapsed       0.000003s
=case          ejabberd_SUITE:carbons_feature_enabled
=logfile       ejabberd_suite.carbons_feature_enabled.html
=started       2024-12-18 20:29:36
=ended         2024-12-18 20:29:36
=result        ok
=elapsed       0.102050s
=case          ejabberd_SUITE:carbons_unsupported_iq
=logfile       ejabberd_suite.carbons_unsupported_iq.html
=started       2024-12-18 20:29:36
=ended         2024-12-18 20:29:36
=result        ok
=elapsed       0.107814s
=case          ejabberd_SUITE:end_per_group
=logfile       ejabberd_suite.end_per_group.5476.html
=group_props   [{name,carbons_single},sequence]
=started       2024-12-18 20:29:36
=ended         2024-12-18 20:29:36
=result        ok
=elapsed       0.000002s
=group_time    0.295s
=case          ejabberd_SUITE:init_per_group
=logfile       ejabberd_suite.init_per_group.5508.html
=group_props   [{name,carbons_master_slave},sequence]
=started       2024-12-18 20:29:36
=ended         2024-12-18 20:29:36
=result        ok
=elapsed       0.000003s
=case          ejabberd_SUITE:init_per_group
=logfile       ejabberd_suite.init_per_group.5540.html
=group_props   [{name,carbons_send_recv},parallel]
=started       2024-12-18 20:29:36
=ended         2024-12-18 20:29:36
=result        ok
=elapsed       0.000002s
=case          ejabberd_SUITE:carbons_send_recv_master
=logfile       ejabberd_suite.carbons_send_recv_master.5572.html
=started       2024-12-18 20:29:36
=ended         2024-12-18 20:29:37
=result        ok
=elapsed       0.165367s
=case          ejabberd_SUITE:carbons_send_recv_slave
=logfile       ejabberd_suite.carbons_send_recv_slave.5604.html
=started       2024-12-18 20:29:36
=ended         2024-12-18 20:29:37
=result        ok
=elapsed       0.159862s
=case          ejabberd_SUITE:end_per_group
=logfile       ejabberd_suite.end_per_group.5700.html
=group_props   [{name,carbons_send_recv},parallel]
=started       2024-12-18 20:29:37
=ended         2024-12-18 20:29:37
=result        ok
=elapsed       0.000008s
=group_time    0.222s
=case          ejabberd_SUITE:init_per_group
=logfile       ejabberd_suite.init_per_group.7107.html
=group_props   [{name,carbons_enable_disable},parallel]
=started       2024-12-18 20:29:37
=ended         2024-12-18 20:29:37
=result        ok
=elapsed       0.000003s
=case          ejabberd_SUITE:carbons_enable_disable_master
=logfile       ejabberd_suite.carbons_enable_disable_master.7139.html
=started       2024-12-18 20:29:37
=ended         2024-12-18 20:29:37
=result        ok
=elapsed       0.165192s
=case          ejabberd_SUITE:carbons_enable_disable_slave
=logfile       ejabberd_suite.carbons_enable_disable_slave.7171.html
=started       2024-12-18 20:29:37
=ended         2024-12-18 20:29:37
=result        ok
=elapsed       0.164204s
=case          ejabberd_SUITE:end_per_group
=logfile       ejabberd_suite.end_per_group.7458.html
=group_props   [{name,carbons_enable_disable},parallel]
=started       2024-12-18 20:29:37
=ended         2024-12-18 20:29:37
=result        ok
=elapsed       0.000002s
=group_time    0.223s
=case          ejabberd_SUITE:end_per_group
=logfile       ejabberd_suite.end_per_group.7490.html
=group_props   [{name,carbons_master_slave},sequence]
=started       2024-12-18 20:29:37
=ended         2024-12-18 20:29:37
=result        ok
=elapsed       0.000007s
=group_time    0.520s
=case          ejabberd_SUITE:end_per_group
=logfile       ejabberd_suite.end_per_group.7522.html
=group_props   [{name,no_db},sequence]
=started       2024-12-18 20:29:37
=ended         2024-12-18 20:29:37
=result        ok
=elapsed       0.000000s
=group_time    25.894s
=case          ejabberd_SUITE:init_per_group
=logfile       ejabberd_suite.init_per_group.7554.html
=group_props   [{name,mnesia},sequence]
=started       2024-12-18 20:29:37
=ended         2024-12-18 20:29:37
=result        ok
=elapsed       0.000034s
=case          ejabberd_SUITE:init_per_group
=logfile       ejabberd_suite.init_per_group.7586.html
=group_props   [{name,single_user},sequence]
=started       2024-12-18 20:29:37
=ended         2024-12-18 20:29:37
=result        ok
=elapsed       0.000003s
=case          ejabberd_SUITE:test_register
=logfile       ejabberd_suite.test_register.html
=started       2024-12-18 20:29:37
=ended         2024-12-18 20:29:37
=result        ok
=elapsed       0.014344s
=case          ejabberd_SUITE:init_per_group
=logfile       ejabberd_suite.init_per_group.7650.html
=group_props   [{name,legacy_auth},parallel]
=started       2024-12-18 20:29:37
=ended         2024-12-18 20:29:37
=result        ok
=elapsed       0.000002s
=case          ejabberd_SUITE:test_legacy_auth_feature
=logfile       ejabberd_suite.test_legacy_auth_feature.7714.html
=started       2024-12-18 20:29:37
=ended         2024-12-18 20:29:37
=result        ok
=elapsed       0.000745s
=case          ejabberd_SUITE:test_legacy_auth
=logfile       ejabberd_suite.test_legacy_auth.7746.html
=started       2024-12-18 20:29:37
=ended         2024-12-18 20:29:37
=result        ok
=elapsed       0.102450s
=case          ejabberd_SUITE:test_legacy_auth_digest
=logfile       ejabberd_suite.test_legacy_auth_digest.7778.html
=started       2024-12-18 20:29:37
=ended         2024-12-18 20:29:37
=result        ok
=elapsed       0.103791s
=case          ejabberd_SUITE:test_legacy_auth_no_resource
=logfile       ejabberd_suite.test_legacy_auth_no_resource.7682.html
=started       2024-12-18 20:29:37
=ended         2024-12-18 20:29:37
=result        ok
=elapsed       0.001577s
=case          ejabberd_SUITE:test_legacy_auth_bad_jid
=logfile       ejabberd_suite.test_legacy_auth_bad_jid.7842.html
=started       2024-12-18 20:29:37
=ended         2024-12-18 20:29:37
=result        ok
=elapsed       0.001739s
=case          ejabberd_SUITE:test_legacy_auth_fail
=logfile       ejabberd_suite.test_legacy_auth_fail.7810.html
=started       2024-12-18 20:29:37
=ended         2024-12-18 20:29:37
=result        ok
=elapsed       0.001608s
=case          ejabberd_SUITE:end_per_group
=logfile       ejabberd_suite.end_per_group.7906.html
=group_props   [{name,legacy_auth},parallel]
=started       2024-12-18 20:29:37
=ended         2024-12-18 20:29:37
=result        ok
=elapsed       0.000008s
=group_time    0.168s
=case          ejabberd_SUITE:auth_plain
=logfile       ejabberd_suite.auth_plain.html
=started       2024-12-18 20:29:37
=ended         2024-12-18 20:29:37
=result        ok
=elapsed       0.005411s
=case          ejabberd_SUITE:auth_md5
=logfile       ejabberd_suite.auth_md5.html
=started       2024-12-18 20:29:37
=ended         2024-12-18 20:29:37
=result        ok
=elapsed       0.007059s
=case          ejabberd_SUITE:presence_broadcast
=logfile       ejabberd_suite.presence_broadcast.html
=started       2024-12-18 20:29:37
=ended         2024-12-18 20:29:37
=result        ok
=elapsed       0.205140s
=case          ejabberd_SUITE:last
=logfile       ejabberd_suite.last.html
=started       2024-12-18 20:29:37
=ended         2024-12-18 20:29:38
=result        ok
=elapsed       0.103041s
=case          ejabberd_SUITE:init_per_group
=logfile       ejabberd_suite.init_per_group.4133.html
=group_props   [{name,webadmin_single},sequence]
=started       2024-12-18 20:29:38
=ended         2024-12-18 20:29:38
=result        ok
=elapsed       0.000003s
=case          ejabberd_SUITE:webadmin_login_page
=logfile       ejabberd_suite.webadmin_login_page.html
=started       2024-12-18 20:29:38
=ended         2024-12-18 20:29:38
=result        ok
=elapsed       0.000367s
=case          ejabberd_SUITE:webadmin_welcome_page
=logfile       ejabberd_suite.webadmin_welcome_page.html
=started       2024-12-18 20:29:38
=ended         2024-12-18 20:29:38
=result        ok
=elapsed       0.001767s
=case          ejabberd_SUITE:webadmin_user_page
=logfile       ejabberd_suite.webadmin_user_page.html
=started       2024-12-18 20:29:38
=ended         2024-12-18 20:29:38
=result        ok
=elapsed       0.002865s
=case          ejabberd_SUITE:webadmin_adduser
=logfile       ejabberd_suite.webadmin_adduser.html
=started       2024-12-18 20:29:38
=ended         2024-12-18 20:29:38
=result        ok
=elapsed       0.005718s
=case          ejabberd_SUITE:webadmin_changepassword
=logfile       ejabberd_suite.webadmin_changepassword.html
=started       2024-12-18 20:29:38
=ended         2024-12-18 20:29:38
=result        ok
=elapsed       0.002760s
=case          ejabberd_SUITE:webadmin_removeuser
=logfile       ejabberd_suite.webadmin_removeuser.html
=started       2024-12-18 20:29:38
=ended         2024-12-18 20:29:38
=result        ok
=elapsed       0.003810s
=case          ejabberd_SUITE:end_per_group
=logfile       ejabberd_suite.end_per_group.7938.html
=group_props   [{name,webadmin_single},sequence]
=started       2024-12-18 20:29:38
=ended         2024-12-18 20:29:38
=result        ok
=elapsed       0.000003s
=group_time    0.195s
=case          ejabberd_SUITE:init_per_group
=logfile       ejabberd_suite.init_per_group.7970.html
=group_props   [{name,roster_single},sequence]
=started       2024-12-18 20:29:38
=ended         2024-12-18 20:29:38
=result        ok
=elapsed       0.000003s
=case          ejabberd_SUITE:roster_feature_enabled
=logfile       ejabberd_suite.roster_feature_enabled.html
=started       2024-12-18 20:29:38
=ended         2024-12-18 20:29:38
=result        ok
=elapsed       0.101102s
=case          ejabberd_SUITE:roster_iq_set_many_items
=logfile       ejabberd_suite.roster_iq_set_many_items.html
=started       2024-12-18 20:29:38
=ended         2024-12-18 20:29:38
=result        ok
=elapsed       0.102099s
=case          ejabberd_SUITE:roster_iq_set_duplicated_groups
=logfile       ejabberd_suite.roster_iq_set_duplicated_groups.html
=started       2024-12-18 20:29:38
=ended         2024-12-18 20:29:38
=result        ok
=elapsed       0.101928s
=case          ejabberd_SUITE:roster_iq_get_item
=logfile       ejabberd_suite.roster_iq_get_item.html
=started       2024-12-18 20:29:38
=ended         2024-12-18 20:29:38
=result        ok
=elapsed       0.102221s
=case          ejabberd_SUITE:roster_iq_unexpected_element
=logfile       ejabberd_suite.roster_iq_unexpected_element.html
=started       2024-12-18 20:29:38
=ended         2024-12-18 20:29:38
=result        ok
=elapsed       0.101764s
=case          ejabberd_SUITE:roster_iq_set_ask
=logfile       ejabberd_suite.roster_iq_set_ask.html
=started       2024-12-18 20:29:38
=ended         2024-12-18 20:29:39
=result        ok
=elapsed       0.101651s
=case          ejabberd_SUITE:roster_set_item
=logfile       ejabberd_suite.roster_set_item.html
=started       2024-12-18 20:29:39
=ended         2024-12-18 20:29:39
=result        ok
=elapsed       0.319437s
=case          ejabberd_SUITE:roster_version
=logfile       ejabberd_suite.roster_version.html
=started       2024-12-18 20:29:39
=ended         2024-12-18 20:29:39
=result        ok
=elapsed       0.146394s
=case          ejabberd_SUITE:end_per_group
=logfile       ejabberd_suite.end_per_group.8354.html
=group_props   [{name,roster_single},sequence]
=started       2024-12-18 20:29:39
=ended         2024-12-18 20:29:39
=result        ok
=elapsed       0.000003s
=group_time    1.341s
=case          ejabberd_SUITE:init_per_group
=logfile       ejabberd_suite.init_per_group.8386.html
=group_props   [{name,private_single},sequence]
=started       2024-12-18 20:29:39
=ended         2024-12-18 20:29:39
=result        ok
=elapsed       0.000003s
=case          ejabberd_SUITE:private_test_features
=logfile       ejabberd_suite.private_test_features.html
=started       2024-12-18 20:29:39
=ended         2024-12-18 20:29:39
=result        ok
=elapsed       0.102179s
=case          ejabberd_SUITE:private_test_no_namespace
=logfile       ejabberd_suite.private_test_no_namespace.html
=started       2024-12-18 20:29:39
=ended         2024-12-18 20:29:39
=result        ok
=elapsed       0.105998s
=case          ejabberd_SUITE:private_test_set_get
=logfile       ejabberd_suite.private_test_set_get.html
=started       2024-12-18 20:29:39
=ended         2024-12-18 20:29:40
=result        ok
=elapsed       0.113943s
=case          ejabberd_SUITE:private_test_published
=logfile       ejabberd_suite.private_test_published.html
=started       2024-12-18 20:29:40
=ended         2024-12-18 20:29:40
=result        ok
=elapsed       0.103692s
=case          ejabberd_SUITE:end_per_group
=logfile       ejabberd_suite.end_per_group.8578.html
=group_props   [{name,private_single},sequence]
=started       2024-12-18 20:29:40
=ended         2024-12-18 20:29:40
=result        ok
=elapsed       0.000002s
=group_time    0.568s
=case          ejabberd_SUITE:init_per_group
=logfile       ejabberd_suite.init_per_group.8610.html
=group_props   [{name,privacy_single},sequence]
=started       2024-12-18 20:29:40
=ended         2024-12-18 20:29:40
=result        ok
=elapsed       0.000002s
=case          ejabberd_SUITE:privacy_feature_enabled
=logfile       ejabberd_suite.privacy_feature_enabled.html
=started       2024-12-18 20:29:40
=ended         2024-12-18 20:29:40
=result        ok
=elapsed       0.102737s
=case          ejabberd_SUITE:privacy_set_get_list
=logfile       ejabberd_suite.privacy_set_get_list.html
=started       2024-12-18 20:29:40
=ended         2024-12-18 20:29:40
=result        ok
=elapsed       0.145030s
=case          ejabberd_SUITE:privacy_get_list_non_existent
=logfile       ejabberd_suite.privacy_get_list_non_existent.html
=started       2024-12-18 20:29:40
=ended         2024-12-18 20:29:40
=result        ok
=elapsed       0.101649s
=case          ejabberd_SUITE:privacy_get_empty_lists
=logfile       ejabberd_suite.privacy_get_empty_lists.html
=started       2024-12-18 20:29:40
=ended         2024-12-18 20:29:40
=result        ok
=elapsed       0.102077s
=case          ejabberd_SUITE:privacy_set_default
=logfile       ejabberd_suite.privacy_set_default.html
=started       2024-12-18 20:29:40
=ended         2024-12-18 20:29:41
=result        ok
=elapsed       0.143196s
=case          ejabberd_SUITE:privacy_del_default
=logfile       ejabberd_suite.privacy_del_default.html
=started       2024-12-18 20:29:41
=ended         2024-12-18 20:29:41
=result        ok
=elapsed       0.146870s
=case          ejabberd_SUITE:privacy_set_default_non_existent
=logfile       ejabberd_suite.privacy_set_default_non_existent.html
=started       2024-12-18 20:29:41
=ended         2024-12-18 20:29:41
=result        ok
=elapsed       0.101776s
=case          ejabberd_SUITE:privacy_set_active
=logfile       ejabberd_suite.privacy_set_active.html
=started       2024-12-18 20:29:41
=ended         2024-12-18 20:29:41
=result        ok
=elapsed       0.145031s
=case          ejabberd_SUITE:privacy_del_active
=logfile       ejabberd_suite.privacy_del_active.html
=started       2024-12-18 20:29:41
=ended         2024-12-18 20:29:41
=result        ok
=elapsed       0.147508s
=case          ejabberd_SUITE:privacy_set_active_non_existent
=logfile       ejabberd_suite.privacy_set_active_non_existent.html
=started       2024-12-18 20:29:41
=ended         2024-12-18 20:29:41
=result        ok
=elapsed       0.101243s
=case          ejabberd_SUITE:privacy_remove_list
=logfile       ejabberd_suite.privacy_remove_list.html
=started       2024-12-18 20:29:41
=ended         2024-12-18 20:29:41
=result        ok
=elapsed       0.146790s
=case          ejabberd_SUITE:privacy_remove_default_list
=logfile       ejabberd_suite.privacy_remove_default_list.html
=started       2024-12-18 20:29:41
=ended         2024-12-18 20:29:42
=result        ok
=elapsed       0.147556s
=case          ejabberd_SUITE:privacy_remove_active_list
=logfile       ejabberd_suite.privacy_remove_active_list.html
=started       2024-12-18 20:29:42
=ended         2024-12-18 20:29:42
=result        ok
=elapsed       0.146195s
=case          ejabberd_SUITE:privacy_remove_list_non_existent
=logfile       ejabberd_suite.privacy_remove_list_non_existent.html
=started       2024-12-18 20:29:42
=ended         2024-12-18 20:29:42
=result        ok
=elapsed       0.101968s
=case          ejabberd_SUITE:privacy_allow_local_server
=logfile       ejabberd_suite.privacy_allow_local_server.html
=started       2024-12-18 20:29:42
=ended         2024-12-18 20:29:42
=result        ok
=elapsed       0.195135s
=case          ejabberd_SUITE:privacy_malformed_iq_query
=logfile       ejabberd_suite.privacy_malformed_iq_query.html
=started       2024-12-18 20:29:42
=ended         2024-12-18 20:29:42
=result        ok
=elapsed       0.101868s
=case          ejabberd_SUITE:privacy_malformed_get
=logfile       ejabberd_suite.privacy_malformed_get.html
=started       2024-12-18 20:29:42
=ended         2024-12-18 20:29:42
=result        ok
=elapsed       0.108037s
=case          ejabberd_SUITE:privacy_malformed_set
=logfile       ejabberd_suite.privacy_malformed_set.html
=started       2024-12-18 20:29:42
=ended         2024-12-18 20:29:43
=result        ok
=elapsed       0.103489s
=case          ejabberd_SUITE:privacy_malformed_type_value
=logfile       ejabberd_suite.privacy_malformed_type_value.html
=started       2024-12-18 20:29:43
=ended         2024-12-18 20:29:43
=result        ok
=elapsed       0.102448s
=case          ejabberd_SUITE:privacy_set_get_block
=logfile       ejabberd_suite.privacy_set_get_block.html
=started       2024-12-18 20:29:43
=ended         2024-12-18 20:29:43
=result        ok
=elapsed       0.188169s
=case          ejabberd_SUITE:end_per_group
=logfile       ejabberd_suite.end_per_group.9602.html
=group_props   [{name,privacy_single},sequence]
=started       2024-12-18 20:29:43
=ended         2024-12-18 20:29:43
=result        ok
=elapsed       0.000002s
=group_time    3.202s
=case          ejabberd_SUITE:init_per_group
=logfile       ejabberd_suite.init_per_group.9634.html
=group_props   [{name,vcard_single},sequence]
=started       2024-12-18 20:29:43
=ended         2024-12-18 20:29:43
=result        ok
=elapsed       0.000003s
=case          ejabberd_SUITE:vcard_feature_enabled
=logfile       ejabberd_suite.vcard_feature_enabled.html
=started       2024-12-18 20:29:43
=ended         2024-12-18 20:29:43
=result        ok
=elapsed       0.103727s
=case          ejabberd_SUITE:vcard_get_set
=logfile       ejabberd_suite.vcard_get_set.html
=started       2024-12-18 20:29:43
=ended         2024-12-18 20:29:43
=result        ok
=elapsed       0.102752s
=case          ejabberd_SUITE:vcard_service_vcard
=logfile       ejabberd_suite.vcard_service_vcard.html
=started       2024-12-18 20:29:43
=ended         2024-12-18 20:29:43
=result        ok
=elapsed       0.102731s
=case          ejabberd_SUITE:end_per_group
=logfile       ejabberd_suite.end_per_group.9794.html
=group_props   [{name,vcard_single},sequence]
=started       2024-12-18 20:29:43
=ended         2024-12-18 20:29:43
=result        ok
=elapsed       0.000007s
=group_time    0.425s
=case          ejabberd_SUITE:init_per_group
=logfile       ejabberd_suite.init_per_group.9826.html
=group_props   [{name,pubsub_single},sequence]
=started       2024-12-18 20:29:43
=ended         2024-12-18 20:29:43
=result        ok
=elapsed       0.000003s
=case          ejabberd_SUITE:pubsub_test_features
=logfile       ejabberd_suite.pubsub_test_features.html
=started       2024-12-18 20:29:43
=ended         2024-12-18 20:29:44
=result        ok
=elapsed       0.102424s
=case          ejabberd_SUITE:pubsub_test_vcard
=logfile       ejabberd_suite.pubsub_test_vcard.html
=started       2024-12-18 20:29:44
=ended         2024-12-18 20:29:44
=result        ok
=elapsed       0.102281s
=case          ejabberd_SUITE:pubsub_test_create
=logfile       ejabberd_suite.pubsub_test_create.html
=started       2024-12-18 20:29:44
=ended         2024-12-18 20:29:44
=result        ok
=elapsed       0.101686s
=case          ejabberd_SUITE:pubsub_test_configure
=logfile       ejabberd_suite.pubsub_test_configure.html
=started       2024-12-18 20:29:44
=ended         2024-12-18 20:29:44
=result        ok
=elapsed       0.110239s
=case          ejabberd_SUITE:pubsub_test_delete
=logfile       ejabberd_suite.pubsub_test_delete.html
=started       2024-12-18 20:29:44
=ended         2024-12-18 20:29:44
=result        ok
=elapsed       0.101988s
=case          ejabberd_SUITE:pubsub_test_get_affiliations
=logfile       ejabberd_suite.pubsub_test_get_affiliations.html
=started       2024-12-18 20:29:44
=ended         2024-12-18 20:29:44
=result        ok
=elapsed       0.109117s
=case          ejabberd_SUITE:pubsub_test_get_subscriptions
=logfile       ejabberd_suite.pubsub_test_get_subscriptions.html
=started       2024-12-18 20:29:44
=ended         2024-12-18 20:29:44
=result        ok
=elapsed       0.111013s
=case          ejabberd_SUITE:pubsub_test_create_instant
=logfile       ejabberd_suite.pubsub_test_create_instant.html
=started       2024-12-18 20:29:44
=ended         2024-12-18 20:29:45
=result        ok
=elapsed       0.102982s
=case          ejabberd_SUITE:pubsub_test_default
=logfile       ejabberd_suite.pubsub_test_default.html
=started       2024-12-18 20:29:45
=ended         2024-12-18 20:29:45
=result        ok
=elapsed       0.102570s
=case          ejabberd_SUITE:pubsub_test_create_configure
=logfile       ejabberd_suite.pubsub_test_create_configure.html
=started       2024-12-18 20:29:45
=ended         2024-12-18 20:29:45
=result        ok
=elapsed       0.107378s
=case          ejabberd_SUITE:pubsub_test_publish
=logfile       ejabberd_suite.pubsub_test_publish.html
=started       2024-12-18 20:29:45
=ended         2024-12-18 20:29:45
=result        ok
=elapsed       0.103348s
=case          ejabberd_SUITE:pubsub_test_auto_create
=logfile       ejabberd_suite.pubsub_test_auto_create.html
=started       2024-12-18 20:29:45
=ended         2024-12-18 20:29:45
=result        ok
=elapsed       0.103292s
=case          ejabberd_SUITE:pubsub_test_get_items
=logfile       ejabberd_suite.pubsub_test_get_items.html
=started       2024-12-18 20:29:45
=ended         2024-12-18 20:29:45
=result        ok
=elapsed       0.107056s
=case          ejabberd_SUITE:pubsub_test_delete_item
=logfile       ejabberd_suite.pubsub_test_delete_item.html
=started       2024-12-18 20:29:45
=ended         2024-12-18 20:29:45
=result        ok
=elapsed       0.105979s
=case          ejabberd_SUITE:pubsub_test_purge
=logfile       ejabberd_suite.pubsub_test_purge.html
=started       2024-12-18 20:29:45
=ended         2024-12-18 20:29:45
=result        ok
=elapsed       0.108567s
=case          ejabberd_SUITE:pubsub_test_subscribe
=logfile       ejabberd_suite.pubsub_test_subscribe.html
=started       2024-12-18 20:29:45
=ended         2024-12-18 20:29:46
=result        ok
=elapsed       0.103597s
=case          ejabberd_SUITE:pubsub_test_subscribe_max_item_1
=logfile       ejabberd_suite.pubsub_test_subscribe_max_item_1.html
=started       2024-12-18 20:29:46
=ended         2024-12-18 20:29:46
=result        ok
=elapsed       0.104798s
=case          ejabberd_SUITE:pubsub_test_unsubscribe
=logfile       ejabberd_suite.pubsub_test_unsubscribe.html
=started       2024-12-18 20:29:46
=ended         2024-12-18 20:29:46
=result        ok
=elapsed       0.104655s
=case          ejabberd_SUITE:end_per_group
=logfile       ejabberd_suite.end_per_group.10498.html
=group_props   [{name,pubsub_single},sequence]
=started       2024-12-18 20:29:46
=ended         2024-12-18 20:29:46
=result        ok
=elapsed       0.000002s
=group_time    2.458s
=case          ejabberd_SUITE:init_per_group
=logfile       ejabberd_suite.init_per_group.8387.html
=group_props   [{name,muc_single},sequence]
=started       2024-12-18 20:29:46
=ended         2024-12-18 20:29:46
=result        ok
=elapsed       0.000002s
=case          ejabberd_SUITE:muc_service_presence_error
=logfile       ejabberd_suite.muc_service_presence_error.8419.html
=started       2024-12-18 20:29:46
=ended         2024-12-18 20:29:46
=result        ok
=elapsed       0.189600s
=case          ejabberd_SUITE:muc_service_message_error
=logfile       ejabberd_suite.muc_service_message_error.8515.html
=started       2024-12-18 20:29:46
=ended         2024-12-18 20:29:46
=result        ok
=elapsed       0.190787s
=case          ejabberd_SUITE:muc_service_unknown_ns_iq_error
=logfile       ejabberd_suite.muc_service_unknown_ns_iq_error.8579.html
=started       2024-12-18 20:29:46
=ended         2024-12-18 20:29:47
=result        ok
=elapsed       0.189406s
=case          ejabberd_SUITE:muc_service_iq_set_error
=logfile       ejabberd_suite.muc_service_iq_set_error.8643.html
=started       2024-12-18 20:29:47
=ended         2024-12-18 20:29:47
=result        ok
=elapsed       0.321757s
=case          ejabberd_SUITE:muc_service_improper_iq_error
=logfile       ejabberd_suite.muc_service_improper_iq_error.8675.html
=started       2024-12-18 20:29:47
=ended         2024-12-18 20:29:47
=result        ok
=elapsed       0.276569s
=case          ejabberd_SUITE:muc_service_features
=logfile       ejabberd_suite.muc_service_features.8771.html
=started       2024-12-18 20:29:47
=ended         2024-12-18 20:29:47
=result        ok
=elapsed       0.102210s
=case          ejabberd_SUITE:muc_service_disco_info_node_error
=logfile       ejabberd_suite.muc_service_disco_info_node_error.8867.html
=started       2024-12-18 20:29:47
=ended         2024-12-18 20:29:48
=result        ok
=elapsed       0.101971s
=case          ejabberd_SUITE:muc_service_disco_items
=logfile       ejabberd_suite.muc_service_disco_items.8931.html
=started       2024-12-18 20:29:48
=ended         2024-12-18 20:29:48
=result        ok
=elapsed       0.124102s
=case          ejabberd_SUITE:muc_service_unique
=logfile       ejabberd_suite.muc_service_unique.9059.html
=started       2024-12-18 20:29:48
=ended         2024-12-18 20:29:48
=result        ok
=elapsed       0.101829s
=case          ejabberd_SUITE:muc_service_vcard
=logfile       ejabberd_suite.muc_service_vcard.9123.html
=started       2024-12-18 20:29:48
=ended         2024-12-18 20:29:48
=result        ok
=elapsed       0.102448s
=case          ejabberd_SUITE:muc_configure_non_existent
=logfile       ejabberd_suite.muc_configure_non_existent.9219.html
=started       2024-12-18 20:29:48
=ended         2024-12-18 20:29:48
=result        ok
=elapsed       0.103766s
=case          ejabberd_SUITE:muc_cancel_configure_non_existent
=logfile       ejabberd_suite.muc_cancel_configure_non_existent.9315.html
=started       2024-12-18 20:29:48
=ended         2024-12-18 20:29:48
=result        ok
=elapsed       0.102407s
=case          ejabberd_SUITE:muc_service_subscriptions
=logfile       ejabberd_suite.muc_service_subscriptions.9347.html
=started       2024-12-18 20:29:48
=ended         2024-12-18 20:29:48
=result        ok
=elapsed       0.133781s
=case          ejabberd_SUITE:muc_set_room_affiliation
=logfile       ejabberd_suite.muc_set_room_affiliation.6596.html
=started       2024-12-18 20:29:48
=ended         2024-12-18 20:29:49
=result        ok
=elapsed       0.107356s
=case          ejabberd_SUITE:end_per_group
=logfile       ejabberd_suite.end_per_group.6628.html
=group_props   [{name,muc_single},sequence]
=started       2024-12-18 20:29:49
=ended         2024-12-18 20:29:49
=result        ok
=elapsed       0.000009s
=group_time    2.589s
=case          ejabberd_SUITE:init_per_group
=logfile       ejabberd_suite.init_per_group.10850.html
=group_props   [{name,offline_single},sequence]
=started       2024-12-18 20:29:49
=ended         2024-12-18 20:29:49
=result        ok
=elapsed       0.000002s
=case          ejabberd_SUITE:offline_feature_enabled
=logfile       ejabberd_suite.offline_feature_enabled.html
=started       2024-12-18 20:29:49
=ended         2024-12-18 20:29:49
=result        ok
=elapsed       0.102673s
=case          ejabberd_SUITE:offline_check_identity
=logfile       ejabberd_suite.offline_check_identity.html
=started       2024-12-18 20:29:49
=ended         2024-12-18 20:29:49
=result        ok
=elapsed       0.106743s
=case          ejabberd_SUITE:offline_send_non_existent
=logfile       ejabberd_suite.offline_send_non_existent.html
=started       2024-12-18 20:29:49
=ended         2024-12-18 20:29:49
=result        ok
=elapsed       0.101474s
=case          ejabberd_SUITE:offline_view_non_existent
=logfile       ejabberd_suite.offline_view_non_existent.html
=started       2024-12-18 20:29:49
=ended         2024-12-18 20:29:49
=result        ok
=elapsed       0.101582s
=case          ejabberd_SUITE:offline_remove_non_existent
=logfile       ejabberd_suite.offline_remove_non_existent.html
=started       2024-12-18 20:29:49
=ended         2024-12-18 20:29:49
=result        ok
=elapsed       0.101419s
=case          ejabberd_SUITE:offline_view_non_integer
=logfile       ejabberd_suite.offline_view_non_integer.html
=started       2024-12-18 20:29:49
=ended         2024-12-18 20:29:49
=result        ok
=elapsed       0.101844s
=case          ejabberd_SUITE:offline_remove_non_integer
=logfile       ejabberd_suite.offline_remove_non_integer.html
=started       2024-12-18 20:29:49
=ended         2024-12-18 20:29:49
=result        ok
=elapsed       0.101890s
=case          ejabberd_SUITE:offline_malformed_iq
=logfile       ejabberd_suite.offline_malformed_iq.html
=started       2024-12-18 20:29:49
=ended         2024-12-18 20:29:50
=result        ok
=elapsed       0.104956s
=case          ejabberd_SUITE:offline_wrong_user
=logfile       ejabberd_suite.offline_wrong_user.html
=started       2024-12-18 20:29:50
=ended         2024-12-18 20:29:50
=result        ok
=elapsed       0.109181s
=case          ejabberd_SUITE:offline_unsupported_iq
=logfile       ejabberd_suite.offline_unsupported_iq.html
=started       2024-12-18 20:29:50
=ended         2024-12-18 20:29:50
=result        ok
=elapsed       0.102271s
=case          ejabberd_SUITE:end_per_group
=logfile       ejabberd_suite.end_per_group.9923.html
=group_props   [{name,offline_single},sequence]
=started       2024-12-18 20:29:50
=ended         2024-12-18 20:29:50
=result        ok
=elapsed       0.000003s
=group_time    1.361s
=case          ejabberd_SUITE:init_per_group
=logfile       ejabberd_suite.init_per_group.9955.html
=group_props   [{name,mam_single},sequence]
=started       2024-12-18 20:29:50
=ended         2024-12-18 20:29:50
=result        ok
=elapsed       0.000002s
=case          ejabberd_SUITE:mam_feature_enabled
=logfile       ejabberd_suite.mam_feature_enabled.html
=started       2024-12-18 20:29:50
=ended         2024-12-18 20:29:50
=result        ok
=elapsed       0.104729s
=case          ejabberd_SUITE:mam_get_set_prefs
=logfile       ejabberd_suite.mam_get_set_prefs.html
=started       2024-12-18 20:29:50
=ended         2024-12-18 20:29:52
=result        ok
=elapsed       1.895805s
=case          ejabberd_SUITE:mam_get_form
=logfile       ejabberd_suite.mam_get_form.html
=started       2024-12-18 20:29:52
=ended         2024-12-18 20:29:52
=result        ok
=elapsed       0.108717s
=case          ejabberd_SUITE:mam_fake_by
=logfile       ejabberd_suite.mam_fake_by.html
=started       2024-12-18 20:29:52
=ended         2024-12-18 20:29:52
=result        ok
=elapsed       0.102135s
=case          ejabberd_SUITE:end_per_group
=logfile       ejabberd_suite.end_per_group.10115.html
=group_props   [{name,mam_single},sequence]
=started       2024-12-18 20:29:52
=ended         2024-12-18 20:29:52
=result        ok
=elapsed       0.000002s
=group_time    2.357s
=case          ejabberd_SUITE:init_per_group
=logfile       ejabberd_suite.init_per_group.10147.html
=group_props   [{name,csi_single},sequence]
=started       2024-12-18 20:29:52
=ended         2024-12-18 20:29:52
=result        ok
=elapsed       0.000002s
=case          ejabberd_SUITE:csi_feature_enabled
=logfile       ejabberd_suite.csi_feature_enabled.html
=started       2024-12-18 20:29:52
=ended         2024-12-18 20:29:52
=result        ok
=elapsed       0.101189s
=case          ejabberd_SUITE:end_per_group
=logfile       ejabberd_suite.end_per_group.10243.html
=group_props   [{name,csi_single},sequence]
=started       2024-12-18 20:29:52
=ended         2024-12-18 20:29:52
=result        ok
=elapsed       0.000002s
=group_time    0.155s
=case          ejabberd_SUITE:init_per_group
=logfile       ejabberd_suite.init_per_group.10275.html
=group_props   [{name,push_single},sequence]
=started       2024-12-18 20:29:52
=ended         2024-12-18 20:29:53
=result        ok
=elapsed       0.000002s
=case          ejabberd_SUITE:push_feature_enabled
=logfile       ejabberd_suite.push_feature_enabled.html
=started       2024-12-18 20:29:53
=ended         2024-12-18 20:29:53
=result        ok
=elapsed       0.102326s
=case          ejabberd_SUITE:push_unsupported_iq
=logfile       ejabberd_suite.push_unsupported_iq.html
=started       2024-12-18 20:29:53
=ended         2024-12-18 20:29:53
=result        ok
=elapsed       0.109795s
=case          ejabberd_SUITE:end_per_group
=logfile       ejabberd_suite.end_per_group.10339.html
=group_props   [{name,push_single},sequence]
=started       2024-12-18 20:29:53
=ended         2024-12-18 20:29:53
=result        ok
=elapsed       0.000002s
=group_time    0.295s
=case          ejabberd_SUITE:test_unregister
=logfile       ejabberd_suite.test_unregister.html
=started       2024-12-18 20:29:53
=ended         2024-12-18 20:29:53
=result        ok
=elapsed       0.003178s
=case          ejabberd_SUITE:end_per_group
=logfile       ejabberd_suite.end_per_group.10371.html
=group_props   [{name,single_user},sequence]
=started       2024-12-18 20:29:53
=ended         2024-12-18 20:29:53
=result        ok
=elapsed       0.000002s
=group_time    15.952s
=case          ejabberd_SUITE:init_per_group
=logfile       ejabberd_suite.init_per_group.10403.html
=group_props   [{name,muc_master_slave},sequence]
=started       2024-12-18 20:29:53
=ended         2024-12-18 20:29:53
=result        ok
=elapsed       0.000004s
=case          ejabberd_SUITE:init_per_group
=logfile       ejabberd_suite.init_per_group.10435.html
=group_props   [{name,muc_register},parallel]
=started       2024-12-18 20:29:53
=ended         2024-12-18 20:29:53
=result        ok
=elapsed       0.000002s
=case          ejabberd_SUITE:muc_register_master
=logfile       ejabberd_suite.muc_register_master.11426.html
=started       2024-12-18 20:29:53
=ended         2024-12-18 20:29:53
=result        ok
=elapsed       0.111109s
=case          ejabberd_SUITE:muc_register_slave
=logfile       ejabberd_suite.muc_register_slave.11458.html
=started       2024-12-18 20:29:53
=ended         2024-12-18 20:29:53
=result        ok
=elapsed       0.108394s
=case          ejabberd_SUITE:end_per_group
=logfile       ejabberd_suite.end_per_group.6724.html
=group_props   [{name,muc_register},parallel]
=started       2024-12-18 20:29:53
=ended         2024-12-18 20:29:53
=result        ok
=elapsed       0.000002s
=group_time    0.170s
=case          ejabberd_SUITE:init_per_group
=logfile       ejabberd_suite.init_per_group.6756.html
=group_props   [{name,muc_groupchat_msg},parallel]
=started       2024-12-18 20:29:53
=ended         2024-12-18 20:29:53
=result        ok
=elapsed       0.000004s
=case          ejabberd_SUITE:muc_groupchat_msg_master
=logfile       ejabberd_suite.muc_groupchat_msg_master.6788.html
=started       2024-12-18 20:29:53
=ended         2024-12-18 20:29:53
=result        ok
=elapsed       0.110703s
=case          ejabberd_SUITE:muc_groupchat_msg_slave
=logfile       ejabberd_suite.muc_groupchat_msg_slave.11522.html
=started       2024-12-18 20:29:53
=ended         2024-12-18 20:29:53
=result        ok
=elapsed       0.108559s
=case          ejabberd_SUITE:end_per_group
=logfile       ejabberd_suite.end_per_group.11554.html
=group_props   [{name,muc_groupchat_msg},parallel]
=started       2024-12-18 20:29:53
=ended         2024-12-18 20:29:53
=result        ok
=elapsed       0.000007s
=group_time    0.170s
=case          ejabberd_SUITE:init_per_group
=logfile       ejabberd_suite.init_per_group.11586.html
=group_props   [{name,muc_private_msg},parallel]
=started       2024-12-18 20:29:53
=ended         2024-12-18 20:29:53
=result        ok
=elapsed       0.000003s
=case          ejabberd_SUITE:muc_private_msg_master
=logfile       ejabberd_suite.muc_private_msg_master.11618.html
=started       2024-12-18 20:29:53
=ended         2024-12-18 20:29:53
=result        ok
=elapsed       0.150820s
=case          ejabberd_SUITE:muc_private_msg_slave
=logfile       ejabberd_suite.muc_private_msg_slave.11650.html
=started       2024-12-18 20:29:53
=ended         2024-12-18 20:29:53
=result        ok
=elapsed       0.148559s
=case          ejabberd_SUITE:end_per_group
=logfile       ejabberd_suite.end_per_group.11746.html
=group_props   [{name,muc_private_msg},parallel]
=started       2024-12-18 20:29:53
=ended         2024-12-18 20:29:54
=result        ok
=elapsed       0.000007s
=group_time    0.209s
=case          ejabberd_SUITE:init_per_group
=logfile       ejabberd_suite.init_per_group.6948.html
=group_props   [{name,muc_set_subject},parallel]
=started       2024-12-18 20:29:54
=ended         2024-12-18 20:29:54
=result        ok
=elapsed       0.000002s
=case          ejabberd_SUITE:muc_set_subject_master
=logfile       ejabberd_suite.muc_set_subject_master.6980.html
=started       2024-12-18 20:29:54
=ended         2024-12-18 20:29:54
=result        ok
=elapsed       0.113793s
=case          ejabberd_SUITE:muc_set_subject_slave
=logfile       ejabberd_suite.muc_set_subject_slave.11778.html
=started       2024-12-18 20:29:54
=ended         2024-12-18 20:29:54
=result        ok
=elapsed       0.111096s
=case          ejabberd_SUITE:end_per_group
=logfile       ejabberd_suite.end_per_group.4165.html
=group_props   [{name,muc_set_subject},parallel]
=started       2024-12-18 20:29:54
=ended         2024-12-18 20:29:54
=result        ok
=elapsed       0.000011s
=group_time    0.172s
=case          ejabberd_SUITE:init_per_group
=logfile       ejabberd_suite.init_per_group.7076.html
=group_props   [{name,muc_history},parallel]
=started       2024-12-18 20:29:54
=ended         2024-12-18 20:29:54
=result        ok
=elapsed       0.000002s
=case          ejabberd_SUITE:muc_history_master
=logfile       ejabberd_suite.muc_history_master.7108.html
=started       2024-12-18 20:29:54
=ended         2024-12-18 20:29:54
=result        ok
=elapsed       0.138091s
=case          ejabberd_SUITE:muc_history_slave
=logfile       ejabberd_suite.muc_history_slave.7140.html
=started       2024-12-18 20:29:54
=ended         2024-12-18 20:29:54
=result        ok
=elapsed       0.134185s
=case          ejabberd_SUITE:end_per_group
=logfile       ejabberd_suite.end_per_group.4197.html
=group_props   [{name,muc_history},parallel]
=started       2024-12-18 20:29:54
=ended         2024-12-18 20:29:54
=result        ok
=elapsed       0.000002s
=group_time    0.193s
=case          ejabberd_SUITE:init_per_group
=logfile       ejabberd_suite.init_per_group.4229.html
=group_props   [{name,muc_invite},parallel]
=started       2024-12-18 20:29:54
=ended         2024-12-18 20:29:54
=result        ok
=elapsed       0.000002s
=case          ejabberd_SUITE:muc_invite_master
=logfile       ejabberd_suite.muc_invite_master.7268.html
=started       2024-12-18 20:29:54
=ended         2024-12-18 20:29:54
=result        ok
=elapsed       0.108298s
=case          ejabberd_SUITE:muc_invite_slave
=logfile       ejabberd_suite.muc_invite_slave.7300.html
=started       2024-12-18 20:29:54
=ended         2024-12-18 20:29:54
=result        ok
=elapsed       0.146186s
=case          ejabberd_SUITE:end_per_group
=logfile       ejabberd_suite.end_per_group.7364.html
=group_props   [{name,muc_invite},parallel]
=started       2024-12-18 20:29:54
=ended         2024-12-18 20:29:54
=result        ok
=elapsed       0.000008s
=group_time    0.203s
=case          ejabberd_SUITE:init_per_group
=logfile       ejabberd_suite.init_per_group.7396.html
=group_props   [{name,muc_invite_members_only},parallel]
=started       2024-12-18 20:29:54
=ended         2024-12-18 20:29:54
=result        ok
=elapsed       0.000002s
=case          ejabberd_SUITE:muc_invite_members_only_master
=logfile       ejabberd_suite.muc_invite_members_only_master.7428.html
=started       2024-12-18 20:29:54
=ended         2024-12-18 20:29:54
=result        ok
=elapsed       0.108345s
=case          ejabberd_SUITE:muc_invite_members_only_slave
=logfile       ejabberd_suite.muc_invite_members_only_slave.7460.html
=started       2024-12-18 20:29:54
=ended         2024-12-18 20:29:54
=result        ok
=elapsed       0.105360s
=case          ejabberd_SUITE:end_per_group
=logfile       ejabberd_suite.end_per_group.7588.html
=group_props   [{name,muc_invite_members_only},parallel]
=started       2024-12-18 20:29:54
=ended         2024-12-18 20:29:54
=result        ok
=elapsed       0.000002s
=group_time    0.166s
=case          ejabberd_SUITE:init_per_group
=logfile       ejabberd_suite.init_per_group.7620.html
=group_props   [{name,muc_invite_password_protected},parallel]
=started       2024-12-18 20:29:54
=ended         2024-12-18 20:29:54
=result        ok
=elapsed       0.000002s
=case          ejabberd_SUITE:muc_invite_password_protected_master
=logfile       ejabberd_suite.muc_invite_password_protected_master.4357.html
=started       2024-12-18 20:29:54
=ended         2024-12-18 20:29:55
=result        ok
=elapsed       0.146850s
=case          ejabberd_SUITE:muc_invite_password_protected_slave
=logfile       ejabberd_suite.muc_invite_password_protected_slave.4389.html
=started       2024-12-18 20:29:54
=ended         2024-12-18 20:29:55
=result        ok
=elapsed       0.106866s
=case          ejabberd_SUITE:end_per_group
=logfile       ejabberd_suite.end_per_group.12034.html
=group_props   [{name,muc_invite_password_protected},parallel]
=started       2024-12-18 20:29:55
=ended         2024-12-18 20:29:55
=result        ok
=elapsed       0.000009s
=group_time    0.206s
=case          ejabberd_SUITE:init_per_group
=logfile       ejabberd_suite.init_per_group.12066.html
=group_props   [{name,muc_voice_request},parallel]
=started       2024-12-18 20:29:55
=ended         2024-12-18 20:29:55
=result        ok
=elapsed       0.000002s
=case          ejabberd_SUITE:muc_voice_request_master
=logfile       ejabberd_suite.muc_voice_request_master.7684.html
=started       2024-12-18 20:29:55
=ended         2024-12-18 20:29:55
=result        ok
=elapsed       0.110980s
=case          ejabberd_SUITE:muc_voice_request_slave
=logfile       ejabberd_suite.muc_voice_request_slave.12098.html
=started       2024-12-18 20:29:55
=ended         2024-12-18 20:29:55
=result        ok
=elapsed       0.109878s
=case          ejabberd_SUITE:end_per_group
=logfile       ejabberd_suite.end_per_group.7716.html
=group_props   [{name,muc_voice_request},parallel]
=started       2024-12-18 20:29:55
=ended         2024-12-18 20:29:55
=result        ok
=elapsed       0.000002s
=group_time    0.170s
=case          ejabberd_SUITE:init_per_group
=logfile       ejabberd_suite.init_per_group.7748.html
=group_props   [{name,muc_change_role},parallel]
=started       2024-12-18 20:29:55
=ended         2024-12-18 20:29:55
=result        ok
=elapsed       0.000002s
=case          ejabberd_SUITE:muc_change_role_master
=logfile       ejabberd_suite.muc_change_role_master.7780.html
=started       2024-12-18 20:29:55
=ended         2024-12-18 20:29:55
=result        ok
=elapsed       0.114433s
=case          ejabberd_SUITE:muc_change_role_slave
=logfile       ejabberd_suite.muc_change_role_slave.12226.html
=started       2024-12-18 20:29:55
=ended         2024-12-18 20:29:55
=result        ok
=elapsed       0.113283s
=case          ejabberd_SUITE:end_per_group
=logfile       ejabberd_suite.end_per_group.7876.html
=group_props   [{name,muc_change_role},parallel]
=started       2024-12-18 20:29:55
=ended         2024-12-18 20:29:55
=result        ok
=elapsed       0.000002s
=group_time    0.171s
=case          ejabberd_SUITE:init_per_group
=logfile       ejabberd_suite.init_per_group.7908.html
=group_props   [{name,muc_kick},parallel]
=started       2024-12-18 20:29:55
=ended         2024-12-18 20:29:55
=result        ok
=elapsed       0.000002s
=case          ejabberd_SUITE:muc_kick_master
=logfile       ejabberd_suite.muc_kick_master.7940.html
=started       2024-12-18 20:29:55
=ended         2024-12-18 20:29:55
=result        ok
=elapsed       0.108905s
=case          ejabberd_SUITE:muc_kick_slave
=logfile       ejabberd_suite.muc_kick_slave.7972.html
=started       2024-12-18 20:29:55
=ended         2024-12-18 20:29:55
=result        ok
=elapsed       0.105381s
=case          ejabberd_SUITE:end_per_group
=logfile       ejabberd_suite.end_per_group.8036.html
=group_props   [{name,muc_kick},parallel]
=started       2024-12-18 20:29:55
=ended         2024-12-18 20:29:55
=result        ok
=elapsed       0.000002s
=group_time    0.165s
=case          ejabberd_SUITE:init_per_group
=logfile       ejabberd_suite.init_per_group.8068.html
=group_props   [{name,muc_change_affiliation},parallel]
=started       2024-12-18 20:29:55
=ended         2024-12-18 20:29:55
=result        ok
=elapsed       0.000002s
=case          ejabberd_SUITE:muc_change_affiliation_master
=logfile       ejabberd_suite.muc_change_affiliation_master.12354.html
=started       2024-12-18 20:29:55
=ended         2024-12-18 20:29:55
=result        ok
=elapsed       0.118506s
=case          ejabberd_SUITE:muc_change_affiliation_slave
=logfile       ejabberd_suite.muc_change_affiliation_slave.12386.html
=started       2024-12-18 20:29:55
=ended         2024-12-18 20:29:55
=result        ok
=elapsed       0.114874s
=case          ejabberd_SUITE:end_per_group
=logfile       ejabberd_suite.end_per_group.11043.html
=group_props   [{name,muc_change_affiliation},parallel]
=started       2024-12-18 20:29:55
=ended         2024-12-18 20:29:55
=result        ok
=elapsed       0.000002s
=group_time    0.176s
=case          ejabberd_SUITE:init_per_group
=logfile       ejabberd_suite.init_per_group.11075.html
=group_props   [{name,muc_destroy},parallel]
=started       2024-12-18 20:29:55
=ended         2024-12-18 20:29:55
=result        ok
=elapsed       0.000002s
=case          ejabberd_SUITE:muc_destroy_master
=logfile       ejabberd_suite.muc_destroy_master.8164.html
=started       2024-12-18 20:29:55
=ended         2024-12-18 20:29:56
=result        ok
=elapsed       0.108104s
=case          ejabberd_SUITE:muc_destroy_slave
=logfile       ejabberd_suite.muc_destroy_slave.8132.html
=started       2024-12-18 20:29:55
=ended         2024-12-18 20:29:56
=result        ok
=elapsed       0.106924s
=case          ejabberd_SUITE:end_per_group
=logfile       ejabberd_suite.end_per_group.8260.html
=group_props   [{name,muc_destroy},parallel]
=started       2024-12-18 20:29:56
=ended         2024-12-18 20:29:56
=result        ok
=elapsed       0.000003s
=group_time    0.167s
=case          ejabberd_SUITE:init_per_group
=logfile       ejabberd_suite.init_per_group.8292.html
=group_props   [{name,muc_vcard},parallel]
=started       2024-12-18 20:29:56
=ended         2024-12-18 20:29:56
=result        ok
=elapsed       0.000002s
=case          ejabberd_SUITE:muc_vcard_master
=logfile       ejabberd_suite.muc_vcard_master.8324.html
=started       2024-12-18 20:29:56
=ended         2024-12-18 20:29:56
=result        ok
=elapsed       0.111722s
=case          ejabberd_SUITE:muc_vcard_slave
=logfile       ejabberd_suite.muc_vcard_slave.8356.html
=started       2024-12-18 20:29:56
=ended         2024-12-18 20:29:56
=result        ok
=elapsed       0.109682s
=case          ejabberd_SUITE:end_per_group
=logfile       ejabberd_suite.end_per_group.8452.html
=group_props   [{name,muc_vcard},parallel]
=started       2024-12-18 20:29:56
=ended         2024-12-18 20:29:56
=result        ok
=elapsed       0.000007s
=group_time    0.170s
=case          ejabberd_SUITE:init_per_group
=logfile       ejabberd_suite.init_per_group.8484.html
=group_props   [{name,muc_nick_change},parallel]
=started       2024-12-18 20:29:56
=ended         2024-12-18 20:29:56
=result        ok
=elapsed       0.000002s
=case          ejabberd_SUITE:muc_nick_change_master
=logfile       ejabberd_suite.muc_nick_change_master.8516.html
=started       2024-12-18 20:29:56
=ended         2024-12-18 20:29:56
=result        ok
=elapsed       0.108762s
=case          ejabberd_SUITE:muc_nick_change_slave
=logfile       ejabberd_suite.muc_nick_change_slave.11235.html
=started       2024-12-18 20:29:56
=ended         2024-12-18 20:29:56
=result        ok
=elapsed       0.106934s
=case          ejabberd_SUITE:end_per_group
=logfile       ejabberd_suite.end_per_group.11267.html
=group_props   [{name,muc_nick_change},parallel]
=started       2024-12-18 20:29:56
=ended         2024-12-18 20:29:56
=result        ok
=elapsed       0.000002s
=group_time    0.167s
=case          ejabberd_SUITE:init_per_group
=logfile       ejabberd_suite.init_per_group.12674.html
=group_props   [{name,muc_config_title_desc},parallel]
=started       2024-12-18 20:29:56
=ended         2024-12-18 20:29:56
=result        ok
=elapsed       0.000002s
=case          ejabberd_SUITE:muc_config_title_desc_master
=logfile       ejabberd_suite.muc_config_title_desc_master.11299.html
=started       2024-12-18 20:29:56
=ended         2024-12-18 20:29:56
=result        ok
=elapsed       0.109824s
=case          ejabberd_SUITE:muc_config_title_desc_slave
=logfile       ejabberd_suite.muc_config_title_desc_slave.11331.html
=started       2024-12-18 20:29:56
=ended         2024-12-18 20:29:56
=result        ok
=elapsed       0.105661s
=case          ejabberd_SUITE:end_per_group
=logfile       ejabberd_suite.end_per_group.12834.html
=group_props   [{name,muc_config_title_desc},parallel]
=started       2024-12-18 20:29:56
=ended         2024-12-18 20:29:56
=result        ok
=elapsed       0.000002s
=group_time    0.167s
=case          ejabberd_SUITE:init_per_group
=logfile       ejabberd_suite.init_per_group.12866.html
=group_props   [{name,muc_config_public_list},parallel]
=started       2024-12-18 20:29:56
=ended         2024-12-18 20:29:56
=result        ok
=elapsed       0.000003s
=case          ejabberd_SUITE:muc_config_public_list_master
=logfile       ejabberd_suite.muc_config_public_list_master.12898.html
=started       2024-12-18 20:29:56
=ended         2024-12-18 20:29:56
=result        ok
=elapsed       0.112155s
=case          ejabberd_SUITE:muc_config_public_list_slave
=logfile       ejabberd_suite.muc_config_public_list_slave.11395.html
=started       2024-12-18 20:29:56
=ended         2024-12-18 20:29:56
=result        ok
=elapsed       0.110925s
=case          ejabberd_SUITE:end_per_group
=logfile       ejabberd_suite.end_per_group.11459.html
=group_props   [{name,muc_config_public_list},parallel]
=started       2024-12-18 20:29:56
=ended         2024-12-18 20:29:56
=result        ok
=elapsed       0.000002s
=group_time    0.170s
=case          ejabberd_SUITE:init_per_group
=logfile       ejabberd_suite.init_per_group.11491.html
=group_props   [{name,muc_config_password},parallel]
=started       2024-12-18 20:29:56
=ended         2024-12-18 20:29:56
=result        ok
=elapsed       0.000002s
=case          ejabberd_SUITE:muc_config_password_master
=logfile       ejabberd_suite.muc_config_password_master.11523.html
=started       2024-12-18 20:29:56
=ended         2024-12-18 20:29:56
=result        ok
=elapsed       0.111586s
=case          ejabberd_SUITE:muc_config_password_slave
=logfile       ejabberd_suite.muc_config_password_slave.11555.html
=started       2024-12-18 20:29:56
=ended         2024-12-18 20:29:56
=result        ok
=elapsed       0.108541s
=case          ejabberd_SUITE:end_per_group
=logfile       ejabberd_suite.end_per_group.13090.html
=group_props   [{name,muc_config_password},parallel]
=started       2024-12-18 20:29:57
=ended         2024-12-18 20:29:57
=result        ok
=elapsed       0.000002s
=group_time    0.171s
=case          ejabberd_SUITE:init_per_group
=logfile       ejabberd_suite.init_per_group.13122.html
=group_props   [{name,muc_config_whois},parallel]
=started       2024-12-18 20:29:57
=ended         2024-12-18 20:29:57
=result        ok
=elapsed       0.000003s
=case          ejabberd_SUITE:muc_config_whois_master
=logfile       ejabberd_suite.muc_config_whois_master.13154.html
=started       2024-12-18 20:29:57
=ended         2024-12-18 20:29:57
=result        ok
=elapsed       0.113015s
=case          ejabberd_SUITE:muc_config_whois_slave
=logfile       ejabberd_suite.muc_config_whois_slave.8740.html
=started       2024-12-18 20:29:57
=ended         2024-12-18 20:29:57
=result        ok
=elapsed       0.111839s
=case          ejabberd_SUITE:end_per_group
=logfile       ejabberd_suite.end_per_group.8836.html
=group_props   [{name,muc_config_whois},parallel]
=started       2024-12-18 20:29:57
=ended         2024-12-18 20:29:57
=result        ok
=elapsed       0.000002s
=group_time    0.172s
=case          ejabberd_SUITE:init_per_group
=logfile       ejabberd_suite.init_per_group.8868.html
=group_props   [{name,muc_config_members_only},parallel]
=started       2024-12-18 20:29:57
=ended         2024-12-18 20:29:57
=result        ok
=elapsed       0.000002s
=case          ejabberd_SUITE:muc_config_members_only_master
=logfile       ejabberd_suite.muc_config_members_only_master.8900.html
=started       2024-12-18 20:29:57
=ended         2024-12-18 20:29:57
=result        ok
=elapsed       0.113850s
=case          ejabberd_SUITE:muc_config_members_only_slave
=logfile       ejabberd_suite.muc_config_members_only_slave.8932.html
=started       2024-12-18 20:29:57
=ended         2024-12-18 20:29:57
=result        ok
=elapsed       0.113278s
=case          ejabberd_SUITE:end_per_group
=logfile       ejabberd_suite.end_per_group.11651.html
=group_props   [{name,muc_config_members_only},parallel]
=started       2024-12-18 20:29:57
=ended         2024-12-18 20:29:57
=result        ok
=elapsed       0.000002s
=group_time    0.172s
=case          ejabberd_SUITE:init_per_group
=logfile       ejabberd_suite.init_per_group.13282.html
=group_props   [{name,muc_config_moderated},parallel]
=started       2024-12-18 20:29:57
=ended         2024-12-18 20:29:57
=result        ok
=elapsed       0.000002s
=case          ejabberd_SUITE:muc_config_moderated_master
=logfile       ejabberd_suite.muc_config_moderated_master.9060.html
=started       2024-12-18 20:29:57
=ended         2024-12-18 20:29:57
=result        ok
=elapsed       0.112982s
=case          ejabberd_SUITE:muc_config_moderated_slave
=logfile       ejabberd_suite.muc_config_moderated_slave.9092.html
=started       2024-12-18 20:29:57
=ended         2024-12-18 20:29:57
=result        ok
=elapsed       0.109058s
=case          ejabberd_SUITE:end_per_group
=logfile       ejabberd_suite.end_per_group.9124.html
=group_props   [{name,muc_config_moderated},parallel]
=started       2024-12-18 20:29:57
=ended         2024-12-18 20:29:57
=result        ok
=elapsed       0.000007s
=group_time    0.171s
=case          ejabberd_SUITE:init_per_group
=logfile       ejabberd_suite.init_per_group.9156.html
=group_props   [{name,muc_config_private_messages},parallel]
=started       2024-12-18 20:29:57
=ended         2024-12-18 20:29:57
=result        ok
=elapsed       0.000004s
=case          ejabberd_SUITE:muc_config_private_messages_master
=logfile       ejabberd_suite.muc_config_private_messages_master.9188.html
=started       2024-12-18 20:29:57
=ended         2024-12-18 20:29:57
=result        ok
=elapsed       0.116299s
=case          ejabberd_SUITE:muc_config_private_messages_slave
=logfile       ejabberd_suite.muc_config_private_messages_slave.9220.html
=started       2024-12-18 20:29:57
=ended         2024-12-18 20:29:57
=result        ok
=elapsed       0.114680s
=case          ejabberd_SUITE:end_per_group
=logfile       ejabberd_suite.end_per_group.9284.html
=group_props   [{name,muc_config_private_messages},parallel]
=started       2024-12-18 20:29:57
=ended         2024-12-18 20:29:57
=result        ok
=elapsed       0.000002s
=group_time    0.175s
=case          ejabberd_SUITE:init_per_group
=logfile       ejabberd_suite.init_per_group.11875.html
=group_props   [{name,muc_config_query},parallel]
=started       2024-12-18 20:29:57
=ended         2024-12-18 20:29:57
=result        ok
=elapsed       0.000002s
=case          ejabberd_SUITE:muc_config_query_master
=logfile       ejabberd_suite.muc_config_query_master.11907.html
=started       2024-12-18 20:29:57
=ended         2024-12-18 20:29:58
=result        ok
=elapsed       0.154717s
=case          ejabberd_SUITE:muc_config_query_slave
=logfile       ejabberd_suite.muc_config_query_slave.11939.html
=started       2024-12-18 20:29:57
=ended         2024-12-18 20:29:58
=result        ok
=elapsed       0.151595s
=case          ejabberd_SUITE:end_per_group
=logfile       ejabberd_suite.end_per_group.12003.html
=group_props   [{name,muc_config_query},parallel]
=started       2024-12-18 20:29:58
=ended         2024-12-18 20:29:58
=result        ok
=elapsed       0.000002s
=group_time    0.212s
=case          ejabberd_SUITE:init_per_group
=logfile       ejabberd_suite.init_per_group.12035.html
=group_props   [{name,muc_config_allow_invites},parallel]
=started       2024-12-18 20:29:58
=ended         2024-12-18 20:29:58
=result        ok
=elapsed       0.000002s
=case          ejabberd_SUITE:muc_config_allow_invites_master
=logfile       ejabberd_suite.muc_config_allow_invites_master.9380.html
=started       2024-12-18 20:29:58
=ended         2024-12-18 20:29:58
=result        ok
=elapsed       0.111637s
=case          ejabberd_SUITE:muc_config_allow_invites_slave
=logfile       ejabberd_suite.muc_config_allow_invites_slave.9412.html
=started       2024-12-18 20:29:58
=ended         2024-12-18 20:29:58
=result        ok
=elapsed       0.108486s
=case          ejabberd_SUITE:end_per_group
=logfile       ejabberd_suite.end_per_group.4421.html
=group_props   [{name,muc_config_allow_invites},parallel]
=started       2024-12-18 20:29:58
=ended         2024-12-18 20:29:58
=result        ok
=elapsed       0.000007s
=group_time    0.168s
=case          ejabberd_SUITE:init_per_group
=logfile       ejabberd_suite.init_per_group.4453.html
=group_props   [{name,muc_config_visitor_status},parallel]
=started       2024-12-18 20:29:58
=ended         2024-12-18 20:29:58
=result        ok
=elapsed       0.000002s
=case          ejabberd_SUITE:muc_config_visitor_status_master
=logfile       ejabberd_suite.muc_config_visitor_status_master.4485.html
=started       2024-12-18 20:29:58
=ended         2024-12-18 20:29:58
=result        ok
=elapsed       0.110805s
=case          ejabberd_SUITE:muc_config_visitor_status_slave
=logfile       ejabberd_suite.muc_config_visitor_status_slave.12099.html
=started       2024-12-18 20:29:58
=ended         2024-12-18 20:29:58
=result        ok
=elapsed       0.108676s
=case          ejabberd_SUITE:end_per_group
=logfile       ejabberd_suite.end_per_group.12195.html
=group_props   [{name,muc_config_visitor_status},parallel]
=started       2024-12-18 20:29:58
=ended         2024-12-18 20:29:58
=result        ok
=elapsed       0.000002s
=group_time    0.169s
=case          ejabberd_SUITE:init_per_group
=logfile       ejabberd_suite.init_per_group.12227.html
=group_props   [{name,muc_config_allow_voice_requests},parallel]
=started       2024-12-18 20:29:58
=ended         2024-12-18 20:29:58
=result        ok
=elapsed       0.000003s
=case          ejabberd_SUITE:muc_config_allow_voice_requests_master
=logfile       ejabberd_suite.muc_config_allow_voice_requests_master.13506.html
=started       2024-12-18 20:29:58
=ended         2024-12-18 20:29:58
=result        ok
=elapsed       0.110548s
=case          ejabberd_SUITE:muc_config_allow_voice_requests_slave
=logfile       ejabberd_suite.muc_config_allow_voice_requests_slave.12259.html
=started       2024-12-18 20:29:58
=ended         2024-12-18 20:29:58
=result        ok
=elapsed       0.105951s
=case          ejabberd_SUITE:end_per_group
=logfile       ejabberd_suite.end_per_group.9604.html
=group_props   [{name,muc_config_allow_voice_requests},parallel]
=started       2024-12-18 20:29:58
=ended         2024-12-18 20:29:58
=result        ok
=elapsed       0.000003s
=group_time    0.169s
=case          ejabberd_SUITE:init_per_group
=logfile       ejabberd_suite.init_per_group.13602.html
=group_props   [{name,muc_config_voice_request_interval},parallel]
=started       2024-12-18 20:29:58
=ended         2024-12-18 20:29:58
=result        ok
=elapsed       0.000002s
=case          ejabberd_SUITE:muc_config_voice_request_interval_master
=logfile       ejabberd_suite.muc_config_voice_request_interval_master.13634.html
=started       2024-12-18 20:29:58
=ended         2024-12-18 20:30:03
=result        ok
=elapsed       5.198387s
=case          ejabberd_SUITE:muc_config_voice_request_interval_slave
=logfile       ejabberd_suite.muc_config_voice_request_interval_slave.13666.html
=started       2024-12-18 20:29:58
=ended         2024-12-18 20:30:03
=result        ok
=elapsed       5.195539s
=case          ejabberd_SUITE:end_per_group
=logfile       ejabberd_suite.end_per_group.13730.html
=group_props   [{name,muc_config_voice_request_interval},parallel]
=started       2024-12-18 20:30:03
=ended         2024-12-18 20:30:03
=result        ok
=elapsed       0.000003s
=group_time    5.255s
=case          ejabberd_SUITE:init_per_group
=logfile       ejabberd_suite.init_per_group.13762.html
=group_props   [{name,muc_config_visitor_nickchange},parallel]
=started       2024-12-18 20:30:03
=ended         2024-12-18 20:30:03
=result        ok
=elapsed       0.000003s
=case          ejabberd_SUITE:muc_config_visitor_nickchange_master
=logfile       ejabberd_suite.muc_config_visitor_nickchange_master.13794.html
=started       2024-12-18 20:30:03
=ended         2024-12-18 20:30:04
=result        ok
=elapsed       0.110859s
=case          ejabberd_SUITE:muc_config_visitor_nickchange_slave
=logfile       ejabberd_suite.muc_config_visitor_nickchange_slave.4677.html
=started       2024-12-18 20:30:03
=ended         2024-12-18 20:30:04
=result        ok
=elapsed       0.107950s
=case          ejabberd_SUITE:end_per_group
=logfile       ejabberd_suite.end_per_group.4741.html
=group_props   [{name,muc_config_visitor_nickchange},parallel]
=started       2024-12-18 20:30:04
=ended         2024-12-18 20:30:04
=result        ok
=elapsed       0.000001s
=group_time    0.168s
=case          ejabberd_SUITE:init_per_group
=logfile       ejabberd_suite.init_per_group.4773.html
=group_props   [{name,muc_join_conflict},parallel]
=started       2024-12-18 20:30:04
=ended         2024-12-18 20:30:04
=result        ok
=elapsed       0.000003s
=case          ejabberd_SUITE:muc_join_conflict_master
=logfile       ejabberd_suite.muc_join_conflict_master.4805.html
=started       2024-12-18 20:30:04
=ended         2024-12-18 20:30:04
=result        ok
=elapsed       0.106955s
=case          ejabberd_SUITE:muc_join_conflict_slave
=logfile       ejabberd_suite.muc_join_conflict_slave.4837.html
=started       2024-12-18 20:30:04
=ended         2024-12-18 20:30:04
=result        ok
=elapsed       0.106176s
=case          ejabberd_SUITE:end_per_group
=logfile       ejabberd_suite.end_per_group.4933.html
=group_props   [{name,muc_join_conflict},parallel]
=started       2024-12-18 20:30:04
=ended         2024-12-18 20:30:04
=result        ok
=elapsed       0.000002s
=group_time    0.164s
=case          ejabberd_SUITE:end_per_group
=logfile       ejabberd_suite.end_per_group.4965.html
=group_props   [{name,muc_master_slave},sequence]
=started       2024-12-18 20:30:04
=ended         2024-12-18 20:30:04
=result        ok
=elapsed       0.000007s
=group_time    10.943s
=case          ejabberd_SUITE:init_per_group
=logfile       ejabberd_suite.init_per_group.4997.html
=group_props   [{name,privacy_master_slave},sequence]
=started       2024-12-18 20:30:04
=ended         2024-12-18 20:30:04
=result        ok
=elapsed       0.000002s
=case          ejabberd_SUITE:init_per_group
=logfile       ejabberd_suite.init_per_group.13986.html
=group_props   [{name,privacy_deny_bare_jid},parallel]
=started       2024-12-18 20:30:04
=ended         2024-12-18 20:30:04
=result        ok
=elapsed       0.000002s
=case          ejabberd_SUITE:privacy_deny_bare_jid_master
=logfile       ejabberd_suite.privacy_deny_bare_jid_master.14018.html
=started       2024-12-18 20:30:04
=ended         2024-12-18 20:30:05
=result        ok
=elapsed       1.117210s
=case          ejabberd_SUITE:privacy_deny_bare_jid_slave
=logfile       ejabberd_suite.privacy_deny_bare_jid_slave.14050.html
=started       2024-12-18 20:30:04
=ended         2024-12-18 20:30:05
=result        ok
=elapsed       1.119408s
=case          ejabberd_SUITE:end_per_group
=logfile       ejabberd_suite.end_per_group.14146.html
=group_props   [{name,privacy_deny_bare_jid},parallel]
=started       2024-12-18 20:30:05
=ended         2024-12-18 20:30:05
=result        ok
=elapsed       0.000002s
=group_time    1.177s
=case          ejabberd_SUITE:init_per_group
=logfile       ejabberd_suite.init_per_group.14178.html
=group_props   [{name,privacy_deny_full_jid},parallel]
=started       2024-12-18 20:30:05
=ended         2024-12-18 20:30:05
=result        ok
=elapsed       0.000002s
=case          ejabberd_SUITE:privacy_deny_full_jid_master
=logfile       ejabberd_suite.privacy_deny_full_jid_master.14210.html
=started       2024-12-18 20:30:05
=ended         2024-12-18 20:30:06
=result        ok
=elapsed       1.123133s
=case          ejabberd_SUITE:privacy_deny_full_jid_slave
=logfile       ejabberd_suite.privacy_deny_full_jid_slave.14242.html
=started       2024-12-18 20:30:05
=ended         2024-12-18 20:30:06
=result        ok
=elapsed       1.124285s
=case          ejabberd_SUITE:end_per_group
=logfile       ejabberd_suite.end_per_group.14306.html
=group_props   [{name,privacy_deny_full_jid},parallel]
=started       2024-12-18 20:30:06
=ended         2024-12-18 20:30:06
=result        ok
=elapsed       0.000008s
=group_time    1.183s
=case          ejabberd_SUITE:init_per_group
=logfile       ejabberd_suite.init_per_group.14338.html
=group_props   [{name,privacy_deny_server_bare_jid},parallel]
=started       2024-12-18 20:30:06
=ended         2024-12-18 20:30:06
=result        ok
=elapsed       0.000002s
=case          ejabberd_SUITE:privacy_deny_server_bare_jid_master
=logfile       ejabberd_suite.privacy_deny_server_bare_jid_master.14370.html
=started       2024-12-18 20:30:06
=ended         2024-12-18 20:30:07
=result        ok
=elapsed       1.123543s
=case          ejabberd_SUITE:privacy_deny_server_bare_jid_slave
=logfile       ejabberd_suite.privacy_deny_server_bare_jid_slave.14402.html
=started       2024-12-18 20:30:06
=ended         2024-12-18 20:30:07
=result        ok
=elapsed       1.121572s
=case          ejabberd_SUITE:end_per_group
=logfile       ejabberd_suite.end_per_group.14466.html
=group_props   [{name,privacy_deny_server_bare_jid},parallel]
=started       2024-12-18 20:30:07
=ended         2024-12-18 20:30:07
=result        ok
=elapsed       0.000010s
=group_time    1.183s
=case          ejabberd_SUITE:init_per_group
=logfile       ejabberd_suite.init_per_group.14498.html
=group_props   [{name,privacy_deny_server_full_jid},parallel]
=started       2024-12-18 20:30:07
=ended         2024-12-18 20:30:07
=result        ok
=elapsed       0.000002s
=case          ejabberd_SUITE:privacy_deny_server_full_jid_master
=logfile       ejabberd_suite.privacy_deny_server_full_jid_master.14530.html
=started       2024-12-18 20:30:08
=ended         2024-12-18 20:30:09
=result        ok
=elapsed       1.115403s
=case          ejabberd_SUITE:privacy_deny_server_full_jid_slave
=logfile       ejabberd_suite.privacy_deny_server_full_jid_slave.9892.html
=started       2024-12-18 20:30:07
=ended         2024-12-18 20:30:09
=result        ok
=elapsed       1.115849s
=case          ejabberd_SUITE:end_per_group
=logfile       ejabberd_suite.end_per_group.9956.html
=group_props   [{name,privacy_deny_server_full_jid},parallel]
=started       2024-12-18 20:30:09
=ended         2024-12-18 20:30:09
=result        ok
=elapsed       0.000002s
=group_time    1.175s
=case          ejabberd_SUITE:init_per_group
=logfile       ejabberd_suite.init_per_group.5189.html
=group_props   [{name,privacy_deny_group},parallel]
=started       2024-12-18 20:30:09
=ended         2024-12-18 20:30:09
=result        ok
=elapsed       0.000002s
=case          ejabberd_SUITE:privacy_deny_group_master
=logfile       ejabberd_suite.privacy_deny_group_master.5221.html
=started       2024-12-18 20:30:09
=ended         2024-12-18 20:30:10
=result        ok
=elapsed       1.127486s
=case          ejabberd_SUITE:privacy_deny_group_slave
=logfile       ejabberd_suite.privacy_deny_group_slave.5253.html
=started       2024-12-18 20:30:09
=ended         2024-12-18 20:30:10
=result        ok
=elapsed       1.126438s
=case          ejabberd_SUITE:end_per_group
=logfile       ejabberd_suite.end_per_group.5381.html
=group_props   [{name,privacy_deny_group},parallel]
=started       2024-12-18 20:30:10
=ended         2024-12-18 20:30:10
=result        ok
=elapsed       0.000006s
=group_time    1.186s
=case          ejabberd_SUITE:init_per_group
=logfile       ejabberd_suite.init_per_group.14690.html
=group_props   [{name,privacy_deny_sub_both},parallel]
=started       2024-12-18 20:30:10
=ended         2024-12-18 20:30:10
=result        ok
=elapsed       0.000003s
=case          ejabberd_SUITE:privacy_deny_sub_both_master
=logfile       ejabberd_suite.privacy_deny_sub_both_master.14722.html
=started       2024-12-18 20:30:10
=ended         2024-12-18 20:30:11
=result        ok
=elapsed       1.121397s
=case          ejabberd_SUITE:privacy_deny_sub_both_slave
=logfile       ejabberd_suite.privacy_deny_sub_both_slave.14754.html
=started       2024-12-18 20:30:10
=ended         2024-12-18 20:30:11
=result        ok
=elapsed       1.122109s
=case          ejabberd_SUITE:end_per_group
=logfile       ejabberd_suite.end_per_group.14882.html
=group_props   [{name,privacy_deny_sub_both},parallel]
=started       2024-12-18 20:30:11
=ended         2024-12-18 20:30:11
=result        ok
=elapsed       0.000002s
=group_time    1.182s
=case          ejabberd_SUITE:init_per_group
=logfile       ejabberd_suite.init_per_group.14914.html
=group_props   [{name,privacy_deny_sub_from},parallel]
=started       2024-12-18 20:30:11
=ended         2024-12-18 20:30:11
=result        ok
=elapsed       0.000002s
=case          ejabberd_SUITE:privacy_deny_sub_from_master
=logfile       ejabberd_suite.privacy_deny_sub_from_master.14946.html
=started       2024-12-18 20:30:11
=ended         2024-12-18 20:30:12
=result        ok
=elapsed       1.119842s
=case          ejabberd_SUITE:privacy_deny_sub_from_slave
=logfile       ejabberd_suite.privacy_deny_sub_from_slave.5541.html
=started       2024-12-18 20:30:11
=ended         2024-12-18 20:30:12
=result        ok
=elapsed       1.120721s
=case          ejabberd_SUITE:end_per_group
=logfile       ejabberd_suite.end_per_group.15010.html
=group_props   [{name,privacy_deny_sub_from},parallel]
=started       2024-12-18 20:30:12
=ended         2024-12-18 20:30:12
=result        ok
=elapsed       0.000002s
=group_time    1.181s
=case          ejabberd_SUITE:init_per_group
=logfile       ejabberd_suite.init_per_group.15042.html
=group_props   [{name,privacy_deny_sub_to},parallel]
=started       2024-12-18 20:30:12
=ended         2024-12-18 20:30:12
=result        ok
=elapsed       0.000002s
=case          ejabberd_SUITE:privacy_deny_sub_to_master
=logfile       ejabberd_suite.privacy_deny_sub_to_master.15074.html
=started       2024-12-18 20:30:12
=ended         2024-12-18 20:30:13
=result        ok
=elapsed       1.119847s
=case          ejabberd_SUITE:privacy_deny_sub_to_slave
=logfile       ejabberd_suite.privacy_deny_sub_to_slave.15106.html
=started       2024-12-18 20:30:12
=ended         2024-12-18 20:30:13
=result        ok
=elapsed       1.119049s
=case          ejabberd_SUITE:end_per_group
=logfile       ejabberd_suite.end_per_group.15266.html
=group_props   [{name,privacy_deny_sub_to},parallel]
=started       2024-12-18 20:30:13
=ended         2024-12-18 20:30:13
=result        ok
=elapsed       0.000002s
=group_time    1.178s
=case          ejabberd_SUITE:init_per_group
=logfile       ejabberd_suite.init_per_group.15298.html
=group_props   [{name,privacy_deny_sub_none},parallel]
=started       2024-12-18 20:30:14
=ended         2024-12-18 20:30:14
=result        ok
=elapsed       0.000002s
=case          ejabberd_SUITE:privacy_deny_sub_none_master
=logfile       ejabberd_suite.privacy_deny_sub_none_master.15330.html
=started       2024-12-18 20:30:14
=ended         2024-12-18 20:30:15
=result        ok
=elapsed       1.116097s
=case          ejabberd_SUITE:privacy_deny_sub_none_slave
=logfile       ejabberd_suite.privacy_deny_sub_none_slave.15362.html
=started       2024-12-18 20:30:14
=ended         2024-12-18 20:30:15
=result        ok
=elapsed       1.115247s
=case          ejabberd_SUITE:end_per_group
=logfile       ejabberd_suite.end_per_group.13059.html
=group_props   [{name,privacy_deny_sub_none},parallel]
=started       2024-12-18 20:30:15
=ended         2024-12-18 20:30:15
=result        ok
=elapsed       0.000003s
=group_time    1.175s
=case          ejabberd_SUITE:init_per_group
=logfile       ejabberd_suite.init_per_group.13091.html
=group_props   [{name,privacy_deny_all},parallel]
=started       2024-12-18 20:30:15
=ended         2024-12-18 20:30:15
=result        ok
=elapsed       0.000002s
=case          ejabberd_SUITE:privacy_deny_all_master
=logfile       ejabberd_suite.privacy_deny_all_master.13123.html
=started       2024-12-18 20:30:15
=ended         2024-12-18 20:30:16
=result        ok
=elapsed       1.115474s
=case          ejabberd_SUITE:privacy_deny_all_slave
=logfile       ejabberd_suite.privacy_deny_all_slave.13155.html
=started       2024-12-18 20:30:15
=ended         2024-12-18 20:30:16
=result        ok
=elapsed       1.114879s
=case          ejabberd_SUITE:end_per_group
=logfile       ejabberd_suite.end_per_group.10212.html
=group_props   [{name,privacy_deny_all},parallel]
=started       2024-12-18 20:30:16
=ended         2024-12-18 20:30:16
=result        ok
=elapsed       0.000002s
=group_time    1.173s
=case          ejabberd_SUITE:init_per_group
=logfile       ejabberd_suite.init_per_group.10244.html
=group_props   [{name,privacy_deny_offline},parallel]
=started       2024-12-18 20:30:16
=ended         2024-12-18 20:30:16
=result        ok
=elapsed       0.000002s
=case          ejabberd_SUITE:privacy_deny_offline_master
=logfile       ejabberd_suite.privacy_deny_offline_master.10276.html
=started       2024-12-18 20:30:16
=ended         2024-12-18 20:30:16
=result        ok
=elapsed       0.232194s
=case          ejabberd_SUITE:privacy_deny_offline_slave
=logfile       ejabberd_suite.privacy_deny_offline_slave.10308.html
=started       2024-12-18 20:30:16
=ended         2024-12-18 20:30:16
=result        ok
=elapsed       0.332819s
=case          ejabberd_SUITE:end_per_group
=logfile       ejabberd_suite.end_per_group.10404.html
=group_props   [{name,privacy_deny_offline},parallel]
=started       2024-12-18 20:30:16
=ended         2024-12-18 20:30:16
=result        ok
=elapsed       0.000002s
=group_time    0.391s
=case          ejabberd_SUITE:init_per_group
=logfile       ejabberd_suite.init_per_group.10436.html
=group_props   [{name,privacy_block},parallel]
=started       2024-12-18 20:30:16
=ended         2024-12-18 20:30:16
=result        ok
=elapsed       0.000003s
=case          ejabberd_SUITE:privacy_block_master
=logfile       ejabberd_suite.privacy_block_master.13315.html
=started       2024-12-18 20:30:16
=ended         2024-12-18 20:30:17
=result        ok
=elapsed       0.411511s
=case          ejabberd_SUITE:privacy_block_slave
=logfile       ejabberd_suite.privacy_block_slave.13347.html
=started       2024-12-18 20:30:16
=ended         2024-12-18 20:30:17
=result        ok
=elapsed       0.409189s
=case          ejabberd_SUITE:end_per_group
=logfile       ejabberd_suite.end_per_group.13475.html
=group_props   [{name,privacy_block},parallel]
=started       2024-12-18 20:30:17
=ended         2024-12-18 20:30:17
=result        ok
=elapsed       0.000003s
=group_time    0.468s
=case          ejabberd_SUITE:init_per_group
=logfile       ejabberd_suite.init_per_group.13507.html
=group_props   [{name,privacy_unblock},parallel]
=started       2024-12-18 20:30:17
=ended         2024-12-18 20:30:17
=result        ok
=elapsed       0.000004s
=case          ejabberd_SUITE:privacy_unblock_master
=logfile       ejabberd_suite.privacy_unblock_master.13539.html
=started       2024-12-18 20:30:17
=ended         2024-12-18 20:30:17
=result        ok
=elapsed       0.191025s
=case          ejabberd_SUITE:privacy_unblock_slave
=logfile       ejabberd_suite.privacy_unblock_slave.10468.html
=started       2024-12-18 20:30:17
=ended         2024-12-18 20:30:17
=result        ok
=elapsed       0.188277s
=case          ejabberd_SUITE:end_per_group
=logfile       ejabberd_suite.end_per_group.10596.html
=group_props   [{name,privacy_unblock},parallel]
=started       2024-12-18 20:30:17
=ended         2024-12-18 20:30:17
=result        ok
=elapsed       0.000002s
=group_time    0.249s
=case          ejabberd_SUITE:init_per_group
=logfile       ejabberd_suite.init_per_group.10628.html
=group_props   [{name,privacy_unblock_all},parallel]
=started       2024-12-18 20:30:17
=ended         2024-12-18 20:30:17
=result        ok
=elapsed       0.000002s
=case          ejabberd_SUITE:privacy_unblock_all_master
=logfile       ejabberd_suite.privacy_unblock_all_master.10660.html
=started       2024-12-18 20:30:17
=ended         2024-12-18 20:30:17
=result        ok
=elapsed       0.189725s
=case          ejabberd_SUITE:privacy_unblock_all_slave
=logfile       ejabberd_suite.privacy_unblock_all_slave.10692.html
=started       2024-12-18 20:30:17
=ended         2024-12-18 20:30:17
=result        ok
=elapsed       0.189285s
=case          ejabberd_SUITE:end_per_group
=logfile       ejabberd_suite.end_per_group.10756.html
=group_props   [{name,privacy_unblock_all},parallel]
=started       2024-12-18 20:30:17
=ended         2024-12-18 20:30:17
=result        ok
=elapsed       0.000002s
=group_time    0.250s
=case          ejabberd_SUITE:end_per_group
=logfile       ejabberd_suite.end_per_group.10788.html
=group_props   [{name,privacy_master_slave},sequence]
=started       2024-12-18 20:30:17
=ended         2024-12-18 20:30:17
=result        ok
=elapsed       0.000007s
=group_time    13.527s
=case          ejabberd_SUITE:init_per_group
=logfile       ejabberd_suite.init_per_group.10820.html
=group_props   [{name,pubsub_master_slave},sequence]
=started       2024-12-18 20:30:17
=ended         2024-12-18 20:30:17
=result        ok
=elapsed       0.000005s
=case          ejabberd_SUITE:init_per_group
=logfile       ejabberd_suite.init_per_group.10852.html
=group_props   [{name,pubsub_publish},parallel]
=started       2024-12-18 20:30:17
=ended         2024-12-18 20:30:17
=result        ok
=elapsed       0.000002s
=case          ejabberd_SUITE:pubsub_publish_master
=logfile       ejabberd_suite.pubsub_publish_master.10884.html
=started       2024-12-18 20:30:17
=ended         2024-12-18 20:30:18
=result        ok
=elapsed       0.105706s
=case          ejabberd_SUITE:pubsub_publish_slave
=logfile       ejabberd_suite.pubsub_publish_slave.10916.html
=started       2024-12-18 20:30:17
=ended         2024-12-18 20:30:18
=result        ok
=elapsed       0.103570s
=case          ejabberd_SUITE:end_per_group
=logfile       ejabberd_suite.end_per_group.10980.html
=group_props   [{name,pubsub_publish},parallel]
=started       2024-12-18 20:30:18
=ended         2024-12-18 20:30:18
=result        ok
=elapsed       0.000002s
=group_time    0.164s
=case          ejabberd_SUITE:init_per_group
=logfile       ejabberd_suite.init_per_group.11012.html
=group_props   [{name,pubsub_subscriptions},parallel]
=started       2024-12-18 20:30:18
=ended         2024-12-18 20:30:18
=result        ok
=elapsed       0.000002s
=case          ejabberd_SUITE:pubsub_subscriptions_master
=logfile       ejabberd_suite.pubsub_subscriptions_master.11044.html
=started       2024-12-18 20:30:18
=ended         2024-12-18 20:30:18
=result        ok
=elapsed       0.111669s
=case          ejabberd_SUITE:pubsub_subscriptions_slave
=logfile       ejabberd_suite.pubsub_subscriptions_slave.13667.html
=started       2024-12-18 20:30:18
=ended         2024-12-18 20:30:18
=result        ok
=elapsed       0.107804s
=case          ejabberd_SUITE:end_per_group
=logfile       ejabberd_suite.end_per_group.13731.html
=group_props   [{name,pubsub_subscriptions},parallel]
=started       2024-12-18 20:30:18
=ended         2024-12-18 20:30:18
=result        ok
=elapsed       0.000002s
=group_time    0.167s
=case          ejabberd_SUITE:init_per_group
=logfile       ejabberd_suite.init_per_group.13763.html
=group_props   [{name,pubsub_affiliations},parallel]
=started       2024-12-18 20:30:18
=ended         2024-12-18 20:30:18
=result        ok
=elapsed       0.000002s
=case          ejabberd_SUITE:pubsub_affiliations_master
=logfile       ejabberd_suite.pubsub_affiliations_master.13795.html
=started       2024-12-18 20:30:18
=ended         2024-12-18 20:30:20
=result        ok
=elapsed       1.717625s
=case          ejabberd_SUITE:pubsub_affiliations_slave
=logfile       ejabberd_suite.pubsub_affiliations_slave.13827.html
=started       2024-12-18 20:30:18
=ended         2024-12-18 20:30:20
=result        ok
=elapsed       1.737810s
=case          ejabberd_SUITE:end_per_group
=logfile       ejabberd_suite.end_per_group.13859.html
=group_props   [{name,pubsub_affiliations},parallel]
=started       2024-12-18 20:30:20
=ended         2024-12-18 20:30:20
=result        ok
=elapsed       0.000002s
=group_time    1.796s
=case          ejabberd_SUITE:init_per_group
=logfile       ejabberd_suite.init_per_group.15778.html
=group_props   [{name,pubsub_authorize},parallel]
=started       2024-12-18 20:30:20
=ended         2024-12-18 20:30:20
=result        ok
=elapsed       0.000002s
=case          ejabberd_SUITE:pubsub_authorize_master
=logfile       ejabberd_suite.pubsub_authorize_master.15810.html
=started       2024-12-18 20:30:20
=ended         2024-12-18 20:30:20
=result        ok
=elapsed       0.194578s
=case          ejabberd_SUITE:pubsub_authorize_slave
=logfile       ejabberd_suite.pubsub_authorize_slave.15842.html
=started       2024-12-18 20:30:20
=ended         2024-12-18 20:30:20
=result        ok
=elapsed       0.150823s
=case          ejabberd_SUITE:end_per_group
=logfile       ejabberd_suite.end_per_group.15906.html
=group_props   [{name,pubsub_authorize},parallel]
=started       2024-12-18 20:30:20
=ended         2024-12-18 20:30:20
=result        ok
=elapsed       0.000008s
=group_time    0.252s
=case          ejabberd_SUITE:end_per_group
=logfile       ejabberd_suite.end_per_group.15938.html
=group_props   [{name,pubsub_master_slave},sequence]
=started       2024-12-18 20:30:20
=ended         2024-12-18 20:30:20
=result        ok
=elapsed       0.000007s
=group_time    2.507s
=case          ejabberd_SUITE:init_per_group
=logfile       ejabberd_suite.init_per_group.5701.html
=group_props   [{name,roster_master_slave},sequence]
=started       2024-12-18 20:30:20
=ended         2024-12-18 20:30:20
=result        ok
=elapsed       0.000003s
=case          ejabberd_SUITE:init_per_group
=logfile       ejabberd_suite.init_per_group.5733.html
=group_props   [{name,roster_subscribe},parallel]
=started       2024-12-18 20:30:20
=ended         2024-12-18 20:30:20
=result        ok
=elapsed       0.000001s
=case          ejabberd_SUITE:roster_subscribe_master
=logfile       ejabberd_suite.roster_subscribe_master.15970.html
=started       2024-12-18 20:30:20
=ended         2024-12-18 20:30:32
=result        ok
=elapsed       12.193851s
=case          ejabberd_SUITE:roster_subscribe_slave
=logfile       ejabberd_suite.roster_subscribe_slave.16002.html
=started       2024-12-18 20:30:20
=ended         2024-12-18 20:30:32
=result        ok
=elapsed       12.194606s
=case          ejabberd_SUITE:end_per_group
=logfile       ejabberd_suite.end_per_group.17186.html
=group_props   [{name,roster_subscribe},parallel]
=started       2024-12-18 20:30:32
=ended         2024-12-18 20:30:32
=result        ok
=elapsed       0.000003s
=group_time    12.254s
=case          ejabberd_SUITE:end_per_group
=logfile       ejabberd_suite.end_per_group.17218.html
=group_props   [{name,roster_master_slave},sequence]
=started       2024-12-18 20:30:32
=ended         2024-12-18 20:30:32
=result        ok
=elapsed       0.000002s
=group_time    12.306s
=case          ejabberd_SUITE:init_per_group
=logfile       ejabberd_suite.init_per_group.17250.html
=group_props   [{name,offline_master_slave},sequence]
=started       2024-12-18 20:30:32
=ended         2024-12-18 20:30:32
=result        ok
=elapsed       0.000003s
=case          ejabberd_SUITE:init_per_group
=logfile       ejabberd_suite.init_per_group.17282.html
=group_props   [{name,offline_flex},parallel]
=started       2024-12-18 20:30:32
=ended         2024-12-18 20:30:32
=result        ok
=elapsed       0.000001s
=case          ejabberd_SUITE:offline_flex_master
=logfile       ejabberd_suite.offline_flex_master.17314.html
=started       2024-12-18 20:30:32
=ended         2024-12-18 20:30:33
=result        ok
=elapsed       0.204101s
=case          ejabberd_SUITE:offline_flex_slave
=logfile       ejabberd_suite.offline_flex_slave.15427.html
=started       2024-12-18 20:30:32
=ended         2024-12-18 20:30:33
=result        ok
=elapsed       0.317661s
=case          ejabberd_SUITE:end_per_group
=logfile       ejabberd_suite.end_per_group.6949.html
=group_props   [{name,offline_flex},parallel]
=started       2024-12-18 20:30:33
=ended         2024-12-18 20:30:33
=result        ok
=elapsed       0.000006s
=group_time    0.375s
=case          ejabberd_SUITE:init_per_group
=logfile       ejabberd_suite.init_per_group.6981.html
=group_props   [{name,offline_send_all},parallel]
=started       2024-12-18 20:30:33
=ended         2024-12-18 20:30:33
=result        ok
=elapsed       0.000002s
=case          ejabberd_SUITE:offline_send_all_master
=logfile       ejabberd_suite.offline_send_all_master.7013.html
=started       2024-12-18 20:30:33
=ended         2024-12-18 20:30:47
=result        ok
=elapsed       13.932913s
=case          ejabberd_SUITE:offline_send_all_slave
=logfile       ejabberd_suite.offline_send_all_slave.7045.html
=started       2024-12-18 20:30:33
=ended         2024-12-18 20:30:47
=result        ok
=elapsed       14.072690s
=case          ejabberd_SUITE:end_per_group
=logfile       ejabberd_suite.end_per_group.15491.html
=group_props   [{name,offline_send_all},parallel]
=started       2024-12-18 20:30:47
=ended         2024-12-18 20:30:47
=result        ok
=elapsed       0.000002s
=group_time    14.132s
=case          ejabberd_SUITE:init_per_group
=logfile       ejabberd_suite.init_per_group.12164.html
=group_props   [{name,offline_from_mam},parallel]
=started       2024-12-18 20:30:47
=ended         2024-12-18 20:30:47
=result        ok
=elapsed       0.000002s
=case          ejabberd_SUITE:offline_from_mam_master
=logfile       ejabberd_suite.offline_from_mam_master.12196.html
=started       2024-12-18 20:30:47
=ended         2024-12-18 20:31:01
=result        ok
=elapsed       13.843945s
=case          ejabberd_SUITE:offline_from_mam_slave
=logfile       ejabberd_suite.offline_from_mam_slave.12228.html
=started       2024-12-18 20:30:47
=ended         2024-12-18 20:31:01
=result        ok
=elapsed       14.013016s
=case          ejabberd_SUITE:end_per_group
=logfile       ejabberd_suite.end_per_group.17474.html
=group_props   [{name,offline_from_mam},parallel]
=started       2024-12-18 20:31:01
=ended         2024-12-18 20:31:01
=result        ok
=elapsed       0.000002s
=group_time    14.072s
=case          ejabberd_SUITE:init_per_group
=logfile       ejabberd_suite.init_per_group.17506.html
=group_props   [{name,offline_mucsub_mam},parallel]
=started       2024-12-18 20:31:01
=ended         2024-12-18 20:31:01
=result        ok
=elapsed       0.000003s
=case          ejabberd_SUITE:offline_mucsub_mam_master
=logfile       ejabberd_suite.offline_mucsub_mam_master.17538.html
=started       2024-12-18 20:31:01
=ended         2024-12-18 20:31:01
=result        ok
=elapsed       0.219935s
=case          ejabberd_SUITE:offline_mucsub_mam_slave
=logfile       ejabberd_suite.offline_mucsub_mam_slave.17570.html
=started       2024-12-18 20:31:01
=ended         2024-12-18 20:31:01
=result        ok
=elapsed       0.218818s
=case          ejabberd_SUITE:end_per_group
=logfile       ejabberd_suite.end_per_group.17666.html
=group_props   [{name,offline_mucsub_mam},parallel]
=started       2024-12-18 20:31:01
=ended         2024-12-18 20:31:01
=result        ok
=elapsed       0.000002s
=group_time    0.278s
=case          ejabberd_SUITE:end_per_group
=logfile       ejabberd_suite.end_per_group.17698.html
=group_props   [{name,offline_master_slave},sequence]
=started       2024-12-18 20:31:01
=ended         2024-12-18 20:31:01
=result        ok
=elapsed       0.000002s
=group_time    28.981s
=case          ejabberd_SUITE:init_per_group
=logfile       ejabberd_suite.init_per_group.17730.html
=group_props   [{name,mam_master_slave},sequence]
=started       2024-12-18 20:31:01
=ended         2024-12-18 20:31:01
=result        ok
=elapsed       0.000003s
=case          ejabberd_SUITE:init_per_group
=logfile       ejabberd_suite.init_per_group.17762.html
=group_props   [{name,mam_archived_and_stanza_id},parallel]
=started       2024-12-18 20:31:01
=ended         2024-12-18 20:31:01
=result        ok
=elapsed       0.000003s
=case          ejabberd_SUITE:mam_archived_and_stanza_id_master
=logfile       ejabberd_suite.mam_archived_and_stanza_id_master.17794.html
=started       2024-12-18 20:31:01
=ended         2024-12-18 20:31:01
=result        ok
=elapsed       0.147530s
=case          ejabberd_SUITE:mam_archived_and_stanza_id_slave
=logfile       ejabberd_suite.mam_archived_and_stanza_id_slave.12292.html
=started       2024-12-18 20:31:01
=ended         2024-12-18 20:31:01
=result        ok
=elapsed       0.150935s
=case          ejabberd_SUITE:end_per_group
=logfile       ejabberd_suite.end_per_group.12356.html
=group_props   [{name,mam_archived_and_stanza_id},parallel]
=started       2024-12-18 20:31:01
=ended         2024-12-18 20:31:02
=result        ok
=elapsed       0.000002s
=group_time    0.208s
=case          ejabberd_SUITE:init_per_group
=logfile       ejabberd_suite.init_per_group.15715.html
=group_props   [{name,mam_query_all},parallel]
=started       2024-12-18 20:31:02
=ended         2024-12-18 20:31:02
=result        ok
=elapsed       0.000003s
=case          ejabberd_SUITE:mam_query_all_master
=logfile       ejabberd_suite.mam_query_all_master.15747.html
=started       2024-12-18 20:31:02
=ended         2024-12-18 20:31:02
=result        ok
=elapsed       0.172893s
=case          ejabberd_SUITE:mam_query_all_slave
=logfile       ejabberd_suite.mam_query_all_slave.15779.html
=started       2024-12-18 20:31:02
=ended         2024-12-18 20:31:02
=result        ok
=elapsed       0.176149s
=case          ejabberd_SUITE:end_per_group
=logfile       ejabberd_suite.end_per_group.15843.html
=group_props   [{name,mam_query_all},parallel]
=started       2024-12-18 20:31:02
=ended         2024-12-18 20:31:02
=result        ok
=elapsed       0.000024s
=group_time    0.233s
=case          ejabberd_SUITE:init_per_group
=logfile       ejabberd_suite.init_per_group.15875.html
=group_props   [{name,mam_query_with},parallel]
=started       2024-12-18 20:31:02
=ended         2024-12-18 20:31:02
=result        ok
=elapsed       0.000004s
=case          ejabberd_SUITE:mam_query_with_master
=logfile       ejabberd_suite.mam_query_with_master.15907.html
=started       2024-12-18 20:31:02
=ended         2024-12-18 20:31:02
=result        ok
=elapsed       0.178714s
=case          ejabberd_SUITE:mam_query_with_slave
=logfile       ejabberd_suite.mam_query_with_slave.15939.html
=started       2024-12-18 20:31:02
=ended         2024-12-18 20:31:02
=result        ok
=elapsed       0.180580s
=case          ejabberd_SUITE:end_per_group
=logfile       ejabberd_suite.end_per_group.16067.html
=group_props   [{name,mam_query_with},parallel]
=started       2024-12-18 20:31:02
=ended         2024-12-18 20:31:02
=result        ok
=elapsed       0.000003s
=group_time    0.238s
=case          ejabberd_SUITE:init_per_group
=logfile       ejabberd_suite.init_per_group.16099.html
=group_props   [{name,mam_query_rsm_max},parallel]
=started       2024-12-18 20:31:02
=ended         2024-12-18 20:31:02
=result        ok
=elapsed       0.000003s
=case          ejabberd_SUITE:mam_query_rsm_max_master
=logfile       ejabberd_suite.mam_query_rsm_max_master.16131.html
=started       2024-12-18 20:31:02
=ended         2024-12-18 20:31:02
=result        ok
=elapsed       0.226447s
=case          ejabberd_SUITE:mam_query_rsm_max_slave
=logfile       ejabberd_suite.mam_query_rsm_max_slave.17858.html
=started       2024-12-18 20:31:02
=ended         2024-12-18 20:31:02
=result        ok
=elapsed       0.226152s
=case          ejabberd_SUITE:end_per_group
=logfile       ejabberd_suite.end_per_group.17954.html
=group_props   [{name,mam_query_rsm_max},parallel]
=started       2024-12-18 20:31:02
=ended         2024-12-18 20:31:02
=result        ok
=elapsed       0.000002s
=group_time    0.287s
=case          ejabberd_SUITE:init_per_group
=logfile       ejabberd_suite.init_per_group.17986.html
=group_props   [{name,mam_query_rsm_after},parallel]
=started       2024-12-18 20:31:02
=ended         2024-12-18 20:31:02
=result        ok
=elapsed       0.000002s
=case          ejabberd_SUITE:mam_query_rsm_after_master
=logfile       ejabberd_suite.mam_query_rsm_after_master.16195.html
=started       2024-12-18 20:31:02
=ended         2024-12-18 20:31:03
=result        ok
=elapsed       0.213922s
=case          ejabberd_SUITE:mam_query_rsm_after_slave
=logfile       ejabberd_suite.mam_query_rsm_after_slave.16227.html
=started       2024-12-18 20:31:02
=ended         2024-12-18 20:31:03
=result        ok
=elapsed       0.211425s
=case          ejabberd_SUITE:end_per_group
=logfile       ejabberd_suite.end_per_group.16259.html
=group_props   [{name,mam_query_rsm_after},parallel]
=started       2024-12-18 20:31:03
=ended         2024-12-18 20:31:03
=result        ok
=elapsed       0.000002s
=group_time    0.273s
=case          ejabberd_SUITE:init_per_group
=logfile       ejabberd_suite.init_per_group.16291.html
=group_props   [{name,mam_query_rsm_before},parallel]
=started       2024-12-18 20:31:03
=ended         2024-12-18 20:31:03
=result        ok
=elapsed       0.000003s
=case          ejabberd_SUITE:mam_query_rsm_before_master
=logfile       ejabberd_suite.mam_query_rsm_before_master.16323.html
=started       2024-12-18 20:31:03
=ended         2024-12-18 20:31:03
=result        ok
=elapsed       0.218496s
=case          ejabberd_SUITE:mam_query_rsm_before_slave
=logfile       ejabberd_suite.mam_query_rsm_before_slave.16355.html
=started       2024-12-18 20:31:03
=ended         2024-12-18 20:31:03
=result        ok
=elapsed       0.219160s
=case          ejabberd_SUITE:end_per_group
=logfile       ejabberd_suite.end_per_group.18082.html
=group_props   [{name,mam_query_rsm_before},parallel]
=started       2024-12-18 20:31:03
=ended         2024-12-18 20:31:03
=result        ok
=elapsed       0.000002s
=group_time    0.280s
=case          ejabberd_SUITE:init_per_group
=logfile       ejabberd_suite.init_per_group.18114.html
=group_props   [{name,mam_muc},parallel]
=started       2024-12-18 20:31:03
=ended         2024-12-18 20:31:03
=result        ok
=elapsed       0.000003s
=case          ejabberd_SUITE:mam_muc_master
=logfile       ejabberd_suite.mam_muc_master.18146.html
=started       2024-12-18 20:31:03
=ended         2024-12-18 20:31:03
=result        ok
=elapsed       0.146123s
=case          ejabberd_SUITE:mam_muc_slave
=logfile       ejabberd_suite.mam_muc_slave.7237.html
=started       2024-12-18 20:31:03
=ended         2024-12-18 20:31:03
=result        ok
=elapsed       0.143504s
=case          ejabberd_SUITE:end_per_group
=logfile       ejabberd_suite.end_per_group.7333.html
=group_props   [{name,mam_muc},parallel]
=started       2024-12-18 20:31:03
=ended         2024-12-18 20:31:03
=result        ok
=elapsed       0.000002s
=group_time    0.205s
=case          ejabberd_SUITE:init_per_group
=logfile       ejabberd_suite.init_per_group.16387.html
=group_props   [{name,mam_mucsub},parallel]
=started       2024-12-18 20:31:03
=ended         2024-12-18 20:31:03
=result        ok
=elapsed       0.000003s
=case          ejabberd_SUITE:mam_mucsub_master
=logfile       ejabberd_suite.mam_mucsub_master.16419.html
=started       2024-12-18 20:31:03
=ended         2024-12-18 20:31:03
=result        ok
=elapsed       0.128158s
=case          ejabberd_SUITE:mam_mucsub_slave
=logfile       ejabberd_suite.mam_mucsub_slave.16451.html
=started       2024-12-18 20:31:03
=ended         2024-12-18 20:31:03
=result        ok
=elapsed       0.124193s
=case          ejabberd_SUITE:end_per_group
=logfile       ejabberd_suite.end_per_group.16515.html
=group_props   [{name,mam_mucsub},parallel]
=started       2024-12-18 20:31:03
=ended         2024-12-18 20:31:03
=result        ok
=elapsed       0.000009s
=group_time    0.186s
=case          ejabberd_SUITE:init_per_group
=logfile       ejabberd_suite.init_per_group.7397.html
=group_props   [{name,mam_mucsub_from_muc},parallel]
=started       2024-12-18 20:31:03
=ended         2024-12-18 20:31:03
=result        ok
=elapsed       0.000004s
=case          ejabberd_SUITE:mam_mucsub_from_muc_master
=logfile       ejabberd_suite.mam_mucsub_from_muc_master.7429.html
=started       2024-12-18 20:31:03
=ended         2024-12-18 20:31:04
=result        ok
=elapsed       0.123199s
=case          ejabberd_SUITE:mam_mucsub_from_muc_slave
=logfile       ejabberd_suite.mam_mucsub_from_muc_slave.18242.html
=started       2024-12-18 20:31:03
=ended         2024-12-18 20:31:04
=result        ok
=elapsed       0.122399s
=case          ejabberd_SUITE:end_per_group
=logfile       ejabberd_suite.end_per_group.7525.html
=group_props   [{name,mam_mucsub_from_muc},parallel]
=started       2024-12-18 20:31:04
=ended         2024-12-18 20:31:04
=result        ok
=elapsed       0.000002s
=group_time    0.182s
=case          ejabberd_SUITE:init_per_group
=logfile       ejabberd_suite.init_per_group.7557.html
=group_props   [{name,mam_mucsub_from_muc_non_persistent},parallel]
=started       2024-12-18 20:31:04
=ended         2024-12-18 20:31:04
=result        ok
=elapsed       0.000003s
=case          ejabberd_SUITE:mam_mucsub_from_muc_non_persistent_master
=logfile       ejabberd_suite.mam_mucsub_from_muc_non_persistent_master.7589.html
=started       2024-12-18 20:31:04
=ended         2024-12-18 20:31:04
=result        ok
=elapsed       0.121652s
=case          ejabberd_SUITE:mam_mucsub_from_muc_non_persistent_slave
=logfile       ejabberd_suite.mam_mucsub_from_muc_non_persistent_slave.7621.html
=started       2024-12-18 20:31:04
=ended         2024-12-18 20:31:04
=result        ok
=elapsed       0.119580s
=case          ejabberd_SUITE:end_per_group
=logfile       ejabberd_suite.end_per_group.18338.html
=group_props   [{name,mam_mucsub_from_muc_non_persistent},parallel]
=started       2024-12-18 20:31:04
=ended         2024-12-18 20:31:04
=result        ok
=elapsed       0.000008s
=group_time    0.181s
=case          ejabberd_SUITE:end_per_group
=logfile       ejabberd_suite.end_per_group.18370.html
=group_props   [{name,mam_master_slave},sequence]
=started       2024-12-18 20:31:04
=ended         2024-12-18 20:31:04
=result        ok
=elapsed       0.000002s
=group_time    2.555s
=case          ejabberd_SUITE:init_per_group
=logfile       ejabberd_suite.init_per_group.18402.html
=group_props   [{name,announce_master_slave},sequence]
=started       2024-12-18 20:31:04
=ended         2024-12-18 20:31:04
=result        ok
=elapsed       0.000003s
=case          ejabberd_SUITE:init_per_group
=logfile       ejabberd_suite.init_per_group.18434.html
=group_props   [{name,announce_set_motd},parallel]
=started       2024-12-18 20:31:04
=ended         2024-12-18 20:31:04
=result        ok
=elapsed       0.000002s
=case          ejabberd_SUITE:announce_set_motd_master
=logfile       ejabberd_suite.announce_set_motd_master.18466.html
=started       2024-12-18 20:31:04
=ended         2024-12-18 20:31:04
=result        ok
=elapsed       0.102224s
=case          ejabberd_SUITE:announce_set_motd_slave
=logfile       ejabberd_suite.announce_set_motd_slave.18498.html
=started       2024-12-18 20:31:04
=ended         2024-12-18 20:31:04
=result        ok
=elapsed       0.103151s
=case          ejabberd_SUITE:end_per_group
=logfile       ejabberd_suite.end_per_group.18530.html
=group_props   [{name,announce_set_motd},parallel]
=started       2024-12-18 20:31:04
=ended         2024-12-18 20:31:04
=result        ok
=elapsed       0.000002s
=group_time    0.162s
=case          ejabberd_SUITE:end_per_group
=logfile       ejabberd_suite.end_per_group.18562.html
=group_props   [{name,announce_master_slave},sequence]
=started       2024-12-18 20:31:04
=ended         2024-12-18 20:31:04
=result        ok
=elapsed       0.000002s
=group_time    0.214s
=case          ejabberd_SUITE:init_per_group
=logfile       ejabberd_suite.init_per_group.7749.html
=group_props   [{name,csi_master_slave},sequence]
=started       2024-12-18 20:31:04
=ended         2024-12-18 20:31:04
=result        ok
=elapsed       0.000003s
=case          ejabberd_SUITE:init_per_group
=logfile       ejabberd_suite.init_per_group.18594.html
=group_props   [{name,csi_all},parallel]
=started       2024-12-18 20:31:04
=ended         2024-12-18 20:31:04
=result        ok
=elapsed       0.000002s
=case          ejabberd_SUITE:csi_all_master
=logfile       ejabberd_suite.csi_all_master.18626.html
=started       2024-12-18 20:31:04
=ended         2024-12-18 20:31:04
=result        ok
=elapsed       0.232616s
=case          ejabberd_SUITE:csi_all_slave
=logfile       ejabberd_suite.csi_all_slave.18658.html
=started       2024-12-18 20:31:04
=ended         2024-12-18 20:31:04
=result        ok
=elapsed       0.233521s
=case          ejabberd_SUITE:end_per_group
=logfile       ejabberd_suite.end_per_group.18722.html
=group_props   [{name,csi_all},parallel]
=started       2024-12-18 20:31:04
=ended         2024-12-18 20:31:04
=result        ok
=elapsed       0.000002s
=group_time    0.294s
=case          ejabberd_SUITE:end_per_group
=logfile       ejabberd_suite.end_per_group.18754.html
=group_props   [{name,csi_master_slave},sequence]
=started       2024-12-18 20:31:04
=ended         2024-12-18 20:31:04
=result        ok
=elapsed       0.000007s
=group_time    0.344s
=case          ejabberd_SUITE:init_per_group
=logfile       ejabberd_suite.init_per_group.18786.html
=group_props   [{name,push_master_slave},sequence]
=started       2024-12-18 20:31:04
=ended         2024-12-18 20:31:04
=result        ok
=elapsed       0.000002s
=case          ejabberd_SUITE:init_per_group
=logfile       ejabberd_suite.init_per_group.18818.html
=group_props   [{name,push_sm},parallel]
=started       2024-12-18 20:31:04
=ended         2024-12-18 20:31:04
=result        ok
=elapsed       0.000001s
=case          ejabberd_SUITE:push_sm_master
=logfile       ejabberd_suite.push_sm_master.18850.html
=started       2024-12-18 20:31:04
=ended         2024-12-18 20:31:13
=result        ok
=elapsed       8.107821s
=case          ejabberd_SUITE:push_sm_slave
=logfile       ejabberd_suite.push_sm_slave.18882.html
=started       2024-12-18 20:31:04
=ended         2024-12-18 20:31:05
=result        ok
=elapsed       0.002662s
=case          ejabberd_SUITE:end_per_group
=logfile       ejabberd_suite.end_per_group.18978.html
=group_props   [{name,push_sm},parallel]
=started       2024-12-18 20:31:13
=ended         2024-12-18 20:31:13
=result        ok
=elapsed       0.000009s
=group_time    8.165s
=case          ejabberd_SUITE:init_per_group
=logfile       ejabberd_suite.init_per_group.19010.html
=group_props   [{name,push_offline},parallel]
=started       2024-12-18 20:31:13
=ended         2024-12-18 20:31:13
=result        ok
=elapsed       0.000002s
=case          ejabberd_SUITE:push_offline_master
=logfile       ejabberd_suite.push_offline_master.19042.html
=started       2024-12-18 20:31:13
=ended         2024-12-18 20:31:13
=result        ok
=elapsed       0.249949s
=case          ejabberd_SUITE:push_offline_slave
=logfile       ejabberd_suite.push_offline_slave.7877.html
=started       2024-12-18 20:31:13
=ended         2024-12-18 20:31:13
=result        ok
=elapsed       0.103357s
=case          ejabberd_SUITE:end_per_group
=logfile       ejabberd_suite.end_per_group.7973.html
=group_props   [{name,push_offline},parallel]
=started       2024-12-18 20:31:13
=ended         2024-12-18 20:31:13
=result        ok
=elapsed       0.000002s
=group_time    0.308s
=case          ejabberd_SUITE:init_per_group
=logfile       ejabberd_suite.init_per_group.8005.html
=group_props   [{name,push_mam},parallel]
=started       2024-12-18 20:31:13
=ended         2024-12-18 20:31:13
=result        ok
=elapsed       0.000002s
=case          ejabberd_SUITE:push_mam_master
=logfile       ejabberd_suite.push_mam_master.8037.html
=started       2024-12-18 20:31:13
=ended         2024-12-18 20:31:13
=result        ok
=elapsed       0.146473s
=case          ejabberd_SUITE:push_mam_slave
=logfile       ejabberd_suite.push_mam_slave.8069.html
=started       2024-12-18 20:31:13
=ended         2024-12-18 20:31:13
=result        ok
=elapsed       0.252558s
=case          ejabberd_SUITE:end_per_group
=logfile       ejabberd_suite.end_per_group.8101.html
=group_props   [{name,push_mam},parallel]
=started       2024-12-18 20:31:13
=ended         2024-12-18 20:31:13
=result        ok
=elapsed       0.000002s
=group_time    0.309s
=case          ejabberd_SUITE:end_per_group
=logfile       ejabberd_suite.end_per_group.8133.html
=group_props   [{name,push_master_slave},sequence]
=started       2024-12-18 20:31:13
=ended         2024-12-18 20:31:13
=result        ok
=elapsed       0.000002s
=group_time    8.882s
=case          ejabberd_SUITE:end_per_group
=logfile       ejabberd_suite.end_per_group.8165.html
=group_props   [{name,mnesia},sequence]
=started       2024-12-18 20:31:13
=ended         2024-12-18 20:31:13
=result        ok
=elapsed       0.000000s
=group_time    96.492s
=case          ejabberd_SUITE:init_per_group
=logfile       ejabberd_suite.init_per_group.8197.html
=group_props   [{name,redis},sequence]
=started       2024-12-18 20:31:13
=ended         2024-12-18 20:31:13
=result        ok
=elapsed       0.000028s
=case          ejabberd_SUITE:init_per_group
=logfile       ejabberd_suite.init_per_group.8229.html
=group_props   [{name,single_user},sequence]
=started       2024-12-18 20:31:13
=ended         2024-12-18 20:31:13
=result        ok
=elapsed       0.000003s
=case          ejabberd_SUITE:test_register
=logfile       ejabberd_suite.test_register.8261.html
=started       2024-12-18 20:31:13
=ended         2024-12-18 20:31:13
=result        ok
=elapsed       0.002197s
=case          ejabberd_SUITE:init_per_group
=logfile       ejabberd_suite.init_per_group.8293.html
=group_props   [{name,legacy_auth},parallel]
=started       2024-12-18 20:31:13
=ended         2024-12-18 20:31:13
=result        ok
=elapsed       0.000002s
=case          ejabberd_SUITE:test_legacy_auth_feature
=logfile       ejabberd_suite.test_legacy_auth_feature.8325.html
=started       2024-12-18 20:31:13
=ended         2024-12-18 20:31:14
=result        ok
=elapsed       0.000815s
=case          ejabberd_SUITE:test_legacy_auth
=logfile       ejabberd_suite.test_legacy_auth.8357.html
=started       2024-12-18 20:31:13
=ended         2024-12-18 20:31:14
=result        ok
=elapsed       0.104468s
=case          ejabberd_SUITE:test_legacy_auth_digest
=logfile       ejabberd_suite.test_legacy_auth_digest.16579.html
=started       2024-12-18 20:31:13
=ended         2024-12-18 20:31:14
=result        ok
=elapsed       0.103737s
=case          ejabberd_SUITE:test_legacy_auth_no_resource
=logfile       ejabberd_suite.test_legacy_auth_no_resource.16611.html
=started       2024-12-18 20:31:13
=ended         2024-12-18 20:31:14
=result        ok
=elapsed       0.001453s
=case          ejabberd_SUITE:test_legacy_auth_bad_jid
=logfile       ejabberd_suite.test_legacy_auth_bad_jid.16643.html
=started       2024-12-18 20:31:13
=ended         2024-12-18 20:31:14
=result        ok
=elapsed       0.001643s
=case          ejabberd_SUITE:test_legacy_auth_fail
=logfile       ejabberd_suite.test_legacy_auth_fail.16675.html
=started       2024-12-18 20:31:13
=ended         2024-12-18 20:31:14
=result        ok
=elapsed       0.002050s
=case          ejabberd_SUITE:end_per_group
=logfile       ejabberd_suite.end_per_group.16835.html
=group_props   [{name,legacy_auth},parallel]
=started       2024-12-18 20:31:14
=ended         2024-12-18 20:31:14
=result        ok
=elapsed       0.000008s
=group_time    0.169s
=case          ejabberd_SUITE:auth_plain
=logfile       ejabberd_suite.auth_plain.8421.html
=started       2024-12-18 20:31:14
=ended         2024-12-18 20:31:14
=result        ok
=elapsed       0.001335s
=case          ejabberd_SUITE:auth_md5
=logfile       ejabberd_suite.auth_md5.8453.html
=started       2024-12-18 20:31:14
=ended         2024-12-18 20:31:14
=result        ok
=elapsed       0.002053s
=case          ejabberd_SUITE:presence_broadcast
=logfile       ejabberd_suite.presence_broadcast.8549.html
=started       2024-12-18 20:31:14
=ended         2024-12-18 20:31:14
=result        ok
=elapsed       0.205101s
=case          ejabberd_SUITE:last
=logfile       ejabberd_suite.last.8581.html
=started       2024-12-18 20:31:14
=ended         2024-12-18 20:31:14
=result        ok
=elapsed       0.103084s
=case          ejabberd_SUITE:init_per_group
=logfile       ejabberd_suite.init_per_group.8645.html
=group_props   [{name,webadmin_single},sequence]
=started       2024-12-18 20:31:14
=ended         2024-12-18 20:31:14
=result        ok
=elapsed       0.000002s
=case          ejabberd_SUITE:webadmin_login_page
=logfile       ejabberd_suite.webadmin_login_page.8677.html
=started       2024-12-18 20:31:14
=ended         2024-12-18 20:31:14
=result        ok
=elapsed       0.000326s
=case          ejabberd_SUITE:webadmin_welcome_page
=logfile       ejabberd_suite.webadmin_welcome_page.8709.html
=started       2024-12-18 20:31:14
=ended         2024-12-18 20:31:14
=result        ok
=elapsed       0.001432s
=case          ejabberd_SUITE:webadmin_user_page
=logfile       ejabberd_suite.webadmin_user_page.8741.html
=started       2024-12-18 20:31:14
=ended         2024-12-18 20:31:14
=result        ok
=elapsed       0.003677s
=case          ejabberd_SUITE:webadmin_adduser
=logfile       ejabberd_suite.webadmin_adduser.19266.html
=started       2024-12-18 20:31:14
=ended         2024-12-18 20:31:14
=result        ok
=elapsed       0.005810s
=case          ejabberd_SUITE:webadmin_changepassword
=logfile       ejabberd_suite.webadmin_changepassword.19298.html
=started       2024-12-18 20:31:14
=ended         2024-12-18 20:31:14
=result        ok
=elapsed       0.002302s
=case          ejabberd_SUITE:webadmin_removeuser
=logfile       ejabberd_suite.webadmin_removeuser.19330.html
=started       2024-12-18 20:31:14
=ended         2024-12-18 20:31:14
=result        ok
=elapsed       0.003363s
=case          ejabberd_SUITE:end_per_group
=logfile       ejabberd_suite.end_per_group.19362.html
=group_props   [{name,webadmin_single},sequence]
=started       2024-12-18 20:31:14
=ended         2024-12-18 20:31:14
=result        ok
=elapsed       0.000002s
=group_time    0.192s
=case          ejabberd_SUITE:init_per_group
=logfile       ejabberd_suite.init_per_group.19394.html
=group_props   [{name,roster_single},sequence]
=started       2024-12-18 20:31:14
=ended         2024-12-18 20:31:14
=result        ok
=elapsed       0.000002s
=case          ejabberd_SUITE:roster_feature_enabled
=logfile       ejabberd_suite.roster_feature_enabled.19426.html
=started       2024-12-18 20:31:14
=ended         2024-12-18 20:31:14
=result        ok
=elapsed       0.102112s
=case          ejabberd_SUITE:roster_iq_set_many_items
=logfile       ejabberd_suite.roster_iq_set_many_items.19490.html
=started       2024-12-18 20:31:14
=ended         2024-12-18 20:31:15
=result        ok
=elapsed       0.101751s
=case          ejabberd_SUITE:roster_iq_set_duplicated_groups
=logfile       ejabberd_suite.roster_iq_set_duplicated_groups.19522.html
=started       2024-12-18 20:31:15
=ended         2024-12-18 20:31:15
=result        ok
=elapsed       0.102299s
=case          ejabberd_SUITE:roster_iq_get_item
=logfile       ejabberd_suite.roster_iq_get_item.19618.html
=started       2024-12-18 20:31:15
=ended         2024-12-18 20:31:15
=result        ok
=elapsed       0.101930s
=case          ejabberd_SUITE:roster_iq_unexpected_element
=logfile       ejabberd_suite.roster_iq_unexpected_element.19714.html
=started       2024-12-18 20:31:15
=ended         2024-12-18 20:31:15
=result        ok
=elapsed       0.102189s
=case          ejabberd_SUITE:roster_iq_set_ask
=logfile       ejabberd_suite.roster_iq_set_ask.19746.html
=started       2024-12-18 20:31:15
=ended         2024-12-18 20:31:15
=result        ok
=elapsed       0.101790s
=case          ejabberd_SUITE:roster_set_item
=logfile       ejabberd_suite.roster_set_item.13540.html
=started       2024-12-18 20:31:15
=ended         2024-12-18 20:31:15
=result        ok
=elapsed       0.321661s
=case          ejabberd_SUITE:roster_version
=logfile       ejabberd_suite.roster_version.13700.html
=started       2024-12-18 20:31:15
=ended         2024-12-18 20:31:16
=result        ok
=elapsed       0.146492s
=case          ejabberd_SUITE:end_per_group
=logfile       ejabberd_suite.end_per_group.13796.html
=group_props   [{name,roster_single},sequence]
=started       2024-12-18 20:31:16
=ended         2024-12-18 20:31:16
=result        ok
=elapsed       0.000007s
=group_time    1.345s
=case          ejabberd_SUITE:init_per_group
=logfile       ejabberd_suite.init_per_group.19778.html
=group_props   [{name,private_single},sequence]
=started       2024-12-18 20:31:16
=ended         2024-12-18 20:31:16
=result        ok
=elapsed       0.000003s
=case          ejabberd_SUITE:private_test_features
=logfile       ejabberd_suite.private_test_features.19810.html
=started       2024-12-18 20:31:16
=ended         2024-12-18 20:31:16
=result        ok
=elapsed       0.103190s
=case          ejabberd_SUITE:private_test_no_namespace
=logfile       ejabberd_suite.private_test_no_namespace.19874.html
=started       2024-12-18 20:31:16
=ended         2024-12-18 20:31:16
=result        ok
=elapsed       0.101799s
=case          ejabberd_SUITE:private_test_set_get
=logfile       ejabberd_suite.private_test_set_get.19906.html
=started       2024-12-18 20:31:16
=ended         2024-12-18 20:31:16
=result        ok
=elapsed       0.104886s
=case          ejabberd_SUITE:private_test_published
=logfile       ejabberd_suite.private_test_published.19970.html
=started       2024-12-18 20:31:16
=ended         2024-12-18 20:31:16
=result        ok
=elapsed       0.103941s
=case          ejabberd_SUITE:end_per_group
=logfile       ejabberd_suite.end_per_group.20066.html
=group_props   [{name,private_single},sequence]
=started       2024-12-18 20:31:16
=ended         2024-12-18 20:31:16
=result        ok
=elapsed       0.000003s
=group_time    0.560s
=case          ejabberd_SUITE:init_per_group
=logfile       ejabberd_suite.init_per_group.20098.html
=group_props   [{name,privacy_single},sequence]
=started       2024-12-18 20:31:16
=ended         2024-12-18 20:31:16
=result        ok
=elapsed       0.000002s
=case          ejabberd_SUITE:privacy_feature_enabled
=logfile       ejabberd_suite.privacy_feature_enabled.20130.html
=started       2024-12-18 20:31:16
=ended         2024-12-18 20:31:16
=result        ok
=elapsed       0.103186s
=case          ejabberd_SUITE:privacy_set_get_list
=logfile       ejabberd_suite.privacy_set_get_list.13988.html
=started       2024-12-18 20:31:16
=ended         2024-12-18 20:31:17
=result        ok
=elapsed       0.147451s
=case          ejabberd_SUITE:privacy_get_list_non_existent
=logfile       ejabberd_suite.privacy_get_list_non_existent.14020.html
=started       2024-12-18 20:31:17
=ended         2024-12-18 20:31:17
=result        ok
=elapsed       0.101823s
=case          ejabberd_SUITE:privacy_get_empty_lists
=logfile       ejabberd_suite.privacy_get_empty_lists.14084.html
=started       2024-12-18 20:31:17
=ended         2024-12-18 20:31:17
=result        ok
=elapsed       0.101870s
=case          ejabberd_SUITE:privacy_set_default
=logfile       ejabberd_suite.privacy_set_default.14116.html
=started       2024-12-18 20:31:17
=ended         2024-12-18 20:31:17
=result        ok
=elapsed       0.146456s
=case          ejabberd_SUITE:privacy_del_default
=logfile       ejabberd_suite.privacy_del_default.20322.html
=started       2024-12-18 20:31:17
=ended         2024-12-18 20:31:17
=result        ok
=elapsed       0.146019s
=case          ejabberd_SUITE:privacy_set_default_non_existent
=logfile       ejabberd_suite.privacy_set_default_non_existent.20354.html
=started       2024-12-18 20:31:17
=ended         2024-12-18 20:31:17
=result        ok
=elapsed       0.103175s
=case          ejabberd_SUITE:privacy_set_active
=logfile       ejabberd_suite.privacy_set_active.20386.html
=started       2024-12-18 20:31:17
=ended         2024-12-18 20:31:18
=result        ok
=elapsed       0.148073s
=case          ejabberd_SUITE:privacy_del_active
=logfile       ejabberd_suite.privacy_del_active.20450.html
=started       2024-12-18 20:31:18
=ended         2024-12-18 20:31:18
=result        ok
=elapsed       0.146816s
=case          ejabberd_SUITE:privacy_set_active_non_existent
=logfile       ejabberd_suite.privacy_set_active_non_existent.20514.html
=started       2024-12-18 20:31:18
=ended         2024-12-18 20:31:18
=result        ok
=elapsed       0.102376s
=case          ejabberd_SUITE:privacy_remove_list
=logfile       ejabberd_suite.privacy_remove_list.20546.html
=started       2024-12-18 20:31:18
=ended         2024-12-18 20:31:18
=result        ok
=elapsed       0.148257s
=case          ejabberd_SUITE:privacy_remove_default_list
=logfile       ejabberd_suite.privacy_remove_default_list.20578.html
=started       2024-12-18 20:31:18
=ended         2024-12-18 20:31:18
=result        ok
=elapsed       0.144488s
=case          ejabberd_SUITE:privacy_remove_active_list
=logfile       ejabberd_suite.privacy_remove_active_list.20610.html
=started       2024-12-18 20:31:18
=ended         2024-12-18 20:31:18
=result        ok
=elapsed       0.147829s
=case          ejabberd_SUITE:privacy_remove_list_non_existent
=logfile       ejabberd_suite.privacy_remove_list_non_existent.20642.html
=started       2024-12-18 20:31:18
=ended         2024-12-18 20:31:18
=result        ok
=elapsed       0.101769s
=case          ejabberd_SUITE:privacy_allow_local_server
=logfile       ejabberd_suite.privacy_allow_local_server.9061.html
=started       2024-12-18 20:31:18
=ended         2024-12-18 20:31:19
=result        ok
=elapsed       0.193692s
=case          ejabberd_SUITE:privacy_malformed_iq_query
=logfile       ejabberd_suite.privacy_malformed_iq_query.9125.html
=started       2024-12-18 20:31:19
=ended         2024-12-18 20:31:19
=result        ok
=elapsed       0.102129s
=case          ejabberd_SUITE:privacy_malformed_get
=logfile       ejabberd_suite.privacy_malformed_get.9189.html
=started       2024-12-18 20:31:19
=ended         2024-12-18 20:31:19
=result        ok
=elapsed       0.104600s
=case          ejabberd_SUITE:privacy_malformed_set
=logfile       ejabberd_suite.privacy_malformed_set.14532.html
=started       2024-12-18 20:31:19
=ended         2024-12-18 20:31:19
=result        ok
=elapsed       0.104107s
=case          ejabberd_SUITE:privacy_malformed_type_value
=logfile       ejabberd_suite.privacy_malformed_type_value.14596.html
=started       2024-12-18 20:31:19
=ended         2024-12-18 20:31:19
=result        ok
=elapsed       0.103521s
=case          ejabberd_SUITE:privacy_set_get_block
=logfile       ejabberd_suite.privacy_set_get_block.14660.html
=started       2024-12-18 20:31:19
=ended         2024-12-18 20:31:19
=result        ok
=elapsed       0.190475s
=case          ejabberd_SUITE:end_per_group
=logfile       ejabberd_suite.end_per_group.14692.html
=group_props   [{name,privacy_single},sequence]
=started       2024-12-18 20:31:19
=ended         2024-12-18 20:31:20
=result        ok
=elapsed       0.000002s
=group_time    3.226s
=case          ejabberd_SUITE:init_per_group
=logfile       ejabberd_suite.init_per_group.14724.html
=group_props   [{name,vcard_single},sequence]
=started       2024-12-18 20:31:20
=ended         2024-12-18 20:31:20
=result        ok
=elapsed       0.000003s
=case          ejabberd_SUITE:vcard_feature_enabled
=logfile       ejabberd_suite.vcard_feature_enabled.14756.html
=started       2024-12-18 20:31:20
=ended         2024-12-18 20:31:20
=result        ok
=elapsed       0.104036s
=case          ejabberd_SUITE:vcard_get_set
=logfile       ejabberd_suite.vcard_get_set.14852.html
=started       2024-12-18 20:31:20
=ended         2024-12-18 20:31:20
=result        ok
=elapsed       0.103424s
=case          ejabberd_SUITE:vcard_service_vcard
=logfile       ejabberd_suite.vcard_service_vcard.14916.html
=started       2024-12-18 20:31:20
=ended         2024-12-18 20:31:20
=result        ok
=elapsed       0.103023s
=case          ejabberd_SUITE:end_per_group
=logfile       ejabberd_suite.end_per_group.14980.html
=group_props   [{name,vcard_single},sequence]
=started       2024-12-18 20:31:20
=ended         2024-12-18 20:31:20
=result        ok
=elapsed       0.000003s
=group_time    0.426s
=case          ejabberd_SUITE:init_per_group
=logfile       ejabberd_suite.init_per_group.15012.html
=group_props   [{name,pubsub_single},sequence]
=started       2024-12-18 20:31:20
=ended         2024-12-18 20:31:20
=result        ok
=elapsed       0.000004s
=case          ejabberd_SUITE:pubsub_test_features
=logfile       ejabberd_suite.pubsub_test_features.15044.html
=started       2024-12-18 20:31:20
=ended         2024-12-18 20:31:20
=result        ok
=elapsed       0.102235s
=case          ejabberd_SUITE:pubsub_test_vcard
=logfile       ejabberd_suite.pubsub_test_vcard.15108.html
=started       2024-12-18 20:31:20
=ended         2024-12-18 20:31:20
=result        ok
=elapsed       0.102634s
=case          ejabberd_SUITE:pubsub_test_create
=logfile       ejabberd_suite.pubsub_test_create.15204.html
=started       2024-12-18 20:31:20
=ended         2024-12-18 20:31:20
=result        ok
=elapsed       0.102046s
=case          ejabberd_SUITE:pubsub_test_configure
=logfile       ejabberd_suite.pubsub_test_configure.15268.html
=started       2024-12-18 20:31:20
=ended         2024-12-18 20:31:21
=result        ok
=elapsed       0.105654s
=case          ejabberd_SUITE:pubsub_test_delete
=logfile       ejabberd_suite.pubsub_test_delete.15332.html
=started       2024-12-18 20:31:21
=ended         2024-12-18 20:31:21
=result        ok
=elapsed       0.102333s
=case          ejabberd_SUITE:pubsub_test_get_affiliations
=logfile       ejabberd_suite.pubsub_test_get_affiliations.9477.html
=started       2024-12-18 20:31:21
=ended         2024-12-18 20:31:21
=result        ok
=elapsed       0.109131s
=case          ejabberd_SUITE:pubsub_test_get_subscriptions
=logfile       ejabberd_suite.pubsub_test_get_subscriptions.9541.html
=started       2024-12-18 20:31:21
=ended         2024-12-18 20:31:21
=result        ok
=elapsed       0.113790s
=case          ejabberd_SUITE:pubsub_test_create_instant
=logfile       ejabberd_suite.pubsub_test_create_instant.15460.html
=started       2024-12-18 20:31:21
=ended         2024-12-18 20:31:21
=result        ok
=elapsed       0.103551s
=case          ejabberd_SUITE:pubsub_test_default
=logfile       ejabberd_suite.pubsub_test_default.15524.html
=started       2024-12-18 20:31:21
=ended         2024-12-18 20:31:21
=result        ok
=elapsed       0.103335s
=case          ejabberd_SUITE:pubsub_test_create_configure
=logfile       ejabberd_suite.pubsub_test_create_configure.15620.html
=started       2024-12-18 20:31:21
=ended         2024-12-18 20:31:21
=result        ok
=elapsed       0.106579s
=case          ejabberd_SUITE:pubsub_test_publish
=logfile       ejabberd_suite.pubsub_test_publish.15684.html
=started       2024-12-18 20:31:21
=ended         2024-12-18 20:31:21
=result        ok
=elapsed       0.104610s
=case          ejabberd_SUITE:pubsub_test_auto_create
=logfile       ejabberd_suite.pubsub_test_auto_create.15716.html
=started       2024-12-18 20:31:21
=ended         2024-12-18 20:31:22
=result        ok
=elapsed       0.103897s
=case          ejabberd_SUITE:pubsub_test_get_items
=logfile       ejabberd_suite.pubsub_test_get_items.15780.html
=started       2024-12-18 20:31:22
=ended         2024-12-18 20:31:22
=result        ok
=elapsed       0.110353s
=case          ejabberd_SUITE:pubsub_test_delete_item
=logfile       ejabberd_suite.pubsub_test_delete_item.15844.html
=started       2024-12-18 20:31:22
=ended         2024-12-18 20:31:22
=result        ok
=elapsed       0.106549s
=case          ejabberd_SUITE:pubsub_test_purge
=logfile       ejabberd_suite.pubsub_test_purge.15876.html
=started       2024-12-18 20:31:22
=ended         2024-12-18 20:31:22
=result        ok
=elapsed       0.110705s
=case          ejabberd_SUITE:pubsub_test_subscribe
=logfile       ejabberd_suite.pubsub_test_subscribe.15940.html
=started       2024-12-18 20:31:22
=ended         2024-12-18 20:31:22
=result        ok
=elapsed       0.105576s
=case          ejabberd_SUITE:pubsub_test_subscribe_max_item_1
=logfile       ejabberd_suite.pubsub_test_subscribe_max_item_1.20802.html
=started       2024-12-18 20:31:22
=ended         2024-12-18 20:31:22
=result        ok
=elapsed       0.107971s
=case          ejabberd_SUITE:pubsub_test_unsubscribe
=logfile       ejabberd_suite.pubsub_test_unsubscribe.17379.html
=started       2024-12-18 20:31:22
=ended         2024-12-18 20:31:22
=result        ok
=elapsed       0.105995s
=case          ejabberd_SUITE:end_per_group
=logfile       ejabberd_suite.end_per_group.17443.html
=group_props   [{name,pubsub_single},sequence]
=started       2024-12-18 20:31:22
=ended         2024-12-18 20:31:22
=result        ok
=elapsed       0.000019s
=group_time    2.489s
=case          ejabberd_SUITE:init_per_group
=logfile       ejabberd_suite.init_per_group.17475.html
=group_props   [{name,muc_single},sequence]
=started       2024-12-18 20:31:22
=ended         2024-12-18 20:31:22
=result        ok
=elapsed       0.000002s
=case          ejabberd_SUITE:muc_service_presence_error
=logfile       ejabberd_suite.muc_service_presence_error.17507.html
=started       2024-12-18 20:31:22
=ended         2024-12-18 20:31:23
=result        ok
=elapsed       0.190658s
=case          ejabberd_SUITE:muc_service_message_error
=logfile       ejabberd_suite.muc_service_message_error.17539.html
=started       2024-12-18 20:31:23
=ended         2024-12-18 20:31:23
=result        ok
=elapsed       0.189273s
=case          ejabberd_SUITE:muc_service_unknown_ns_iq_error
=logfile       ejabberd_suite.muc_service_unknown_ns_iq_error.16196.html
=started       2024-12-18 20:31:23
=ended         2024-12-18 20:31:23
=result        ok
=elapsed       0.187327s
=case          ejabberd_SUITE:muc_service_iq_set_error
=logfile       ejabberd_suite.muc_service_iq_set_error.16260.html
=started       2024-12-18 20:31:23
=ended         2024-12-18 20:31:24
=result        ok
=elapsed       0.320436s
=case          ejabberd_SUITE:muc_service_improper_iq_error
=logfile       ejabberd_suite.muc_service_improper_iq_error.16356.html
=started       2024-12-18 20:31:24
=ended         2024-12-18 20:31:24
=result        ok
=elapsed       0.277505s
=case          ejabberd_SUITE:muc_service_features
=logfile       ejabberd_suite.muc_service_features.16420.html
=started       2024-12-18 20:31:24
=ended         2024-12-18 20:31:24
=result        ok
=elapsed       0.102959s
=case          ejabberd_SUITE:muc_service_disco_info_node_error
=logfile       ejabberd_suite.muc_service_disco_info_node_error.16484.html
=started       2024-12-18 20:31:24
=ended         2024-12-18 20:31:24
=result        ok
=elapsed       0.102183s
=case          ejabberd_SUITE:muc_service_disco_items
=logfile       ejabberd_suite.muc_service_disco_items.16580.html
=started       2024-12-18 20:31:24
=ended         2024-12-18 20:31:24
=result        ok
=elapsed       0.124239s
=case          ejabberd_SUITE:muc_service_unique
=logfile       ejabberd_suite.muc_service_unique.16676.html
=started       2024-12-18 20:31:24
=ended         2024-12-18 20:31:24
=result        ok
=elapsed       0.102248s
=case          ejabberd_SUITE:muc_service_vcard
=logfile       ejabberd_suite.muc_service_vcard.16740.html
=started       2024-12-18 20:31:24
=ended         2024-12-18 20:31:25
=result        ok
=elapsed       0.104120s
=case          ejabberd_SUITE:muc_configure_non_existent
=logfile       ejabberd_suite.muc_configure_non_existent.16804.html
=started       2024-12-18 20:31:25
=ended         2024-12-18 20:31:25
=result        ok
=elapsed       0.104337s
=case          ejabberd_SUITE:muc_cancel_configure_non_existent
=logfile       ejabberd_suite.muc_cancel_configure_non_existent.16836.html
=started       2024-12-18 20:31:25
=ended         2024-12-18 20:31:25
=result        ok
=elapsed       0.102592s
=case          ejabberd_SUITE:muc_service_subscriptions
=logfile       ejabberd_suite.muc_service_subscriptions.16932.html
=started       2024-12-18 20:31:25
=ended         2024-12-18 20:31:25
=result        ok
=elapsed       0.136112s
=case          ejabberd_SUITE:muc_set_room_affiliation
=logfile       ejabberd_suite.muc_set_room_affiliation.21122.html
=started       2024-12-18 20:31:25
=ended         2024-12-18 20:31:25
=result        ok
=elapsed       0.107701s
=case          ejabberd_SUITE:end_per_group
=logfile       ejabberd_suite.end_per_group.21218.html
=group_props   [{name,muc_single},sequence]
=started       2024-12-18 20:31:25
=ended         2024-12-18 20:31:25
=result        ok
=elapsed       0.000008s
=group_time    2.615s
=case          ejabberd_SUITE:init_per_group
=logfile       ejabberd_suite.init_per_group.17092.html
=group_props   [{name,offline_single},sequence]
=started       2024-12-18 20:31:25
=ended         2024-12-18 20:31:25
=result        ok
=elapsed       0.000003s
=case          ejabberd_SUITE:offline_feature_enabled
=logfile       ejabberd_suite.offline_feature_enabled.17124.html
=started       2024-12-18 20:31:25
=ended         2024-12-18 20:31:25
=result        ok
=elapsed       0.102712s
=case          ejabberd_SUITE:offline_check_identity
=logfile       ejabberd_suite.offline_check_identity.17188.html
=started       2024-12-18 20:31:25
=ended         2024-12-18 20:31:25
=result        ok
=elapsed       0.102814s
=case          ejabberd_SUITE:offline_send_non_existent
=logfile       ejabberd_suite.offline_send_non_existent.17220.html
=started       2024-12-18 20:31:25
=ended         2024-12-18 20:31:26
=result        ok
=elapsed       0.102588s
=case          ejabberd_SUITE:offline_view_non_existent
=logfile       ejabberd_suite.offline_view_non_existent.17284.html
=started       2024-12-18 20:31:26
=ended         2024-12-18 20:31:26
=result        ok
=elapsed       0.102541s
=case          ejabberd_SUITE:offline_remove_non_existent
=logfile       ejabberd_suite.offline_remove_non_existent.17348.html
=started       2024-12-18 20:31:26
=ended         2024-12-18 20:31:26
=result        ok
=elapsed       0.102490s
=case          ejabberd_SUITE:offline_view_non_integer
=logfile       ejabberd_suite.offline_view_non_integer.17380.html
=started       2024-12-18 20:31:26
=ended         2024-12-18 20:31:26
=result        ok
=elapsed       0.102288s
=case          ejabberd_SUITE:offline_remove_non_integer
=logfile       ejabberd_suite.offline_remove_non_integer.21314.html
=started       2024-12-18 20:31:26
=ended         2024-12-18 20:31:26
=result        ok
=elapsed       0.102584s
=case          ejabberd_SUITE:offline_malformed_iq
=logfile       ejabberd_suite.offline_malformed_iq.21346.html
=started       2024-12-18 20:31:26
=ended         2024-12-18 20:31:26
=result        ok
=elapsed       0.104483s
=case          ejabberd_SUITE:offline_wrong_user
=logfile       ejabberd_suite.offline_wrong_user.21410.html
=started       2024-12-18 20:31:26
=ended         2024-12-18 20:31:26
=result        ok
=elapsed       0.110093s
=case          ejabberd_SUITE:offline_unsupported_iq
=logfile       ejabberd_suite.offline_unsupported_iq.21474.html
=started       2024-12-18 20:31:26
=ended         2024-12-18 20:31:26
=result        ok
=elapsed       0.102973s
=case          ejabberd_SUITE:end_per_group
=logfile       ejabberd_suite.end_per_group.21506.html
=group_props   [{name,offline_single},sequence]
=started       2024-12-18 20:31:26
=ended         2024-12-18 20:31:27
=result        ok
=elapsed       0.000009s
=group_time    1.372s
=case          ejabberd_SUITE:init_per_group
=logfile       ejabberd_suite.init_per_group.21538.html
=group_props   [{name,mam_single},sequence]
=started       2024-12-18 20:31:27
=ended         2024-12-18 20:31:27
=result        ok
=elapsed       0.000002s
=case          ejabberd_SUITE:mam_feature_enabled
=logfile       ejabberd_suite.mam_feature_enabled.21570.html
=started       2024-12-18 20:31:27
=ended         2024-12-18 20:31:27
=result        ok
=elapsed       0.105326s
=case          ejabberd_SUITE:mam_get_set_prefs
=logfile       ejabberd_suite.mam_get_set_prefs.21634.html
=started       2024-12-18 20:31:27
=ended         2024-12-18 20:31:29
=result        ok
=elapsed       1.886349s
=case          ejabberd_SUITE:mam_get_form
=logfile       ejabberd_suite.mam_get_form.21698.html
=started       2024-12-18 20:31:29
=ended         2024-12-18 20:31:29
=result        ok
=elapsed       0.105360s
=case          ejabberd_SUITE:mam_fake_by
=logfile       ejabberd_suite.mam_fake_by.21762.html
=started       2024-12-18 20:31:29
=ended         2024-12-18 20:31:29
=result        ok
=elapsed       0.102582s
=case          ejabberd_SUITE:end_per_group
=logfile       ejabberd_suite.end_per_group.21858.html
=group_props   [{name,mam_single},sequence]
=started       2024-12-18 20:31:29
=ended         2024-12-18 20:31:29
=result        ok
=elapsed       0.000002s
=group_time    2.346s
=case          ejabberd_SUITE:init_per_group
=logfile       ejabberd_suite.init_per_group.21890.html
=group_props   [{name,csi_single},sequence]
=started       2024-12-18 20:31:29
=ended         2024-12-18 20:31:29
=result        ok
=elapsed       0.000003s
=case          ejabberd_SUITE:csi_feature_enabled
=logfile       ejabberd_suite.csi_feature_enabled.21922.html
=started       2024-12-18 20:31:29
=ended         2024-12-18 20:31:29
=result        ok
=elapsed       0.101598s
=case          ejabberd_SUITE:end_per_group
=logfile       ejabberd_suite.end_per_group.21986.html
=group_props   [{name,csi_single},sequence]
=started       2024-12-18 20:31:29
=ended         2024-12-18 20:31:29
=result        ok
=elapsed       0.000007s
=group_time    0.157s
=case          ejabberd_SUITE:init_per_group
=logfile       ejabberd_suite.init_per_group.22018.html
=group_props   [{name,push_single},sequence]
=started       2024-12-18 20:31:29
=ended         2024-12-18 20:31:29
=result        ok
=elapsed       0.000004s
=case          ejabberd_SUITE:push_feature_enabled
=logfile       ejabberd_suite.push_feature_enabled.22050.html
=started       2024-12-18 20:31:29
=ended         2024-12-18 20:31:29
=result        ok
=elapsed       0.103125s
=case          ejabberd_SUITE:push_unsupported_iq
=logfile       ejabberd_suite.push_unsupported_iq.22114.html
=started       2024-12-18 20:31:29
=ended         2024-12-18 20:31:29
=result        ok
=elapsed       0.102899s
=case          ejabberd_SUITE:end_per_group
=logfile       ejabberd_suite.end_per_group.22210.html
=group_props   [{name,push_single},sequence]
=started       2024-12-18 20:31:29
=ended         2024-12-18 20:31:29
=result        ok
=elapsed       0.000002s
=group_time    0.290s
=case          ejabberd_SUITE:test_unregister
=logfile       ejabberd_suite.test_unregister.22242.html
=started       2024-12-18 20:31:29
=ended         2024-12-18 20:31:29
=result        ok
=elapsed       0.004411s
=case          ejabberd_SUITE:end_per_group
=logfile       ejabberd_suite.end_per_group.22306.html
=group_props   [{name,single_user},sequence]
=started       2024-12-18 20:31:29
=ended         2024-12-18 20:31:29
=result        ok
=elapsed       0.000002s
=group_time    16.009s
=case          ejabberd_SUITE:init_per_group
=logfile       ejabberd_suite.init_per_group.22338.html
=group_props   [{name,muc_master_slave},sequence]
=started       2024-12-18 20:31:29
=ended         2024-12-18 20:31:29
=result        ok
=elapsed       0.000003s
=case          ejabberd_SUITE:init_per_group
=logfile       ejabberd_suite.init_per_group.22370.html
=group_props   [{name,muc_register},parallel]
=started       2024-12-18 20:31:29
=ended         2024-12-18 20:31:29
=result        ok
=elapsed       0.000003s
=case          ejabberd_SUITE:muc_register_master
=logfile       ejabberd_suite.muc_register_master.22402.html
=started       2024-12-18 20:31:29
=ended         2024-12-18 20:31:30
=result        ok
=elapsed       0.110811s
=case          ejabberd_SUITE:muc_register_slave
=logfile       ejabberd_suite.muc_register_slave.22434.html
=started       2024-12-18 20:31:29
=ended         2024-12-18 20:31:30
=result        ok
=elapsed       0.109746s
=case          ejabberd_SUITE:end_per_group
=logfile       ejabberd_suite.end_per_group.22466.html
=group_props   [{name,muc_register},parallel]
=started       2024-12-18 20:31:30
=ended         2024-12-18 20:31:30
=result        ok
=elapsed       0.000002s
=group_time    0.170s
=case          ejabberd_SUITE:init_per_group
=logfile       ejabberd_suite.init_per_group.22498.html
=group_props   [{name,muc_groupchat_msg},parallel]
=started       2024-12-18 20:31:30
=ended         2024-12-18 20:31:30
=result        ok
=elapsed       0.000003s
=case          ejabberd_SUITE:muc_groupchat_msg_master
=logfile       ejabberd_suite.muc_groupchat_msg_master.22530.html
=started       2024-12-18 20:31:30
=ended         2024-12-18 20:31:30
=result        ok
=elapsed       0.111572s
=case          ejabberd_SUITE:muc_groupchat_msg_slave
=logfile       ejabberd_suite.muc_groupchat_msg_slave.22562.html
=started       2024-12-18 20:31:30
=ended         2024-12-18 20:31:30
=result        ok
=elapsed       0.108478s
=case          ejabberd_SUITE:end_per_group
=logfile       ejabberd_suite.end_per_group.22690.html
=group_props   [{name,muc_groupchat_msg},parallel]
=started       2024-12-18 20:31:30
=ended         2024-12-18 20:31:30
=result        ok
=elapsed       0.000002s
=group_time    0.169s
=case          ejabberd_SUITE:init_per_group
=logfile       ejabberd_suite.init_per_group.22722.html
=group_props   [{name,muc_private_msg},parallel]
=started       2024-12-18 20:31:30
=ended         2024-12-18 20:31:30
=result        ok
=elapsed       0.000002s
=case          ejabberd_SUITE:muc_private_msg_master
=logfile       ejabberd_suite.muc_private_msg_master.17955.html
=started       2024-12-18 20:31:30
=ended         2024-12-18 20:31:30
=result        ok
=elapsed       0.150404s
=case          ejabberd_SUITE:muc_private_msg_slave
=logfile       ejabberd_suite.muc_private_msg_slave.17987.html
=started       2024-12-18 20:31:30
=ended         2024-12-18 20:31:30
=result        ok
=elapsed       0.147933s
=case          ejabberd_SUITE:end_per_group
=logfile       ejabberd_suite.end_per_group.18051.html
=group_props   [{name,muc_private_msg},parallel]
=started       2024-12-18 20:31:30
=ended         2024-12-18 20:31:30
=result        ok
=elapsed       0.000002s
=group_time    0.209s
=case          ejabberd_SUITE:init_per_group
=logfile       ejabberd_suite.init_per_group.17764.html
=group_props   [{name,muc_set_subject},parallel]
=started       2024-12-18 20:31:30
=ended         2024-12-18 20:31:30
=result        ok
=elapsed       0.000003s
=case          ejabberd_SUITE:muc_set_subject_master
=logfile       ejabberd_suite.muc_set_subject_master.18083.html
=started       2024-12-18 20:31:30
=ended         2024-12-18 20:31:30
=result        ok
=elapsed       0.113721s
=case          ejabberd_SUITE:muc_set_subject_slave
=logfile       ejabberd_suite.muc_set_subject_slave.18115.html
=started       2024-12-18 20:31:30
=ended         2024-12-18 20:31:30
=result        ok
=elapsed       0.112456s
=case          ejabberd_SUITE:end_per_group
=logfile       ejabberd_suite.end_per_group.18243.html
=group_props   [{name,muc_set_subject},parallel]
=started       2024-12-18 20:31:30
=ended         2024-12-18 20:31:30
=result        ok
=elapsed       0.000002s
=group_time    0.173s
=case          ejabberd_SUITE:init_per_group
=logfile       ejabberd_suite.init_per_group.18275.html
=group_props   [{name,muc_history},parallel]
=started       2024-12-18 20:31:30
=ended         2024-12-18 20:31:30
=result        ok
=elapsed       0.000003s
=case          ejabberd_SUITE:muc_history_master
=logfile       ejabberd_suite.muc_history_master.18307.html
=started       2024-12-18 20:31:30
=ended         2024-12-18 20:31:30
=result        ok
=elapsed       0.137852s
=case          ejabberd_SUITE:muc_history_slave
=logfile       ejabberd_suite.muc_history_slave.22882.html
=started       2024-12-18 20:31:30
=ended         2024-12-18 20:31:30
=result        ok
=elapsed       0.136269s
=case          ejabberd_SUITE:end_per_group
=logfile       ejabberd_suite.end_per_group.22978.html
=group_props   [{name,muc_history},parallel]
=started       2024-12-18 20:31:30
=ended         2024-12-18 20:31:31
=result        ok
=elapsed       0.000007s
=group_time    0.196s
=case          ejabberd_SUITE:init_per_group
=logfile       ejabberd_suite.init_per_group.23010.html
=group_props   [{name,muc_invite},parallel]
=started       2024-12-18 20:31:31
=ended         2024-12-18 20:31:31
=result        ok
=elapsed       0.000003s
=case          ejabberd_SUITE:muc_invite_master
=logfile       ejabberd_suite.muc_invite_master.23042.html
=started       2024-12-18 20:31:31
=ended         2024-12-18 20:31:31
=result        ok
=elapsed       0.108619s
=case          ejabberd_SUITE:muc_invite_slave
=logfile       ejabberd_suite.muc_invite_slave.23074.html
=started       2024-12-18 20:31:31
=ended         2024-12-18 20:31:31
=result        ok
=elapsed       0.147563s
=case          ejabberd_SUITE:end_per_group
=logfile       ejabberd_suite.end_per_group.18403.html
=group_props   [{name,muc_invite},parallel]
=started       2024-12-18 20:31:31
=ended         2024-12-18 20:31:31
=result        ok
=elapsed       0.000002s
=group_time    0.205s
=case          ejabberd_SUITE:init_per_group
=logfile       ejabberd_suite.init_per_group.23138.html
=group_props   [{name,muc_invite_members_only},parallel]
=started       2024-12-18 20:31:31
=ended         2024-12-18 20:31:31
=result        ok
=elapsed       0.000002s
=case          ejabberd_SUITE:muc_invite_members_only_master
=logfile       ejabberd_suite.muc_invite_members_only_master.23170.html
=started       2024-12-18 20:31:31
=ended         2024-12-18 20:31:31
=result        ok
=elapsed       0.109444s
=case          ejabberd_SUITE:muc_invite_members_only_slave
=logfile       ejabberd_suite.muc_invite_members_only_slave.23202.html
=started       2024-12-18 20:31:31
=ended         2024-12-18 20:31:31
=result        ok
=elapsed       0.106020s
=case          ejabberd_SUITE:end_per_group
=logfile       ejabberd_suite.end_per_group.23298.html
=group_props   [{name,muc_invite_members_only},parallel]
=started       2024-12-18 20:31:31
=ended         2024-12-18 20:31:31
=result        ok
=elapsed       0.000003s
=group_time    0.167s
=case          ejabberd_SUITE:init_per_group
=logfile       ejabberd_suite.init_per_group.23330.html
=group_props   [{name,muc_invite_password_protected},parallel]
=started       2024-12-18 20:31:31
=ended         2024-12-18 20:31:31
=result        ok
=elapsed       0.000003s
=case          ejabberd_SUITE:muc_invite_password_protected_master
=logfile       ejabberd_suite.muc_invite_password_protected_master.23362.html
=started       2024-12-18 20:31:31
=ended         2024-12-18 20:31:31
=result        ok
=elapsed       0.150869s
=case          ejabberd_SUITE:muc_invite_password_protected_slave
=logfile       ejabberd_suite.muc_invite_password_protected_slave.18020.html
=started       2024-12-18 20:31:31
=ended         2024-12-18 20:31:31
=result        ok
=elapsed       0.105848s
=case          ejabberd_SUITE:end_per_group
=logfile       ejabberd_suite.end_per_group.18148.html
=group_props   [{name,muc_invite_password_protected},parallel]
=started       2024-12-18 20:31:31
=ended         2024-12-18 20:31:31
=result        ok
=elapsed       0.000002s
=group_time    0.211s
=case          ejabberd_SUITE:init_per_group
=logfile       ejabberd_suite.init_per_group.18180.html
=group_props   [{name,muc_voice_request},parallel]
=started       2024-12-18 20:31:31
=ended         2024-12-18 20:31:31
=result        ok
=elapsed       0.000002s
=case          ejabberd_SUITE:muc_voice_request_master
=logfile       ejabberd_suite.muc_voice_request_master.18212.html
=started       2024-12-18 20:31:31
=ended         2024-12-18 20:31:31
=result        ok
=elapsed       0.111388s
=case          ejabberd_SUITE:muc_voice_request_slave
=logfile       ejabberd_suite.muc_voice_request_slave.18244.html
=started       2024-12-18 20:31:31
=ended         2024-12-18 20:31:31
=result        ok
=elapsed       0.109948s
=case          ejabberd_SUITE:end_per_group
=logfile       ejabberd_suite.end_per_group.18308.html
=group_props   [{name,muc_voice_request},parallel]
=started       2024-12-18 20:31:31
=ended         2024-12-18 20:31:31
=result        ok
=elapsed       0.000010s
=group_time    0.169s
=case          ejabberd_SUITE:init_per_group
=logfile       ejabberd_suite.init_per_group.18340.html
=group_props   [{name,muc_change_role},parallel]
=started       2024-12-18 20:31:31
=ended         2024-12-18 20:31:31
=result        ok
=elapsed       0.000003s
=case          ejabberd_SUITE:muc_change_role_master
=logfile       ejabberd_suite.muc_change_role_master.18372.html
=started       2024-12-18 20:31:31
=ended         2024-12-18 20:31:32
=result        ok
=elapsed       0.114812s
=case          ejabberd_SUITE:muc_change_role_slave
=logfile       ejabberd_suite.muc_change_role_slave.18404.html
=started       2024-12-18 20:31:31
=ended         2024-12-18 20:31:32
=result        ok
=elapsed       0.113409s
=case          ejabberd_SUITE:end_per_group
=logfile       ejabberd_suite.end_per_group.18436.html
=group_props   [{name,muc_change_role},parallel]
=started       2024-12-18 20:31:32
=ended         2024-12-18 20:31:32
=result        ok
=elapsed       0.000002s
=group_time    0.175s
=case          ejabberd_SUITE:init_per_group
=logfile       ejabberd_suite.init_per_group.10149.html
=group_props   [{name,muc_kick},parallel]
=started       2024-12-18 20:31:32
=ended         2024-12-18 20:31:32
=result        ok
=elapsed       0.000003s
=case          ejabberd_SUITE:muc_kick_master
=logfile       ejabberd_suite.muc_kick_master.10181.html
=started       2024-12-18 20:31:32
=ended         2024-12-18 20:31:32
=result        ok
=elapsed       0.110527s
=case          ejabberd_SUITE:muc_kick_slave
=logfile       ejabberd_suite.muc_kick_slave.18468.html
=started       2024-12-18 20:31:32
=ended         2024-12-18 20:31:32
=result        ok
=elapsed       0.106727s
=case          ejabberd_SUITE:end_per_group
=logfile       ejabberd_suite.end_per_group.18532.html
=group_props   [{name,muc_kick},parallel]
=started       2024-12-18 20:31:32
=ended         2024-12-18 20:31:32
=result        ok
=elapsed       0.000003s
=group_time    0.168s
=case          ejabberd_SUITE:init_per_group
=logfile       ejabberd_suite.init_per_group.18564.html
=group_props   [{name,muc_change_affiliation},parallel]
=started       2024-12-18 20:31:32
=ended         2024-12-18 20:31:32
=result        ok
=elapsed       0.000002s
=case          ejabberd_SUITE:muc_change_affiliation_master
=logfile       ejabberd_suite.muc_change_affiliation_master.18596.html
=started       2024-12-18 20:31:32
=ended         2024-12-18 20:31:32
=result        ok
=elapsed       0.118080s
=case          ejabberd_SUITE:muc_change_affiliation_slave
=logfile       ejabberd_suite.muc_change_affiliation_slave.18628.html
=started       2024-12-18 20:31:32
=ended         2024-12-18 20:31:32
=result        ok
=elapsed       0.117491s
=case          ejabberd_SUITE:end_per_group
=logfile       ejabberd_suite.end_per_group.18692.html
=group_props   [{name,muc_change_affiliation},parallel]
=started       2024-12-18 20:31:32
=ended         2024-12-18 20:31:32
=result        ok
=elapsed       0.000008s
=group_time    0.179s
=case          ejabberd_SUITE:init_per_group
=logfile       ejabberd_suite.init_per_group.18724.html
=group_props   [{name,muc_destroy},parallel]
=started       2024-12-18 20:31:32
=ended         2024-12-18 20:31:32
=result        ok
=elapsed       0.000003s
=case          ejabberd_SUITE:muc_destroy_master
=logfile       ejabberd_suite.muc_destroy_master.18756.html
=started       2024-12-18 20:31:32
=ended         2024-12-18 20:31:32
=result        ok
=elapsed       0.108032s
=case          ejabberd_SUITE:muc_destroy_slave
=logfile       ejabberd_suite.muc_destroy_slave.18788.html
=started       2024-12-18 20:31:32
=ended         2024-12-18 20:31:32
=result        ok
=elapsed       0.108847s
=case          ejabberd_SUITE:end_per_group
=logfile       ejabberd_suite.end_per_group.10373.html
=group_props   [{name,muc_destroy},parallel]
=started       2024-12-18 20:31:32
=ended         2024-12-18 20:31:32
=result        ok
=elapsed       0.000002s
=group_time    0.169s
=case          ejabberd_SUITE:init_per_group
=logfile       ejabberd_suite.init_per_group.10405.html
=group_props   [{name,muc_vcard},parallel]
=started       2024-12-18 20:31:32
=ended         2024-12-18 20:31:32
=result        ok
=elapsed       0.000002s
=case          ejabberd_SUITE:muc_vcard_master
=logfile       ejabberd_suite.muc_vcard_master.10437.html
=started       2024-12-18 20:31:32
=ended         2024-12-18 20:31:32
=result        ok
=elapsed       0.112638s
=case          ejabberd_SUITE:muc_vcard_slave
=logfile       ejabberd_suite.muc_vcard_slave.18531.html
=started       2024-12-18 20:31:32
=ended         2024-12-18 20:31:32
=result        ok
=elapsed       0.111517s
=case          ejabberd_SUITE:end_per_group
=logfile       ejabberd_suite.end_per_group.18595.html
=group_props   [{name,muc_vcard},parallel]
=started       2024-12-18 20:31:32
=ended         2024-12-18 20:31:32
=result        ok
=elapsed       0.000006s
=group_time    0.172s
=case          ejabberd_SUITE:init_per_group
=logfile       ejabberd_suite.init_per_group.18627.html
=group_props   [{name,muc_nick_change},parallel]
=started       2024-12-18 20:31:32
=ended         2024-12-18 20:31:32
=result        ok
=elapsed       0.000002s
=case          ejabberd_SUITE:muc_nick_change_master
=logfile       ejabberd_suite.muc_nick_change_master.18659.html
=started       2024-12-18 20:31:32
=ended         2024-12-18 20:31:33
=result        ok
=elapsed       0.110328s
=case          ejabberd_SUITE:muc_nick_change_slave
=logfile       ejabberd_suite.muc_nick_change_slave.18691.html
=started       2024-12-18 20:31:32
=ended         2024-12-18 20:31:33
=result        ok
=elapsed       0.107530s
=case          ejabberd_SUITE:end_per_group
=logfile       ejabberd_suite.end_per_group.10629.html
=group_props   [{name,muc_nick_change},parallel]
=started       2024-12-18 20:31:33
=ended         2024-12-18 20:31:33
=result        ok
=elapsed       0.000010s
=group_time    0.169s
=case          ejabberd_SUITE:init_per_group
=logfile       ejabberd_suite.init_per_group.18755.html
=group_props   [{name,muc_config_title_desc},parallel]
=started       2024-12-18 20:31:33
=ended         2024-12-18 20:31:33
=result        ok
=elapsed       0.000003s
=case          ejabberd_SUITE:muc_config_title_desc_master
=logfile       ejabberd_suite.muc_config_title_desc_master.18787.html
=started       2024-12-18 20:31:33
=ended         2024-12-18 20:31:33
=result        ok
=elapsed       0.111374s
=case          ejabberd_SUITE:muc_config_title_desc_slave
=logfile       ejabberd_suite.muc_config_title_desc_slave.18819.html
=started       2024-12-18 20:31:33
=ended         2024-12-18 20:31:33
=result        ok
=elapsed       0.106550s
=case          ejabberd_SUITE:end_per_group
=logfile       ejabberd_suite.end_per_group.10725.html
=group_props   [{name,muc_config_title_desc},parallel]
=started       2024-12-18 20:31:33
=ended         2024-12-18 20:31:33
=result        ok
=elapsed       0.000002s
=group_time    0.170s
=case          ejabberd_SUITE:init_per_group
=logfile       ejabberd_suite.init_per_group.10757.html
=group_props   [{name,muc_config_public_list},parallel]
=started       2024-12-18 20:31:33
=ended         2024-12-18 20:31:33
=result        ok
=elapsed       0.000003s
=case          ejabberd_SUITE:muc_config_public_list_master
=logfile       ejabberd_suite.muc_config_public_list_master.10789.html
=started       2024-12-18 20:31:33
=ended         2024-12-18 20:31:33
=result        ok
=elapsed       0.111566s
=case          ejabberd_SUITE:muc_config_public_list_slave
=logfile       ejabberd_suite.muc_config_public_list_slave.18851.html
=started       2024-12-18 20:31:33
=ended         2024-12-18 20:31:33
=result        ok
=elapsed       0.109856s
=case          ejabberd_SUITE:end_per_group
=logfile       ejabberd_suite.end_per_group.24002.html
=group_props   [{name,muc_config_public_list},parallel]
=started       2024-12-18 20:31:33
=ended         2024-12-18 20:31:33
=result        ok
=elapsed       0.000003s
=group_time    0.172s
=case          ejabberd_SUITE:init_per_group
=logfile       ejabberd_suite.init_per_group.24034.html
=group_props   [{name,muc_config_password},parallel]
=started       2024-12-18 20:31:33
=ended         2024-12-18 20:31:33
=result        ok
=elapsed       0.000003s
=case          ejabberd_SUITE:muc_config_password_master
=logfile       ejabberd_suite.muc_config_password_master.24066.html
=started       2024-12-18 20:31:33
=ended         2024-12-18 20:31:33
=result        ok
=elapsed       0.112840s
=case          ejabberd_SUITE:muc_config_password_slave
=logfile       ejabberd_suite.muc_config_password_slave.24098.html
=started       2024-12-18 20:31:33
=ended         2024-12-18 20:31:33
=result        ok
=elapsed       0.110009s
=case          ejabberd_SUITE:end_per_group
=logfile       ejabberd_suite.end_per_group.18947.html
=group_props   [{name,muc_config_password},parallel]
=started       2024-12-18 20:31:33
=ended         2024-12-18 20:31:33
=result        ok
=elapsed       0.000003s
=group_time    0.172s
=case          ejabberd_SUITE:init_per_group
=logfile       ejabberd_suite.init_per_group.18979.html
=group_props   [{name,muc_config_whois},parallel]
=started       2024-12-18 20:31:33
=ended         2024-12-18 20:31:33
=result        ok
=elapsed       0.000002s
=case          ejabberd_SUITE:muc_config_whois_master
=logfile       ejabberd_suite.muc_config_whois_master.19011.html
=started       2024-12-18 20:31:33
=ended         2024-12-18 20:31:33
=result        ok
=elapsed       0.113479s
=case          ejabberd_SUITE:muc_config_whois_slave
=logfile       ejabberd_suite.muc_config_whois_slave.24130.html
=started       2024-12-18 20:31:33
=ended         2024-12-18 20:31:33
=result        ok
=elapsed       0.112116s
=case          ejabberd_SUITE:end_per_group
=logfile       ejabberd_suite.end_per_group.24226.html
=group_props   [{name,muc_config_whois},parallel]
=started       2024-12-18 20:31:33
=ended         2024-12-18 20:31:33
=result        ok
=elapsed       0.000002s
=group_time    0.172s
=case          ejabberd_SUITE:init_per_group
=logfile       ejabberd_suite.init_per_group.24258.html
=group_props   [{name,muc_config_members_only},parallel]
=started       2024-12-18 20:31:33
=ended         2024-12-18 20:31:33
=result        ok
=elapsed       0.000002s
=case          ejabberd_SUITE:muc_config_members_only_master
=logfile       ejabberd_suite.muc_config_members_only_master.24290.html
=started       2024-12-18 20:31:33
=ended         2024-12-18 20:31:34
=result        ok
=elapsed       0.114417s
=case          ejabberd_SUITE:muc_config_members_only_slave
=logfile       ejabberd_suite.muc_config_members_only_slave.24322.html
=started       2024-12-18 20:31:33
=ended         2024-12-18 20:31:34
=result        ok
=elapsed       0.113720s
=case          ejabberd_SUITE:end_per_group
=logfile       ejabberd_suite.end_per_group.24386.html
=group_props   [{name,muc_config_members_only},parallel]
=started       2024-12-18 20:31:34
=ended         2024-12-18 20:31:34
=result        ok
=elapsed       0.000002s
=group_time    0.174s
=case          ejabberd_SUITE:init_per_group
=logfile       ejabberd_suite.init_per_group.24418.html
=group_props   [{name,muc_config_moderated},parallel]
=started       2024-12-18 20:31:34
=ended         2024-12-18 20:31:34
=result        ok
=elapsed       0.000002s
=case          ejabberd_SUITE:muc_config_moderated_master
=logfile       ejabberd_suite.muc_config_moderated_master.10949.html
=started       2024-12-18 20:31:34
=ended         2024-12-18 20:31:34
=result        ok
=elapsed       0.113465s
=case          ejabberd_SUITE:muc_config_moderated_slave
=logfile       ejabberd_suite.muc_config_moderated_slave.10981.html
=started       2024-12-18 20:31:34
=ended         2024-12-18 20:31:34
=result        ok
=elapsed       0.112828s
=case          ejabberd_SUITE:end_per_group
=logfile       ejabberd_suite.end_per_group.11013.html
=group_props   [{name,muc_config_moderated},parallel]
=started       2024-12-18 20:31:34
=ended         2024-12-18 20:31:34
=result        ok
=elapsed       0.000003s
=group_time    0.173s
=case          ejabberd_SUITE:init_per_group
=logfile       ejabberd_suite.init_per_group.11045.html
=group_props   [{name,muc_config_private_messages},parallel]
=started       2024-12-18 20:31:34
=ended         2024-12-18 20:31:34
=result        ok
=elapsed       0.000002s
=case          ejabberd_SUITE:muc_config_private_messages_master
=logfile       ejabberd_suite.muc_config_private_messages_master.19236.html
=started       2024-12-18 20:31:34
=ended         2024-12-18 20:31:34
=result        ok
=elapsed       0.117839s
=case          ejabberd_SUITE:muc_config_private_messages_slave
=logfile       ejabberd_suite.muc_config_private_messages_slave.19268.html
=started       2024-12-18 20:31:34
=ended         2024-12-18 20:31:34
=result        ok
=elapsed       0.113293s
=case          ejabberd_SUITE:end_per_group
=logfile       ejabberd_suite.end_per_group.19364.html
=group_props   [{name,muc_config_private_messages},parallel]
=started       2024-12-18 20:31:34
=ended         2024-12-18 20:31:34
=result        ok
=elapsed       0.000002s
=group_time    0.174s
=case          ejabberd_SUITE:init_per_group
=logfile       ejabberd_suite.init_per_group.19396.html
=group_props   [{name,muc_config_query},parallel]
=started       2024-12-18 20:31:34
=ended         2024-12-18 20:31:34
=result        ok
=elapsed       0.000002s
=case          ejabberd_SUITE:muc_config_query_master
=logfile       ejabberd_suite.muc_config_query_master.19428.html
=started       2024-12-18 20:31:34
=ended         2024-12-18 20:31:34
=result        ok
=elapsed       0.153117s
=case          ejabberd_SUITE:muc_config_query_slave
=logfile       ejabberd_suite.muc_config_query_slave.19460.html
=started       2024-12-18 20:31:34
=ended         2024-12-18 20:31:34
=result        ok
=elapsed       0.150415s
=case          ejabberd_SUITE:end_per_group
=logfile       ejabberd_suite.end_per_group.19524.html
=group_props   [{name,muc_config_query},parallel]
=started       2024-12-18 20:31:34
=ended         2024-12-18 20:31:34
=result        ok
=elapsed       0.000002s
=group_time    0.211s
=case          ejabberd_SUITE:init_per_group
=logfile       ejabberd_suite.init_per_group.11173.html
=group_props   [{name,muc_config_allow_invites},parallel]
=started       2024-12-18 20:31:34
=ended         2024-12-18 20:31:34
=result        ok
=elapsed       0.000003s
=case          ejabberd_SUITE:muc_config_allow_invites_master
=logfile       ejabberd_suite.muc_config_allow_invites_master.11205.html
=started       2024-12-18 20:31:34
=ended         2024-12-18 20:31:34
=result        ok
=elapsed       0.113893s
=case          ejabberd_SUITE:muc_config_allow_invites_slave
=logfile       ejabberd_suite.muc_config_allow_invites_slave.11237.html
=started       2024-12-18 20:31:34
=ended         2024-12-18 20:31:34
=result        ok
=elapsed       0.111044s
=case          ejabberd_SUITE:end_per_group
=logfile       ejabberd_suite.end_per_group.19588.html
=group_props   [{name,muc_config_allow_invites},parallel]
=started       2024-12-18 20:31:34
=ended         2024-12-18 20:31:34
=result        ok
=elapsed       0.000007s
=group_time    0.173s
=case          ejabberd_SUITE:init_per_group
=logfile       ejabberd_suite.init_per_group.19235.html
=group_props   [{name,muc_config_visitor_status},parallel]
=started       2024-12-18 20:31:34
=ended         2024-12-18 20:31:34
=result        ok
=elapsed       0.000003s
=case          ejabberd_SUITE:muc_config_visitor_status_master
=logfile       ejabberd_suite.muc_config_visitor_status_master.19299.html
=started       2024-12-18 20:31:34
=ended         2024-12-18 20:31:35
=result        ok
=elapsed       0.110958s
=case          ejabberd_SUITE:muc_config_visitor_status_slave
=logfile       ejabberd_suite.muc_config_visitor_status_slave.19267.html
=started       2024-12-18 20:31:34
=ended         2024-12-18 20:31:35
=result        ok
=elapsed       0.110973s
=case          ejabberd_SUITE:end_per_group
=logfile       ejabberd_suite.end_per_group.11301.html
=group_props   [{name,muc_config_visitor_status},parallel]
=started       2024-12-18 20:31:35
=ended         2024-12-18 20:31:35
=result        ok
=elapsed       0.000007s
=group_time    0.173s
=case          ejabberd_SUITE:init_per_group
=logfile       ejabberd_suite.init_per_group.11333.html
=group_props   [{name,muc_config_allow_voice_requests},parallel]
=started       2024-12-18 20:31:35
=ended         2024-12-18 20:31:35
=result        ok
=elapsed       0.000003s
=case          ejabberd_SUITE:muc_config_allow_voice_requests_master
=logfile       ejabberd_suite.muc_config_allow_voice_requests_master.11365.html
=started       2024-12-18 20:31:35
=ended         2024-12-18 20:31:35
=result        ok
=elapsed       0.110852s
=case          ejabberd_SUITE:muc_config_allow_voice_requests_slave
=logfile       ejabberd_suite.muc_config_allow_voice_requests_slave.11397.html
=started       2024-12-18 20:31:35
=ended         2024-12-18 20:31:35
=result        ok
=elapsed       0.109854s
=case          ejabberd_SUITE:end_per_group
=logfile       ejabberd_suite.end_per_group.11525.html
=group_props   [{name,muc_config_allow_voice_requests},parallel]
=started       2024-12-18 20:31:35
=ended         2024-12-18 20:31:35
=result        ok
=elapsed       0.000002s
=group_time    0.171s
=case          ejabberd_SUITE:init_per_group
=logfile       ejabberd_suite.init_per_group.11557.html
=group_props   [{name,muc_config_voice_request_interval},parallel]
=started       2024-12-18 20:31:35
=ended         2024-12-18 20:31:35
=result        ok
=elapsed       0.000002s
=case          ejabberd_SUITE:muc_config_voice_request_interval_master
=logfile       ejabberd_suite.muc_config_voice_request_interval_master.19684.html
=started       2024-12-18 20:31:35
=ended         2024-12-18 20:31:40
=result        ok
=elapsed       5.195021s
=case          ejabberd_SUITE:muc_config_voice_request_interval_slave
=logfile       ejabberd_suite.muc_config_voice_request_interval_slave.11589.html
=started       2024-12-18 20:31:35
=ended         2024-12-18 20:31:40
=result        ok
=elapsed       5.192022s
=case          ejabberd_SUITE:end_per_group
=logfile       ejabberd_suite.end_per_group.11621.html
=group_props   [{name,muc_config_voice_request_interval},parallel]
=started       2024-12-18 20:31:40
=ended         2024-12-18 20:31:40
=result        ok
=elapsed       0.000002s
=group_time    5.254s
=case          ejabberd_SUITE:init_per_group
=logfile       ejabberd_suite.init_per_group.11653.html
=group_props   [{name,muc_config_visitor_nickchange},parallel]
=started       2024-12-18 20:31:40
=ended         2024-12-18 20:31:40
=result        ok
=elapsed       0.000002s
=case          ejabberd_SUITE:muc_config_visitor_nickchange_master
=logfile       ejabberd_suite.muc_config_visitor_nickchange_master.19523.html
=started       2024-12-18 20:31:40
=ended         2024-12-18 20:31:40
=result        ok
=elapsed       0.111845s
=case          ejabberd_SUITE:muc_config_visitor_nickchange_slave
=logfile       ejabberd_suite.muc_config_visitor_nickchange_slave.19555.html
=started       2024-12-18 20:31:40
=ended         2024-12-18 20:31:40
=result        ok
=elapsed       0.108887s
=case          ejabberd_SUITE:end_per_group
=logfile       ejabberd_suite.end_per_group.19651.html
=group_props   [{name,muc_config_visitor_nickchange},parallel]
=started       2024-12-18 20:31:40
=ended         2024-12-18 20:31:40
=result        ok
=elapsed       0.000002s
=group_time    0.170s
=case          ejabberd_SUITE:init_per_group
=logfile       ejabberd_suite.init_per_group.19844.html
=group_props   [{name,muc_join_conflict},parallel]
=started       2024-12-18 20:31:40
=ended         2024-12-18 20:31:40
=result        ok
=elapsed       0.000003s
=case          ejabberd_SUITE:muc_join_conflict_master
=logfile       ejabberd_suite.muc_join_conflict_master.19683.html
=started       2024-12-18 20:31:40
=ended         2024-12-18 20:31:40
=result        ok
=elapsed       0.107587s
=case          ejabberd_SUITE:muc_join_conflict_slave
=logfile       ejabberd_suite.muc_join_conflict_slave.19715.html
=started       2024-12-18 20:31:40
=ended         2024-12-18 20:31:40
=result        ok
=elapsed       0.105022s
=case          ejabberd_SUITE:end_per_group
=logfile       ejabberd_suite.end_per_group.19876.html
=group_props   [{name,muc_join_conflict},parallel]
=started       2024-12-18 20:31:40
=ended         2024-12-18 20:31:40
=result        ok
=elapsed       0.000003s
=group_time    0.167s
=case          ejabberd_SUITE:end_per_group
=logfile       ejabberd_suite.end_per_group.19779.html
=group_props   [{name,muc_master_slave},sequence]
=started       2024-12-18 20:31:40
=ended         2024-12-18 20:31:40
=result        ok
=elapsed       0.000002s
=group_time    10.999s
=case          ejabberd_SUITE:init_per_group
=logfile       ejabberd_suite.init_per_group.19811.html
=group_props   [{name,privacy_master_slave},sequence]
=started       2024-12-18 20:31:40
=ended         2024-12-18 20:31:40
=result        ok
=elapsed       0.000003s
=case          ejabberd_SUITE:init_per_group
=logfile       ejabberd_suite.init_per_group.19843.html
=group_props   [{name,privacy_deny_bare_jid},parallel]
=started       2024-12-18 20:31:40
=ended         2024-12-18 20:31:41
=result        ok
=elapsed       0.000002s
=case          ejabberd_SUITE:privacy_deny_bare_jid_master
=logfile       ejabberd_suite.privacy_deny_bare_jid_master.19875.html
=started       2024-12-18 20:31:41
=ended         2024-12-18 20:31:42
=result        ok
=elapsed       1.126007s
=case          ejabberd_SUITE:privacy_deny_bare_jid_slave
=logfile       ejabberd_suite.privacy_deny_bare_jid_slave.19907.html
=started       2024-12-18 20:31:41
=ended         2024-12-18 20:31:42
=result        ok
=elapsed       1.127197s
=case          ejabberd_SUITE:end_per_group
=logfile       ejabberd_suite.end_per_group.11813.html
=group_props   [{name,privacy_deny_bare_jid},parallel]
=started       2024-12-18 20:31:42
=ended         2024-12-18 20:31:42
=result        ok
=elapsed       0.000002s
=group_time    1.187s
=case          ejabberd_SUITE:init_per_group
=logfile       ejabberd_suite.init_per_group.24866.html
=group_props   [{name,privacy_deny_full_jid},parallel]
=started       2024-12-18 20:31:42
=ended         2024-12-18 20:31:42
=result        ok
=elapsed       0.000002s
=case          ejabberd_SUITE:privacy_deny_full_jid_master
=logfile       ejabberd_suite.privacy_deny_full_jid_master.24898.html
=started       2024-12-18 20:31:42
=ended         2024-12-18 20:31:43
=result        ok
=elapsed       1.121401s
=case          ejabberd_SUITE:privacy_deny_full_jid_slave
=logfile       ejabberd_suite.privacy_deny_full_jid_slave.24930.html
=started       2024-12-18 20:31:42
=ended         2024-12-18 20:31:43
=result        ok
=elapsed       1.120363s
=case          ejabberd_SUITE:end_per_group
=logfile       ejabberd_suite.end_per_group.24962.html
=group_props   [{name,privacy_deny_full_jid},parallel]
=started       2024-12-18 20:31:43
=ended         2024-12-18 20:31:43
=result        ok
=elapsed       0.000011s
=group_time    1.182s
=case          ejabberd_SUITE:init_per_group
=logfile       ejabberd_suite.init_per_group.20004.html
=group_props   [{name,privacy_deny_server_bare_jid},parallel]
=started       2024-12-18 20:31:43
=ended         2024-12-18 20:31:43
=result        ok
=elapsed       0.000003s
=case          ejabberd_SUITE:privacy_deny_server_bare_jid_master
=logfile       ejabberd_suite.privacy_deny_server_bare_jid_master.20036.html
=started       2024-12-18 20:31:43
=ended         2024-12-18 20:31:44
=result        ok
=elapsed       1.121211s
=case          ejabberd_SUITE:privacy_deny_server_bare_jid_slave
=logfile       ejabberd_suite.privacy_deny_server_bare_jid_slave.20068.html
=started       2024-12-18 20:31:43
=ended         2024-12-18 20:31:44
=result        ok
=elapsed       1.122142s
=case          ejabberd_SUITE:end_per_group
=logfile       ejabberd_suite.end_per_group.20132.html
=group_props   [{name,privacy_deny_server_bare_jid},parallel]
=started       2024-12-18 20:31:44
=ended         2024-12-18 20:31:44
=result        ok
=elapsed       0.000002s
=group_time    1.182s
=case          ejabberd_SUITE:init_per_group
=logfile       ejabberd_suite.init_per_group.20035.html
=group_props   [{name,privacy_deny_server_full_jid},parallel]
=started       2024-12-18 20:31:44
=ended         2024-12-18 20:31:44
=result        ok
=elapsed       0.000003s
=case          ejabberd_SUITE:privacy_deny_server_full_jid_master
=logfile       ejabberd_suite.privacy_deny_server_full_jid_master.25122.html
=started       2024-12-18 20:31:44
=ended         2024-12-18 20:31:45
=result        ok
=elapsed       1.119392s
=case          ejabberd_SUITE:privacy_deny_server_full_jid_slave
=logfile       ejabberd_suite.privacy_deny_server_full_jid_slave.25090.html
=started       2024-12-18 20:31:44
=ended         2024-12-18 20:31:45
=result        ok
=elapsed       1.119488s
=case          ejabberd_SUITE:end_per_group
=logfile       ejabberd_suite.end_per_group.25218.html
=group_props   [{name,privacy_deny_server_full_jid},parallel]
=started       2024-12-18 20:31:45
=ended         2024-12-18 20:31:45
=result        ok
=elapsed       0.000008s
=group_time    1.179s
=case          ejabberd_SUITE:init_per_group
=logfile       ejabberd_suite.init_per_group.25250.html
=group_props   [{name,privacy_deny_group},parallel]
=started       2024-12-18 20:31:45
=ended         2024-12-18 20:31:45
=result        ok
=elapsed       0.000002s
=case          ejabberd_SUITE:privacy_deny_group_master
=logfile       ejabberd_suite.privacy_deny_group_master.20067.html
=started       2024-12-18 20:31:45
=ended         2024-12-18 20:31:47
=result        ok
=elapsed       1.130377s
=case          ejabberd_SUITE:privacy_deny_group_slave
=logfile       ejabberd_suite.privacy_deny_group_slave.20099.html
=started       2024-12-18 20:31:45
=ended         2024-12-18 20:31:47
=result        ok
=elapsed       1.129539s
=case          ejabberd_SUITE:end_per_group
=logfile       ejabberd_suite.end_per_group.12069.html
=group_props   [{name,privacy_deny_group},parallel]
=started       2024-12-18 20:31:47
=ended         2024-12-18 20:31:47
=result        ok
=elapsed       0.000010s
=group_time    1.191s
=case          ejabberd_SUITE:init_per_group
=logfile       ejabberd_suite.init_per_group.12101.html
=group_props   [{name,privacy_deny_sub_both},parallel]
=started       2024-12-18 20:31:47
=ended         2024-12-18 20:31:47
=result        ok
=elapsed       0.000003s
=case          ejabberd_SUITE:privacy_deny_sub_both_master
=logfile       ejabberd_suite.privacy_deny_sub_both_master.20196.html
=started       2024-12-18 20:31:47
=ended         2024-12-18 20:31:48
=result        ok
=elapsed       1.127664s
=case          ejabberd_SUITE:privacy_deny_sub_both_slave
=logfile       ejabberd_suite.privacy_deny_sub_both_slave.12133.html
=started       2024-12-18 20:31:47
=ended         2024-12-18 20:31:48
=result        ok
=elapsed       1.128472s
=case          ejabberd_SUITE:end_per_group
=logfile       ejabberd_suite.end_per_group.12165.html
=group_props   [{name,privacy_deny_sub_both},parallel]
=started       2024-12-18 20:31:48
=ended         2024-12-18 20:31:48
=result        ok
=elapsed       0.000002s
=group_time    1.188s
=case          ejabberd_SUITE:init_per_group
=logfile       ejabberd_suite.init_per_group.12197.html
=group_props   [{name,privacy_deny_sub_from},parallel]
=started       2024-12-18 20:31:48
=ended         2024-12-18 20:31:48
=result        ok
=elapsed       0.000003s
=case          ejabberd_SUITE:privacy_deny_sub_from_master
=logfile       ejabberd_suite.privacy_deny_sub_from_master.12229.html
=started       2024-12-18 20:31:48
=ended         2024-12-18 20:31:49
=result        ok
=elapsed       1.121160s
=case          ejabberd_SUITE:privacy_deny_sub_from_slave
=logfile       ejabberd_suite.privacy_deny_sub_from_slave.12261.html
=started       2024-12-18 20:31:48
=ended         2024-12-18 20:31:49
=result        ok
=elapsed       1.120316s
=case          ejabberd_SUITE:end_per_group
=logfile       ejabberd_suite.end_per_group.12357.html
=group_props   [{name,privacy_deny_sub_from},parallel]
=started       2024-12-18 20:31:49
=ended         2024-12-18 20:31:49
=result        ok
=elapsed       0.000002s
=group_time    1.182s
=case          ejabberd_SUITE:init_per_group
=logfile       ejabberd_suite.init_per_group.12389.html
=group_props   [{name,privacy_deny_sub_to},parallel]
=started       2024-12-18 20:31:49
=ended         2024-12-18 20:31:49
=result        ok
=elapsed       0.000003s
=case          ejabberd_SUITE:privacy_deny_sub_to_master
=logfile       ejabberd_suite.privacy_deny_sub_to_master.12421.html
=started       2024-12-18 20:31:49
=ended         2024-12-18 20:31:50
=result        ok
=elapsed       1.116455s
=case          ejabberd_SUITE:privacy_deny_sub_to_slave
=logfile       ejabberd_suite.privacy_deny_sub_to_slave.12453.html
=started       2024-12-18 20:31:49
=ended         2024-12-18 20:31:50
=result        ok
=elapsed       1.117304s
=case          ejabberd_SUITE:end_per_group
=logfile       ejabberd_suite.end_per_group.12517.html
=group_props   [{name,privacy_deny_sub_to},parallel]
=started       2024-12-18 20:31:50
=ended         2024-12-18 20:31:50
=result        ok
=elapsed       0.000002s
=group_time    1.179s
=case          ejabberd_SUITE:init_per_group
=logfile       ejabberd_suite.init_per_group.12549.html
=group_props   [{name,privacy_deny_sub_none},parallel]
=started       2024-12-18 20:31:50
=ended         2024-12-18 20:31:50
=result        ok
=elapsed       0.000002s
=case          ejabberd_SUITE:privacy_deny_sub_none_master
=logfile       ejabberd_suite.privacy_deny_sub_none_master.12581.html
=started       2024-12-18 20:31:50
=ended         2024-12-18 20:31:51
=result        ok
=elapsed       1.120456s
=case          ejabberd_SUITE:privacy_deny_sub_none_slave
=logfile       ejabberd_suite.privacy_deny_sub_none_slave.12613.html
=started       2024-12-18 20:31:50
=ended         2024-12-18 20:31:51
=result        ok
=elapsed       1.118628s
=case          ejabberd_SUITE:end_per_group
=logfile       ejabberd_suite.end_per_group.12741.html
=group_props   [{name,privacy_deny_sub_none},parallel]
=started       2024-12-18 20:31:51
=ended         2024-12-18 20:31:51
=result        ok
=elapsed       0.000002s
=group_time    1.179s
=case          ejabberd_SUITE:init_per_group
=logfile       ejabberd_suite.init_per_group.12773.html
=group_props   [{name,privacy_deny_all},parallel]
=started       2024-12-18 20:31:51
=ended         2024-12-18 20:31:51
=result        ok
=elapsed       0.000003s
=case          ejabberd_SUITE:privacy_deny_all_master
=logfile       ejabberd_suite.privacy_deny_all_master.12805.html
=started       2024-12-18 20:31:51
=ended         2024-12-18 20:31:53
=result        ok
=elapsed       1.118994s
=case          ejabberd_SUITE:privacy_deny_all_slave
=logfile       ejabberd_suite.privacy_deny_all_slave.12837.html
=started       2024-12-18 20:31:51
=ended         2024-12-18 20:31:53
=result        ok
=elapsed       1.116822s
=case          ejabberd_SUITE:end_per_group
=logfile       ejabberd_suite.end_per_group.12901.html
=group_props   [{name,privacy_deny_all},parallel]
=started       2024-12-18 20:31:53
=ended         2024-12-18 20:31:53
=result        ok
=elapsed       0.000002s
=group_time    1.177s
=case          ejabberd_SUITE:init_per_group
=logfile       ejabberd_suite.init_per_group.12933.html
=group_props   [{name,privacy_deny_offline},parallel]
=started       2024-12-18 20:31:53
=ended         2024-12-18 20:31:53
=result        ok
=elapsed       0.000002s
=case          ejabberd_SUITE:privacy_deny_offline_master
=logfile       ejabberd_suite.privacy_deny_offline_master.12965.html
=started       2024-12-18 20:31:53
=ended         2024-12-18 20:31:53
=result        ok
=elapsed       0.231087s
=case          ejabberd_SUITE:privacy_deny_offline_slave
=logfile       ejabberd_suite.privacy_deny_offline_slave.25698.html
=started       2024-12-18 20:31:53
=ended         2024-12-18 20:31:53
=result        ok
=elapsed       0.332195s
=case          ejabberd_SUITE:end_per_group
=logfile       ejabberd_suite.end_per_group.25762.html
=group_props   [{name,privacy_deny_offline},parallel]
=started       2024-12-18 20:31:53
=ended         2024-12-18 20:31:53
=result        ok
=elapsed       0.000002s
=group_time    0.390s
=case          ejabberd_SUITE:init_per_group
=logfile       ejabberd_suite.init_per_group.25794.html
=group_props   [{name,privacy_block},parallel]
=started       2024-12-18 20:31:53
=ended         2024-12-18 20:31:53
=result        ok
=elapsed       0.000002s
=case          ejabberd_SUITE:privacy_block_master
=logfile       ejabberd_suite.privacy_block_master.20387.html
=started       2024-12-18 20:31:53
=ended         2024-12-18 20:31:53
=result        ok
=elapsed       0.417221s
=case          ejabberd_SUITE:privacy_block_slave
=logfile       ejabberd_suite.privacy_block_slave.20419.html
=started       2024-12-18 20:31:53
=ended         2024-12-18 20:31:53
=result        ok
=elapsed       0.416342s
=case          ejabberd_SUITE:end_per_group
=logfile       ejabberd_suite.end_per_group.20483.html
=group_props   [{name,privacy_block},parallel]
=started       2024-12-18 20:31:53
=ended         2024-12-18 20:31:53
=result        ok
=elapsed       0.000002s
=group_time    0.477s
=case          ejabberd_SUITE:init_per_group
=logfile       ejabberd_suite.init_per_group.20515.html
=group_props   [{name,privacy_unblock},parallel]
=started       2024-12-18 20:31:53
=ended         2024-12-18 20:31:54
=result        ok
=elapsed       0.000003s
=case          ejabberd_SUITE:privacy_unblock_master
=logfile       ejabberd_suite.privacy_unblock_master.20547.html
=started       2024-12-18 20:31:54
=ended         2024-12-18 20:31:54
=result        ok
=elapsed       0.191225s
=case          ejabberd_SUITE:privacy_unblock_slave
=logfile       ejabberd_suite.privacy_unblock_slave.20579.html
=started       2024-12-18 20:31:54
=ended         2024-12-18 20:31:54
=result        ok
=elapsed       0.189596s
=case          ejabberd_SUITE:end_per_group
=logfile       ejabberd_suite.end_per_group.20643.html
=group_props   [{name,privacy_unblock},parallel]
=started       2024-12-18 20:31:54
=ended         2024-12-18 20:31:54
=result        ok
=elapsed       0.000003s
=group_time    0.252s
=case          ejabberd_SUITE:init_per_group
=logfile       ejabberd_suite.init_per_group.20675.html
=group_props   [{name,privacy_unblock_all},parallel]
=started       2024-12-18 20:31:54
=ended         2024-12-18 20:31:54
=result        ok
=elapsed       0.000003s
=case          ejabberd_SUITE:privacy_unblock_all_master
=logfile       ejabberd_suite.privacy_unblock_all_master.20707.html
=started       2024-12-18 20:31:54
=ended         2024-12-18 20:31:54
=result        ok
=elapsed       0.192944s
=case          ejabberd_SUITE:privacy_unblock_all_slave
=logfile       ejabberd_suite.privacy_unblock_all_slave.20739.html
=started       2024-12-18 20:31:54
=ended         2024-12-18 20:31:54
=result        ok
=elapsed       0.193394s
=case          ejabberd_SUITE:end_per_group
=logfile       ejabberd_suite.end_per_group.13125.html
=group_props   [{name,privacy_unblock_all},parallel]
=started       2024-12-18 20:31:54
=ended         2024-12-18 20:31:54
=result        ok
=elapsed       0.000002s
=group_time    0.254s
=case          ejabberd_SUITE:end_per_group
=logfile       ejabberd_suite.end_per_group.13157.html
=group_props   [{name,privacy_master_slave},sequence]
=started       2024-12-18 20:31:54
=ended         2024-12-18 20:31:54
=result        ok
=elapsed       0.000002s
=group_time    13.579s
=case          ejabberd_SUITE:init_per_group
=logfile       ejabberd_suite.init_per_group.13189.html
=group_props   [{name,pubsub_master_slave},sequence]
=started       2024-12-18 20:31:54
=ended         2024-12-18 20:31:54
=result        ok
=elapsed       0.000003s
=case          ejabberd_SUITE:init_per_group
=logfile       ejabberd_suite.init_per_group.13221.html
=group_props   [{name,pubsub_publish},parallel]
=started       2024-12-18 20:31:54
=ended         2024-12-18 20:31:54
=result        ok
=elapsed       0.000001s
=case          ejabberd_SUITE:pubsub_publish_master
=logfile       ejabberd_suite.pubsub_publish_master.13253.html
=started       2024-12-18 20:31:54
=ended         2024-12-18 20:31:54
=result        ok
=elapsed       0.106330s
=case          ejabberd_SUITE:pubsub_publish_slave
=logfile       ejabberd_suite.pubsub_publish_slave.13285.html
=started       2024-12-18 20:31:54
=ended         2024-12-18 20:31:54
=result        ok
=elapsed       0.104289s
=case          ejabberd_SUITE:end_per_group
=logfile       ejabberd_suite.end_per_group.13381.html
=group_props   [{name,pubsub_publish},parallel]
=started       2024-12-18 20:31:54
=ended         2024-12-18 20:31:54
=result        ok
=elapsed       0.000002s
=group_time    0.165s
=case          ejabberd_SUITE:init_per_group
=logfile       ejabberd_suite.init_per_group.13413.html
=group_props   [{name,pubsub_subscriptions},parallel]
=started       2024-12-18 20:31:54
=ended         2024-12-18 20:31:54
=result        ok
=elapsed       0.000002s
=case          ejabberd_SUITE:pubsub_subscriptions_master
=logfile       ejabberd_suite.pubsub_subscriptions_master.13445.html
=started       2024-12-18 20:31:54
=ended         2024-12-18 20:31:54
=result        ok
=elapsed       0.111690s
=case          ejabberd_SUITE:pubsub_subscriptions_slave
=logfile       ejabberd_suite.pubsub_subscriptions_slave.13477.html
=started       2024-12-18 20:31:54
=ended         2024-12-18 20:31:54
=result        ok
=elapsed       0.110696s
=case          ejabberd_SUITE:end_per_group
=logfile       ejabberd_suite.end_per_group.20867.html
=group_props   [{name,pubsub_subscriptions},parallel]
=started       2024-12-18 20:31:54
=ended         2024-12-18 20:31:54
=result        ok
=elapsed       0.000003s
=group_time    0.170s
=case          ejabberd_SUITE:init_per_group
=logfile       ejabberd_suite.init_per_group.20804.html
=group_props   [{name,pubsub_affiliations},parallel]
=started       2024-12-18 20:31:54
=ended         2024-12-18 20:31:55
=result        ok
=elapsed       0.000002s
=case          ejabberd_SUITE:pubsub_affiliations_master
=logfile       ejabberd_suite.pubsub_affiliations_master.20836.html
=started       2024-12-18 20:31:55
=ended         2024-12-18 20:31:56
=result        ok
=elapsed       1.705267s
=case          ejabberd_SUITE:pubsub_affiliations_slave
=logfile       ejabberd_suite.pubsub_affiliations_slave.20868.html
=started       2024-12-18 20:31:55
=ended         2024-12-18 20:31:56
=result        ok
=elapsed       1.724302s
=case          ejabberd_SUITE:end_per_group
=logfile       ejabberd_suite.end_per_group.26018.html
=group_props   [{name,pubsub_affiliations},parallel]
=started       2024-12-18 20:31:56
=ended         2024-12-18 20:31:56
=result        ok
=elapsed       0.000003s
=group_time    1.784s
=case          ejabberd_SUITE:init_per_group
=logfile       ejabberd_suite.init_per_group.26050.html
=group_props   [{name,pubsub_authorize},parallel]
=started       2024-12-18 20:31:56
=ended         2024-12-18 20:31:56
=result        ok
=elapsed       0.000003s
=case          ejabberd_SUITE:pubsub_authorize_master
=logfile       ejabberd_suite.pubsub_authorize_master.26082.html
=started       2024-12-18 20:31:56
=ended         2024-12-18 20:31:57
=result        ok
=elapsed       0.192804s
=case          ejabberd_SUITE:pubsub_authorize_slave
=logfile       ejabberd_suite.pubsub_authorize_slave.20964.html
=started       2024-12-18 20:31:56
=ended         2024-12-18 20:31:56
=result        ok
=elapsed       0.150659s
=case          ejabberd_SUITE:end_per_group
=logfile       ejabberd_suite.end_per_group.20996.html
=group_props   [{name,pubsub_authorize},parallel]
=started       2024-12-18 20:31:57
=ended         2024-12-18 20:31:57
=result        ok
=elapsed       0.000006s
=group_time    0.251s
=case          ejabberd_SUITE:end_per_group
=logfile       ejabberd_suite.end_per_group.21028.html
=group_props   [{name,pubsub_master_slave},sequence]
=started       2024-12-18 20:31:57
=ended         2024-12-18 20:31:57
=result        ok
=elapsed       0.000007s
=group_time    2.498s
=case          ejabberd_SUITE:init_per_group
=logfile       ejabberd_suite.init_per_group.21060.html
=group_props   [{name,roster_master_slave},sequence]
=started       2024-12-18 20:31:57
=ended         2024-12-18 20:31:57
=result        ok
=elapsed       0.000002s
=case          ejabberd_SUITE:init_per_group
=logfile       ejabberd_suite.init_per_group.21092.html
=group_props   [{name,roster_subscribe},parallel]
=started       2024-12-18 20:31:57
=ended         2024-12-18 20:31:57
=result        ok
=elapsed       0.000003s
=case          ejabberd_SUITE:roster_subscribe_master
=logfile       ejabberd_suite.roster_subscribe_master.21124.html
=started       2024-12-18 20:31:57
=ended         2024-12-18 20:32:09
=result        ok
=elapsed       12.257298s
=case          ejabberd_SUITE:roster_subscribe_slave
=logfile       ejabberd_suite.roster_subscribe_slave.21156.html
=started       2024-12-18 20:31:57
=ended         2024-12-18 20:32:09
=result        ok
=elapsed       12.258164s
=case          ejabberd_SUITE:end_per_group
=logfile       ejabberd_suite.end_per_group.22436.html
=group_props   [{name,roster_subscribe},parallel]
=started       2024-12-18 20:32:09
=ended         2024-12-18 20:32:09
=result        ok
=elapsed       0.000002s
=group_time    12.320s
=case          ejabberd_SUITE:end_per_group
=logfile       ejabberd_suite.end_per_group.15205.html
=group_props   [{name,roster_master_slave},sequence]
=started       2024-12-18 20:32:09
=ended         2024-12-18 20:32:09
=result        ok
=elapsed       0.000003s
=group_time    12.372s
=case          ejabberd_SUITE:init_per_group
=logfile       ejabberd_suite.init_per_group.15237.html
=group_props   [{name,offline_master_slave},sequence]
=started       2024-12-18 20:32:09
=ended         2024-12-18 20:32:09
=result        ok
=elapsed       0.000003s
=case          ejabberd_SUITE:init_per_group
=logfile       ejabberd_suite.init_per_group.15269.html
=group_props   [{name,offline_flex},parallel]
=started       2024-12-18 20:32:09
=ended         2024-12-18 20:32:09
=result        ok
=elapsed       0.000002s
=case          ejabberd_SUITE:offline_flex_master
=logfile       ejabberd_suite.offline_flex_master.15301.html
=started       2024-12-18 20:32:09
=ended         2024-12-18 20:32:09
=result        ok
=elapsed       0.203623s
=case          ejabberd_SUITE:offline_flex_slave
=logfile       ejabberd_suite.offline_flex_slave.15333.html
=started       2024-12-18 20:32:09
=ended         2024-12-18 20:32:09
=result        ok
=elapsed       0.318925s
=case          ejabberd_SUITE:end_per_group
=logfile       ejabberd_suite.end_per_group.15461.html
=group_props   [{name,offline_flex},parallel]
=started       2024-12-18 20:32:09
=ended         2024-12-18 20:32:09
=result        ok
=elapsed       0.000007s
=group_time    0.377s
=case          ejabberd_SUITE:init_per_group
=logfile       ejabberd_suite.init_per_group.15493.html
=group_props   [{name,offline_send_all},parallel]
=started       2024-12-18 20:32:09
=ended         2024-12-18 20:32:09
=result        ok
=elapsed       0.000002s
=case          ejabberd_SUITE:offline_send_all_master
=logfile       ejabberd_suite.offline_send_all_master.15525.html
=started       2024-12-18 20:32:09
=ended         2024-12-18 20:32:23
=result        ok
=elapsed       13.707247s
=case          ejabberd_SUITE:offline_send_all_slave
=logfile       ejabberd_suite.offline_send_all_slave.15557.html
=started       2024-12-18 20:32:09
=ended         2024-12-18 20:32:23
=result        ok
=elapsed       13.845363s
=case          ejabberd_SUITE:end_per_group
=logfile       ejabberd_suite.end_per_group.22564.html
=group_props   [{name,offline_send_all},parallel]
=started       2024-12-18 20:32:23
=ended         2024-12-18 20:32:23
=result        ok
=elapsed       0.000003s
=group_time    13.904s
=case          ejabberd_SUITE:init_per_group
=logfile       ejabberd_suite.init_per_group.26882.html
=group_props   [{name,offline_from_mam},parallel]
=started       2024-12-18 20:32:23
=ended         2024-12-18 20:32:23
=result        ok
=elapsed       0.000003s
=case          ejabberd_SUITE:offline_from_mam_master
=logfile       ejabberd_suite.offline_from_mam_master.26914.html
=started       2024-12-18 20:32:23
=ended         2024-12-18 20:32:37
=result        ok
=elapsed       13.806200s
=case          ejabberd_SUITE:offline_from_mam_slave
=logfile       ejabberd_suite.offline_from_mam_slave.26946.html
=started       2024-12-18 20:32:23
=ended         2024-12-18 20:32:37
=result        ok
=elapsed       13.975511s
=case          ejabberd_SUITE:end_per_group
=logfile       ejabberd_suite.end_per_group.22275.html
=group_props   [{name,offline_from_mam},parallel]
=started       2024-12-18 20:32:37
=ended         2024-12-18 20:32:37
=result        ok
=elapsed       0.000002s
=group_time    14.035s
=case          ejabberd_SUITE:init_per_group
=logfile       ejabberd_suite.init_per_group.22660.html
=group_props   [{name,offline_mucsub_mam},parallel]
=started       2024-12-18 20:32:37
=ended         2024-12-18 20:32:37
=result        ok
=elapsed       0.000003s
=case          ejabberd_SUITE:offline_mucsub_mam_master
=logfile       ejabberd_suite.offline_mucsub_mam_master.26978.html
=started       2024-12-18 20:32:37
=ended         2024-12-18 20:32:38
=result        ok
=elapsed       0.221132s
=case          ejabberd_SUITE:offline_mucsub_mam_slave
=logfile       ejabberd_suite.offline_mucsub_mam_slave.22307.html
=started       2024-12-18 20:32:37
=ended         2024-12-18 20:32:38
=result        ok
=elapsed       0.220959s
=case          ejabberd_SUITE:end_per_group
=logfile       ejabberd_suite.end_per_group.22788.html
=group_props   [{name,offline_mucsub_mam},parallel]
=started       2024-12-18 20:32:38
=ended         2024-12-18 20:32:38
=result        ok
=elapsed       0.000002s
=group_time    0.282s
=case          ejabberd_SUITE:end_per_group
=logfile       ejabberd_suite.end_per_group.22820.html
=group_props   [{name,offline_master_slave},sequence]
=started       2024-12-18 20:32:38
=ended         2024-12-18 20:32:38
=result        ok
=elapsed       0.000006s
=group_time    28.726s
=case          ejabberd_SUITE:init_per_group
=logfile       ejabberd_suite.init_per_group.22852.html
=group_props   [{name,mam_master_slave},sequence]
=started       2024-12-18 20:32:38
=ended         2024-12-18 20:32:38
=result        ok
=elapsed       0.000003s
=case          ejabberd_SUITE:init_per_group
=logfile       ejabberd_suite.init_per_group.22884.html
=group_props   [{name,mam_archived_and_stanza_id},parallel]
=started       2024-12-18 20:32:38
=ended         2024-12-18 20:32:38
=result        ok
=elapsed       0.000001s
=case          ejabberd_SUITE:mam_archived_and_stanza_id_master
=logfile       ejabberd_suite.mam_archived_and_stanza_id_master.22916.html
=started       2024-12-18 20:32:38
=ended         2024-12-18 20:32:38
=result        ok
=elapsed       0.148202s
=case          ejabberd_SUITE:mam_archived_and_stanza_id_slave
=logfile       ejabberd_suite.mam_archived_and_stanza_id_slave.22948.html
=started       2024-12-18 20:32:38
=ended         2024-12-18 20:32:38
=result        ok
=elapsed       0.149380s
=case          ejabberd_SUITE:end_per_group
=logfile       ejabberd_suite.end_per_group.23012.html
=group_props   [{name,mam_archived_and_stanza_id},parallel]
=started       2024-12-18 20:32:38
=ended         2024-12-18 20:32:38
=result        ok
=elapsed       0.000002s
=group_time    0.210s
=case          ejabberd_SUITE:init_per_group
=logfile       ejabberd_suite.init_per_group.23044.html
=group_props   [{name,mam_query_all},parallel]
=started       2024-12-18 20:32:38
=ended         2024-12-18 20:32:38
=result        ok
=elapsed       0.000003s
=case          ejabberd_SUITE:mam_query_all_master
=logfile       ejabberd_suite.mam_query_all_master.27106.html
=started       2024-12-18 20:32:38
=ended         2024-12-18 20:32:38
=result        ok
=elapsed       0.173596s
=case          ejabberd_SUITE:mam_query_all_slave
=logfile       ejabberd_suite.mam_query_all_slave.23076.html
=started       2024-12-18 20:32:38
=ended         2024-12-18 20:32:38
=result        ok
=elapsed       0.172593s
=case          ejabberd_SUITE:end_per_group
=logfile       ejabberd_suite.end_per_group.23140.html
=group_props   [{name,mam_query_all},parallel]
=started       2024-12-18 20:32:38
=ended         2024-12-18 20:32:38
=result        ok
=elapsed       0.000010s
=group_time    0.235s
=case          ejabberd_SUITE:init_per_group
=logfile       ejabberd_suite.init_per_group.23172.html
=group_props   [{name,mam_query_with},parallel]
=started       2024-12-18 20:32:38
=ended         2024-12-18 20:32:38
=result        ok
=elapsed       0.000003s
=case          ejabberd_SUITE:mam_query_with_master
=logfile       ejabberd_suite.mam_query_with_master.23204.html
=started       2024-12-18 20:32:38
=ended         2024-12-18 20:32:38
=result        ok
=elapsed       0.188033s
=case          ejabberd_SUITE:mam_query_with_slave
=logfile       ejabberd_suite.mam_query_with_slave.23236.html
=started       2024-12-18 20:32:38
=ended         2024-12-18 20:32:39
=result        ok
=elapsed       0.188181s
=case          ejabberd_SUITE:end_per_group
=logfile       ejabberd_suite.end_per_group.23332.html
=group_props   [{name,mam_query_with},parallel]
=started       2024-12-18 20:32:39
=ended         2024-12-18 20:32:39
=result        ok
=elapsed       0.000002s
=group_time    0.249s
=case          ejabberd_SUITE:init_per_group
=logfile       ejabberd_suite.init_per_group.22467.html
=group_props   [{name,mam_query_rsm_max},parallel]
=started       2024-12-18 20:32:39
=ended         2024-12-18 20:32:39
=result        ok
=elapsed       0.000004s
=case          ejabberd_SUITE:mam_query_rsm_max_master
=logfile       ejabberd_suite.mam_query_rsm_max_master.22499.html
=started       2024-12-18 20:32:39
=ended         2024-12-18 20:32:39
=result        ok
=elapsed       0.224809s
=case          ejabberd_SUITE:mam_query_rsm_max_slave
=logfile       ejabberd_suite.mam_query_rsm_max_slave.22531.html
=started       2024-12-18 20:32:39
=ended         2024-12-18 20:32:39
=result        ok
=elapsed       0.227783s
=case          ejabberd_SUITE:end_per_group
=logfile       ejabberd_suite.end_per_group.22595.html
=group_props   [{name,mam_query_rsm_max},parallel]
=started       2024-12-18 20:32:39
=ended         2024-12-18 20:32:39
=result        ok
=elapsed       0.000002s
=group_time    0.289s
=case          ejabberd_SUITE:init_per_group
=logfile       ejabberd_suite.init_per_group.27234.html
=group_props   [{name,mam_query_rsm_after},parallel]
=started       2024-12-18 20:32:39
=ended         2024-12-18 20:32:39
=result        ok
=elapsed       0.000003s
=case          ejabberd_SUITE:mam_query_rsm_after_master
=logfile       ejabberd_suite.mam_query_rsm_after_master.27266.html
=started       2024-12-18 20:32:39
=ended         2024-12-18 20:32:39
=result        ok
=elapsed       0.205213s
=case          ejabberd_SUITE:mam_query_rsm_after_slave
=logfile       ejabberd_suite.mam_query_rsm_after_slave.22627.html
=started       2024-12-18 20:32:39
=ended         2024-12-18 20:32:39
=result        ok
=elapsed       0.210942s
=case          ejabberd_SUITE:end_per_group
=logfile       ejabberd_suite.end_per_group.22691.html
=group_props   [{name,mam_query_rsm_after},parallel]
=started       2024-12-18 20:32:39
=ended         2024-12-18 20:32:39
=result        ok
=elapsed       0.000002s
=group_time    0.270s
=case          ejabberd_SUITE:init_per_group
=logfile       ejabberd_suite.init_per_group.22723.html
=group_props   [{name,mam_query_rsm_before},parallel]
=started       2024-12-18 20:32:39
=ended         2024-12-18 20:32:39
=result        ok
=elapsed       0.000004s
=case          ejabberd_SUITE:mam_query_rsm_before_master
=logfile       ejabberd_suite.mam_query_rsm_before_master.22755.html
=started       2024-12-18 20:32:39
=ended         2024-12-18 20:32:39
=result        ok
=elapsed       0.220224s
=case          ejabberd_SUITE:mam_query_rsm_before_slave
=logfile       ejabberd_suite.mam_query_rsm_before_slave.22787.html
=started       2024-12-18 20:32:39
=ended         2024-12-18 20:32:39
=result        ok
=elapsed       0.218253s
=case          ejabberd_SUITE:end_per_group
=logfile       ejabberd_suite.end_per_group.22883.html
=group_props   [{name,mam_query_rsm_before},parallel]
=started       2024-12-18 20:32:39
=ended         2024-12-18 20:32:39
=result        ok
=elapsed       0.000007s
=group_time    0.281s
=case          ejabberd_SUITE:init_per_group
=logfile       ejabberd_suite.init_per_group.27362.html
=group_props   [{name,mam_muc},parallel]
=started       2024-12-18 20:32:39
=ended         2024-12-18 20:32:39
=result        ok
=elapsed       0.000003s
=case          ejabberd_SUITE:mam_muc_master
=logfile       ejabberd_suite.mam_muc_master.23460.html
=started       2024-12-18 20:32:39
=ended         2024-12-18 20:32:40
=result        ok
=elapsed       0.138292s
=case          ejabberd_SUITE:mam_muc_slave
=logfile       ejabberd_suite.mam_muc_slave.23492.html
=started       2024-12-18 20:32:39
=ended         2024-12-18 20:32:40
=result        ok
=elapsed       0.135842s
=case          ejabberd_SUITE:end_per_group
=logfile       ejabberd_suite.end_per_group.23588.html
=group_props   [{name,mam_muc},parallel]
=started       2024-12-18 20:32:40
=ended         2024-12-18 20:32:40
=result        ok
=elapsed       0.000006s
=group_time    0.197s
=case          ejabberd_SUITE:init_per_group
=logfile       ejabberd_suite.init_per_group.23620.html
=group_props   [{name,mam_mucsub},parallel]
=started       2024-12-18 20:32:40
=ended         2024-12-18 20:32:40
=result        ok
=elapsed       0.000003s
=case          ejabberd_SUITE:mam_mucsub_master
=logfile       ejabberd_suite.mam_mucsub_master.27394.html
=started       2024-12-18 20:32:40
=ended         2024-12-18 20:32:40
=result        ok
=elapsed       0.127237s
=case          ejabberd_SUITE:mam_mucsub_slave
=logfile       ejabberd_suite.mam_mucsub_slave.27426.html
=started       2024-12-18 20:32:40
=ended         2024-12-18 20:32:40
=result        ok
=elapsed       0.126311s
=case          ejabberd_SUITE:end_per_group
=logfile       ejabberd_suite.end_per_group.27522.html
=group_props   [{name,mam_mucsub},parallel]
=started       2024-12-18 20:32:40
=ended         2024-12-18 20:32:40
=result        ok
=elapsed       0.000002s
=group_time    0.186s
=case          ejabberd_SUITE:init_per_group
=logfile       ejabberd_suite.init_per_group.23716.html
=group_props   [{name,mam_mucsub_from_muc},parallel]
=started       2024-12-18 20:32:40
=ended         2024-12-18 20:32:40
=result        ok
=elapsed       0.000002s
=case          ejabberd_SUITE:mam_mucsub_from_muc_master
=logfile       ejabberd_suite.mam_mucsub_from_muc_master.27554.html
=started       2024-12-18 20:32:40
=ended         2024-12-18 20:32:40
=result        ok
=elapsed       0.125334s
=case          ejabberd_SUITE:mam_mucsub_from_muc_slave
=logfile       ejabberd_suite.mam_mucsub_from_muc_slave.23748.html
=started       2024-12-18 20:32:40
=ended         2024-12-18 20:32:40
=result        ok
=elapsed       0.122552s
=case          ejabberd_SUITE:end_per_group
=logfile       ejabberd_suite.end_per_group.23876.html
=group_props   [{name,mam_mucsub_from_muc},parallel]
=started       2024-12-18 20:32:40
=ended         2024-12-18 20:32:40
=result        ok
=elapsed       0.000003s
=group_time    0.184s
=case          ejabberd_SUITE:init_per_group
=logfile       ejabberd_suite.init_per_group.27586.html
=group_props   [{name,mam_mucsub_from_muc_non_persistent},parallel]
=started       2024-12-18 20:32:40
=ended         2024-12-18 20:32:40
=result        ok
=elapsed       0.000002s
=case          ejabberd_SUITE:mam_mucsub_from_muc_non_persistent_master
=logfile       ejabberd_suite.mam_mucsub_from_muc_non_persistent_master.27618.html
=started       2024-12-18 20:32:40
=ended         2024-12-18 20:32:40
=result        ok
=elapsed       0.121335s
=case          ejabberd_SUITE:mam_mucsub_from_muc_non_persistent_slave
=logfile       ejabberd_suite.mam_mucsub_from_muc_non_persistent_slave.27650.html
=started       2024-12-18 20:32:40
=ended         2024-12-18 20:32:40
=result        ok
=elapsed       0.120353s
=case          ejabberd_SUITE:end_per_group
=logfile       ejabberd_suite.end_per_group.15909.html
=group_props   [{name,mam_mucsub_from_muc_non_persistent},parallel]
=started       2024-12-18 20:32:40
=ended         2024-12-18 20:32:40
=result        ok
=elapsed       0.000006s
=group_time    0.180s
=case          ejabberd_SUITE:end_per_group
=logfile       ejabberd_suite.end_per_group.15941.html
=group_props   [{name,mam_master_slave},sequence]
=started       2024-12-18 20:32:40
=ended         2024-12-18 20:32:40
=result        ok
=elapsed       0.000009s
=group_time    2.559s
=case          ejabberd_SUITE:init_per_group
=logfile       ejabberd_suite.init_per_group.15973.html
=group_props   [{name,announce_master_slave},sequence]
=started       2024-12-18 20:32:40
=ended         2024-12-18 20:32:40
=result        ok
=elapsed       0.000003s
=case          ejabberd_SUITE:init_per_group
=logfile       ejabberd_suite.init_per_group.16005.html
=group_props   [{name,announce_set_motd},parallel]
=started       2024-12-18 20:32:40
=ended         2024-12-18 20:32:40
=result        ok
=elapsed       0.000002s
=case          ejabberd_SUITE:announce_set_motd_master
=logfile       ejabberd_suite.announce_set_motd_master.16037.html
=started       2024-12-18 20:32:40
=ended         2024-12-18 20:32:41
=result        ok
=elapsed       0.104852s
=case          ejabberd_SUITE:announce_set_motd_slave
=logfile       ejabberd_suite.announce_set_motd_slave.16069.html
=started       2024-12-18 20:32:40
=ended         2024-12-18 20:32:41
=result        ok
=elapsed       0.103932s
=case          ejabberd_SUITE:end_per_group
=logfile       ejabberd_suite.end_per_group.16133.html
=group_props   [{name,announce_set_motd},parallel]
=started       2024-12-18 20:32:41
=ended         2024-12-18 20:32:41
=result        ok
=elapsed       0.000006s
=group_time    0.165s
=case          ejabberd_SUITE:end_per_group
=logfile       ejabberd_suite.end_per_group.23043.html
=group_props   [{name,announce_master_slave},sequence]
=started       2024-12-18 20:32:41
=ended         2024-12-18 20:32:41
=result        ok
=elapsed       0.000002s
=group_time    0.216s
=case          ejabberd_SUITE:init_per_group
=logfile       ejabberd_suite.init_per_group.23075.html
=group_props   [{name,csi_master_slave},sequence]
=started       2024-12-18 20:32:41
=ended         2024-12-18 20:32:41
=result        ok
=elapsed       0.000003s
=case          ejabberd_SUITE:init_per_group
=logfile       ejabberd_suite.init_per_group.23107.html
=group_props   [{name,csi_all},parallel]
=started       2024-12-18 20:32:41
=ended         2024-12-18 20:32:41
=result        ok
=elapsed       0.000002s
=case          ejabberd_SUITE:csi_all_master
=logfile       ejabberd_suite.csi_all_master.27810.html
=started       2024-12-18 20:32:41
=ended         2024-12-18 20:32:41
=result        ok
=elapsed       0.233079s
=case          ejabberd_SUITE:csi_all_slave
=logfile       ejabberd_suite.csi_all_slave.27842.html
=started       2024-12-18 20:32:41
=ended         2024-12-18 20:32:41
=result        ok
=elapsed       0.232247s
=case          ejabberd_SUITE:end_per_group
=logfile       ejabberd_suite.end_per_group.27938.html
=group_props   [{name,csi_all},parallel]
=started       2024-12-18 20:32:41
=ended         2024-12-18 20:32:41
=result        ok
=elapsed       0.000007s
=group_time    0.293s
=case          ejabberd_SUITE:end_per_group
=logfile       ejabberd_suite.end_per_group.27970.html
=group_props   [{name,csi_master_slave},sequence]
=started       2024-12-18 20:32:41
=ended         2024-12-18 20:32:41
=result        ok
=elapsed       0.000002s
=group_time    0.344s
=case          ejabberd_SUITE:init_per_group
=logfile       ejabberd_suite.init_per_group.23940.html
=group_props   [{name,push_master_slave},sequence]
=started       2024-12-18 20:32:41
=ended         2024-12-18 20:32:41
=result        ok
=elapsed       0.000003s
=case          ejabberd_SUITE:init_per_group
=logfile       ejabberd_suite.init_per_group.23972.html
=group_props   [{name,push_sm},parallel]
=started       2024-12-18 20:32:41
=ended         2024-12-18 20:32:41
=result        ok
=elapsed       0.000003s
=case          ejabberd_SUITE:push_sm_master
=logfile       ejabberd_suite.push_sm_master.24004.html
=started       2024-12-18 20:32:41
=ended         2024-12-18 20:32:49
=result        ok
=elapsed       8.108179s
=case          ejabberd_SUITE:push_sm_slave
=logfile       ejabberd_suite.push_sm_slave.24036.html
=started       2024-12-18 20:32:41
=ended         2024-12-18 20:32:41
=result        ok
=elapsed       0.002369s
=case          ejabberd_SUITE:end_per_group
=logfile       ejabberd_suite.end_per_group.24100.html
=group_props   [{name,push_sm},parallel]
=started       2024-12-18 20:32:49
=ended         2024-12-18 20:32:49
=result        ok
=elapsed       0.000003s
=group_time    8.167s
=case          ejabberd_SUITE:init_per_group
=logfile       ejabberd_suite.init_per_group.24132.html
=group_props   [{name,push_offline},parallel]
=started       2024-12-18 20:32:49
=ended         2024-12-18 20:32:49
=result        ok
=elapsed       0.000004s
=case          ejabberd_SUITE:push_offline_master
=logfile       ejabberd_suite.push_offline_master.28002.html
=started       2024-12-18 20:32:49
=ended         2024-12-18 20:32:49
=result        ok
=elapsed       0.250486s
=case          ejabberd_SUITE:push_offline_slave
=logfile       ejabberd_suite.push_offline_slave.28034.html
=started       2024-12-18 20:32:49
=ended         2024-12-18 20:32:49
=result        ok
=elapsed       0.103678s
=case          ejabberd_SUITE:end_per_group
=logfile       ejabberd_suite.end_per_group.28130.html
=group_props   [{name,push_offline},parallel]
=started       2024-12-18 20:32:49
=ended         2024-12-18 20:32:49
=result        ok
=elapsed       0.000002s
=group_time    0.308s
=case          ejabberd_SUITE:init_per_group
=logfile       ejabberd_suite.init_per_group.16293.html
=group_props   [{name,push_mam},parallel]
=started       2024-12-18 20:32:49
=ended         2024-12-18 20:32:50
=result        ok
=elapsed       0.000002s
=case          ejabberd_SUITE:push_mam_master
=logfile       ejabberd_suite.push_mam_master.16325.html
=started       2024-12-18 20:32:50
=ended         2024-12-18 20:32:50
=result        ok
=elapsed       0.145817s
=case          ejabberd_SUITE:push_mam_slave
=logfile       ejabberd_suite.push_mam_slave.16357.html
=started       2024-12-18 20:32:50
=ended         2024-12-18 20:32:50
=result        ok
=elapsed       0.253812s
=case          ejabberd_SUITE:end_per_group
=logfile       ejabberd_suite.end_per_group.16389.html
=group_props   [{name,push_mam},parallel]
=started       2024-12-18 20:32:50
=ended         2024-12-18 20:32:50
=result        ok
=elapsed       0.000002s
=group_time    0.312s
=case          ejabberd_SUITE:end_per_group
=logfile       ejabberd_suite.end_per_group.24196.html
=group_props   [{name,push_master_slave},sequence]
=started       2024-12-18 20:32:50
=ended         2024-12-18 20:32:50
=result        ok
=elapsed       0.000006s
=group_time    8.890s
=case          ejabberd_SUITE:end_per_group
=logfile       ejabberd_suite.end_per_group.24228.html
=group_props   [{name,redis},sequence]
=started       2024-12-18 20:32:50
=ended         2024-12-18 20:32:50
=result        ok
=elapsed       0.000000s
=group_time    96.471s
=case          ejabberd_SUITE:init_per_group
=logfile       ejabberd_suite.init_per_group.24260.html
=group_props   [{name,mysql},sequence]
=started       2024-12-18 20:32:50
=ended         2024-12-18 20:32:50
=result        ok
=elapsed       0.000960s
=case          ejabberd_SUITE:init_per_group
=logfile       ejabberd_suite.init_per_group.24292.html
=group_props   [{name,single_user},sequence]
=started       2024-12-18 20:32:50
=ended         2024-12-18 20:32:50
=result        ok
=elapsed       0.000003s
=case          ejabberd_SUITE:test_register
=logfile       ejabberd_suite.test_register.24324.html
=started       2024-12-18 20:32:50
=ended         2024-12-18 20:32:50
=result        ok
=elapsed       0.009088s
=case          ejabberd_SUITE:init_per_group
=logfile       ejabberd_suite.init_per_group.24356.html
=group_props   [{name,legacy_auth},parallel]
=started       2024-12-18 20:32:50
=ended         2024-12-18 20:32:50
=result        ok
=elapsed       0.000002s
=case          ejabberd_SUITE:test_legacy_auth_feature
=logfile       ejabberd_suite.test_legacy_auth_feature.24388.html
=started       2024-12-18 20:32:50
=ended         2024-12-18 20:32:50
=result        ok
=elapsed       0.000511s
=case          ejabberd_SUITE:test_legacy_auth
=logfile       ejabberd_suite.test_legacy_auth.24420.html
=started       2024-12-18 20:32:50
=ended         2024-12-18 20:32:50
=result        ok
=elapsed       0.112556s
=case          ejabberd_SUITE:test_legacy_auth_digest
=logfile       ejabberd_suite.test_legacy_auth_digest.23267.html
=started       2024-12-18 20:32:50
=ended         2024-12-18 20:32:50
=result        ok
=elapsed       0.109024s
=case          ejabberd_SUITE:test_legacy_auth_no_resource
=logfile       ejabberd_suite.test_legacy_auth_no_resource.23299.html
=started       2024-12-18 20:32:50
=ended         2024-12-18 20:32:50
=result        ok
=elapsed       0.002064s
=case          ejabberd_SUITE:test_legacy_auth_bad_jid
=logfile       ejabberd_suite.test_legacy_auth_bad_jid.23331.html
=started       2024-12-18 20:32:50
=ended         2024-12-18 20:32:50
=result        ok
=elapsed       0.003648s
=case          ejabberd_SUITE:test_legacy_auth_fail
=logfile       ejabberd_suite.test_legacy_auth_fail.24452.html
=started       2024-12-18 20:32:50
=ended         2024-12-18 20:32:50
=result        ok
=elapsed       0.003602s
=case          ejabberd_SUITE:end_per_group
=logfile       ejabberd_suite.end_per_group.24612.html
=group_props   [{name,legacy_auth},parallel]
=started       2024-12-18 20:32:50
=ended         2024-12-18 20:32:50
=result        ok
=elapsed       0.000002s
=group_time    0.177s
=case          ejabberd_SUITE:auth_plain
=logfile       ejabberd_suite.auth_plain.24644.html
=started       2024-12-18 20:32:50
=ended         2024-12-18 20:32:50
=result        ok
=elapsed       0.001514s
=case          ejabberd_SUITE:auth_md5
=logfile       ejabberd_suite.auth_md5.23459.html
=started       2024-12-18 20:32:50
=ended         2024-12-18 20:32:50
=result        ok
=elapsed       0.002005s
=case          ejabberd_SUITE:presence_broadcast
=logfile       ejabberd_suite.presence_broadcast.23555.html
=started       2024-12-18 20:32:50
=ended         2024-12-18 20:32:50
=result        ok
=elapsed       0.213066s
=case          ejabberd_SUITE:last
=logfile       ejabberd_suite.last.23651.html
=started       2024-12-18 20:32:50
=ended         2024-12-18 20:32:51
=result        ok
=elapsed       0.104756s
=case          ejabberd_SUITE:init_per_group
=logfile       ejabberd_suite.init_per_group.23715.html
=group_props   [{name,webadmin_single},sequence]
=started       2024-12-18 20:32:51
=ended         2024-12-18 20:32:51
=result        ok
=elapsed       0.000003s
=case          ejabberd_SUITE:webadmin_login_page
=logfile       ejabberd_suite.webadmin_login_page.23747.html
=started       2024-12-18 20:32:51
=ended         2024-12-18 20:32:51
=result        ok
=elapsed       0.000377s
=case          ejabberd_SUITE:webadmin_welcome_page
=logfile       ejabberd_suite.webadmin_welcome_page.23779.html
=started       2024-12-18 20:32:51
=ended         2024-12-18 20:32:51
=result        ok
=elapsed       0.003871s
=case          ejabberd_SUITE:webadmin_user_page
=logfile       ejabberd_suite.webadmin_user_page.23811.html
=started       2024-12-18 20:32:51
=ended         2024-12-18 20:32:51
=result        ok
=elapsed       0.003417s
=case          ejabberd_SUITE:webadmin_adduser
=logfile       ejabberd_suite.webadmin_adduser.23843.html
=started       2024-12-18 20:32:51
=ended         2024-12-18 20:32:51
=result        ok
=elapsed       0.008242s
=case          ejabberd_SUITE:webadmin_changepassword
=logfile       ejabberd_suite.webadmin_changepassword.23875.html
=started       2024-12-18 20:32:51
=ended         2024-12-18 20:32:51
=result        ok
=elapsed       0.004250s
=case          ejabberd_SUITE:webadmin_removeuser
=logfile       ejabberd_suite.webadmin_removeuser.23907.html
=started       2024-12-18 20:32:51
=ended         2024-12-18 20:32:51
=result        ok
=elapsed       0.009473s
=case          ejabberd_SUITE:end_per_group
=logfile       ejabberd_suite.end_per_group.23939.html
=group_props   [{name,webadmin_single},sequence]
=started       2024-12-18 20:32:51
=ended         2024-12-18 20:32:51
=result        ok
=elapsed       0.000002s
=group_time    0.208s
=case          ejabberd_SUITE:init_per_group
=logfile       ejabberd_suite.init_per_group.23971.html
=group_props   [{name,roster_single},sequence]
=started       2024-12-18 20:32:51
=ended         2024-12-18 20:32:51
=result        ok
=elapsed       0.000002s
=case          ejabberd_SUITE:roster_feature_enabled
=logfile       ejabberd_suite.roster_feature_enabled.24003.html
=started       2024-12-18 20:32:51
=ended         2024-12-18 20:32:51
=result        ok
=elapsed       0.102684s
=case          ejabberd_SUITE:roster_iq_set_many_items
=logfile       ejabberd_suite.roster_iq_set_many_items.24067.html
=started       2024-12-18 20:32:51
=ended         2024-12-18 20:32:51
=result        ok
=elapsed       0.103366s
=case          ejabberd_SUITE:roster_iq_set_duplicated_groups
=logfile       ejabberd_suite.roster_iq_set_duplicated_groups.24131.html
=started       2024-12-18 20:32:51
=ended         2024-12-18 20:32:51
=result        ok
=elapsed       0.103146s
=case          ejabberd_SUITE:roster_iq_get_item
=logfile       ejabberd_suite.roster_iq_get_item.24227.html
=started       2024-12-18 20:32:51
=ended         2024-12-18 20:32:51
=result        ok
=elapsed       0.103217s
=case          ejabberd_SUITE:roster_iq_unexpected_element
=logfile       ejabberd_suite.roster_iq_unexpected_element.24740.html
=started       2024-12-18 20:32:51
=ended         2024-12-18 20:32:52
=result        ok
=elapsed       0.103777s
=case          ejabberd_SUITE:roster_iq_set_ask
=logfile       ejabberd_suite.roster_iq_set_ask.24772.html
=started       2024-12-18 20:32:52
=ended         2024-12-18 20:32:52
=result        ok
=elapsed       0.104664s
=case          ejabberd_SUITE:roster_set_item
=logfile       ejabberd_suite.roster_set_item.28450.html
=started       2024-12-18 20:32:52
=ended         2024-12-18 20:32:52
=result        ok
=elapsed       0.341177s
=case          ejabberd_SUITE:roster_version
=logfile       ejabberd_suite.roster_version.24804.html
=started       2024-12-18 20:32:52
=ended         2024-12-18 20:32:52
=result        ok
=elapsed       0.152266s
=case          ejabberd_SUITE:end_per_group
=logfile       ejabberd_suite.end_per_group.24836.html
=group_props   [{name,roster_single},sequence]
=started       2024-12-18 20:32:52
=ended         2024-12-18 20:32:52
=result        ok
=elapsed       0.000008s
=group_time    1.390s
=case          ejabberd_SUITE:init_per_group
=logfile       ejabberd_suite.init_per_group.24868.html
=group_props   [{name,private_single},sequence]
=started       2024-12-18 20:32:52
=ended         2024-12-18 20:32:52
=result        ok
=elapsed       0.000002s
=case          ejabberd_SUITE:private_test_features
=logfile       ejabberd_suite.private_test_features.24900.html
=started       2024-12-18 20:32:52
=ended         2024-12-18 20:32:52
=result        ok
=elapsed       0.104308s
=case          ejabberd_SUITE:private_test_no_namespace
=logfile       ejabberd_suite.private_test_no_namespace.24964.html
=started       2024-12-18 20:32:52
=ended         2024-12-18 20:32:53
=result        ok
=elapsed       0.102941s
=case          ejabberd_SUITE:private_test_set_get
=logfile       ejabberd_suite.private_test_set_get.25028.html
=started       2024-12-18 20:32:53
=ended         2024-12-18 20:32:53
=result        ok
=elapsed       0.142928s
=case          ejabberd_SUITE:private_test_published
=logfile       ejabberd_suite.private_test_published.25060.html
=started       2024-12-18 20:32:53
=ended         2024-12-18 20:32:53
=result        ok
=elapsed       0.112218s
=case          ejabberd_SUITE:end_per_group
=logfile       ejabberd_suite.end_per_group.25124.html
=group_props   [{name,private_single},sequence]
=started       2024-12-18 20:32:53
=ended         2024-12-18 20:32:53
=result        ok
=elapsed       0.000002s
=group_time    0.610s
=case          ejabberd_SUITE:init_per_group
=logfile       ejabberd_suite.init_per_group.25156.html
=group_props   [{name,privacy_single},sequence]
=started       2024-12-18 20:32:53
=ended         2024-12-18 20:32:53
=result        ok
=elapsed       0.000002s
=case          ejabberd_SUITE:privacy_feature_enabled
=logfile       ejabberd_suite.privacy_feature_enabled.25188.html
=started       2024-12-18 20:32:53
=ended         2024-12-18 20:32:53
=result        ok
=elapsed       0.103379s
=case          ejabberd_SUITE:privacy_set_get_list
=logfile       ejabberd_suite.privacy_set_get_list.25284.html
=started       2024-12-18 20:32:53
=ended         2024-12-18 20:32:53
=result        ok
=elapsed       0.154897s
=case          ejabberd_SUITE:privacy_get_list_non_existent
=logfile       ejabberd_suite.privacy_get_list_non_existent.25380.html
=started       2024-12-18 20:32:53
=ended         2024-12-18 20:32:53
=result        ok
=elapsed       0.103256s
=case          ejabberd_SUITE:privacy_get_empty_lists
=logfile       ejabberd_suite.privacy_get_empty_lists.25412.html
=started       2024-12-18 20:32:53
=ended         2024-12-18 20:32:53
=result        ok
=elapsed       0.104407s
=case          ejabberd_SUITE:privacy_set_default
=logfile       ejabberd_suite.privacy_set_default.25508.html
=started       2024-12-18 20:32:53
=ended         2024-12-18 20:32:54
=result        ok
=elapsed       0.154778s
=case          ejabberd_SUITE:privacy_del_default
=logfile       ejabberd_suite.privacy_del_default.28898.html
=started       2024-12-18 20:32:54
=ended         2024-12-18 20:32:54
=result        ok
=elapsed       0.158466s
=case          ejabberd_SUITE:privacy_set_default_non_existent
=logfile       ejabberd_suite.privacy_set_default_non_existent.28930.html
=started       2024-12-18 20:32:54
=ended         2024-12-18 20:32:54
=result        ok
=elapsed       0.104156s
=case          ejabberd_SUITE:privacy_set_active
=logfile       ejabberd_suite.privacy_set_active.28994.html
=started       2024-12-18 20:32:54
=ended         2024-12-18 20:32:54
=result        ok
=elapsed       0.151014s
=case          ejabberd_SUITE:privacy_del_active
=logfile       ejabberd_suite.privacy_del_active.29058.html
=started       2024-12-18 20:32:54
=ended         2024-12-18 20:32:54
=result        ok
=elapsed       0.153305s
=case          ejabberd_SUITE:privacy_set_active_non_existent
=logfile       ejabberd_suite.privacy_set_active_non_existent.25732.html
=started       2024-12-18 20:32:54
=ended         2024-12-18 20:32:55
=result        ok
=elapsed       0.103619s
=case          ejabberd_SUITE:privacy_remove_list
=logfile       ejabberd_suite.privacy_remove_list.29186.html
=started       2024-12-18 20:32:55
=ended         2024-12-18 20:32:55
=result        ok
=elapsed       0.152366s
=case          ejabberd_SUITE:privacy_remove_default_list
=logfile       ejabberd_suite.privacy_remove_default_list.25860.html
=started       2024-12-18 20:32:55
=ended         2024-12-18 20:32:55
=result        ok
=elapsed       0.153940s
=case          ejabberd_SUITE:privacy_remove_active_list
=logfile       ejabberd_suite.privacy_remove_active_list.25956.html
=started       2024-12-18 20:32:55
=ended         2024-12-18 20:32:55
=result        ok
=elapsed       0.148872s
=case          ejabberd_SUITE:privacy_remove_list_non_existent
=logfile       ejabberd_suite.privacy_remove_list_non_existent.25988.html
=started       2024-12-18 20:32:55
=ended         2024-12-18 20:32:55
=result        ok
=elapsed       0.105280s
=case          ejabberd_SUITE:privacy_allow_local_server
=logfile       ejabberd_suite.privacy_allow_local_server.26084.html
=started       2024-12-18 20:32:55
=ended         2024-12-18 20:32:55
=result        ok
=elapsed       0.196746s
=case          ejabberd_SUITE:privacy_malformed_iq_query
=logfile       ejabberd_suite.privacy_malformed_iq_query.26116.html
=started       2024-12-18 20:32:55
=ended         2024-12-18 20:32:56
=result        ok
=elapsed       0.103591s
=case          ejabberd_SUITE:privacy_malformed_get
=logfile       ejabberd_suite.privacy_malformed_get.26180.html
=started       2024-12-18 20:32:56
=ended         2024-12-18 20:32:56
=result        ok
=elapsed       0.106334s
=case          ejabberd_SUITE:privacy_malformed_set
=logfile       ejabberd_suite.privacy_malformed_set.26212.html
=started       2024-12-18 20:32:56
=ended         2024-12-18 20:32:56
=result        ok
=elapsed       0.105212s
=case          ejabberd_SUITE:privacy_malformed_type_value
=logfile       ejabberd_suite.privacy_malformed_type_value.26308.html
=started       2024-12-18 20:32:56
=ended         2024-12-18 20:32:56
=result        ok
=elapsed       0.105654s
=case          ejabberd_SUITE:privacy_set_get_block
=logfile       ejabberd_suite.privacy_set_get_block.26340.html
=started       2024-12-18 20:32:56
=ended         2024-12-18 20:32:56
=result        ok
=elapsed       0.199343s
=case          ejabberd_SUITE:end_per_group
=logfile       ejabberd_suite.end_per_group.26404.html
=group_props   [{name,privacy_single},sequence]
=started       2024-12-18 20:32:56
=ended         2024-12-18 20:32:56
=result        ok
=elapsed       0.000003s
=group_time    3.324s
=case          ejabberd_SUITE:init_per_group
=logfile       ejabberd_suite.init_per_group.26436.html
=group_props   [{name,vcard_single},sequence]
=started       2024-12-18 20:32:56
=ended         2024-12-18 20:32:56
=result        ok
=elapsed       0.000002s
=case          ejabberd_SUITE:vcard_feature_enabled
=logfile       ejabberd_suite.vcard_feature_enabled.26468.html
=started       2024-12-18 20:32:56
=ended         2024-12-18 20:32:56
=result        ok
=elapsed       0.105285s
=case          ejabberd_SUITE:vcard_get_set
=logfile       ejabberd_suite.vcard_get_set.26564.html
=started       2024-12-18 20:32:56
=ended         2024-12-18 20:32:57
=result        ok
=elapsed       0.107504s
=case          ejabberd_SUITE:vcard_service_vcard
=logfile       ejabberd_suite.vcard_service_vcard.26628.html
=started       2024-12-18 20:32:57
=ended         2024-12-18 20:32:57
=result        ok
=elapsed       0.104067s
=case          ejabberd_SUITE:end_per_group
=logfile       ejabberd_suite.end_per_group.26692.html
=group_props   [{name,vcard_single},sequence]
=started       2024-12-18 20:32:57
=ended         2024-12-18 20:32:57
=result        ok
=elapsed       0.000002s
=group_time    0.436s
=case          ejabberd_SUITE:init_per_group
=logfile       ejabberd_suite.init_per_group.26724.html
=group_props   [{name,pubsub_single},sequence]
=started       2024-12-18 20:32:57
=ended         2024-12-18 20:32:57
=result        ok
=elapsed       0.000002s
=case          ejabberd_SUITE:pubsub_test_features
=logfile       ejabberd_suite.pubsub_test_features.26756.html
=started       2024-12-18 20:32:57
=ended         2024-12-18 20:32:57
=result        ok
=elapsed       0.103883s
=case          ejabberd_SUITE:pubsub_test_vcard
=logfile       ejabberd_suite.pubsub_test_vcard.16741.html
=started       2024-12-18 20:32:57
=ended         2024-12-18 20:32:57
=result        ok
=elapsed       0.103618s
=case          ejabberd_SUITE:pubsub_test_create
=logfile       ejabberd_suite.pubsub_test_create.26884.html
=started       2024-12-18 20:32:57
=ended         2024-12-18 20:32:57
=result        ok
=elapsed       0.107916s
=case          ejabberd_SUITE:pubsub_test_configure
=logfile       ejabberd_suite.pubsub_test_configure.26916.html
=started       2024-12-18 20:32:57
=ended         2024-12-18 20:32:57
=result        ok
=elapsed       0.115115s
=case          ejabberd_SUITE:pubsub_test_delete
=logfile       ejabberd_suite.pubsub_test_delete.26980.html
=started       2024-12-18 20:32:57
=ended         2024-12-18 20:32:57
=result        ok
=elapsed       0.106188s
=case          ejabberd_SUITE:pubsub_test_get_affiliations
=logfile       ejabberd_suite.pubsub_test_get_affiliations.27076.html
=started       2024-12-18 20:32:57
=ended         2024-12-18 20:32:58
=result        ok
=elapsed       0.149550s
=case          ejabberd_SUITE:pubsub_test_get_subscriptions
=logfile       ejabberd_suite.pubsub_test_get_subscriptions.27108.html
=started       2024-12-18 20:32:58
=ended         2024-12-18 20:32:58
=result        ok
=elapsed       0.164083s
=case          ejabberd_SUITE:pubsub_test_create_instant
=logfile       ejabberd_suite.pubsub_test_create_instant.27140.html
=started       2024-12-18 20:32:58
=ended         2024-12-18 20:32:58
=result        ok
=elapsed       0.111599s
=case          ejabberd_SUITE:pubsub_test_default
=logfile       ejabberd_suite.pubsub_test_default.29538.html
=started       2024-12-18 20:32:58
=ended         2024-12-18 20:32:58
=result        ok
=elapsed       0.104150s
=case          ejabberd_SUITE:pubsub_test_create_configure
=logfile       ejabberd_suite.pubsub_test_create_configure.29634.html
=started       2024-12-18 20:32:58
=ended         2024-12-18 20:32:58
=result        ok
=elapsed       0.117090s
=case          ejabberd_SUITE:pubsub_test_publish
=logfile       ejabberd_suite.pubsub_test_publish.29730.html
=started       2024-12-18 20:32:58
=ended         2024-12-18 20:32:58
=result        ok
=elapsed       0.114341s
=case          ejabberd_SUITE:pubsub_test_auto_create
=logfile       ejabberd_suite.pubsub_test_auto_create.29826.html
=started       2024-12-18 20:32:58
=ended         2024-12-18 20:32:59
=result        ok
=elapsed       0.114170s
=case          ejabberd_SUITE:pubsub_test_get_items
=logfile       ejabberd_suite.pubsub_test_get_items.24771.html
=started       2024-12-18 20:32:59
=ended         2024-12-18 20:32:59
=result        ok
=elapsed       0.130427s
=case          ejabberd_SUITE:pubsub_test_delete_item
=logfile       ejabberd_suite.pubsub_test_delete_item.29890.html
=started       2024-12-18 20:32:59
=ended         2024-12-18 20:32:59
=result        ok
=elapsed       0.122293s
=case          ejabberd_SUITE:pubsub_test_purge
=logfile       ejabberd_suite.pubsub_test_purge.24899.html
=started       2024-12-18 20:32:59
=ended         2024-12-18 20:32:59
=result        ok
=elapsed       0.138281s
=case          ejabberd_SUITE:pubsub_test_subscribe
=logfile       ejabberd_suite.pubsub_test_subscribe.24963.html
=started       2024-12-18 20:32:59
=ended         2024-12-18 20:32:59
=result        ok
=elapsed       0.115729s
=case          ejabberd_SUITE:pubsub_test_subscribe_max_item_1
=logfile       ejabberd_suite.pubsub_test_subscribe_max_item_1.29986.html
=started       2024-12-18 20:32:59
=ended         2024-12-18 20:32:59
=result        ok
=elapsed       0.117689s
=case          ejabberd_SUITE:pubsub_test_unsubscribe
=logfile       ejabberd_suite.pubsub_test_unsubscribe.30050.html
=started       2024-12-18 20:32:59
=ended         2024-12-18 20:32:59
=result        ok
=elapsed       0.120140s
=case          ejabberd_SUITE:end_per_group
=logfile       ejabberd_suite.end_per_group.25091.html
=group_props   [{name,pubsub_single},sequence]
=started       2024-12-18 20:32:59
=ended         2024-12-18 20:32:59
=result        ok
=elapsed       0.000007s
=group_time    2.749s
=case          ejabberd_SUITE:init_per_group
=logfile       ejabberd_suite.init_per_group.25123.html
=group_props   [{name,muc_single},sequence]
=started       2024-12-18 20:32:59
=ended         2024-12-18 20:32:59
=result        ok
=elapsed       0.000002s
=case          ejabberd_SUITE:muc_service_presence_error
=logfile       ejabberd_suite.muc_service_presence_error.25155.html
=started       2024-12-18 20:32:59
=ended         2024-12-18 20:33:00
=result        ok
=elapsed       0.192101s
=case          ejabberd_SUITE:muc_service_message_error
=logfile       ejabberd_suite.muc_service_message_error.25251.html
=started       2024-12-18 20:33:00
=ended         2024-12-18 20:33:00
=result        ok
=elapsed       0.189742s
=case          ejabberd_SUITE:muc_service_unknown_ns_iq_error
=logfile       ejabberd_suite.muc_service_unknown_ns_iq_error.30178.html
=started       2024-12-18 20:33:00
=ended         2024-12-18 20:33:00
=result        ok
=elapsed       0.191671s
=case          ejabberd_SUITE:muc_service_iq_set_error
=logfile       ejabberd_suite.muc_service_iq_set_error.30210.html
=started       2024-12-18 20:33:00
=ended         2024-12-18 20:33:01
=result        ok
=elapsed       0.320467s
=case          ejabberd_SUITE:muc_service_improper_iq_error
=logfile       ejabberd_suite.muc_service_improper_iq_error.30274.html
=started       2024-12-18 20:33:01
=ended         2024-12-18 20:33:01
=result        ok
=elapsed       0.276371s
=case          ejabberd_SUITE:muc_service_features
=logfile       ejabberd_suite.muc_service_features.30338.html
=started       2024-12-18 20:33:01
=ended         2024-12-18 20:33:01
=result        ok
=elapsed       0.103440s
=case          ejabberd_SUITE:muc_service_disco_info_node_error
=logfile       ejabberd_suite.muc_service_disco_info_node_error.30402.html
=started       2024-12-18 20:33:01
=ended         2024-12-18 20:33:01
=result        ok
=elapsed       0.103019s
=case          ejabberd_SUITE:muc_service_disco_items
=logfile       ejabberd_suite.muc_service_disco_items.30498.html
=started       2024-12-18 20:33:01
=ended         2024-12-18 20:33:01
=result        ok
=elapsed       0.174667s
=case          ejabberd_SUITE:muc_service_unique
=logfile       ejabberd_suite.muc_service_unique.30594.html
=started       2024-12-18 20:33:01
=ended         2024-12-18 20:33:01
=result        ok
=elapsed       0.103010s
=case          ejabberd_SUITE:muc_service_vcard
=logfile       ejabberd_suite.muc_service_vcard.30658.html
=started       2024-12-18 20:33:01
=ended         2024-12-18 20:33:02
=result        ok
=elapsed       0.103862s
=case          ejabberd_SUITE:muc_configure_non_existent
=logfile       ejabberd_suite.muc_configure_non_existent.30722.html
=started       2024-12-18 20:33:02
=ended         2024-12-18 20:33:02
=result        ok
=elapsed       0.107939s
=case          ejabberd_SUITE:muc_cancel_configure_non_existent
=logfile       ejabberd_suite.muc_cancel_configure_non_existent.30754.html
=started       2024-12-18 20:33:02
=ended         2024-12-18 20:33:02
=result        ok
=elapsed       0.105631s
=case          ejabberd_SUITE:muc_service_subscriptions
=logfile       ejabberd_suite.muc_service_subscriptions.30818.html
=started       2024-12-18 20:33:02
=ended         2024-12-18 20:33:02
=result        ok
=elapsed       0.200163s
=case          ejabberd_SUITE:muc_set_room_affiliation
=logfile       ejabberd_suite.muc_set_room_affiliation.30882.html
=started       2024-12-18 20:33:02
=ended         2024-12-18 20:33:02
=result        ok
=elapsed       0.117640s
=case          ejabberd_SUITE:end_per_group
=logfile       ejabberd_suite.end_per_group.30946.html
=group_props   [{name,muc_single},sequence]
=started       2024-12-18 20:33:02
=ended         2024-12-18 20:33:02
=result        ok
=elapsed       0.000002s
=group_time    2.755s
=case          ejabberd_SUITE:init_per_group
=logfile       ejabberd_suite.init_per_group.30978.html
=group_props   [{name,offline_single},sequence]
=started       2024-12-18 20:33:02
=ended         2024-12-18 20:33:02
=result        ok
=elapsed       0.000003s
=case          ejabberd_SUITE:offline_feature_enabled
=logfile       ejabberd_suite.offline_feature_enabled.31010.html
=started       2024-12-18 20:33:02
=ended         2024-12-18 20:33:02
=result        ok
=elapsed       0.103842s
=case          ejabberd_SUITE:offline_check_identity
=logfile       ejabberd_suite.offline_check_identity.31042.html
=started       2024-12-18 20:33:02
=ended         2024-12-18 20:33:03
=result        ok
=elapsed       0.103425s
=case          ejabberd_SUITE:offline_send_non_existent
=logfile       ejabberd_suite.offline_send_non_existent.31106.html
=started       2024-12-18 20:33:03
=ended         2024-12-18 20:33:03
=result        ok
=elapsed       0.103077s
=case          ejabberd_SUITE:offline_view_non_existent
=logfile       ejabberd_suite.offline_view_non_existent.31170.html
=started       2024-12-18 20:33:03
=ended         2024-12-18 20:33:03
=result        ok
=elapsed       0.103691s
=case          ejabberd_SUITE:offline_remove_non_existent
=logfile       ejabberd_suite.offline_remove_non_existent.31234.html
=started       2024-12-18 20:33:03
=ended         2024-12-18 20:33:03
=result        ok
=elapsed       0.103491s
=case          ejabberd_SUITE:offline_view_non_integer
=logfile       ejabberd_suite.offline_view_non_integer.26083.html
=started       2024-12-18 20:33:03
=ended         2024-12-18 20:33:03
=result        ok
=elapsed       0.103789s
=case          ejabberd_SUITE:offline_remove_non_integer
=logfile       ejabberd_suite.offline_remove_non_integer.31330.html
=started       2024-12-18 20:33:03
=ended         2024-12-18 20:33:03
=result        ok
=elapsed       0.104117s
=case          ejabberd_SUITE:offline_malformed_iq
=logfile       ejabberd_suite.offline_malformed_iq.31394.html
=started       2024-12-18 20:33:03
=ended         2024-12-18 20:33:03
=result        ok
=elapsed       0.105982s
=case          ejabberd_SUITE:offline_wrong_user
=logfile       ejabberd_suite.offline_wrong_user.31458.html
=started       2024-12-18 20:33:03
=ended         2024-12-18 20:33:03
=result        ok
=elapsed       0.110125s
=case          ejabberd_SUITE:offline_unsupported_iq
=logfile       ejabberd_suite.offline_unsupported_iq.26275.html
=started       2024-12-18 20:33:03
=ended         2024-12-18 20:33:04
=result        ok
=elapsed       0.103732s
=case          ejabberd_SUITE:end_per_group
=logfile       ejabberd_suite.end_per_group.31522.html
=group_props   [{name,offline_single},sequence]
=started       2024-12-18 20:33:04
=ended         2024-12-18 20:33:04
=result        ok
=elapsed       0.000002s
=group_time    1.384s
=case          ejabberd_SUITE:init_per_group
=logfile       ejabberd_suite.init_per_group.31554.html
=group_props   [{name,mam_single},sequence]
=started       2024-12-18 20:33:04
=ended         2024-12-18 20:33:04
=result        ok
=elapsed       0.000002s
=case          ejabberd_SUITE:mam_feature_enabled
=logfile       ejabberd_suite.mam_feature_enabled.31586.html
=started       2024-12-18 20:33:04
=ended         2024-12-18 20:33:04
=result        ok
=elapsed       0.105529s
=case          ejabberd_SUITE:mam_get_set_prefs
=logfile       ejabberd_suite.mam_get_set_prefs.31682.html
=started       2024-12-18 20:33:04
=ended         2024-12-18 20:33:06
=result        ok
=elapsed       1.886556s
=case          ejabberd_SUITE:mam_get_form
=logfile       ejabberd_suite.mam_get_form.31778.html
=started       2024-12-18 20:33:06
=ended         2024-12-18 20:33:06
=result        ok
=elapsed       0.107181s
=case          ejabberd_SUITE:mam_fake_by
=logfile       ejabberd_suite.mam_fake_by.31874.html
=started       2024-12-18 20:33:06
=ended         2024-12-18 20:33:06
=result        ok
=elapsed       0.104120s
=case          ejabberd_SUITE:end_per_group
=logfile       ejabberd_suite.end_per_group.31938.html
=group_props   [{name,mam_single},sequence]
=started       2024-12-18 20:33:06
=ended         2024-12-18 20:33:06
=result        ok
=elapsed       0.000002s
=group_time    2.353s
=case          ejabberd_SUITE:init_per_group
=logfile       ejabberd_suite.init_per_group.31970.html
=group_props   [{name,push_single},sequence]
=started       2024-12-18 20:33:06
=ended         2024-12-18 20:33:06
=result        ok
=elapsed       0.000002s
=case          ejabberd_SUITE:push_feature_enabled
=logfile       ejabberd_suite.push_feature_enabled.32002.html
=started       2024-12-18 20:33:06
=ended         2024-12-18 20:33:06
=result        ok
=elapsed       0.103619s
=case          ejabberd_SUITE:push_unsupported_iq
=logfile       ejabberd_suite.push_unsupported_iq.32034.html
=started       2024-12-18 20:33:06
=ended         2024-12-18 20:33:06
=result        ok
=elapsed       0.103820s
=case          ejabberd_SUITE:end_per_group
=logfile       ejabberd_suite.end_per_group.32130.html
=group_props   [{name,push_single},sequence]
=started       2024-12-18 20:33:06
=ended         2024-12-18 20:33:06
=result        ok
=elapsed       0.000006s
=group_time    0.294s
=case          ejabberd_SUITE:test_unregister
=logfile       ejabberd_suite.test_unregister.32162.html
=started       2024-12-18 20:33:06
=ended         2024-12-18 20:33:06
=result        ok
=elapsed       0.009957s
=case          ejabberd_SUITE:end_per_group
=logfile       ejabberd_suite.end_per_group.32258.html
=group_props   [{name,single_user},sequence]
=started       2024-12-18 20:33:06
=ended         2024-12-18 20:33:06
=result        ok
=elapsed       0.000008s
=group_time    16.498s
=case          ejabberd_SUITE:init_per_group
=logfile       ejabberd_suite.init_per_group.32290.html
=group_props   [{name,muc_master_slave},sequence]
=started       2024-12-18 20:33:06
=ended         2024-12-18 20:33:06
=result        ok
=elapsed       0.000003s
=case          ejabberd_SUITE:init_per_group
=logfile       ejabberd_suite.init_per_group.32322.html
=group_props   [{name,muc_register},parallel]
=started       2024-12-18 20:33:06
=ended         2024-12-18 20:33:06
=result        ok
=elapsed       0.000002s
=case          ejabberd_SUITE:muc_register_master
=logfile       ejabberd_suite.muc_register_master.32354.html
=started       2024-12-18 20:33:06
=ended         2024-12-18 20:33:07
=result        ok
=elapsed       0.123283s
=case          ejabberd_SUITE:muc_register_slave
=logfile       ejabberd_suite.muc_register_slave.32386.html
=started       2024-12-18 20:33:06
=ended         2024-12-18 20:33:07
=result        ok
=elapsed       0.118850s
=case          ejabberd_SUITE:end_per_group
=logfile       ejabberd_suite.end_per_group.32450.html
=group_props   [{name,muc_register},parallel]
=started       2024-12-18 20:33:07
=ended         2024-12-18 20:33:07
=result        ok
=elapsed       0.000008s
=group_time    0.185s
=case          ejabberd_SUITE:init_per_group
=logfile       ejabberd_suite.init_per_group.32482.html
=group_props   [{name,muc_groupchat_msg},parallel]
=started       2024-12-18 20:33:07
=ended         2024-12-18 20:33:07
=result        ok
=elapsed       0.000002s
=case          ejabberd_SUITE:muc_groupchat_msg_master
=logfile       ejabberd_suite.muc_groupchat_msg_master.32514.html
=started       2024-12-18 20:33:07
=ended         2024-12-18 20:33:07
=result        ok
=elapsed       0.124318s
=case          ejabberd_SUITE:muc_groupchat_msg_slave
=logfile       ejabberd_suite.muc_groupchat_msg_slave.32546.html
=started       2024-12-18 20:33:07
=ended         2024-12-18 20:33:07
=result        ok
=elapsed       0.121932s
=case          ejabberd_SUITE:end_per_group
=logfile       ejabberd_suite.end_per_group.32642.html
=group_props   [{name,muc_groupchat_msg},parallel]
=started       2024-12-18 20:33:07
=ended         2024-12-18 20:33:07
=result        ok
=elapsed       0.000002s
=group_time    0.185s
=case          ejabberd_SUITE:init_per_group
=logfile       ejabberd_suite.init_per_group.32674.html
=group_props   [{name,muc_private_msg},parallel]
=started       2024-12-18 20:33:07
=ended         2024-12-18 20:33:07
=result        ok
=elapsed       0.000002s
=case          ejabberd_SUITE:muc_private_msg_master
=logfile       ejabberd_suite.muc_private_msg_master.32706.html
=started       2024-12-18 20:33:07
=ended         2024-12-18 20:33:07
=result        ok
=elapsed       0.166423s
=case          ejabberd_SUITE:muc_private_msg_slave
=logfile       ejabberd_suite.muc_private_msg_slave.27332.html
=started       2024-12-18 20:33:07
=ended         2024-12-18 20:33:07
=result        ok
=elapsed       0.159638s
=case          ejabberd_SUITE:end_per_group
=logfile       ejabberd_suite.end_per_group.27396.html
=group_props   [{name,muc_private_msg},parallel]
=started       2024-12-18 20:33:07
=ended         2024-12-18 20:33:07
=result        ok
=elapsed       0.000002s
=group_time    0.226s
=case          ejabberd_SUITE:init_per_group
=logfile       ejabberd_suite.init_per_group.26691.html
=group_props   [{name,muc_set_subject},parallel]
=started       2024-12-18 20:33:07
=ended         2024-12-18 20:33:07
=result        ok
=elapsed       0.000003s
=case          ejabberd_SUITE:muc_set_subject_master
=logfile       ejabberd_suite.muc_set_subject_master.32770.html
=started       2024-12-18 20:33:07
=ended         2024-12-18 20:33:07
=result        ok
=elapsed       0.134345s
=case          ejabberd_SUITE:muc_set_subject_slave
=logfile       ejabberd_suite.muc_set_subject_slave.26723.html
=started       2024-12-18 20:33:07
=ended         2024-12-18 20:33:07
=result        ok
=elapsed       0.131235s
=case          ejabberd_SUITE:end_per_group
=logfile       ejabberd_suite.end_per_group.26819.html
=group_props   [{name,muc_set_subject},parallel]
=started       2024-12-18 20:33:07
=ended         2024-12-18 20:33:07
=result        ok
=elapsed       0.000002s
=group_time    0.194s
=case          ejabberd_SUITE:init_per_group
=logfile       ejabberd_suite.init_per_group.26851.html
=group_props   [{name,muc_history},parallel]
=started       2024-12-18 20:33:07
=ended         2024-12-18 20:33:07
=result        ok
=elapsed       0.000004s
=case          ejabberd_SUITE:muc_history_master
=logfile       ejabberd_suite.muc_history_master.32866.html
=started       2024-12-18 20:33:07
=ended         2024-12-18 20:33:08
=result        ok
=elapsed       0.163758s
=case          ejabberd_SUITE:muc_history_slave
=logfile       ejabberd_suite.muc_history_slave.32898.html
=started       2024-12-18 20:33:07
=ended         2024-12-18 20:33:08
=result        ok
=elapsed       0.159371s
=case          ejabberd_SUITE:end_per_group
=logfile       ejabberd_suite.end_per_group.32930.html
=group_props   [{name,muc_history},parallel]
=started       2024-12-18 20:33:08
=ended         2024-12-18 20:33:08
=result        ok
=elapsed       0.000002s
=group_time    0.225s
=case          ejabberd_SUITE:init_per_group
=logfile       ejabberd_suite.init_per_group.32962.html
=group_props   [{name,muc_invite},parallel]
=started       2024-12-18 20:33:08
=ended         2024-12-18 20:33:08
=result        ok
=elapsed       0.000003s
=case          ejabberd_SUITE:muc_invite_master
=logfile       ejabberd_suite.muc_invite_master.27556.html
=started       2024-12-18 20:33:08
=ended         2024-12-18 20:33:08
=result        ok
=elapsed       0.115539s
=case          ejabberd_SUITE:muc_invite_slave
=logfile       ejabberd_suite.muc_invite_slave.27588.html
=started       2024-12-18 20:33:08
=ended         2024-12-18 20:33:08
=result        ok
=elapsed       0.153892s
=case          ejabberd_SUITE:end_per_group
=logfile       ejabberd_suite.end_per_group.33090.html
=group_props   [{name,muc_invite},parallel]
=started       2024-12-18 20:33:08
=ended         2024-12-18 20:33:08
=result        ok
=elapsed       0.000002s
=group_time    0.213s
=case          ejabberd_SUITE:init_per_group
=logfile       ejabberd_suite.init_per_group.27652.html
=group_props   [{name,muc_invite_members_only},parallel]
=started       2024-12-18 20:33:08
=ended         2024-12-18 20:33:08
=result        ok
=elapsed       0.000003s
=case          ejabberd_SUITE:muc_invite_members_only_master
=logfile       ejabberd_suite.muc_invite_members_only_master.27684.html
=started       2024-12-18 20:33:08
=ended         2024-12-18 20:33:08
=result        ok
=elapsed       0.121766s
=case          ejabberd_SUITE:muc_invite_members_only_slave
=logfile       ejabberd_suite.muc_invite_members_only_slave.27716.html
=started       2024-12-18 20:33:08
=ended         2024-12-18 20:33:08
=result        ok
=elapsed       0.114303s
=case          ejabberd_SUITE:end_per_group
=logfile       ejabberd_suite.end_per_group.27075.html
=group_props   [{name,muc_invite_members_only},parallel]
=started       2024-12-18 20:33:08
=ended         2024-12-18 20:33:08
=result        ok
=elapsed       0.000002s
=group_time    0.181s
=case          ejabberd_SUITE:init_per_group
=logfile       ejabberd_suite.init_per_group.27107.html
=group_props   [{name,muc_invite_password_protected},parallel]
=started       2024-12-18 20:33:08
=ended         2024-12-18 20:33:08
=result        ok
=elapsed       0.000002s
=case          ejabberd_SUITE:muc_invite_password_protected_master
=logfile       ejabberd_suite.muc_invite_password_protected_master.27139.html
=started       2024-12-18 20:33:08
=ended         2024-12-18 20:33:08
=result        ok
=elapsed       0.160507s
=case          ejabberd_SUITE:muc_invite_password_protected_slave
=logfile       ejabberd_suite.muc_invite_password_protected_slave.27171.html
=started       2024-12-18 20:33:08
=ended         2024-12-18 20:33:08
=result        ok
=elapsed       0.115235s
=case          ejabberd_SUITE:end_per_group
=logfile       ejabberd_suite.end_per_group.27299.html
=group_props   [{name,muc_invite_password_protected},parallel]
=started       2024-12-18 20:33:08
=ended         2024-12-18 20:33:08
=result        ok
=elapsed       0.000007s
=group_time    0.222s
=case          ejabberd_SUITE:init_per_group
=logfile       ejabberd_suite.init_per_group.16773.html
=group_props   [{name,muc_voice_request},parallel]
=started       2024-12-18 20:33:08
=ended         2024-12-18 20:33:08
=result        ok
=elapsed       0.000002s
=case          ejabberd_SUITE:muc_voice_request_master
=logfile       ejabberd_suite.muc_voice_request_master.16805.html
=started       2024-12-18 20:33:08
=ended         2024-12-18 20:33:08
=result        ok
=elapsed       0.135275s
=case          ejabberd_SUITE:muc_voice_request_slave
=logfile       ejabberd_suite.muc_voice_request_slave.16837.html
=started       2024-12-18 20:33:08
=ended         2024-12-18 20:33:08
=result        ok
=elapsed       0.128629s
=case          ejabberd_SUITE:end_per_group
=logfile       ejabberd_suite.end_per_group.16933.html
=group_props   [{name,muc_voice_request},parallel]
=started       2024-12-18 20:33:08
=ended         2024-12-18 20:33:08
=result        ok
=elapsed       0.000003s
=group_time    0.194s
=case          ejabberd_SUITE:init_per_group
=logfile       ejabberd_suite.init_per_group.16965.html
=group_props   [{name,muc_change_role},parallel]
=started       2024-12-18 20:33:08
=ended         2024-12-18 20:33:09
=result        ok
=elapsed       0.000004s
=case          ejabberd_SUITE:muc_change_role_master
=logfile       ejabberd_suite.muc_change_role_master.16997.html
=started       2024-12-18 20:33:09
=ended         2024-12-18 20:33:09
=result        ok
=elapsed       0.151139s
=case          ejabberd_SUITE:muc_change_role_slave
=logfile       ejabberd_suite.muc_change_role_slave.17029.html
=started       2024-12-18 20:33:09
=ended         2024-12-18 20:33:09
=result        ok
=elapsed       0.142950s
=case          ejabberd_SUITE:end_per_group
=logfile       ejabberd_suite.end_per_group.33314.html
=group_props   [{name,muc_change_role},parallel]
=started       2024-12-18 20:33:09
=ended         2024-12-18 20:33:09
=result        ok
=elapsed       0.000002s
=group_time    0.212s
=case          ejabberd_SUITE:init_per_group
=logfile       ejabberd_suite.init_per_group.33346.html
=group_props   [{name,muc_kick},parallel]
=started       2024-12-18 20:33:09
=ended         2024-12-18 20:33:09
=result        ok
=elapsed       0.000002s
=case          ejabberd_SUITE:muc_kick_master
=logfile       ejabberd_suite.muc_kick_master.33378.html
=started       2024-12-18 20:33:09
=ended         2024-12-18 20:33:09
=result        ok
=elapsed       0.122599s
=case          ejabberd_SUITE:muc_kick_slave
=logfile       ejabberd_suite.muc_kick_slave.33410.html
=started       2024-12-18 20:33:09
=ended         2024-12-18 20:33:09
=result        ok
=elapsed       0.117359s
=case          ejabberd_SUITE:end_per_group
=logfile       ejabberd_suite.end_per_group.33570.html
=group_props   [{name,muc_kick},parallel]
=started       2024-12-18 20:33:09
=ended         2024-12-18 20:33:09
=result        ok
=elapsed       0.000002s
=group_time    0.183s
=case          ejabberd_SUITE:init_per_group
=logfile       ejabberd_suite.init_per_group.33602.html
=group_props   [{name,muc_change_affiliation},parallel]
=started       2024-12-18 20:33:09
=ended         2024-12-18 20:33:09
=result        ok
=elapsed       0.000002s
=case          ejabberd_SUITE:muc_change_affiliation_master
=logfile       ejabberd_suite.muc_change_affiliation_master.27459.html
=started       2024-12-18 20:33:09
=ended         2024-12-18 20:33:09
=result        ok
=elapsed       0.143389s
=case          ejabberd_SUITE:muc_change_affiliation_slave
=logfile       ejabberd_suite.muc_change_affiliation_slave.27491.html
=started       2024-12-18 20:33:09
=ended         2024-12-18 20:33:09
=result        ok
=elapsed       0.136630s
=case          ejabberd_SUITE:end_per_group
=logfile       ejabberd_suite.end_per_group.27651.html
=group_props   [{name,muc_change_affiliation},parallel]
=started       2024-12-18 20:33:09
=ended         2024-12-18 20:33:09
=result        ok
=elapsed       0.000002s
=group_time    0.203s
=case          ejabberd_SUITE:init_per_group
=logfile       ejabberd_suite.init_per_group.27683.html
=group_props   [{name,muc_destroy},parallel]
=started       2024-12-18 20:33:09
=ended         2024-12-18 20:33:09
=result        ok
=elapsed       0.000002s
=case          ejabberd_SUITE:muc_destroy_master
=logfile       ejabberd_suite.muc_destroy_master.27715.html
=started       2024-12-18 20:33:09
=ended         2024-12-18 20:33:09
=result        ok
=elapsed       0.120721s
=case          ejabberd_SUITE:muc_destroy_slave
=logfile       ejabberd_suite.muc_destroy_slave.27747.html
=started       2024-12-18 20:33:09
=ended         2024-12-18 20:33:09
=result        ok
=elapsed       0.121382s
=case          ejabberd_SUITE:end_per_group
=logfile       ejabberd_suite.end_per_group.27779.html
=group_props   [{name,muc_destroy},parallel]
=started       2024-12-18 20:33:09
=ended         2024-12-18 20:33:09
=result        ok
=elapsed       0.000007s
=group_time    0.183s
=case          ejabberd_SUITE:init_per_group
=logfile       ejabberd_suite.init_per_group.27811.html
=group_props   [{name,muc_vcard},parallel]
=started       2024-12-18 20:33:09
=ended         2024-12-18 20:33:09
=result        ok
=elapsed       0.000002s
=case          ejabberd_SUITE:muc_vcard_master
=logfile       ejabberd_suite.muc_vcard_master.27843.html
=started       2024-12-18 20:33:09
=ended         2024-12-18 20:33:10
=result        ok
=elapsed       0.128822s
=case          ejabberd_SUITE:muc_vcard_slave
=logfile       ejabberd_suite.muc_vcard_slave.27908.html
=started       2024-12-18 20:33:09
=ended         2024-12-18 20:33:10
=result        ok
=elapsed       0.123702s
=case          ejabberd_SUITE:end_per_group
=logfile       ejabberd_suite.end_per_group.27940.html
=group_props   [{name,muc_vcard},parallel]
=started       2024-12-18 20:33:10
=ended         2024-12-18 20:33:10
=result        ok
=elapsed       0.000002s
=group_time    0.189s
=case          ejabberd_SUITE:init_per_group
=logfile       ejabberd_suite.init_per_group.27972.html
=group_props   [{name,muc_nick_change},parallel]
=started       2024-12-18 20:33:10
=ended         2024-12-18 20:33:10
=result        ok
=elapsed       0.000003s
=case          ejabberd_SUITE:muc_nick_change_master
=logfile       ejabberd_suite.muc_nick_change_master.28004.html
=started       2024-12-18 20:33:10
=ended         2024-12-18 20:33:10
=result        ok
=elapsed       0.124075s
=case          ejabberd_SUITE:muc_nick_change_slave
=logfile       ejabberd_suite.muc_nick_change_slave.28036.html
=started       2024-12-18 20:33:10
=ended         2024-12-18 20:33:10
=result        ok
=elapsed       0.120760s
=case          ejabberd_SUITE:end_per_group
=logfile       ejabberd_suite.end_per_group.28132.html
=group_props   [{name,muc_nick_change},parallel]
=started       2024-12-18 20:33:10
=ended         2024-12-18 20:33:10
=result        ok
=elapsed       0.000008s
=group_time    0.185s
=case          ejabberd_SUITE:init_per_group
=logfile       ejabberd_suite.init_per_group.33922.html
=group_props   [{name,muc_config_title_desc},parallel]
=started       2024-12-18 20:33:10
=ended         2024-12-18 20:33:10
=result        ok
=elapsed       0.000003s
=case          ejabberd_SUITE:muc_config_title_desc_master
=logfile       ejabberd_suite.muc_config_title_desc_master.33954.html
=started       2024-12-18 20:33:10
=ended         2024-12-18 20:33:10
=result        ok
=elapsed       0.128586s
=case          ejabberd_SUITE:muc_config_title_desc_slave
=logfile       ejabberd_suite.muc_config_title_desc_slave.33986.html
=started       2024-12-18 20:33:10
=ended         2024-12-18 20:33:10
=result        ok
=elapsed       0.118159s
=case          ejabberd_SUITE:end_per_group
=logfile       ejabberd_suite.end_per_group.34018.html
=group_props   [{name,muc_config_title_desc},parallel]
=started       2024-12-18 20:33:10
=ended         2024-12-18 20:33:10
=result        ok
=elapsed       0.000007s
=group_time    0.190s
=case          ejabberd_SUITE:init_per_group
=logfile       ejabberd_suite.init_per_group.34050.html
=group_props   [{name,muc_config_public_list},parallel]
=started       2024-12-18 20:33:10
=ended         2024-12-18 20:33:10
=result        ok
=elapsed       0.000002s
=case          ejabberd_SUITE:muc_config_public_list_master
=logfile       ejabberd_suite.muc_config_public_list_master.34082.html
=started       2024-12-18 20:33:10
=ended         2024-12-18 20:33:10
=result        ok
=elapsed       0.129145s
=case          ejabberd_SUITE:muc_config_public_list_slave
=logfile       ejabberd_suite.muc_config_public_list_slave.34114.html
=started       2024-12-18 20:33:10
=ended         2024-12-18 20:33:10
=result        ok
=elapsed       0.123907s
=case          ejabberd_SUITE:end_per_group
=logfile       ejabberd_suite.end_per_group.34210.html
=group_props   [{name,muc_config_public_list},parallel]
=started       2024-12-18 20:33:10
=ended         2024-12-18 20:33:10
=result        ok
=elapsed       0.000002s
=group_time    0.190s
=case          ejabberd_SUITE:init_per_group
=logfile       ejabberd_suite.init_per_group.34242.html
=group_props   [{name,muc_config_password},parallel]
=started       2024-12-18 20:33:10
=ended         2024-12-18 20:33:10
=result        ok
=elapsed       0.000003s
=case          ejabberd_SUITE:muc_config_password_master
=logfile       ejabberd_suite.muc_config_password_master.34274.html
=started       2024-12-18 20:33:10
=ended         2024-12-18 20:33:10
=result        ok
=elapsed       0.128632s
=case          ejabberd_SUITE:muc_config_password_slave
=logfile       ejabberd_suite.muc_config_password_slave.34306.html
=started       2024-12-18 20:33:10
=ended         2024-12-18 20:33:10
=result        ok
=elapsed       0.123516s
=case          ejabberd_SUITE:end_per_group
=logfile       ejabberd_suite.end_per_group.34370.html
=group_props   [{name,muc_config_password},parallel]
=started       2024-12-18 20:33:10
=ended         2024-12-18 20:33:10
=result        ok
=elapsed       0.000002s
=group_time    0.191s
=case          ejabberd_SUITE:init_per_group
=logfile       ejabberd_suite.init_per_group.34402.html
=group_props   [{name,muc_config_whois},parallel]
=started       2024-12-18 20:33:10
=ended         2024-12-18 20:33:10
=result        ok
=elapsed       0.000002s
=case          ejabberd_SUITE:muc_config_whois_master
=logfile       ejabberd_suite.muc_config_whois_master.34434.html
=started       2024-12-18 20:33:10
=ended         2024-12-18 20:33:11
=result        ok
=elapsed       0.134390s
=case          ejabberd_SUITE:muc_config_whois_slave
=logfile       ejabberd_suite.muc_config_whois_slave.34466.html
=started       2024-12-18 20:33:10
=ended         2024-12-18 20:33:11
=result        ok
=elapsed       0.131322s
=case          ejabberd_SUITE:end_per_group
=logfile       ejabberd_suite.end_per_group.28195.html
=group_props   [{name,muc_config_whois},parallel]
=started       2024-12-18 20:33:11
=ended         2024-12-18 20:33:11
=result        ok
=elapsed       0.000007s
=group_time    0.195s
=case          ejabberd_SUITE:init_per_group
=logfile       ejabberd_suite.init_per_group.28227.html
=group_props   [{name,muc_config_members_only},parallel]
=started       2024-12-18 20:33:11
=ended         2024-12-18 20:33:11
=result        ok
=elapsed       0.000003s
=case          ejabberd_SUITE:muc_config_members_only_master
=logfile       ejabberd_suite.muc_config_members_only_master.28259.html
=started       2024-12-18 20:33:11
=ended         2024-12-18 20:33:11
=result        ok
=elapsed       0.135048s
=case          ejabberd_SUITE:muc_config_members_only_slave
=logfile       ejabberd_suite.muc_config_members_only_slave.28291.html
=started       2024-12-18 20:33:11
=ended         2024-12-18 20:33:11
=result        ok
=elapsed       0.128528s
=case          ejabberd_SUITE:end_per_group
=logfile       ejabberd_suite.end_per_group.34626.html
=group_props   [{name,muc_config_members_only},parallel]
=started       2024-12-18 20:33:11
=ended         2024-12-18 20:33:11
=result        ok
=elapsed       0.000002s
=group_time    0.196s
=case          ejabberd_SUITE:init_per_group
=logfile       ejabberd_suite.init_per_group.28355.html
=group_props   [{name,muc_config_moderated},parallel]
=started       2024-12-18 20:33:11
=ended         2024-12-18 20:33:11
=result        ok
=elapsed       0.000003s
=case          ejabberd_SUITE:muc_config_moderated_master
=logfile       ejabberd_suite.muc_config_moderated_master.28420.html
=started       2024-12-18 20:33:11
=ended         2024-12-18 20:33:11
=result        ok
=elapsed       0.129253s
=case          ejabberd_SUITE:muc_config_moderated_slave
=logfile       ejabberd_suite.muc_config_moderated_slave.28387.html
=started       2024-12-18 20:33:11
=ended         2024-12-18 20:33:11
=result        ok
=elapsed       0.122982s
=case          ejabberd_SUITE:end_per_group
=logfile       ejabberd_suite.end_per_group.28451.html
=group_props   [{name,muc_config_moderated},parallel]
=started       2024-12-18 20:33:11
=ended         2024-12-18 20:33:11
=result        ok
=elapsed       0.000003s
=group_time    0.189s
=case          ejabberd_SUITE:init_per_group
=logfile       ejabberd_suite.init_per_group.28483.html
=group_props   [{name,muc_config_private_messages},parallel]
=started       2024-12-18 20:33:11
=ended         2024-12-18 20:33:11
=result        ok
=elapsed       0.000004s
=case          ejabberd_SUITE:muc_config_private_messages_master
=logfile       ejabberd_suite.muc_config_private_messages_master.28515.html
=started       2024-12-18 20:33:11
=ended         2024-12-18 20:33:11
=result        ok
=elapsed       0.138540s
=case          ejabberd_SUITE:muc_config_private_messages_slave
=logfile       ejabberd_suite.muc_config_private_messages_slave.28547.html
=started       2024-12-18 20:33:11
=ended         2024-12-18 20:33:11
=result        ok
=elapsed       0.134415s
=case          ejabberd_SUITE:end_per_group
=logfile       ejabberd_suite.end_per_group.28643.html
=group_props   [{name,muc_config_private_messages},parallel]
=started       2024-12-18 20:33:11
=ended         2024-12-18 20:33:11
=result        ok
=elapsed       0.000003s
=group_time    0.199s
=case          ejabberd_SUITE:init_per_group
=logfile       ejabberd_suite.init_per_group.28675.html
=group_props   [{name,muc_config_query},parallel]
=started       2024-12-18 20:33:11
=ended         2024-12-18 20:33:11
=result        ok
=elapsed       0.000002s
=case          ejabberd_SUITE:muc_config_query_master
=logfile       ejabberd_suite.muc_config_query_master.34722.html
=started       2024-12-18 20:33:11
=ended         2024-12-18 20:33:12
=result        ok
=elapsed       0.169480s
=case          ejabberd_SUITE:muc_config_query_slave
=logfile       ejabberd_suite.muc_config_query_slave.28707.html
=started       2024-12-18 20:33:11
=ended         2024-12-18 20:33:12
=result        ok
=elapsed       0.163917s
=case          ejabberd_SUITE:end_per_group
=logfile       ejabberd_suite.end_per_group.28803.html
=group_props   [{name,muc_config_query},parallel]
=started       2024-12-18 20:33:12
=ended         2024-12-18 20:33:12
=result        ok
=elapsed       0.000002s
=group_time    0.228s
=case          ejabberd_SUITE:init_per_group
=logfile       ejabberd_suite.init_per_group.28835.html
=group_props   [{name,muc_config_allow_invites},parallel]
=started       2024-12-18 20:33:12
=ended         2024-12-18 20:33:12
=result        ok
=elapsed       0.000002s
=case          ejabberd_SUITE:muc_config_allow_invites_master
=logfile       ejabberd_suite.muc_config_allow_invites_master.34818.html
=started       2024-12-18 20:33:12
=ended         2024-12-18 20:33:12
=result        ok
=elapsed       0.129402s
=case          ejabberd_SUITE:muc_config_allow_invites_slave
=logfile       ejabberd_suite.muc_config_allow_invites_slave.28644.html
=started       2024-12-18 20:33:12
=ended         2024-12-18 20:33:12
=result        ok
=elapsed       0.124457s
=case          ejabberd_SUITE:end_per_group
=logfile       ejabberd_suite.end_per_group.28740.html
=group_props   [{name,muc_config_allow_invites},parallel]
=started       2024-12-18 20:33:12
=ended         2024-12-18 20:33:12
=result        ok
=elapsed       0.000002s
=group_time    0.190s
=case          ejabberd_SUITE:init_per_group
=logfile       ejabberd_suite.init_per_group.28772.html
=group_props   [{name,muc_config_visitor_status},parallel]
=started       2024-12-18 20:33:12
=ended         2024-12-18 20:33:12
=result        ok
=elapsed       0.000003s
=case          ejabberd_SUITE:muc_config_visitor_status_master
=logfile       ejabberd_suite.muc_config_visitor_status_master.28804.html
=started       2024-12-18 20:33:12
=ended         2024-12-18 20:33:12
=result        ok
=elapsed       0.130542s
=case          ejabberd_SUITE:muc_config_visitor_status_slave
=logfile       ejabberd_suite.muc_config_visitor_status_slave.34914.html
=started       2024-12-18 20:33:12
=ended         2024-12-18 20:33:12
=result        ok
=elapsed       0.127782s
=case          ejabberd_SUITE:end_per_group
=logfile       ejabberd_suite.end_per_group.35010.html
=group_props   [{name,muc_config_visitor_status},parallel]
=started       2024-12-18 20:33:12
=ended         2024-12-18 20:33:12
=result        ok
=elapsed       0.000002s
=group_time    0.192s
=case          ejabberd_SUITE:init_per_group
=logfile       ejabberd_suite.init_per_group.35042.html
=group_props   [{name,muc_config_allow_voice_requests},parallel]
=started       2024-12-18 20:33:12
=ended         2024-12-18 20:33:12
=result        ok
=elapsed       0.000003s
=case          ejabberd_SUITE:muc_config_allow_voice_requests_master
=logfile       ejabberd_suite.muc_config_allow_voice_requests_master.35074.html
=started       2024-12-18 20:33:12
=ended         2024-12-18 20:33:12
=result        ok
=elapsed       0.127513s
=case          ejabberd_SUITE:muc_config_allow_voice_requests_slave
=logfile       ejabberd_suite.muc_config_allow_voice_requests_slave.35106.html
=started       2024-12-18 20:33:12
=ended         2024-12-18 20:33:12
=result        ok
=elapsed       0.123689s
=case          ejabberd_SUITE:end_per_group
=logfile       ejabberd_suite.end_per_group.35138.html
=group_props   [{name,muc_config_allow_voice_requests},parallel]
=started       2024-12-18 20:33:12
=ended         2024-12-18 20:33:12
=result        ok
=elapsed       0.000002s
=group_time    0.188s
=case          ejabberd_SUITE:init_per_group
=logfile       ejabberd_suite.init_per_group.28996.html
=group_props   [{name,muc_config_voice_request_interval},parallel]
=started       2024-12-18 20:33:12
=ended         2024-12-18 20:33:12
=result        ok
=elapsed       0.000002s
=case          ejabberd_SUITE:muc_config_voice_request_interval_master
=logfile       ejabberd_suite.muc_config_voice_request_interval_master.29028.html
=started       2024-12-18 20:33:12
=ended         2024-12-18 20:33:17
=result        ok
=elapsed       5.211327s
=case          ejabberd_SUITE:muc_config_voice_request_interval_slave
=logfile       ejabberd_suite.muc_config_voice_request_interval_slave.29060.html
=started       2024-12-18 20:33:12
=ended         2024-12-18 20:33:17
=result        ok
=elapsed       5.209000s
=case          ejabberd_SUITE:end_per_group
=logfile       ejabberd_suite.end_per_group.29156.html
=group_props   [{name,muc_config_voice_request_interval},parallel]
=started       2024-12-18 20:33:17
=ended         2024-12-18 20:33:18
=result        ok
=elapsed       0.000007s
=group_time    5.271s
=case          ejabberd_SUITE:init_per_group
=logfile       ejabberd_suite.init_per_group.29188.html
=group_props   [{name,muc_config_visitor_nickchange},parallel]
=started       2024-12-18 20:33:18
=ended         2024-12-18 20:33:18
=result        ok
=elapsed       0.000003s
=case          ejabberd_SUITE:muc_config_visitor_nickchange_master
=logfile       ejabberd_suite.muc_config_visitor_nickchange_master.29059.html
=started       2024-12-18 20:33:18
=ended         2024-12-18 20:33:18
=result        ok
=elapsed       0.126725s
=case          ejabberd_SUITE:muc_config_visitor_nickchange_slave
=logfile       ejabberd_suite.muc_config_visitor_nickchange_slave.29091.html
=started       2024-12-18 20:33:18
=ended         2024-12-18 20:33:18
=result        ok
=elapsed       0.123373s
=case          ejabberd_SUITE:end_per_group
=logfile       ejabberd_suite.end_per_group.35266.html
=group_props   [{name,muc_config_visitor_nickchange},parallel]
=started       2024-12-18 20:33:18
=ended         2024-12-18 20:33:18
=result        ok
=elapsed       0.000008s
=group_time    0.188s
=case          ejabberd_SUITE:init_per_group
=logfile       ejabberd_suite.init_per_group.29155.html
=group_props   [{name,muc_join_conflict},parallel]
=started       2024-12-18 20:33:18
=ended         2024-12-18 20:33:18
=result        ok
=elapsed       0.000002s
=case          ejabberd_SUITE:muc_join_conflict_master
=logfile       ejabberd_suite.muc_join_conflict_master.29187.html
=started       2024-12-18 20:33:18
=ended         2024-12-18 20:33:18
=result        ok
=elapsed       0.118646s
=case          ejabberd_SUITE:muc_join_conflict_slave
=logfile       ejabberd_suite.muc_join_conflict_slave.29219.html
=started       2024-12-18 20:33:18
=ended         2024-12-18 20:33:18
=result        ok
=elapsed       0.111811s
=case          ejabberd_SUITE:end_per_group
=logfile       ejabberd_suite.end_per_group.29315.html
=group_props   [{name,muc_join_conflict},parallel]
=started       2024-12-18 20:33:18
=ended         2024-12-18 20:33:18
=result        ok
=elapsed       0.000002s
=group_time    0.180s
=case          ejabberd_SUITE:end_per_group
=logfile       ejabberd_suite.end_per_group.29347.html
=group_props   [{name,muc_master_slave},sequence]
=started       2024-12-18 20:33:18
=ended         2024-12-18 20:33:18
=result        ok
=elapsed       0.000007s
=group_time    11.525s
=case          ejabberd_SUITE:init_per_group
=logfile       ejabberd_suite.init_per_group.29379.html
=group_props   [{name,privacy_master_slave},sequence]
=started       2024-12-18 20:33:18
=ended         2024-12-18 20:33:18
=result        ok
=elapsed       0.000008s
=case          ejabberd_SUITE:init_per_group
=logfile       ejabberd_suite.init_per_group.29411.html
=group_props   [{name,privacy_deny_bare_jid},parallel]
=started       2024-12-18 20:33:18
=ended         2024-12-18 20:33:18
=result        ok
=elapsed       0.000002s
=case          ejabberd_SUITE:privacy_deny_bare_jid_master
=logfile       ejabberd_suite.privacy_deny_bare_jid_master.29443.html
=started       2024-12-18 20:33:18
=ended         2024-12-18 20:33:19
=result        ok
=elapsed       1.151516s
=case          ejabberd_SUITE:privacy_deny_bare_jid_slave
=logfile       ejabberd_suite.privacy_deny_bare_jid_slave.29475.html
=started       2024-12-18 20:33:18
=ended         2024-12-18 20:33:19
=result        ok
=elapsed       1.148719s
=case          ejabberd_SUITE:end_per_group
=logfile       ejabberd_suite.end_per_group.29571.html
=group_props   [{name,privacy_deny_bare_jid},parallel]
=started       2024-12-18 20:33:19
=ended         2024-12-18 20:33:19
=result        ok
=elapsed       0.000002s
=group_time    1.212s
=case          ejabberd_SUITE:init_per_group
=logfile       ejabberd_suite.init_per_group.29284.html
=group_props   [{name,privacy_deny_full_jid},parallel]
=started       2024-12-18 20:33:19
=ended         2024-12-18 20:33:19
=result        ok
=elapsed       0.000002s
=case          ejabberd_SUITE:privacy_deny_full_jid_master
=logfile       ejabberd_suite.privacy_deny_full_jid_master.29316.html
=started       2024-12-18 20:33:19
=ended         2024-12-18 20:33:20
=result        ok
=elapsed       1.162019s
=case          ejabberd_SUITE:privacy_deny_full_jid_slave
=logfile       ejabberd_suite.privacy_deny_full_jid_slave.29348.html
=started       2024-12-18 20:33:19
=ended         2024-12-18 20:33:20
=result        ok
=elapsed       1.158385s
=case          ejabberd_SUITE:end_per_group
=logfile       ejabberd_suite.end_per_group.29444.html
=group_props   [{name,privacy_deny_full_jid},parallel]
=started       2024-12-18 20:33:20
=ended         2024-12-18 20:33:20
=result        ok
=elapsed       0.000002s
=group_time    1.221s
=case          ejabberd_SUITE:init_per_group
=logfile       ejabberd_suite.init_per_group.29476.html
=group_props   [{name,privacy_deny_server_bare_jid},parallel]
=started       2024-12-18 20:33:20
=ended         2024-12-18 20:33:20
=result        ok
=elapsed       0.000002s
=case          ejabberd_SUITE:privacy_deny_server_bare_jid_master
=logfile       ejabberd_suite.privacy_deny_server_bare_jid_master.29508.html
=started       2024-12-18 20:33:21
=ended         2024-12-18 20:33:22
=result        ok
=elapsed       1.155470s
=case          ejabberd_SUITE:privacy_deny_server_bare_jid_slave
=logfile       ejabberd_suite.privacy_deny_server_bare_jid_slave.29603.html
=started       2024-12-18 20:33:21
=ended         2024-12-18 20:33:22
=result        ok
=elapsed       1.151903s
=case          ejabberd_SUITE:end_per_group
=logfile       ejabberd_suite.end_per_group.29699.html
=group_props   [{name,privacy_deny_server_bare_jid},parallel]
=started       2024-12-18 20:33:22
=ended         2024-12-18 20:33:22
=result        ok
=elapsed       0.000002s
=group_time    1.216s
=case          ejabberd_SUITE:init_per_group
=logfile       ejabberd_suite.init_per_group.29731.html
=group_props   [{name,privacy_deny_server_full_jid},parallel]
=started       2024-12-18 20:33:22
=ended         2024-12-18 20:33:22
=result        ok
=elapsed       0.000003s
=case          ejabberd_SUITE:privacy_deny_server_full_jid_master
=logfile       ejabberd_suite.privacy_deny_server_full_jid_master.29763.html
=started       2024-12-18 20:33:22
=ended         2024-12-18 20:33:23
=result        ok
=elapsed       1.153129s
=case          ejabberd_SUITE:privacy_deny_server_full_jid_slave
=logfile       ejabberd_suite.privacy_deny_server_full_jid_slave.29795.html
=started       2024-12-18 20:33:22
=ended         2024-12-18 20:33:23
=result        ok
=elapsed       1.150987s
=case          ejabberd_SUITE:end_per_group
=logfile       ejabberd_suite.end_per_group.29955.html
=group_props   [{name,privacy_deny_server_full_jid},parallel]
=started       2024-12-18 20:33:23
=ended         2024-12-18 20:33:23
=result        ok
=elapsed       0.000002s
=group_time    1.214s
=case          ejabberd_SUITE:init_per_group
=logfile       ejabberd_suite.init_per_group.35746.html
=group_props   [{name,privacy_deny_group},parallel]
=started       2024-12-18 20:33:23
=ended         2024-12-18 20:33:23
=result        ok
=elapsed       0.000002s
=case          ejabberd_SUITE:privacy_deny_group_master
=logfile       ejabberd_suite.privacy_deny_group_master.35778.html
=started       2024-12-18 20:33:23
=ended         2024-12-18 20:33:24
=result        ok
=elapsed       1.161726s
=case          ejabberd_SUITE:privacy_deny_group_slave
=logfile       ejabberd_suite.privacy_deny_group_slave.29604.html
=started       2024-12-18 20:33:23
=ended         2024-12-18 20:33:24
=result        ok
=elapsed       1.158092s
=case          ejabberd_SUITE:end_per_group
=logfile       ejabberd_suite.end_per_group.29668.html
=group_props   [{name,privacy_deny_group},parallel]
=started       2024-12-18 20:33:24
=ended         2024-12-18 20:33:24
=result        ok
=elapsed       0.000006s
=group_time    1.223s
=case          ejabberd_SUITE:init_per_group
=logfile       ejabberd_suite.init_per_group.29700.html
=group_props   [{name,privacy_deny_sub_both},parallel]
=started       2024-12-18 20:33:24
=ended         2024-12-18 20:33:24
=result        ok
=elapsed       0.000003s
=case          ejabberd_SUITE:privacy_deny_sub_both_master
=logfile       ejabberd_suite.privacy_deny_sub_both_master.29732.html
=started       2024-12-18 20:33:24
=ended         2024-12-18 20:33:25
=result        ok
=elapsed       1.179099s
=case          ejabberd_SUITE:privacy_deny_sub_both_slave
=logfile       ejabberd_suite.privacy_deny_sub_both_slave.29764.html
=started       2024-12-18 20:33:24
=ended         2024-12-18 20:33:25
=result        ok
=elapsed       1.174771s
=case          ejabberd_SUITE:end_per_group
=logfile       ejabberd_suite.end_per_group.30115.html
=group_props   [{name,privacy_deny_sub_both},parallel]
=started       2024-12-18 20:33:25
=ended         2024-12-18 20:33:25
=result        ok
=elapsed       0.000002s
=group_time    1.238s
=case          ejabberd_SUITE:init_per_group
=logfile       ejabberd_suite.init_per_group.30147.html
=group_props   [{name,privacy_deny_sub_from},parallel]
=started       2024-12-18 20:33:25
=ended         2024-12-18 20:33:25
=result        ok
=elapsed       0.000002s
=case          ejabberd_SUITE:privacy_deny_sub_from_master
=logfile       ejabberd_suite.privacy_deny_sub_from_master.30179.html
=started       2024-12-18 20:33:25
=ended         2024-12-18 20:33:27
=result        ok
=elapsed       1.172361s
=case          ejabberd_SUITE:privacy_deny_sub_from_slave
=logfile       ejabberd_suite.privacy_deny_sub_from_slave.30211.html
=started       2024-12-18 20:33:25
=ended         2024-12-18 20:33:27
=result        ok
=elapsed       1.169283s
=case          ejabberd_SUITE:end_per_group
=logfile       ejabberd_suite.end_per_group.30307.html
=group_props   [{name,privacy_deny_sub_from},parallel]
=started       2024-12-18 20:33:27
=ended         2024-12-18 20:33:27
=result        ok
=elapsed       0.000002s
=group_time    1.231s
=case          ejabberd_SUITE:init_per_group
=logfile       ejabberd_suite.init_per_group.29924.html
=group_props   [{name,privacy_deny_sub_to},parallel]
=started       2024-12-18 20:33:27
=ended         2024-12-18 20:33:27
=result        ok
=elapsed       0.000003s
=case          ejabberd_SUITE:privacy_deny_sub_to_master
=logfile       ejabberd_suite.privacy_deny_sub_to_master.29956.html
=started       2024-12-18 20:33:27
=ended         2024-12-18 20:33:28
=result        ok
=elapsed       1.155305s
=case          ejabberd_SUITE:privacy_deny_sub_to_slave
=logfile       ejabberd_suite.privacy_deny_sub_to_slave.29988.html
=started       2024-12-18 20:33:27
=ended         2024-12-18 20:33:28
=result        ok
=elapsed       1.153071s
=case          ejabberd_SUITE:end_per_group
=logfile       ejabberd_suite.end_per_group.30020.html
=group_props   [{name,privacy_deny_sub_to},parallel]
=started       2024-12-18 20:33:28
=ended         2024-12-18 20:33:28
=result        ok
=elapsed       0.000007s
=group_time    1.217s
=case          ejabberd_SUITE:init_per_group
=logfile       ejabberd_suite.init_per_group.30052.html
=group_props   [{name,privacy_deny_sub_none},parallel]
=started       2024-12-18 20:33:28
=ended         2024-12-18 20:33:28
=result        ok
=elapsed       0.000002s
=case          ejabberd_SUITE:privacy_deny_sub_none_master
=logfile       ejabberd_suite.privacy_deny_sub_none_master.30084.html
=started       2024-12-18 20:33:28
=ended         2024-12-18 20:33:29
=result        ok
=elapsed       1.160430s
=case          ejabberd_SUITE:privacy_deny_sub_none_slave
=logfile       ejabberd_suite.privacy_deny_sub_none_slave.30531.html
=started       2024-12-18 20:33:28
=ended         2024-12-18 20:33:29
=result        ok
=elapsed       1.157337s
=case          ejabberd_SUITE:end_per_group
=logfile       ejabberd_suite.end_per_group.30627.html
=group_props   [{name,privacy_deny_sub_none},parallel]
=started       2024-12-18 20:33:29
=ended         2024-12-18 20:33:29
=result        ok
=elapsed       0.000008s
=group_time    1.220s
=case          ejabberd_SUITE:init_per_group
=logfile       ejabberd_suite.init_per_group.36322.html
=group_props   [{name,privacy_deny_all},parallel]
=started       2024-12-18 20:33:29
=ended         2024-12-18 20:33:29
=result        ok
=elapsed       0.000003s
=case          ejabberd_SUITE:privacy_deny_all_master
=logfile       ejabberd_suite.privacy_deny_all_master.30180.html
=started       2024-12-18 20:33:29
=ended         2024-12-18 20:33:30
=result        ok
=elapsed       1.165303s
=case          ejabberd_SUITE:privacy_deny_all_slave
=logfile       ejabberd_suite.privacy_deny_all_slave.30212.html
=started       2024-12-18 20:33:29
=ended         2024-12-18 20:33:30
=result        ok
=elapsed       1.163230s
=case          ejabberd_SUITE:end_per_group
=logfile       ejabberd_suite.end_per_group.30340.html
=group_props   [{name,privacy_deny_all},parallel]
=started       2024-12-18 20:33:30
=ended         2024-12-18 20:33:30
=result        ok
=elapsed       0.000002s
=group_time    1.226s
=case          ejabberd_SUITE:init_per_group
=logfile       ejabberd_suite.init_per_group.30372.html
=group_props   [{name,privacy_deny_offline},parallel]
=started       2024-12-18 20:33:30
=ended         2024-12-18 20:33:30
=result        ok
=elapsed       0.000002s
=case          ejabberd_SUITE:privacy_deny_offline_master
=logfile       ejabberd_suite.privacy_deny_offline_master.30404.html
=started       2024-12-18 20:33:30
=ended         2024-12-18 20:33:31
=result        ok
=elapsed       0.244955s
=case          ejabberd_SUITE:privacy_deny_offline_slave
=logfile       ejabberd_suite.privacy_deny_offline_slave.30691.html
=started       2024-12-18 20:33:30
=ended         2024-12-18 20:33:31
=result        ok
=elapsed       0.346141s
=case          ejabberd_SUITE:end_per_group
=logfile       ejabberd_suite.end_per_group.30755.html
=group_props   [{name,privacy_deny_offline},parallel]
=started       2024-12-18 20:33:31
=ended         2024-12-18 20:33:31
=result        ok
=elapsed       0.000003s
=group_time    0.406s
=case          ejabberd_SUITE:init_per_group
=logfile       ejabberd_suite.init_per_group.30787.html
=group_props   [{name,privacy_block},parallel]
=started       2024-12-18 20:33:31
=ended         2024-12-18 20:33:31
=result        ok
=elapsed       0.000002s
=case          ejabberd_SUITE:privacy_block_master
=logfile       ejabberd_suite.privacy_block_master.30819.html
=started       2024-12-18 20:33:31
=ended         2024-12-18 20:33:31
=result        ok
=elapsed       0.437444s
=case          ejabberd_SUITE:privacy_block_slave
=logfile       ejabberd_suite.privacy_block_slave.30851.html
=started       2024-12-18 20:33:31
=ended         2024-12-18 20:33:31
=result        ok
=elapsed       0.437444s
=case          ejabberd_SUITE:end_per_group
=logfile       ejabberd_suite.end_per_group.30915.html
=group_props   [{name,privacy_block},parallel]
=started       2024-12-18 20:33:31
=ended         2024-12-18 20:33:31
=result        ok
=elapsed       0.000003s
=group_time    0.498s
=case          ejabberd_SUITE:init_per_group
=logfile       ejabberd_suite.init_per_group.30947.html
=group_props   [{name,privacy_unblock},parallel]
=started       2024-12-18 20:33:31
=ended         2024-12-18 20:33:31
=result        ok
=elapsed       0.000003s
=case          ejabberd_SUITE:privacy_unblock_master
=logfile       ejabberd_suite.privacy_unblock_master.30979.html
=started       2024-12-18 20:33:31
=ended         2024-12-18 20:33:32
=result        ok
=elapsed       0.204762s
=case          ejabberd_SUITE:privacy_unblock_slave
=logfile       ejabberd_suite.privacy_unblock_slave.36546.html
=started       2024-12-18 20:33:31
=ended         2024-12-18 20:33:32
=result        ok
=elapsed       0.201804s
=case          ejabberd_SUITE:end_per_group
=logfile       ejabberd_suite.end_per_group.36674.html
=group_props   [{name,privacy_unblock},parallel]
=started       2024-12-18 20:33:32
=ended         2024-12-18 20:33:32
=result        ok
=elapsed       0.000002s
=group_time    0.266s
=case          ejabberd_SUITE:init_per_group
=logfile       ejabberd_suite.init_per_group.30596.html
=group_props   [{name,privacy_unblock_all},parallel]
=started       2024-12-18 20:33:32
=ended         2024-12-18 20:33:32
=result        ok
=elapsed       0.000003s
=case          ejabberd_SUITE:privacy_unblock_all_master
=logfile       ejabberd_suite.privacy_unblock_all_master.30628.html
=started       2024-12-18 20:33:32
=ended         2024-12-18 20:33:32
=result        ok
=elapsed       0.204365s
=case          ejabberd_SUITE:privacy_unblock_all_slave
=logfile       ejabberd_suite.privacy_unblock_all_slave.30660.html
=started       2024-12-18 20:33:32
=ended         2024-12-18 20:33:32
=result        ok
=elapsed       0.201317s
=case          ejabberd_SUITE:end_per_group
=logfile       ejabberd_suite.end_per_group.30724.html
=group_props   [{name,privacy_unblock_all},parallel]
=started       2024-12-18 20:33:32
=ended         2024-12-18 20:33:32
=result        ok
=elapsed       0.000002s
=group_time    0.265s
=case          ejabberd_SUITE:end_per_group
=logfile       ejabberd_suite.end_per_group.30756.html
=group_props   [{name,privacy_master_slave},sequence]
=started       2024-12-18 20:33:32
=ended         2024-12-18 20:33:32
=result        ok
=elapsed       0.000002s
=group_time    14.030s
=case          ejabberd_SUITE:init_per_group
=logfile       ejabberd_suite.init_per_group.30788.html
=group_props   [{name,pubsub_master_slave},sequence]
=started       2024-12-18 20:33:32
=ended         2024-12-18 20:33:32
=result        ok
=elapsed       0.000015s
=case          ejabberd_SUITE:init_per_group
=logfile       ejabberd_suite.init_per_group.30820.html
=group_props   [{name,pubsub_publish},parallel]
=started       2024-12-18 20:33:32
=ended         2024-12-18 20:33:32
=result        ok
=elapsed       0.000001s
=case          ejabberd_SUITE:pubsub_publish_master
=logfile       ejabberd_suite.pubsub_publish_master.30852.html
=started       2024-12-18 20:33:32
=ended         2024-12-18 20:33:32
=result        ok
=elapsed       0.120889s
=case          ejabberd_SUITE:pubsub_publish_slave
=logfile       ejabberd_suite.pubsub_publish_slave.30884.html
=started       2024-12-18 20:33:32
=ended         2024-12-18 20:33:32
=result        ok
=elapsed       0.118444s
=case          ejabberd_SUITE:end_per_group
=logfile       ejabberd_suite.end_per_group.30948.html
=group_props   [{name,pubsub_publish},parallel]
=started       2024-12-18 20:33:32
=ended         2024-12-18 20:33:32
=result        ok
=elapsed       0.000006s
=group_time    0.183s
=case          ejabberd_SUITE:init_per_group
=logfile       ejabberd_suite.init_per_group.30980.html
=group_props   [{name,pubsub_subscriptions},parallel]
=started       2024-12-18 20:33:32
=ended         2024-12-18 20:33:32
=result        ok
=elapsed       0.000002s
=case          ejabberd_SUITE:pubsub_subscriptions_master
=logfile       ejabberd_suite.pubsub_subscriptions_master.31012.html
=started       2024-12-18 20:33:32
=ended         2024-12-18 20:33:32
=result        ok
=elapsed       0.142845s
=case          ejabberd_SUITE:pubsub_subscriptions_slave
=logfile       ejabberd_suite.pubsub_subscriptions_slave.31044.html
=started       2024-12-18 20:33:32
=ended         2024-12-18 20:33:32
=result        ok
=elapsed       0.135914s
=case          ejabberd_SUITE:end_per_group
=logfile       ejabberd_suite.end_per_group.31140.html
=group_props   [{name,pubsub_subscriptions},parallel]
=started       2024-12-18 20:33:32
=ended         2024-12-18 20:33:32
=result        ok
=elapsed       0.000008s
=group_time    0.203s
=case          ejabberd_SUITE:init_per_group
=logfile       ejabberd_suite.init_per_group.31172.html
=group_props   [{name,pubsub_affiliations},parallel]
=started       2024-12-18 20:33:32
=ended         2024-12-18 20:33:33
=result        ok
=elapsed       0.000002s
=case          ejabberd_SUITE:pubsub_affiliations_master
=logfile       ejabberd_suite.pubsub_affiliations_master.31204.html
=started       2024-12-18 20:33:33
=ended         2024-12-18 20:33:34
=result        ok
=elapsed       1.715687s
=case          ejabberd_SUITE:pubsub_affiliations_slave
=logfile       ejabberd_suite.pubsub_affiliations_slave.31203.html
=started       2024-12-18 20:33:33
=ended         2024-12-18 20:33:34
=result        ok
=elapsed       1.730132s
=case          ejabberd_SUITE:end_per_group
=logfile       ejabberd_suite.end_per_group.31267.html
=group_props   [{name,pubsub_affiliations},parallel]
=started       2024-12-18 20:33:34
=ended         2024-12-18 20:33:34
=result        ok
=elapsed       0.000002s
=group_time    1.791s
=case          ejabberd_SUITE:init_per_group
=logfile       ejabberd_suite.init_per_group.36802.html
=group_props   [{name,pubsub_authorize},parallel]
=started       2024-12-18 20:33:34
=ended         2024-12-18 20:33:34
=result        ok
=elapsed       0.000002s
=case          ejabberd_SUITE:pubsub_authorize_master
=logfile       ejabberd_suite.pubsub_authorize_master.36834.html
=started       2024-12-18 20:33:34
=ended         2024-12-18 20:33:35
=result        ok
=elapsed       0.208214s
=case          ejabberd_SUITE:pubsub_authorize_slave
=logfile       ejabberd_suite.pubsub_authorize_slave.36866.html
=started       2024-12-18 20:33:34
=ended         2024-12-18 20:33:35
=result        ok
=elapsed       0.162448s
=case          ejabberd_SUITE:end_per_group
=logfile       ejabberd_suite.end_per_group.36962.html
=group_props   [{name,pubsub_authorize},parallel]
=started       2024-12-18 20:33:35
=ended         2024-12-18 20:33:35
=result        ok
=elapsed       0.000002s
=group_time    0.269s
=case          ejabberd_SUITE:end_per_group
=logfile       ejabberd_suite.end_per_group.36994.html
=group_props   [{name,pubsub_master_slave},sequence]
=started       2024-12-18 20:33:35
=ended         2024-12-18 20:33:35
=result        ok
=elapsed       0.000002s
=group_time    2.573s
=case          ejabberd_SUITE:init_per_group
=logfile       ejabberd_suite.init_per_group.37026.html
=group_props   [{name,roster_master_slave},sequence]
=started       2024-12-18 20:33:35
=ended         2024-12-18 20:33:35
=result        ok
=elapsed       0.000003s
=case          ejabberd_SUITE:init_per_group
=logfile       ejabberd_suite.init_per_group.37058.html
=group_props   [{name,roster_subscribe},parallel]
=started       2024-12-18 20:33:35
=ended         2024-12-18 20:33:35
=result        ok
=elapsed       0.000002s
=case          ejabberd_SUITE:roster_subscribe_master
=logfile       ejabberd_suite.roster_subscribe_master.37090.html
=started       2024-12-18 20:33:35
=ended         2024-12-18 20:33:47
=result        ok
=elapsed       12.745103s
=case          ejabberd_SUITE:roster_subscribe_slave
=logfile       ejabberd_suite.roster_subscribe_slave.31331.html
=started       2024-12-18 20:33:35
=ended         2024-12-18 20:33:47
=result        ok
=elapsed       12.745983s
=case          ejabberd_SUITE:end_per_group
=logfile       ejabberd_suite.end_per_group.31684.html
=group_props   [{name,roster_subscribe},parallel]
=started       2024-12-18 20:33:47
=ended         2024-12-18 20:33:47
=result        ok
=elapsed       0.000006s
=group_time    12.807s
=case          ejabberd_SUITE:end_per_group
=logfile       ejabberd_suite.end_per_group.31716.html
=group_props   [{name,roster_master_slave},sequence]
=started       2024-12-18 20:33:47
=ended         2024-12-18 20:33:47
=result        ok
=elapsed       0.000006s
=group_time    12.857s
=case          ejabberd_SUITE:init_per_group
=logfile       ejabberd_suite.init_per_group.31748.html
=group_props   [{name,offline_master_slave},sequence]
=started       2024-12-18 20:33:48
=ended         2024-12-18 20:33:48
=result        ok
=elapsed       0.000003s
=case          ejabberd_SUITE:init_per_group
=logfile       ejabberd_suite.init_per_group.33379.html
=group_props   [{name,offline_flex},parallel]
=started       2024-12-18 20:33:48
=ended         2024-12-18 20:33:48
=result        ok
=elapsed       0.000002s
=case          ejabberd_SUITE:offline_flex_master
=logfile       ejabberd_suite.offline_flex_master.31780.html
=started       2024-12-18 20:33:48
=ended         2024-12-18 20:33:48
=result        ok
=elapsed       0.205803s
=case          ejabberd_SUITE:offline_flex_slave
=logfile       ejabberd_suite.offline_flex_slave.33411.html
=started       2024-12-18 20:33:48
=ended         2024-12-18 20:33:48
=result        ok
=elapsed       0.326432s
=case          ejabberd_SUITE:end_per_group
=logfile       ejabberd_suite.end_per_group.33475.html
=group_props   [{name,offline_flex},parallel]
=started       2024-12-18 20:33:48
=ended         2024-12-18 20:33:48
=result        ok
=elapsed       0.000002s
=group_time    0.388s
=case          ejabberd_SUITE:init_per_group
=logfile       ejabberd_suite.init_per_group.33507.html
=group_props   [{name,offline_send_all},parallel]
=started       2024-12-18 20:33:48
=ended         2024-12-18 20:33:48
=result        ok
=elapsed       0.000003s
=case          ejabberd_SUITE:offline_send_all_master
=logfile       ejabberd_suite.offline_send_all_master.31812.html
=started       2024-12-18 20:33:48
=ended         2024-12-18 20:34:02
=result        ok
=elapsed       13.688140s
=case          ejabberd_SUITE:offline_send_all_slave
=logfile       ejabberd_suite.offline_send_all_slave.33539.html
=started       2024-12-18 20:33:48
=ended         2024-12-18 20:34:02
=result        ok
=elapsed       13.842000s
=case          ejabberd_SUITE:end_per_group
=logfile       ejabberd_suite.end_per_group.33635.html
=group_props   [{name,offline_send_all},parallel]
=started       2024-12-18 20:34:02
=ended         2024-12-18 20:34:02
=result        ok
=elapsed       0.000002s
=group_time    13.902s
=case          ejabberd_SUITE:init_per_group
=logfile       ejabberd_suite.init_per_group.33667.html
=group_props   [{name,offline_from_mam},parallel]
=started       2024-12-18 20:34:02
=ended         2024-12-18 20:34:02
=result        ok
=elapsed       0.000003s
=case          ejabberd_SUITE:offline_from_mam_master
=logfile       ejabberd_suite.offline_from_mam_master.33699.html
=started       2024-12-18 20:34:02
=ended         2024-12-18 20:34:16
=result        ok
=elapsed       13.801322s
=case          ejabberd_SUITE:offline_from_mam_slave
=logfile       ejabberd_suite.offline_from_mam_slave.33731.html
=started       2024-12-18 20:34:02
=ended         2024-12-18 20:34:16
=result        ok
=elapsed       13.996159s
=case          ejabberd_SUITE:end_per_group
=logfile       ejabberd_suite.end_per_group.33859.html
=group_props   [{name,offline_from_mam},parallel]
=started       2024-12-18 20:34:16
=ended         2024-12-18 20:34:16
=result        ok
=elapsed       0.000002s
=group_time    14.057s
=case          ejabberd_SUITE:init_per_group
=logfile       ejabberd_suite.init_per_group.39618.html
=group_props   [{name,offline_mucsub_mam},parallel]
=started       2024-12-18 20:34:16
=ended         2024-12-18 20:34:16
=result        ok
=elapsed       0.000003s
=case          ejabberd_SUITE:offline_mucsub_mam_master
=logfile       ejabberd_suite.offline_mucsub_mam_master.17189.html
=started       2024-12-18 20:34:16
=ended         2024-12-18 20:34:16
=result        ok
=elapsed       0.254423s
=case          ejabberd_SUITE:offline_mucsub_mam_slave
=logfile       ejabberd_suite.offline_mucsub_mam_slave.39650.html
=started       2024-12-18 20:34:16
=ended         2024-12-18 20:34:16
=result        ok
=elapsed       0.248490s
=case          ejabberd_SUITE:end_per_group
=logfile       ejabberd_suite.end_per_group.39746.html
=group_props   [{name,offline_mucsub_mam},parallel]
=started       2024-12-18 20:34:16
=ended         2024-12-18 20:34:16
=result        ok
=elapsed       0.000002s
=group_time    0.314s
=case          ejabberd_SUITE:end_per_group
=logfile       ejabberd_suite.end_per_group.39778.html
=group_props   [{name,offline_master_slave},sequence]
=started       2024-12-18 20:34:16
=ended         2024-12-18 20:34:16
=result        ok
=elapsed       0.000002s
=group_time    28.787s
=case          ejabberd_SUITE:init_per_group
=logfile       ejabberd_suite.init_per_group.31908.html
=group_props   [{name,mam_master_slave},sequence]
=started       2024-12-18 20:34:16
=ended         2024-12-18 20:34:16
=result        ok
=elapsed       0.000003s
=case          ejabberd_SUITE:init_per_group
=logfile       ejabberd_suite.init_per_group.31940.html
=group_props   [{name,mam_archived_and_stanza_id},parallel]
=started       2024-12-18 20:34:16
=ended         2024-12-18 20:34:16
=result        ok
=elapsed       0.000002s
=case          ejabberd_SUITE:mam_archived_and_stanza_id_master
=logfile       ejabberd_suite.mam_archived_and_stanza_id_master.31972.html
=started       2024-12-18 20:34:16
=ended         2024-12-18 20:34:17
=result        ok
=elapsed       0.157815s
=case          ejabberd_SUITE:mam_archived_and_stanza_id_slave
=logfile       ejabberd_suite.mam_archived_and_stanza_id_slave.32004.html
=started       2024-12-18 20:34:16
=ended         2024-12-18 20:34:17
=result        ok
=elapsed       0.163436s
=case          ejabberd_SUITE:end_per_group
=logfile       ejabberd_suite.end_per_group.32100.html
=group_props   [{name,mam_archived_and_stanza_id},parallel]
=started       2024-12-18 20:34:17
=ended         2024-12-18 20:34:17
=result        ok
=elapsed       0.000002s
=group_time    0.224s
=case          ejabberd_SUITE:init_per_group
=logfile       ejabberd_suite.init_per_group.32132.html
=group_props   [{name,mam_query_all},parallel]
=started       2024-12-18 20:34:17
=ended         2024-12-18 20:34:17
=result        ok
=elapsed       0.000002s
=case          ejabberd_SUITE:mam_query_all_master
=logfile       ejabberd_suite.mam_query_all_master.32164.html
=started       2024-12-18 20:34:17
=ended         2024-12-18 20:34:17
=result        ok
=elapsed       0.183247s
=case          ejabberd_SUITE:mam_query_all_slave
=logfile       ejabberd_suite.mam_query_all_slave.32196.html
=started       2024-12-18 20:34:17
=ended         2024-12-18 20:34:17
=result        ok
=elapsed       0.186743s
=case          ejabberd_SUITE:end_per_group
=logfile       ejabberd_suite.end_per_group.39906.html
=group_props   [{name,mam_query_all},parallel]
=started       2024-12-18 20:34:17
=ended         2024-12-18 20:34:17
=result        ok
=elapsed       0.000002s
=group_time    0.246s
=case          ejabberd_SUITE:init_per_group
=logfile       ejabberd_suite.init_per_group.39938.html
=group_props   [{name,mam_query_with},parallel]
=started       2024-12-18 20:34:17
=ended         2024-12-18 20:34:17
=result        ok
=elapsed       0.000002s
=case          ejabberd_SUITE:mam_query_with_master
=logfile       ejabberd_suite.mam_query_with_master.39970.html
=started       2024-12-18 20:34:17
=ended         2024-12-18 20:34:17
=result        ok
=elapsed       0.201976s
=case          ejabberd_SUITE:mam_query_with_slave
=logfile       ejabberd_suite.mam_query_with_slave.40002.html
=started       2024-12-18 20:34:17
=ended         2024-12-18 20:34:17
=result        ok
=elapsed       0.203499s
=case          ejabberd_SUITE:end_per_group
=logfile       ejabberd_suite.end_per_group.34051.html
=group_props   [{name,mam_query_with},parallel]
=started       2024-12-18 20:34:17
=ended         2024-12-18 20:34:17
=result        ok
=elapsed       0.000008s
=group_time    0.264s
=case          ejabberd_SUITE:init_per_group
=logfile       ejabberd_suite.init_per_group.32260.html
=group_props   [{name,mam_query_rsm_max},parallel]
=started       2024-12-18 20:34:17
=ended         2024-12-18 20:34:17
=result        ok
=elapsed       0.000003s
=case          ejabberd_SUITE:mam_query_rsm_max_master
=logfile       ejabberd_suite.mam_query_rsm_max_master.32292.html
=started       2024-12-18 20:34:17
=ended         2024-12-18 20:34:17
=result        ok
=elapsed       0.254732s
=case          ejabberd_SUITE:mam_query_rsm_max_slave
=logfile       ejabberd_suite.mam_query_rsm_max_slave.32324.html
=started       2024-12-18 20:34:17
=ended         2024-12-18 20:34:17
=result        ok
=elapsed       0.253449s
=case          ejabberd_SUITE:end_per_group
=logfile       ejabberd_suite.end_per_group.40098.html
=group_props   [{name,mam_query_rsm_max},parallel]
=started       2024-12-18 20:34:17
=ended         2024-12-18 20:34:17
=result        ok
=elapsed       0.000002s
=group_time    0.317s
=case          ejabberd_SUITE:init_per_group
=logfile       ejabberd_suite.init_per_group.40130.html
=group_props   [{name,mam_query_rsm_after},parallel]
=started       2024-12-18 20:34:17
=ended         2024-12-18 20:34:18
=result        ok
=elapsed       0.000002s
=case          ejabberd_SUITE:mam_query_rsm_after_master
=logfile       ejabberd_suite.mam_query_rsm_after_master.40162.html
=started       2024-12-18 20:34:18
=ended         2024-12-18 20:34:18
=result        ok
=elapsed       0.237735s
=case          ejabberd_SUITE:mam_query_rsm_after_slave
=logfile       ejabberd_suite.mam_query_rsm_after_slave.40194.html
=started       2024-12-18 20:34:18
=ended         2024-12-18 20:34:18
=result        ok
=elapsed       0.241420s
=case          ejabberd_SUITE:end_per_group
=logfile       ejabberd_suite.end_per_group.40258.html
=group_props   [{name,mam_query_rsm_after},parallel]
=started       2024-12-18 20:34:18
=ended         2024-12-18 20:34:18
=result        ok
=elapsed       0.000002s
=group_time    0.301s
=case          ejabberd_SUITE:init_per_group
=logfile       ejabberd_suite.init_per_group.40290.html
=group_props   [{name,mam_query_rsm_before},parallel]
=started       2024-12-18 20:34:18
=ended         2024-12-18 20:34:18
=result        ok
=elapsed       0.000002s
=case          ejabberd_SUITE:mam_query_rsm_before_master
=logfile       ejabberd_suite.mam_query_rsm_before_master.40322.html
=started       2024-12-18 20:34:18
=ended         2024-12-18 20:34:18
=result        ok
=elapsed       0.251755s
=case          ejabberd_SUITE:mam_query_rsm_before_slave
=logfile       ejabberd_suite.mam_query_rsm_before_slave.40354.html
=started       2024-12-18 20:34:18
=ended         2024-12-18 20:34:18
=result        ok
=elapsed       0.249191s
=case          ejabberd_SUITE:end_per_group
=logfile       ejabberd_suite.end_per_group.17381.html
=group_props   [{name,mam_query_rsm_before},parallel]
=started       2024-12-18 20:34:18
=ended         2024-12-18 20:34:18
=result        ok
=elapsed       0.000002s
=group_time    0.320s
=case          ejabberd_SUITE:init_per_group
=logfile       ejabberd_suite.init_per_group.17413.html
=group_props   [{name,mam_muc},parallel]
=started       2024-12-18 20:34:18
=ended         2024-12-18 20:34:18
=result        ok
=elapsed       0.000002s
=case          ejabberd_SUITE:mam_muc_master
=logfile       ejabberd_suite.mam_muc_master.17445.html
=started       2024-12-18 20:34:18
=ended         2024-12-18 20:34:18
=result        ok
=elapsed       0.166563s
=case          ejabberd_SUITE:mam_muc_slave
=logfile       ejabberd_suite.mam_muc_slave.17477.html
=started       2024-12-18 20:34:18
=ended         2024-12-18 20:34:18
=result        ok
=elapsed       0.159755s
=case          ejabberd_SUITE:end_per_group
=logfile       ejabberd_suite.end_per_group.17509.html
=group_props   [{name,mam_muc},parallel]
=started       2024-12-18 20:34:18
=ended         2024-12-18 20:34:18
=result        ok
=elapsed       0.000002s
=group_time    0.226s
=case          ejabberd_SUITE:init_per_group
=logfile       ejabberd_suite.init_per_group.17541.html
=group_props   [{name,mam_mucsub},parallel]
=started       2024-12-18 20:34:18
=ended         2024-12-18 20:34:18
=result        ok
=elapsed       0.000003s
=case          ejabberd_SUITE:mam_mucsub_master
=logfile       ejabberd_suite.mam_mucsub_master.32388.html
=started       2024-12-18 20:34:18
=ended         2024-12-18 20:34:19
=result        ok
=elapsed       0.155022s
=case          ejabberd_SUITE:mam_mucsub_slave
=logfile       ejabberd_suite.mam_mucsub_slave.32420.html
=started       2024-12-18 20:34:18
=ended         2024-12-18 20:34:19
=result        ok
=elapsed       0.151562s
=case          ejabberd_SUITE:end_per_group
=logfile       ejabberd_suite.end_per_group.32548.html
=group_props   [{name,mam_mucsub},parallel]
=started       2024-12-18 20:34:19
=ended         2024-12-18 20:34:19
=result        ok
=elapsed       0.000002s
=group_time    0.214s
=case          ejabberd_SUITE:init_per_group
=logfile       ejabberd_suite.init_per_group.32580.html
=group_props   [{name,mam_mucsub_from_muc},parallel]
=started       2024-12-18 20:34:19
=ended         2024-12-18 20:34:19
=result        ok
=elapsed       0.000002s
=case          ejabberd_SUITE:mam_mucsub_from_muc_master
=logfile       ejabberd_suite.mam_mucsub_from_muc_master.32612.html
=started       2024-12-18 20:34:19
=ended         2024-12-18 20:34:19
=result        ok
=elapsed       0.151071s
=case          ejabberd_SUITE:mam_mucsub_from_muc_slave
=logfile       ejabberd_suite.mam_mucsub_from_muc_slave.32644.html
=started       2024-12-18 20:34:19
=ended         2024-12-18 20:34:19
=result        ok
=elapsed       0.145908s
=case          ejabberd_SUITE:end_per_group
=logfile       ejabberd_suite.end_per_group.17669.html
=group_props   [{name,mam_mucsub_from_muc},parallel]
=started       2024-12-18 20:34:19
=ended         2024-12-18 20:34:19
=result        ok
=elapsed       0.000003s
=group_time    0.210s
=case          ejabberd_SUITE:init_per_group
=logfile       ejabberd_suite.init_per_group.17701.html
=group_props   [{name,mam_mucsub_from_muc_non_persistent},parallel]
=started       2024-12-18 20:34:19
=ended         2024-12-18 20:34:19
=result        ok
=elapsed       0.000003s
=case          ejabberd_SUITE:mam_mucsub_from_muc_non_persistent_master
=logfile       ejabberd_suite.mam_mucsub_from_muc_non_persistent_master.17733.html
=started       2024-12-18 20:34:19
=ended         2024-12-18 20:34:19
=result        ok
=elapsed       0.145021s
=case          ejabberd_SUITE:mam_mucsub_from_muc_non_persistent_slave
=logfile       ejabberd_suite.mam_mucsub_from_muc_non_persistent_slave.17765.html
=started       2024-12-18 20:34:19
=ended         2024-12-18 20:34:19
=result        ok
=elapsed       0.143156s
=case          ejabberd_SUITE:end_per_group
=logfile       ejabberd_suite.end_per_group.17797.html
=group_props   [{name,mam_mucsub_from_muc_non_persistent},parallel]
=started       2024-12-18 20:34:19
=ended         2024-12-18 20:34:19
=result        ok
=elapsed       0.000002s
=group_time    0.207s
=case          ejabberd_SUITE:end_per_group
=logfile       ejabberd_suite.end_per_group.17829.html
=group_props   [{name,mam_master_slave},sequence]
=started       2024-12-18 20:34:19
=ended         2024-12-18 20:34:19
=result        ok
=elapsed       0.000002s
=group_time    2.810s
=case          ejabberd_SUITE:init_per_group
=logfile       ejabberd_suite.init_per_group.17861.html
=group_props   [{name,announce_master_slave},sequence]
=started       2024-12-18 20:34:19
=ended         2024-12-18 20:34:19
=result        ok
=elapsed       0.000004s
=case          ejabberd_SUITE:init_per_group
=logfile       ejabberd_suite.init_per_group.17893.html
=group_props   [{name,announce_set_motd},parallel]
=started       2024-12-18 20:34:19
=ended         2024-12-18 20:34:19
=result        ok
=elapsed       0.000002s
=case          ejabberd_SUITE:announce_set_motd_master
=logfile       ejabberd_suite.announce_set_motd_master.17925.html
=started       2024-12-18 20:34:19
=ended         2024-12-18 20:34:19
=result        ok
=elapsed       0.115582s
=case          ejabberd_SUITE:announce_set_motd_slave
=logfile       ejabberd_suite.announce_set_motd_slave.17957.html
=started       2024-12-18 20:34:19
=ended         2024-12-18 20:34:19
=result        ok
=elapsed       0.114564s
=case          ejabberd_SUITE:end_per_group
=logfile       ejabberd_suite.end_per_group.32836.html
=group_props   [{name,announce_set_motd},parallel]
=started       2024-12-18 20:34:19
=ended         2024-12-18 20:34:19
=result        ok
=elapsed       0.000003s
=group_time    0.179s
=case          ejabberd_SUITE:end_per_group
=logfile       ejabberd_suite.end_per_group.32868.html
=group_props   [{name,announce_master_slave},sequence]
=started       2024-12-18 20:34:19
=ended         2024-12-18 20:34:19
=result        ok
=elapsed       0.000008s
=group_time    0.231s
=case          ejabberd_SUITE:init_per_group
=logfile       ejabberd_suite.init_per_group.32900.html
=group_props   [{name,push_master_slave},sequence]
=started       2024-12-18 20:34:19
=ended         2024-12-18 20:34:19
=result        ok
=elapsed       0.000003s
=case          ejabberd_SUITE:init_per_group
=logfile       ejabberd_suite.init_per_group.32932.html
=group_props   [{name,push_sm},parallel]
=started       2024-12-18 20:34:19
=ended         2024-12-18 20:34:19
=result        ok
=elapsed       0.000002s
=case          ejabberd_SUITE:push_sm_master
=logfile       ejabberd_suite.push_sm_master.18053.html
=started       2024-12-18 20:34:19
=ended         2024-12-18 20:34:28
=result        ok
=elapsed       8.113177s
=case          ejabberd_SUITE:push_sm_slave
=logfile       ejabberd_suite.push_sm_slave.18085.html
=started       2024-12-18 20:34:19
=ended         2024-12-18 20:34:19
=result        ok
=elapsed       0.005485s
=case          ejabberd_SUITE:end_per_group
=logfile       ejabberd_suite.end_per_group.18149.html
=group_props   [{name,push_sm},parallel]
=started       2024-12-18 20:34:28
=ended         2024-12-18 20:34:28
=result        ok
=elapsed       0.000007s
=group_time    8.175s
=case          ejabberd_SUITE:init_per_group
=logfile       ejabberd_suite.init_per_group.18181.html
=group_props   [{name,push_offline},parallel]
=started       2024-12-18 20:34:28
=ended         2024-12-18 20:34:28
=result        ok
=elapsed       0.000002s
=case          ejabberd_SUITE:push_offline_master
=logfile       ejabberd_suite.push_offline_master.18213.html
=started       2024-12-18 20:34:28
=ended         2024-12-18 20:34:28
=result        ok
=elapsed       0.257496s
=case          ejabberd_SUITE:push_offline_slave
=logfile       ejabberd_suite.push_offline_slave.18245.html
=started       2024-12-18 20:34:28
=ended         2024-12-18 20:34:28
=result        ok
=elapsed       0.109380s
=case          ejabberd_SUITE:end_per_group
=logfile       ejabberd_suite.end_per_group.18341.html
=group_props   [{name,push_offline},parallel]
=started       2024-12-18 20:34:28
=ended         2024-12-18 20:34:28
=result        ok
=elapsed       0.000002s
=group_time    0.318s
=case          ejabberd_SUITE:init_per_group
=logfile       ejabberd_suite.init_per_group.18373.html
=group_props   [{name,push_mam},parallel]
=started       2024-12-18 20:34:28
=ended         2024-12-18 20:34:28
=result        ok
=elapsed       0.000002s
=case          ejabberd_SUITE:push_mam_master
=logfile       ejabberd_suite.push_mam_master.18405.html
=started       2024-12-18 20:34:28
=ended         2024-12-18 20:34:28
=result        ok
=elapsed       0.150495s
=case          ejabberd_SUITE:push_mam_slave
=logfile       ejabberd_suite.push_mam_slave.18437.html
=started       2024-12-18 20:34:28
=ended         2024-12-18 20:34:28
=result        ok
=elapsed       0.261257s
=case          ejabberd_SUITE:end_per_group
=logfile       ejabberd_suite.end_per_group.33028.html
=group_props   [{name,push_mam},parallel]
=started       2024-12-18 20:34:28
=ended         2024-12-18 20:34:28
=result        ok
=elapsed       0.000002s
=group_time    0.328s
=case          ejabberd_SUITE:end_per_group
=logfile       ejabberd_suite.end_per_group.33060.html
=group_props   [{name,push_master_slave},sequence]
=started       2024-12-18 20:34:28
=ended         2024-12-18 20:34:28
=result        ok
=elapsed       0.000002s
=group_time    8.922s
=case          ejabberd_SUITE:end_per_group
=logfile       ejabberd_suite.end_per_group.33092.html
=group_props   [{name,mysql},sequence]
=started       2024-12-18 20:34:28
=ended         2024-12-18 20:34:28
=result        ok
=elapsed       0.000878s
=group_time    98.485s
=case          ejabberd_SUITE:init_per_group
=logfile       ejabberd_suite.init_per_group.33124.html
=group_props   [{name,mssql},sequence]
=started       2024-12-18 20:34:28
=ended         2024-12-18 20:34:28
=result        skipped: {disabled_backend,mssql}
=elapsed       0.000001s
=== *** SKIPPED {ejabberd_SUITE,init_per_group} ***
=== 
=case          ejabberd_SUITE:test_register
=group_props   [{name,"single_user"}]
=started       2024-12-18 20:34:28
=result        skipped: {disabled_backend,mssql}
=== *** Skipping test case #866 {ejabberd_SUITE,test_register} ***
=== 
=case          ejabberd_SUITE:test_legacy_auth_feature
=group_props   [{name,"legacy_auth"}]
=started       2024-12-18 20:34:28
=result        skipped: {disabled_backend,mssql}
=== *** Skipping test case #867 {ejabberd_SUITE,test_legacy_auth_feature} ***
=== 
=case          ejabberd_SUITE:test_legacy_auth
=group_props   [{name,"legacy_auth"}]
=started       2024-12-18 20:34:28
=result        skipped: {disabled_backend,mssql}
=== *** Skipping test case #868 {ejabberd_SUITE,test_legacy_auth} ***
=== 
=case          ejabberd_SUITE:test_legacy_auth_digest
=group_props   [{name,"legacy_auth"}]
=started       2024-12-18 20:34:28
=result        skipped: {disabled_backend,mssql}
=== *** Skipping test case #869 {ejabberd_SUITE,test_legacy_auth_digest} ***
=== 
=case          ejabberd_SUITE:test_legacy_auth_no_resource
=group_props   [{name,"legacy_auth"}]
=started       2024-12-18 20:34:28
=result        skipped: {disabled_backend,mssql}
=== *** Skipping test case #870 {ejabberd_SUITE,test_legacy_auth_no_resource} ***
=== 
=case          ejabberd_SUITE:test_legacy_auth_bad_jid
=group_props   [{name,"legacy_auth"}]
=started       2024-12-18 20:34:28
=result        skipped: {disabled_backend,mssql}
=== *** Skipping test case #871 {ejabberd_SUITE,test_legacy_auth_bad_jid} ***
=== 
=case          ejabberd_SUITE:test_legacy_auth_fail
=group_props   [{name,"legacy_auth"}]
=started       2024-12-18 20:34:28
=result        skipped: {disabled_backend,mssql}
=== *** Skipping test case #872 {ejabberd_SUITE,test_legacy_auth_fail} ***
=== 
=case          ejabberd_SUITE:auth_plain
=group_props   [{name,"single_user"}]
=started       2024-12-18 20:34:28
=result        skipped: {disabled_backend,mssql}
=== *** Skipping test case #873 {ejabberd_SUITE,auth_plain} ***
=== 
=case          ejabberd_SUITE:auth_md5
=group_props   [{name,"single_user"}]
=started       2024-12-18 20:34:28
=result        skipped: {disabled_backend,mssql}
=== *** Skipping test case #874 {ejabberd_SUITE,auth_md5} ***
=== 
=case          ejabberd_SUITE:presence_broadcast
=group_props   [{name,"single_user"}]
=started       2024-12-18 20:34:28
=result        skipped: {disabled_backend,mssql}
=== *** Skipping test case #875 {ejabberd_SUITE,presence_broadcast} ***
=== 
=case          ejabberd_SUITE:last
=group_props   [{name,"single_user"}]
=started       2024-12-18 20:34:28
=result        skipped: {disabled_backend,mssql}
=== *** Skipping test case #876 {ejabberd_SUITE,last} ***
=== 
=case          ejabberd_SUITE:webadmin_login_page
=group_props   [{name,"webadmin_single"}]
=started       2024-12-18 20:34:28
=result        skipped: {disabled_backend,mssql}
=== *** Skipping test case #877 {ejabberd_SUITE,webadmin_login_page} ***
=== 
=case          ejabberd_SUITE:webadmin_welcome_page
=group_props   [{name,"webadmin_single"}]
=started       2024-12-18 20:34:28
=result        skipped: {disabled_backend,mssql}
=== *** Skipping test case #878 {ejabberd_SUITE,webadmin_welcome_page} ***
=== 
=case          ejabberd_SUITE:webadmin_user_page
=group_props   [{name,"webadmin_single"}]
=started       2024-12-18 20:34:28
=result        skipped: {disabled_backend,mssql}
=== *** Skipping test case #879 {ejabberd_SUITE,webadmin_user_page} ***
=== 
=case          ejabberd_SUITE:webadmin_adduser
=group_props   [{name,"webadmin_single"}]
=started       2024-12-18 20:34:28
=result        skipped: {disabled_backend,mssql}
=== *** Skipping test case #880 {ejabberd_SUITE,webadmin_adduser} ***
=== 
=case          ejabberd_SUITE:webadmin_changepassword
=group_props   [{name,"webadmin_single"}]
=started       2024-12-18 20:34:28
=result        skipped: {disabled_backend,mssql}
=== *** Skipping test case #881 {ejabberd_SUITE,webadmin_changepassword} ***
=== 
=case          ejabberd_SUITE:webadmin_removeuser
=group_props   [{name,"webadmin_single"}]
=started       2024-12-18 20:34:28
=result        skipped: {disabled_backend,mssql}
=== *** Skipping test case #882 {ejabberd_SUITE,webadmin_removeuser} ***
=== 
=case          ejabberd_SUITE:roster_feature_enabled
=group_props   [{name,"roster_single"}]
=started       2024-12-18 20:34:28
=result        skipped: {disabled_backend,mssql}
=== *** Skipping test case #883 {ejabberd_SUITE,roster_feature_enabled} ***
=== 
=case          ejabberd_SUITE:roster_iq_set_many_items
=group_props   [{name,"roster_single"}]
=started       2024-12-18 20:34:28
=result        skipped: {disabled_backend,mssql}
=== *** Skipping test case #884 {ejabberd_SUITE,roster_iq_set_many_items} ***
=== 
=case          ejabberd_SUITE:roster_iq_set_duplicated_groups
=group_props   [{name,"roster_single"}]
=started       2024-12-18 20:34:28
=result        skipped: {disabled_backend,mssql}
=== *** Skipping test case #885 {ejabberd_SUITE,roster_iq_set_duplicated_groups} ***
=== 
=case          ejabberd_SUITE:roster_iq_get_item
=group_props   [{name,"roster_single"}]
=started       2024-12-18 20:34:28
=result        skipped: {disabled_backend,mssql}
=== *** Skipping test case #886 {ejabberd_SUITE,roster_iq_get_item} ***
=== 
=case          ejabberd_SUITE:roster_iq_unexpected_element
=group_props   [{name,"roster_single"}]
=started       2024-12-18 20:34:28
=result        skipped: {disabled_backend,mssql}
=== *** Skipping test case #887 {ejabberd_SUITE,roster_iq_unexpected_element} ***
=== 
=case          ejabberd_SUITE:roster_iq_set_ask
=group_props   [{name,"roster_single"}]
=started       2024-12-18 20:34:28
=result        skipped: {disabled_backend,mssql}
=== *** Skipping test case #888 {ejabberd_SUITE,roster_iq_set_ask} ***
=== 
=case          ejabberd_SUITE:roster_set_item
=group_props   [{name,"roster_single"}]
=started       2024-12-18 20:34:28
=result        skipped: {disabled_backend,mssql}
=== *** Skipping test case #889 {ejabberd_SUITE,roster_set_item} ***
=== 
=case          ejabberd_SUITE:roster_version
=group_props   [{name,"roster_single"}]
=started       2024-12-18 20:34:28
=result        skipped: {disabled_backend,mssql}
=== *** Skipping test case #890 {ejabberd_SUITE,roster_version} ***
=== 
=case          ejabberd_SUITE:private_test_features
=group_props   [{name,"private_single"}]
=started       2024-12-18 20:34:28
=result        skipped: {disabled_backend,mssql}
=== *** Skipping test case #891 {ejabberd_SUITE,private_test_features} ***
=== 
=case          ejabberd_SUITE:private_test_no_namespace
=group_props   [{name,"private_single"}]
=started       2024-12-18 20:34:28
=result        skipped: {disabled_backend,mssql}
=== *** Skipping test case #892 {ejabberd_SUITE,private_test_no_namespace} ***
=== 
=case          ejabberd_SUITE:private_test_set_get
=group_props   [{name,"private_single"}]
=started       2024-12-18 20:34:28
=result        skipped: {disabled_backend,mssql}
=== *** Skipping test case #893 {ejabberd_SUITE,private_test_set_get} ***
=== 
=case          ejabberd_SUITE:private_test_published
=group_props   [{name,"private_single"}]
=started       2024-12-18 20:34:28
=result        skipped: {disabled_backend,mssql}
=== *** Skipping test case #894 {ejabberd_SUITE,private_test_published} ***
=== 
=case          ejabberd_SUITE:privacy_feature_enabled
=group_props   [{name,"privacy_single"}]
=started       2024-12-18 20:34:28
=result        skipped: {disabled_backend,mssql}
=== *** Skipping test case #895 {ejabberd_SUITE,privacy_feature_enabled} ***
=== 
=case          ejabberd_SUITE:privacy_set_get_list
=group_props   [{name,"privacy_single"}]
=started       2024-12-18 20:34:28
=result        skipped: {disabled_backend,mssql}
=== *** Skipping test case #896 {ejabberd_SUITE,privacy_set_get_list} ***
=== 
=case          ejabberd_SUITE:privacy_get_list_non_existent
=group_props   [{name,"privacy_single"}]
=started       2024-12-18 20:34:28
=result        skipped: {disabled_backend,mssql}
=== *** Skipping test case #897 {ejabberd_SUITE,privacy_get_list_non_existent} ***
=== 
=case          ejabberd_SUITE:privacy_get_empty_lists
=group_props   [{name,"privacy_single"}]
=started       2024-12-18 20:34:28
=result        skipped: {disabled_backend,mssql}
=== *** Skipping test case #898 {ejabberd_SUITE,privacy_get_empty_lists} ***
=== 
=case          ejabberd_SUITE:privacy_set_default
=group_props   [{name,"privacy_single"}]
=started       2024-12-18 20:34:28
=result        skipped: {disabled_backend,mssql}
=== *** Skipping test case #899 {ejabberd_SUITE,privacy_set_default} ***
=== 
=case          ejabberd_SUITE:privacy_del_default
=group_props   [{name,"privacy_single"}]
=started       2024-12-18 20:34:28
=result        skipped: {disabled_backend,mssql}
=== *** Skipping test case #900 {ejabberd_SUITE,privacy_del_default} ***
=== 
=case          ejabberd_SUITE:privacy_set_default_non_existent
=group_props   [{name,"privacy_single"}]
=started       2024-12-18 20:34:28
=result        skipped: {disabled_backend,mssql}
=== *** Skipping test case #901 {ejabberd_SUITE,privacy_set_default_non_existent} ***
=== 
=case          ejabberd_SUITE:privacy_set_active
=group_props   [{name,"privacy_single"}]
=started       2024-12-18 20:34:28
=result        skipped: {disabled_backend,mssql}
=== *** Skipping test case #902 {ejabberd_SUITE,privacy_set_active} ***
=== 
=case          ejabberd_SUITE:privacy_del_active
=group_props   [{name,"privacy_single"}]
=started       2024-12-18 20:34:28
=result        skipped: {disabled_backend,mssql}
=== *** Skipping test case #903 {ejabberd_SUITE,privacy_del_active} ***
=== 
=case          ejabberd_SUITE:privacy_set_active_non_existent
=group_props   [{name,"privacy_single"}]
=started       2024-12-18 20:34:28
=result        skipped: {disabled_backend,mssql}
=== *** Skipping test case #904 {ejabberd_SUITE,privacy_set_active_non_existent} ***
=== 
=case          ejabberd_SUITE:privacy_remove_list
=group_props   [{name,"privacy_single"}]
=started       2024-12-18 20:34:28
=result        skipped: {disabled_backend,mssql}
=== *** Skipping test case #905 {ejabberd_SUITE,privacy_remove_list} ***
=== 
=case          ejabberd_SUITE:privacy_remove_default_list
=group_props   [{name,"privacy_single"}]
=started       2024-12-18 20:34:28
=result        skipped: {disabled_backend,mssql}
=== *** Skipping test case #906 {ejabberd_SUITE,privacy_remove_default_list} ***
=== 
=case          ejabberd_SUITE:privacy_remove_active_list
=group_props   [{name,"privacy_single"}]
=started       2024-12-18 20:34:28
=result        skipped: {disabled_backend,mssql}
=== *** Skipping test case #907 {ejabberd_SUITE,privacy_remove_active_list} ***
=== 
=case          ejabberd_SUITE:privacy_remove_list_non_existent
=group_props   [{name,"privacy_single"}]
=started       2024-12-18 20:34:28
=result        skipped: {disabled_backend,mssql}
=== *** Skipping test case #908 {ejabberd_SUITE,privacy_remove_list_non_existent} ***
=== 
=case          ejabberd_SUITE:privacy_allow_local_server
=group_props   [{name,"privacy_single"}]
=started       2024-12-18 20:34:28
=result        skipped: {disabled_backend,mssql}
=== *** Skipping test case #909 {ejabberd_SUITE,privacy_allow_local_server} ***
=== 
=case          ejabberd_SUITE:privacy_malformed_iq_query
=group_props   [{name,"privacy_single"}]
=started       2024-12-18 20:34:28
=result        skipped: {disabled_backend,mssql}
=== *** Skipping test case #910 {ejabberd_SUITE,privacy_malformed_iq_query} ***
=== 
=case          ejabberd_SUITE:privacy_malformed_get
=group_props   [{name,"privacy_single"}]
=started       2024-12-18 20:34:28
=result        skipped: {disabled_backend,mssql}
=== *** Skipping test case #911 {ejabberd_SUITE,privacy_malformed_get} ***
=== 
=case          ejabberd_SUITE:privacy_malformed_set
=group_props   [{name,"privacy_single"}]
=started       2024-12-18 20:34:28
=result        skipped: {disabled_backend,mssql}
=== *** Skipping test case #912 {ejabberd_SUITE,privacy_malformed_set} ***
=== 
=case          ejabberd_SUITE:privacy_malformed_type_value
=group_props   [{name,"privacy_single"}]
=started       2024-12-18 20:34:28
=result        skipped: {disabled_backend,mssql}
=== *** Skipping test case #913 {ejabberd_SUITE,privacy_malformed_type_value} ***
=== 
=case          ejabberd_SUITE:privacy_set_get_block
=group_props   [{name,"privacy_single"}]
=started       2024-12-18 20:34:28
=result        skipped: {disabled_backend,mssql}
=== *** Skipping test case #914 {ejabberd_SUITE,privacy_set_get_block} ***
=== 
=case          ejabberd_SUITE:vcard_feature_enabled
=group_props   [{name,"vcard_single"}]
=started       2024-12-18 20:34:28
=result        skipped: {disabled_backend,mssql}
=== *** Skipping test case #915 {ejabberd_SUITE,vcard_feature_enabled} ***
=== 
=case          ejabberd_SUITE:vcard_get_set
=group_props   [{name,"vcard_single"}]
=started       2024-12-18 20:34:28
=result        skipped: {disabled_backend,mssql}
=== *** Skipping test case #916 {ejabberd_SUITE,vcard_get_set} ***
=== 
=case          ejabberd_SUITE:vcard_service_vcard
=group_props   [{name,"vcard_single"}]
=started       2024-12-18 20:34:28
=result        skipped: {disabled_backend,mssql}
=== *** Skipping test case #917 {ejabberd_SUITE,vcard_service_vcard} ***
=== 
=case          ejabberd_SUITE:pubsub_test_features
=group_props   [{name,"pubsub_single"}]
=started       2024-12-18 20:34:28
=result        skipped: {disabled_backend,mssql}
=== *** Skipping test case #918 {ejabberd_SUITE,pubsub_test_features} ***
=== 
=case          ejabberd_SUITE:pubsub_test_vcard
=group_props   [{name,"pubsub_single"}]
=started       2024-12-18 20:34:28
=result        skipped: {disabled_backend,mssql}
=== *** Skipping test case #919 {ejabberd_SUITE,pubsub_test_vcard} ***
=== 
=case          ejabberd_SUITE:pubsub_test_create
=group_props   [{name,"pubsub_single"}]
=started       2024-12-18 20:34:28
=result        skipped: {disabled_backend,mssql}
=== *** Skipping test case #920 {ejabberd_SUITE,pubsub_test_create} ***
=== 
=case          ejabberd_SUITE:pubsub_test_configure
=group_props   [{name,"pubsub_single"}]
=started       2024-12-18 20:34:28
=result        skipped: {disabled_backend,mssql}
=== *** Skipping test case #921 {ejabberd_SUITE,pubsub_test_configure} ***
=== 
=case          ejabberd_SUITE:pubsub_test_delete
=group_props   [{name,"pubsub_single"}]
=started       2024-12-18 20:34:28
=result        skipped: {disabled_backend,mssql}
=== *** Skipping test case #922 {ejabberd_SUITE,pubsub_test_delete} ***
=== 
=case          ejabberd_SUITE:pubsub_test_get_affiliations
=group_props   [{name,"pubsub_single"}]
=started       2024-12-18 20:34:28
=result        skipped: {disabled_backend,mssql}
=== *** Skipping test case #923 {ejabberd_SUITE,pubsub_test_get_affiliations} ***
=== 
=case          ejabberd_SUITE:pubsub_test_get_subscriptions
=group_props   [{name,"pubsub_single"}]
=started       2024-12-18 20:34:28
=result        skipped: {disabled_backend,mssql}
=== *** Skipping test case #924 {ejabberd_SUITE,pubsub_test_get_subscriptions} ***
=== 
=case          ejabberd_SUITE:pubsub_test_create_instant
=group_props   [{name,"pubsub_single"}]
=started       2024-12-18 20:34:28
=result        skipped: {disabled_backend,mssql}
=== *** Skipping test case #925 {ejabberd_SUITE,pubsub_test_create_instant} ***
=== 
=case          ejabberd_SUITE:pubsub_test_default
=group_props   [{name,"pubsub_single"}]
=started       2024-12-18 20:34:28
=result        skipped: {disabled_backend,mssql}
=== *** Skipping test case #926 {ejabberd_SUITE,pubsub_test_default} ***
=== 
=case          ejabberd_SUITE:pubsub_test_create_configure
=group_props   [{name,"pubsub_single"}]
=started       2024-12-18 20:34:28
=result        skipped: {disabled_backend,mssql}
=== *** Skipping test case #927 {ejabberd_SUITE,pubsub_test_create_configure} ***
=== 
=case          ejabberd_SUITE:pubsub_test_publish
=group_props   [{name,"pubsub_single"}]
=started       2024-12-18 20:34:28
=result        skipped: {disabled_backend,mssql}
=== *** Skipping test case #928 {ejabberd_SUITE,pubsub_test_publish} ***
=== 
=case          ejabberd_SUITE:pubsub_test_auto_create
=group_props   [{name,"pubsub_single"}]
=started       2024-12-18 20:34:28
=result        skipped: {disabled_backend,mssql}
=== *** Skipping test case #929 {ejabberd_SUITE,pubsub_test_auto_create} ***
=== 
=case          ejabberd_SUITE:pubsub_test_get_items
=group_props   [{name,"pubsub_single"}]
=started       2024-12-18 20:34:28
=result        skipped: {disabled_backend,mssql}
=== *** Skipping test case #930 {ejabberd_SUITE,pubsub_test_get_items} ***
=== 
=case          ejabberd_SUITE:pubsub_test_delete_item
=group_props   [{name,"pubsub_single"}]
=started       2024-12-18 20:34:28
=result        skipped: {disabled_backend,mssql}
=== *** Skipping test case #931 {ejabberd_SUITE,pubsub_test_delete_item} ***
=== 
=case          ejabberd_SUITE:pubsub_test_purge
=group_props   [{name,"pubsub_single"}]
=started       2024-12-18 20:34:28
=result        skipped: {disabled_backend,mssql}
=== *** Skipping test case #932 {ejabberd_SUITE,pubsub_test_purge} ***
=== 
=case          ejabberd_SUITE:pubsub_test_subscribe
=group_props   [{name,"pubsub_single"}]
=started       2024-12-18 20:34:28
=result        skipped: {disabled_backend,mssql}
=== *** Skipping test case #933 {ejabberd_SUITE,pubsub_test_subscribe} ***
=== 
=case          ejabberd_SUITE:pubsub_test_subscribe_max_item_1
=group_props   [{name,"pubsub_single"}]
=started       2024-12-18 20:34:28
=result        skipped: {disabled_backend,mssql}
=== *** Skipping test case #934 {ejabberd_SUITE,pubsub_test_subscribe_max_item_1} ***
=== 
=case          ejabberd_SUITE:pubsub_test_unsubscribe
=group_props   [{name,"pubsub_single"}]
=started       2024-12-18 20:34:28
=result        skipped: {disabled_backend,mssql}
=== *** Skipping test case #935 {ejabberd_SUITE,pubsub_test_unsubscribe} ***
=== 
=case          ejabberd_SUITE:muc_service_presence_error
=group_props   [{name,"muc_single"}]
=started       2024-12-18 20:34:28
=result        skipped: {disabled_backend,mssql}
=== *** Skipping test case #936 {ejabberd_SUITE,muc_service_presence_error} ***
=== 
=case          ejabberd_SUITE:muc_service_message_error
=group_props   [{name,"muc_single"}]
=started       2024-12-18 20:34:28
=result        skipped: {disabled_backend,mssql}
=== *** Skipping test case #937 {ejabberd_SUITE,muc_service_message_error} ***
=== 
=case          ejabberd_SUITE:muc_service_unknown_ns_iq_error
=group_props   [{name,"muc_single"}]
=started       2024-12-18 20:34:28
=result        skipped: {disabled_backend,mssql}
=== *** Skipping test case #938 {ejabberd_SUITE,muc_service_unknown_ns_iq_error} ***
=== 
=case          ejabberd_SUITE:muc_service_iq_set_error
=group_props   [{name,"muc_single"}]
=started       2024-12-18 20:34:28
=result        skipped: {disabled_backend,mssql}
=== *** Skipping test case #939 {ejabberd_SUITE,muc_service_iq_set_error} ***
=== 
=case          ejabberd_SUITE:muc_service_improper_iq_error
=group_props   [{name,"muc_single"}]
=started       2024-12-18 20:34:28
=result        skipped: {disabled_backend,mssql}
=== *** Skipping test case #940 {ejabberd_SUITE,muc_service_improper_iq_error} ***
=== 
=case          ejabberd_SUITE:muc_service_features
=group_props   [{name,"muc_single"}]
=started       2024-12-18 20:34:28
=result        skipped: {disabled_backend,mssql}
=== *** Skipping test case #941 {ejabberd_SUITE,muc_service_features} ***
=== 
=case          ejabberd_SUITE:muc_service_disco_info_node_error
=group_props   [{name,"muc_single"}]
=started       2024-12-18 20:34:28
=result        skipped: {disabled_backend,mssql}
=== *** Skipping test case #942 {ejabberd_SUITE,muc_service_disco_info_node_error} ***
=== 
=case          ejabberd_SUITE:muc_service_disco_items
=group_props   [{name,"muc_single"}]
=started       2024-12-18 20:34:28
=result        skipped: {disabled_backend,mssql}
=== *** Skipping test case #943 {ejabberd_SUITE,muc_service_disco_items} ***
=== 
=case          ejabberd_SUITE:muc_service_unique
=group_props   [{name,"muc_single"}]
=started       2024-12-18 20:34:28
=result        skipped: {disabled_backend,mssql}
=== *** Skipping test case #944 {ejabberd_SUITE,muc_service_unique} ***
=== 
=case          ejabberd_SUITE:muc_service_vcard
=group_props   [{name,"muc_single"}]
=started       2024-12-18 20:34:28
=result        skipped: {disabled_backend,mssql}
=== *** Skipping test case #945 {ejabberd_SUITE,muc_service_vcard} ***
=== 
=case          ejabberd_SUITE:muc_configure_non_existent
=group_props   [{name,"muc_single"}]
=started       2024-12-18 20:34:28
=result        skipped: {disabled_backend,mssql}
=== *** Skipping test case #946 {ejabberd_SUITE,muc_configure_non_existent} ***
=== 
=case          ejabberd_SUITE:muc_cancel_configure_non_existent
=group_props   [{name,"muc_single"}]
=started       2024-12-18 20:34:28
=result        skipped: {disabled_backend,mssql}
=== *** Skipping test case #947 {ejabberd_SUITE,muc_cancel_configure_non_existent} ***
=== 
=case          ejabberd_SUITE:muc_service_subscriptions
=group_props   [{name,"muc_single"}]
=started       2024-12-18 20:34:28
=result        skipped: {disabled_backend,mssql}
=== *** Skipping test case #948 {ejabberd_SUITE,muc_service_subscriptions} ***
=== 
=case          ejabberd_SUITE:muc_set_room_affiliation
=group_props   [{name,"muc_single"}]
=started       2024-12-18 20:34:28
=result        skipped: {disabled_backend,mssql}
=== *** Skipping test case #949 {ejabberd_SUITE,muc_set_room_affiliation} ***
=== 
=case          ejabberd_SUITE:offline_feature_enabled
=group_props   [{name,"offline_single"}]
=started       2024-12-18 20:34:28
=result        skipped: {disabled_backend,mssql}
=== *** Skipping test case #950 {ejabberd_SUITE,offline_feature_enabled} ***
=== 
=case          ejabberd_SUITE:offline_check_identity
=group_props   [{name,"offline_single"}]
=started       2024-12-18 20:34:29
=result        skipped: {disabled_backend,mssql}
=== *** Skipping test case #951 {ejabberd_SUITE,offline_check_identity} ***
=== 
=case          ejabberd_SUITE:offline_send_non_existent
=group_props   [{name,"offline_single"}]
=started       2024-12-18 20:34:29
=result        skipped: {disabled_backend,mssql}
=== *** Skipping test case #952 {ejabberd_SUITE,offline_send_non_existent} ***
=== 
=case          ejabberd_SUITE:offline_view_non_existent
=group_props   [{name,"offline_single"}]
=started       2024-12-18 20:34:29
=result        skipped: {disabled_backend,mssql}
=== *** Skipping test case #953 {ejabberd_SUITE,offline_view_non_existent} ***
=== 
=case          ejabberd_SUITE:offline_remove_non_existent
=group_props   [{name,"offline_single"}]
=started       2024-12-18 20:34:29
=result        skipped: {disabled_backend,mssql}
=== *** Skipping test case #954 {ejabberd_SUITE,offline_remove_non_existent} ***
=== 
=case          ejabberd_SUITE:offline_view_non_integer
=group_props   [{name,"offline_single"}]
=started       2024-12-18 20:34:29
=result        skipped: {disabled_backend,mssql}
=== *** Skipping test case #955 {ejabberd_SUITE,offline_view_non_integer} ***
=== 
=case          ejabberd_SUITE:offline_remove_non_integer
=group_props   [{name,"offline_single"}]
=started       2024-12-18 20:34:29
=result        skipped: {disabled_backend,mssql}
=== *** Skipping test case #956 {ejabberd_SUITE,offline_remove_non_integer} ***
=== 
=case          ejabberd_SUITE:offline_malformed_iq
=group_props   [{name,"offline_single"}]
=started       2024-12-18 20:34:29
=result        skipped: {disabled_backend,mssql}
=== *** Skipping test case #957 {ejabberd_SUITE,offline_malformed_iq} ***
=== 
=case          ejabberd_SUITE:offline_wrong_user
=group_props   [{name,"offline_single"}]
=started       2024-12-18 20:34:29
=result        skipped: {disabled_backend,mssql}
=== *** Skipping test case #958 {ejabberd_SUITE,offline_wrong_user} ***
=== 
=case          ejabberd_SUITE:offline_unsupported_iq
=group_props   [{name,"offline_single"}]
=started       2024-12-18 20:34:29
=result        skipped: {disabled_backend,mssql}
=== *** Skipping test case #959 {ejabberd_SUITE,offline_unsupported_iq} ***
=== 
=case          ejabberd_SUITE:mam_feature_enabled
=group_props   [{name,"mam_single"}]
=started       2024-12-18 20:34:29
=result        skipped: {disabled_backend,mssql}
=== *** Skipping test case #960 {ejabberd_SUITE,mam_feature_enabled} ***
=== 
=case          ejabberd_SUITE:mam_get_set_prefs
=group_props   [{name,"mam_single"}]
=started       2024-12-18 20:34:29
=result        skipped: {disabled_backend,mssql}
=== *** Skipping test case #961 {ejabberd_SUITE,mam_get_set_prefs} ***
=== 
=case          ejabberd_SUITE:mam_get_form
=group_props   [{name,"mam_single"}]
=started       2024-12-18 20:34:29
=result        skipped: {disabled_backend,mssql}
=== *** Skipping test case #962 {ejabberd_SUITE,mam_get_form} ***
=== 
=case          ejabberd_SUITE:mam_fake_by
=group_props   [{name,"mam_single"}]
=started       2024-12-18 20:34:29
=result        skipped: {disabled_backend,mssql}
=== *** Skipping test case #963 {ejabberd_SUITE,mam_fake_by} ***
=== 
=case          ejabberd_SUITE:push_feature_enabled
=group_props   [{name,"push_single"}]
=started       2024-12-18 20:34:29
=result        skipped: {disabled_backend,mssql}
=== *** Skipping test case #964 {ejabberd_SUITE,push_feature_enabled} ***
=== 
=case          ejabberd_SUITE:push_unsupported_iq
=group_props   [{name,"push_single"}]
=started       2024-12-18 20:34:29
=result        skipped: {disabled_backend,mssql}
=== *** Skipping test case #965 {ejabberd_SUITE,push_unsupported_iq} ***
=== 
=case          ejabberd_SUITE:test_unregister
=group_props   [{name,"single_user"}]
=started       2024-12-18 20:34:29
=result        skipped: {disabled_backend,mssql}
=== *** Skipping test case #966 {ejabberd_SUITE,test_unregister} ***
=== 
=case          ejabberd_SUITE:muc_register_master
=group_props   [{name,"muc_register"}]
=started       2024-12-18 20:34:29
=result        skipped: {disabled_backend,mssql}
=== *** Skipping test case #967 {ejabberd_SUITE,muc_register_master} ***
=== 
=case          ejabberd_SUITE:muc_register_slave
=group_props   [{name,"muc_register"}]
=started       2024-12-18 20:34:29
=result        skipped: {disabled_backend,mssql}
=== *** Skipping test case #968 {ejabberd_SUITE,muc_register_slave} ***
=== 
=case          ejabberd_SUITE:muc_groupchat_msg_master
=group_props   [{name,"muc_groupchat_msg"}]
=started       2024-12-18 20:34:29
=result        skipped: {disabled_backend,mssql}
=== *** Skipping test case #969 {ejabberd_SUITE,muc_groupchat_msg_master} ***
=== 
=case          ejabberd_SUITE:muc_groupchat_msg_slave
=group_props   [{name,"muc_groupchat_msg"}]
=started       2024-12-18 20:34:29
=result        skipped: {disabled_backend,mssql}
=== *** Skipping test case #970 {ejabberd_SUITE,muc_groupchat_msg_slave} ***
=== 
=case          ejabberd_SUITE:muc_private_msg_master
=group_props   [{name,"muc_private_msg"}]
=started       2024-12-18 20:34:29
=result        skipped: {disabled_backend,mssql}
=== *** Skipping test case #971 {ejabberd_SUITE,muc_private_msg_master} ***
=== 
=case          ejabberd_SUITE:muc_private_msg_slave
=group_props   [{name,"muc_private_msg"}]
=started       2024-12-18 20:34:29
=result        skipped: {disabled_backend,mssql}
=== *** Skipping test case #972 {ejabberd_SUITE,muc_private_msg_slave} ***
=== 
=case          ejabberd_SUITE:muc_set_subject_master
=group_props   [{name,"muc_set_subject"}]
=started       2024-12-18 20:34:29
=result        skipped: {disabled_backend,mssql}
=== *** Skipping test case #973 {ejabberd_SUITE,muc_set_subject_master} ***
=== 
=case          ejabberd_SUITE:muc_set_subject_slave
=group_props   [{name,"muc_set_subject"}]
=started       2024-12-18 20:34:29
=result        skipped: {disabled_backend,mssql}
=== *** Skipping test case #974 {ejabberd_SUITE,muc_set_subject_slave} ***
=== 
=case          ejabberd_SUITE:muc_history_master
=group_props   [{name,"muc_history"}]
=started       2024-12-18 20:34:29
=result        skipped: {disabled_backend,mssql}
=== *** Skipping test case #975 {ejabberd_SUITE,muc_history_master} ***
=== 
=case          ejabberd_SUITE:muc_history_slave
=group_props   [{name,"muc_history"}]
=started       2024-12-18 20:34:29
=result        skipped: {disabled_backend,mssql}
=== *** Skipping test case #976 {ejabberd_SUITE,muc_history_slave} ***
=== 
=case          ejabberd_SUITE:muc_invite_master
=group_props   [{name,"muc_invite"}]
=started       2024-12-18 20:34:29
=result        skipped: {disabled_backend,mssql}
=== *** Skipping test case #977 {ejabberd_SUITE,muc_invite_master} ***
=== 
=case          ejabberd_SUITE:muc_invite_slave
=group_props   [{name,"muc_invite"}]
=started       2024-12-18 20:34:29
=result        skipped: {disabled_backend,mssql}
=== *** Skipping test case #978 {ejabberd_SUITE,muc_invite_slave} ***
=== 
=case          ejabberd_SUITE:muc_invite_members_only_master
=group_props   [{name,"muc_invite_members_only"}]
=started       2024-12-18 20:34:29
=result        skipped: {disabled_backend,mssql}
=== *** Skipping test case #979 {ejabberd_SUITE,muc_invite_members_only_master} ***
=== 
=case          ejabberd_SUITE:muc_invite_members_only_slave
=group_props   [{name,"muc_invite_members_only"}]
=started       2024-12-18 20:34:29
=result        skipped: {disabled_backend,mssql}
=== *** Skipping test case #980 {ejabberd_SUITE,muc_invite_members_only_slave} ***
=== 
=case          ejabberd_SUITE:muc_invite_password_protected_master
=group_props   [{name,"muc_invite_password_protected"}]
=started       2024-12-18 20:34:29
=result        skipped: {disabled_backend,mssql}
=== *** Skipping test case #981 {ejabberd_SUITE,muc_invite_password_protected_master} ***
=== 
=case          ejabberd_SUITE:muc_invite_password_protected_slave
=group_props   [{name,"muc_invite_password_protected"}]
=started       2024-12-18 20:34:29
=result        skipped: {disabled_backend,mssql}
=== *** Skipping test case #982 {ejabberd_SUITE,muc_invite_password_protected_slave} ***
=== 
=case          ejabberd_SUITE:muc_voice_request_master
=group_props   [{name,"muc_voice_request"}]
=started       2024-12-18 20:34:29
=result        skipped: {disabled_backend,mssql}
=== *** Skipping test case #983 {ejabberd_SUITE,muc_voice_request_master} ***
=== 
=case          ejabberd_SUITE:muc_voice_request_slave
=group_props   [{name,"muc_voice_request"}]
=started       2024-12-18 20:34:29
=result        skipped: {disabled_backend,mssql}
=== *** Skipping test case #984 {ejabberd_SUITE,muc_voice_request_slave} ***
=== 
=case          ejabberd_SUITE:muc_change_role_master
=group_props   [{name,"muc_change_role"}]
=started       2024-12-18 20:34:29
=result        skipped: {disabled_backend,mssql}
=== *** Skipping test case #985 {ejabberd_SUITE,muc_change_role_master} ***
=== 
=case          ejabberd_SUITE:muc_change_role_slave
=group_props   [{name,"muc_change_role"}]
=started       2024-12-18 20:34:29
=result        skipped: {disabled_backend,mssql}
=== *** Skipping test case #986 {ejabberd_SUITE,muc_change_role_slave} ***
=== 
=case          ejabberd_SUITE:muc_kick_master
=group_props   [{name,"muc_kick"}]
=started       2024-12-18 20:34:29
=result        skipped: {disabled_backend,mssql}
=== *** Skipping test case #987 {ejabberd_SUITE,muc_kick_master} ***
=== 
=case          ejabberd_SUITE:muc_kick_slave
=group_props   [{name,"muc_kick"}]
=started       2024-12-18 20:34:29
=result        skipped: {disabled_backend,mssql}
=== *** Skipping test case #988 {ejabberd_SUITE,muc_kick_slave} ***
=== 
=case          ejabberd_SUITE:muc_change_affiliation_master
=group_props   [{name,"muc_change_affiliation"}]
=started       2024-12-18 20:34:29
=result        skipped: {disabled_backend,mssql}
=== *** Skipping test case #989 {ejabberd_SUITE,muc_change_affiliation_master} ***
=== 
=case          ejabberd_SUITE:muc_change_affiliation_slave
=group_props   [{name,"muc_change_affiliation"}]
=started       2024-12-18 20:34:29
=result        skipped: {disabled_backend,mssql}
=== *** Skipping test case #990 {ejabberd_SUITE,muc_change_affiliation_slave} ***
=== 
=case          ejabberd_SUITE:muc_destroy_master
=group_props   [{name,"muc_destroy"}]
=started       2024-12-18 20:34:29
=result        skipped: {disabled_backend,mssql}
=== *** Skipping test case #991 {ejabberd_SUITE,muc_destroy_master} ***
=== 
=case          ejabberd_SUITE:muc_destroy_slave
=group_props   [{name,"muc_destroy"}]
=started       2024-12-18 20:34:29
=result        skipped: {disabled_backend,mssql}
=== *** Skipping test case #992 {ejabberd_SUITE,muc_destroy_slave} ***
=== 
=case          ejabberd_SUITE:muc_vcard_master
=group_props   [{name,"muc_vcard"}]
=started       2024-12-18 20:34:29
=result        skipped: {disabled_backend,mssql}
=== *** Skipping test case #993 {ejabberd_SUITE,muc_vcard_master} ***
=== 
=case          ejabberd_SUITE:muc_vcard_slave
=group_props   [{name,"muc_vcard"}]
=started       2024-12-18 20:34:29
=result        skipped: {disabled_backend,mssql}
=== *** Skipping test case #994 {ejabberd_SUITE,muc_vcard_slave} ***
=== 
=case          ejabberd_SUITE:muc_nick_change_master
=group_props   [{name,"muc_nick_change"}]
=started       2024-12-18 20:34:29
=result        skipped: {disabled_backend,mssql}
=== *** Skipping test case #995 {ejabberd_SUITE,muc_nick_change_master} ***
=== 
=case          ejabberd_SUITE:muc_nick_change_slave
=group_props   [{name,"muc_nick_change"}]
=started       2024-12-18 20:34:29
=result        skipped: {disabled_backend,mssql}
=== *** Skipping test case #996 {ejabberd_SUITE,muc_nick_change_slave} ***
=== 
=case          ejabberd_SUITE:muc_config_title_desc_master
=group_props   [{name,"muc_config_title_desc"}]
=started       2024-12-18 20:34:29
=result        skipped: {disabled_backend,mssql}
=== *** Skipping test case #997 {ejabberd_SUITE,muc_config_title_desc_master} ***
=== 
=case          ejabberd_SUITE:muc_config_title_desc_slave
=group_props   [{name,"muc_config_title_desc"}]
=started       2024-12-18 20:34:29
=result        skipped: {disabled_backend,mssql}
=== *** Skipping test case #998 {ejabberd_SUITE,muc_config_title_desc_slave} ***
=== 
=case          ejabberd_SUITE:muc_config_public_list_master
=group_props   [{name,"muc_config_public_list"}]
=started       2024-12-18 20:34:29
=result        skipped: {disabled_backend,mssql}
=== *** Skipping test case #999 {ejabberd_SUITE,muc_config_public_list_master} ***
=== 
=case          ejabberd_SUITE:muc_config_public_list_slave
=group_props   [{name,"muc_config_public_list"}]
=started       2024-12-18 20:34:29
=result        skipped: {disabled_backend,mssql}
=== *** Skipping test case #1000 {ejabberd_SUITE,muc_config_public_list_slave} ***
=== 
=case          ejabberd_SUITE:muc_config_password_master
=group_props   [{name,"muc_config_password"}]
=started       2024-12-18 20:34:29
=result        skipped: {disabled_backend,mssql}
=== *** Skipping test case #1001 {ejabberd_SUITE,muc_config_password_master} ***
=== 
=case          ejabberd_SUITE:muc_config_password_slave
=group_props   [{name,"muc_config_password"}]
=started       2024-12-18 20:34:29
=result        skipped: {disabled_backend,mssql}
=== *** Skipping test case #1002 {ejabberd_SUITE,muc_config_password_slave} ***
=== 
=case          ejabberd_SUITE:muc_config_whois_master
=group_props   [{name,"muc_config_whois"}]
=started       2024-12-18 20:34:29
=result        skipped: {disabled_backend,mssql}
=== *** Skipping test case #1003 {ejabberd_SUITE,muc_config_whois_master} ***
=== 
=case          ejabberd_SUITE:muc_config_whois_slave
=group_props   [{name,"muc_config_whois"}]
=started       2024-12-18 20:34:29
=result        skipped: {disabled_backend,mssql}
=== *** Skipping test case #1004 {ejabberd_SUITE,muc_config_whois_slave} ***
=== 
=case          ejabberd_SUITE:muc_config_members_only_master
=group_props   [{name,"muc_config_members_only"}]
=started       2024-12-18 20:34:29
=result        skipped: {disabled_backend,mssql}
=== *** Skipping test case #1005 {ejabberd_SUITE,muc_config_members_only_master} ***
=== 
=case          ejabberd_SUITE:muc_config_members_only_slave
=group_props   [{name,"muc_config_members_only"}]
=started       2024-12-18 20:34:29
=result        skipped: {disabled_backend,mssql}
=== *** Skipping test case #1006 {ejabberd_SUITE,muc_config_members_only_slave} ***
=== 
=case          ejabberd_SUITE:muc_config_moderated_master
=group_props   [{name,"muc_config_moderated"}]
=started       2024-12-18 20:34:29
=result        skipped: {disabled_backend,mssql}
=== *** Skipping test case #1007 {ejabberd_SUITE,muc_config_moderated_master} ***
=== 
=case          ejabberd_SUITE:muc_config_moderated_slave
=group_props   [{name,"muc_config_moderated"}]
=started       2024-12-18 20:34:29
=result        skipped: {disabled_backend,mssql}
=== *** Skipping test case #1008 {ejabberd_SUITE,muc_config_moderated_slave} ***
=== 
=case          ejabberd_SUITE:muc_config_private_messages_master
=group_props   [{name,"muc_config_private_messages"}]
=started       2024-12-18 20:34:29
=result        skipped: {disabled_backend,mssql}
=== *** Skipping test case #1009 {ejabberd_SUITE,muc_config_private_messages_master} ***
=== 
=case          ejabberd_SUITE:muc_config_private_messages_slave
=group_props   [{name,"muc_config_private_messages"}]
=started       2024-12-18 20:34:29
=result        skipped: {disabled_backend,mssql}
=== *** Skipping test case #1010 {ejabberd_SUITE,muc_config_private_messages_slave} ***
=== 
=case          ejabberd_SUITE:muc_config_query_master
=group_props   [{name,"muc_config_query"}]
=started       2024-12-18 20:34:29
=result        skipped: {disabled_backend,mssql}
=== *** Skipping test case #1011 {ejabberd_SUITE,muc_config_query_master} ***
=== 
=case          ejabberd_SUITE:muc_config_query_slave
=group_props   [{name,"muc_config_query"}]
=started       2024-12-18 20:34:29
=result        skipped: {disabled_backend,mssql}
=== *** Skipping test case #1012 {ejabberd_SUITE,muc_config_query_slave} ***
=== 
=case          ejabberd_SUITE:muc_config_allow_invites_master
=group_props   [{name,"muc_config_allow_invites"}]
=started       2024-12-18 20:34:29
=result        skipped: {disabled_backend,mssql}
=== *** Skipping test case #1013 {ejabberd_SUITE,muc_config_allow_invites_master} ***
=== 
=case          ejabberd_SUITE:muc_config_allow_invites_slave
=group_props   [{name,"muc_config_allow_invites"}]
=started       2024-12-18 20:34:29
=result        skipped: {disabled_backend,mssql}
=== *** Skipping test case #1014 {ejabberd_SUITE,muc_config_allow_invites_slave} ***
=== 
=case          ejabberd_SUITE:muc_config_visitor_status_master
=group_props   [{name,"muc_config_visitor_status"}]
=started       2024-12-18 20:34:29
=result        skipped: {disabled_backend,mssql}
=== *** Skipping test case #1015 {ejabberd_SUITE,muc_config_visitor_status_master} ***
=== 
=case          ejabberd_SUITE:muc_config_visitor_status_slave
=group_props   [{name,"muc_config_visitor_status"}]
=started       2024-12-18 20:34:29
=result        skipped: {disabled_backend,mssql}
=== *** Skipping test case #1016 {ejabberd_SUITE,muc_config_visitor_status_slave} ***
=== 
=case          ejabberd_SUITE:muc_config_allow_voice_requests_master
=group_props   [{name,"muc_config_allow_voice_requests"}]
=started       2024-12-18 20:34:29
=result        skipped: {disabled_backend,mssql}
=== *** Skipping test case #1017 {ejabberd_SUITE,muc_config_allow_voice_requests_master} ***
=== 
=case          ejabberd_SUITE:muc_config_allow_voice_requests_slave
=group_props   [{name,"muc_config_allow_voice_requests"}]
=started       2024-12-18 20:34:29
=result        skipped: {disabled_backend,mssql}
=== *** Skipping test case #1018 {ejabberd_SUITE,muc_config_allow_voice_requests_slave} ***
=== 
=case          ejabberd_SUITE:muc_config_voice_request_interval_master
=group_props   [{name,"muc_config_voice_request_interval"}]
=started       2024-12-18 20:34:29
=result        skipped: {disabled_backend,mssql}
=== *** Skipping test case #1019 {ejabberd_SUITE,muc_config_voice_request_interval_master} ***
=== 
=case          ejabberd_SUITE:muc_config_voice_request_interval_slave
=group_props   [{name,"muc_config_voice_request_interval"}]
=started       2024-12-18 20:34:29
=result        skipped: {disabled_backend,mssql}
=== *** Skipping test case #1020 {ejabberd_SUITE,muc_config_voice_request_interval_slave} ***
=== 
=case          ejabberd_SUITE:muc_config_visitor_nickchange_master
=group_props   [{name,"muc_config_visitor_nickchange"}]
=started       2024-12-18 20:34:29
=result        skipped: {disabled_backend,mssql}
=== *** Skipping test case #1021 {ejabberd_SUITE,muc_config_visitor_nickchange_master} ***
=== 
=case          ejabberd_SUITE:muc_config_visitor_nickchange_slave
=group_props   [{name,"muc_config_visitor_nickchange"}]
=started       2024-12-18 20:34:29
=result        skipped: {disabled_backend,mssql}
=== *** Skipping test case #1022 {ejabberd_SUITE,muc_config_visitor_nickchange_slave} ***
=== 
=case          ejabberd_SUITE:muc_join_conflict_master
=group_props   [{name,"muc_join_conflict"}]
=started       2024-12-18 20:34:29
=result        skipped: {disabled_backend,mssql}
=== *** Skipping test case #1023 {ejabberd_SUITE,muc_join_conflict_master} ***
=== 
=case          ejabberd_SUITE:muc_join_conflict_slave
=group_props   [{name,"muc_join_conflict"}]
=started       2024-12-18 20:34:29
=result        skipped: {disabled_backend,mssql}
=== *** Skipping test case #1024 {ejabberd_SUITE,muc_join_conflict_slave} ***
=== 
=case          ejabberd_SUITE:privacy_deny_bare_jid_master
=group_props   [{name,"privacy_deny_bare_jid"}]
=started       2024-12-18 20:34:29
=result        skipped: {disabled_backend,mssql}
=== *** Skipping test case #1025 {ejabberd_SUITE,privacy_deny_bare_jid_master} ***
=== 
=case          ejabberd_SUITE:privacy_deny_bare_jid_slave
=group_props   [{name,"privacy_deny_bare_jid"}]
=started       2024-12-18 20:34:29
=result        skipped: {disabled_backend,mssql}
=== *** Skipping test case #1026 {ejabberd_SUITE,privacy_deny_bare_jid_slave} ***
=== 
=case          ejabberd_SUITE:privacy_deny_full_jid_master
=group_props   [{name,"privacy_deny_full_jid"}]
=started       2024-12-18 20:34:29
=result        skipped: {disabled_backend,mssql}
=== *** Skipping test case #1027 {ejabberd_SUITE,privacy_deny_full_jid_master} ***
=== 
=case          ejabberd_SUITE:privacy_deny_full_jid_slave
=group_props   [{name,"privacy_deny_full_jid"}]
=started       2024-12-18 20:34:29
=result        skipped: {disabled_backend,mssql}
=== *** Skipping test case #1028 {ejabberd_SUITE,privacy_deny_full_jid_slave} ***
=== 
=case          ejabberd_SUITE:privacy_deny_server_bare_jid_master
=group_props   [{name,"privacy_deny_server_bare_jid"}]
=started       2024-12-18 20:34:29
=result        skipped: {disabled_backend,mssql}
=== *** Skipping test case #1029 {ejabberd_SUITE,privacy_deny_server_bare_jid_master} ***
=== 
=case          ejabberd_SUITE:privacy_deny_server_bare_jid_slave
=group_props   [{name,"privacy_deny_server_bare_jid"}]
=started       2024-12-18 20:34:29
=result        skipped: {disabled_backend,mssql}
=== *** Skipping test case #1030 {ejabberd_SUITE,privacy_deny_server_bare_jid_slave} ***
=== 
=case          ejabberd_SUITE:privacy_deny_server_full_jid_master
=group_props   [{name,"privacy_deny_server_full_jid"}]
=started       2024-12-18 20:34:29
=result        skipped: {disabled_backend,mssql}
=== *** Skipping test case #1031 {ejabberd_SUITE,privacy_deny_server_full_jid_master} ***
=== 
=case          ejabberd_SUITE:privacy_deny_server_full_jid_slave
=group_props   [{name,"privacy_deny_server_full_jid"}]
=started       2024-12-18 20:34:29
=result        skipped: {disabled_backend,mssql}
=== *** Skipping test case #1032 {ejabberd_SUITE,privacy_deny_server_full_jid_slave} ***
=== 
=case          ejabberd_SUITE:privacy_deny_group_master
=group_props   [{name,"privacy_deny_group"}]
=started       2024-12-18 20:34:29
=result        skipped: {disabled_backend,mssql}
=== *** Skipping test case #1033 {ejabberd_SUITE,privacy_deny_group_master} ***
=== 
=case          ejabberd_SUITE:privacy_deny_group_slave
=group_props   [{name,"privacy_deny_group"}]
=started       2024-12-18 20:34:29
=result        skipped: {disabled_backend,mssql}
=== *** Skipping test case #1034 {ejabberd_SUITE,privacy_deny_group_slave} ***
=== 
=case          ejabberd_SUITE:privacy_deny_sub_both_master
=group_props   [{name,"privacy_deny_sub_both"}]
=started       2024-12-18 20:34:29
=result        skipped: {disabled_backend,mssql}
=== *** Skipping test case #1035 {ejabberd_SUITE,privacy_deny_sub_both_master} ***
=== 
=case          ejabberd_SUITE:privacy_deny_sub_both_slave
=group_props   [{name,"privacy_deny_sub_both"}]
=started       2024-12-18 20:34:29
=result        skipped: {disabled_backend,mssql}
=== *** Skipping test case #1036 {ejabberd_SUITE,privacy_deny_sub_both_slave} ***
=== 
=case          ejabberd_SUITE:privacy_deny_sub_from_master
=group_props   [{name,"privacy_deny_sub_from"}]
=started       2024-12-18 20:34:29
=result        skipped: {disabled_backend,mssql}
=== *** Skipping test case #1037 {ejabberd_SUITE,privacy_deny_sub_from_master} ***
=== 
=case          ejabberd_SUITE:privacy_deny_sub_from_slave
=group_props   [{name,"privacy_deny_sub_from"}]
=started       2024-12-18 20:34:29
=result        skipped: {disabled_backend,mssql}
=== *** Skipping test case #1038 {ejabberd_SUITE,privacy_deny_sub_from_slave} ***
=== 
=case          ejabberd_SUITE:privacy_deny_sub_to_master
=group_props   [{name,"privacy_deny_sub_to"}]
=started       2024-12-18 20:34:29
=result        skipped: {disabled_backend,mssql}
=== *** Skipping test case #1039 {ejabberd_SUITE,privacy_deny_sub_to_master} ***
=== 
=case          ejabberd_SUITE:privacy_deny_sub_to_slave
=group_props   [{name,"privacy_deny_sub_to"}]
=started       2024-12-18 20:34:29
=result        skipped: {disabled_backend,mssql}
=== *** Skipping test case #1040 {ejabberd_SUITE,privacy_deny_sub_to_slave} ***
=== 
=case          ejabberd_SUITE:privacy_deny_sub_none_master
=group_props   [{name,"privacy_deny_sub_none"}]
=started       2024-12-18 20:34:29
=result        skipped: {disabled_backend,mssql}
=== *** Skipping test case #1041 {ejabberd_SUITE,privacy_deny_sub_none_master} ***
=== 
=case          ejabberd_SUITE:privacy_deny_sub_none_slave
=group_props   [{name,"privacy_deny_sub_none"}]
=started       2024-12-18 20:34:29
=result        skipped: {disabled_backend,mssql}
=== *** Skipping test case #1042 {ejabberd_SUITE,privacy_deny_sub_none_slave} ***
=== 
=case          ejabberd_SUITE:privacy_deny_all_master
=group_props   [{name,"privacy_deny_all"}]
=started       2024-12-18 20:34:29
=result        skipped: {disabled_backend,mssql}
=== *** Skipping test case #1043 {ejabberd_SUITE,privacy_deny_all_master} ***
=== 
=case          ejabberd_SUITE:privacy_deny_all_slave
=group_props   [{name,"privacy_deny_all"}]
=started       2024-12-18 20:34:29
=result        skipped: {disabled_backend,mssql}
=== *** Skipping test case #1044 {ejabberd_SUITE,privacy_deny_all_slave} ***
=== 
=case          ejabberd_SUITE:privacy_deny_offline_master
=group_props   [{name,"privacy_deny_offline"}]
=started       2024-12-18 20:34:29
=result        skipped: {disabled_backend,mssql}
=== *** Skipping test case #1045 {ejabberd_SUITE,privacy_deny_offline_master} ***
=== 
=case          ejabberd_SUITE:privacy_deny_offline_slave
=group_props   [{name,"privacy_deny_offline"}]
=started       2024-12-18 20:34:29
=result        skipped: {disabled_backend,mssql}
=== *** Skipping test case #1046 {ejabberd_SUITE,privacy_deny_offline_slave} ***
=== 
=case          ejabberd_SUITE:privacy_block_master
=group_props   [{name,"privacy_block"}]
=started       2024-12-18 20:34:29
=result        skipped: {disabled_backend,mssql}
=== *** Skipping test case #1047 {ejabberd_SUITE,privacy_block_master} ***
=== 
=case          ejabberd_SUITE:privacy_block_slave
=group_props   [{name,"privacy_block"}]
=started       2024-12-18 20:34:29
=result        skipped: {disabled_backend,mssql}
=== *** Skipping test case #1048 {ejabberd_SUITE,privacy_block_slave} ***
=== 
=case          ejabberd_SUITE:privacy_unblock_master
=group_props   [{name,"privacy_unblock"}]
=started       2024-12-18 20:34:29
=result        skipped: {disabled_backend,mssql}
=== *** Skipping test case #1049 {ejabberd_SUITE,privacy_unblock_master} ***
=== 
=case          ejabberd_SUITE:privacy_unblock_slave
=group_props   [{name,"privacy_unblock"}]
=started       2024-12-18 20:34:29
=result        skipped: {disabled_backend,mssql}
=== *** Skipping test case #1050 {ejabberd_SUITE,privacy_unblock_slave} ***
=== 
=case          ejabberd_SUITE:privacy_unblock_all_master
=group_props   [{name,"privacy_unblock_all"}]
=started       2024-12-18 20:34:29
=result        skipped: {disabled_backend,mssql}
=== *** Skipping test case #1051 {ejabberd_SUITE,privacy_unblock_all_master} ***
=== 
=case          ejabberd_SUITE:privacy_unblock_all_slave
=group_props   [{name,"privacy_unblock_all"}]
=started       2024-12-18 20:34:29
=result        skipped: {disabled_backend,mssql}
=== *** Skipping test case #1052 {ejabberd_SUITE,privacy_unblock_all_slave} ***
=== 
=case          ejabberd_SUITE:pubsub_publish_master
=group_props   [{name,"pubsub_publish"}]
=started       2024-12-18 20:34:29
=result        skipped: {disabled_backend,mssql}
=== *** Skipping test case #1053 {ejabberd_SUITE,pubsub_publish_master} ***
=== 
=case          ejabberd_SUITE:pubsub_publish_slave
=group_props   [{name,"pubsub_publish"}]
=started       2024-12-18 20:34:29
=result        skipped: {disabled_backend,mssql}
=== *** Skipping test case #1054 {ejabberd_SUITE,pubsub_publish_slave} ***
=== 
=case          ejabberd_SUITE:pubsub_subscriptions_master
=group_props   [{name,"pubsub_subscriptions"}]
=started       2024-12-18 20:34:29
=result        skipped: {disabled_backend,mssql}
=== *** Skipping test case #1055 {ejabberd_SUITE,pubsub_subscriptions_master} ***
=== 
=case          ejabberd_SUITE:pubsub_subscriptions_slave
=group_props   [{name,"pubsub_subscriptions"}]
=started       2024-12-18 20:34:29
=result        skipped: {disabled_backend,mssql}
=== *** Skipping test case #1056 {ejabberd_SUITE,pubsub_subscriptions_slave} ***
=== 
=case          ejabberd_SUITE:pubsub_affiliations_master
=group_props   [{name,"pubsub_affiliations"}]
=started       2024-12-18 20:34:29
=result        skipped: {disabled_backend,mssql}
=== *** Skipping test case #1057 {ejabberd_SUITE,pubsub_affiliations_master} ***
=== 
=case          ejabberd_SUITE:pubsub_affiliations_slave
=group_props   [{name,"pubsub_affiliations"}]
=started       2024-12-18 20:34:29
=result        skipped: {disabled_backend,mssql}
=== *** Skipping test case #1058 {ejabberd_SUITE,pubsub_affiliations_slave} ***
=== 
=case          ejabberd_SUITE:pubsub_authorize_master
=group_props   [{name,"pubsub_authorize"}]
=started       2024-12-18 20:34:29
=result        skipped: {disabled_backend,mssql}
=== *** Skipping test case #1059 {ejabberd_SUITE,pubsub_authorize_master} ***
=== 
=case          ejabberd_SUITE:pubsub_authorize_slave
=group_props   [{name,"pubsub_authorize"}]
=started       2024-12-18 20:34:29
=result        skipped: {disabled_backend,mssql}
=== *** Skipping test case #1060 {ejabberd_SUITE,pubsub_authorize_slave} ***
=== 
=case          ejabberd_SUITE:roster_subscribe_master
=group_props   [{name,"roster_subscribe"}]
=started       2024-12-18 20:34:29
=result        skipped: {disabled_backend,mssql}
=== *** Skipping test case #1061 {ejabberd_SUITE,roster_subscribe_master} ***
=== 
=case          ejabberd_SUITE:roster_subscribe_slave
=group_props   [{name,"roster_subscribe"}]
=started       2024-12-18 20:34:29
=result        skipped: {disabled_backend,mssql}
=== *** Skipping test case #1062 {ejabberd_SUITE,roster_subscribe_slave} ***
=== 
=case          ejabberd_SUITE:offline_flex_master
=group_props   [{name,"offline_flex"}]
=started       2024-12-18 20:34:29
=result        skipped: {disabled_backend,mssql}
=== *** Skipping test case #1063 {ejabberd_SUITE,offline_flex_master} ***
=== 
=case          ejabberd_SUITE:offline_flex_slave
=group_props   [{name,"offline_flex"}]
=started       2024-12-18 20:34:29
=result        skipped: {disabled_backend,mssql}
=== *** Skipping test case #1064 {ejabberd_SUITE,offline_flex_slave} ***
=== 
=case          ejabberd_SUITE:offline_send_all_master
=group_props   [{name,"offline_send_all"}]
=started       2024-12-18 20:34:29
=result        skipped: {disabled_backend,mssql}
=== *** Skipping test case #1065 {ejabberd_SUITE,offline_send_all_master} ***
=== 
=case          ejabberd_SUITE:offline_send_all_slave
=group_props   [{name,"offline_send_all"}]
=started       2024-12-18 20:34:29
=result        skipped: {disabled_backend,mssql}
=== *** Skipping test case #1066 {ejabberd_SUITE,offline_send_all_slave} ***
=== 
=case          ejabberd_SUITE:offline_from_mam_master
=group_props   [{name,"offline_from_mam"}]
=started       2024-12-18 20:34:29
=result        skipped: {disabled_backend,mssql}
=== *** Skipping test case #1067 {ejabberd_SUITE,offline_from_mam_master} ***
=== 
=case          ejabberd_SUITE:offline_from_mam_slave
=group_props   [{name,"offline_from_mam"}]
=started       2024-12-18 20:34:29
=result        skipped: {disabled_backend,mssql}
=== *** Skipping test case #1068 {ejabberd_SUITE,offline_from_mam_slave} ***
=== 
=case          ejabberd_SUITE:offline_mucsub_mam_master
=group_props   [{name,"offline_mucsub_mam"}]
=started       2024-12-18 20:34:29
=result        skipped: {disabled_backend,mssql}
=== *** Skipping test case #1069 {ejabberd_SUITE,offline_mucsub_mam_master} ***
=== 
=case          ejabberd_SUITE:offline_mucsub_mam_slave
=group_props   [{name,"offline_mucsub_mam"}]
=started       2024-12-18 20:34:29
=result        skipped: {disabled_backend,mssql}
=== *** Skipping test case #1070 {ejabberd_SUITE,offline_mucsub_mam_slave} ***
=== 
=case          ejabberd_SUITE:mam_archived_and_stanza_id_master
=group_props   [{name,"mam_archived_and_stanza_id"}]
=started       2024-12-18 20:34:29
=result        skipped: {disabled_backend,mssql}
=== *** Skipping test case #1071 {ejabberd_SUITE,mam_archived_and_stanza_id_master} ***
=== 
=case          ejabberd_SUITE:mam_archived_and_stanza_id_slave
=group_props   [{name,"mam_archived_and_stanza_id"}]
=started       2024-12-18 20:34:29
=result        skipped: {disabled_backend,mssql}
=== *** Skipping test case #1072 {ejabberd_SUITE,mam_archived_and_stanza_id_slave} ***
=== 
=case          ejabberd_SUITE:mam_query_all_master
=group_props   [{name,"mam_query_all"}]
=started       2024-12-18 20:34:29
=result        skipped: {disabled_backend,mssql}
=== *** Skipping test case #1073 {ejabberd_SUITE,mam_query_all_master} ***
=== 
=case          ejabberd_SUITE:mam_query_all_slave
=group_props   [{name,"mam_query_all"}]
=started       2024-12-18 20:34:29
=result        skipped: {disabled_backend,mssql}
=== *** Skipping test case #1074 {ejabberd_SUITE,mam_query_all_slave} ***
=== 
=case          ejabberd_SUITE:mam_query_with_master
=group_props   [{name,"mam_query_with"}]
=started       2024-12-18 20:34:29
=result        skipped: {disabled_backend,mssql}
=== *** Skipping test case #1075 {ejabberd_SUITE,mam_query_with_master} ***
=== 
=case          ejabberd_SUITE:mam_query_with_slave
=group_props   [{name,"mam_query_with"}]
=started       2024-12-18 20:34:29
=result        skipped: {disabled_backend,mssql}
=== *** Skipping test case #1076 {ejabberd_SUITE,mam_query_with_slave} ***
=== 
=case          ejabberd_SUITE:mam_query_rsm_max_master
=group_props   [{name,"mam_query_rsm_max"}]
=started       2024-12-18 20:34:29
=result        skipped: {disabled_backend,mssql}
=== *** Skipping test case #1077 {ejabberd_SUITE,mam_query_rsm_max_master} ***
=== 
=case          ejabberd_SUITE:mam_query_rsm_max_slave
=group_props   [{name,"mam_query_rsm_max"}]
=started       2024-12-18 20:34:29
=result        skipped: {disabled_backend,mssql}
=== *** Skipping test case #1078 {ejabberd_SUITE,mam_query_rsm_max_slave} ***
=== 
=case          ejabberd_SUITE:mam_query_rsm_after_master
=group_props   [{name,"mam_query_rsm_after"}]
=started       2024-12-18 20:34:29
=result        skipped: {disabled_backend,mssql}
=== *** Skipping test case #1079 {ejabberd_SUITE,mam_query_rsm_after_master} ***
=== 
=case          ejabberd_SUITE:mam_query_rsm_after_slave
=group_props   [{name,"mam_query_rsm_after"}]
=started       2024-12-18 20:34:29
=result        skipped: {disabled_backend,mssql}
=== *** Skipping test case #1080 {ejabberd_SUITE,mam_query_rsm_after_slave} ***
=== 
=case          ejabberd_SUITE:mam_query_rsm_before_master
=group_props   [{name,"mam_query_rsm_before"}]
=started       2024-12-18 20:34:29
=result        skipped: {disabled_backend,mssql}
=== *** Skipping test case #1081 {ejabberd_SUITE,mam_query_rsm_before_master} ***
=== 
=case          ejabberd_SUITE:mam_query_rsm_before_slave
=group_props   [{name,"mam_query_rsm_before"}]
=started       2024-12-18 20:34:29
=result        skipped: {disabled_backend,mssql}
=== *** Skipping test case #1082 {ejabberd_SUITE,mam_query_rsm_before_slave} ***
=== 
=case          ejabberd_SUITE:mam_muc_master
=group_props   [{name,"mam_muc"}]
=started       2024-12-18 20:34:29
=result        skipped: {disabled_backend,mssql}
=== *** Skipping test case #1083 {ejabberd_SUITE,mam_muc_master} ***
=== 
=case          ejabberd_SUITE:mam_muc_slave
=group_props   [{name,"mam_muc"}]
=started       2024-12-18 20:34:29
=result        skipped: {disabled_backend,mssql}
=== *** Skipping test case #1084 {ejabberd_SUITE,mam_muc_slave} ***
=== 
=case          ejabberd_SUITE:mam_mucsub_master
=group_props   [{name,"mam_mucsub"}]
=started       2024-12-18 20:34:29
=result        skipped: {disabled_backend,mssql}
=== *** Skipping test case #1085 {ejabberd_SUITE,mam_mucsub_master} ***
=== 
=case          ejabberd_SUITE:mam_mucsub_slave
=group_props   [{name,"mam_mucsub"}]
=started       2024-12-18 20:34:29
=result        skipped: {disabled_backend,mssql}
=== *** Skipping test case #1086 {ejabberd_SUITE,mam_mucsub_slave} ***
=== 
=case          ejabberd_SUITE:mam_mucsub_from_muc_master
=group_props   [{name,"mam_mucsub_from_muc"}]
=started       2024-12-18 20:34:29
=result        skipped: {disabled_backend,mssql}
=== *** Skipping test case #1087 {ejabberd_SUITE,mam_mucsub_from_muc_master} ***
=== 
=case          ejabberd_SUITE:mam_mucsub_from_muc_slave
=group_props   [{name,"mam_mucsub_from_muc"}]
=started       2024-12-18 20:34:29
=result        skipped: {disabled_backend,mssql}
=== *** Skipping test case #1088 {ejabberd_SUITE,mam_mucsub_from_muc_slave} ***
=== 
=case          ejabberd_SUITE:mam_mucsub_from_muc_non_persistent_master
=group_props   [{name,"mam_mucsub_from_muc_non_persistent"}]
=started       2024-12-18 20:34:29
=result        skipped: {disabled_backend,mssql}
=== *** Skipping test case #1089 {ejabberd_SUITE,mam_mucsub_from_muc_non_persistent_master} ***
=== 
=case          ejabberd_SUITE:mam_mucsub_from_muc_non_persistent_slave
=group_props   [{name,"mam_mucsub_from_muc_non_persistent"}]
=started       2024-12-18 20:34:29
=result        skipped: {disabled_backend,mssql}
=== *** Skipping test case #1090 {ejabberd_SUITE,mam_mucsub_from_muc_non_persistent_slave} ***
=== 
=case          ejabberd_SUITE:announce_set_motd_master
=group_props   [{name,"announce_set_motd"}]
=started       2024-12-18 20:34:29
=result        skipped: {disabled_backend,mssql}
=== *** Skipping test case #1091 {ejabberd_SUITE,announce_set_motd_master} ***
=== 
=case          ejabberd_SUITE:announce_set_motd_slave
=group_props   [{name,"announce_set_motd"}]
=started       2024-12-18 20:34:29
=result        skipped: {disabled_backend,mssql}
=== *** Skipping test case #1092 {ejabberd_SUITE,announce_set_motd_slave} ***
=== 
=case          ejabberd_SUITE:push_sm_master
=group_props   [{name,"push_sm"}]
=started       2024-12-18 20:34:29
=result        skipped: {disabled_backend,mssql}
=== *** Skipping test case #1093 {ejabberd_SUITE,push_sm_master} ***
=== 
=case          ejabberd_SUITE:push_sm_slave
=group_props   [{name,"push_sm"}]
=started       2024-12-18 20:34:29
=result        skipped: {disabled_backend,mssql}
=== *** Skipping test case #1094 {ejabberd_SUITE,push_sm_slave} ***
=== 
=case          ejabberd_SUITE:push_offline_master
=group_props   [{name,"push_offline"}]
=started       2024-12-18 20:34:29
=result        skipped: {disabled_backend,mssql}
=== *** Skipping test case #1095 {ejabberd_SUITE,push_offline_master} ***
=== 
=case          ejabberd_SUITE:push_offline_slave
=group_props   [{name,"push_offline"}]
=started       2024-12-18 20:34:29
=result        skipped: {disabled_backend,mssql}
=== *** Skipping test case #1096 {ejabberd_SUITE,push_offline_slave} ***
=== 
=case          ejabberd_SUITE:push_mam_master
=group_props   [{name,"push_mam"}]
=started       2024-12-18 20:34:29
=result        skipped: {disabled_backend,mssql}
=== *** Skipping test case #1097 {ejabberd_SUITE,push_mam_master} ***
=== 
=case          ejabberd_SUITE:push_mam_slave
=group_props   [{name,"push_mam"}]
=started       2024-12-18 20:34:29
=result        skipped: {disabled_backend,mssql}
=== *** Skipping test case #1098 {ejabberd_SUITE,push_mam_slave} ***
=== 
=case          ejabberd_SUITE:end_per_group
=group_props   [{name,"mssql"}]
=started       2024-12-18 20:34:29
=result        skipped: {disabled_backend,mssql}
=== *** Skipping {ejabberd_SUITE,end_per_group} ***
=case          ejabberd_SUITE:init_per_group
=logfile       ejabberd_suite.init_per_group.40706.html
=group_props   [{name,pgsql},sequence]
=started       2024-12-18 20:34:29
=ended         2024-12-18 20:34:29
=result        ok
=elapsed       0.043284s
=case          ejabberd_SUITE:init_per_group
=logfile       ejabberd_suite.init_per_group.40738.html
=group_props   [{name,single_user},sequence]
=started       2024-12-18 20:34:29
=ended         2024-12-18 20:34:29
=result        ok
=elapsed       0.000003s
=case          ejabberd_SUITE:test_register
=logfile       ejabberd_suite.test_register.40770.html
=started       2024-12-18 20:34:29
=ended         2024-12-18 20:34:29
=result        ok
=elapsed       0.356202s
=case          ejabberd_SUITE:init_per_group
=logfile       ejabberd_suite.init_per_group.34531.html
=group_props   [{name,legacy_auth},parallel]
=started       2024-12-18 20:34:29
=ended         2024-12-18 20:34:29
=result        ok
=elapsed       0.000002s
=case          ejabberd_SUITE:test_legacy_auth_feature
=logfile       ejabberd_suite.test_legacy_auth_feature.34563.html
=started       2024-12-18 20:34:29
=ended         2024-12-18 20:34:29
=result        ok
=elapsed       0.000738s
=case          ejabberd_SUITE:test_legacy_auth
=logfile       ejabberd_suite.test_legacy_auth.34595.html
=started       2024-12-18 20:34:29
=ended         2024-12-18 20:34:29
=result        ok
=elapsed       0.277306s
=case          ejabberd_SUITE:test_legacy_auth_digest
=logfile       ejabberd_suite.test_legacy_auth_digest.34627.html
=started       2024-12-18 20:34:29
=ended         2024-12-18 20:34:29
=result        ok
=elapsed       0.274203s
=case          ejabberd_SUITE:test_legacy_auth_no_resource
=logfile       ejabberd_suite.test_legacy_auth_no_resource.40866.html
=started       2024-12-18 20:34:29
=ended         2024-12-18 20:34:29
=result        ok
=elapsed       0.001527s
=case          ejabberd_SUITE:test_legacy_auth_bad_jid
=logfile       ejabberd_suite.test_legacy_auth_bad_jid.33156.html
=started       2024-12-18 20:34:29
=ended         2024-12-18 20:34:29
=result        ok
=elapsed       0.002093s
=case          ejabberd_SUITE:test_legacy_auth_fail
=logfile       ejabberd_suite.test_legacy_auth_fail.40898.html
=started       2024-12-18 20:34:29
=ended         2024-12-18 20:34:29
=result        ok
=elapsed       0.085002s
=case          ejabberd_SUITE:end_per_group
=logfile       ejabberd_suite.end_per_group.18629.html
=group_props   [{name,legacy_auth},parallel]
=started       2024-12-18 20:34:29
=ended         2024-12-18 20:34:30
=result        ok
=elapsed       0.000008s
=group_time    0.340s
=case          ejabberd_SUITE:auth_plain
=logfile       ejabberd_suite.auth_plain.18661.html
=started       2024-12-18 20:34:30
=ended         2024-12-18 20:34:30
=result        ok
=elapsed       0.001945s
=case          ejabberd_SUITE:auth_md5
=logfile       ejabberd_suite.auth_md5.18693.html
=started       2024-12-18 20:34:30
=ended         2024-12-18 20:34:30
=result        ok
=elapsed       0.002009s
=case          ejabberd_SUITE:presence_broadcast
=logfile       ejabberd_suite.presence_broadcast.18757.html
=started       2024-12-18 20:34:30
=ended         2024-12-18 20:34:30
=result        ok
=elapsed       0.644029s
=case          ejabberd_SUITE:last
=logfile       ejabberd_suite.last.18821.html
=started       2024-12-18 20:34:30
=ended         2024-12-18 20:34:30
=result        ok
=elapsed       0.103553s
=case          ejabberd_SUITE:init_per_group
=logfile       ejabberd_suite.init_per_group.34851.html
=group_props   [{name,webadmin_single},sequence]
=started       2024-12-18 20:34:30
=ended         2024-12-18 20:34:30
=result        ok
=elapsed       0.000003s
=case          ejabberd_SUITE:webadmin_login_page
=logfile       ejabberd_suite.webadmin_login_page.41026.html
=started       2024-12-18 20:34:30
=ended         2024-12-18 20:34:30
=result        ok
=elapsed       0.000336s
=case          ejabberd_SUITE:webadmin_welcome_page
=logfile       ejabberd_suite.webadmin_welcome_page.33284.html
=started       2024-12-18 20:34:30
=ended         2024-12-18 20:34:30
=result        ok
=elapsed       0.002409s
=case          ejabberd_SUITE:webadmin_user_page
=logfile       ejabberd_suite.webadmin_user_page.33316.html
=started       2024-12-18 20:34:30
=ended         2024-12-18 20:34:31
=result        ok
=elapsed       0.046848s
=case          ejabberd_SUITE:webadmin_adduser
=logfile       ejabberd_suite.webadmin_adduser.33348.html
=started       2024-12-18 20:34:31
=ended         2024-12-18 20:34:31
=result        ok
=elapsed       0.007677s
=case          ejabberd_SUITE:webadmin_changepassword
=logfile       ejabberd_suite.webadmin_changepassword.33380.html
=started       2024-12-18 20:34:31
=ended         2024-12-18 20:34:31
=result        ok
=elapsed       0.046663s
=case          ejabberd_SUITE:webadmin_removeuser
=logfile       ejabberd_suite.webadmin_removeuser.33412.html
=started       2024-12-18 20:34:31
=ended         2024-12-18 20:34:31
=result        ok
=elapsed       0.754393s
=case          ejabberd_SUITE:end_per_group
=logfile       ejabberd_suite.end_per_group.18853.html
=group_props   [{name,webadmin_single},sequence]
=started       2024-12-18 20:34:31
=ended         2024-12-18 20:34:31
=result        ok
=elapsed       0.000003s
=group_time    1.040s
=case          ejabberd_SUITE:init_per_group
=logfile       ejabberd_suite.init_per_group.18885.html
=group_props   [{name,roster_single},sequence]
=started       2024-12-18 20:34:31
=ended         2024-12-18 20:34:31
=result        ok
=elapsed       0.000003s
=case          ejabberd_SUITE:roster_feature_enabled
=logfile       ejabberd_suite.roster_feature_enabled.18917.html
=started       2024-12-18 20:34:31
=ended         2024-12-18 20:34:32
=result        ok
=elapsed       0.101971s
=case          ejabberd_SUITE:roster_iq_set_many_items
=logfile       ejabberd_suite.roster_iq_set_many_items.18949.html
=started       2024-12-18 20:34:32
=ended         2024-12-18 20:34:32
=result        ok
=elapsed       0.102727s
=case          ejabberd_SUITE:roster_iq_set_duplicated_groups
=logfile       ejabberd_suite.roster_iq_set_duplicated_groups.19013.html
=started       2024-12-18 20:34:32
=ended         2024-12-18 20:34:32
=result        ok
=elapsed       0.102729s
=case          ejabberd_SUITE:roster_iq_get_item
=logfile       ejabberd_suite.roster_iq_get_item.19077.html
=started       2024-12-18 20:34:32
=ended         2024-12-18 20:34:32
=result        ok
=elapsed       0.103164s
=case          ejabberd_SUITE:roster_iq_unexpected_element
=logfile       ejabberd_suite.roster_iq_unexpected_element.35075.html
=started       2024-12-18 20:34:32
=ended         2024-12-18 20:34:32
=result        ok
=elapsed       0.104060s
=case          ejabberd_SUITE:roster_iq_set_ask
=logfile       ejabberd_suite.roster_iq_set_ask.35139.html
=started       2024-12-18 20:34:32
=ended         2024-12-18 20:34:32
=result        ok
=elapsed       0.102639s
=case          ejabberd_SUITE:roster_set_item
=logfile       ejabberd_suite.roster_set_item.35171.html
=started       2024-12-18 20:34:32
=ended         2024-12-18 20:34:33
=result        ok
=elapsed       0.554904s
=case          ejabberd_SUITE:roster_version
=logfile       ejabberd_suite.roster_version.35299.html
=started       2024-12-18 20:34:33
=ended         2024-12-18 20:34:33
=result        ok
=elapsed       0.151865s
=case          ejabberd_SUITE:end_per_group
=logfile       ejabberd_suite.end_per_group.35363.html
=group_props   [{name,roster_single},sequence]
=started       2024-12-18 20:34:33
=ended         2024-12-18 20:34:33
=result        ok
=elapsed       0.000006s
=group_time    1.595s
=case          ejabberd_SUITE:init_per_group
=logfile       ejabberd_suite.init_per_group.35395.html
=group_props   [{name,private_single},sequence]
=started       2024-12-18 20:34:33
=ended         2024-12-18 20:34:33
=result        ok
=elapsed       0.000003s
=case          ejabberd_SUITE:private_test_features
=logfile       ejabberd_suite.private_test_features.35427.html
=started       2024-12-18 20:34:33
=ended         2024-12-18 20:34:33
=result        ok
=elapsed       0.102801s
=case          ejabberd_SUITE:private_test_no_namespace
=logfile       ejabberd_suite.private_test_no_namespace.35491.html
=started       2024-12-18 20:34:33
=ended         2024-12-18 20:34:33
=result        ok
=elapsed       0.102814s
=case          ejabberd_SUITE:private_test_set_get
=logfile       ejabberd_suite.private_test_set_get.35523.html
=started       2024-12-18 20:34:33
=ended         2024-12-18 20:34:34
=result        ok
=elapsed       0.704544s
=case          ejabberd_SUITE:private_test_published
=logfile       ejabberd_suite.private_test_published.35587.html
=started       2024-12-18 20:34:34
=ended         2024-12-18 20:34:34
=result        ok
=elapsed       0.280437s
=case          ejabberd_SUITE:end_per_group
=logfile       ejabberd_suite.end_per_group.35651.html
=group_props   [{name,private_single},sequence]
=started       2024-12-18 20:34:34
=ended         2024-12-18 20:34:34
=result        ok
=elapsed       0.000002s
=group_time    1.340s
=case          ejabberd_SUITE:init_per_group
=logfile       ejabberd_suite.init_per_group.35683.html
=group_props   [{name,privacy_single},sequence]
=started       2024-12-18 20:34:34
=ended         2024-12-18 20:34:34
=result        ok
=elapsed       0.000002s
=case          ejabberd_SUITE:privacy_feature_enabled
=logfile       ejabberd_suite.privacy_feature_enabled.35715.html
=started       2024-12-18 20:34:34
=ended         2024-12-18 20:34:35
=result        ok
=elapsed       0.103505s
=case          ejabberd_SUITE:privacy_set_get_list
=logfile       ejabberd_suite.privacy_set_get_list.35779.html
=started       2024-12-18 20:34:35
=ended         2024-12-18 20:34:35
=result        ok
=elapsed       0.286326s
=case          ejabberd_SUITE:privacy_get_list_non_existent
=logfile       ejabberd_suite.privacy_get_list_non_existent.35875.html
=started       2024-12-18 20:34:35
=ended         2024-12-18 20:34:35
=result        ok
=elapsed       0.103223s
=case          ejabberd_SUITE:privacy_get_empty_lists
=logfile       ejabberd_suite.privacy_get_empty_lists.41474.html
=started       2024-12-18 20:34:35
=ended         2024-12-18 20:34:35
=result        ok
=elapsed       0.103321s
=case          ejabberd_SUITE:privacy_set_default
=logfile       ejabberd_suite.privacy_set_default.35971.html
=started       2024-12-18 20:34:35
=ended         2024-12-18 20:34:35
=result        ok
=elapsed       0.193332s
=case          ejabberd_SUITE:privacy_del_default
=logfile       ejabberd_suite.privacy_del_default.36067.html
=started       2024-12-18 20:34:35
=ended         2024-12-18 20:34:36
=result        ok
=elapsed       0.152525s
=case          ejabberd_SUITE:privacy_set_default_non_existent
=logfile       ejabberd_suite.privacy_set_default_non_existent.36163.html
=started       2024-12-18 20:34:36
=ended         2024-12-18 20:34:36
=result        ok
=elapsed       0.103153s
=case          ejabberd_SUITE:privacy_set_active
=logfile       ejabberd_suite.privacy_set_active.36227.html
=started       2024-12-18 20:34:36
=ended         2024-12-18 20:34:36
=result        ok
=elapsed       0.148257s
=case          ejabberd_SUITE:privacy_del_active
=logfile       ejabberd_suite.privacy_del_active.36259.html
=started       2024-12-18 20:34:36
=ended         2024-12-18 20:34:36
=result        ok
=elapsed       0.150209s
=case          ejabberd_SUITE:privacy_set_active_non_existent
=logfile       ejabberd_suite.privacy_set_active_non_existent.41666.html
=started       2024-12-18 20:34:36
=ended         2024-12-18 20:34:36
=result        ok
=elapsed       0.103021s
=case          ejabberd_SUITE:privacy_remove_list
=logfile       ejabberd_suite.privacy_remove_list.41730.html
=started       2024-12-18 20:34:36
=ended         2024-12-18 20:34:36
=result        ok
=elapsed       0.195103s
=case          ejabberd_SUITE:privacy_remove_default_list
=logfile       ejabberd_suite.privacy_remove_default_list.41794.html
=started       2024-12-18 20:34:36
=ended         2024-12-18 20:34:37
=result        ok
=elapsed       0.151290s
=case          ejabberd_SUITE:privacy_remove_active_list
=logfile       ejabberd_suite.privacy_remove_active_list.41858.html
=started       2024-12-18 20:34:37
=ended         2024-12-18 20:34:37
=result        ok
=elapsed       0.148596s
=case          ejabberd_SUITE:privacy_remove_list_non_existent
=logfile       ejabberd_suite.privacy_remove_list_non_existent.41922.html
=started       2024-12-18 20:34:37
=ended         2024-12-18 20:34:37
=result        ok
=elapsed       0.103389s
=case          ejabberd_SUITE:privacy_allow_local_server
=logfile       ejabberd_suite.privacy_allow_local_server.41954.html
=started       2024-12-18 20:34:37
=ended         2024-12-18 20:34:37
=result        ok
=elapsed       0.194584s
=case          ejabberd_SUITE:privacy_malformed_iq_query
=logfile       ejabberd_suite.privacy_malformed_iq_query.41986.html
=started       2024-12-18 20:34:37
=ended         2024-12-18 20:34:37
=result        ok
=elapsed       0.103079s
=case          ejabberd_SUITE:privacy_malformed_get
=logfile       ejabberd_suite.privacy_malformed_get.42050.html
=started       2024-12-18 20:34:37
=ended         2024-12-18 20:34:37
=result        ok
=elapsed       0.104473s
=case          ejabberd_SUITE:privacy_malformed_set
=logfile       ejabberd_suite.privacy_malformed_set.42114.html
=started       2024-12-18 20:34:37
=ended         2024-12-18 20:34:38
=result        ok
=elapsed       0.104059s
=case          ejabberd_SUITE:privacy_malformed_type_value
=logfile       ejabberd_suite.privacy_malformed_type_value.42210.html
=started       2024-12-18 20:34:38
=ended         2024-12-18 20:34:38
=result        ok
=elapsed       0.103777s
=case          ejabberd_SUITE:privacy_set_get_block
=logfile       ejabberd_suite.privacy_set_get_block.42274.html
=started       2024-12-18 20:34:38
=ended         2024-12-18 20:34:38
=result        ok
=elapsed       0.240178s
=case          ejabberd_SUITE:end_per_group
=logfile       ejabberd_suite.end_per_group.42370.html
=group_props   [{name,privacy_single},sequence]
=started       2024-12-18 20:34:38
=ended         2024-12-18 20:34:38
=result        ok
=elapsed       0.000002s
=group_time    3.528s
=case          ejabberd_SUITE:init_per_group
=logfile       ejabberd_suite.init_per_group.42402.html
=group_props   [{name,vcard_single},sequence]
=started       2024-12-18 20:34:38
=ended         2024-12-18 20:34:38
=result        ok
=elapsed       0.000002s
=case          ejabberd_SUITE:vcard_feature_enabled
=logfile       ejabberd_suite.vcard_feature_enabled.42434.html
=started       2024-12-18 20:34:38
=ended         2024-12-18 20:34:38
=result        ok
=elapsed       0.104397s
=case          ejabberd_SUITE:vcard_get_set
=logfile       ejabberd_suite.vcard_get_set.42498.html
=started       2024-12-18 20:34:38
=ended         2024-12-18 20:34:38
=result        ok
=elapsed       0.191048s
=case          ejabberd_SUITE:vcard_service_vcard
=logfile       ejabberd_suite.vcard_service_vcard.42530.html
=started       2024-12-18 20:34:38
=ended         2024-12-18 20:34:39
=result        ok
=elapsed       0.102989s
=case          ejabberd_SUITE:end_per_group
=logfile       ejabberd_suite.end_per_group.42594.html
=group_props   [{name,vcard_single},sequence]
=started       2024-12-18 20:34:39
=ended         2024-12-18 20:34:39
=result        ok
=elapsed       0.000002s
=group_time    0.513s
=case          ejabberd_SUITE:init_per_group
=logfile       ejabberd_suite.init_per_group.42626.html
=group_props   [{name,pubsub_single},sequence]
=started       2024-12-18 20:34:39
=ended         2024-12-18 20:34:39
=result        ok
=elapsed       0.000002s
=case          ejabberd_SUITE:pubsub_test_features
=logfile       ejabberd_suite.pubsub_test_features.42658.html
=started       2024-12-18 20:34:39
=ended         2024-12-18 20:34:39
=result        ok
=elapsed       0.103323s
=case          ejabberd_SUITE:pubsub_test_vcard
=logfile       ejabberd_suite.pubsub_test_vcard.42754.html
=started       2024-12-18 20:34:39
=ended         2024-12-18 20:34:39
=result        ok
=elapsed       0.103428s
=case          ejabberd_SUITE:pubsub_test_create
=logfile       ejabberd_suite.pubsub_test_create.42818.html
=started       2024-12-18 20:34:39
=ended         2024-12-18 20:34:39
=result        ok
=elapsed       0.107642s
=case          ejabberd_SUITE:pubsub_test_configure
=logfile       ejabberd_suite.pubsub_test_configure.42882.html
=started       2024-12-18 20:34:39
=ended         2024-12-18 20:34:39
=result        ok
=elapsed       0.200488s
=case          ejabberd_SUITE:pubsub_test_delete
=logfile       ejabberd_suite.pubsub_test_delete.42946.html
=started       2024-12-18 20:34:39
=ended         2024-12-18 20:34:39
=result        ok
=elapsed       0.105248s
=case          ejabberd_SUITE:pubsub_test_get_affiliations
=logfile       ejabberd_suite.pubsub_test_get_affiliations.43010.html
=started       2024-12-18 20:34:39
=ended         2024-12-18 20:34:40
=result        ok
=elapsed       0.149858s
=case          ejabberd_SUITE:pubsub_test_get_subscriptions
=logfile       ejabberd_suite.pubsub_test_get_subscriptions.43106.html
=started       2024-12-18 20:34:40
=ended         2024-12-18 20:34:40
=result        ok
=elapsed       0.204643s
=case          ejabberd_SUITE:pubsub_test_create_instant
=logfile       ejabberd_suite.pubsub_test_create_instant.43202.html
=started       2024-12-18 20:34:40
=ended         2024-12-18 20:34:40
=result        ok
=elapsed       0.110851s
=case          ejabberd_SUITE:pubsub_test_default
=logfile       ejabberd_suite.pubsub_test_default.43266.html
=started       2024-12-18 20:34:40
=ended         2024-12-18 20:34:40
=result        ok
=elapsed       0.103528s
=case          ejabberd_SUITE:pubsub_test_create_configure
=logfile       ejabberd_suite.pubsub_test_create_configure.43362.html
=started       2024-12-18 20:34:40
=ended         2024-12-18 20:34:40
=result        ok
=elapsed       0.116600s
=case          ejabberd_SUITE:pubsub_test_publish
=logfile       ejabberd_suite.pubsub_test_publish.43426.html
=started       2024-12-18 20:34:40
=ended         2024-12-18 20:34:40
=result        ok
=elapsed       0.113864s
=case          ejabberd_SUITE:pubsub_test_auto_create
=logfile       ejabberd_suite.pubsub_test_auto_create.43490.html
=started       2024-12-18 20:34:40
=ended         2024-12-18 20:34:40
=result        ok
=elapsed       0.112773s
=case          ejabberd_SUITE:pubsub_test_get_items
=logfile       ejabberd_suite.pubsub_test_get_items.43522.html
=started       2024-12-18 20:34:40
=ended         2024-12-18 20:34:41
=result        ok
=elapsed       0.126207s
=case          ejabberd_SUITE:pubsub_test_delete_item
=logfile       ejabberd_suite.pubsub_test_delete_item.43586.html
=started       2024-12-18 20:34:41
=ended         2024-12-18 20:34:41
=result        ok
=elapsed       0.159251s
=case          ejabberd_SUITE:pubsub_test_purge
=logfile       ejabberd_suite.pubsub_test_purge.43618.html
=started       2024-12-18 20:34:41
=ended         2024-12-18 20:34:41
=result        ok
=elapsed       0.212244s
=case          ejabberd_SUITE:pubsub_test_subscribe
=logfile       ejabberd_suite.pubsub_test_subscribe.43650.html
=started       2024-12-18 20:34:41
=ended         2024-12-18 20:34:41
=result        ok
=elapsed       0.114443s
=case          ejabberd_SUITE:pubsub_test_subscribe_max_item_1
=logfile       ejabberd_suite.pubsub_test_subscribe_max_item_1.43714.html
=started       2024-12-18 20:34:41
=ended         2024-12-18 20:34:41
=result        ok
=elapsed       0.117199s
=case          ejabberd_SUITE:pubsub_test_unsubscribe
=logfile       ejabberd_suite.pubsub_test_unsubscribe.43778.html
=started       2024-12-18 20:34:41
=ended         2024-12-18 20:34:42
=result        ok
=elapsed       0.159741s
=case          ejabberd_SUITE:end_per_group
=logfile       ejabberd_suite.end_per_group.43842.html
=group_props   [{name,pubsub_single},sequence]
=started       2024-12-18 20:34:42
=ended         2024-12-18 20:34:42
=result        ok
=elapsed       0.000002s
=group_time    2.996s
=case          ejabberd_SUITE:init_per_group
=logfile       ejabberd_suite.init_per_group.43874.html
=group_props   [{name,muc_single},sequence]
=started       2024-12-18 20:34:42
=ended         2024-12-18 20:34:42
=result        ok
=elapsed       0.000003s
=case          ejabberd_SUITE:muc_service_presence_error
=logfile       ejabberd_suite.muc_service_presence_error.43906.html
=started       2024-12-18 20:34:42
=ended         2024-12-18 20:34:42
=result        ok
=elapsed       0.190221s
=case          ejabberd_SUITE:muc_service_message_error
=logfile       ejabberd_suite.muc_service_message_error.44002.html
=started       2024-12-18 20:34:42
=ended         2024-12-18 20:34:42
=result        ok
=elapsed       0.189542s
=case          ejabberd_SUITE:muc_service_unknown_ns_iq_error
=logfile       ejabberd_suite.muc_service_unknown_ns_iq_error.44066.html
=started       2024-12-18 20:34:42
=ended         2024-12-18 20:34:42
=result        ok
=elapsed       0.188018s
=case          ejabberd_SUITE:muc_service_iq_set_error
=logfile       ejabberd_suite.muc_service_iq_set_error.44162.html
=started       2024-12-18 20:34:42
=ended         2024-12-18 20:34:43
=result        ok
=elapsed       0.320289s
=case          ejabberd_SUITE:muc_service_improper_iq_error
=logfile       ejabberd_suite.muc_service_improper_iq_error.44226.html
=started       2024-12-18 20:34:43
=ended         2024-12-18 20:34:43
=result        ok
=elapsed       0.276200s
=case          ejabberd_SUITE:muc_service_features
=logfile       ejabberd_suite.muc_service_features.44322.html
=started       2024-12-18 20:34:43
=ended         2024-12-18 20:34:43
=result        ok
=elapsed       0.103372s
=case          ejabberd_SUITE:muc_service_disco_info_node_error
=logfile       ejabberd_suite.muc_service_disco_info_node_error.44386.html
=started       2024-12-18 20:34:43
=ended         2024-12-18 20:34:43
=result        ok
=elapsed       0.103220s
=case          ejabberd_SUITE:muc_service_disco_items
=logfile       ejabberd_suite.muc_service_disco_items.37475.html
=started       2024-12-18 20:34:43
=ended         2024-12-18 20:34:44
=result        ok
=elapsed       0.710097s
=case          ejabberd_SUITE:muc_service_unique
=logfile       ejabberd_suite.muc_service_unique.37571.html
=started       2024-12-18 20:34:44
=ended         2024-12-18 20:34:44
=result        ok
=elapsed       0.102134s
=case          ejabberd_SUITE:muc_service_vcard
=logfile       ejabberd_suite.muc_service_vcard.37635.html
=started       2024-12-18 20:34:44
=ended         2024-12-18 20:34:44
=result        ok
=elapsed       0.103580s
=case          ejabberd_SUITE:muc_configure_non_existent
=logfile       ejabberd_suite.muc_configure_non_existent.37699.html
=started       2024-12-18 20:34:44
=ended         2024-12-18 20:34:44
=result        ok
=elapsed       0.107160s
=case          ejabberd_SUITE:muc_cancel_configure_non_existent
=logfile       ejabberd_suite.muc_cancel_configure_non_existent.37763.html
=started       2024-12-18 20:34:44
=ended         2024-12-18 20:34:44
=result        ok
=elapsed       0.104416s
=case          ejabberd_SUITE:muc_service_subscriptions
=logfile       ejabberd_suite.muc_service_subscriptions.37859.html
=started       2024-12-18 20:34:44
=ended         2024-12-18 20:34:45
=result        ok
=elapsed       0.299597s
=case          ejabberd_SUITE:muc_set_room_affiliation
=logfile       ejabberd_suite.muc_set_room_affiliation.37923.html
=started       2024-12-18 20:34:45
=ended         2024-12-18 20:34:45
=result        ok
=elapsed       0.114900s
=case          ejabberd_SUITE:end_per_group
=logfile       ejabberd_suite.end_per_group.37987.html
=group_props   [{name,muc_single},sequence]
=started       2024-12-18 20:34:45
=ended         2024-12-18 20:34:45
=result        ok
=elapsed       0.000009s
=group_time    3.369s
=case          ejabberd_SUITE:init_per_group
=logfile       ejabberd_suite.init_per_group.44610.html
=group_props   [{name,offline_single},sequence]
=started       2024-12-18 20:34:45
=ended         2024-12-18 20:34:45
=result        ok
=elapsed       0.000003s
=case          ejabberd_SUITE:offline_feature_enabled
=logfile       ejabberd_suite.offline_feature_enabled.44642.html
=started       2024-12-18 20:34:45
=ended         2024-12-18 20:34:45
=result        ok
=elapsed       0.103704s
=case          ejabberd_SUITE:offline_check_identity
=logfile       ejabberd_suite.offline_check_identity.38019.html
=started       2024-12-18 20:34:45
=ended         2024-12-18 20:34:45
=result        ok
=elapsed       0.102831s
=case          ejabberd_SUITE:offline_send_non_existent
=logfile       ejabberd_suite.offline_send_non_existent.38051.html
=started       2024-12-18 20:34:45
=ended         2024-12-18 20:34:45
=result        ok
=elapsed       0.103727s
=case          ejabberd_SUITE:offline_view_non_existent
=logfile       ejabberd_suite.offline_view_non_existent.38083.html
=started       2024-12-18 20:34:45
=ended         2024-12-18 20:34:46
=result        ok
=elapsed       0.146256s
=case          ejabberd_SUITE:offline_remove_non_existent
=logfile       ejabberd_suite.offline_remove_non_existent.38147.html
=started       2024-12-18 20:34:46
=ended         2024-12-18 20:34:46
=result        ok
=elapsed       0.145926s
=case          ejabberd_SUITE:offline_view_non_integer
=logfile       ejabberd_suite.offline_view_non_integer.38179.html
=started       2024-12-18 20:34:46
=ended         2024-12-18 20:34:46
=result        ok
=elapsed       0.102728s
=case          ejabberd_SUITE:offline_remove_non_integer
=logfile       ejabberd_suite.offline_remove_non_integer.38243.html
=started       2024-12-18 20:34:46
=ended         2024-12-18 20:34:46
=result        ok
=elapsed       0.102528s
=case          ejabberd_SUITE:offline_malformed_iq
=logfile       ejabberd_suite.offline_malformed_iq.38275.html
=started       2024-12-18 20:34:46
=ended         2024-12-18 20:34:46
=result        ok
=elapsed       0.106042s
=case          ejabberd_SUITE:offline_wrong_user
=logfile       ejabberd_suite.offline_wrong_user.38371.html
=started       2024-12-18 20:34:46
=ended         2024-12-18 20:34:46
=result        ok
=elapsed       0.109794s
=case          ejabberd_SUITE:offline_unsupported_iq
=logfile       ejabberd_suite.offline_unsupported_iq.38467.html
=started       2024-12-18 20:34:46
=ended         2024-12-18 20:34:46
=result        ok
=elapsed       0.103414s
=case          ejabberd_SUITE:end_per_group
=logfile       ejabberd_suite.end_per_group.38531.html
=group_props   [{name,offline_single},sequence]
=started       2024-12-18 20:34:46
=ended         2024-12-18 20:34:46
=result        ok
=elapsed       0.000002s
=group_time    1.461s
=case          ejabberd_SUITE:init_per_group
=logfile       ejabberd_suite.init_per_group.38563.html
=group_props   [{name,mam_single},sequence]
=started       2024-12-18 20:34:46
=ended         2024-12-18 20:34:46
=result        ok
=elapsed       0.000003s
=case          ejabberd_SUITE:mam_feature_enabled
=logfile       ejabberd_suite.mam_feature_enabled.38595.html
=started       2024-12-18 20:34:46
=ended         2024-12-18 20:34:47
=result        ok
=elapsed       0.105974s
=case          ejabberd_SUITE:mam_get_set_prefs
=logfile       ejabberd_suite.mam_get_set_prefs.38659.html
=started       2024-12-18 20:34:47
=ended         2024-12-18 20:34:49
=result        ok
=elapsed       1.906271s
=case          ejabberd_SUITE:mam_get_form
=logfile       ejabberd_suite.mam_get_form.44962.html
=started       2024-12-18 20:34:49
=ended         2024-12-18 20:34:49
=result        ok
=elapsed       0.105646s
=case          ejabberd_SUITE:mam_fake_by
=logfile       ejabberd_suite.mam_fake_by.45058.html
=started       2024-12-18 20:34:49
=ended         2024-12-18 20:34:49
=result        ok
=elapsed       0.104503s
=case          ejabberd_SUITE:end_per_group
=logfile       ejabberd_suite.end_per_group.45122.html
=group_props   [{name,mam_single},sequence]
=started       2024-12-18 20:34:49
=ended         2024-12-18 20:34:49
=result        ok
=elapsed       0.000002s
=group_time    2.368s
=case          ejabberd_SUITE:init_per_group
=logfile       ejabberd_suite.init_per_group.45154.html
=group_props   [{name,push_single},sequence]
=started       2024-12-18 20:34:49
=ended         2024-12-18 20:34:49
=result        ok
=elapsed       0.000002s
=case          ejabberd_SUITE:push_feature_enabled
=logfile       ejabberd_suite.push_feature_enabled.45186.html
=started       2024-12-18 20:34:49
=ended         2024-12-18 20:34:49
=result        ok
=elapsed       0.102896s
=case          ejabberd_SUITE:push_unsupported_iq
=logfile       ejabberd_suite.push_unsupported_iq.45250.html
=started       2024-12-18 20:34:49
=ended         2024-12-18 20:34:49
=result        ok
=elapsed       0.103542s
=case          ejabberd_SUITE:end_per_group
=logfile       ejabberd_suite.end_per_group.45282.html
=group_props   [{name,push_single},sequence]
=started       2024-12-18 20:34:49
=ended         2024-12-18 20:34:49
=result        ok
=elapsed       0.000002s
=group_time    0.290s
=case          ejabberd_SUITE:test_unregister
=logfile       ejabberd_suite.test_unregister.45314.html
=started       2024-12-18 20:34:49
=ended         2024-12-18 20:34:49
=result        ok
=elapsed       0.007742s
=case          ejabberd_SUITE:end_per_group
=logfile       ejabberd_suite.end_per_group.45410.html
=group_props   [{name,single_user},sequence]
=started       2024-12-18 20:34:49
=ended         2024-12-18 20:34:49
=result        ok
=elapsed       0.000002s
=group_time    20.435s
=case          ejabberd_SUITE:init_per_group
=logfile       ejabberd_suite.init_per_group.45442.html
=group_props   [{name,muc_master_slave},sequence]
=started       2024-12-18 20:34:49
=ended         2024-12-18 20:34:49
=result        ok
=elapsed       0.000003s
=case          ejabberd_SUITE:init_per_group
=logfile       ejabberd_suite.init_per_group.45474.html
=group_props   [{name,muc_register},parallel]
=started       2024-12-18 20:34:49
=ended         2024-12-18 20:34:49
=result        ok
=elapsed       0.000002s
=case          ejabberd_SUITE:muc_register_master
=logfile       ejabberd_suite.muc_register_master.45506.html
=started       2024-12-18 20:34:49
=ended         2024-12-18 20:34:50
=result        ok
=elapsed       0.337577s
=case          ejabberd_SUITE:muc_register_slave
=logfile       ejabberd_suite.muc_register_slave.45538.html
=started       2024-12-18 20:34:49
=ended         2024-12-18 20:34:50
=result        ok
=elapsed       0.336345s
=case          ejabberd_SUITE:end_per_group
=logfile       ejabberd_suite.end_per_group.45602.html
=group_props   [{name,muc_register},parallel]
=started       2024-12-18 20:34:50
=ended         2024-12-18 20:34:50
=result        ok
=elapsed       0.000003s
=group_time    0.399s
=case          ejabberd_SUITE:init_per_group
=logfile       ejabberd_suite.init_per_group.45634.html
=group_props   [{name,muc_groupchat_msg},parallel]
=started       2024-12-18 20:34:50
=ended         2024-12-18 20:34:50
=result        ok
=elapsed       0.000003s
=case          ejabberd_SUITE:muc_groupchat_msg_master
=logfile       ejabberd_suite.muc_groupchat_msg_master.45666.html
=started       2024-12-18 20:34:50
=ended         2024-12-18 20:34:50
=result        ok
=elapsed       0.120310s
=case          ejabberd_SUITE:muc_groupchat_msg_slave
=logfile       ejabberd_suite.muc_groupchat_msg_slave.45698.html
=started       2024-12-18 20:34:50
=ended         2024-12-18 20:34:50
=result        ok
=elapsed       0.117064s
=case          ejabberd_SUITE:end_per_group
=logfile       ejabberd_suite.end_per_group.45730.html
=group_props   [{name,muc_groupchat_msg},parallel]
=started       2024-12-18 20:34:50
=ended         2024-12-18 20:34:50
=result        ok
=elapsed       0.000002s
=group_time    0.178s
=case          ejabberd_SUITE:init_per_group
=logfile       ejabberd_suite.init_per_group.45762.html
=group_props   [{name,muc_private_msg},parallel]
=started       2024-12-18 20:34:50
=ended         2024-12-18 20:34:50
=result        ok
=elapsed       0.000003s
=case          ejabberd_SUITE:muc_private_msg_master
=logfile       ejabberd_suite.muc_private_msg_master.45794.html
=started       2024-12-18 20:34:50
=ended         2024-12-18 20:34:50
=result        ok
=elapsed       0.160548s
=case          ejabberd_SUITE:muc_private_msg_slave
=logfile       ejabberd_suite.muc_private_msg_slave.45826.html
=started       2024-12-18 20:34:50
=ended         2024-12-18 20:34:50
=result        ok
=elapsed       0.155568s
=case          ejabberd_SUITE:end_per_group
=logfile       ejabberd_suite.end_per_group.45954.html
=group_props   [{name,muc_private_msg},parallel]
=started       2024-12-18 20:34:50
=ended         2024-12-18 20:34:50
=result        ok
=elapsed       0.000002s
=group_time    0.218s
=case          ejabberd_SUITE:init_per_group
=logfile       ejabberd_suite.init_per_group.45986.html
=group_props   [{name,muc_set_subject},parallel]
=started       2024-12-18 20:34:50
=ended         2024-12-18 20:34:50
=result        ok
=elapsed       0.000003s
=case          ejabberd_SUITE:muc_set_subject_master
=logfile       ejabberd_suite.muc_set_subject_master.46018.html
=started       2024-12-18 20:34:50
=ended         2024-12-18 20:34:50
=result        ok
=elapsed       0.124345s
=case          ejabberd_SUITE:muc_set_subject_slave
=logfile       ejabberd_suite.muc_set_subject_slave.46050.html
=started       2024-12-18 20:34:50
=ended         2024-12-18 20:34:50
=result        ok
=elapsed       0.120515s
=case          ejabberd_SUITE:end_per_group
=logfile       ejabberd_suite.end_per_group.46114.html
=group_props   [{name,muc_set_subject},parallel]
=started       2024-12-18 20:34:50
=ended         2024-12-18 20:34:50
=result        ok
=elapsed       0.000002s
=group_time    0.181s
=case          ejabberd_SUITE:init_per_group
=logfile       ejabberd_suite.init_per_group.46146.html
=group_props   [{name,muc_history},parallel]
=started       2024-12-18 20:34:50
=ended         2024-12-18 20:34:50
=result        ok
=elapsed       0.000003s
=case          ejabberd_SUITE:muc_history_master
=logfile       ejabberd_suite.muc_history_master.39267.html
=started       2024-12-18 20:34:50
=ended         2024-12-18 20:34:51
=result        ok
=elapsed       0.157428s
=case          ejabberd_SUITE:muc_history_slave
=logfile       ejabberd_suite.muc_history_slave.46178.html
=started       2024-12-18 20:34:50
=ended         2024-12-18 20:34:51
=result        ok
=elapsed       0.153612s
=case          ejabberd_SUITE:end_per_group
=logfile       ejabberd_suite.end_per_group.46242.html
=group_props   [{name,muc_history},parallel]
=started       2024-12-18 20:34:51
=ended         2024-12-18 20:34:51
=result        ok
=elapsed       0.000008s
=group_time    0.215s
=case          ejabberd_SUITE:init_per_group
=logfile       ejabberd_suite.init_per_group.46274.html
=group_props   [{name,muc_invite},parallel]
=started       2024-12-18 20:34:51
=ended         2024-12-18 20:34:51
=result        ok
=elapsed       0.000003s
=case          ejabberd_SUITE:muc_invite_master
=logfile       ejabberd_suite.muc_invite_master.46306.html
=started       2024-12-18 20:34:51
=ended         2024-12-18 20:34:51
=result        ok
=elapsed       0.112706s
=case          ejabberd_SUITE:muc_invite_slave
=logfile       ejabberd_suite.muc_invite_slave.46338.html
=started       2024-12-18 20:34:51
=ended         2024-12-18 20:34:51
=result        ok
=elapsed       0.149619s
=case          ejabberd_SUITE:end_per_group
=logfile       ejabberd_suite.end_per_group.46402.html
=group_props   [{name,muc_invite},parallel]
=started       2024-12-18 20:34:51
=ended         2024-12-18 20:34:51
=result        ok
=elapsed       0.000002s
=group_time    0.209s
=case          ejabberd_SUITE:init_per_group
=logfile       ejabberd_suite.init_per_group.46434.html
=group_props   [{name,muc_invite_members_only},parallel]
=started       2024-12-18 20:34:51
=ended         2024-12-18 20:34:51
=result        ok
=elapsed       0.000002s
=case          ejabberd_SUITE:muc_invite_members_only_master
=logfile       ejabberd_suite.muc_invite_members_only_master.34180.html
=started       2024-12-18 20:34:51
=ended         2024-12-18 20:34:51
=result        ok
=elapsed       0.115273s
=case          ejabberd_SUITE:muc_invite_members_only_slave
=logfile       ejabberd_suite.muc_invite_members_only_slave.34212.html
=started       2024-12-18 20:34:51
=ended         2024-12-18 20:34:51
=result        ok
=elapsed       0.111960s
=case          ejabberd_SUITE:end_per_group
=logfile       ejabberd_suite.end_per_group.34308.html
=group_props   [{name,muc_invite_members_only},parallel]
=started       2024-12-18 20:34:51
=ended         2024-12-18 20:34:51
=result        ok
=elapsed       0.000003s
=group_time    0.173s
=case          ejabberd_SUITE:init_per_group
=logfile       ejabberd_suite.init_per_group.34340.html
=group_props   [{name,muc_invite_password_protected},parallel]
=started       2024-12-18 20:34:51
=ended         2024-12-18 20:34:51
=result        ok
=elapsed       0.000003s
=case          ejabberd_SUITE:muc_invite_password_protected_master
=logfile       ejabberd_suite.muc_invite_password_protected_master.34372.html
=started       2024-12-18 20:34:51
=ended         2024-12-18 20:34:51
=result        ok
=elapsed       0.155290s
=case          ejabberd_SUITE:muc_invite_password_protected_slave
=logfile       ejabberd_suite.muc_invite_password_protected_slave.34404.html
=started       2024-12-18 20:34:51
=ended         2024-12-18 20:34:51
=result        ok
=elapsed       0.109406s
=case          ejabberd_SUITE:end_per_group
=logfile       ejabberd_suite.end_per_group.34532.html
=group_props   [{name,muc_invite_password_protected},parallel]
=started       2024-12-18 20:34:51
=ended         2024-12-18 20:34:51
=result        ok
=elapsed       0.000002s
=group_time    0.212s
=case          ejabberd_SUITE:init_per_group
=logfile       ejabberd_suite.init_per_group.46562.html
=group_props   [{name,muc_voice_request},parallel]
=started       2024-12-18 20:34:51
=ended         2024-12-18 20:34:51
=result        ok
=elapsed       0.000002s
=case          ejabberd_SUITE:muc_voice_request_master
=logfile       ejabberd_suite.muc_voice_request_master.34564.html
=started       2024-12-18 20:34:51
=ended         2024-12-18 20:34:51
=result        ok
=elapsed       0.118645s
=case          ejabberd_SUITE:muc_voice_request_slave
=logfile       ejabberd_suite.muc_voice_request_slave.34596.html
=started       2024-12-18 20:34:51
=ended         2024-12-18 20:34:51
=result        ok
=elapsed       0.114889s
=case          ejabberd_SUITE:end_per_group
=logfile       ejabberd_suite.end_per_group.34628.html
=group_props   [{name,muc_voice_request},parallel]
=started       2024-12-18 20:34:51
=ended         2024-12-18 20:34:51
=result        ok
=elapsed       0.000003s
=group_time    0.176s
=case          ejabberd_SUITE:init_per_group
=logfile       ejabberd_suite.init_per_group.34660.html
=group_props   [{name,muc_change_role},parallel]
=started       2024-12-18 20:34:51
=ended         2024-12-18 20:34:51
=result        ok
=elapsed       0.000002s
=case          ejabberd_SUITE:muc_change_role_master
=logfile       ejabberd_suite.muc_change_role_master.34692.html
=started       2024-12-18 20:34:51
=ended         2024-12-18 20:34:52
=result        ok
=elapsed       0.125255s
=case          ejabberd_SUITE:muc_change_role_slave
=logfile       ejabberd_suite.muc_change_role_slave.34724.html
=started       2024-12-18 20:34:51
=ended         2024-12-18 20:34:52
=result        ok
=elapsed       0.121368s
=case          ejabberd_SUITE:end_per_group
=logfile       ejabberd_suite.end_per_group.34820.html
=group_props   [{name,muc_change_role},parallel]
=started       2024-12-18 20:34:52
=ended         2024-12-18 20:34:52
=result        ok
=elapsed       0.000002s
=group_time    0.184s
=case          ejabberd_SUITE:init_per_group
=logfile       ejabberd_suite.init_per_group.34852.html
=group_props   [{name,muc_kick},parallel]
=started       2024-12-18 20:34:52
=ended         2024-12-18 20:34:52
=result        ok
=elapsed       0.000002s
=case          ejabberd_SUITE:muc_kick_master
=logfile       ejabberd_suite.muc_kick_master.34884.html
=started       2024-12-18 20:34:52
=ended         2024-12-18 20:34:52
=result        ok
=elapsed       0.116832s
=case          ejabberd_SUITE:muc_kick_slave
=logfile       ejabberd_suite.muc_kick_slave.34916.html
=started       2024-12-18 20:34:52
=ended         2024-12-18 20:34:52
=result        ok
=elapsed       0.111816s
=case          ejabberd_SUITE:end_per_group
=logfile       ejabberd_suite.end_per_group.34980.html
=group_props   [{name,muc_kick},parallel]
=started       2024-12-18 20:34:52
=ended         2024-12-18 20:34:52
=result        ok
=elapsed       0.000008s
=group_time    0.173s
=case          ejabberd_SUITE:init_per_group
=logfile       ejabberd_suite.init_per_group.35012.html
=group_props   [{name,muc_change_affiliation},parallel]
=started       2024-12-18 20:34:52
=ended         2024-12-18 20:34:52
=result        ok
=elapsed       0.000002s
=case          ejabberd_SUITE:muc_change_affiliation_master
=logfile       ejabberd_suite.muc_change_affiliation_master.35044.html
=started       2024-12-18 20:34:52
=ended         2024-12-18 20:34:52
=result        ok
=elapsed       0.132503s
=case          ejabberd_SUITE:muc_change_affiliation_slave
=logfile       ejabberd_suite.muc_change_affiliation_slave.35076.html
=started       2024-12-18 20:34:52
=ended         2024-12-18 20:34:52
=result        ok
=elapsed       0.126868s
=case          ejabberd_SUITE:end_per_group
=logfile       ejabberd_suite.end_per_group.35108.html
=group_props   [{name,muc_change_affiliation},parallel]
=started       2024-12-18 20:34:52
=ended         2024-12-18 20:34:52
=result        ok
=elapsed       0.000002s
=group_time    0.191s
=case          ejabberd_SUITE:init_per_group
=logfile       ejabberd_suite.init_per_group.35140.html
=group_props   [{name,muc_destroy},parallel]
=started       2024-12-18 20:34:52
=ended         2024-12-18 20:34:52
=result        ok
=elapsed       0.000003s
=case          ejabberd_SUITE:muc_destroy_master
=logfile       ejabberd_suite.muc_destroy_master.35172.html
=started       2024-12-18 20:34:52
=ended         2024-12-18 20:34:52
=result        ok
=elapsed       0.114862s
=case          ejabberd_SUITE:muc_destroy_slave
=logfile       ejabberd_suite.muc_destroy_slave.39683.html
=started       2024-12-18 20:34:52
=ended         2024-12-18 20:34:52
=result        ok
=elapsed       0.115776s
=case          ejabberd_SUITE:end_per_group
=logfile       ejabberd_suite.end_per_group.39747.html
=group_props   [{name,muc_destroy},parallel]
=started       2024-12-18 20:34:52
=ended         2024-12-18 20:34:52
=result        ok
=elapsed       0.000002s
=group_time    0.177s
=case          ejabberd_SUITE:init_per_group
=logfile       ejabberd_suite.init_per_group.39779.html
=group_props   [{name,muc_vcard},parallel]
=started       2024-12-18 20:34:52
=ended         2024-12-18 20:34:52
=result        ok
=elapsed       0.000003s
=case          ejabberd_SUITE:muc_vcard_master
=logfile       ejabberd_suite.muc_vcard_master.46978.html
=started       2024-12-18 20:34:52
=ended         2024-12-18 20:34:52
=result        ok
=elapsed       0.121604s
=case          ejabberd_SUITE:muc_vcard_slave
=logfile       ejabberd_suite.muc_vcard_slave.47010.html
=started       2024-12-18 20:34:52
=ended         2024-12-18 20:34:52
=result        ok
=elapsed       0.119617s
=case          ejabberd_SUITE:end_per_group
=logfile       ejabberd_suite.end_per_group.47106.html
=group_props   [{name,muc_vcard},parallel]
=started       2024-12-18 20:34:52
=ended         2024-12-18 20:34:52
=result        ok
=elapsed       0.000002s
=group_time    0.181s
=case          ejabberd_SUITE:init_per_group
=logfile       ejabberd_suite.init_per_group.47138.html
=group_props   [{name,muc_nick_change},parallel]
=started       2024-12-18 20:34:52
=ended         2024-12-18 20:34:52
=result        ok
=elapsed       0.000003s
=case          ejabberd_SUITE:muc_nick_change_master
=logfile       ejabberd_suite.muc_nick_change_master.47170.html
=started       2024-12-18 20:34:52
=ended         2024-12-18 20:34:53
=result        ok
=elapsed       0.116678s
=case          ejabberd_SUITE:muc_nick_change_slave
=logfile       ejabberd_suite.muc_nick_change_slave.39843.html
=started       2024-12-18 20:34:52
=ended         2024-12-18 20:34:53
=result        ok
=elapsed       0.114709s
=case          ejabberd_SUITE:end_per_group
=logfile       ejabberd_suite.end_per_group.39907.html
=group_props   [{name,muc_nick_change},parallel]
=started       2024-12-18 20:34:53
=ended         2024-12-18 20:34:53
=result        ok
=elapsed       0.000002s
=group_time    0.175s
=case          ejabberd_SUITE:init_per_group
=logfile       ejabberd_suite.init_per_group.47298.html
=group_props   [{name,muc_config_title_desc},parallel]
=started       2024-12-18 20:34:53
=ended         2024-12-18 20:34:53
=result        ok
=elapsed       0.000004s
=case          ejabberd_SUITE:muc_config_title_desc_master
=logfile       ejabberd_suite.muc_config_title_desc_master.47330.html
=started       2024-12-18 20:34:53
=ended         2024-12-18 20:34:53
=result        ok
=elapsed       0.117561s
=case          ejabberd_SUITE:muc_config_title_desc_slave
=logfile       ejabberd_suite.muc_config_title_desc_slave.39939.html
=started       2024-12-18 20:34:53
=ended         2024-12-18 20:34:53
=result        ok
=elapsed       0.110681s
=case          ejabberd_SUITE:end_per_group
=logfile       ejabberd_suite.end_per_group.40003.html
=group_props   [{name,muc_config_title_desc},parallel]
=started       2024-12-18 20:34:53
=ended         2024-12-18 20:34:53
=result        ok
=elapsed       0.000002s
=group_time    0.176s
=case          ejabberd_SUITE:init_per_group
=logfile       ejabberd_suite.init_per_group.40035.html
=group_props   [{name,muc_config_public_list},parallel]
=started       2024-12-18 20:34:53
=ended         2024-12-18 20:34:53
=result        ok
=elapsed       0.000003s
=case          ejabberd_SUITE:muc_config_public_list_master
=logfile       ejabberd_suite.muc_config_public_list_master.40067.html
=started       2024-12-18 20:34:53
=ended         2024-12-18 20:34:53
=result        ok
=elapsed       0.121767s
=case          ejabberd_SUITE:muc_config_public_list_slave
=logfile       ejabberd_suite.muc_config_public_list_slave.40099.html
=started       2024-12-18 20:34:53
=ended         2024-12-18 20:34:53
=result        ok
=elapsed       0.116012s
=case          ejabberd_SUITE:end_per_group
=logfile       ejabberd_suite.end_per_group.40227.html
=group_props   [{name,muc_config_public_list},parallel]
=started       2024-12-18 20:34:53
=ended         2024-12-18 20:34:53
=result        ok
=elapsed       0.000002s
=group_time    0.179s
=case          ejabberd_SUITE:init_per_group
=logfile       ejabberd_suite.init_per_group.47490.html
=group_props   [{name,muc_config_password},parallel]
=started       2024-12-18 20:34:53
=ended         2024-12-18 20:34:53
=result        ok
=elapsed       0.000002s
=case          ejabberd_SUITE:muc_config_password_master
=logfile       ejabberd_suite.muc_config_password_master.40259.html
=started       2024-12-18 20:34:53
=ended         2024-12-18 20:34:53
=result        ok
=elapsed       0.122053s
=case          ejabberd_SUITE:muc_config_password_slave
=logfile       ejabberd_suite.muc_config_password_slave.40291.html
=started       2024-12-18 20:34:53
=ended         2024-12-18 20:34:53
=result        ok
=elapsed       0.118259s
=case          ejabberd_SUITE:end_per_group
=logfile       ejabberd_suite.end_per_group.40323.html
=group_props   [{name,muc_config_password},parallel]
=started       2024-12-18 20:34:53
=ended         2024-12-18 20:34:53
=result        ok
=elapsed       0.000002s
=group_time    0.177s
=case          ejabberd_SUITE:init_per_group
=logfile       ejabberd_suite.init_per_group.40355.html
=group_props   [{name,muc_config_whois},parallel]
=started       2024-12-18 20:34:53
=ended         2024-12-18 20:34:53
=result        ok
=elapsed       0.000002s
=case          ejabberd_SUITE:muc_config_whois_master
=logfile       ejabberd_suite.muc_config_whois_master.40387.html
=started       2024-12-18 20:34:53
=ended         2024-12-18 20:34:53
=result        ok
=elapsed       0.125087s
=case          ejabberd_SUITE:muc_config_whois_slave
=logfile       ejabberd_suite.muc_config_whois_slave.40419.html
=started       2024-12-18 20:34:53
=ended         2024-12-18 20:34:53
=result        ok
=elapsed       0.121184s
=case          ejabberd_SUITE:end_per_group
=logfile       ejabberd_suite.end_per_group.40483.html
=group_props   [{name,muc_config_whois},parallel]
=started       2024-12-18 20:34:53
=ended         2024-12-18 20:34:53
=result        ok
=elapsed       0.000002s
=group_time    0.183s
=case          ejabberd_SUITE:init_per_group
=logfile       ejabberd_suite.init_per_group.40515.html
=group_props   [{name,muc_config_members_only},parallel]
=started       2024-12-18 20:34:53
=ended         2024-12-18 20:34:53
=result        ok
=elapsed       0.000003s
=case          ejabberd_SUITE:muc_config_members_only_master
=logfile       ejabberd_suite.muc_config_members_only_master.40547.html
=started       2024-12-18 20:34:53
=ended         2024-12-18 20:34:54
=result        ok
=elapsed       0.126430s
=case          ejabberd_SUITE:muc_config_members_only_slave
=logfile       ejabberd_suite.muc_config_members_only_slave.40579.html
=started       2024-12-18 20:34:53
=ended         2024-12-18 20:34:54
=result        ok
=elapsed       0.121602s
=case          ejabberd_SUITE:end_per_group
=logfile       ejabberd_suite.end_per_group.35524.html
=group_props   [{name,muc_config_members_only},parallel]
=started       2024-12-18 20:34:54
=ended         2024-12-18 20:34:54
=result        ok
=elapsed       0.000002s
=group_time    0.185s
=case          ejabberd_SUITE:init_per_group
=logfile       ejabberd_suite.init_per_group.35556.html
=group_props   [{name,muc_config_moderated},parallel]
=started       2024-12-18 20:34:54
=ended         2024-12-18 20:34:54
=result        ok
=elapsed       0.000002s
=case          ejabberd_SUITE:muc_config_moderated_master
=logfile       ejabberd_suite.muc_config_moderated_master.47842.html
=started       2024-12-18 20:34:54
=ended         2024-12-18 20:34:54
=result        ok
=elapsed       0.121984s
=case          ejabberd_SUITE:muc_config_moderated_slave
=logfile       ejabberd_suite.muc_config_moderated_slave.47874.html
=started       2024-12-18 20:34:54
=ended         2024-12-18 20:34:54
=result        ok
=elapsed       0.116023s
=case          ejabberd_SUITE:end_per_group
=logfile       ejabberd_suite.end_per_group.48002.html
=group_props   [{name,muc_config_moderated},parallel]
=started       2024-12-18 20:34:54
=ended         2024-12-18 20:34:54
=result        ok
=elapsed       0.000002s
=group_time    0.179s
=case          ejabberd_SUITE:init_per_group
=logfile       ejabberd_suite.init_per_group.48034.html
=group_props   [{name,muc_config_private_messages},parallel]
=started       2024-12-18 20:34:54
=ended         2024-12-18 20:34:54
=result        ok
=elapsed       0.000003s
=case          ejabberd_SUITE:muc_config_private_messages_master
=logfile       ejabberd_suite.muc_config_private_messages_master.48066.html
=started       2024-12-18 20:34:54
=ended         2024-12-18 20:34:54
=result        ok
=elapsed       0.127778s
=case          ejabberd_SUITE:muc_config_private_messages_slave
=logfile       ejabberd_suite.muc_config_private_messages_slave.48098.html
=started       2024-12-18 20:34:54
=ended         2024-12-18 20:34:54
=result        ok
=elapsed       0.123944s
=case          ejabberd_SUITE:end_per_group
=logfile       ejabberd_suite.end_per_group.48162.html
=group_props   [{name,muc_config_private_messages},parallel]
=started       2024-12-18 20:34:54
=ended         2024-12-18 20:34:54
=result        ok
=elapsed       0.000002s
=group_time    0.187s
=case          ejabberd_SUITE:init_per_group
=logfile       ejabberd_suite.init_per_group.48194.html
=group_props   [{name,muc_config_query},parallel]
=started       2024-12-18 20:34:54
=ended         2024-12-18 20:34:54
=result        ok
=elapsed       0.000002s
=case          ejabberd_SUITE:muc_config_query_master
=logfile       ejabberd_suite.muc_config_query_master.48226.html
=started       2024-12-18 20:34:54
=ended         2024-12-18 20:34:54
=result        ok
=elapsed       0.159661s
=case          ejabberd_SUITE:muc_config_query_slave
=logfile       ejabberd_suite.muc_config_query_slave.48258.html
=started       2024-12-18 20:34:54
=ended         2024-12-18 20:34:54
=result        ok
=elapsed       0.156219s
=case          ejabberd_SUITE:end_per_group
=logfile       ejabberd_suite.end_per_group.48322.html
=group_props   [{name,muc_config_query},parallel]
=started       2024-12-18 20:34:54
=ended         2024-12-18 20:34:54
=result        ok
=elapsed       0.000002s
=group_time    0.216s
=case          ejabberd_SUITE:init_per_group
=logfile       ejabberd_suite.init_per_group.48354.html
=group_props   [{name,muc_config_allow_invites},parallel]
=started       2024-12-18 20:34:54
=ended         2024-12-18 20:34:54
=result        ok
=elapsed       0.000003s
=case          ejabberd_SUITE:muc_config_allow_invites_master
=logfile       ejabberd_suite.muc_config_allow_invites_master.35812.html
=started       2024-12-18 20:34:54
=ended         2024-12-18 20:34:55
=result        ok
=elapsed       0.120446s
=case          ejabberd_SUITE:muc_config_allow_invites_slave
=logfile       ejabberd_suite.muc_config_allow_invites_slave.48386.html
=started       2024-12-18 20:34:54
=ended         2024-12-18 20:34:55
=result        ok
=elapsed       0.118294s
=case          ejabberd_SUITE:end_per_group
=logfile       ejabberd_suite.end_per_group.48450.html
=group_props   [{name,muc_config_allow_invites},parallel]
=started       2024-12-18 20:34:55
=ended         2024-12-18 20:34:55
=result        ok
=elapsed       0.000002s
=group_time    0.180s
=case          ejabberd_SUITE:init_per_group
=logfile       ejabberd_suite.init_per_group.48482.html
=group_props   [{name,muc_config_visitor_status},parallel]
=started       2024-12-18 20:34:55
=ended         2024-12-18 20:34:55
=result        ok
=elapsed       0.000002s
=case          ejabberd_SUITE:muc_config_visitor_status_master
=logfile       ejabberd_suite.muc_config_visitor_status_master.35908.html
=started       2024-12-18 20:34:55
=ended         2024-12-18 20:34:55
=result        ok
=elapsed       0.120697s
=case          ejabberd_SUITE:muc_config_visitor_status_slave
=logfile       ejabberd_suite.muc_config_visitor_status_slave.35940.html
=started       2024-12-18 20:34:55
=ended         2024-12-18 20:34:55
=result        ok
=elapsed       0.116684s
=case          ejabberd_SUITE:end_per_group
=logfile       ejabberd_suite.end_per_group.36004.html
=group_props   [{name,muc_config_visitor_status},parallel]
=started       2024-12-18 20:34:55
=ended         2024-12-18 20:34:55
=result        ok
=elapsed       0.000002s
=group_time    0.178s
=case          ejabberd_SUITE:init_per_group
=logfile       ejabberd_suite.init_per_group.36036.html
=group_props   [{name,muc_config_allow_voice_requests},parallel]
=started       2024-12-18 20:34:55
=ended         2024-12-18 20:34:55
=result        ok
=elapsed       0.000003s
=case          ejabberd_SUITE:muc_config_allow_voice_requests_master
=logfile       ejabberd_suite.muc_config_allow_voice_requests_master.36068.html
=started       2024-12-18 20:34:55
=ended         2024-12-18 20:34:55
=result        ok
=elapsed       0.120409s
=case          ejabberd_SUITE:muc_config_allow_voice_requests_slave
=logfile       ejabberd_suite.muc_config_allow_voice_requests_slave.36100.html
=started       2024-12-18 20:34:55
=ended         2024-12-18 20:34:55
=result        ok
=elapsed       0.115631s
=case          ejabberd_SUITE:end_per_group
=logfile       ejabberd_suite.end_per_group.40963.html
=group_props   [{name,muc_config_allow_voice_requests},parallel]
=started       2024-12-18 20:34:55
=ended         2024-12-18 20:34:55
=result        ok
=elapsed       0.000005s
=group_time    0.179s
=case          ejabberd_SUITE:init_per_group
=logfile       ejabberd_suite.init_per_group.40995.html
=group_props   [{name,muc_config_voice_request_interval},parallel]
=started       2024-12-18 20:34:55
=ended         2024-12-18 20:34:55
=result        ok
=elapsed       0.000002s
=case          ejabberd_SUITE:muc_config_voice_request_interval_master
=logfile       ejabberd_suite.muc_config_voice_request_interval_master.41027.html
=started       2024-12-18 20:34:55
=ended         2024-12-18 20:35:00
=result        ok
=elapsed       5.205420s
=case          ejabberd_SUITE:muc_config_voice_request_interval_slave
=logfile       ejabberd_suite.muc_config_voice_request_interval_slave.41059.html
=started       2024-12-18 20:34:55
=ended         2024-12-18 20:35:00
=result        ok
=elapsed       5.203184s
=case          ejabberd_SUITE:end_per_group
=logfile       ejabberd_suite.end_per_group.41091.html
=group_props   [{name,muc_config_voice_request_interval},parallel]
=started       2024-12-18 20:35:00
=ended         2024-12-18 20:35:00
=result        ok
=elapsed       0.000002s
=group_time    5.263s
=case          ejabberd_SUITE:init_per_group
=logfile       ejabberd_suite.init_per_group.48706.html
=group_props   [{name,muc_config_visitor_nickchange},parallel]
=started       2024-12-18 20:35:00
=ended         2024-12-18 20:35:00
=result        ok
=elapsed       0.000003s
=case          ejabberd_SUITE:muc_config_visitor_nickchange_master
=logfile       ejabberd_suite.muc_config_visitor_nickchange_master.41123.html
=started       2024-12-18 20:35:00
=ended         2024-12-18 20:35:00
=result        ok
=elapsed       0.119726s
=case          ejabberd_SUITE:muc_config_visitor_nickchange_slave
=logfile       ejabberd_suite.muc_config_visitor_nickchange_slave.48738.html
=started       2024-12-18 20:35:00
=ended         2024-12-18 20:35:00
=result        ok
=elapsed       0.115664s
=case          ejabberd_SUITE:end_per_group
=logfile       ejabberd_suite.end_per_group.48802.html
=group_props   [{name,muc_config_visitor_nickchange},parallel]
=started       2024-12-18 20:35:00
=ended         2024-12-18 20:35:00
=result        ok
=elapsed       0.000002s
=group_time    0.180s
=case          ejabberd_SUITE:init_per_group
=logfile       ejabberd_suite.init_per_group.48834.html
=group_props   [{name,muc_join_conflict},parallel]
=started       2024-12-18 20:35:00
=ended         2024-12-18 20:35:00
=result        ok
=elapsed       0.000002s
=case          ejabberd_SUITE:muc_join_conflict_master
=logfile       ejabberd_suite.muc_join_conflict_master.48866.html
=started       2024-12-18 20:35:00
=ended         2024-12-18 20:35:01
=result        ok
=elapsed       0.112579s
=case          ejabberd_SUITE:muc_join_conflict_slave
=logfile       ejabberd_suite.muc_join_conflict_slave.48898.html
=started       2024-12-18 20:35:00
=ended         2024-12-18 20:35:01
=result        ok
=elapsed       0.108628s
=case          ejabberd_SUITE:end_per_group
=logfile       ejabberd_suite.end_per_group.49058.html
=group_props   [{name,muc_join_conflict},parallel]
=started       2024-12-18 20:35:01
=ended         2024-12-18 20:35:01
=result        ok
=elapsed       0.000008s
=group_time    0.170s
=case          ejabberd_SUITE:end_per_group
=logfile       ejabberd_suite.end_per_group.49090.html
=group_props   [{name,muc_master_slave},sequence]
=started       2024-12-18 20:35:01
=ended         2024-12-18 20:35:01
=result        ok
=elapsed       0.000002s
=group_time    11.434s
=case          ejabberd_SUITE:init_per_group
=logfile       ejabberd_suite.init_per_group.49122.html
=group_props   [{name,privacy_master_slave},sequence]
=started       2024-12-18 20:35:01
=ended         2024-12-18 20:35:01
=result        ok
=elapsed       0.000004s
=case          ejabberd_SUITE:init_per_group
=logfile       ejabberd_suite.init_per_group.36260.html
=group_props   [{name,privacy_deny_bare_jid},parallel]
=started       2024-12-18 20:35:01
=ended         2024-12-18 20:35:01
=result        ok
=elapsed       0.000002s
=case          ejabberd_SUITE:privacy_deny_bare_jid_master
=logfile       ejabberd_suite.privacy_deny_bare_jid_master.36292.html
=started       2024-12-18 20:35:01
=ended         2024-12-18 20:35:02
=result        ok
=elapsed       1.148929s
=case          ejabberd_SUITE:privacy_deny_bare_jid_slave
=logfile       ejabberd_suite.privacy_deny_bare_jid_slave.36324.html
=started       2024-12-18 20:35:01
=ended         2024-12-18 20:35:02
=result        ok
=elapsed       1.147175s
=case          ejabberd_SUITE:end_per_group
=logfile       ejabberd_suite.end_per_group.36452.html
=group_props   [{name,privacy_deny_bare_jid},parallel]
=started       2024-12-18 20:35:02
=ended         2024-12-18 20:35:02
=result        ok
=elapsed       0.000006s
=group_time    1.208s
=case          ejabberd_SUITE:init_per_group
=logfile       ejabberd_suite.init_per_group.36484.html
=group_props   [{name,privacy_deny_full_jid},parallel]
=started       2024-12-18 20:35:02
=ended         2024-12-18 20:35:02
=result        ok
=elapsed       0.000002s
=case          ejabberd_SUITE:privacy_deny_full_jid_master
=logfile       ejabberd_suite.privacy_deny_full_jid_master.36516.html
=started       2024-12-18 20:35:02
=ended         2024-12-18 20:35:03
=result        ok
=elapsed       1.142663s
=case          ejabberd_SUITE:privacy_deny_full_jid_slave
=logfile       ejabberd_suite.privacy_deny_full_jid_slave.36548.html
=started       2024-12-18 20:35:02
=ended         2024-12-18 20:35:03
=result        ok
=elapsed       1.140247s
=case          ejabberd_SUITE:end_per_group
=logfile       ejabberd_suite.end_per_group.36708.html
=group_props   [{name,privacy_deny_full_jid},parallel]
=started       2024-12-18 20:35:03
=ended         2024-12-18 20:35:03
=result        ok
=elapsed       0.000007s
=group_time    1.202s
=case          ejabberd_SUITE:init_per_group
=logfile       ejabberd_suite.init_per_group.36740.html
=group_props   [{name,privacy_deny_server_bare_jid},parallel]
=started       2024-12-18 20:35:03
=ended         2024-12-18 20:35:03
=result        ok
=elapsed       0.000002s
=case          ejabberd_SUITE:privacy_deny_server_bare_jid_master
=logfile       ejabberd_suite.privacy_deny_server_bare_jid_master.36772.html
=started       2024-12-18 20:35:03
=ended         2024-12-18 20:35:04
=result        ok
=elapsed       1.131827s
=case          ejabberd_SUITE:privacy_deny_server_bare_jid_slave
=logfile       ejabberd_suite.privacy_deny_server_bare_jid_slave.36804.html
=started       2024-12-18 20:35:03
=ended         2024-12-18 20:35:04
=result        ok
=elapsed       1.131279s
=case          ejabberd_SUITE:end_per_group
=logfile       ejabberd_suite.end_per_group.49346.html
=group_props   [{name,privacy_deny_server_bare_jid},parallel]
=started       2024-12-18 20:35:04
=ended         2024-12-18 20:35:04
=result        ok
=elapsed       0.000002s
=group_time    1.191s
=case          ejabberd_SUITE:init_per_group
=logfile       ejabberd_suite.init_per_group.49378.html
=group_props   [{name,privacy_deny_server_full_jid},parallel]
=started       2024-12-18 20:35:04
=ended         2024-12-18 20:35:04
=result        ok
=elapsed       0.000002s
=case          ejabberd_SUITE:privacy_deny_server_full_jid_master
=logfile       ejabberd_suite.privacy_deny_server_full_jid_master.49410.html
=started       2024-12-18 20:35:04
=ended         2024-12-18 20:35:06
=result        ok
=elapsed       1.135003s
=case          ejabberd_SUITE:privacy_deny_server_full_jid_slave
=logfile       ejabberd_suite.privacy_deny_server_full_jid_slave.49442.html
=started       2024-12-18 20:35:04
=ended         2024-12-18 20:35:06
=result        ok
=elapsed       1.134644s
=case          ejabberd_SUITE:end_per_group
=logfile       ejabberd_suite.end_per_group.49538.html
=group_props   [{name,privacy_deny_server_full_jid},parallel]
=started       2024-12-18 20:35:06
=ended         2024-12-18 20:35:06
=result        ok
=elapsed       0.000001s
=group_time    1.194s
=case          ejabberd_SUITE:init_per_group
=logfile       ejabberd_suite.init_per_group.49570.html
=group_props   [{name,privacy_deny_group},parallel]
=started       2024-12-18 20:35:06
=ended         2024-12-18 20:35:06
=result        ok
=elapsed       0.000002s
=case          ejabberd_SUITE:privacy_deny_group_master
=logfile       ejabberd_suite.privacy_deny_group_master.49602.html
=started       2024-12-18 20:35:06
=ended         2024-12-18 20:35:07
=result        ok
=elapsed       1.134758s
=case          ejabberd_SUITE:privacy_deny_group_slave
=logfile       ejabberd_suite.privacy_deny_group_slave.49634.html
=started       2024-12-18 20:35:06
=ended         2024-12-18 20:35:07
=result        ok
=elapsed       1.132682s
=case          ejabberd_SUITE:end_per_group
=logfile       ejabberd_suite.end_per_group.49730.html
=group_props   [{name,privacy_deny_group},parallel]
=started       2024-12-18 20:35:07
=ended         2024-12-18 20:35:07
=result        ok
=elapsed       0.000002s
=group_time    1.194s
=case          ejabberd_SUITE:init_per_group
=logfile       ejabberd_suite.init_per_group.41411.html
=group_props   [{name,privacy_deny_sub_both},parallel]
=started       2024-12-18 20:35:07
=ended         2024-12-18 20:35:07
=result        ok
=elapsed       0.000007s
=case          ejabberd_SUITE:privacy_deny_sub_both_master
=logfile       ejabberd_suite.privacy_deny_sub_both_master.41443.html
=started       2024-12-18 20:35:07
=ended         2024-12-18 20:35:08
=result        ok
=elapsed       1.153030s
=case          ejabberd_SUITE:privacy_deny_sub_both_slave
=logfile       ejabberd_suite.privacy_deny_sub_both_slave.41475.html
=started       2024-12-18 20:35:07
=ended         2024-12-18 20:35:08
=result        ok
=elapsed       1.150179s
=case          ejabberd_SUITE:end_per_group
=logfile       ejabberd_suite.end_per_group.41603.html
=group_props   [{name,privacy_deny_sub_both},parallel]
=started       2024-12-18 20:35:08
=ended         2024-12-18 20:35:08
=result        ok
=elapsed       0.000002s
=group_time    1.212s
=case          ejabberd_SUITE:init_per_group
=logfile       ejabberd_suite.init_per_group.41635.html
=group_props   [{name,privacy_deny_sub_from},parallel]
=started       2024-12-18 20:35:08
=ended         2024-12-18 20:35:08
=result        ok
=elapsed       0.000002s
=case          ejabberd_SUITE:privacy_deny_sub_from_master
=logfile       ejabberd_suite.privacy_deny_sub_from_master.41667.html
=started       2024-12-18 20:35:08
=ended         2024-12-18 20:35:09
=result        ok
=elapsed       1.134344s
=case          ejabberd_SUITE:privacy_deny_sub_from_slave
=logfile       ejabberd_suite.privacy_deny_sub_from_slave.41699.html
=started       2024-12-18 20:35:08
=ended         2024-12-18 20:35:09
=result        ok
=elapsed       1.132647s
=case          ejabberd_SUITE:end_per_group
=logfile       ejabberd_suite.end_per_group.19493.html
=group_props   [{name,privacy_deny_sub_from},parallel]
=started       2024-12-18 20:35:09
=ended         2024-12-18 20:35:09
=result        ok
=elapsed       0.000007s
=group_time    1.193s
=case          ejabberd_SUITE:init_per_group
=logfile       ejabberd_suite.init_per_group.41891.html
=group_props   [{name,privacy_deny_sub_to},parallel]
=started       2024-12-18 20:35:09
=ended         2024-12-18 20:35:09
=result        ok
=elapsed       0.000002s
=case          ejabberd_SUITE:privacy_deny_sub_to_master
=logfile       ejabberd_suite.privacy_deny_sub_to_master.41923.html
=started       2024-12-18 20:35:09
=ended         2024-12-18 20:35:10
=result        ok
=elapsed       1.150113s
=case          ejabberd_SUITE:privacy_deny_sub_to_slave
=logfile       ejabberd_suite.privacy_deny_sub_to_slave.41955.html
=started       2024-12-18 20:35:09
=ended         2024-12-18 20:35:10
=result        ok
=elapsed       1.147164s
=case          ejabberd_SUITE:end_per_group
=logfile       ejabberd_suite.end_per_group.42211.html
=group_props   [{name,privacy_deny_sub_to},parallel]
=started       2024-12-18 20:35:10
=ended         2024-12-18 20:35:10
=result        ok
=elapsed       0.000002s
=group_time    1.208s
=case          ejabberd_SUITE:init_per_group
=logfile       ejabberd_suite.init_per_group.37028.html
=group_props   [{name,privacy_deny_sub_none},parallel]
=started       2024-12-18 20:35:10
=ended         2024-12-18 20:35:11
=result        ok
=elapsed       0.000002s
=case          ejabberd_SUITE:privacy_deny_sub_none_master
=logfile       ejabberd_suite.privacy_deny_sub_none_master.37060.html
=started       2024-12-18 20:35:11
=ended         2024-12-18 20:35:12
=result        ok
=elapsed       1.142527s
=case          ejabberd_SUITE:privacy_deny_sub_none_slave
=logfile       ejabberd_suite.privacy_deny_sub_none_slave.37092.html
=started       2024-12-18 20:35:11
=ended         2024-12-18 20:35:12
=result        ok
=elapsed       1.141469s
=case          ejabberd_SUITE:end_per_group
=logfile       ejabberd_suite.end_per_group.42275.html
=group_props   [{name,privacy_deny_sub_none},parallel]
=started       2024-12-18 20:35:12
=ended         2024-12-18 20:35:12
=result        ok
=elapsed       0.000010s
=group_time    1.203s
=case          ejabberd_SUITE:init_per_group
=logfile       ejabberd_suite.init_per_group.49922.html
=group_props   [{name,privacy_deny_all},parallel]
=started       2024-12-18 20:35:12
=ended         2024-12-18 20:35:12
=result        ok
=elapsed       0.000003s
=case          ejabberd_SUITE:privacy_deny_all_master
=logfile       ejabberd_suite.privacy_deny_all_master.49954.html
=started       2024-12-18 20:35:12
=ended         2024-12-18 20:35:13
=result        ok
=elapsed       1.132882s
=case          ejabberd_SUITE:privacy_deny_all_slave
=logfile       ejabberd_suite.privacy_deny_all_slave.49986.html
=started       2024-12-18 20:35:12
=ended         2024-12-18 20:35:13
=result        ok
=elapsed       1.131851s
=case          ejabberd_SUITE:end_per_group
=logfile       ejabberd_suite.end_per_group.42403.html
=group_props   [{name,privacy_deny_all},parallel]
=started       2024-12-18 20:35:13
=ended         2024-12-18 20:35:13
=result        ok
=elapsed       0.000008s
=group_time    1.192s
=case          ejabberd_SUITE:init_per_group
=logfile       ejabberd_suite.init_per_group.50082.html
=group_props   [{name,privacy_deny_offline},parallel]
=started       2024-12-18 20:35:13
=ended         2024-12-18 20:35:13
=result        ok
=elapsed       0.000002s
=case          ejabberd_SUITE:privacy_deny_offline_master
=logfile       ejabberd_suite.privacy_deny_offline_master.19525.html
=started       2024-12-18 20:35:13
=ended         2024-12-18 20:35:13
=result        ok
=elapsed       0.240011s
=case          ejabberd_SUITE:privacy_deny_offline_slave
=logfile       ejabberd_suite.privacy_deny_offline_slave.19557.html
=started       2024-12-18 20:35:13
=ended         2024-12-18 20:35:13
=result        ok
=elapsed       0.342318s
=case          ejabberd_SUITE:end_per_group
=logfile       ejabberd_suite.end_per_group.19653.html
=group_props   [{name,privacy_deny_offline},parallel]
=started       2024-12-18 20:35:13
=ended         2024-12-18 20:35:13
=result        ok
=elapsed       0.000002s
=group_time    0.401s
=case          ejabberd_SUITE:init_per_group
=logfile       ejabberd_suite.init_per_group.19685.html
=group_props   [{name,privacy_block},parallel]
=started       2024-12-18 20:35:13
=ended         2024-12-18 20:35:13
=result        ok
=elapsed       0.000002s
=case          ejabberd_SUITE:privacy_block_master
=logfile       ejabberd_suite.privacy_block_master.19717.html
=started       2024-12-18 20:35:13
=ended         2024-12-18 20:35:14
=result        ok
=elapsed       0.428690s
=case          ejabberd_SUITE:privacy_block_slave
=logfile       ejabberd_suite.privacy_block_slave.19749.html
=started       2024-12-18 20:35:13
=ended         2024-12-18 20:35:14
=result        ok
=elapsed       0.426344s
=case          ejabberd_SUITE:end_per_group
=logfile       ejabberd_suite.end_per_group.19845.html
=group_props   [{name,privacy_block},parallel]
=started       2024-12-18 20:35:14
=ended         2024-12-18 20:35:14
=result        ok
=elapsed       0.000008s
=group_time    0.488s
=case          ejabberd_SUITE:init_per_group
=logfile       ejabberd_suite.init_per_group.19877.html
=group_props   [{name,privacy_unblock},parallel]
=started       2024-12-18 20:35:14
=ended         2024-12-18 20:35:14
=result        ok
=elapsed       0.000002s
=case          ejabberd_SUITE:privacy_unblock_master
=logfile       ejabberd_suite.privacy_unblock_master.19909.html
=started       2024-12-18 20:35:14
=ended         2024-12-18 20:35:14
=result        ok
=elapsed       0.197281s
=case          ejabberd_SUITE:privacy_unblock_slave
=logfile       ejabberd_suite.privacy_unblock_slave.19941.html
=started       2024-12-18 20:35:14
=ended         2024-12-18 20:35:14
=result        ok
=elapsed       0.196258s
=case          ejabberd_SUITE:end_per_group
=logfile       ejabberd_suite.end_per_group.20005.html
=group_props   [{name,privacy_unblock},parallel]
=started       2024-12-18 20:35:14
=ended         2024-12-18 20:35:14
=result        ok
=elapsed       0.000003s
=group_time    0.256s
=case          ejabberd_SUITE:init_per_group
=logfile       ejabberd_suite.init_per_group.37316.html
=group_props   [{name,privacy_unblock_all},parallel]
=started       2024-12-18 20:35:14
=ended         2024-12-18 20:35:14
=result        ok
=elapsed       0.000003s
=case          ejabberd_SUITE:privacy_unblock_all_master
=logfile       ejabberd_suite.privacy_unblock_all_master.37348.html
=started       2024-12-18 20:35:14
=ended         2024-12-18 20:35:14
=result        ok
=elapsed       0.197951s
=case          ejabberd_SUITE:privacy_unblock_all_slave
=logfile       ejabberd_suite.privacy_unblock_all_slave.37380.html
=started       2024-12-18 20:35:14
=ended         2024-12-18 20:35:14
=result        ok
=elapsed       0.195889s
=case          ejabberd_SUITE:end_per_group
=logfile       ejabberd_suite.end_per_group.37476.html
=group_props   [{name,privacy_unblock_all},parallel]
=started       2024-12-18 20:35:14
=ended         2024-12-18 20:35:14
=result        ok
=elapsed       0.000007s
=group_time    0.255s
=case          ejabberd_SUITE:end_per_group
=logfile       ejabberd_suite.end_per_group.20069.html
=group_props   [{name,privacy_master_slave},sequence]
=started       2024-12-18 20:35:14
=ended         2024-12-18 20:35:14
=result        ok
=elapsed       0.000002s
=group_time    13.775s
=case          ejabberd_SUITE:init_per_group
=logfile       ejabberd_suite.init_per_group.20101.html
=group_props   [{name,pubsub_master_slave},sequence]
=started       2024-12-18 20:35:14
=ended         2024-12-18 20:35:14
=result        ok
=elapsed       0.000003s
=case          ejabberd_SUITE:init_per_group
=logfile       ejabberd_suite.init_per_group.20133.html
=group_props   [{name,pubsub_publish},parallel]
=started       2024-12-18 20:35:14
=ended         2024-12-18 20:35:15
=result        ok
=elapsed       0.000002s
=case          ejabberd_SUITE:pubsub_publish_master
=logfile       ejabberd_suite.pubsub_publish_master.42467.html
=started       2024-12-18 20:35:15
=ended         2024-12-18 20:35:15
=result        ok
=elapsed       0.117934s
=case          ejabberd_SUITE:pubsub_publish_slave
=logfile       ejabberd_suite.pubsub_publish_slave.42499.html
=started       2024-12-18 20:35:15
=ended         2024-12-18 20:35:15
=result        ok
=elapsed       0.116087s
=case          ejabberd_SUITE:end_per_group
=logfile       ejabberd_suite.end_per_group.42563.html
=group_props   [{name,pubsub_publish},parallel]
=started       2024-12-18 20:35:15
=ended         2024-12-18 20:35:15
=result        ok
=elapsed       0.000002s
=group_time    0.178s
=case          ejabberd_SUITE:init_per_group
=logfile       ejabberd_suite.init_per_group.20229.html
=group_props   [{name,pubsub_subscriptions},parallel]
=started       2024-12-18 20:35:15
=ended         2024-12-18 20:35:15
=result        ok
=elapsed       0.000002s
=case          ejabberd_SUITE:pubsub_subscriptions_master
=logfile       ejabberd_suite.pubsub_subscriptions_master.20261.html
=started       2024-12-18 20:35:15
=ended         2024-12-18 20:35:15
=result        ok
=elapsed       0.178246s
=case          ejabberd_SUITE:pubsub_subscriptions_slave
=logfile       ejabberd_suite.pubsub_subscriptions_slave.50370.html
=started       2024-12-18 20:35:15
=ended         2024-12-18 20:35:15
=result        ok
=elapsed       0.174824s
=case          ejabberd_SUITE:end_per_group
=logfile       ejabberd_suite.end_per_group.50434.html
=group_props   [{name,pubsub_subscriptions},parallel]
=started       2024-12-18 20:35:15
=ended         2024-12-18 20:35:15
=result        ok
=elapsed       0.000002s
=group_time    0.238s
=case          ejabberd_SUITE:init_per_group
=logfile       ejabberd_suite.init_per_group.50466.html
=group_props   [{name,pubsub_affiliations},parallel]
=started       2024-12-18 20:35:15
=ended         2024-12-18 20:35:15
=result        ok
=elapsed       0.000002s
=case          ejabberd_SUITE:pubsub_affiliations_master
=logfile       ejabberd_suite.pubsub_affiliations_master.50498.html
=started       2024-12-18 20:35:15
=ended         2024-12-18 20:35:17
=result        ok
=elapsed       1.739170s
=case          ejabberd_SUITE:pubsub_affiliations_slave
=logfile       ejabberd_suite.pubsub_affiliations_slave.50530.html
=started       2024-12-18 20:35:15
=ended         2024-12-18 20:35:17
=result        ok
=elapsed       1.755187s
=case          ejabberd_SUITE:end_per_group
=logfile       ejabberd_suite.end_per_group.50594.html
=group_props   [{name,pubsub_affiliations},parallel]
=started       2024-12-18 20:35:17
=ended         2024-12-18 20:35:17
=result        ok
=elapsed       0.000002s
=group_time    1.815s
=case          ejabberd_SUITE:init_per_group
=logfile       ejabberd_suite.init_per_group.50626.html
=group_props   [{name,pubsub_authorize},parallel]
=started       2024-12-18 20:35:17
=ended         2024-12-18 20:35:17
=result        ok
=elapsed       0.000004s
=case          ejabberd_SUITE:pubsub_authorize_master
=logfile       ejabberd_suite.pubsub_authorize_master.50658.html
=started       2024-12-18 20:35:17
=ended         2024-12-18 20:35:17
=result        ok
=elapsed       0.208573s
=case          ejabberd_SUITE:pubsub_authorize_slave
=logfile       ejabberd_suite.pubsub_authorize_slave.50690.html
=started       2024-12-18 20:35:17
=ended         2024-12-18 20:35:17
=result        ok
=elapsed       0.165591s
=case          ejabberd_SUITE:end_per_group
=logfile       ejabberd_suite.end_per_group.50786.html
=group_props   [{name,pubsub_authorize},parallel]
=started       2024-12-18 20:35:17
=ended         2024-12-18 20:35:17
=result        ok
=elapsed       0.000002s
=group_time    0.268s
=case          ejabberd_SUITE:end_per_group
=logfile       ejabberd_suite.end_per_group.42723.html
=group_props   [{name,pubsub_master_slave},sequence]
=started       2024-12-18 20:35:17
=ended         2024-12-18 20:35:17
=result        ok
=elapsed       0.000002s
=group_time    2.624s
=case          ejabberd_SUITE:init_per_group
=logfile       ejabberd_suite.init_per_group.42755.html
=group_props   [{name,roster_master_slave},sequence]
=started       2024-12-18 20:35:17
=ended         2024-12-18 20:35:17
=result        ok
=elapsed       0.000003s
=case          ejabberd_SUITE:init_per_group
=logfile       ejabberd_suite.init_per_group.42787.html
=group_props   [{name,roster_subscribe},parallel]
=started       2024-12-18 20:35:17
=ended         2024-12-18 20:35:17
=result        ok
=elapsed       0.000002s
=case          ejabberd_SUITE:roster_subscribe_master
=logfile       ejabberd_suite.roster_subscribe_master.37604.html
=started       2024-12-18 20:35:17
=ended         2024-12-18 20:35:30
=result        ok
=elapsed       12.568677s
=case          ejabberd_SUITE:roster_subscribe_slave
=logfile       ejabberd_suite.roster_subscribe_slave.37636.html
=started       2024-12-18 20:35:17
=ended         2024-12-18 20:35:30
=result        ok
=elapsed       12.568270s
=case          ejabberd_SUITE:end_per_group
=logfile       ejabberd_suite.end_per_group.52482.html
=group_props   [{name,roster_subscribe},parallel]
=started       2024-12-18 20:35:30
=ended         2024-12-18 20:35:30
=result        ok
=elapsed       0.000008s
=group_time    12.628s
=case          ejabberd_SUITE:end_per_group
=logfile       ejabberd_suite.end_per_group.52514.html
=group_props   [{name,roster_master_slave},sequence]
=started       2024-12-18 20:35:30
=ended         2024-12-18 20:35:30
=result        ok
=elapsed       0.000003s
=group_time    12.679s
=case          ejabberd_SUITE:init_per_group
=logfile       ejabberd_suite.init_per_group.52546.html
=group_props   [{name,offline_master_slave},sequence]
=started       2024-12-18 20:35:30
=ended         2024-12-18 20:35:30
=result        ok
=elapsed       0.000003s
=case          ejabberd_SUITE:init_per_group
=logfile       ejabberd_suite.init_per_group.52578.html
=group_props   [{name,offline_flex},parallel]
=started       2024-12-18 20:35:30
=ended         2024-12-18 20:35:30
=result        ok
=elapsed       0.000002s
=case          ejabberd_SUITE:offline_flex_master
=logfile       ejabberd_suite.offline_flex_master.52610.html
=started       2024-12-18 20:35:30
=ended         2024-12-18 20:35:30
=result        ok
=elapsed       0.204608s
=case          ejabberd_SUITE:offline_flex_slave
=logfile       ejabberd_suite.offline_flex_slave.52642.html
=started       2024-12-18 20:35:30
=ended         2024-12-18 20:35:30
=result        ok
=elapsed       0.367307s
=case          ejabberd_SUITE:end_per_group
=logfile       ejabberd_suite.end_per_group.52706.html
=group_props   [{name,offline_flex},parallel]
=started       2024-12-18 20:35:30
=ended         2024-12-18 20:35:30
=result        ok
=elapsed       0.000002s
=group_time    0.427s
=case          ejabberd_SUITE:init_per_group
=logfile       ejabberd_suite.init_per_group.52738.html
=group_props   [{name,offline_send_all},parallel]
=started       2024-12-18 20:35:30
=ended         2024-12-18 20:35:30
=result        ok
=elapsed       0.000003s
=case          ejabberd_SUITE:offline_send_all_master
=logfile       ejabberd_suite.offline_send_all_master.44323.html
=started       2024-12-18 20:35:30
=ended         2024-12-18 20:35:44
=result        ok
=elapsed       13.725521s
=case          ejabberd_SUITE:offline_send_all_slave
=logfile       ejabberd_suite.offline_send_all_slave.44355.html
=started       2024-12-18 20:35:30
=ended         2024-12-18 20:35:44
=result        ok
=elapsed       13.874351s
=case          ejabberd_SUITE:end_per_group
=logfile       ejabberd_suite.end_per_group.44483.html
=group_props   [{name,offline_send_all},parallel]
=started       2024-12-18 20:35:44
=ended         2024-12-18 20:35:44
=result        ok
=elapsed       0.000002s
=group_time    13.932s
=case          ejabberd_SUITE:init_per_group
=logfile       ejabberd_suite.init_per_group.44515.html
=group_props   [{name,offline_from_mam},parallel]
=started       2024-12-18 20:35:44
=ended         2024-12-18 20:35:44
=result        ok
=elapsed       0.000003s
=case          ejabberd_SUITE:offline_from_mam_master
=logfile       ejabberd_suite.offline_from_mam_master.44547.html
=started       2024-12-18 20:35:44
=ended         2024-12-18 20:35:58
=result        ok
=elapsed       13.806427s
=case          ejabberd_SUITE:offline_from_mam_slave
=logfile       ejabberd_suite.offline_from_mam_slave.44579.html
=started       2024-12-18 20:35:44
=ended         2024-12-18 20:35:58
=result        ok
=elapsed       13.976897s
=case          ejabberd_SUITE:end_per_group
=logfile       ejabberd_suite.end_per_group.44675.html
=group_props   [{name,offline_from_mam},parallel]
=started       2024-12-18 20:35:58
=ended         2024-12-18 20:35:58
=result        ok
=elapsed       0.000002s
=group_time    14.036s
=case          ejabberd_SUITE:init_per_group
=logfile       ejabberd_suite.init_per_group.44707.html
=group_props   [{name,offline_mucsub_mam},parallel]
=started       2024-12-18 20:35:58
=ended         2024-12-18 20:35:58
=result        ok
=elapsed       0.000002s
=case          ejabberd_SUITE:offline_mucsub_mam_master
=logfile       ejabberd_suite.offline_mucsub_mam_master.44739.html
=started       2024-12-18 20:35:58
=ended         2024-12-18 20:35:59
=result        ok
=elapsed       0.237110s
=case          ejabberd_SUITE:offline_mucsub_mam_slave
=logfile       ejabberd_suite.offline_mucsub_mam_slave.44771.html
=started       2024-12-18 20:35:58
=ended         2024-12-18 20:35:59
=result        ok
=elapsed       0.234872s
=case          ejabberd_SUITE:end_per_group
=logfile       ejabberd_suite.end_per_group.52898.html
=group_props   [{name,offline_mucsub_mam},parallel]
=started       2024-12-18 20:35:59
=ended         2024-12-18 20:35:59
=result        ok
=elapsed       0.000002s
=group_time    0.294s
=case          ejabberd_SUITE:end_per_group
=logfile       ejabberd_suite.end_per_group.52930.html
=group_props   [{name,offline_master_slave},sequence]
=started       2024-12-18 20:35:59
=ended         2024-12-18 20:35:59
=result        ok
=elapsed       0.000007s
=group_time    28.815s
=case          ejabberd_SUITE:init_per_group
=logfile       ejabberd_suite.init_per_group.52962.html
=group_props   [{name,mam_master_slave},sequence]
=started       2024-12-18 20:35:59
=ended         2024-12-18 20:35:59
=result        ok
=elapsed       0.000003s
=case          ejabberd_SUITE:init_per_group
=logfile       ejabberd_suite.init_per_group.52994.html
=group_props   [{name,mam_archived_and_stanza_id},parallel]
=started       2024-12-18 20:35:59
=ended         2024-12-18 20:35:59
=result        ok
=elapsed       0.000002s
=case          ejabberd_SUITE:mam_archived_and_stanza_id_master
=logfile       ejabberd_suite.mam_archived_and_stanza_id_master.44835.html
=started       2024-12-18 20:35:59
=ended         2024-12-18 20:35:59
=result        ok
=elapsed       0.197519s
=case          ejabberd_SUITE:mam_archived_and_stanza_id_slave
=logfile       ejabberd_suite.mam_archived_and_stanza_id_slave.44867.html
=started       2024-12-18 20:35:59
=ended         2024-12-18 20:35:59
=result        ok
=elapsed       0.200457s
=case          ejabberd_SUITE:end_per_group
=logfile       ejabberd_suite.end_per_group.44899.html
=group_props   [{name,mam_archived_and_stanza_id},parallel]
=started       2024-12-18 20:35:59
=ended         2024-12-18 20:35:59
=result        ok
=elapsed       0.000002s
=group_time    0.259s
=case          ejabberd_SUITE:init_per_group
=logfile       ejabberd_suite.init_per_group.39524.html
=group_props   [{name,mam_query_all},parallel]
=started       2024-12-18 20:35:59
=ended         2024-12-18 20:35:59
=result        ok
=elapsed       0.000002s
=case          ejabberd_SUITE:mam_query_all_master
=logfile       ejabberd_suite.mam_query_all_master.53058.html
=started       2024-12-18 20:35:59
=ended         2024-12-18 20:35:59
=result        ok
=elapsed       0.175016s
=case          ejabberd_SUITE:mam_query_all_slave
=logfile       ejabberd_suite.mam_query_all_slave.53090.html
=started       2024-12-18 20:35:59
=ended         2024-12-18 20:35:59
=result        ok
=elapsed       0.177367s
=case          ejabberd_SUITE:end_per_group
=logfile       ejabberd_suite.end_per_group.39620.html
=group_props   [{name,mam_query_all},parallel]
=started       2024-12-18 20:35:59
=ended         2024-12-18 20:35:59
=result        ok
=elapsed       0.000002s
=group_time    0.236s
=case          ejabberd_SUITE:init_per_group
=logfile       ejabberd_suite.init_per_group.39652.html
=group_props   [{name,mam_query_with},parallel]
=started       2024-12-18 20:35:59
=ended         2024-12-18 20:35:59
=result        ok
=elapsed       0.000002s
=case          ejabberd_SUITE:mam_query_with_master
=logfile       ejabberd_suite.mam_query_with_master.39684.html
=started       2024-12-18 20:35:59
=ended         2024-12-18 20:35:59
=result        ok
=elapsed       0.187003s
=case          ejabberd_SUITE:mam_query_with_slave
=logfile       ejabberd_suite.mam_query_with_slave.53154.html
=started       2024-12-18 20:35:59
=ended         2024-12-18 20:35:59
=result        ok
=elapsed       0.189805s
=case          ejabberd_SUITE:end_per_group
=logfile       ejabberd_suite.end_per_group.39748.html
=group_props   [{name,mam_query_with},parallel]
=started       2024-12-18 20:35:59
=ended         2024-12-18 20:35:59
=result        ok
=elapsed       0.000002s
=group_time    0.247s
=case          ejabberd_SUITE:init_per_group
=logfile       ejabberd_suite.init_per_group.39780.html
=group_props   [{name,mam_query_rsm_max},parallel]
=started       2024-12-18 20:35:59
=ended         2024-12-18 20:36:00
=result        ok
=elapsed       0.000002s
=case          ejabberd_SUITE:mam_query_rsm_max_master
=logfile       ejabberd_suite.mam_query_rsm_max_master.39812.html
=started       2024-12-18 20:36:00
=ended         2024-12-18 20:36:00
=result        ok
=elapsed       0.229149s
=case          ejabberd_SUITE:mam_query_rsm_max_slave
=logfile       ejabberd_suite.mam_query_rsm_max_slave.44995.html
=started       2024-12-18 20:36:00
=ended         2024-12-18 20:36:00
=result        ok
=elapsed       0.234186s
=case          ejabberd_SUITE:end_per_group
=logfile       ejabberd_suite.end_per_group.45123.html
=group_props   [{name,mam_query_rsm_max},parallel]
=started       2024-12-18 20:36:00
=ended         2024-12-18 20:36:00
=result        ok
=elapsed       0.000002s
=group_time    0.292s
=case          ejabberd_SUITE:init_per_group
=logfile       ejabberd_suite.init_per_group.45155.html
=group_props   [{name,mam_query_rsm_after},parallel]
=started       2024-12-18 20:36:00
=ended         2024-12-18 20:36:00
=result        ok
=elapsed       0.000003s
=case          ejabberd_SUITE:mam_query_rsm_after_master
=logfile       ejabberd_suite.mam_query_rsm_after_master.45187.html
=started       2024-12-18 20:36:00
=ended         2024-12-18 20:36:00
=result        ok
=elapsed       0.219378s
=case          ejabberd_SUITE:mam_query_rsm_after_slave
=logfile       ejabberd_suite.mam_query_rsm_after_slave.45219.html
=started       2024-12-18 20:36:00
=ended         2024-12-18 20:36:00
=result        ok
=elapsed       0.220699s
=case          ejabberd_SUITE:end_per_group
=logfile       ejabberd_suite.end_per_group.45283.html
=group_props   [{name,mam_query_rsm_after},parallel]
=started       2024-12-18 20:36:00
=ended         2024-12-18 20:36:00
=result        ok
=elapsed       0.000002s
=group_time    0.278s
=case          ejabberd_SUITE:init_per_group
=logfile       ejabberd_suite.init_per_group.45315.html
=group_props   [{name,mam_query_rsm_before},parallel]
=started       2024-12-18 20:36:00
=ended         2024-12-18 20:36:00
=result        ok
=elapsed       0.000003s
=case          ejabberd_SUITE:mam_query_rsm_before_master
=logfile       ejabberd_suite.mam_query_rsm_before_master.45347.html
=started       2024-12-18 20:36:00
=ended         2024-12-18 20:36:00
=result        ok
=elapsed       0.232414s
=case          ejabberd_SUITE:mam_query_rsm_before_slave
=logfile       ejabberd_suite.mam_query_rsm_before_slave.39908.html
=started       2024-12-18 20:36:00
=ended         2024-12-18 20:36:00
=result        ok
=elapsed       0.235077s
=case          ejabberd_SUITE:end_per_group
=logfile       ejabberd_suite.end_per_group.40004.html
=group_props   [{name,mam_query_rsm_before},parallel]
=started       2024-12-18 20:36:00
=ended         2024-12-18 20:36:00
=result        ok
=elapsed       0.000008s
=group_time    0.294s
=case          ejabberd_SUITE:init_per_group
=logfile       ejabberd_suite.init_per_group.40036.html
=group_props   [{name,mam_muc},parallel]
=started       2024-12-18 20:36:00
=ended         2024-12-18 20:36:00
=result        ok
=elapsed       0.000003s
=case          ejabberd_SUITE:mam_muc_master
=logfile       ejabberd_suite.mam_muc_master.40068.html
=started       2024-12-18 20:36:00
=ended         2024-12-18 20:36:01
=result        ok
=elapsed       0.155753s
=case          ejabberd_SUITE:mam_muc_slave
=logfile       ejabberd_suite.mam_muc_slave.40100.html
=started       2024-12-18 20:36:00
=ended         2024-12-18 20:36:01
=result        ok
=elapsed       0.150760s
=case          ejabberd_SUITE:end_per_group
=logfile       ejabberd_suite.end_per_group.40132.html
=group_props   [{name,mam_muc},parallel]
=started       2024-12-18 20:36:01
=ended         2024-12-18 20:36:01
=result        ok
=elapsed       0.000002s
=group_time    0.214s
=case          ejabberd_SUITE:init_per_group
=logfile       ejabberd_suite.init_per_group.40164.html
=group_props   [{name,mam_mucsub},parallel]
=started       2024-12-18 20:36:01
=ended         2024-12-18 20:36:01
=result        ok
=elapsed       0.000002s
=case          ejabberd_SUITE:mam_mucsub_master
=logfile       ejabberd_suite.mam_mucsub_master.40196.html
=started       2024-12-18 20:36:01
=ended         2024-12-18 20:36:01
=result        ok
=elapsed       0.141460s
=case          ejabberd_SUITE:mam_mucsub_slave
=logfile       ejabberd_suite.mam_mucsub_slave.40228.html
=started       2024-12-18 20:36:01
=ended         2024-12-18 20:36:01
=result        ok
=elapsed       0.137999s
=case          ejabberd_SUITE:end_per_group
=logfile       ejabberd_suite.end_per_group.40324.html
=group_props   [{name,mam_mucsub},parallel]
=started       2024-12-18 20:36:01
=ended         2024-12-18 20:36:01
=result        ok
=elapsed       0.000009s
=group_time    0.199s
=case          ejabberd_SUITE:init_per_group
=logfile       ejabberd_suite.init_per_group.45475.html
=group_props   [{name,mam_mucsub_from_muc},parallel]
=started       2024-12-18 20:36:01
=ended         2024-12-18 20:36:01
=result        ok
=elapsed       0.000003s
=case          ejabberd_SUITE:mam_mucsub_from_muc_master
=logfile       ejabberd_suite.mam_mucsub_from_muc_master.45507.html
=started       2024-12-18 20:36:01
=ended         2024-12-18 20:36:01
=result        ok
=elapsed       0.138221s
=case          ejabberd_SUITE:mam_mucsub_from_muc_slave
=logfile       ejabberd_suite.mam_mucsub_from_muc_slave.45539.html
=started       2024-12-18 20:36:01
=ended         2024-12-18 20:36:01
=result        ok
=elapsed       0.135347s
=case          ejabberd_SUITE:end_per_group
=logfile       ejabberd_suite.end_per_group.45571.html
=group_props   [{name,mam_mucsub_from_muc},parallel]
=started       2024-12-18 20:36:01
=ended         2024-12-18 20:36:01
=result        ok
=elapsed       0.000002s
=group_time    0.196s
=case          ejabberd_SUITE:init_per_group
=logfile       ejabberd_suite.init_per_group.45603.html
=group_props   [{name,mam_mucsub_from_muc_non_persistent},parallel]
=started       2024-12-18 20:36:01
=ended         2024-12-18 20:36:01
=result        ok
=elapsed       0.000002s
=case          ejabberd_SUITE:mam_mucsub_from_muc_non_persistent_master
=logfile       ejabberd_suite.mam_mucsub_from_muc_non_persistent_master.45635.html
=started       2024-12-18 20:36:01
=ended         2024-12-18 20:36:01
=result        ok
=elapsed       0.131177s
=case          ejabberd_SUITE:mam_mucsub_from_muc_non_persistent_slave
=logfile       ejabberd_suite.mam_mucsub_from_muc_non_persistent_slave.45667.html
=started       2024-12-18 20:36:01
=ended         2024-12-18 20:36:01
=result        ok
=elapsed       0.130786s
=case          ejabberd_SUITE:end_per_group
=logfile       ejabberd_suite.end_per_group.45731.html
=group_props   [{name,mam_mucsub_from_muc_non_persistent},parallel]
=started       2024-12-18 20:36:01
=ended         2024-12-18 20:36:01
=result        ok
=elapsed       0.000010s
=group_time    0.189s
=case          ejabberd_SUITE:end_per_group
=logfile       ejabberd_suite.end_per_group.45763.html
=group_props   [{name,mam_master_slave},sequence]
=started       2024-12-18 20:36:01
=ended         2024-12-18 20:36:01
=result        ok
=elapsed       0.000002s
=group_time    2.685s
=case          ejabberd_SUITE:init_per_group
=logfile       ejabberd_suite.init_per_group.45795.html
=group_props   [{name,announce_master_slave},sequence]
=started       2024-12-18 20:36:01
=ended         2024-12-18 20:36:01
=result        ok
=elapsed       0.000003s
=case          ejabberd_SUITE:init_per_group
=logfile       ejabberd_suite.init_per_group.45827.html
=group_props   [{name,announce_set_motd},parallel]
=started       2024-12-18 20:36:01
=ended         2024-12-18 20:36:01
=result        ok
=elapsed       0.000001s
=case          ejabberd_SUITE:announce_set_motd_master
=logfile       ejabberd_suite.announce_set_motd_master.45859.html
=started       2024-12-18 20:36:01
=ended         2024-12-18 20:36:02
=result        ok
=elapsed       0.239201s
=case          ejabberd_SUITE:announce_set_motd_slave
=logfile       ejabberd_suite.announce_set_motd_slave.45891.html
=started       2024-12-18 20:36:01
=ended         2024-12-18 20:36:02
=result        ok
=elapsed       0.238461s
=case          ejabberd_SUITE:end_per_group
=logfile       ejabberd_suite.end_per_group.45987.html
=group_props   [{name,announce_set_motd},parallel]
=started       2024-12-18 20:36:02
=ended         2024-12-18 20:36:02
=result        ok
=elapsed       0.000002s
=group_time    0.299s
=case          ejabberd_SUITE:end_per_group
=logfile       ejabberd_suite.end_per_group.46019.html
=group_props   [{name,announce_master_slave},sequence]
=started       2024-12-18 20:36:02
=ended         2024-12-18 20:36:02
=result        ok
=elapsed       0.000002s
=group_time    0.348s
=case          ejabberd_SUITE:init_per_group
=logfile       ejabberd_suite.init_per_group.46051.html
=group_props   [{name,push_master_slave},sequence]
=started       2024-12-18 20:36:02
=ended         2024-12-18 20:36:02
=result        ok
=elapsed       0.000004s
=case          ejabberd_SUITE:init_per_group
=logfile       ejabberd_suite.init_per_group.53570.html
=group_props   [{name,push_sm},parallel]
=started       2024-12-18 20:36:02
=ended         2024-12-18 20:36:02
=result        ok
=elapsed       0.000002s
=case          ejabberd_SUITE:push_sm_master
=logfile       ejabberd_suite.push_sm_master.40420.html
=started       2024-12-18 20:36:02
=ended         2024-12-18 20:36:10
=result        ok
=elapsed       8.197086s
=case          ejabberd_SUITE:push_sm_slave
=logfile       ejabberd_suite.push_sm_slave.40452.html
=started       2024-12-18 20:36:02
=ended         2024-12-18 20:36:02
=result        ok
=elapsed       0.090342s
=case          ejabberd_SUITE:end_per_group
=logfile       ejabberd_suite.end_per_group.53634.html
=group_props   [{name,push_sm},parallel]
=started       2024-12-18 20:36:10
=ended         2024-12-18 20:36:10
=result        ok
=elapsed       0.000002s
=group_time    8.257s
=case          ejabberd_SUITE:init_per_group
=logfile       ejabberd_suite.init_per_group.53666.html
=group_props   [{name,push_offline},parallel]
=started       2024-12-18 20:36:10
=ended         2024-12-18 20:36:10
=result        ok
=elapsed       0.000003s
=case          ejabberd_SUITE:push_offline_master
=logfile       ejabberd_suite.push_offline_master.46179.html
=started       2024-12-18 20:36:10
=ended         2024-12-18 20:36:10
=result        ok
=elapsed       0.298448s
=case          ejabberd_SUITE:push_offline_slave
=logfile       ejabberd_suite.push_offline_slave.53698.html
=started       2024-12-18 20:36:10
=ended         2024-12-18 20:36:10
=result        ok
=elapsed       0.147740s
=case          ejabberd_SUITE:end_per_group
=logfile       ejabberd_suite.end_per_group.53762.html
=group_props   [{name,push_offline},parallel]
=started       2024-12-18 20:36:10
=ended         2024-12-18 20:36:10
=result        ok
=elapsed       0.000006s
=group_time    0.357s
=case          ejabberd_SUITE:init_per_group
=logfile       ejabberd_suite.init_per_group.46243.html
=group_props   [{name,push_mam},parallel]
=started       2024-12-18 20:36:10
=ended         2024-12-18 20:36:10
=result        ok
=elapsed       0.000002s
=case          ejabberd_SUITE:push_mam_master
=logfile       ejabberd_suite.push_mam_master.46275.html
=started       2024-12-18 20:36:10
=ended         2024-12-18 20:36:11
=result        ok
=elapsed       0.194625s
=case          ejabberd_SUITE:push_mam_slave
=logfile       ejabberd_suite.push_mam_slave.46307.html
=started       2024-12-18 20:36:10
=ended         2024-12-18 20:36:11
=result        ok
=elapsed       0.301974s
=case          ejabberd_SUITE:end_per_group
=logfile       ejabberd_suite.end_per_group.46339.html
=group_props   [{name,push_mam},parallel]
=started       2024-12-18 20:36:11
=ended         2024-12-18 20:36:11
=result        ok
=elapsed       0.000007s
=group_time    0.361s
=case          ejabberd_SUITE:end_per_group
=logfile       ejabberd_suite.end_per_group.46371.html
=group_props   [{name,push_master_slave},sequence]
=started       2024-12-18 20:36:11
=ended         2024-12-18 20:36:11
=result        ok
=elapsed       0.000008s
=group_time    9.075s
=case          ejabberd_SUITE:end_per_group
=logfile       ejabberd_suite.end_per_group.46403.html
=group_props   [{name,pgsql},sequence]
=started       2024-12-18 20:36:11
=ended         2024-12-18 20:36:11
=result        failed: {test_case_failed,
                           {failed_to_check_table_existence,pgsql,
                               {selected,[<<"exists">>],[[<<"f">>]]}}}, [{ejabberd_SUITE,
                                                                          end_per_group,
                                                                          196},
                                                                         {test_server,
                                                                          ts_tc,
                                                                          1794},
                                                                         {test_server,
                                                                          run_test_case_eval1,
                                                                          1391},
                                                                         {test_server,
                                                                          run_test_case_eval,
                                                                          1235}]
=elapsed       0.001625s
=== *** FAILED {ejabberd_SUITE,end_per_group} ***
=group_time    102.166s
=case          ejabberd_SUITE:init_per_group
=logfile       ejabberd_suite.init_per_group.46435.html
=group_props   [{name,sqlite},sequence]
=started       2024-12-18 20:36:11
=ended         2024-12-18 20:36:11
=result        ok
=elapsed       0.000269s
=case          ejabberd_SUITE:init_per_group
=logfile       ejabberd_suite.init_per_group.46467.html
=group_props   [{name,single_user},sequence]
=started       2024-12-18 20:36:11
=ended         2024-12-18 20:36:11
=result        ok
=elapsed       0.000003s
=case          ejabberd_SUITE:test_register
=logfile       ejabberd_suite.test_register.46499.html
=started       2024-12-18 20:36:11
=ended         2024-12-18 20:36:11
=result        ok
=elapsed       0.006116s
=case          ejabberd_SUITE:init_per_group
=logfile       ejabberd_suite.init_per_group.46595.html
=group_props   [{name,legacy_auth},parallel]
=started       2024-12-18 20:36:11
=ended         2024-12-18 20:36:11
=result        ok
=elapsed       0.000003s
=case          ejabberd_SUITE:test_legacy_auth_feature
=logfile       ejabberd_suite.test_legacy_auth_feature.46627.html
=started       2024-12-18 20:36:11
=ended         2024-12-18 20:36:11
=result        ok
=elapsed       0.000645s
=case          ejabberd_SUITE:test_legacy_auth
=logfile       ejabberd_suite.test_legacy_auth.46659.html
=started       2024-12-18 20:36:11
=ended         2024-12-18 20:36:11
=result        ok
=elapsed       0.108377s
=case          ejabberd_SUITE:test_legacy_auth_digest
=logfile       ejabberd_suite.test_legacy_auth_digest.53858.html
=started       2024-12-18 20:36:11
=ended         2024-12-18 20:36:11
=result        ok
=elapsed       0.110278s
=case          ejabberd_SUITE:test_legacy_auth_no_resource
=logfile       ejabberd_suite.test_legacy_auth_no_resource.53826.html
=started       2024-12-18 20:36:11
=ended         2024-12-18 20:36:11
=result        ok
=elapsed       0.002804s
=case          ejabberd_SUITE:test_legacy_auth_bad_jid
=logfile       ejabberd_suite.test_legacy_auth_bad_jid.46691.html
=started       2024-12-18 20:36:11
=ended         2024-12-18 20:36:11
=result        ok
=elapsed       0.001291s
=case          ejabberd_SUITE:test_legacy_auth_fail
=logfile       ejabberd_suite.test_legacy_auth_fail.46723.html
=started       2024-12-18 20:36:11
=ended         2024-12-18 20:36:11
=result        ok
=elapsed       0.005434s
=case          ejabberd_SUITE:end_per_group
=logfile       ejabberd_suite.end_per_group.20773.html
=group_props   [{name,legacy_auth},parallel]
=started       2024-12-18 20:36:11
=ended         2024-12-18 20:36:11
=result        ok
=elapsed       0.000006s
=group_time    0.176s
=case          ejabberd_SUITE:auth_plain
=logfile       ejabberd_suite.auth_plain.20805.html
=started       2024-12-18 20:36:11
=ended         2024-12-18 20:36:11
=result        ok
=elapsed       0.001442s
=case          ejabberd_SUITE:auth_md5
=logfile       ejabberd_suite.auth_md5.20869.html
=started       2024-12-18 20:36:11
=ended         2024-12-18 20:36:11
=result        ok
=elapsed       0.002162s
=case          ejabberd_SUITE:presence_broadcast
=logfile       ejabberd_suite.presence_broadcast.20933.html
=started       2024-12-18 20:36:11
=ended         2024-12-18 20:36:11
=result        ok
=elapsed       0.209380s
=case          ejabberd_SUITE:last
=logfile       ejabberd_suite.last.20965.html
=started       2024-12-18 20:36:11
=ended         2024-12-18 20:36:12
=result        ok
=elapsed       0.104113s
=case          ejabberd_SUITE:init_per_group
=logfile       ejabberd_suite.init_per_group.21029.html
=group_props   [{name,webadmin_single},sequence]
=started       2024-12-18 20:36:12
=ended         2024-12-18 20:36:12
=result        ok
=elapsed       0.000002s
=case          ejabberd_SUITE:webadmin_login_page
=logfile       ejabberd_suite.webadmin_login_page.46979.html
=started       2024-12-18 20:36:12
=ended         2024-12-18 20:36:12
=result        ok
=elapsed       0.000387s
=case          ejabberd_SUITE:webadmin_welcome_page
=logfile       ejabberd_suite.webadmin_welcome_page.47011.html
=started       2024-12-18 20:36:12
=ended         2024-12-18 20:36:12
=result        ok
=elapsed       0.003709s
=case          ejabberd_SUITE:webadmin_user_page
=logfile       ejabberd_suite.webadmin_user_page.21061.html
=started       2024-12-18 20:36:12
=ended         2024-12-18 20:36:12
=result        ok
=elapsed       0.002647s
=case          ejabberd_SUITE:webadmin_adduser
=logfile       ejabberd_suite.webadmin_adduser.21093.html
=started       2024-12-18 20:36:12
=ended         2024-12-18 20:36:12
=result        ok
=elapsed       0.007517s
=case          ejabberd_SUITE:webadmin_changepassword
=logfile       ejabberd_suite.webadmin_changepassword.47043.html
=started       2024-12-18 20:36:12
=ended         2024-12-18 20:36:12
=result        ok
=elapsed       0.003498s
=case          ejabberd_SUITE:webadmin_removeuser
=logfile       ejabberd_suite.webadmin_removeuser.47075.html
=started       2024-12-18 20:36:12
=ended         2024-12-18 20:36:12
=result        ok
=elapsed       0.006663s
=case          ejabberd_SUITE:end_per_group
=logfile       ejabberd_suite.end_per_group.47107.html
=group_props   [{name,webadmin_single},sequence]
=started       2024-12-18 20:36:12
=ended         2024-12-18 20:36:12
=result        ok
=elapsed       0.000002s
=group_time    0.201s
=case          ejabberd_SUITE:init_per_group
=logfile       ejabberd_suite.init_per_group.47139.html
=group_props   [{name,roster_single},sequence]
=started       2024-12-18 20:36:12
=ended         2024-12-18 20:36:12
=result        ok
=elapsed       0.000002s
=case          ejabberd_SUITE:roster_feature_enabled
=logfile       ejabberd_suite.roster_feature_enabled.47171.html
=started       2024-12-18 20:36:12
=ended         2024-12-18 20:36:12
=result        ok
=elapsed       0.102977s
=case          ejabberd_SUITE:roster_iq_set_many_items
=logfile       ejabberd_suite.roster_iq_set_many_items.47235.html
=started       2024-12-18 20:36:12
=ended         2024-12-18 20:36:12
=result        ok
=elapsed       0.103267s
=case          ejabberd_SUITE:roster_iq_set_duplicated_groups
=logfile       ejabberd_suite.roster_iq_set_duplicated_groups.54082.html
=started       2024-12-18 20:36:12
=ended         2024-12-18 20:36:12
=result        ok
=elapsed       0.103410s
=case          ejabberd_SUITE:roster_iq_get_item
=logfile       ejabberd_suite.roster_iq_get_item.47331.html
=started       2024-12-18 20:36:12
=ended         2024-12-18 20:36:12
=result        ok
=elapsed       0.102815s
=case          ejabberd_SUITE:roster_iq_unexpected_element
=logfile       ejabberd_suite.roster_iq_unexpected_element.47395.html
=started       2024-12-18 20:36:12
=ended         2024-12-18 20:36:13
=result        ok
=elapsed       0.103684s
=case          ejabberd_SUITE:roster_iq_set_ask
=logfile       ejabberd_suite.roster_iq_set_ask.47491.html
=started       2024-12-18 20:36:13
=ended         2024-12-18 20:36:13
=result        ok
=elapsed       0.103254s
=case          ejabberd_SUITE:roster_set_item
=logfile       ejabberd_suite.roster_set_item.47523.html
=started       2024-12-18 20:36:13
=ended         2024-12-18 20:36:13
=result        ok
=elapsed       0.321945s
=case          ejabberd_SUITE:roster_version
=logfile       ejabberd_suite.roster_version.47683.html
=started       2024-12-18 20:36:13
=ended         2024-12-18 20:36:13
=result        ok
=elapsed       0.150637s
=case          ejabberd_SUITE:end_per_group
=logfile       ejabberd_suite.end_per_group.47747.html
=group_props   [{name,roster_single},sequence]
=started       2024-12-18 20:36:13
=ended         2024-12-18 20:36:13
=result        ok
=elapsed       0.000002s
=group_time    1.362s
=case          ejabberd_SUITE:init_per_group
=logfile       ejabberd_suite.init_per_group.47779.html
=group_props   [{name,private_single},sequence]
=started       2024-12-18 20:36:13
=ended         2024-12-18 20:36:13
=result        ok
=elapsed       0.000002s
=case          ejabberd_SUITE:private_test_features
=logfile       ejabberd_suite.private_test_features.47811.html
=started       2024-12-18 20:36:13
=ended         2024-12-18 20:36:13
=result        ok
=elapsed       0.103390s
=case          ejabberd_SUITE:private_test_no_namespace
=logfile       ejabberd_suite.private_test_no_namespace.47875.html
=started       2024-12-18 20:36:13
=ended         2024-12-18 20:36:13
=result        ok
=elapsed       0.103311s
=case          ejabberd_SUITE:private_test_set_get
=logfile       ejabberd_suite.private_test_set_get.54434.html
=started       2024-12-18 20:36:13
=ended         2024-12-18 20:36:14
=result        ok
=elapsed       0.135177s
=case          ejabberd_SUITE:private_test_published
=logfile       ejabberd_suite.private_test_published.54530.html
=started       2024-12-18 20:36:14
=ended         2024-12-18 20:36:14
=result        ok
=elapsed       0.109524s
=case          ejabberd_SUITE:end_per_group
=logfile       ejabberd_suite.end_per_group.54594.html
=group_props   [{name,private_single},sequence]
=started       2024-12-18 20:36:14
=ended         2024-12-18 20:36:14
=result        ok
=elapsed       0.000002s
=group_time    0.602s
=case          ejabberd_SUITE:init_per_group
=logfile       ejabberd_suite.init_per_group.54626.html
=group_props   [{name,privacy_single},sequence]
=started       2024-12-18 20:36:14
=ended         2024-12-18 20:36:14
=result        ok
=elapsed       0.000002s
=case          ejabberd_SUITE:privacy_feature_enabled
=logfile       ejabberd_suite.privacy_feature_enabled.54658.html
=started       2024-12-18 20:36:14
=ended         2024-12-18 20:36:14
=result        ok
=elapsed       0.104172s
=case          ejabberd_SUITE:privacy_set_get_list
=logfile       ejabberd_suite.privacy_set_get_list.47971.html
=started       2024-12-18 20:36:14
=ended         2024-12-18 20:36:14
=result        ok
=elapsed       0.149018s
=case          ejabberd_SUITE:privacy_get_list_non_existent
=logfile       ejabberd_suite.privacy_get_list_non_existent.54786.html
=started       2024-12-18 20:36:14
=ended         2024-12-18 20:36:14
=result        ok
=elapsed       0.103378s
=case          ejabberd_SUITE:privacy_get_empty_lists
=logfile       ejabberd_suite.privacy_get_empty_lists.48035.html
=started       2024-12-18 20:36:14
=ended         2024-12-18 20:36:14
=result        ok
=elapsed       0.103410s
=case          ejabberd_SUITE:privacy_set_default
=logfile       ejabberd_suite.privacy_set_default.48131.html
=started       2024-12-18 20:36:14
=ended         2024-12-18 20:36:15
=result        ok
=elapsed       0.153815s
=case          ejabberd_SUITE:privacy_del_default
=logfile       ejabberd_suite.privacy_del_default.48195.html
=started       2024-12-18 20:36:15
=ended         2024-12-18 20:36:15
=result        ok
=elapsed       0.154469s
=case          ejabberd_SUITE:privacy_set_default_non_existent
=logfile       ejabberd_suite.privacy_set_default_non_existent.48291.html
=started       2024-12-18 20:36:15
=ended         2024-12-18 20:36:15
=result        ok
=elapsed       0.103746s
=case          ejabberd_SUITE:privacy_set_active
=logfile       ejabberd_suite.privacy_set_active.48355.html
=started       2024-12-18 20:36:15
=ended         2024-12-18 20:36:15
=result        ok
=elapsed       0.148993s
=case          ejabberd_SUITE:privacy_del_active
=logfile       ejabberd_suite.privacy_del_active.55010.html
=started       2024-12-18 20:36:15
=ended         2024-12-18 20:36:15
=result        ok
=elapsed       0.152649s
=case          ejabberd_SUITE:privacy_set_active_non_existent
=logfile       ejabberd_suite.privacy_set_active_non_existent.55074.html
=started       2024-12-18 20:36:15
=ended         2024-12-18 20:36:15
=result        ok
=elapsed       0.103310s
=case          ejabberd_SUITE:privacy_remove_list
=logfile       ejabberd_suite.privacy_remove_list.55138.html
=started       2024-12-18 20:36:15
=ended         2024-12-18 20:36:16
=result        ok
=elapsed       0.149880s
=case          ejabberd_SUITE:privacy_remove_default_list
=logfile       ejabberd_suite.privacy_remove_default_list.55170.html
=started       2024-12-18 20:36:16
=ended         2024-12-18 20:36:16
=result        ok
=elapsed       0.151967s
=case          ejabberd_SUITE:privacy_remove_active_list
=logfile       ejabberd_suite.privacy_remove_active_list.55234.html
=started       2024-12-18 20:36:16
=ended         2024-12-18 20:36:16
=result        ok
=elapsed       0.149503s
=case          ejabberd_SUITE:privacy_remove_list_non_existent
=logfile       ejabberd_suite.privacy_remove_list_non_existent.55330.html
=started       2024-12-18 20:36:16
=ended         2024-12-18 20:36:16
=result        ok
=elapsed       0.103764s
=case          ejabberd_SUITE:privacy_allow_local_server
=logfile       ejabberd_suite.privacy_allow_local_server.48547.html
=started       2024-12-18 20:36:16
=ended         2024-12-18 20:36:16
=result        ok
=elapsed       0.196893s
=case          ejabberd_SUITE:privacy_malformed_iq_query
=logfile       ejabberd_suite.privacy_malformed_iq_query.48611.html
=started       2024-12-18 20:36:16
=ended         2024-12-18 20:36:16
=result        ok
=elapsed       0.103914s
=case          ejabberd_SUITE:privacy_malformed_get
=logfile       ejabberd_suite.privacy_malformed_get.48707.html
=started       2024-12-18 20:36:16
=ended         2024-12-18 20:36:17
=result        ok
=elapsed       0.105702s
=case          ejabberd_SUITE:privacy_malformed_set
=logfile       ejabberd_suite.privacy_malformed_set.48771.html
=started       2024-12-18 20:36:17
=ended         2024-12-18 20:36:17
=result        ok
=elapsed       0.105091s
=case          ejabberd_SUITE:privacy_malformed_type_value
=logfile       ejabberd_suite.privacy_malformed_type_value.48835.html
=started       2024-12-18 20:36:17
=ended         2024-12-18 20:36:17
=result        ok
=elapsed       0.104328s
=case          ejabberd_SUITE:privacy_set_get_block
=logfile       ejabberd_suite.privacy_set_get_block.48899.html
=started       2024-12-18 20:36:17
=ended         2024-12-18 20:36:17
=result        ok
=elapsed       0.197714s
=case          ejabberd_SUITE:end_per_group
=logfile       ejabberd_suite.end_per_group.55586.html
=group_props   [{name,privacy_single},sequence]
=started       2024-12-18 20:36:17
=ended         2024-12-18 20:36:17
=result        ok
=elapsed       0.000002s
=group_time    3.296s
=case          ejabberd_SUITE:init_per_group
=logfile       ejabberd_suite.init_per_group.55618.html
=group_props   [{name,vcard_single},sequence]
=started       2024-12-18 20:36:17
=ended         2024-12-18 20:36:17
=result        ok
=elapsed       0.000003s
=case          ejabberd_SUITE:vcard_feature_enabled
=logfile       ejabberd_suite.vcard_feature_enabled.48963.html
=started       2024-12-18 20:36:17
=ended         2024-12-18 20:36:17
=result        ok
=elapsed       0.104357s
=case          ejabberd_SUITE:vcard_get_set
=logfile       ejabberd_suite.vcard_get_set.49059.html
=started       2024-12-18 20:36:17
=ended         2024-12-18 20:36:17
=result        ok
=elapsed       0.106188s
=case          ejabberd_SUITE:vcard_service_vcard
=logfile       ejabberd_suite.vcard_service_vcard.49155.html
=started       2024-12-18 20:36:17
=ended         2024-12-18 20:36:18
=result        ok
=elapsed       0.104490s
=case          ejabberd_SUITE:end_per_group
=logfile       ejabberd_suite.end_per_group.49219.html
=group_props   [{name,vcard_single},sequence]
=started       2024-12-18 20:36:18
=ended         2024-12-18 20:36:18
=result        ok
=elapsed       0.000003s
=group_time    0.436s
=case          ejabberd_SUITE:init_per_group
=logfile       ejabberd_suite.init_per_group.49251.html
=group_props   [{name,pubsub_single},sequence]
=started       2024-12-18 20:36:18
=ended         2024-12-18 20:36:18
=result        ok
=elapsed       0.000002s
=case          ejabberd_SUITE:pubsub_test_features
=logfile       ejabberd_suite.pubsub_test_features.49283.html
=started       2024-12-18 20:36:18
=ended         2024-12-18 20:36:18
=result        ok
=elapsed       0.104261s
=case          ejabberd_SUITE:pubsub_test_vcard
=logfile       ejabberd_suite.pubsub_test_vcard.49315.html
=started       2024-12-18 20:36:18
=ended         2024-12-18 20:36:18
=result        ok
=elapsed       0.103468s
=case          ejabberd_SUITE:pubsub_test_create
=logfile       ejabberd_suite.pubsub_test_create.49379.html
=started       2024-12-18 20:36:18
=ended         2024-12-18 20:36:18
=result        ok
=elapsed       0.106583s
=case          ejabberd_SUITE:pubsub_test_configure
=logfile       ejabberd_suite.pubsub_test_configure.49443.html
=started       2024-12-18 20:36:18
=ended         2024-12-18 20:36:18
=result        ok
=elapsed       0.112012s
=case          ejabberd_SUITE:pubsub_test_delete
=logfile       ejabberd_suite.pubsub_test_delete.49507.html
=started       2024-12-18 20:36:18
=ended         2024-12-18 20:36:18
=result        ok
=elapsed       0.105280s
=case          ejabberd_SUITE:pubsub_test_get_affiliations
=logfile       ejabberd_suite.pubsub_test_get_affiliations.49571.html
=started       2024-12-18 20:36:18
=ended         2024-12-18 20:36:18
=result        ok
=elapsed       0.136561s
=case          ejabberd_SUITE:pubsub_test_get_subscriptions
=logfile       ejabberd_suite.pubsub_test_get_subscriptions.49603.html
=started       2024-12-18 20:36:18
=ended         2024-12-18 20:36:19
=result        ok
=elapsed       0.149922s
=case          ejabberd_SUITE:pubsub_test_create_instant
=logfile       ejabberd_suite.pubsub_test_create_instant.49699.html
=started       2024-12-18 20:36:19
=ended         2024-12-18 20:36:19
=result        ok
=elapsed       0.108739s
=case          ejabberd_SUITE:pubsub_test_default
=logfile       ejabberd_suite.pubsub_test_default.49731.html
=started       2024-12-18 20:36:19
=ended         2024-12-18 20:36:19
=result        ok
=elapsed       0.104012s
=case          ejabberd_SUITE:pubsub_test_create_configure
=logfile       ejabberd_suite.pubsub_test_create_configure.49827.html
=started       2024-12-18 20:36:19
=ended         2024-12-18 20:36:19
=result        ok
=elapsed       0.112745s
=case          ejabberd_SUITE:pubsub_test_publish
=logfile       ejabberd_suite.pubsub_test_publish.49923.html
=started       2024-12-18 20:36:19
=ended         2024-12-18 20:36:19
=result        ok
=elapsed       0.112170s
=case          ejabberd_SUITE:pubsub_test_auto_create
=logfile       ejabberd_suite.pubsub_test_auto_create.50019.html
=started       2024-12-18 20:36:19
=ended         2024-12-18 20:36:19
=result        ok
=elapsed       0.113559s
=case          ejabberd_SUITE:pubsub_test_get_items
=logfile       ejabberd_suite.pubsub_test_get_items.50083.html
=started       2024-12-18 20:36:19
=ended         2024-12-18 20:36:20
=result        ok
=elapsed       0.123729s
=case          ejabberd_SUITE:pubsub_test_delete_item
=logfile       ejabberd_suite.pubsub_test_delete_item.50147.html
=started       2024-12-18 20:36:20
=ended         2024-12-18 20:36:20
=result        ok
=elapsed       0.127360s
=case          ejabberd_SUITE:pubsub_test_purge
=logfile       ejabberd_suite.pubsub_test_purge.50211.html
=started       2024-12-18 20:36:20
=ended         2024-12-18 20:36:20
=result        ok
=elapsed       0.128711s
=case          ejabberd_SUITE:pubsub_test_subscribe
=logfile       ejabberd_suite.pubsub_test_subscribe.50275.html
=started       2024-12-18 20:36:20
=ended         2024-12-18 20:36:20
=result        ok
=elapsed       0.113039s
=case          ejabberd_SUITE:pubsub_test_subscribe_max_item_1
=logfile       ejabberd_suite.pubsub_test_subscribe_max_item_1.50371.html
=started       2024-12-18 20:36:20
=ended         2024-12-18 20:36:20
=result        ok
=elapsed       0.116310s
=case          ejabberd_SUITE:pubsub_test_unsubscribe
=logfile       ejabberd_suite.pubsub_test_unsubscribe.50435.html
=started       2024-12-18 20:36:20
=ended         2024-12-18 20:36:20
=result        ok
=elapsed       0.115007s
=case          ejabberd_SUITE:end_per_group
=logfile       ejabberd_suite.end_per_group.50499.html
=group_props   [{name,pubsub_single},sequence]
=started       2024-12-18 20:36:20
=ended         2024-12-18 20:36:20
=result        ok
=elapsed       0.000002s
=group_time    2.684s
=case          ejabberd_SUITE:init_per_group
=logfile       ejabberd_suite.init_per_group.50531.html
=group_props   [{name,muc_single},sequence]
=started       2024-12-18 20:36:20
=ended         2024-12-18 20:36:20
=result        ok
=elapsed       0.000003s
=case          ejabberd_SUITE:muc_service_presence_error
=logfile       ejabberd_suite.muc_service_presence_error.50563.html
=started       2024-12-18 20:36:20
=ended         2024-12-18 20:36:21
=result        ok
=elapsed       0.191644s
=case          ejabberd_SUITE:muc_service_message_error
=logfile       ejabberd_suite.muc_service_message_error.50627.html
=started       2024-12-18 20:36:21
=ended         2024-12-18 20:36:21
=result        ok
=elapsed       0.190416s
=case          ejabberd_SUITE:muc_service_unknown_ns_iq_error
=logfile       ejabberd_suite.muc_service_unknown_ns_iq_error.50691.html
=started       2024-12-18 20:36:21
=ended         2024-12-18 20:36:21
=result        ok
=elapsed       0.195827s
=case          ejabberd_SUITE:muc_service_iq_set_error
=logfile       ejabberd_suite.muc_service_iq_set_error.50787.html
=started       2024-12-18 20:36:21
=ended         2024-12-18 20:36:21
=result        ok
=elapsed       0.320293s
=case          ejabberd_SUITE:muc_service_improper_iq_error
=logfile       ejabberd_suite.muc_service_improper_iq_error.50883.html
=started       2024-12-18 20:36:21
=ended         2024-12-18 20:36:22
=result        ok
=elapsed       0.277976s
=case          ejabberd_SUITE:muc_service_features
=logfile       ejabberd_suite.muc_service_features.50947.html
=started       2024-12-18 20:36:22
=ended         2024-12-18 20:36:22
=result        ok
=elapsed       0.102951s
=case          ejabberd_SUITE:muc_service_disco_info_node_error
=logfile       ejabberd_suite.muc_service_disco_info_node_error.50979.html
=started       2024-12-18 20:36:22
=ended         2024-12-18 20:36:22
=result        ok
=elapsed       0.103194s
=case          ejabberd_SUITE:muc_service_disco_items
=logfile       ejabberd_suite.muc_service_disco_items.51075.html
=started       2024-12-18 20:36:22
=ended         2024-12-18 20:36:22
=result        ok
=elapsed       0.164229s
=case          ejabberd_SUITE:muc_service_unique
=logfile       ejabberd_suite.muc_service_unique.51235.html
=started       2024-12-18 20:36:22
=ended         2024-12-18 20:36:22
=result        ok
=elapsed       0.102653s
=case          ejabberd_SUITE:muc_service_vcard
=logfile       ejabberd_suite.muc_service_vcard.51299.html
=started       2024-12-18 20:36:22
=ended         2024-12-18 20:36:22
=result        ok
=elapsed       0.104319s
=case          ejabberd_SUITE:muc_configure_non_existent
=logfile       ejabberd_suite.muc_configure_non_existent.51331.html
=started       2024-12-18 20:36:22
=ended         2024-12-18 20:36:23
=result        ok
=elapsed       0.107788s
=case          ejabberd_SUITE:muc_cancel_configure_non_existent
=logfile       ejabberd_suite.muc_cancel_configure_non_existent.51427.html
=started       2024-12-18 20:36:23
=ended         2024-12-18 20:36:23
=result        ok
=elapsed       0.106536s
=case          ejabberd_SUITE:muc_service_subscriptions
=logfile       ejabberd_suite.muc_service_subscriptions.51491.html
=started       2024-12-18 20:36:23
=ended         2024-12-18 20:36:23
=result        ok
=elapsed       0.203266s
=case          ejabberd_SUITE:muc_set_room_affiliation
=logfile       ejabberd_suite.muc_set_room_affiliation.51747.html
=started       2024-12-18 20:36:23
=ended         2024-12-18 20:36:23
=result        ok
=elapsed       0.115943s
=case          ejabberd_SUITE:end_per_group
=logfile       ejabberd_suite.end_per_group.51779.html
=group_props   [{name,muc_single},sequence]
=started       2024-12-18 20:36:23
=ended         2024-12-18 20:36:23
=result        ok
=elapsed       0.000002s
=group_time    2.744s
=case          ejabberd_SUITE:init_per_group
=logfile       ejabberd_suite.init_per_group.51811.html
=group_props   [{name,offline_single},sequence]
=started       2024-12-18 20:36:23
=ended         2024-12-18 20:36:23
=result        ok
=elapsed       0.000003s
=case          ejabberd_SUITE:offline_feature_enabled
=logfile       ejabberd_suite.offline_feature_enabled.51843.html
=started       2024-12-18 20:36:23
=ended         2024-12-18 20:36:23
=result        ok
=elapsed       0.103821s
=case          ejabberd_SUITE:offline_check_identity
=logfile       ejabberd_suite.offline_check_identity.51907.html
=started       2024-12-18 20:36:23
=ended         2024-12-18 20:36:23
=result        ok
=elapsed       0.103861s
=case          ejabberd_SUITE:offline_send_non_existent
=logfile       ejabberd_suite.offline_send_non_existent.51971.html
=started       2024-12-18 20:36:23
=ended         2024-12-18 20:36:24
=result        ok
=elapsed       0.103826s
=case          ejabberd_SUITE:offline_view_non_existent
=logfile       ejabberd_suite.offline_view_non_existent.52067.html
=started       2024-12-18 20:36:24
=ended         2024-12-18 20:36:24
=result        ok
=elapsed       0.103434s
=case          ejabberd_SUITE:offline_remove_non_existent
=logfile       ejabberd_suite.offline_remove_non_existent.52131.html
=started       2024-12-18 20:36:24
=ended         2024-12-18 20:36:24
=result        ok
=elapsed       0.103464s
=case          ejabberd_SUITE:offline_view_non_integer
=logfile       ejabberd_suite.offline_view_non_integer.52195.html
=started       2024-12-18 20:36:24
=ended         2024-12-18 20:36:24
=result        ok
=elapsed       0.102997s
=case          ejabberd_SUITE:offline_remove_non_integer
=logfile       ejabberd_suite.offline_remove_non_integer.52291.html
=started       2024-12-18 20:36:24
=ended         2024-12-18 20:36:24
=result        ok
=elapsed       0.103091s
=case          ejabberd_SUITE:offline_malformed_iq
=logfile       ejabberd_suite.offline_malformed_iq.52323.html
=started       2024-12-18 20:36:24
=ended         2024-12-18 20:36:24
=result        ok
=elapsed       0.105851s
=case          ejabberd_SUITE:offline_wrong_user
=logfile       ejabberd_suite.offline_wrong_user.52387.html
=started       2024-12-18 20:36:24
=ended         2024-12-18 20:36:24
=result        ok
=elapsed       0.110455s
=case          ejabberd_SUITE:offline_unsupported_iq
=logfile       ejabberd_suite.offline_unsupported_iq.52451.html
=started       2024-12-18 20:36:24
=ended         2024-12-18 20:36:24
=result        ok
=elapsed       0.103885s
=case          ejabberd_SUITE:end_per_group
=logfile       ejabberd_suite.end_per_group.52483.html
=group_props   [{name,offline_single},sequence]
=started       2024-12-18 20:36:24
=ended         2024-12-18 20:36:24
=result        ok
=elapsed       0.000002s
=group_time    1.376s
=case          ejabberd_SUITE:init_per_group
=logfile       ejabberd_suite.init_per_group.52515.html
=group_props   [{name,mam_single},sequence]
=started       2024-12-18 20:36:24
=ended         2024-12-18 20:36:25
=result        ok
=elapsed       0.000002s
=case          ejabberd_SUITE:mam_feature_enabled
=logfile       ejabberd_suite.mam_feature_enabled.52547.html
=started       2024-12-18 20:36:25
=ended         2024-12-18 20:36:25
=result        ok
=elapsed       0.105556s
=case          ejabberd_SUITE:mam_get_set_prefs
=logfile       ejabberd_suite.mam_get_set_prefs.52611.html
=started       2024-12-18 20:36:25
=ended         2024-12-18 20:36:27
=result        ok
=elapsed       1.895101s
=case          ejabberd_SUITE:mam_get_form
=logfile       ejabberd_suite.mam_get_form.57058.html
=started       2024-12-18 20:36:27
=ended         2024-12-18 20:36:27
=result        ok
=elapsed       0.106245s
=case          ejabberd_SUITE:mam_fake_by
=logfile       ejabberd_suite.mam_fake_by.57122.html
=started       2024-12-18 20:36:27
=ended         2024-12-18 20:36:27
=result        ok
=elapsed       0.104190s
=case          ejabberd_SUITE:end_per_group
=logfile       ejabberd_suite.end_per_group.52707.html
=group_props   [{name,mam_single},sequence]
=started       2024-12-18 20:36:27
=ended         2024-12-18 20:36:27
=result        ok
=elapsed       0.000002s
=group_time    2.358s
=case          ejabberd_SUITE:init_per_group
=logfile       ejabberd_suite.init_per_group.57218.html
=group_props   [{name,push_single},sequence]
=started       2024-12-18 20:36:27
=ended         2024-12-18 20:36:27
=result        ok
=elapsed       0.000003s
=case          ejabberd_SUITE:push_feature_enabled
=logfile       ejabberd_suite.push_feature_enabled.57250.html
=started       2024-12-18 20:36:27
=ended         2024-12-18 20:36:27
=result        ok
=elapsed       0.103486s
=case          ejabberd_SUITE:push_unsupported_iq
=logfile       ejabberd_suite.push_unsupported_iq.57314.html
=started       2024-12-18 20:36:27
=ended         2024-12-18 20:36:27
=result        ok
=elapsed       0.103817s
=case          ejabberd_SUITE:end_per_group
=logfile       ejabberd_suite.end_per_group.57410.html
=group_props   [{name,push_single},sequence]
=started       2024-12-18 20:36:27
=ended         2024-12-18 20:36:27
=result        ok
=elapsed       0.000002s
=group_time    0.296s
=case          ejabberd_SUITE:test_unregister
=logfile       ejabberd_suite.test_unregister.57442.html
=started       2024-12-18 20:36:27
=ended         2024-12-18 20:36:27
=result        ok
=elapsed       0.008286s
=case          ejabberd_SUITE:end_per_group
=logfile       ejabberd_suite.end_per_group.57506.html
=group_props   [{name,single_user},sequence]
=started       2024-12-18 20:36:27
=ended         2024-12-18 20:36:27
=result        ok
=elapsed       0.000002s
=group_time    16.343s
=case          ejabberd_SUITE:init_per_group
=logfile       ejabberd_suite.init_per_group.57538.html
=group_props   [{name,muc_master_slave},sequence]
=started       2024-12-18 20:36:27
=ended         2024-12-18 20:36:27
=result        ok
=elapsed       0.000003s
=case          ejabberd_SUITE:init_per_group
=logfile       ejabberd_suite.init_per_group.57570.html
=group_props   [{name,muc_register},parallel]
=started       2024-12-18 20:36:27
=ended         2024-12-18 20:36:27
=result        ok
=elapsed       0.000002s
=case          ejabberd_SUITE:muc_register_master
=logfile       ejabberd_suite.muc_register_master.52803.html
=started       2024-12-18 20:36:27
=ended         2024-12-18 20:36:27
=result        ok
=elapsed       0.121087s
=case          ejabberd_SUITE:muc_register_slave
=logfile       ejabberd_suite.muc_register_slave.52835.html
=started       2024-12-18 20:36:27
=ended         2024-12-18 20:36:27
=result        ok
=elapsed       0.116744s
=case          ejabberd_SUITE:end_per_group
=logfile       ejabberd_suite.end_per_group.52931.html
=group_props   [{name,muc_register},parallel]
=started       2024-12-18 20:36:27
=ended         2024-12-18 20:36:27
=result        ok
=elapsed       0.000005s
=group_time    0.183s
=case          ejabberd_SUITE:init_per_group
=logfile       ejabberd_suite.init_per_group.52963.html
=group_props   [{name,muc_groupchat_msg},parallel]
=started       2024-12-18 20:36:27
=ended         2024-12-18 20:36:28
=result        ok
=elapsed       0.000002s
=case          ejabberd_SUITE:muc_groupchat_msg_master
=logfile       ejabberd_suite.muc_groupchat_msg_master.57666.html
=started       2024-12-18 20:36:28
=ended         2024-12-18 20:36:28
=result        ok
=elapsed       0.123253s
=case          ejabberd_SUITE:muc_groupchat_msg_slave
=logfile       ejabberd_suite.muc_groupchat_msg_slave.57698.html
=started       2024-12-18 20:36:28
=ended         2024-12-18 20:36:28
=result        ok
=elapsed       0.118694s
=case          ejabberd_SUITE:end_per_group
=logfile       ejabberd_suite.end_per_group.57762.html
=group_props   [{name,muc_groupchat_msg},parallel]
=started       2024-12-18 20:36:28
=ended         2024-12-18 20:36:28
=result        ok
=elapsed       0.000002s
=group_time    0.183s
=case          ejabberd_SUITE:init_per_group
=logfile       ejabberd_suite.init_per_group.57794.html
=group_props   [{name,muc_private_msg},parallel]
=started       2024-12-18 20:36:28
=ended         2024-12-18 20:36:28
=result        ok
=elapsed       0.000003s
=case          ejabberd_SUITE:muc_private_msg_master
=logfile       ejabberd_suite.muc_private_msg_master.57826.html
=started       2024-12-18 20:36:28
=ended         2024-12-18 20:36:28
=result        ok
=elapsed       0.162267s
=case          ejabberd_SUITE:muc_private_msg_slave
=logfile       ejabberd_suite.muc_private_msg_slave.53091.html
=started       2024-12-18 20:36:28
=ended         2024-12-18 20:36:28
=result        ok
=elapsed       0.155506s
=case          ejabberd_SUITE:end_per_group
=logfile       ejabberd_suite.end_per_group.53155.html
=group_props   [{name,muc_private_msg},parallel]
=started       2024-12-18 20:36:28
=ended         2024-12-18 20:36:28
=result        ok
=elapsed       0.000008s
=group_time    0.224s
=case          ejabberd_SUITE:init_per_group
=logfile       ejabberd_suite.init_per_group.21157.html
=group_props   [{name,muc_set_subject},parallel]
=started       2024-12-18 20:36:28
=ended         2024-12-18 20:36:28
=result        ok
=elapsed       0.000002s
=case          ejabberd_SUITE:muc_set_subject_master
=logfile       ejabberd_suite.muc_set_subject_master.21189.html
=started       2024-12-18 20:36:28
=ended         2024-12-18 20:36:28
=result        ok
=elapsed       0.132006s
=case          ejabberd_SUITE:muc_set_subject_slave
=logfile       ejabberd_suite.muc_set_subject_slave.21221.html
=started       2024-12-18 20:36:28
=ended         2024-12-18 20:36:28
=result        ok
=elapsed       0.128822s
=case          ejabberd_SUITE:end_per_group
=logfile       ejabberd_suite.end_per_group.21317.html
=group_props   [{name,muc_set_subject},parallel]
=started       2024-12-18 20:36:28
=ended         2024-12-18 20:36:28
=result        ok
=elapsed       0.000002s
=group_time    0.191s
=case          ejabberd_SUITE:init_per_group
=logfile       ejabberd_suite.init_per_group.57922.html
=group_props   [{name,muc_history},parallel]
=started       2024-12-18 20:36:28
=ended         2024-12-18 20:36:28
=result        ok
=elapsed       0.000002s
=case          ejabberd_SUITE:muc_history_master
=logfile       ejabberd_suite.muc_history_master.40804.html
=started       2024-12-18 20:36:28
=ended         2024-12-18 20:36:28
=result        ok
=elapsed       0.161195s
=case          ejabberd_SUITE:muc_history_slave
=logfile       ejabberd_suite.muc_history_slave.40836.html
=started       2024-12-18 20:36:28
=ended         2024-12-18 20:36:28
=result        ok
=elapsed       0.155871s
=case          ejabberd_SUITE:end_per_group
=logfile       ejabberd_suite.end_per_group.40900.html
=group_props   [{name,muc_history},parallel]
=started       2024-12-18 20:36:28
=ended         2024-12-18 20:36:28
=result        ok
=elapsed       0.000009s
=group_time    0.222s
=case          ejabberd_SUITE:init_per_group
=logfile       ejabberd_suite.init_per_group.40932.html
=group_props   [{name,muc_invite},parallel]
=started       2024-12-18 20:36:28
=ended         2024-12-18 20:36:28
=result        ok
=elapsed       0.000003s
=case          ejabberd_SUITE:muc_invite_master
=logfile       ejabberd_suite.muc_invite_master.40964.html
=started       2024-12-18 20:36:28
=ended         2024-12-18 20:36:29
=result        ok
=elapsed       0.115506s
=case          ejabberd_SUITE:muc_invite_slave
=logfile       ejabberd_suite.muc_invite_slave.40996.html
=started       2024-12-18 20:36:28
=ended         2024-12-18 20:36:29
=result        ok
=elapsed       0.153309s
=case          ejabberd_SUITE:end_per_group
=logfile       ejabberd_suite.end_per_group.41028.html
=group_props   [{name,muc_invite},parallel]
=started       2024-12-18 20:36:29
=ended         2024-12-18 20:36:29
=result        ok
=elapsed       0.000002s
=group_time    0.213s
=case          ejabberd_SUITE:init_per_group
=logfile       ejabberd_suite.init_per_group.41060.html
=group_props   [{name,muc_invite_members_only},parallel]
=started       2024-12-18 20:36:29
=ended         2024-12-18 20:36:29
=result        ok
=elapsed       0.000002s
=case          ejabberd_SUITE:muc_invite_members_only_master
=logfile       ejabberd_suite.muc_invite_members_only_master.41092.html
=started       2024-12-18 20:36:29
=ended         2024-12-18 20:36:29
=result        ok
=elapsed       0.118731s
=case          ejabberd_SUITE:muc_invite_members_only_slave
=logfile       ejabberd_suite.muc_invite_members_only_slave.41124.html
=started       2024-12-18 20:36:29
=ended         2024-12-18 20:36:29
=result        ok
=elapsed       0.113116s
=case          ejabberd_SUITE:end_per_group
=logfile       ejabberd_suite.end_per_group.41220.html
=group_props   [{name,muc_invite_members_only},parallel]
=started       2024-12-18 20:36:29
=ended         2024-12-18 20:36:29
=result        ok
=elapsed       0.000008s
=group_time    0.179s
=case          ejabberd_SUITE:init_per_group
=logfile       ejabberd_suite.init_per_group.41252.html
=group_props   [{name,muc_invite_password_protected},parallel]
=started       2024-12-18 20:36:29
=ended         2024-12-18 20:36:29
=result        ok
=elapsed       0.000002s
=case          ejabberd_SUITE:muc_invite_password_protected_master
=logfile       ejabberd_suite.muc_invite_password_protected_master.41284.html
=started       2024-12-18 20:36:29
=ended         2024-12-18 20:36:29
=result        ok
=elapsed       0.168655s
=case          ejabberd_SUITE:muc_invite_password_protected_slave
=logfile       ejabberd_suite.muc_invite_password_protected_slave.41316.html
=started       2024-12-18 20:36:29
=ended         2024-12-18 20:36:29
=result        ok
=elapsed       0.117638s
=case          ejabberd_SUITE:end_per_group
=logfile       ejabberd_suite.end_per_group.41380.html
=group_props   [{name,muc_invite_password_protected},parallel]
=started       2024-12-18 20:36:29
=ended         2024-12-18 20:36:29
=result        ok
=elapsed       0.000008s
=group_time    0.230s
=case          ejabberd_SUITE:init_per_group
=logfile       ejabberd_suite.init_per_group.53443.html
=group_props   [{name,muc_voice_request},parallel]
=started       2024-12-18 20:36:29
=ended         2024-12-18 20:36:29
=result        ok
=elapsed       0.000003s
=case          ejabberd_SUITE:muc_voice_request_master
=logfile       ejabberd_suite.muc_voice_request_master.53475.html
=started       2024-12-18 20:36:29
=ended         2024-12-18 20:36:29
=result        ok
=elapsed       0.126422s
=case          ejabberd_SUITE:muc_voice_request_slave
=logfile       ejabberd_suite.muc_voice_request_slave.53507.html
=started       2024-12-18 20:36:29
=ended         2024-12-18 20:36:29
=result        ok
=elapsed       0.120653s
=case          ejabberd_SUITE:end_per_group
=logfile       ejabberd_suite.end_per_group.53635.html
=group_props   [{name,muc_voice_request},parallel]
=started       2024-12-18 20:36:29
=ended         2024-12-18 20:36:29
=result        ok
=elapsed       0.000002s
=group_time    0.186s
=case          ejabberd_SUITE:init_per_group
=logfile       ejabberd_suite.init_per_group.53667.html
=group_props   [{name,muc_change_role},parallel]
=started       2024-12-18 20:36:29
=ended         2024-12-18 20:36:29
=result        ok
=elapsed       0.000002s
=case          ejabberd_SUITE:muc_change_role_master
=logfile       ejabberd_suite.muc_change_role_master.53699.html
=started       2024-12-18 20:36:29
=ended         2024-12-18 20:36:30
=result        ok
=elapsed       0.131482s
=case          ejabberd_SUITE:muc_change_role_slave
=logfile       ejabberd_suite.muc_change_role_slave.53731.html
=started       2024-12-18 20:36:29
=ended         2024-12-18 20:36:30
=result        ok
=elapsed       0.128329s
=case          ejabberd_SUITE:end_per_group
=logfile       ejabberd_suite.end_per_group.41540.html
=group_props   [{name,muc_change_role},parallel]
=started       2024-12-18 20:36:30
=ended         2024-12-18 20:36:30
=result        ok
=elapsed       0.000002s
=group_time    0.194s
=case          ejabberd_SUITE:init_per_group
=logfile       ejabberd_suite.init_per_group.21445.html
=group_props   [{name,muc_kick},parallel]
=started       2024-12-18 20:36:30
=ended         2024-12-18 20:36:30
=result        ok
=elapsed       0.000003s
=case          ejabberd_SUITE:muc_kick_master
=logfile       ejabberd_suite.muc_kick_master.21477.html
=started       2024-12-18 20:36:30
=ended         2024-12-18 20:36:30
=result        ok
=elapsed       0.122573s
=case          ejabberd_SUITE:muc_kick_slave
=logfile       ejabberd_suite.muc_kick_slave.53763.html
=started       2024-12-18 20:36:30
=ended         2024-12-18 20:36:30
=result        ok
=elapsed       0.116505s
=case          ejabberd_SUITE:end_per_group
=logfile       ejabberd_suite.end_per_group.53859.html
=group_props   [{name,muc_kick},parallel]
=started       2024-12-18 20:36:30
=ended         2024-12-18 20:36:30
=result        ok
=elapsed       0.000002s
=group_time    0.184s
=case          ejabberd_SUITE:init_per_group
=logfile       ejabberd_suite.init_per_group.53891.html
=group_props   [{name,muc_change_affiliation},parallel]
=started       2024-12-18 20:36:30
=ended         2024-12-18 20:36:30
=result        ok
=elapsed       0.000002s
=case          ejabberd_SUITE:muc_change_affiliation_master
=logfile       ejabberd_suite.muc_change_affiliation_master.21573.html
=started       2024-12-18 20:36:30
=ended         2024-12-18 20:36:30
=result        ok
=elapsed       0.139120s
=case          ejabberd_SUITE:muc_change_affiliation_slave
=logfile       ejabberd_suite.muc_change_affiliation_slave.53923.html
=started       2024-12-18 20:36:30
=ended         2024-12-18 20:36:30
=result        ok
=elapsed       0.133537s
=case          ejabberd_SUITE:end_per_group
=logfile       ejabberd_suite.end_per_group.21637.html
=group_props   [{name,muc_change_affiliation},parallel]
=started       2024-12-18 20:36:30
=ended         2024-12-18 20:36:30
=result        ok
=elapsed       0.000003s
=group_time    0.200s
=case          ejabberd_SUITE:init_per_group
=logfile       ejabberd_suite.init_per_group.54051.html
=group_props   [{name,muc_destroy},parallel]
=started       2024-12-18 20:36:30
=ended         2024-12-18 20:36:30
=result        ok
=elapsed       0.000003s
=case          ejabberd_SUITE:muc_destroy_master
=logfile       ejabberd_suite.muc_destroy_master.54083.html
=started       2024-12-18 20:36:30
=ended         2024-12-18 20:36:30
=result        ok
=elapsed       0.120475s
=case          ejabberd_SUITE:muc_destroy_slave
=logfile       ejabberd_suite.muc_destroy_slave.54115.html
=started       2024-12-18 20:36:30
=ended         2024-12-18 20:36:30
=result        ok
=elapsed       0.119298s
=case          ejabberd_SUITE:end_per_group
=logfile       ejabberd_suite.end_per_group.58370.html
=group_props   [{name,muc_destroy},parallel]
=started       2024-12-18 20:36:30
=ended         2024-12-18 20:36:30
=result        ok
=elapsed       0.000002s
=group_time    0.181s
=case          ejabberd_SUITE:init_per_group
=logfile       ejabberd_suite.init_per_group.58402.html
=group_props   [{name,muc_vcard},parallel]
=started       2024-12-18 20:36:30
=ended         2024-12-18 20:36:30
=result        ok
=elapsed       0.000003s
=case          ejabberd_SUITE:muc_vcard_master
=logfile       ejabberd_suite.muc_vcard_master.58434.html
=started       2024-12-18 20:36:30
=ended         2024-12-18 20:36:30
=result        ok
=elapsed       0.125446s
=case          ejabberd_SUITE:muc_vcard_slave
=logfile       ejabberd_suite.muc_vcard_slave.58466.html
=started       2024-12-18 20:36:30
=ended         2024-12-18 20:36:30
=result        ok
=elapsed       0.120745s
=case          ejabberd_SUITE:end_per_group
=logfile       ejabberd_suite.end_per_group.58562.html
=group_props   [{name,muc_vcard},parallel]
=started       2024-12-18 20:36:30
=ended         2024-12-18 20:36:30
=result        ok
=elapsed       0.000003s
=group_time    0.184s
=case          ejabberd_SUITE:init_per_group
=logfile       ejabberd_suite.init_per_group.58594.html
=group_props   [{name,muc_nick_change},parallel]
=started       2024-12-18 20:36:30
=ended         2024-12-18 20:36:30
=result        ok
=elapsed       0.000003s
=case          ejabberd_SUITE:muc_nick_change_master
=logfile       ejabberd_suite.muc_nick_change_master.58626.html
=started       2024-12-18 20:36:30
=ended         2024-12-18 20:36:31
=result        ok
=elapsed       0.120969s
=case          ejabberd_SUITE:muc_nick_change_slave
=logfile       ejabberd_suite.muc_nick_change_slave.58658.html
=started       2024-12-18 20:36:30
=ended         2024-12-18 20:36:31
=result        ok
=elapsed       0.117584s
=case          ejabberd_SUITE:end_per_group
=logfile       ejabberd_suite.end_per_group.58722.html
=group_props   [{name,muc_nick_change},parallel]
=started       2024-12-18 20:36:31
=ended         2024-12-18 20:36:31
=result        ok
=elapsed       0.000002s
=group_time    0.182s
=case          ejabberd_SUITE:init_per_group
=logfile       ejabberd_suite.init_per_group.58754.html
=group_props   [{name,muc_config_title_desc},parallel]
=started       2024-12-18 20:36:31
=ended         2024-12-18 20:36:31
=result        ok
=elapsed       0.000002s
=case          ejabberd_SUITE:muc_config_title_desc_master
=logfile       ejabberd_suite.muc_config_title_desc_master.41572.html
=started       2024-12-18 20:36:31
=ended         2024-12-18 20:36:31
=result        ok
=elapsed       0.124611s
=case          ejabberd_SUITE:muc_config_title_desc_slave
=logfile       ejabberd_suite.muc_config_title_desc_slave.41604.html
=started       2024-12-18 20:36:31
=ended         2024-12-18 20:36:31
=result        ok
=elapsed       0.117485s
=case          ejabberd_SUITE:end_per_group
=logfile       ejabberd_suite.end_per_group.41636.html
=group_props   [{name,muc_config_title_desc},parallel]
=started       2024-12-18 20:36:31
=ended         2024-12-18 20:36:31
=result        ok
=elapsed       0.000002s
=group_time    0.186s
=case          ejabberd_SUITE:init_per_group
=logfile       ejabberd_suite.init_per_group.41668.html
=group_props   [{name,muc_config_public_list},parallel]
=started       2024-12-18 20:36:31
=ended         2024-12-18 20:36:31
=result        ok
=elapsed       0.000003s
=case          ejabberd_SUITE:muc_config_public_list_master
=logfile       ejabberd_suite.muc_config_public_list_master.41700.html
=started       2024-12-18 20:36:31
=ended         2024-12-18 20:36:31
=result        ok
=elapsed       0.126207s
=case          ejabberd_SUITE:muc_config_public_list_slave
=logfile       ejabberd_suite.muc_config_public_list_slave.41732.html
=started       2024-12-18 20:36:31
=ended         2024-12-18 20:36:31
=result        ok
=elapsed       0.121214s
=case          ejabberd_SUITE:end_per_group
=logfile       ejabberd_suite.end_per_group.41828.html
=group_props   [{name,muc_config_public_list},parallel]
=started       2024-12-18 20:36:31
=ended         2024-12-18 20:36:31
=result        ok
=elapsed       0.000002s
=group_time    0.188s
=case          ejabberd_SUITE:init_per_group
=logfile       ejabberd_suite.init_per_group.41860.html
=group_props   [{name,muc_config_password},parallel]
=started       2024-12-18 20:36:31
=ended         2024-12-18 20:36:31
=result        ok
=elapsed       0.000002s
=case          ejabberd_SUITE:muc_config_password_master
=logfile       ejabberd_suite.muc_config_password_master.41892.html
=started       2024-12-18 20:36:31
=ended         2024-12-18 20:36:31
=result        ok
=elapsed       0.125392s
=case          ejabberd_SUITE:muc_config_password_slave
=logfile       ejabberd_suite.muc_config_password_slave.41924.html
=started       2024-12-18 20:36:31
=ended         2024-12-18 20:36:31
=result        ok
=elapsed       0.121986s
=case          ejabberd_SUITE:end_per_group
=logfile       ejabberd_suite.end_per_group.22181.html
=group_props   [{name,muc_config_password},parallel]
=started       2024-12-18 20:36:31
=ended         2024-12-18 20:36:31
=result        ok
=elapsed       0.000002s
=group_time    0.184s
=case          ejabberd_SUITE:init_per_group
=logfile       ejabberd_suite.init_per_group.22213.html
=group_props   [{name,muc_config_whois},parallel]
=started       2024-12-18 20:36:31
=ended         2024-12-18 20:36:31
=result        ok
=elapsed       0.000002s
=case          ejabberd_SUITE:muc_config_whois_master
=logfile       ejabberd_suite.muc_config_whois_master.22245.html
=started       2024-12-18 20:36:31
=ended         2024-12-18 20:36:31
=result        ok
=elapsed       0.129611s
=case          ejabberd_SUITE:muc_config_whois_slave
=logfile       ejabberd_suite.muc_config_whois_slave.42020.html
=started       2024-12-18 20:36:31
=ended         2024-12-18 20:36:31
=result        ok
=elapsed       0.122635s
=case          ejabberd_SUITE:end_per_group
=logfile       ejabberd_suite.end_per_group.42052.html
=group_props   [{name,muc_config_whois},parallel]
=started       2024-12-18 20:36:31
=ended         2024-12-18 20:36:31
=result        ok
=elapsed       0.000009s
=group_time    0.190s
=case          ejabberd_SUITE:init_per_group
=logfile       ejabberd_suite.init_per_group.22309.html
=group_props   [{name,muc_config_members_only},parallel]
=started       2024-12-18 20:36:31
=ended         2024-12-18 20:36:31
=result        ok
=elapsed       0.000002s
=case          ejabberd_SUITE:muc_config_members_only_master
=logfile       ejabberd_suite.muc_config_members_only_master.22341.html
=started       2024-12-18 20:36:31
=ended         2024-12-18 20:36:32
=result        ok
=elapsed       0.133110s
=case          ejabberd_SUITE:muc_config_members_only_slave
=logfile       ejabberd_suite.muc_config_members_only_slave.22373.html
=started       2024-12-18 20:36:31
=ended         2024-12-18 20:36:32
=result        ok
=elapsed       0.126322s
=case          ejabberd_SUITE:end_per_group
=logfile       ejabberd_suite.end_per_group.22437.html
=group_props   [{name,muc_config_members_only},parallel]
=started       2024-12-18 20:36:32
=ended         2024-12-18 20:36:32
=result        ok
=elapsed       0.000002s
=group_time    0.194s
=case          ejabberd_SUITE:init_per_group
=logfile       ejabberd_suite.init_per_group.42212.html
=group_props   [{name,muc_config_moderated},parallel]
=started       2024-12-18 20:36:32
=ended         2024-12-18 20:36:32
=result        ok
=elapsed       0.000002s
=case          ejabberd_SUITE:muc_config_moderated_master
=logfile       ejabberd_suite.muc_config_moderated_master.42244.html
=started       2024-12-18 20:36:32
=ended         2024-12-18 20:36:32
=result        ok
=elapsed       0.127109s
=case          ejabberd_SUITE:muc_config_moderated_slave
=logfile       ejabberd_suite.muc_config_moderated_slave.42276.html
=started       2024-12-18 20:36:32
=ended         2024-12-18 20:36:32
=result        ok
=elapsed       0.122981s
=case          ejabberd_SUITE:end_per_group
=logfile       ejabberd_suite.end_per_group.42308.html
=group_props   [{name,muc_config_moderated},parallel]
=started       2024-12-18 20:36:32
=ended         2024-12-18 20:36:32
=result        ok
=elapsed       0.000002s
=group_time    0.189s
=case          ejabberd_SUITE:init_per_group
=logfile       ejabberd_suite.init_per_group.42340.html
=group_props   [{name,muc_config_private_messages},parallel]
=started       2024-12-18 20:36:32
=ended         2024-12-18 20:36:32
=result        ok
=elapsed       0.000002s
=case          ejabberd_SUITE:muc_config_private_messages_master
=logfile       ejabberd_suite.muc_config_private_messages_master.42372.html
=started       2024-12-18 20:36:32
=ended         2024-12-18 20:36:32
=result        ok
=elapsed       0.132562s
=case          ejabberd_SUITE:muc_config_private_messages_slave
=logfile       ejabberd_suite.muc_config_private_messages_slave.58946.html
=started       2024-12-18 20:36:32
=ended         2024-12-18 20:36:32
=result        ok
=elapsed       0.140174s
=case          ejabberd_SUITE:end_per_group
=logfile       ejabberd_suite.end_per_group.58978.html
=group_props   [{name,muc_config_private_messages},parallel]
=started       2024-12-18 20:36:32
=ended         2024-12-18 20:36:32
=result        ok
=elapsed       0.000010s
=group_time    0.200s
=case          ejabberd_SUITE:init_per_group
=logfile       ejabberd_suite.init_per_group.59010.html
=group_props   [{name,muc_config_query},parallel]
=started       2024-12-18 20:36:32
=ended         2024-12-18 20:36:32
=result        ok
=elapsed       0.000002s
=case          ejabberd_SUITE:muc_config_query_master
=logfile       ejabberd_suite.muc_config_query_master.59042.html
=started       2024-12-18 20:36:32
=ended         2024-12-18 20:36:32
=result        ok
=elapsed       0.165811s
=case          ejabberd_SUITE:muc_config_query_slave
=logfile       ejabberd_suite.muc_config_query_slave.59074.html
=started       2024-12-18 20:36:32
=ended         2024-12-18 20:36:32
=result        ok
=elapsed       0.161126s
=case          ejabberd_SUITE:end_per_group
=logfile       ejabberd_suite.end_per_group.59138.html
=group_props   [{name,muc_config_query},parallel]
=started       2024-12-18 20:36:32
=ended         2024-12-18 20:36:32
=result        ok
=elapsed       0.000006s
=group_time    0.226s
=case          ejabberd_SUITE:init_per_group
=logfile       ejabberd_suite.init_per_group.59170.html
=group_props   [{name,muc_config_allow_invites},parallel]
=started       2024-12-18 20:36:32
=ended         2024-12-18 20:36:32
=result        ok
=elapsed       0.000002s
=case          ejabberd_SUITE:muc_config_allow_invites_master
=logfile       ejabberd_suite.muc_config_allow_invites_master.59202.html
=started       2024-12-18 20:36:32
=ended         2024-12-18 20:36:33
=result        ok
=elapsed       0.126557s
=case          ejabberd_SUITE:muc_config_allow_invites_slave
=logfile       ejabberd_suite.muc_config_allow_invites_slave.59234.html
=started       2024-12-18 20:36:32
=ended         2024-12-18 20:36:33
=result        ok
=elapsed       0.120650s
=case          ejabberd_SUITE:end_per_group
=logfile       ejabberd_suite.end_per_group.59330.html
=group_props   [{name,muc_config_allow_invites},parallel]
=started       2024-12-18 20:36:33
=ended         2024-12-18 20:36:33
=result        ok
=elapsed       0.000007s
=group_time    0.187s
=case          ejabberd_SUITE:init_per_group
=logfile       ejabberd_suite.init_per_group.59362.html
=group_props   [{name,muc_config_visitor_status},parallel]
=started       2024-12-18 20:36:33
=ended         2024-12-18 20:36:33
=result        ok
=elapsed       0.000002s
=case          ejabberd_SUITE:muc_config_visitor_status_master
=logfile       ejabberd_suite.muc_config_visitor_status_master.54467.html
=started       2024-12-18 20:36:33
=ended         2024-12-18 20:36:33
=result        ok
=elapsed       0.124209s
=case          ejabberd_SUITE:muc_config_visitor_status_slave
=logfile       ejabberd_suite.muc_config_visitor_status_slave.59394.html
=started       2024-12-18 20:36:33
=ended         2024-12-18 20:36:33
=result        ok
=elapsed       0.121036s
=case          ejabberd_SUITE:end_per_group
=logfile       ejabberd_suite.end_per_group.59522.html
=group_props   [{name,muc_config_visitor_status},parallel]
=started       2024-12-18 20:36:33
=ended         2024-12-18 20:36:33
=result        ok
=elapsed       0.000002s
=group_time    0.185s
=case          ejabberd_SUITE:init_per_group
=logfile       ejabberd_suite.init_per_group.59554.html
=group_props   [{name,muc_config_allow_voice_requests},parallel]
=started       2024-12-18 20:36:33
=ended         2024-12-18 20:36:33
=result        ok
=elapsed       0.000002s
=case          ejabberd_SUITE:muc_config_allow_voice_requests_master
=logfile       ejabberd_suite.muc_config_allow_voice_requests_master.59586.html
=started       2024-12-18 20:36:33
=ended         2024-12-18 20:36:33
=result        ok
=elapsed       0.123877s
=case          ejabberd_SUITE:muc_config_allow_voice_requests_slave
=logfile       ejabberd_suite.muc_config_allow_voice_requests_slave.59618.html
=started       2024-12-18 20:36:33
=ended         2024-12-18 20:36:33
=result        ok
=elapsed       0.118103s
=case          ejabberd_SUITE:end_per_group
=logfile       ejabberd_suite.end_per_group.59650.html
=group_props   [{name,muc_config_allow_voice_requests},parallel]
=started       2024-12-18 20:36:33
=ended         2024-12-18 20:36:33
=result        ok
=elapsed       0.000003s
=group_time    0.195s
=case          ejabberd_SUITE:init_per_group
=logfile       ejabberd_suite.init_per_group.59682.html
=group_props   [{name,muc_config_voice_request_interval},parallel]
=started       2024-12-18 20:36:33
=ended         2024-12-18 20:36:33
=result        ok
=elapsed       0.000002s
=case          ejabberd_SUITE:muc_config_voice_request_interval_master
=logfile       ejabberd_suite.muc_config_voice_request_interval_master.59714.html
=started       2024-12-18 20:36:33
=ended         2024-12-18 20:36:38
=result        ok
=elapsed       5.211203s
=case          ejabberd_SUITE:muc_config_voice_request_interval_slave
=logfile       ejabberd_suite.muc_config_voice_request_interval_slave.59746.html
=started       2024-12-18 20:36:33
=ended         2024-12-18 20:36:38
=result        ok
=elapsed       5.206929s
=case          ejabberd_SUITE:end_per_group
=logfile       ejabberd_suite.end_per_group.59810.html
=group_props   [{name,muc_config_voice_request_interval},parallel]
=started       2024-12-18 20:36:38
=ended         2024-12-18 20:36:38
=result        ok
=elapsed       0.000002s
=group_time    5.271s
=case          ejabberd_SUITE:init_per_group
=logfile       ejabberd_suite.init_per_group.42692.html
=group_props   [{name,muc_config_visitor_nickchange},parallel]
=started       2024-12-18 20:36:38
=ended         2024-12-18 20:36:38
=result        ok
=elapsed       0.000002s
=case          ejabberd_SUITE:muc_config_visitor_nickchange_master
=logfile       ejabberd_suite.muc_config_visitor_nickchange_master.42724.html
=started       2024-12-18 20:36:38
=ended         2024-12-18 20:36:38
=result        ok
=elapsed       0.127588s
=case          ejabberd_SUITE:muc_config_visitor_nickchange_slave
=logfile       ejabberd_suite.muc_config_visitor_nickchange_slave.42756.html
=started       2024-12-18 20:36:38
=ended         2024-12-18 20:36:38
=result        ok
=elapsed       0.123684s
=case          ejabberd_SUITE:end_per_group
=logfile       ejabberd_suite.end_per_group.42820.html
=group_props   [{name,muc_config_visitor_nickchange},parallel]
=started       2024-12-18 20:36:38
=ended         2024-12-18 20:36:39
=result        ok
=elapsed       0.000003s
=group_time    0.190s
=case          ejabberd_SUITE:init_per_group
=logfile       ejabberd_suite.init_per_group.42852.html
=group_props   [{name,muc_join_conflict},parallel]
=started       2024-12-18 20:36:39
=ended         2024-12-18 20:36:39
=result        ok
=elapsed       0.000004s
=case          ejabberd_SUITE:muc_join_conflict_master
=logfile       ejabberd_suite.muc_join_conflict_master.42884.html
=started       2024-12-18 20:36:39
=ended         2024-12-18 20:36:39
=result        ok
=elapsed       0.117761s
=case          ejabberd_SUITE:muc_join_conflict_slave
=logfile       ejabberd_suite.muc_join_conflict_slave.54755.html
=started       2024-12-18 20:36:39
=ended         2024-12-18 20:36:39
=result        ok
=elapsed       0.112467s
=case          ejabberd_SUITE:end_per_group
=logfile       ejabberd_suite.end_per_group.54819.html
=group_props   [{name,muc_join_conflict},parallel]
=started       2024-12-18 20:36:39
=ended         2024-12-18 20:36:39
=result        ok
=elapsed       0.000002s
=group_time    0.180s
=case          ejabberd_SUITE:end_per_group
=logfile       ejabberd_suite.end_per_group.54851.html
=group_props   [{name,muc_master_slave},sequence]
=started       2024-12-18 20:36:39
=ended         2024-12-18 20:36:39
=result        ok
=elapsed       0.000001s
=group_time    11.458s
=case          ejabberd_SUITE:init_per_group
=logfile       ejabberd_suite.init_per_group.54883.html
=group_props   [{name,privacy_master_slave},sequence]
=started       2024-12-18 20:36:39
=ended         2024-12-18 20:36:39
=result        ok
=elapsed       0.000003s
=case          ejabberd_SUITE:init_per_group
=logfile       ejabberd_suite.init_per_group.54915.html
=group_props   [{name,privacy_deny_bare_jid},parallel]
=started       2024-12-18 20:36:39
=ended         2024-12-18 20:36:39
=result        ok
=elapsed       0.000001s
=case          ejabberd_SUITE:privacy_deny_bare_jid_master
=logfile       ejabberd_suite.privacy_deny_bare_jid_master.54947.html
=started       2024-12-18 20:36:39
=ended         2024-12-18 20:36:40
=result        ok
=elapsed       1.148080s
=case          ejabberd_SUITE:privacy_deny_bare_jid_slave
=logfile       ejabberd_suite.privacy_deny_bare_jid_slave.54979.html
=started       2024-12-18 20:36:39
=ended         2024-12-18 20:36:40
=result        ok
=elapsed       1.145200s
=case          ejabberd_SUITE:end_per_group
=logfile       ejabberd_suite.end_per_group.55107.html
=group_props   [{name,privacy_deny_bare_jid},parallel]
=started       2024-12-18 20:36:40
=ended         2024-12-18 20:36:40
=result        ok
=elapsed       0.000002s
=group_time    1.207s
=case          ejabberd_SUITE:init_per_group
=logfile       ejabberd_suite.init_per_group.55139.html
=group_props   [{name,privacy_deny_full_jid},parallel]
=started       2024-12-18 20:36:40
=ended         2024-12-18 20:36:40
=result        ok
=elapsed       0.000002s
=case          ejabberd_SUITE:privacy_deny_full_jid_master
=logfile       ejabberd_suite.privacy_deny_full_jid_master.55171.html
=started       2024-12-18 20:36:40
=ended         2024-12-18 20:36:41
=result        ok
=elapsed       1.154070s
=case          ejabberd_SUITE:privacy_deny_full_jid_slave
=logfile       ejabberd_suite.privacy_deny_full_jid_slave.55203.html
=started       2024-12-18 20:36:40
=ended         2024-12-18 20:36:41
=result        ok
=elapsed       1.150991s
=case          ejabberd_SUITE:end_per_group
=logfile       ejabberd_suite.end_per_group.43140.html
=group_props   [{name,privacy_deny_full_jid},parallel]
=started       2024-12-18 20:36:41
=ended         2024-12-18 20:36:41
=result        ok
=elapsed       0.000002s
=group_time    1.215s
=case          ejabberd_SUITE:init_per_group
=logfile       ejabberd_suite.init_per_group.43172.html
=group_props   [{name,privacy_deny_server_bare_jid},parallel]
=started       2024-12-18 20:36:41
=ended         2024-12-18 20:36:41
=result        ok
=elapsed       0.000002s
=case          ejabberd_SUITE:privacy_deny_server_bare_jid_master
=logfile       ejabberd_suite.privacy_deny_server_bare_jid_master.55267.html
=started       2024-12-18 20:36:41
=ended         2024-12-18 20:36:42
=result        ok
=elapsed       1.147044s
=case          ejabberd_SUITE:privacy_deny_server_bare_jid_slave
=logfile       ejabberd_suite.privacy_deny_server_bare_jid_slave.43204.html
=started       2024-12-18 20:36:41
=ended         2024-12-18 20:36:42
=result        ok
=elapsed       1.145542s
=case          ejabberd_SUITE:end_per_group
=logfile       ejabberd_suite.end_per_group.43300.html
=group_props   [{name,privacy_deny_server_bare_jid},parallel]
=started       2024-12-18 20:36:42
=ended         2024-12-18 20:36:42
=result        ok
=elapsed       0.000009s
=group_time    1.207s
=case          ejabberd_SUITE:init_per_group
=logfile       ejabberd_suite.init_per_group.43332.html
=group_props   [{name,privacy_deny_server_full_jid},parallel]
=started       2024-12-18 20:36:42
=ended         2024-12-18 20:36:42
=result        ok
=elapsed       0.000003s
=case          ejabberd_SUITE:privacy_deny_server_full_jid_master
=logfile       ejabberd_suite.privacy_deny_server_full_jid_master.43364.html
=started       2024-12-18 20:36:42
=ended         2024-12-18 20:36:44
=result        ok
=elapsed       1.145756s
=case          ejabberd_SUITE:privacy_deny_server_full_jid_slave
=logfile       ejabberd_suite.privacy_deny_server_full_jid_slave.55363.html
=started       2024-12-18 20:36:42
=ended         2024-12-18 20:36:44
=result        ok
=elapsed       1.142747s
=case          ejabberd_SUITE:end_per_group
=logfile       ejabberd_suite.end_per_group.55395.html
=group_props   [{name,privacy_deny_server_full_jid},parallel]
=started       2024-12-18 20:36:44
=ended         2024-12-18 20:36:44
=result        ok
=elapsed       0.000007s
=group_time    1.205s
=case          ejabberd_SUITE:init_per_group
=logfile       ejabberd_suite.init_per_group.55427.html
=group_props   [{name,privacy_deny_group},parallel]
=started       2024-12-18 20:36:44
=ended         2024-12-18 20:36:44
=result        ok
=elapsed       0.000003s
=case          ejabberd_SUITE:privacy_deny_group_master
=logfile       ejabberd_suite.privacy_deny_group_master.55459.html
=started       2024-12-18 20:36:44
=ended         2024-12-18 20:36:45
=result        ok
=elapsed       1.144760s
=case          ejabberd_SUITE:privacy_deny_group_slave
=logfile       ejabberd_suite.privacy_deny_group_slave.43524.html
=started       2024-12-18 20:36:44
=ended         2024-12-18 20:36:45
=result        ok
=elapsed       1.142247s
=case          ejabberd_SUITE:end_per_group
=logfile       ejabberd_suite.end_per_group.43620.html
=group_props   [{name,privacy_deny_group},parallel]
=started       2024-12-18 20:36:45
=ended         2024-12-18 20:36:45
=result        ok
=elapsed       0.000002s
=group_time    1.208s
=case          ejabberd_SUITE:init_per_group
=logfile       ejabberd_suite.init_per_group.55555.html
=group_props   [{name,privacy_deny_sub_both},parallel]
=started       2024-12-18 20:36:45
=ended         2024-12-18 20:36:45
=result        ok
=elapsed       0.000002s
=case          ejabberd_SUITE:privacy_deny_sub_both_master
=logfile       ejabberd_suite.privacy_deny_sub_both_master.55587.html
=started       2024-12-18 20:36:45
=ended         2024-12-18 20:36:46
=result        ok
=elapsed       1.162897s
=case          ejabberd_SUITE:privacy_deny_sub_both_slave
=logfile       ejabberd_suite.privacy_deny_sub_both_slave.55619.html
=started       2024-12-18 20:36:45
=ended         2024-12-18 20:36:46
=result        ok
=elapsed       1.159989s
=case          ejabberd_SUITE:end_per_group
=logfile       ejabberd_suite.end_per_group.55715.html
=group_props   [{name,privacy_deny_sub_both},parallel]
=started       2024-12-18 20:36:46
=ended         2024-12-18 20:36:46
=result        ok
=elapsed       0.000002s
=group_time    1.222s
=case          ejabberd_SUITE:init_per_group
=logfile       ejabberd_suite.init_per_group.55747.html
=group_props   [{name,privacy_deny_sub_from},parallel]
=started       2024-12-18 20:36:46
=ended         2024-12-18 20:36:46
=result        ok
=elapsed       0.000003s
=case          ejabberd_SUITE:privacy_deny_sub_from_master
=logfile       ejabberd_suite.privacy_deny_sub_from_master.55779.html
=started       2024-12-18 20:36:46
=ended         2024-12-18 20:36:47
=result        ok
=elapsed       1.151223s
=case          ejabberd_SUITE:privacy_deny_sub_from_slave
=logfile       ejabberd_suite.privacy_deny_sub_from_slave.55811.html
=started       2024-12-18 20:36:46
=ended         2024-12-18 20:36:47
=result        ok
=elapsed       1.149954s
=case          ejabberd_SUITE:end_per_group
=logfile       ejabberd_suite.end_per_group.55843.html
=group_props   [{name,privacy_deny_sub_from},parallel]
=started       2024-12-18 20:36:47
=ended         2024-12-18 20:36:47
=result        ok
=elapsed       0.000002s
=group_time    1.211s
=case          ejabberd_SUITE:init_per_group
=logfile       ejabberd_suite.init_per_group.55875.html
=group_props   [{name,privacy_deny_sub_to},parallel]
=started       2024-12-18 20:36:47
=ended         2024-12-18 20:36:47
=result        ok
=elapsed       0.000002s
=case          ejabberd_SUITE:privacy_deny_sub_to_master
=logfile       ejabberd_suite.privacy_deny_sub_to_master.55907.html
=started       2024-12-18 20:36:47
=ended         2024-12-18 20:36:49
=result        ok
=elapsed       1.140392s
=case          ejabberd_SUITE:privacy_deny_sub_to_slave
=logfile       ejabberd_suite.privacy_deny_sub_to_slave.55939.html
=started       2024-12-18 20:36:47
=ended         2024-12-18 20:36:49
=result        ok
=elapsed       1.137814s
=case          ejabberd_SUITE:end_per_group
=logfile       ejabberd_suite.end_per_group.43876.html
=group_props   [{name,privacy_deny_sub_to},parallel]
=started       2024-12-18 20:36:49
=ended         2024-12-18 20:36:49
=result        ok
=elapsed       0.000002s
=group_time    1.200s
=case          ejabberd_SUITE:init_per_group
=logfile       ejabberd_suite.init_per_group.43908.html
=group_props   [{name,privacy_deny_sub_none},parallel]
=started       2024-12-18 20:36:49
=ended         2024-12-18 20:36:49
=result        ok
=elapsed       0.000002s
=case          ejabberd_SUITE:privacy_deny_sub_none_master
=logfile       ejabberd_suite.privacy_deny_sub_none_master.43940.html
=started       2024-12-18 20:36:49
=ended         2024-12-18 20:36:50
=result        ok
=elapsed       1.139344s
=case          ejabberd_SUITE:privacy_deny_sub_none_slave
=logfile       ejabberd_suite.privacy_deny_sub_none_slave.43972.html
=started       2024-12-18 20:36:49
=ended         2024-12-18 20:36:50
=result        ok
=elapsed       1.140488s
=case          ejabberd_SUITE:end_per_group
=logfile       ejabberd_suite.end_per_group.44036.html
=group_props   [{name,privacy_deny_sub_none},parallel]
=started       2024-12-18 20:36:50
=ended         2024-12-18 20:36:50
=result        ok
=elapsed       0.000007s
=group_time    1.201s
=case          ejabberd_SUITE:init_per_group
=logfile       ejabberd_suite.init_per_group.44068.html
=group_props   [{name,privacy_deny_all},parallel]
=started       2024-12-18 20:36:50
=ended         2024-12-18 20:36:50
=result        ok
=elapsed       0.000003s
=case          ejabberd_SUITE:privacy_deny_all_master
=logfile       ejabberd_suite.privacy_deny_all_master.44100.html
=started       2024-12-18 20:36:50
=ended         2024-12-18 20:36:51
=result        ok
=elapsed       1.139217s
=case          ejabberd_SUITE:privacy_deny_all_slave
=logfile       ejabberd_suite.privacy_deny_all_slave.60514.html
=started       2024-12-18 20:36:50
=ended         2024-12-18 20:36:51
=result        ok
=elapsed       1.136678s
=case          ejabberd_SUITE:end_per_group
=logfile       ejabberd_suite.end_per_group.60610.html
=group_props   [{name,privacy_deny_all},parallel]
=started       2024-12-18 20:36:51
=ended         2024-12-18 20:36:51
=result        ok
=elapsed       0.000002s
=group_time    1.199s
=case          ejabberd_SUITE:init_per_group
=logfile       ejabberd_suite.init_per_group.60642.html
=group_props   [{name,privacy_deny_offline},parallel]
=started       2024-12-18 20:36:51
=ended         2024-12-18 20:36:51
=result        ok
=elapsed       0.000002s
=case          ejabberd_SUITE:privacy_deny_offline_master
=logfile       ejabberd_suite.privacy_deny_offline_master.60674.html
=started       2024-12-18 20:36:51
=ended         2024-12-18 20:36:51
=result        ok
=elapsed       0.246279s
=case          ejabberd_SUITE:privacy_deny_offline_slave
=logfile       ejabberd_suite.privacy_deny_offline_slave.23077.html
=started       2024-12-18 20:36:51
=ended         2024-12-18 20:36:51
=result        ok
=elapsed       0.346248s
=case          ejabberd_SUITE:end_per_group
=logfile       ejabberd_suite.end_per_group.23173.html
=group_props   [{name,privacy_deny_offline},parallel]
=started       2024-12-18 20:36:52
=ended         2024-12-18 20:36:52
=result        ok
=elapsed       0.000008s
=group_time    0.408s
=case          ejabberd_SUITE:init_per_group
=logfile       ejabberd_suite.init_per_group.23205.html
=group_props   [{name,privacy_block},parallel]
=started       2024-12-18 20:36:52
=ended         2024-12-18 20:36:52
=result        ok
=elapsed       0.000003s
=case          ejabberd_SUITE:privacy_block_master
=logfile       ejabberd_suite.privacy_block_master.23237.html
=started       2024-12-18 20:36:52
=ended         2024-12-18 20:36:52
=result        ok
=elapsed       0.435207s
=case          ejabberd_SUITE:privacy_block_slave
=logfile       ejabberd_suite.privacy_block_slave.23269.html
=started       2024-12-18 20:36:52
=ended         2024-12-18 20:36:52
=result        ok
=elapsed       0.430660s
=case          ejabberd_SUITE:end_per_group
=logfile       ejabberd_suite.end_per_group.23365.html
=group_props   [{name,privacy_block},parallel]
=started       2024-12-18 20:36:52
=ended         2024-12-18 20:36:52
=result        ok
=elapsed       0.000002s
=group_time    0.495s
=case          ejabberd_SUITE:init_per_group
=logfile       ejabberd_suite.init_per_group.23397.html
=group_props   [{name,privacy_unblock},parallel]
=started       2024-12-18 20:36:52
=ended         2024-12-18 20:36:52
=result        ok
=elapsed       0.000003s
=case          ejabberd_SUITE:privacy_unblock_master
=logfile       ejabberd_suite.privacy_unblock_master.60770.html
=started       2024-12-18 20:36:52
=ended         2024-12-18 20:36:52
=result        ok
=elapsed       0.202324s
=case          ejabberd_SUITE:privacy_unblock_slave
=logfile       ejabberd_suite.privacy_unblock_slave.60802.html
=started       2024-12-18 20:36:52
=ended         2024-12-18 20:36:52
=result        ok
=elapsed       0.199549s
=case          ejabberd_SUITE:end_per_group
=logfile       ejabberd_suite.end_per_group.60866.html
=group_props   [{name,privacy_unblock},parallel]
=started       2024-12-18 20:36:52
=ended         2024-12-18 20:36:52
=result        ok
=elapsed       0.000002s
=group_time    0.263s
=case          ejabberd_SUITE:init_per_group
=logfile       ejabberd_suite.init_per_group.60898.html
=group_props   [{name,privacy_unblock_all},parallel]
=started       2024-12-18 20:36:52
=ended         2024-12-18 20:36:52
=result        ok
=elapsed       0.000002s
=case          ejabberd_SUITE:privacy_unblock_all_master
=logfile       ejabberd_suite.privacy_unblock_all_master.44228.html
=started       2024-12-18 20:36:52
=ended         2024-12-18 20:36:53
=result        ok
=elapsed       0.200632s
=case          ejabberd_SUITE:privacy_unblock_all_slave
=logfile       ejabberd_suite.privacy_unblock_all_slave.60930.html
=started       2024-12-18 20:36:52
=ended         2024-12-18 20:36:53
=result        ok
=elapsed       0.199488s
=case          ejabberd_SUITE:end_per_group
=logfile       ejabberd_suite.end_per_group.60994.html
=group_props   [{name,privacy_unblock_all},parallel]
=started       2024-12-18 20:36:53
=ended         2024-12-18 20:36:53
=result        ok
=elapsed       0.000002s
=group_time    0.262s
=case          ejabberd_SUITE:end_per_group
=logfile       ejabberd_suite.end_per_group.44292.html
=group_props   [{name,privacy_master_slave},sequence]
=started       2024-12-18 20:36:53
=ended         2024-12-18 20:36:53
=result        ok
=elapsed       0.000002s
=group_time    13.880s
=case          ejabberd_SUITE:init_per_group
=logfile       ejabberd_suite.init_per_group.44324.html
=group_props   [{name,pubsub_master_slave},sequence]
=started       2024-12-18 20:36:53
=ended         2024-12-18 20:36:53
=result        ok
=elapsed       0.000003s
=case          ejabberd_SUITE:init_per_group
=logfile       ejabberd_suite.init_per_group.44356.html
=group_props   [{name,pubsub_publish},parallel]
=started       2024-12-18 20:36:53
=ended         2024-12-18 20:36:53
=result        ok
=elapsed       0.000002s
=case          ejabberd_SUITE:pubsub_publish_master
=logfile       ejabberd_suite.pubsub_publish_master.61026.html
=started       2024-12-18 20:36:53
=ended         2024-12-18 20:36:53
=result        ok
=elapsed       0.116949s
=case          ejabberd_SUITE:pubsub_publish_slave
=logfile       ejabberd_suite.pubsub_publish_slave.61058.html
=started       2024-12-18 20:36:53
=ended         2024-12-18 20:36:53
=result        ok
=elapsed       0.114084s
=case          ejabberd_SUITE:end_per_group
=logfile       ejabberd_suite.end_per_group.61154.html
=group_props   [{name,pubsub_publish},parallel]
=started       2024-12-18 20:36:53
=ended         2024-12-18 20:36:53
=result        ok
=elapsed       0.000002s
=group_time    0.178s
=case          ejabberd_SUITE:init_per_group
=logfile       ejabberd_suite.init_per_group.61186.html
=group_props   [{name,pubsub_subscriptions},parallel]
=started       2024-12-18 20:36:53
=ended         2024-12-18 20:36:53
=result        ok
=elapsed       0.000003s
=case          ejabberd_SUITE:pubsub_subscriptions_master
=logfile       ejabberd_suite.pubsub_subscriptions_master.61218.html
=started       2024-12-18 20:36:53
=ended         2024-12-18 20:36:53
=result        ok
=elapsed       0.136916s
=case          ejabberd_SUITE:pubsub_subscriptions_slave
=logfile       ejabberd_suite.pubsub_subscriptions_slave.56387.html
=started       2024-12-18 20:36:53
=ended         2024-12-18 20:36:53
=result        ok
=elapsed       0.132856s
=case          ejabberd_SUITE:end_per_group
=logfile       ejabberd_suite.end_per_group.56419.html
=group_props   [{name,pubsub_subscriptions},parallel]
=started       2024-12-18 20:36:53
=ended         2024-12-18 20:36:53
=result        ok
=elapsed       0.000006s
=group_time    0.198s
=case          ejabberd_SUITE:init_per_group
=logfile       ejabberd_suite.init_per_group.56451.html
=group_props   [{name,pubsub_affiliations},parallel]
=started       2024-12-18 20:36:53
=ended         2024-12-18 20:36:53
=result        ok
=elapsed       0.000003s
=case          ejabberd_SUITE:pubsub_affiliations_master
=logfile       ejabberd_suite.pubsub_affiliations_master.56483.html
=started       2024-12-18 20:36:53
=ended         2024-12-18 20:36:55
=result        ok
=elapsed       1.722563s
=case          ejabberd_SUITE:pubsub_affiliations_slave
=logfile       ejabberd_suite.pubsub_affiliations_slave.61250.html
=started       2024-12-18 20:36:53
=ended         2024-12-18 20:36:55
=result        ok
=elapsed       1.737172s
=case          ejabberd_SUITE:end_per_group
=logfile       ejabberd_suite.end_per_group.61282.html
=group_props   [{name,pubsub_affiliations},parallel]
=started       2024-12-18 20:36:55
=ended         2024-12-18 20:36:55
=result        ok
=elapsed       0.000002s
=group_time    1.797s
=case          ejabberd_SUITE:init_per_group
=logfile       ejabberd_suite.init_per_group.61314.html
=group_props   [{name,pubsub_authorize},parallel]
=started       2024-12-18 20:36:55
=ended         2024-12-18 20:36:55
=result        ok
=elapsed       0.000002s
=case          ejabberd_SUITE:pubsub_authorize_master
=logfile       ejabberd_suite.pubsub_authorize_master.61346.html
=started       2024-12-18 20:36:55
=ended         2024-12-18 20:36:55
=result        ok
=elapsed       0.207864s
=case          ejabberd_SUITE:pubsub_authorize_slave
=logfile       ejabberd_suite.pubsub_authorize_slave.61378.html
=started       2024-12-18 20:36:55
=ended         2024-12-18 20:36:55
=result        ok
=elapsed       0.162518s
=case          ejabberd_SUITE:end_per_group
=logfile       ejabberd_suite.end_per_group.61410.html
=group_props   [{name,pubsub_authorize},parallel]
=started       2024-12-18 20:36:55
=ended         2024-12-18 20:36:55
=result        ok
=elapsed       0.000002s
=group_time    0.271s
=case          ejabberd_SUITE:end_per_group
=logfile       ejabberd_suite.end_per_group.61442.html
=group_props   [{name,pubsub_master_slave},sequence]
=started       2024-12-18 20:36:55
=ended         2024-12-18 20:36:55
=result        ok
=elapsed       0.000001s
=group_time    2.572s
=case          ejabberd_SUITE:init_per_group
=logfile       ejabberd_suite.init_per_group.61474.html
=group_props   [{name,roster_master_slave},sequence]
=started       2024-12-18 20:36:55
=ended         2024-12-18 20:36:55
=result        ok
=elapsed       0.000003s
=case          ejabberd_SUITE:init_per_group
=logfile       ejabberd_suite.init_per_group.61506.html
=group_props   [{name,roster_subscribe},parallel]
=started       2024-12-18 20:36:55
=ended         2024-12-18 20:36:55
=result        ok
=elapsed       0.000002s
=case          ejabberd_SUITE:roster_subscribe_master
=logfile       ejabberd_suite.roster_subscribe_master.56707.html
=started       2024-12-18 20:36:55
=ended         2024-12-18 20:37:08
=result        ok
=elapsed       12.549108s
=case          ejabberd_SUITE:roster_subscribe_slave
=logfile       ejabberd_suite.roster_subscribe_slave.56739.html
=started       2024-12-18 20:36:55
=ended         2024-12-18 20:37:08
=result        ok
=elapsed       12.546619s
=case          ejabberd_SUITE:end_per_group
=logfile       ejabberd_suite.end_per_group.58371.html
=group_props   [{name,roster_subscribe},parallel]
=started       2024-12-18 20:37:08
=ended         2024-12-18 20:37:08
=result        ok
=elapsed       0.000002s
=group_time    12.609s
=case          ejabberd_SUITE:end_per_group
=logfile       ejabberd_suite.end_per_group.58403.html
=group_props   [{name,roster_master_slave},sequence]
=started       2024-12-18 20:37:08
=ended         2024-12-18 20:37:08
=result        ok
=elapsed       0.000007s
=group_time    12.659s
=case          ejabberd_SUITE:init_per_group
=logfile       ejabberd_suite.init_per_group.45860.html
=group_props   [{name,offline_master_slave},sequence]
=started       2024-12-18 20:37:08
=ended         2024-12-18 20:37:08
=result        ok
=elapsed       0.000002s
=case          ejabberd_SUITE:init_per_group
=logfile       ejabberd_suite.init_per_group.45892.html
=group_props   [{name,offline_flex},parallel]
=started       2024-12-18 20:37:08
=ended         2024-12-18 20:37:08
=result        ok
=elapsed       0.000002s
=case          ejabberd_SUITE:offline_flex_master
=logfile       ejabberd_suite.offline_flex_master.45924.html
=started       2024-12-18 20:37:08
=ended         2024-12-18 20:37:08
=result        ok
=elapsed       0.206905s
=case          ejabberd_SUITE:offline_flex_slave
=logfile       ejabberd_suite.offline_flex_slave.45956.html
=started       2024-12-18 20:37:08
=ended         2024-12-18 20:37:08
=result        ok
=elapsed       0.325064s
=case          ejabberd_SUITE:end_per_group
=logfile       ejabberd_suite.end_per_group.58499.html
=group_props   [{name,offline_flex},parallel]
=started       2024-12-18 20:37:08
=ended         2024-12-18 20:37:08
=result        ok
=elapsed       0.000002s
=group_time    0.386s
=case          ejabberd_SUITE:init_per_group
=logfile       ejabberd_suite.init_per_group.58531.html
=group_props   [{name,offline_send_all},parallel]
=started       2024-12-18 20:37:08
=ended         2024-12-18 20:37:08
=result        ok
=elapsed       0.000002s
=case          ejabberd_SUITE:offline_send_all_master
=logfile       ejabberd_suite.offline_send_all_master.58563.html
=started       2024-12-18 20:37:08
=ended         2024-12-18 20:37:22
=result        ok
=elapsed       13.926682s
=case          ejabberd_SUITE:offline_send_all_slave
=logfile       ejabberd_suite.offline_send_all_slave.58595.html
=started       2024-12-18 20:37:08
=ended         2024-12-18 20:37:22
=result        ok
=elapsed       14.071679s
=case          ejabberd_SUITE:end_per_group
=logfile       ejabberd_suite.end_per_group.46052.html
=group_props   [{name,offline_send_all},parallel]
=started       2024-12-18 20:37:22
=ended         2024-12-18 20:37:23
=result        ok
=elapsed       0.000003s
=group_time    14.131s
=case          ejabberd_SUITE:init_per_group
=logfile       ejabberd_suite.init_per_group.63298.html
=group_props   [{name,offline_from_mam},parallel]
=started       2024-12-18 20:37:23
=ended         2024-12-18 20:37:23
=result        ok
=elapsed       0.000003s
=case          ejabberd_SUITE:offline_from_mam_master
=logfile       ejabberd_suite.offline_from_mam_master.58723.html
=started       2024-12-18 20:37:23
=ended         2024-12-18 20:37:36
=result        ok
=elapsed       13.881967s
=case          ejabberd_SUITE:offline_from_mam_slave
=logfile       ejabberd_suite.offline_from_mam_slave.63330.html
=started       2024-12-18 20:37:23
=ended         2024-12-18 20:37:37
=result        ok
=elapsed       14.063390s
=case          ejabberd_SUITE:end_per_group
=logfile       ejabberd_suite.end_per_group.63458.html
=group_props   [{name,offline_from_mam},parallel]
=started       2024-12-18 20:37:37
=ended         2024-12-18 20:37:37
=result        ok
=elapsed       0.000006s
=group_time    14.125s
=case          ejabberd_SUITE:init_per_group
=logfile       ejabberd_suite.init_per_group.63490.html
=group_props   [{name,offline_mucsub_mam},parallel]
=started       2024-12-18 20:37:37
=ended         2024-12-18 20:37:37
=result        ok
=elapsed       0.000003s
=case          ejabberd_SUITE:offline_mucsub_mam_master
=logfile       ejabberd_suite.offline_mucsub_mam_master.23557.html
=started       2024-12-18 20:37:37
=ended         2024-12-18 20:37:37
=result        ok
=elapsed       0.246231s
=case          ejabberd_SUITE:offline_mucsub_mam_slave
=logfile       ejabberd_suite.offline_mucsub_mam_slave.23589.html
=started       2024-12-18 20:37:37
=ended         2024-12-18 20:37:37
=result        ok
=elapsed       0.243211s
=case          ejabberd_SUITE:end_per_group
=logfile       ejabberd_suite.end_per_group.46116.html
=group_props   [{name,offline_mucsub_mam},parallel]
=started       2024-12-18 20:37:37
=ended         2024-12-18 20:37:37
=result        ok
=elapsed       0.000007s
=group_time    0.308s
=case          ejabberd_SUITE:end_per_group
=logfile       ejabberd_suite.end_per_group.46148.html
=group_props   [{name,offline_master_slave},sequence]
=started       2024-12-18 20:37:37
=ended         2024-12-18 20:37:37
=result        ok
=elapsed       0.000002s
=group_time    29.075s
=case          ejabberd_SUITE:init_per_group
=logfile       ejabberd_suite.init_per_group.46180.html
=group_props   [{name,mam_master_slave},sequence]
=started       2024-12-18 20:37:37
=ended         2024-12-18 20:37:37
=result        ok
=elapsed       0.000003s
=case          ejabberd_SUITE:init_per_group
=logfile       ejabberd_suite.init_per_group.46212.html
=group_props   [{name,mam_archived_and_stanza_id},parallel]
=started       2024-12-18 20:37:37
=ended         2024-12-18 20:37:37
=result        ok
=elapsed       0.000001s
=case          ejabberd_SUITE:mam_archived_and_stanza_id_master
=logfile       ejabberd_suite.mam_archived_and_stanza_id_master.46244.html
=started       2024-12-18 20:37:37
=ended         2024-12-18 20:37:37
=result        ok
=elapsed       0.158173s
=case          ejabberd_SUITE:mam_archived_and_stanza_id_slave
=logfile       ejabberd_suite.mam_archived_and_stanza_id_slave.46276.html
=started       2024-12-18 20:37:37
=ended         2024-12-18 20:37:37
=result        ok
=elapsed       0.164782s
=case          ejabberd_SUITE:end_per_group
=logfile       ejabberd_suite.end_per_group.46340.html
=group_props   [{name,mam_archived_and_stanza_id},parallel]
=started       2024-12-18 20:37:37
=ended         2024-12-18 20:37:37
=result        ok
=elapsed       0.000019s
=group_time    0.224s
=case          ejabberd_SUITE:init_per_group
=logfile       ejabberd_suite.init_per_group.46372.html
=group_props   [{name,mam_query_all},parallel]
=started       2024-12-18 20:37:37
=ended         2024-12-18 20:37:37
=result        ok
=elapsed       0.000003s
=case          ejabberd_SUITE:mam_query_all_master
=logfile       ejabberd_suite.mam_query_all_master.46404.html
=started       2024-12-18 20:37:37
=ended         2024-12-18 20:37:38
=result        ok
=elapsed       0.183702s
=case          ejabberd_SUITE:mam_query_all_slave
=logfile       ejabberd_suite.mam_query_all_slave.46436.html
=started       2024-12-18 20:37:37
=ended         2024-12-18 20:37:38
=result        ok
=elapsed       0.185509s
=case          ejabberd_SUITE:end_per_group
=logfile       ejabberd_suite.end_per_group.46500.html
=group_props   [{name,mam_query_all},parallel]
=started       2024-12-18 20:37:38
=ended         2024-12-18 20:37:38
=result        ok
=elapsed       0.000002s
=group_time    0.245s
=case          ejabberd_SUITE:init_per_group
=logfile       ejabberd_suite.init_per_group.46532.html
=group_props   [{name,mam_query_with},parallel]
=started       2024-12-18 20:37:38
=ended         2024-12-18 20:37:38
=result        ok
=elapsed       0.000004s
=case          ejabberd_SUITE:mam_query_with_master
=logfile       ejabberd_suite.mam_query_with_master.46564.html
=started       2024-12-18 20:37:38
=ended         2024-12-18 20:37:38
=result        ok
=elapsed       0.197300s
=case          ejabberd_SUITE:mam_query_with_slave
=logfile       ejabberd_suite.mam_query_with_slave.58947.html
=started       2024-12-18 20:37:38
=ended         2024-12-18 20:37:38
=result        ok
=elapsed       0.202381s
=case          ejabberd_SUITE:end_per_group
=logfile       ejabberd_suite.end_per_group.59043.html
=group_props   [{name,mam_query_with},parallel]
=started       2024-12-18 20:37:38
=ended         2024-12-18 20:37:38
=result        ok
=elapsed       0.000002s
=group_time    0.261s
=case          ejabberd_SUITE:init_per_group
=logfile       ejabberd_suite.init_per_group.59075.html
=group_props   [{name,mam_query_rsm_max},parallel]
=started       2024-12-18 20:37:38
=ended         2024-12-18 20:37:38
=result        ok
=elapsed       0.000003s
=case          ejabberd_SUITE:mam_query_rsm_max_master
=logfile       ejabberd_suite.mam_query_rsm_max_master.46596.html
=started       2024-12-18 20:37:38
=ended         2024-12-18 20:37:38
=result        ok
=elapsed       0.252931s
=case          ejabberd_SUITE:mam_query_rsm_max_slave
=logfile       ejabberd_suite.mam_query_rsm_max_slave.59107.html
=started       2024-12-18 20:37:38
=ended         2024-12-18 20:37:38
=result        ok
=elapsed       0.259441s
=case          ejabberd_SUITE:end_per_group
=logfile       ejabberd_suite.end_per_group.59203.html
=group_props   [{name,mam_query_rsm_max},parallel]
=started       2024-12-18 20:37:38
=ended         2024-12-18 20:37:38
=result        ok
=elapsed       0.000007s
=group_time    0.320s
=case          ejabberd_SUITE:init_per_group
=logfile       ejabberd_suite.init_per_group.59235.html
=group_props   [{name,mam_query_rsm_after},parallel]
=started       2024-12-18 20:37:38
=ended         2024-12-18 20:37:38
=result        ok
=elapsed       0.000002s
=case          ejabberd_SUITE:mam_query_rsm_after_master
=logfile       ejabberd_suite.mam_query_rsm_after_master.59267.html
=started       2024-12-18 20:37:38
=ended         2024-12-18 20:37:38
=result        ok
=elapsed       0.224966s
=case          ejabberd_SUITE:mam_query_rsm_after_slave
=logfile       ejabberd_suite.mam_query_rsm_after_slave.59299.html
=started       2024-12-18 20:37:38
=ended         2024-12-18 20:37:38
=result        ok
=elapsed       0.228593s
=case          ejabberd_SUITE:end_per_group
=logfile       ejabberd_suite.end_per_group.59395.html
=group_props   [{name,mam_query_rsm_after},parallel]
=started       2024-12-18 20:37:38
=ended         2024-12-18 20:37:39
=result        ok
=elapsed       0.000002s
=group_time    0.288s
=case          ejabberd_SUITE:init_per_group
=logfile       ejabberd_suite.init_per_group.59427.html
=group_props   [{name,mam_query_rsm_before},parallel]
=started       2024-12-18 20:37:39
=ended         2024-12-18 20:37:39
=result        ok
=elapsed       0.000002s
=case          ejabberd_SUITE:mam_query_rsm_before_master
=logfile       ejabberd_suite.mam_query_rsm_before_master.59459.html
=started       2024-12-18 20:37:39
=ended         2024-12-18 20:37:39
=result        ok
=elapsed       0.235328s
=case          ejabberd_SUITE:mam_query_rsm_before_slave
=logfile       ejabberd_suite.mam_query_rsm_before_slave.59491.html
=started       2024-12-18 20:37:39
=ended         2024-12-18 20:37:39
=result        ok
=elapsed       0.237885s
=case          ejabberd_SUITE:end_per_group
=logfile       ejabberd_suite.end_per_group.59555.html
=group_props   [{name,mam_query_rsm_before},parallel]
=started       2024-12-18 20:37:39
=ended         2024-12-18 20:37:39
=result        ok
=elapsed       0.000008s
=group_time    0.300s
=case          ejabberd_SUITE:init_per_group
=logfile       ejabberd_suite.init_per_group.59587.html
=group_props   [{name,mam_muc},parallel]
=started       2024-12-18 20:37:39
=ended         2024-12-18 20:37:39
=result        ok
=elapsed       0.000002s
=case          ejabberd_SUITE:mam_muc_master
=logfile       ejabberd_suite.mam_muc_master.59619.html
=started       2024-12-18 20:37:39
=ended         2024-12-18 20:37:39
=result        ok
=elapsed       0.158349s
=case          ejabberd_SUITE:mam_muc_slave
=logfile       ejabberd_suite.mam_muc_slave.59651.html
=started       2024-12-18 20:37:39
=ended         2024-12-18 20:37:39
=result        ok
=elapsed       0.154211s
=case          ejabberd_SUITE:end_per_group
=logfile       ejabberd_suite.end_per_group.59683.html
=group_props   [{name,mam_muc},parallel]
=started       2024-12-18 20:37:39
=ended         2024-12-18 20:37:39
=result        ok
=elapsed       0.000007s
=group_time    0.220s
=case          ejabberd_SUITE:init_per_group
=logfile       ejabberd_suite.init_per_group.59715.html
=group_props   [{name,mam_mucsub},parallel]
=started       2024-12-18 20:37:39
=ended         2024-12-18 20:37:39
=result        ok
=elapsed       0.000002s
=case          ejabberd_SUITE:mam_mucsub_master
=logfile       ejabberd_suite.mam_mucsub_master.59747.html
=started       2024-12-18 20:37:39
=ended         2024-12-18 20:37:39
=result        ok
=elapsed       0.151053s
=case          ejabberd_SUITE:mam_mucsub_slave
=logfile       ejabberd_suite.mam_mucsub_slave.63906.html
=started       2024-12-18 20:37:39
=ended         2024-12-18 20:37:39
=result        ok
=elapsed       0.149543s
=case          ejabberd_SUITE:end_per_group
=logfile       ejabberd_suite.end_per_group.63938.html
=group_props   [{name,mam_mucsub},parallel]
=started       2024-12-18 20:37:39
=ended         2024-12-18 20:37:39
=result        ok
=elapsed       0.000003s
=group_time    0.211s
=case          ejabberd_SUITE:init_per_group
=logfile       ejabberd_suite.init_per_group.63970.html
=group_props   [{name,mam_mucsub_from_muc},parallel]
=started       2024-12-18 20:37:39
=ended         2024-12-18 20:37:39
=result        ok
=elapsed       0.000003s
=case          ejabberd_SUITE:mam_mucsub_from_muc_master
=logfile       ejabberd_suite.mam_mucsub_from_muc_master.46852.html
=started       2024-12-18 20:37:39
=ended         2024-12-18 20:37:40
=result        ok
=elapsed       0.145712s
=case          ejabberd_SUITE:mam_mucsub_from_muc_slave
=logfile       ejabberd_suite.mam_mucsub_from_muc_slave.46884.html
=started       2024-12-18 20:37:39
=ended         2024-12-18 20:37:40
=result        ok
=elapsed       0.140817s
=case          ejabberd_SUITE:end_per_group
=logfile       ejabberd_suite.end_per_group.46948.html
=group_props   [{name,mam_mucsub_from_muc},parallel]
=started       2024-12-18 20:37:40
=ended         2024-12-18 20:37:40
=result        ok
=elapsed       0.000002s
=group_time    0.204s
=case          ejabberd_SUITE:init_per_group
=logfile       ejabberd_suite.init_per_group.64098.html
=group_props   [{name,mam_mucsub_from_muc_non_persistent},parallel]
=started       2024-12-18 20:37:40
=ended         2024-12-18 20:37:40
=result        ok
=elapsed       0.000002s
=case          ejabberd_SUITE:mam_mucsub_from_muc_non_persistent_master
=logfile       ejabberd_suite.mam_mucsub_from_muc_non_persistent_master.64130.html
=started       2024-12-18 20:37:40
=ended         2024-12-18 20:37:40
=result        ok
=elapsed       0.141739s
=case          ejabberd_SUITE:mam_mucsub_from_muc_non_persistent_slave
=logfile       ejabberd_suite.mam_mucsub_from_muc_non_persistent_slave.64162.html
=started       2024-12-18 20:37:40
=ended         2024-12-18 20:37:40
=result        ok
=elapsed       0.140225s
=case          ejabberd_SUITE:end_per_group
=logfile       ejabberd_suite.end_per_group.64258.html
=group_props   [{name,mam_mucsub_from_muc_non_persistent},parallel]
=started       2024-12-18 20:37:40
=ended         2024-12-18 20:37:40
=result        ok
=elapsed       0.000002s
=group_time    0.203s
=case          ejabberd_SUITE:end_per_group
=logfile       ejabberd_suite.end_per_group.47012.html
=group_props   [{name,mam_master_slave},sequence]
=started       2024-12-18 20:37:40
=ended         2024-12-18 20:37:40
=result        ok
=elapsed       0.000002s
=group_time    2.753s
=case          ejabberd_SUITE:init_per_group
=logfile       ejabberd_suite.init_per_group.47044.html
=group_props   [{name,announce_master_slave},sequence]
=started       2024-12-18 20:37:40
=ended         2024-12-18 20:37:40
=result        ok
=elapsed       0.000003s
=case          ejabberd_SUITE:init_per_group
=logfile       ejabberd_suite.init_per_group.47076.html
=group_props   [{name,announce_set_motd},parallel]
=started       2024-12-18 20:37:40
=ended         2024-12-18 20:37:40
=result        ok
=elapsed       0.000001s
=case          ejabberd_SUITE:announce_set_motd_master
=logfile       ejabberd_suite.announce_set_motd_master.47108.html
=started       2024-12-18 20:37:40
=ended         2024-12-18 20:37:40
=result        ok
=elapsed       0.113618s
=case          ejabberd_SUITE:announce_set_motd_slave
=logfile       ejabberd_suite.announce_set_motd_slave.47140.html
=started       2024-12-18 20:37:40
=ended         2024-12-18 20:37:40
=result        ok
=elapsed       0.112460s
=case          ejabberd_SUITE:end_per_group
=logfile       ejabberd_suite.end_per_group.23717.html
=group_props   [{name,announce_set_motd},parallel]
=started       2024-12-18 20:37:40
=ended         2024-12-18 20:37:40
=result        ok
=elapsed       0.000002s
=group_time    0.174s
=case          ejabberd_SUITE:end_per_group
=logfile       ejabberd_suite.end_per_group.23749.html
=group_props   [{name,announce_master_slave},sequence]
=started       2024-12-18 20:37:40
=ended         2024-12-18 20:37:40
=result        ok
=elapsed       0.000007s
=group_time    0.223s
=case          ejabberd_SUITE:init_per_group
=logfile       ejabberd_suite.init_per_group.23781.html
=group_props   [{name,push_master_slave},sequence]
=started       2024-12-18 20:37:40
=ended         2024-12-18 20:37:40
=result        ok
=elapsed       0.000003s
=case          ejabberd_SUITE:init_per_group
=logfile       ejabberd_suite.init_per_group.23813.html
=group_props   [{name,push_sm},parallel]
=started       2024-12-18 20:37:40
=ended         2024-12-18 20:37:40
=result        ok
=elapsed       0.000003s
=case          ejabberd_SUITE:push_sm_master
=logfile       ejabberd_suite.push_sm_master.60035.html
=started       2024-12-18 20:37:40
=ended         2024-12-18 20:37:48
=result        ok
=elapsed       8.110731s
=case          ejabberd_SUITE:push_sm_slave
=logfile       ejabberd_suite.push_sm_slave.23845.html
=started       2024-12-18 20:37:40
=ended         2024-12-18 20:37:40
=result        ok
=elapsed       0.004210s
=case          ejabberd_SUITE:end_per_group
=logfile       ejabberd_suite.end_per_group.64354.html
=group_props   [{name,push_sm},parallel]
=started       2024-12-18 20:37:48
=ended         2024-12-18 20:37:48
=result        ok
=elapsed       0.000010s
=group_time    8.173s
=case          ejabberd_SUITE:init_per_group
=logfile       ejabberd_suite.init_per_group.60131.html
=group_props   [{name,push_offline},parallel]
=started       2024-12-18 20:37:48
=ended         2024-12-18 20:37:48
=result        ok
=elapsed       0.000002s
=case          ejabberd_SUITE:push_offline_master
=logfile       ejabberd_suite.push_offline_master.23909.html
=started       2024-12-18 20:37:48
=ended         2024-12-18 20:37:49
=result        ok
=elapsed       0.253550s
=case          ejabberd_SUITE:push_offline_slave
=logfile       ejabberd_suite.push_offline_slave.23941.html
=started       2024-12-18 20:37:48
=ended         2024-12-18 20:37:48
=result        ok
=elapsed       0.107224s
=case          ejabberd_SUITE:end_per_group
=logfile       ejabberd_suite.end_per_group.24005.html
=group_props   [{name,push_offline},parallel]
=started       2024-12-18 20:37:49
=ended         2024-12-18 20:37:49
=result        ok
=elapsed       0.000002s
=group_time    0.315s
=case          ejabberd_SUITE:init_per_group
=logfile       ejabberd_suite.init_per_group.24037.html
=group_props   [{name,push_mam},parallel]
=started       2024-12-18 20:37:49
=ended         2024-12-18 20:37:49
=result        ok
=elapsed       0.000004s
=case          ejabberd_SUITE:push_mam_master
=logfile       ejabberd_suite.push_mam_master.24069.html
=started       2024-12-18 20:37:49
=ended         2024-12-18 20:37:49
=result        ok
=elapsed       0.149742s
=case          ejabberd_SUITE:push_mam_slave
=logfile       ejabberd_suite.push_mam_slave.24101.html
=started       2024-12-18 20:37:49
=ended         2024-12-18 20:37:49
=result        ok
=elapsed       0.262019s
=case          ejabberd_SUITE:end_per_group
=logfile       ejabberd_suite.end_per_group.24133.html
=group_props   [{name,push_mam},parallel]
=started       2024-12-18 20:37:49
=ended         2024-12-18 20:37:49
=result        ok
=elapsed       0.000002s
=group_time    0.323s
=case          ejabberd_SUITE:end_per_group
=logfile       ejabberd_suite.end_per_group.24165.html
=group_props   [{name,push_master_slave},sequence]
=started       2024-12-18 20:37:49
=ended         2024-12-18 20:37:49
=result        ok
=elapsed       0.000002s
=group_time    8.912s
=case          ejabberd_SUITE:end_per_group
=logfile       ejabberd_suite.end_per_group.24197.html
=group_props   [{name,sqlite},sequence]
=started       2024-12-18 20:37:49
=ended         2024-12-18 20:37:49
=result        ok
=elapsed       0.000000s
=group_time    98.125s
=case          ejabberd_SUITE:init_per_group
=logfile       ejabberd_suite.init_per_group.24229.html
=group_props   [{name,extauth},sequence]
=started       2024-12-18 20:37:49
=ended         2024-12-18 20:37:49
=result        ok
=elapsed       0.000001s
=case          ejabberd_SUITE:init_per_group
=logfile       ejabberd_suite.init_per_group.24261.html
=group_props   [{name,extauth_tests},sequence]
=started       2024-12-18 20:37:49
=ended         2024-12-18 20:37:49
=result        ok
=elapsed       0.000002s
=case          ejabberd_SUITE:test_auth
=logfile       ejabberd_suite.test_auth.24293.html
=started       2024-12-18 20:37:49
=ended         2024-12-18 20:37:49
=result        ok
=elapsed       0.001463s
=case          ejabberd_SUITE:test_auth_fail
=logfile       ejabberd_suite.test_auth_fail.24325.html
=started       2024-12-18 20:37:49
=ended         2024-12-18 20:37:49
=result        ok
=elapsed       0.000827s
=case          ejabberd_SUITE:test_unregister
=logfile       ejabberd_suite.test_unregister.24389.html
=started       2024-12-18 20:37:49
=ended         2024-12-18 20:37:49
=result        ok
=elapsed       0.002136s
=case          ejabberd_SUITE:end_per_group
=logfile       ejabberd_suite.end_per_group.24453.html
=group_props   [{name,extauth_tests},sequence]
=started       2024-12-18 20:37:49
=ended         2024-12-18 20:37:49
=result        ok
=elapsed       0.000003s
=group_time    0.110s
=case          ejabberd_SUITE:end_per_group
=logfile       ejabberd_suite.end_per_group.24485.html
=group_props   [{name,extauth},sequence]
=started       2024-12-18 20:37:49
=ended         2024-12-18 20:37:49
=result        ok
=elapsed       0.000000s
=group_time    0.159s
=case          ejabberd_SUITE:init_per_group
=logfile       ejabberd_suite.init_per_group.24517.html
=group_props   [{name,component},sequence]
=started       2024-12-18 20:37:49
=ended         2024-12-18 20:37:49
=result        ok
=elapsed       0.000002s
=case          ejabberd_SUITE:init_per_group
=logfile       ejabberd_suite.init_per_group.24549.html
=group_props   [{name,component_connect},parallel]
=started       2024-12-18 20:37:49
=ended         2024-12-18 20:37:49
=result        ok
=elapsed       0.000003s
=case          ejabberd_SUITE:test_connect_bad_xml
=logfile       ejabberd_suite.test_connect_bad_xml.64514.html
=started       2024-12-18 20:37:49
=ended         2024-12-18 20:37:49
=result        ok
=elapsed       0.000881s
=case          ejabberd_SUITE:test_connect_unexpected_xml
=logfile       ejabberd_suite.test_connect_unexpected_xml.24581.html
=started       2024-12-18 20:37:49
=ended         2024-12-18 20:37:49
=result        ok
=elapsed       0.000883s
=case          ejabberd_SUITE:test_connect_unknown_ns
=logfile       ejabberd_suite.test_connect_unknown_ns.24613.html
=started       2024-12-18 20:37:49
=ended         2024-12-18 20:37:49
=result        ok
=elapsed       0.001418s
=case          ejabberd_SUITE:test_connect_bad_xmlns
=logfile       ejabberd_suite.test_connect_bad_xmlns.24645.html
=started       2024-12-18 20:37:49
=ended         2024-12-18 20:37:49
=result        ok
=elapsed       0.001050s
=case          ejabberd_SUITE:test_connect_bad_ns_stream
=logfile       ejabberd_suite.test_connect_bad_ns_stream.24677.html
=started       2024-12-18 20:37:49
=ended         2024-12-18 20:37:49
=result        ok
=elapsed       0.001190s
=case          ejabberd_SUITE:test_connect_missing_to
=logfile       ejabberd_suite.test_connect_missing_to.24709.html
=started       2024-12-18 20:37:49
=ended         2024-12-18 20:37:49
=result        ok
=elapsed       0.001230s
=case          ejabberd_SUITE:test_connect
=logfile       ejabberd_suite.test_connect.64546.html
=started       2024-12-18 20:37:49
=ended         2024-12-18 20:37:49
=result        ok
=elapsed       0.001211s
=case          ejabberd_SUITE:test_auth
=logfile       ejabberd_suite.test_auth.24741.html
=started       2024-12-18 20:37:49
=ended         2024-12-18 20:37:49
=result        ok
=elapsed       0.008393s
=case          ejabberd_SUITE:test_auth_fail
=logfile       ejabberd_suite.test_auth_fail.47268.html
=started       2024-12-18 20:37:49
=ended         2024-12-18 20:37:49
=result        ok
=elapsed       0.001928s
=case          ejabberd_SUITE:end_per_group
=logfile       ejabberd_suite.end_per_group.24805.html
=group_props   [{name,component_connect},parallel]
=started       2024-12-18 20:37:49
=ended         2024-12-18 20:37:49
=result        ok
=elapsed       0.000002s
=group_time    0.089s
=case          ejabberd_SUITE:init_per_group
=logfile       ejabberd_suite.init_per_group.24837.html
=group_props   [{name,component_tests},sequence]
=started       2024-12-18 20:37:49
=ended         2024-12-18 20:37:49
=result        ok
=elapsed       0.000003s
=case          ejabberd_SUITE:test_missing_from
=logfile       ejabberd_suite.test_missing_from.html
=started       2024-12-18 20:37:49
=ended         2024-12-18 20:37:49
=result        ok
=elapsed       0.000605s
=case          ejabberd_SUITE:test_missing_to
=logfile       ejabberd_suite.test_missing_to.html
=started       2024-12-18 20:37:49
=ended         2024-12-18 20:37:49
=result        ok
=elapsed       0.000607s
=case          ejabberd_SUITE:test_invalid_from
=logfile       ejabberd_suite.test_invalid_from.html
=started       2024-12-18 20:37:49
=ended         2024-12-18 20:37:49
=result        ok
=elapsed       0.000562s
=case          ejabberd_SUITE:test_component_send
=logfile       ejabberd_suite.test_component_send.html
=started       2024-12-18 20:37:49
=ended         2024-12-18 20:37:49
=result        ok
=elapsed       0.000708s
=case          ejabberd_SUITE:bad_nonza
=logfile       ejabberd_suite.bad_nonza.html
=started       2024-12-18 20:37:49
=ended         2024-12-18 20:37:50
=result        ok
=elapsed       0.041363s
=case          ejabberd_SUITE:codec_failure
=logfile       ejabberd_suite.codec_failure.html
=started       2024-12-18 20:37:50
=ended         2024-12-18 20:37:50
=result        ok
=elapsed       0.000874s
=case          ejabberd_SUITE:end_per_group
=logfile       ejabberd_suite.end_per_group.24997.html
=group_props   [{name,component_tests},sequence]
=started       2024-12-18 20:37:50
=ended         2024-12-18 20:37:50
=result        ok
=elapsed       0.000003s
=group_time    0.237s
=case          ejabberd_SUITE:end_per_group
=logfile       ejabberd_suite.end_per_group.25029.html
=group_props   [{name,component},sequence]
=started       2024-12-18 20:37:50
=ended         2024-12-18 20:37:50
=result        ok
=elapsed       0.000000s
=group_time    0.402s
=case          ejabberd_SUITE:init_per_group
=logfile       ejabberd_suite.init_per_group.64930.html
=group_props   [{name,s2s},sequence]
=started       2024-12-18 20:37:50
=ended         2024-12-18 20:37:50
=result        ok
=elapsed       0.000011s
=case          ejabberd_SUITE:init_per_group
=logfile       ejabberd_suite.init_per_group.64962.html
=group_props   [{name,s2s_connect},parallel]
=started       2024-12-18 20:37:50
=ended         2024-12-18 20:37:50
=result        ok
=elapsed       0.000004s
=case          ejabberd_SUITE:test_connect_bad_xml
=logfile       ejabberd_suite.test_connect_bad_xml.65026.html
=started       2024-12-18 20:37:50
=ended         2024-12-18 20:37:50
=result        ok
=elapsed       0.001764s
=case          ejabberd_SUITE:test_connect_unexpected_xml
=logfile       ejabberd_suite.test_connect_unexpected_xml.64994.html
=started       2024-12-18 20:37:50
=ended         2024-12-18 20:37:50
=result        ok
=elapsed       0.000969s
=case          ejabberd_SUITE:test_connect_unknown_ns
=logfile       ejabberd_suite.test_connect_unknown_ns.65090.html
=started       2024-12-18 20:37:50
=ended         2024-12-18 20:37:50
=result        ok
=elapsed       0.001009s
=case          ejabberd_SUITE:test_connect_bad_xmlns
=logfile       ejabberd_suite.test_connect_bad_xmlns.65058.html
=started       2024-12-18 20:37:50
=ended         2024-12-18 20:37:50
=result        ok
=elapsed       0.001133s
=case          ejabberd_SUITE:test_connect_bad_ns_stream
=logfile       ejabberd_suite.test_connect_bad_ns_stream.25093.html
=started       2024-12-18 20:37:50
=ended         2024-12-18 20:37:50
=result        ok
=elapsed       0.001897s
=case          ejabberd_SUITE:test_connect
=logfile       ejabberd_suite.test_connect.25061.html
=started       2024-12-18 20:37:50
=ended         2024-12-18 20:37:50
=result        ok
=elapsed       0.002479s
=case          ejabberd_SUITE:test_connect_s2s_starttls_required
=logfile       ejabberd_suite.test_connect_s2s_starttls_required.65122.html
=started       2024-12-18 20:37:50
=ended         2024-12-18 20:37:50
=result        ok
=elapsed       0.001750s
=case          ejabberd_SUITE:test_starttls
=logfile       ejabberd_suite.test_starttls.65154.html
=started       2024-12-18 20:37:50
=ended         2024-12-18 20:37:50
=result        ok
=elapsed       0.007878s
=case          ejabberd_SUITE:test_connect_s2s_unauthenticated_iq
=logfile       ejabberd_suite.test_connect_s2s_unauthenticated_iq.47332.html
=started       2024-12-18 20:37:50
=ended         2024-12-18 20:37:50
=result        ok
=elapsed       0.009519s
=case          ejabberd_SUITE:test_auth_starttls
=logfile       ejabberd_suite.test_auth_starttls.47364.html
=started       2024-12-18 20:37:50
=ended         2024-12-18 20:37:50
=result        ok
=elapsed       0.007902s
=case          ejabberd_SUITE:end_per_group
=logfile       ejabberd_suite.end_per_group.47428.html
=group_props   [{name,s2s_connect},parallel]
=started       2024-12-18 20:37:50
=ended         2024-12-18 20:37:50
=result        ok
=elapsed       0.000002s
=group_time    0.098s
=case          ejabberd_SUITE:init_per_group
=logfile       ejabberd_suite.init_per_group.60451.html
=group_props   [{name,s2s_tests},sequence]
=started       2024-12-18 20:37:50
=ended         2024-12-18 20:37:50
=result        ok
=elapsed       0.000003s
=case          ejabberd_SUITE:test_missing_from
=logfile       ejabberd_suite.test_missing_from.60483.html
=started       2024-12-18 20:37:50
=ended         2024-12-18 20:37:50
=result        ok
=elapsed       0.000646s
=case          ejabberd_SUITE:test_missing_to
=logfile       ejabberd_suite.test_missing_to.60547.html
=started       2024-12-18 20:37:50
=ended         2024-12-18 20:37:50
=result        ok
=elapsed       0.000526s
=case          ejabberd_SUITE:test_invalid_from
=logfile       ejabberd_suite.test_invalid_from.65378.html
=started       2024-12-18 20:37:50
=ended         2024-12-18 20:37:50
=result        ok
=elapsed       0.000536s
=case          ejabberd_SUITE:bad_nonza
=logfile       ejabberd_suite.bad_nonza.65410.html
=started       2024-12-18 20:37:50
=ended         2024-12-18 20:37:50
=result        ok
=elapsed       0.042306s
=case          ejabberd_SUITE:codec_failure
=logfile       ejabberd_suite.codec_failure.65474.html
=started       2024-12-18 20:37:50
=ended         2024-12-18 20:37:50
=result        ok
=elapsed       0.000804s
=case          ejabberd_SUITE:end_per_group
=logfile       ejabberd_suite.end_per_group.65538.html
=group_props   [{name,s2s_tests},sequence]
=started       2024-12-18 20:37:50
=ended         2024-12-18 20:37:50
=result        ok
=elapsed       0.000002s
=group_time    0.232s
=case          ejabberd_SUITE:end_per_group
=logfile       ejabberd_suite.end_per_group.65570.html
=group_props   [{name,s2s},sequence]
=started       2024-12-18 20:37:50
=ended         2024-12-18 20:37:50
=result        ok
=elapsed       0.000002s
=group_time    0.406s
=case          ejabberd_SUITE:stop_ejabberd
=logfile       ejabberd_suite.stop_ejabberd.html
=started       2024-12-18 20:37:50
=ended         2024-12-18 20:37:50
=result        ok
=elapsed       0.041677s
=case          ejabberd_SUITE:end_per_suite
=logfile       ejabberd_suite.end_per_suite.html
=started       2024-12-18 20:37:50
=ended         2024-12-18 20:37:50
=result        ok
=elapsed       0.000018s
=group_time    522.863s
=== TEST COMPLETE, 1364 ok, 1 failed, 233 skipped of 1598 test cases

=finished      2024-12-18 20:37:50
=failed        1
=successful    1364
=user_skipped  233
=auto_skipped  0
=elapsed_time  522944818
