=== Suite started at 2024-12-18 20:32:16
=== Starting test, 1598 test cases
=cases         1598
=user          runner
=host          877-weiss-master-3bc66a7
=hosts         877-weiss-master-3bc66a7 
=emulator_vsn  14.2.5.5
=emulator      beam
=otp_release   26
=started       2024-12-18 20:32:16
=case          ejabberd_SUITE:init_per_suite
=logfile       ejabberd_suite.init_per_suite.html
=started       2024-12-18 20:32:16
=ended         2024-12-18 20:32:19
=result        ok
=elapsed       2.665112s
=case          ejabberd_SUITE:init_per_group
=logfile       ejabberd_suite.init_per_group.html
=group_props   [{name,ldap},sequence]
=started       2024-12-18 20:32:19
=ended         2024-12-18 20:32:19
=result        ok
=elapsed       0.000001s
=case          ejabberd_SUITE:init_per_group
=logfile       ejabberd_suite.init_per_group.1059.html
=group_props   [{name,ldap_tests},sequence]
=started       2024-12-18 20:32:19
=ended         2024-12-18 20:32:19
=result        ok
=elapsed       0.000003s
=case          ejabberd_SUITE:test_auth
=logfile       ejabberd_suite.test_auth.html
=started       2024-12-18 20:32:19
=ended         2024-12-18 20:32:20
=result        ok
=elapsed       0.169243s
=case          ejabberd_SUITE:test_auth_fail
=logfile       ejabberd_suite.test_auth_fail.html
=started       2024-12-18 20:32:20
=ended         2024-12-18 20:32:20
=result        ok
=elapsed       0.027643s
=case          ejabberd_SUITE:vcard_get
=logfile       ejabberd_suite.vcard_get.html
=started       2024-12-18 20:32:20
=ended         2024-12-18 20:32:20
=result        ok
=elapsed       0.183178s
=case          ejabberd_SUITE:ldap_shared_roster_get
=logfile       ejabberd_suite.ldap_shared_roster_get.html
=started       2024-12-18 20:32:20
=ended         2024-12-18 20:32:20
=result        ok
=elapsed       0.122865s
=case          ejabberd_SUITE:end_per_group
=logfile       ejabberd_suite.end_per_group.html
=group_props   [{name,ldap_tests},sequence]
=started       2024-12-18 20:32:20
=ended         2024-12-18 20:32:20
=result        ok
=elapsed       0.000003s
=group_time    1.190s
=case          ejabberd_SUITE:end_per_group
=logfile       ejabberd_suite.end_per_group.1219.html
=group_props   [{name,ldap},sequence]
=started       2024-12-18 20:32:20
=ended         2024-12-18 20:32:20
=result        ok
=elapsed       0.000000s
=group_time    1.246s
=case          ejabberd_SUITE:init_per_group
=logfile       ejabberd_suite.init_per_group.1251.html
=group_props   [{name,no_db},sequence]
=started       2024-12-18 20:32:20
=ended         2024-12-18 20:32:20
=result        ok
=elapsed       0.000407s
=case          ejabberd_SUITE:init_per_group
=logfile       ejabberd_suite.init_per_group.1283.html
=group_props   [{name,anonymous},parallel]
=started       2024-12-18 20:32:20
=ended         2024-12-18 20:32:20
=result        ok
=elapsed       0.000003s
=case          ejabberd_SUITE:test_connect_bad_xml
=logfile       ejabberd_suite.test_connect_bad_xml.1474.html
=started       2024-12-18 20:32:20
=ended         2024-12-18 20:32:20
=result        ok
=elapsed       0.000763s
=case          ejabberd_SUITE:test_connect_unexpected_xml
=logfile       ejabberd_suite.test_connect_unexpected_xml.1506.html
=started       2024-12-18 20:32:20
=ended         2024-12-18 20:32:20
=result        ok
=elapsed       0.083604s
=case          ejabberd_SUITE:test_connect_unknown_ns
=logfile       ejabberd_suite.test_connect_unknown_ns.1315.html
=started       2024-12-18 20:32:20
=ended         2024-12-18 20:32:20
=result        ok
=elapsed       0.090619s
=case          ejabberd_SUITE:test_connect_bad_xmlns
=logfile       ejabberd_suite.test_connect_bad_xmlns.1347.html
=started       2024-12-18 20:32:20
=ended         2024-12-18 20:32:20
=result        ok
=elapsed       0.001513s
=case          ejabberd_SUITE:test_connect_bad_ns_stream
=logfile       ejabberd_suite.test_connect_bad_ns_stream.1379.html
=started       2024-12-18 20:32:20
=ended         2024-12-18 20:32:20
=result        ok
=elapsed       0.002065s
=case          ejabberd_SUITE:test_connect_bad_lang
=logfile       ejabberd_suite.test_connect_bad_lang.1060.html
=started       2024-12-18 20:32:20
=ended         2024-12-18 20:32:20
=result        ok
=elapsed       0.001003s
=case          ejabberd_SUITE:test_connect_bad_to
=logfile       ejabberd_suite.test_connect_bad_to.1189.html
=started       2024-12-18 20:32:20
=ended         2024-12-18 20:32:20
=result        ok
=elapsed       0.001092s
=case          ejabberd_SUITE:test_connect_missing_to
=logfile       ejabberd_suite.test_connect_missing_to.1221.html
=started       2024-12-18 20:32:20
=ended         2024-12-18 20:32:20
=result        ok
=elapsed       0.001111s
=case          ejabberd_SUITE:test_connect
=logfile       ejabberd_suite.test_connect.1253.html
=started       2024-12-18 20:32:20
=ended         2024-12-18 20:32:20
=result        ok
=elapsed       0.057756s
=case          ejabberd_SUITE:unauthenticated_iq
=logfile       ejabberd_suite.unauthenticated_iq.1285.html
=started       2024-12-18 20:32:20
=ended         2024-12-18 20:32:20
=result        ok
=elapsed       0.000986s
=case          ejabberd_SUITE:unauthenticated_message
=logfile       ejabberd_suite.unauthenticated_message.1092.html
=started       2024-12-18 20:32:20
=ended         2024-12-18 20:32:20
=result        ok
=elapsed       0.000504s
=case          ejabberd_SUITE:unauthenticated_presence
=logfile       ejabberd_suite.unauthenticated_presence.1124.html
=started       2024-12-18 20:32:20
=ended         2024-12-18 20:32:20
=result        ok
=elapsed       0.001385s
=case          ejabberd_SUITE:test_starttls
=logfile       ejabberd_suite.test_starttls.1411.html
=started       2024-12-18 20:32:20
=ended         2024-12-18 20:32:20
=result        ok
=elapsed       0.071048s
=case          ejabberd_SUITE:test_auth
=logfile       ejabberd_suite.test_auth.1443.html
=started       2024-12-18 20:32:20
=ended         2024-12-18 20:32:20
=result        ok
=elapsed       0.092169s
=case          ejabberd_SUITE:test_zlib
=logfile       ejabberd_suite.test_zlib.1507.html
=started       2024-12-18 20:32:20
=ended         2024-12-18 20:32:20
=result        ok
=elapsed       0.002076s
=case          ejabberd_SUITE:test_bind
=logfile       ejabberd_suite.test_bind.1475.html
=started       2024-12-18 20:32:20
=ended         2024-12-18 20:32:21
=result        ok
=elapsed       0.106414s
=case          ejabberd_SUITE:test_open_session
=logfile       ejabberd_suite.test_open_session.1539.html
=started       2024-12-18 20:32:20
=ended         2024-12-18 20:32:21
=result        ok
=elapsed       0.105138s
=case          ejabberd_SUITE:codec_failure
=logfile       ejabberd_suite.codec_failure.1571.html
=started       2024-12-18 20:32:20
=ended         2024-12-18 20:32:21
=result        ok
=elapsed       0.102582s
=case          ejabberd_SUITE:unsupported_query
=logfile       ejabberd_suite.unsupported_query.1603.html
=started       2024-12-18 20:32:20
=ended         2024-12-18 20:32:21
=result        ok
=elapsed       0.180207s
=case          ejabberd_SUITE:bad_nonza
=logfile       ejabberd_suite.bad_nonza.1667.html
=started       2024-12-18 20:32:20
=ended         2024-12-18 20:32:21
=result        ok
=elapsed       0.142329s
=case          ejabberd_SUITE:invalid_from
=logfile       ejabberd_suite.invalid_from.1635.html
=started       2024-12-18 20:32:20
=ended         2024-12-18 20:32:21
=result        ok
=elapsed       0.103666s
=case          ejabberd_SUITE:ping
=logfile       ejabberd_suite.ping.1538.html
=started       2024-12-18 20:32:20
=ended         2024-12-18 20:32:21
=result        ok
=elapsed       0.187167s
=case          ejabberd_SUITE:version
=logfile       ejabberd_suite.version.1349.html
=started       2024-12-18 20:32:20
=ended         2024-12-18 20:32:21
=result        ok
=elapsed       0.183144s
=case          ejabberd_SUITE:time
=logfile       ejabberd_suite.time.1317.html
=started       2024-12-18 20:32:20
=ended         2024-12-18 20:32:21
=result        ok
=elapsed       0.224704s
=case          ejabberd_SUITE:stats
=logfile       ejabberd_suite.stats.1381.html
=started       2024-12-18 20:32:20
=ended         2024-12-18 20:32:21
=result        ok
=elapsed       0.283923s
=case          ejabberd_SUITE:disco
=logfile       ejabberd_suite.disco.1413.html
=started       2024-12-18 20:32:20
=ended         2024-12-18 20:32:21
=result        ok
=elapsed       0.180630s
=case          ejabberd_SUITE:end_per_group
=logfile       ejabberd_suite.end_per_group.2403.html
=group_props   [{name,anonymous},parallel]
=started       2024-12-18 20:32:21
=ended         2024-12-18 20:32:21
=result        ok
=elapsed       0.000002s
=group_time    0.561s
=case          ejabberd_SUITE:init_per_group
=logfile       ejabberd_suite.init_per_group.2435.html
=group_props   [{name,presence_and_s2s},sequence]
=started       2024-12-18 20:32:21
=ended         2024-12-18 20:32:21
=result        ok
=elapsed       0.000003s
=case          ejabberd_SUITE:test_auth_fail
=logfile       ejabberd_suite.test_auth_fail.1540.html
=started       2024-12-18 20:32:21
=ended         2024-12-18 20:32:21
=result        ok
=elapsed       0.001218s
=case          ejabberd_SUITE:presence
=logfile       ejabberd_suite.presence.html
=started       2024-12-18 20:32:21
=ended         2024-12-18 20:32:21
=result        ok
=elapsed       0.101949s
=case          ejabberd_SUITE:s2s_dialback
=logfile       ejabberd_suite.s2s_dialback.html
=started       2024-12-18 20:32:21
=ended         2024-12-18 20:32:21
=result        ok
=elapsed       0.225634s
=case          ejabberd_SUITE:s2s_optional
=logfile       ejabberd_suite.s2s_optional.html
=started       2024-12-18 20:32:21
=ended         2024-12-18 20:32:21
=result        ok
=elapsed       0.163414s
=case          ejabberd_SUITE:s2s_required
=logfile       ejabberd_suite.s2s_required.html
=started       2024-12-18 20:32:21
=ended         2024-12-18 20:32:22
=result        ok
=elapsed       0.185753s
=case          ejabberd_SUITE:end_per_group
=logfile       ejabberd_suite.end_per_group.2530.html
=group_props   [{name,presence_and_s2s},sequence]
=started       2024-12-18 20:32:22
=ended         2024-12-18 20:32:22
=result        ok
=elapsed       0.000003s
=group_time    0.860s
=case          ejabberd_SUITE:auth_external
=logfile       ejabberd_suite.auth_external.html
=started       2024-12-18 20:32:22
=ended         2024-12-18 20:32:22
=result        ok
=elapsed       0.008983s
=case          ejabberd_SUITE:auth_external_no_jid
=logfile       ejabberd_suite.auth_external_no_jid.html
=started       2024-12-18 20:32:22
=ended         2024-12-18 20:32:22
=result        ok
=elapsed       0.005483s
=case          ejabberd_SUITE:auth_external_no_user
=logfile       ejabberd_suite.auth_external_no_user.html
=started       2024-12-18 20:32:22
=ended         2024-12-18 20:32:22
=result        ok
=elapsed       0.006413s
=case          ejabberd_SUITE:auth_external_malformed_jid
=logfile       ejabberd_suite.auth_external_malformed_jid.html
=started       2024-12-18 20:32:22
=ended         2024-12-18 20:32:22
=result        ok
=elapsed       0.005478s
=case          ejabberd_SUITE:auth_external_wrong_jid
=logfile       ejabberd_suite.auth_external_wrong_jid.html
=started       2024-12-18 20:32:22
=ended         2024-12-18 20:32:22
=result        ok
=elapsed       0.007859s
=case          ejabberd_SUITE:auth_external_wrong_server
=logfile       ejabberd_suite.auth_external_wrong_server.html
=started       2024-12-18 20:32:22
=ended         2024-12-18 20:32:22
=result        ok
=elapsed       0.004674s
=case          ejabberd_SUITE:auth_external_invalid_cert
=logfile       ejabberd_suite.auth_external_invalid_cert.html
=started       2024-12-18 20:32:22
=ended         2024-12-18 20:32:22
=result        ok
=elapsed       0.005176s
=case          ejabberd_SUITE:init_per_group
=logfile       ejabberd_suite.init_per_group.2787.html
=group_props   [{name,commands_single},sequence]
=started       2024-12-18 20:32:22
=ended         2024-12-18 20:32:22
=result        ok
=elapsed       0.000002s
=case          ejabberd_SUITE:commands_setup
=logfile       ejabberd_suite.commands_setup.html
=started       2024-12-18 20:32:22
=ended         2024-12-18 20:32:23
=result        ok
=elapsed       1.005467s
=case          ejabberd_SUITE:commands_ejabberdctl
=logfile       ejabberd_suite.commands_ejabberdctl.html
=started       2024-12-18 20:32:23
=ended         2024-12-18 20:32:23
=result        ok
=elapsed       0.014590s
=case          ejabberd_SUITE:commands_http_integer
=logfile       ejabberd_suite.commands_http_integer.html
=started       2024-12-18 20:32:23
=ended         2024-12-18 20:32:23
=result        ok
=elapsed       0.001190s
=case          ejabberd_SUITE:commands_http_string
=logfile       ejabberd_suite.commands_http_string.html
=started       2024-12-18 20:32:23
=ended         2024-12-18 20:32:23
=result        ok
=elapsed       0.001327s
=case          ejabberd_SUITE:commands_http_binary
=logfile       ejabberd_suite.commands_http_binary.html
=started       2024-12-18 20:32:23
=ended         2024-12-18 20:32:23
=result        ok
=elapsed       0.000622s
=case          ejabberd_SUITE:commands_http_atom
=logfile       ejabberd_suite.commands_http_atom.html
=started       2024-12-18 20:32:23
=ended         2024-12-18 20:32:23
=result        ok
=elapsed       0.001411s
=case          ejabberd_SUITE:commands_http_rescode
=logfile       ejabberd_suite.commands_http_rescode.html
=started       2024-12-18 20:32:23
=ended         2024-12-18 20:32:23
=result        ok
=elapsed       0.003144s
=case          ejabberd_SUITE:commands_http_restuple
=logfile       ejabberd_suite.commands_http_restuple.html
=started       2024-12-18 20:32:23
=ended         2024-12-18 20:32:23
=result        ok
=elapsed       0.045716s
=case          ejabberd_SUITE:commands_http_list
=logfile       ejabberd_suite.commands_http_list.html
=started       2024-12-18 20:32:23
=ended         2024-12-18 20:32:23
=result        ok
=elapsed       0.001471s
=case          ejabberd_SUITE:commands_http_tuple
=logfile       ejabberd_suite.commands_http_tuple.html
=started       2024-12-18 20:32:23
=ended         2024-12-18 20:32:23
=result        ok
=elapsed       0.001406s
=case          ejabberd_SUITE:commands_http_list_tuple
=logfile       ejabberd_suite.commands_http_list_tuple.html
=started       2024-12-18 20:32:23
=ended         2024-12-18 20:32:23
=result        ok
=elapsed       0.001566s
=case          ejabberd_SUITE:commands_http_list_tuple_map
=logfile       ejabberd_suite.commands_http_list_tuple_map.html
=started       2024-12-18 20:32:23
=ended         2024-12-18 20:32:23
=result        ok
=elapsed       0.000811s
=case          ejabberd_SUITE:end_per_group
=logfile       ejabberd_suite.end_per_group.2914.html
=group_props   [{name,commands_single},sequence]
=started       2024-12-18 20:32:23
=ended         2024-12-18 20:32:23
=result        ok
=elapsed       0.000006s
=group_time    1.440s
=case          ejabberd_SUITE:init_per_group
=logfile       ejabberd_suite.init_per_group.2946.html
=group_props   [{name,jidprep_single},sequence]
=started       2024-12-18 20:32:23
=ended         2024-12-18 20:32:23
=result        ok
=elapsed       0.000002s
=case          ejabberd_SUITE:jidprep_feature_enabled
=logfile       ejabberd_suite.jidprep_feature_enabled.html
=started       2024-12-18 20:32:23
=ended         2024-12-18 20:32:24
=result        ok
=elapsed       0.101725s
=case          ejabberd_SUITE:jidprep_normalize_jid
=logfile       ejabberd_suite.jidprep_normalize_jid.html
=started       2024-12-18 20:32:24
=ended         2024-12-18 20:32:24
=result        ok
=elapsed       0.110913s
=case          ejabberd_SUITE:end_per_group
=logfile       ejabberd_suite.end_per_group.3010.html
=group_props   [{name,jidprep_single},sequence]
=started       2024-12-18 20:32:24
=ended         2024-12-18 20:32:24
=result        ok
=elapsed       0.000002s
=group_time    0.295s
=case          ejabberd_SUITE:init_per_group
=logfile       ejabberd_suite.init_per_group.3042.html
=group_props   [{name,sm_single},sequence]
=started       2024-12-18 20:32:24
=ended         2024-12-18 20:32:24
=result        ok
=elapsed       0.000002s
=case          ejabberd_SUITE:sm_feature_enabled
=logfile       ejabberd_suite.sm_feature_enabled.html
=started       2024-12-18 20:32:24
=ended         2024-12-18 20:32:24
=result        ok
=elapsed       0.101074s
=case          ejabberd_SUITE:sm_enable
=logfile       ejabberd_suite.sm_enable.html
=started       2024-12-18 20:32:24
=ended         2024-12-18 20:32:24
=result        ok
=elapsed       0.042140s
=case          ejabberd_SUITE:sm_resume
=logfile       ejabberd_suite.sm_resume.html
=started       2024-12-18 20:32:24
=ended         2024-12-18 20:32:24
=result        ok
=elapsed       0.059105s
=case          ejabberd_SUITE:sm_resume_failed
=logfile       ejabberd_suite.sm_resume_failed.html
=started       2024-12-18 20:32:24
=ended         2024-12-18 20:32:29
=result        ok
=elapsed       5.002178s
=case          ejabberd_SUITE:end_per_group
=logfile       ejabberd_suite.end_per_group.3459.html
=group_props   [{name,sm_single},sequence]
=started       2024-12-18 20:32:29
=ended         2024-12-18 20:32:29
=result        ok
=elapsed       0.000003s
=group_time    5.346s
=case          ejabberd_SUITE:init_per_group
=logfile       ejabberd_suite.init_per_group.3491.html
=group_props   [{name,sm_master_slave},sequence]
=started       2024-12-18 20:32:29
=ended         2024-12-18 20:32:29
=result        ok
=elapsed       0.000003s
=case          ejabberd_SUITE:init_per_group
=logfile       ejabberd_suite.init_per_group.3523.html
=group_props   [{name,sm_queue_limit},parallel]
=started       2024-12-18 20:32:29
=ended         2024-12-18 20:32:29
=result        ok
=elapsed       0.000002s
=case          ejabberd_SUITE:sm_queue_limit_master
=logfile       ejabberd_suite.sm_queue_limit_master.3555.html
=started       2024-12-18 20:32:29
=ended         2024-12-18 20:32:29
=result        ok
=elapsed       0.251983s
=case          ejabberd_SUITE:sm_queue_limit_slave
=logfile       ejabberd_suite.sm_queue_limit_slave.3587.html
=started       2024-12-18 20:32:29
=ended         2024-12-18 20:32:29
=result        ok
=elapsed       0.148479s
=case          ejabberd_SUITE:end_per_group
=logfile       ejabberd_suite.end_per_group.3651.html
=group_props   [{name,sm_queue_limit},parallel]
=started       2024-12-18 20:32:29
=ended         2024-12-18 20:32:29
=result        ok
=elapsed       0.000002s
=group_time    0.308s
=case          ejabberd_SUITE:init_per_group
=logfile       ejabberd_suite.init_per_group.3683.html
=group_props   [{name,sm_queue_limit_detached},parallel]
=started       2024-12-18 20:32:29
=ended         2024-12-18 20:32:29
=result        ok
=elapsed       0.000002s
=case          ejabberd_SUITE:sm_queue_limit_detached_master
=logfile       ejabberd_suite.sm_queue_limit_detached_master.3715.html
=started       2024-12-18 20:32:29
=ended         2024-12-18 20:32:30
=result        ok
=elapsed       0.151401s
=case          ejabberd_SUITE:sm_queue_limit_detached_slave
=logfile       ejabberd_suite.sm_queue_limit_detached_slave.3747.html
=started       2024-12-18 20:32:29
=ended         2024-12-18 20:32:29
=result        ok
=elapsed       0.001016s
=case          ejabberd_SUITE:end_per_group
=logfile       ejabberd_suite.end_per_group.3811.html
=group_props   [{name,sm_queue_limit_detached},parallel]
=started       2024-12-18 20:32:30
=ended         2024-12-18 20:32:30
=result        ok
=elapsed       0.000002s
=group_time    0.207s
=case          ejabberd_SUITE:end_per_group
=logfile       ejabberd_suite.end_per_group.3843.html
=group_props   [{name,sm_master_slave},sequence]
=started       2024-12-18 20:32:30
=ended         2024-12-18 20:32:30
=result        ok
=elapsed       0.000002s
=group_time    0.587s
=case          ejabberd_SUITE:init_per_group
=logfile       ejabberd_suite.init_per_group.3875.html
=group_props   [{name,muc_single},sequence]
=started       2024-12-18 20:32:30
=ended         2024-12-18 20:32:30
=result        ok
=elapsed       0.000003s
=case          ejabberd_SUITE:muc_service_presence_error
=logfile       ejabberd_suite.muc_service_presence_error.html
=started       2024-12-18 20:32:30
=ended         2024-12-18 20:32:30
=result        ok
=elapsed       0.187752s
=case          ejabberd_SUITE:muc_service_message_error
=logfile       ejabberd_suite.muc_service_message_error.html
=started       2024-12-18 20:32:30
=ended         2024-12-18 20:32:30
=result        ok
=elapsed       0.200304s
=case          ejabberd_SUITE:muc_service_unknown_ns_iq_error
=logfile       ejabberd_suite.muc_service_unknown_ns_iq_error.html
=started       2024-12-18 20:32:30
=ended         2024-12-18 20:32:30
=result        ok
=elapsed       0.187410s
=case          ejabberd_SUITE:muc_service_iq_set_error
=logfile       ejabberd_suite.muc_service_iq_set_error.html
=started       2024-12-18 20:32:30
=ended         2024-12-18 20:32:31
=result        ok
=elapsed       0.322202s
=case          ejabberd_SUITE:muc_service_improper_iq_error
=logfile       ejabberd_suite.muc_service_improper_iq_error.html
=started       2024-12-18 20:32:31
=ended         2024-12-18 20:32:31
=result        ok
=elapsed       0.274222s
=case          ejabberd_SUITE:muc_service_features
=logfile       ejabberd_suite.muc_service_features.html
=started       2024-12-18 20:32:31
=ended         2024-12-18 20:32:31
=result        ok
=elapsed       0.101920s
=case          ejabberd_SUITE:muc_service_disco_info_node_error
=logfile       ejabberd_suite.muc_service_disco_info_node_error.html
=started       2024-12-18 20:32:31
=ended         2024-12-18 20:32:31
=result        ok
=elapsed       0.101294s
=case          ejabberd_SUITE:muc_service_disco_items
=logfile       ejabberd_suite.muc_service_disco_items.html
=started       2024-12-18 20:32:31
=ended         2024-12-18 20:32:31
=result        ok
=elapsed       0.121072s
=case          ejabberd_SUITE:muc_service_unique
=logfile       ejabberd_suite.muc_service_unique.html
=started       2024-12-18 20:32:31
=ended         2024-12-18 20:32:32
=result        ok
=elapsed       0.101876s
=case          ejabberd_SUITE:muc_service_vcard
=logfile       ejabberd_suite.muc_service_vcard.html
=started       2024-12-18 20:32:32
=ended         2024-12-18 20:32:32
=result        ok
=elapsed       0.102350s
=case          ejabberd_SUITE:muc_configure_non_existent
=logfile       ejabberd_suite.muc_configure_non_existent.html
=started       2024-12-18 20:32:32
=ended         2024-12-18 20:32:32
=result        ok
=elapsed       0.110035s
=case          ejabberd_SUITE:muc_cancel_configure_non_existent
=logfile       ejabberd_suite.muc_cancel_configure_non_existent.html
=started       2024-12-18 20:32:32
=ended         2024-12-18 20:32:32
=result        ok
=elapsed       0.101599s
=case          ejabberd_SUITE:muc_service_subscriptions
=logfile       ejabberd_suite.muc_service_subscriptions.html
=started       2024-12-18 20:32:32
=ended         2024-12-18 20:32:32
=result        ok
=elapsed       0.124866s
=case          ejabberd_SUITE:muc_set_room_affiliation
=logfile       ejabberd_suite.muc_set_room_affiliation.html
=started       2024-12-18 20:32:32
=ended         2024-12-18 20:32:32
=result        ok
=elapsed       0.105236s
=case          ejabberd_SUITE:end_per_group
=logfile       ejabberd_suite.end_per_group.4066.html
=group_props   [{name,muc_single},sequence]
=started       2024-12-18 20:32:32
=ended         2024-12-18 20:32:32
=result        ok
=elapsed       0.000009s
=group_time    2.573s
=case          ejabberd_SUITE:init_per_group
=logfile       ejabberd_suite.init_per_group.4098.html
=group_props   [{name,muc_master_slave},sequence]
=started       2024-12-18 20:32:32
=ended         2024-12-18 20:32:32
=result        ok
=elapsed       0.000003s
=case          ejabberd_SUITE:init_per_group
=logfile       ejabberd_suite.init_per_group.4130.html
=group_props   [{name,muc_register},parallel]
=started       2024-12-18 20:32:32
=ended         2024-12-18 20:32:32
=result        ok
=elapsed       0.000002s
=case          ejabberd_SUITE:muc_register_master
=logfile       ejabberd_suite.muc_register_master.1764.html
=started       2024-12-18 20:32:32
=ended         2024-12-18 20:32:32
=result        ok
=elapsed       0.116946s
=case          ejabberd_SUITE:muc_register_slave
=logfile       ejabberd_suite.muc_register_slave.1796.html
=started       2024-12-18 20:32:32
=ended         2024-12-18 20:32:32
=result        ok
=elapsed       0.114354s
=case          ejabberd_SUITE:end_per_group
=logfile       ejabberd_suite.end_per_group.1828.html
=group_props   [{name,muc_register},parallel]
=started       2024-12-18 20:32:32
=ended         2024-12-18 20:32:32
=result        ok
=elapsed       0.000002s
=group_time    0.172s
=case          ejabberd_SUITE:init_per_group
=logfile       ejabberd_suite.init_per_group.1860.html
=group_props   [{name,muc_groupchat_msg},parallel]
=started       2024-12-18 20:32:32
=ended         2024-12-18 20:32:33
=result        ok
=elapsed       0.000003s
=case          ejabberd_SUITE:muc_groupchat_msg_master
=logfile       ejabberd_suite.muc_groupchat_msg_master.1892.html
=started       2024-12-18 20:32:33
=ended         2024-12-18 20:32:33
=result        ok
=elapsed       0.119659s
=case          ejabberd_SUITE:muc_groupchat_msg_slave
=logfile       ejabberd_suite.muc_groupchat_msg_slave.1924.html
=started       2024-12-18 20:32:33
=ended         2024-12-18 20:32:33
=result        ok
=elapsed       0.114838s
=case          ejabberd_SUITE:end_per_group
=logfile       ejabberd_suite.end_per_group.4451.html
=group_props   [{name,muc_groupchat_msg},parallel]
=started       2024-12-18 20:32:33
=ended         2024-12-18 20:32:33
=result        ok
=elapsed       0.000003s
=group_time    0.178s
=case          ejabberd_SUITE:init_per_group
=logfile       ejabberd_suite.init_per_group.4483.html
=group_props   [{name,muc_private_msg},parallel]
=started       2024-12-18 20:32:33
=ended         2024-12-18 20:32:33
=result        ok
=elapsed       0.000002s
=case          ejabberd_SUITE:muc_private_msg_master
=logfile       ejabberd_suite.muc_private_msg_master.4515.html
=started       2024-12-18 20:32:33
=ended         2024-12-18 20:32:33
=result        ok
=elapsed       0.150399s
=case          ejabberd_SUITE:muc_private_msg_slave
=logfile       ejabberd_suite.muc_private_msg_slave.4547.html
=started       2024-12-18 20:32:33
=ended         2024-12-18 20:32:33
=result        ok
=elapsed       0.147465s
=case          ejabberd_SUITE:end_per_group
=logfile       ejabberd_suite.end_per_group.4611.html
=group_props   [{name,muc_private_msg},parallel]
=started       2024-12-18 20:32:33
=ended         2024-12-18 20:32:33
=result        ok
=elapsed       0.000002s
=group_time    0.207s
=case          ejabberd_SUITE:init_per_group
=logfile       ejabberd_suite.init_per_group.1893.html
=group_props   [{name,muc_set_subject},parallel]
=started       2024-12-18 20:32:33
=ended         2024-12-18 20:32:33
=result        ok
=elapsed       0.000003s
=case          ejabberd_SUITE:muc_set_subject_master
=logfile       ejabberd_suite.muc_set_subject_master.1925.html
=started       2024-12-18 20:32:33
=ended         2024-12-18 20:32:33
=result        ok
=elapsed       0.115090s
=case          ejabberd_SUITE:muc_set_subject_slave
=logfile       ejabberd_suite.muc_set_subject_slave.1957.html
=started       2024-12-18 20:32:33
=ended         2024-12-18 20:32:33
=result        ok
=elapsed       0.113205s
=case          ejabberd_SUITE:end_per_group
=logfile       ejabberd_suite.end_per_group.2021.html
=group_props   [{name,muc_set_subject},parallel]
=started       2024-12-18 20:32:33
=ended         2024-12-18 20:32:33
=result        ok
=elapsed       0.000008s
=group_time    0.173s
=case          ejabberd_SUITE:init_per_group
=logfile       ejabberd_suite.init_per_group.2053.html
=group_props   [{name,muc_history},parallel]
=started       2024-12-18 20:32:33
=ended         2024-12-18 20:32:33
=result        ok
=elapsed       0.000003s
=case          ejabberd_SUITE:muc_history_master
=logfile       ejabberd_suite.muc_history_master.2085.html
=started       2024-12-18 20:32:33
=ended         2024-12-18 20:32:33
=result        ok
=elapsed       0.137227s
=case          ejabberd_SUITE:muc_history_slave
=logfile       ejabberd_suite.muc_history_slave.4739.html
=started       2024-12-18 20:32:33
=ended         2024-12-18 20:32:33
=result        ok
=elapsed       0.138326s
=case          ejabberd_SUITE:end_per_group
=logfile       ejabberd_suite.end_per_group.4803.html
=group_props   [{name,muc_history},parallel]
=started       2024-12-18 20:32:33
=ended         2024-12-18 20:32:33
=result        ok
=elapsed       0.000002s
=group_time    0.196s
=case          ejabberd_SUITE:init_per_group
=logfile       ejabberd_suite.init_per_group.4835.html
=group_props   [{name,muc_invite},parallel]
=started       2024-12-18 20:32:33
=ended         2024-12-18 20:32:33
=result        ok
=elapsed       0.000003s
=case          ejabberd_SUITE:muc_invite_master
=logfile       ejabberd_suite.muc_invite_master.4867.html
=started       2024-12-18 20:32:33
=ended         2024-12-18 20:32:34
=result        ok
=elapsed       0.105172s
=case          ejabberd_SUITE:muc_invite_slave
=logfile       ejabberd_suite.muc_invite_slave.4899.html
=started       2024-12-18 20:32:33
=ended         2024-12-18 20:32:34
=result        ok
=elapsed       0.146531s
=case          ejabberd_SUITE:end_per_group
=logfile       ejabberd_suite.end_per_group.4963.html
=group_props   [{name,muc_invite},parallel]
=started       2024-12-18 20:32:34
=ended         2024-12-18 20:32:34
=result        ok
=elapsed       0.000002s
=group_time    0.204s
=case          ejabberd_SUITE:init_per_group
=logfile       ejabberd_suite.init_per_group.4995.html
=group_props   [{name,muc_invite_members_only},parallel]
=started       2024-12-18 20:32:34
=ended         2024-12-18 20:32:34
=result        ok
=elapsed       0.000002s
=case          ejabberd_SUITE:muc_invite_members_only_master
=logfile       ejabberd_suite.muc_invite_members_only_master.2245.html
=started       2024-12-18 20:32:34
=ended         2024-12-18 20:32:34
=result        ok
=elapsed       0.107895s
=case          ejabberd_SUITE:muc_invite_members_only_slave
=logfile       ejabberd_suite.muc_invite_members_only_slave.5027.html
=started       2024-12-18 20:32:34
=ended         2024-12-18 20:32:34
=result        ok
=elapsed       0.108520s
=case          ejabberd_SUITE:end_per_group
=logfile       ejabberd_suite.end_per_group.2309.html
=group_props   [{name,muc_invite_members_only},parallel]
=started       2024-12-18 20:32:34
=ended         2024-12-18 20:32:34
=result        ok
=elapsed       0.000002s
=group_time    0.167s
=case          ejabberd_SUITE:init_per_group
=logfile       ejabberd_suite.init_per_group.2341.html
=group_props   [{name,muc_invite_password_protected},parallel]
=started       2024-12-18 20:32:34
=ended         2024-12-18 20:32:34
=result        ok
=elapsed       0.000002s
=case          ejabberd_SUITE:muc_invite_password_protected_master
=logfile       ejabberd_suite.muc_invite_password_protected_master.2373.html
=started       2024-12-18 20:32:34
=ended         2024-12-18 20:32:34
=result        ok
=elapsed       0.149039s
=case          ejabberd_SUITE:muc_invite_password_protected_slave
=logfile       ejabberd_suite.muc_invite_password_protected_slave.2405.html
=started       2024-12-18 20:32:34
=ended         2024-12-18 20:32:34
=result        ok
=elapsed       0.103376s
=case          ejabberd_SUITE:end_per_group
=logfile       ejabberd_suite.end_per_group.2116.html
=group_props   [{name,muc_invite_password_protected},parallel]
=started       2024-12-18 20:32:34
=ended         2024-12-18 20:32:34
=result        ok
=elapsed       0.000002s
=group_time    0.205s
=case          ejabberd_SUITE:init_per_group
=logfile       ejabberd_suite.init_per_group.2148.html
=group_props   [{name,muc_voice_request},parallel]
=started       2024-12-18 20:32:34
=ended         2024-12-18 20:32:34
=result        ok
=elapsed       0.000003s
=case          ejabberd_SUITE:muc_voice_request_master
=logfile       ejabberd_suite.muc_voice_request_master.2180.html
=started       2024-12-18 20:32:34
=ended         2024-12-18 20:32:34
=result        ok
=elapsed       0.117249s
=case          ejabberd_SUITE:muc_voice_request_slave
=logfile       ejabberd_suite.muc_voice_request_slave.5187.html
=started       2024-12-18 20:32:34
=ended         2024-12-18 20:32:34
=result        ok
=elapsed       0.115340s
=case          ejabberd_SUITE:end_per_group
=logfile       ejabberd_suite.end_per_group.2308.html
=group_props   [{name,muc_voice_request},parallel]
=started       2024-12-18 20:32:34
=ended         2024-12-18 20:32:34
=result        ok
=elapsed       0.000002s
=group_time    0.173s
=case          ejabberd_SUITE:init_per_group
=logfile       ejabberd_suite.init_per_group.2340.html
=group_props   [{name,muc_change_role},parallel]
=started       2024-12-18 20:32:34
=ended         2024-12-18 20:32:34
=result        ok
=elapsed       0.000002s
=case          ejabberd_SUITE:muc_change_role_master
=logfile       ejabberd_suite.muc_change_role_master.2372.html
=started       2024-12-18 20:32:34
=ended         2024-12-18 20:32:34
=result        ok
=elapsed       0.113043s
=case          ejabberd_SUITE:muc_change_role_slave
=logfile       ejabberd_suite.muc_change_role_slave.5251.html
=started       2024-12-18 20:32:34
=ended         2024-12-18 20:32:34
=result        ok
=elapsed       0.111143s
=case          ejabberd_SUITE:end_per_group
=logfile       ejabberd_suite.end_per_group.4674.html
=group_props   [{name,muc_change_role},parallel]
=started       2024-12-18 20:32:34
=ended         2024-12-18 20:32:34
=result        ok
=elapsed       0.000002s
=group_time    0.169s
=case          ejabberd_SUITE:init_per_group
=logfile       ejabberd_suite.init_per_group.4706.html
=group_props   [{name,muc_kick},parallel]
=started       2024-12-18 20:32:34
=ended         2024-12-18 20:32:34
=result        ok
=elapsed       0.000002s
=case          ejabberd_SUITE:muc_kick_master
=logfile       ejabberd_suite.muc_kick_master.4738.html
=started       2024-12-18 20:32:34
=ended         2024-12-18 20:32:35
=result        ok
=elapsed       0.107816s
=case          ejabberd_SUITE:muc_kick_slave
=logfile       ejabberd_suite.muc_kick_slave.4770.html
=started       2024-12-18 20:32:34
=ended         2024-12-18 20:32:35
=result        ok
=elapsed       0.104242s
=case          ejabberd_SUITE:end_per_group
=logfile       ejabberd_suite.end_per_group.4866.html
=group_props   [{name,muc_kick},parallel]
=started       2024-12-18 20:32:35
=ended         2024-12-18 20:32:35
=result        ok
=elapsed       0.000002s
=group_time    0.164s
=case          ejabberd_SUITE:init_per_group
=logfile       ejabberd_suite.init_per_group.2468.html
=group_props   [{name,muc_change_affiliation},parallel]
=started       2024-12-18 20:32:35
=ended         2024-12-18 20:32:35
=result        ok
=elapsed       0.000003s
=case          ejabberd_SUITE:muc_change_affiliation_master
=logfile       ejabberd_suite.muc_change_affiliation_master.2500.html
=started       2024-12-18 20:32:35
=ended         2024-12-18 20:32:35
=result        ok
=elapsed       0.115816s
=case          ejabberd_SUITE:muc_change_affiliation_slave
=logfile       ejabberd_suite.muc_change_affiliation_slave.2532.html
=started       2024-12-18 20:32:35
=ended         2024-12-18 20:32:35
=result        ok
=elapsed       0.114376s
=case          ejabberd_SUITE:end_per_group
=logfile       ejabberd_suite.end_per_group.5507.html
=group_props   [{name,muc_change_affiliation},parallel]
=started       2024-12-18 20:32:35
=ended         2024-12-18 20:32:35
=result        ok
=elapsed       0.000009s
=group_time    0.173s
=case          ejabberd_SUITE:init_per_group
=logfile       ejabberd_suite.init_per_group.5539.html
=group_props   [{name,muc_destroy},parallel]
=started       2024-12-18 20:32:35
=ended         2024-12-18 20:32:35
=result        ok
=elapsed       0.000003s
=case          ejabberd_SUITE:muc_destroy_master
=logfile       ejabberd_suite.muc_destroy_master.4898.html
=started       2024-12-18 20:32:35
=ended         2024-12-18 20:32:35
=result        ok
=elapsed       0.106972s
=case          ejabberd_SUITE:muc_destroy_slave
=logfile       ejabberd_suite.muc_destroy_slave.5571.html
=started       2024-12-18 20:32:35
=ended         2024-12-18 20:32:35
=result        ok
=elapsed       0.104695s
=case          ejabberd_SUITE:end_per_group
=logfile       ejabberd_suite.end_per_group.4962.html
=group_props   [{name,muc_destroy},parallel]
=started       2024-12-18 20:32:35
=ended         2024-12-18 20:32:35
=result        ok
=elapsed       0.000003s
=group_time    0.166s
=case          ejabberd_SUITE:init_per_group
=logfile       ejabberd_suite.init_per_group.4994.html
=group_props   [{name,muc_vcard},parallel]
=started       2024-12-18 20:32:35
=ended         2024-12-18 20:32:35
=result        ok
=elapsed       0.000003s
=case          ejabberd_SUITE:muc_vcard_master
=logfile       ejabberd_suite.muc_vcard_master.5026.html
=started       2024-12-18 20:32:35
=ended         2024-12-18 20:32:35
=result        ok
=elapsed       0.120376s
=case          ejabberd_SUITE:muc_vcard_slave
=logfile       ejabberd_suite.muc_vcard_slave.5058.html
=started       2024-12-18 20:32:35
=ended         2024-12-18 20:32:35
=result        ok
=elapsed       0.118495s
=case          ejabberd_SUITE:end_per_group
=logfile       ejabberd_suite.end_per_group.5122.html
=group_props   [{name,muc_vcard},parallel]
=started       2024-12-18 20:32:35
=ended         2024-12-18 20:32:35
=result        ok
=elapsed       0.000002s
=group_time    0.180s
=case          ejabberd_SUITE:init_per_group
=logfile       ejabberd_suite.init_per_group.5154.html
=group_props   [{name,muc_nick_change},parallel]
=started       2024-12-18 20:32:35
=ended         2024-12-18 20:32:35
=result        ok
=elapsed       0.000002s
=case          ejabberd_SUITE:muc_nick_change_master
=logfile       ejabberd_suite.muc_nick_change_master.5186.html
=started       2024-12-18 20:32:35
=ended         2024-12-18 20:32:35
=result        ok
=elapsed       0.107752s
=case          ejabberd_SUITE:muc_nick_change_slave
=logfile       ejabberd_suite.muc_nick_change_slave.5218.html
=started       2024-12-18 20:32:35
=ended         2024-12-18 20:32:35
=result        ok
=elapsed       0.107172s
=case          ejabberd_SUITE:end_per_group
=logfile       ejabberd_suite.end_per_group.2757.html
=group_props   [{name,muc_nick_change},parallel]
=started       2024-12-18 20:32:35
=ended         2024-12-18 20:32:35
=result        ok
=elapsed       0.000002s
=group_time    0.165s
=case          ejabberd_SUITE:init_per_group
=logfile       ejabberd_suite.init_per_group.2724.html
=group_props   [{name,muc_config_title_desc},parallel]
=started       2024-12-18 20:32:35
=ended         2024-12-18 20:32:35
=result        ok
=elapsed       0.000005s
=case          ejabberd_SUITE:muc_config_title_desc_master
=logfile       ejabberd_suite.muc_config_title_desc_master.2756.html
=started       2024-12-18 20:32:35
=ended         2024-12-18 20:32:36
=result        ok
=elapsed       0.109123s
=case          ejabberd_SUITE:muc_config_title_desc_slave
=logfile       ejabberd_suite.muc_config_title_desc_slave.2788.html
=started       2024-12-18 20:32:35
=ended         2024-12-18 20:32:36
=result        ok
=elapsed       0.104587s
=case          ejabberd_SUITE:end_per_group
=logfile       ejabberd_suite.end_per_group.2884.html
=group_props   [{name,muc_config_title_desc},parallel]
=started       2024-12-18 20:32:36
=ended         2024-12-18 20:32:36
=result        ok
=elapsed       0.000002s
=group_time    0.165s
=case          ejabberd_SUITE:init_per_group
=logfile       ejabberd_suite.init_per_group.2916.html
=group_props   [{name,muc_config_public_list},parallel]
=started       2024-12-18 20:32:36
=ended         2024-12-18 20:32:36
=result        ok
=elapsed       0.000003s
=case          ejabberd_SUITE:muc_config_public_list_master
=logfile       ejabberd_suite.muc_config_public_list_master.2948.html
=started       2024-12-18 20:32:36
=ended         2024-12-18 20:32:36
=result        ok
=elapsed       0.110639s
=case          ejabberd_SUITE:muc_config_public_list_slave
=logfile       ejabberd_suite.muc_config_public_list_slave.2980.html
=started       2024-12-18 20:32:36
=ended         2024-12-18 20:32:36
=result        ok
=elapsed       0.108832s
=case          ejabberd_SUITE:end_per_group
=logfile       ejabberd_suite.end_per_group.3044.html
=group_props   [{name,muc_config_public_list},parallel]
=started       2024-12-18 20:32:36
=ended         2024-12-18 20:32:36
=result        ok
=elapsed       0.000003s
=group_time    0.167s
=case          ejabberd_SUITE:init_per_group
=logfile       ejabberd_suite.init_per_group.3076.html
=group_props   [{name,muc_config_password},parallel]
=started       2024-12-18 20:32:36
=ended         2024-12-18 20:32:36
=result        ok
=elapsed       0.000002s
=case          ejabberd_SUITE:muc_config_password_master
=logfile       ejabberd_suite.muc_config_password_master.3108.html
=started       2024-12-18 20:32:36
=ended         2024-12-18 20:32:36
=result        ok
=elapsed       0.112259s
=case          ejabberd_SUITE:muc_config_password_slave
=logfile       ejabberd_suite.muc_config_password_slave.3140.html
=started       2024-12-18 20:32:36
=ended         2024-12-18 20:32:36
=result        ok
=elapsed       0.111639s
=case          ejabberd_SUITE:end_per_group
=logfile       ejabberd_suite.end_per_group.3268.html
=group_props   [{name,muc_config_password},parallel]
=started       2024-12-18 20:32:36
=ended         2024-12-18 20:32:36
=result        ok
=elapsed       0.000002s
=group_time    0.170s
=case          ejabberd_SUITE:init_per_group
=logfile       ejabberd_suite.init_per_group.3300.html
=group_props   [{name,muc_config_whois},parallel]
=started       2024-12-18 20:32:36
=ended         2024-12-18 20:32:36
=result        ok
=elapsed       0.000002s
=case          ejabberd_SUITE:muc_config_whois_master
=logfile       ejabberd_suite.muc_config_whois_master.3332.html
=started       2024-12-18 20:32:36
=ended         2024-12-18 20:32:36
=result        ok
=elapsed       0.111676s
=case          ejabberd_SUITE:muc_config_whois_slave
=logfile       ejabberd_suite.muc_config_whois_slave.3364.html
=started       2024-12-18 20:32:36
=ended         2024-12-18 20:32:36
=result        ok
=elapsed       0.111394s
=case          ejabberd_SUITE:end_per_group
=logfile       ejabberd_suite.end_per_group.5891.html
=group_props   [{name,muc_config_whois},parallel]
=started       2024-12-18 20:32:36
=ended         2024-12-18 20:32:36
=result        ok
=elapsed       0.000003s
=group_time    0.169s
=case          ejabberd_SUITE:init_per_group
=logfile       ejabberd_suite.init_per_group.5923.html
=group_props   [{name,muc_config_members_only},parallel]
=started       2024-12-18 20:32:36
=ended         2024-12-18 20:32:36
=result        ok
=elapsed       0.000002s
=case          ejabberd_SUITE:muc_config_members_only_master
=logfile       ejabberd_suite.muc_config_members_only_master.5955.html
=started       2024-12-18 20:32:36
=ended         2024-12-18 20:32:36
=result        ok
=elapsed       0.111650s
=case          ejabberd_SUITE:muc_config_members_only_slave
=logfile       ejabberd_suite.muc_config_members_only_slave.5987.html
=started       2024-12-18 20:32:36
=ended         2024-12-18 20:32:36
=result        ok
=elapsed       0.109367s
=case          ejabberd_SUITE:end_per_group
=logfile       ejabberd_suite.end_per_group.6051.html
=group_props   [{name,muc_config_members_only},parallel]
=started       2024-12-18 20:32:36
=ended         2024-12-18 20:32:36
=result        ok
=elapsed       0.000002s
=group_time    0.169s
=case          ejabberd_SUITE:init_per_group
=logfile       ejabberd_suite.init_per_group.6083.html
=group_props   [{name,muc_config_moderated},parallel]
=started       2024-12-18 20:32:36
=ended         2024-12-18 20:32:36
=result        ok
=elapsed       0.000002s
=case          ejabberd_SUITE:muc_config_moderated_master
=logfile       ejabberd_suite.muc_config_moderated_master.6115.html
=started       2024-12-18 20:32:36
=ended         2024-12-18 20:32:37
=result        ok
=elapsed       0.112611s
=case          ejabberd_SUITE:muc_config_moderated_slave
=logfile       ejabberd_suite.muc_config_moderated_slave.6147.html
=started       2024-12-18 20:32:36
=ended         2024-12-18 20:32:36
=result        ok
=elapsed       0.109590s
=case          ejabberd_SUITE:end_per_group
=logfile       ejabberd_suite.end_per_group.6179.html
=group_props   [{name,muc_config_moderated},parallel]
=started       2024-12-18 20:32:37
=ended         2024-12-18 20:32:37
=result        ok
=elapsed       0.000002s
=group_time    0.169s
=case          ejabberd_SUITE:init_per_group
=logfile       ejabberd_suite.init_per_group.6211.html
=group_props   [{name,muc_config_private_messages},parallel]
=started       2024-12-18 20:32:37
=ended         2024-12-18 20:32:37
=result        ok
=elapsed       0.000002s
=case          ejabberd_SUITE:muc_config_private_messages_master
=logfile       ejabberd_suite.muc_config_private_messages_master.6243.html
=started       2024-12-18 20:32:37
=ended         2024-12-18 20:32:37
=result        ok
=elapsed       0.115404s
=case          ejabberd_SUITE:muc_config_private_messages_slave
=logfile       ejabberd_suite.muc_config_private_messages_slave.5378.html
=started       2024-12-18 20:32:37
=ended         2024-12-18 20:32:37
=result        ok
=elapsed       0.112113s
=case          ejabberd_SUITE:end_per_group
=logfile       ejabberd_suite.end_per_group.5474.html
=group_props   [{name,muc_config_private_messages},parallel]
=started       2024-12-18 20:32:37
=ended         2024-12-18 20:32:37
=result        ok
=elapsed       0.000003s
=group_time    0.172s
=case          ejabberd_SUITE:init_per_group
=logfile       ejabberd_suite.init_per_group.5506.html
=group_props   [{name,muc_config_query},parallel]
=started       2024-12-18 20:32:37
=ended         2024-12-18 20:32:37
=result        ok
=elapsed       0.000002s
=case          ejabberd_SUITE:muc_config_query_master
=logfile       ejabberd_suite.muc_config_query_master.5538.html
=started       2024-12-18 20:32:37
=ended         2024-12-18 20:32:37
=result        ok
=elapsed       0.159326s
=case          ejabberd_SUITE:muc_config_query_slave
=logfile       ejabberd_suite.muc_config_query_slave.5570.html
=started       2024-12-18 20:32:37
=ended         2024-12-18 20:32:37
=result        ok
=elapsed       0.158907s
=case          ejabberd_SUITE:end_per_group
=logfile       ejabberd_suite.end_per_group.5666.html
=group_props   [{name,muc_config_query},parallel]
=started       2024-12-18 20:32:37
=ended         2024-12-18 20:32:37
=result        ok
=elapsed       0.000002s
=group_time    0.217s
=case          ejabberd_SUITE:init_per_group
=logfile       ejabberd_suite.init_per_group.5698.html
=group_props   [{name,muc_config_allow_invites},parallel]
=started       2024-12-18 20:32:37
=ended         2024-12-18 20:32:37
=result        ok
=elapsed       0.000003s
=case          ejabberd_SUITE:muc_config_allow_invites_master
=logfile       ejabberd_suite.muc_config_allow_invites_master.6435.html
=started       2024-12-18 20:32:37
=ended         2024-12-18 20:32:37
=result        ok
=elapsed       0.111071s
=case          ejabberd_SUITE:muc_config_allow_invites_slave
=logfile       ejabberd_suite.muc_config_allow_invites_slave.6467.html
=started       2024-12-18 20:32:37
=ended         2024-12-18 20:32:37
=result        ok
=elapsed       0.109048s
=case          ejabberd_SUITE:end_per_group
=logfile       ejabberd_suite.end_per_group.6531.html
=group_props   [{name,muc_config_allow_invites},parallel]
=started       2024-12-18 20:32:37
=ended         2024-12-18 20:32:37
=result        ok
=elapsed       0.000002s
=group_time    0.168s
=case          ejabberd_SUITE:init_per_group
=logfile       ejabberd_suite.init_per_group.6563.html
=group_props   [{name,muc_config_visitor_status},parallel]
=started       2024-12-18 20:32:37
=ended         2024-12-18 20:32:37
=result        ok
=elapsed       0.000002s
=case          ejabberd_SUITE:muc_config_visitor_status_master
=logfile       ejabberd_suite.muc_config_visitor_status_master.6595.html
=started       2024-12-18 20:32:37
=ended         2024-12-18 20:32:37
=result        ok
=elapsed       0.109564s
=case          ejabberd_SUITE:muc_config_visitor_status_slave
=logfile       ejabberd_suite.muc_config_visitor_status_slave.6627.html
=started       2024-12-18 20:32:37
=ended         2024-12-18 20:32:37
=result        ok
=elapsed       0.107701s
=case          ejabberd_SUITE:end_per_group
=logfile       ejabberd_suite.end_per_group.6755.html
=group_props   [{name,muc_config_visitor_status},parallel]
=started       2024-12-18 20:32:37
=ended         2024-12-18 20:32:37
=result        ok
=elapsed       0.000002s
=group_time    0.168s
=case          ejabberd_SUITE:init_per_group
=logfile       ejabberd_suite.init_per_group.6787.html
=group_props   [{name,muc_config_allow_voice_requests},parallel]
=started       2024-12-18 20:32:37
=ended         2024-12-18 20:32:37
=result        ok
=elapsed       0.000002s
=case          ejabberd_SUITE:muc_config_allow_voice_requests_master
=logfile       ejabberd_suite.muc_config_allow_voice_requests_master.3620.html
=started       2024-12-18 20:32:37
=ended         2024-12-18 20:32:38
=result        ok
=elapsed       0.108697s
=case          ejabberd_SUITE:muc_config_allow_voice_requests_slave
=logfile       ejabberd_suite.muc_config_allow_voice_requests_slave.6819.html
=started       2024-12-18 20:32:37
=ended         2024-12-18 20:32:38
=result        ok
=elapsed       0.108192s
=case          ejabberd_SUITE:end_per_group
=logfile       ejabberd_suite.end_per_group.6947.html
=group_props   [{name,muc_config_allow_voice_requests},parallel]
=started       2024-12-18 20:32:38
=ended         2024-12-18 20:32:38
=result        ok
=elapsed       0.000003s
=group_time    0.166s
=case          ejabberd_SUITE:init_per_group
=logfile       ejabberd_suite.init_per_group.6979.html
=group_props   [{name,muc_config_voice_request_interval},parallel]
=started       2024-12-18 20:32:38
=ended         2024-12-18 20:32:38
=result        ok
=elapsed       0.000002s
=case          ejabberd_SUITE:muc_config_voice_request_interval_master
=logfile       ejabberd_suite.muc_config_voice_request_interval_master.7011.html
=started       2024-12-18 20:32:38
=ended         2024-12-18 20:32:43
=result        ok
=elapsed       5.193310s
=case          ejabberd_SUITE:muc_config_voice_request_interval_slave
=logfile       ejabberd_suite.muc_config_voice_request_interval_slave.7043.html
=started       2024-12-18 20:32:38
=ended         2024-12-18 20:32:43
=result        ok
=elapsed       5.191225s
=case          ejabberd_SUITE:end_per_group
=logfile       ejabberd_suite.end_per_group.7107.html
=group_props   [{name,muc_config_voice_request_interval},parallel]
=started       2024-12-18 20:32:43
=ended         2024-12-18 20:32:43
=result        ok
=elapsed       0.000003s
=group_time    5.252s
=case          ejabberd_SUITE:init_per_group
=logfile       ejabberd_suite.init_per_group.7139.html
=group_props   [{name,muc_config_visitor_nickchange},parallel]
=started       2024-12-18 20:32:43
=ended         2024-12-18 20:32:43
=result        ok
=elapsed       0.000003s
=case          ejabberd_SUITE:muc_config_visitor_nickchange_master
=logfile       ejabberd_suite.muc_config_visitor_nickchange_master.3748.html
=started       2024-12-18 20:32:43
=ended         2024-12-18 20:32:43
=result        ok
=elapsed       0.108331s
=case          ejabberd_SUITE:muc_config_visitor_nickchange_slave
=logfile       ejabberd_suite.muc_config_visitor_nickchange_slave.3716.html
=started       2024-12-18 20:32:43
=ended         2024-12-18 20:32:43
=result        ok
=elapsed       0.108099s
=case          ejabberd_SUITE:end_per_group
=logfile       ejabberd_suite.end_per_group.3844.html
=group_props   [{name,muc_config_visitor_nickchange},parallel]
=started       2024-12-18 20:32:43
=ended         2024-12-18 20:32:43
=result        ok
=elapsed       0.000009s
=group_time    0.167s
=case          ejabberd_SUITE:init_per_group
=logfile       ejabberd_suite.init_per_group.3876.html
=group_props   [{name,muc_join_conflict},parallel]
=started       2024-12-18 20:32:43
=ended         2024-12-18 20:32:43
=result        ok
=elapsed       0.000004s
=case          ejabberd_SUITE:muc_join_conflict_master
=logfile       ejabberd_suite.muc_join_conflict_master.3908.html
=started       2024-12-18 20:32:43
=ended         2024-12-18 20:32:43
=result        ok
=elapsed       0.105105s
=case          ejabberd_SUITE:muc_join_conflict_slave
=logfile       ejabberd_suite.muc_join_conflict_slave.5986.html
=started       2024-12-18 20:32:43
=ended         2024-12-18 20:32:43
=result        ok
=elapsed       0.104353s
=case          ejabberd_SUITE:end_per_group
=logfile       ejabberd_suite.end_per_group.6114.html
=group_props   [{name,muc_join_conflict},parallel]
=started       2024-12-18 20:32:43
=ended         2024-12-18 20:32:43
=result        ok
=elapsed       0.000007s
=group_time    0.164s
=case          ejabberd_SUITE:end_per_group
=logfile       ejabberd_suite.end_per_group.6146.html
=group_props   [{name,muc_master_slave},sequence]
=started       2024-12-18 20:32:43
=ended         2024-12-18 20:32:43
=result        ok
=elapsed       0.000002s
=group_time    10.927s
=case          ejabberd_SUITE:init_per_group
=logfile       ejabberd_suite.init_per_group.6178.html
=group_props   [{name,proxy65_single},sequence]
=started       2024-12-18 20:32:43
=ended         2024-12-18 20:32:43
=result        ok
=elapsed       0.000003s
=case          ejabberd_SUITE:proxy65_feature_enabled
=logfile       ejabberd_suite.proxy65_feature_enabled.html
=started       2024-12-18 20:32:43
=ended         2024-12-18 20:32:43
=result        ok
=elapsed       0.101626s
=case          ejabberd_SUITE:proxy65_service_vcard
=logfile       ejabberd_suite.proxy65_service_vcard.html
=started       2024-12-18 20:32:43
=ended         2024-12-18 20:32:44
=result        ok
=elapsed       0.102014s
=case          ejabberd_SUITE:end_per_group
=logfile       ejabberd_suite.end_per_group.3972.html
=group_props   [{name,proxy65_single},sequence]
=started       2024-12-18 20:32:44
=ended         2024-12-18 20:32:44
=result        ok
=elapsed       0.000002s
=group_time    0.287s
=case          ejabberd_SUITE:init_per_group
=logfile       ejabberd_suite.init_per_group.3109.html
=group_props   [{name,proxy65_master_slave},sequence]
=started       2024-12-18 20:32:44
=ended         2024-12-18 20:32:44
=result        ok
=elapsed       0.000003s
=case          ejabberd_SUITE:init_per_group
=logfile       ejabberd_suite.init_per_group.6210.html
=group_props   [{name,proxy65_all},parallel]
=started       2024-12-18 20:32:44
=ended         2024-12-18 20:32:44
=result        ok
=elapsed       0.000002s
=case          ejabberd_SUITE:proxy65_all_master
=logfile       ejabberd_suite.proxy65_all_master.6242.html
=started       2024-12-18 20:32:44
=ended         2024-12-18 20:32:44
=result        ok
=elapsed       0.114342s
=case          ejabberd_SUITE:proxy65_all_slave
=logfile       ejabberd_suite.proxy65_all_slave.7331.html
=started       2024-12-18 20:32:44
=ended         2024-12-18 20:32:44
=result        ok
=elapsed       0.113206s
=case          ejabberd_SUITE:end_per_group
=logfile       ejabberd_suite.end_per_group.7427.html
=group_props   [{name,proxy65_all},parallel]
=started       2024-12-18 20:32:44
=ended         2024-12-18 20:32:44
=result        ok
=elapsed       0.000002s
=group_time    0.173s
=case          ejabberd_SUITE:end_per_group
=logfile       ejabberd_suite.end_per_group.7459.html
=group_props   [{name,proxy65_master_slave},sequence]
=started       2024-12-18 20:32:44
=ended         2024-12-18 20:32:44
=result        ok
=elapsed       0.000002s
=group_time    0.223s
=case          ejabberd_SUITE:init_per_group
=logfile       ejabberd_suite.init_per_group.7491.html
=group_props   [{name,stundisco_single},sequence]
=started       2024-12-18 20:32:44
=ended         2024-12-18 20:32:44
=result        ok
=elapsed       0.000003s
=case          ejabberd_SUITE:stundisco_feature_enabled
=logfile       ejabberd_suite.stundisco_feature_enabled.html
=started       2024-12-18 20:32:44
=ended         2024-12-18 20:32:44
=result        ok
=elapsed       0.101822s
=case          ejabberd_SUITE:stundisco_stun_service
=logfile       ejabberd_suite.stundisco_stun_service.html
=started       2024-12-18 20:32:44
=ended         2024-12-18 20:32:44
=result        ok
=elapsed       0.106889s
=case          ejabberd_SUITE:stundisco_turn_service
=logfile       ejabberd_suite.stundisco_turn_service.html
=started       2024-12-18 20:32:44
=ended         2024-12-18 20:32:44
=result        ok
=elapsed       0.101678s
=case          ejabberd_SUITE:stundisco_turns_service
=logfile       ejabberd_suite.stundisco_turns_service.html
=started       2024-12-18 20:32:44
=ended         2024-12-18 20:32:44
=result        ok
=elapsed       0.102270s
=case          ejabberd_SUITE:stundisco_turn_credentials
=logfile       ejabberd_suite.stundisco_turn_credentials.html
=started       2024-12-18 20:32:44
=ended         2024-12-18 20:32:44
=result        ok
=elapsed       0.102027s
=case          ejabberd_SUITE:stundisco_turns_credentials
=logfile       ejabberd_suite.stundisco_turns_credentials.html
=started       2024-12-18 20:32:44
=ended         2024-12-18 20:32:45
=result        failed: {{badmatch,
                         {iq,<<"10235213603165991288">>,result,<<"en">>,
                          {jid,<<>>,<<"localhost">>,<<>>,<<>>,
                           <<"localhost">>,<<>>},
                          {jid,<<"test_single!#$%^*()`~+-;_=[]{}|\\">>,
                           <<"localhost">>,
                           <<"resource!@#$%^&*()'\"`~<>+-/;:_=[]{}|\\">>,
                           <<"test_single!#$%^*()`~+-;_=[]{}|\\">>,
                           <<"localhost">>,
                           <<"resource!@#$%^&*()'\"`~<>+-/;:_=[]{}|\\">>},
                          [{credentials,
                            [{service,undefined,
                              {1734,597164,0},
                              <<"example.com">>,<<>>,
                              <<"+kwzEAGNtYUD1O6keWbvEj88vfs=">>,5349,true,
                              tcp,turns,<<"1734597164:fa0f772133438904">>,
                              undefined}]}],
                          #{}}},
                        [{stundisco_tests,turns_credentials,1,
                          [{file,
                            "/home/runner/work/ejabberd/ejabberd/test/stundisco_tests.erl"},
                           {line,160}]},
                         {test_server,ts_tc,3,
                          [{file,"test_server.erl"},{line,1793}]},
                         {test_server,run_test_case_eval1,6,
                          [{file,"test_server.erl"},{line,1302}]},
                         {test_server,run_test_case_eval,9,
                          [{file,"test_server.erl"},{line,1234}]}]}, [{stundisco_tests,
                                                                       turns_credentials,
                                                                       160},
                                                                      {test_server,
                                                                       ts_tc,
                                                                       1793},
                                                                      {test_server,
                                                                       run_test_case_eval1,
                                                                       1302},
                                                                      {test_server,
                                                                       run_test_case_eval,
                                                                       1234}]
=elapsed       0.000905s
=== *** FAILED test case 146 of 1598 ***
=case          ejabberd_SUITE:end_per_group
=logfile       ejabberd_suite.end_per_group.7715.html
=group_props   [{name,stundisco_single},sequence]
=started       2024-12-18 20:32:45
=ended         2024-12-18 20:32:45
=result        ok
=elapsed       0.000002s
=group_time    0.727s
=case          ejabberd_SUITE:init_per_group
=logfile       ejabberd_suite.init_per_group.7747.html
=group_props   [{name,replaced_master_slave},sequence]
=started       2024-12-18 20:32:45
=ended         2024-12-18 20:32:45
=result        ok
=elapsed       0.000003s
=case          ejabberd_SUITE:init_per_group
=logfile       ejabberd_suite.init_per_group.7779.html
=group_props   [{name,replaced_conflict},parallel]
=started       2024-12-18 20:32:45
=ended         2024-12-18 20:32:45
=result        ok
=elapsed       0.000002s
=case          ejabberd_SUITE:replaced_conflict_master
=logfile       ejabberd_suite.replaced_conflict_master.4196.html
=started       2024-12-18 20:32:45
=ended         2024-12-18 20:32:45
=result        ok
=elapsed       0.102150s
=case          ejabberd_SUITE:replaced_conflict_slave
=logfile       ejabberd_suite.replaced_conflict_slave.4228.html
=started       2024-12-18 20:32:45
=ended         2024-12-18 20:32:45
=result        ok
=elapsed       0.103106s
=case          ejabberd_SUITE:end_per_group
=logfile       ejabberd_suite.end_per_group.4292.html
=group_props   [{name,replaced_conflict},parallel]
=started       2024-12-18 20:32:45
=ended         2024-12-18 20:32:45
=result        ok
=elapsed       0.000002s
=group_time    0.161s
=case          ejabberd_SUITE:end_per_group
=logfile       ejabberd_suite.end_per_group.6338.html
=group_props   [{name,replaced_master_slave},sequence]
=started       2024-12-18 20:32:45
=ended         2024-12-18 20:32:45
=result        ok
=elapsed       0.000005s
=group_time    0.210s
=case          ejabberd_SUITE:init_per_group
=logfile       ejabberd_suite.init_per_group.6370.html
=group_props   [{name,upload_single},sequence]
=started       2024-12-18 20:32:45
=ended         2024-12-18 20:32:45
=result        ok
=elapsed       0.000003s
=case          ejabberd_SUITE:upload_feature_enabled
=logfile       ejabberd_suite.upload_feature_enabled.html
=started       2024-12-18 20:32:45
=ended         2024-12-18 20:32:45
=result        ok
=elapsed       0.103796s
=case          ejabberd_SUITE:upload_service_vcard
=logfile       ejabberd_suite.upload_service_vcard.html
=started       2024-12-18 20:32:45
=ended         2024-12-18 20:32:45
=result        ok
=elapsed       0.102356s
=case          ejabberd_SUITE:upload_get_max_size
=logfile       ejabberd_suite.upload_get_max_size.html
=started       2024-12-18 20:32:45
=ended         2024-12-18 20:32:45
=result        ok
=elapsed       0.103313s
=case          ejabberd_SUITE:upload_slot_request
=logfile       ejabberd_suite.upload_slot_request.html
=started       2024-12-18 20:32:45
=ended         2024-12-18 20:32:45
=result        ok
=elapsed       0.108815s
=case          ejabberd_SUITE:upload_put_get_request
=logfile       ejabberd_suite.upload_put_get_request.html
=started       2024-12-18 20:32:45
=ended         2024-12-18 20:32:45
=result        ok
=elapsed       0.108251s
=case          ejabberd_SUITE:upload_max_size_exceed
=logfile       ejabberd_suite.upload_max_size_exceed.html
=started       2024-12-18 20:32:45
=ended         2024-12-18 20:32:46
=result        ok
=elapsed       0.102929s
=case          ejabberd_SUITE:end_per_group
=logfile       ejabberd_suite.end_per_group.6658.html
=group_props   [{name,upload_single},sequence]
=started       2024-12-18 20:32:46
=ended         2024-12-18 20:32:46
=result        ok
=elapsed       0.000002s
=group_time    0.827s
=case          ejabberd_SUITE:init_per_group
=logfile       ejabberd_suite.init_per_group.6690.html
=group_props   [{name,carbons_single},sequence]
=started       2024-12-18 20:32:46
=ended         2024-12-18 20:32:46
=result        ok
=elapsed       0.000003s
=case          ejabberd_SUITE:carbons_feature_enabled
=logfile       ejabberd_suite.carbons_feature_enabled.html
=started       2024-12-18 20:32:46
=ended         2024-12-18 20:32:46
=result        ok
=elapsed       0.102206s
=case          ejabberd_SUITE:carbons_unsupported_iq
=logfile       ejabberd_suite.carbons_unsupported_iq.html
=started       2024-12-18 20:32:46
=ended         2024-12-18 20:32:46
=result        ok
=elapsed       0.109353s
=case          ejabberd_SUITE:end_per_group
=logfile       ejabberd_suite.end_per_group.7907.html
=group_props   [{name,carbons_single},sequence]
=started       2024-12-18 20:32:46
=ended         2024-12-18 20:32:46
=result        ok
=elapsed       0.000002s
=group_time    0.292s
=case          ejabberd_SUITE:init_per_group
=logfile       ejabberd_suite.init_per_group.6818.html
=group_props   [{name,carbons_master_slave},sequence]
=started       2024-12-18 20:32:46
=ended         2024-12-18 20:32:46
=result        ok
=elapsed       0.000002s
=case          ejabberd_SUITE:init_per_group
=logfile       ejabberd_suite.init_per_group.6850.html
=group_props   [{name,carbons_send_recv},parallel]
=started       2024-12-18 20:32:46
=ended         2024-12-18 20:32:46
=result        ok
=elapsed       0.000002s
=case          ejabberd_SUITE:carbons_send_recv_master
=logfile       ejabberd_suite.carbons_send_recv_master.6882.html
=started       2024-12-18 20:32:46
=ended         2024-12-18 20:32:46
=result        ok
=elapsed       0.165803s
=case          ejabberd_SUITE:carbons_send_recv_slave
=logfile       ejabberd_suite.carbons_send_recv_slave.7939.html
=started       2024-12-18 20:32:46
=ended         2024-12-18 20:32:46
=result        ok
=elapsed       0.161923s
=case          ejabberd_SUITE:end_per_group
=logfile       ejabberd_suite.end_per_group.8003.html
=group_props   [{name,carbons_send_recv},parallel]
=started       2024-12-18 20:32:46
=ended         2024-12-18 20:32:46
=result        ok
=elapsed       0.000002s
=group_time    0.224s
=case          ejabberd_SUITE:init_per_group
=logfile       ejabberd_suite.init_per_group.8035.html
=group_props   [{name,carbons_enable_disable},parallel]
=started       2024-12-18 20:32:46
=ended         2024-12-18 20:32:46
=result        ok
=elapsed       0.000002s
=case          ejabberd_SUITE:carbons_enable_disable_master
=logfile       ejabberd_suite.carbons_enable_disable_master.8067.html
=started       2024-12-18 20:32:46
=ended         2024-12-18 20:32:46
=result        ok
=elapsed       0.162148s
=case          ejabberd_SUITE:carbons_enable_disable_slave
=logfile       ejabberd_suite.carbons_enable_disable_slave.8099.html
=started       2024-12-18 20:32:46
=ended         2024-12-18 20:32:46
=result        ok
=elapsed       0.163832s
=case          ejabberd_SUITE:end_per_group
=logfile       ejabberd_suite.end_per_group.8163.html
=group_props   [{name,carbons_enable_disable},parallel]
=started       2024-12-18 20:32:46
=ended         2024-12-18 20:32:46
=result        ok
=elapsed       0.000002s
=group_time    0.221s
=case          ejabberd_SUITE:end_per_group
=logfile       ejabberd_suite.end_per_group.8195.html
=group_props   [{name,carbons_master_slave},sequence]
=started       2024-12-18 20:32:46
=ended         2024-12-18 20:32:46
=result        ok
=elapsed       0.000006s
=group_time    0.519s
=case          ejabberd_SUITE:end_per_group
=logfile       ejabberd_suite.end_per_group.8227.html
=group_props   [{name,no_db},sequence]
=started       2024-12-18 20:32:46
=ended         2024-12-18 20:32:47
=result        ok
=elapsed       0.000000s
=group_time    26.331s
=case          ejabberd_SUITE:init_per_group
=logfile       ejabberd_suite.init_per_group.7042.html
=group_props   [{name,mnesia},sequence]
=started       2024-12-18 20:32:47
=ended         2024-12-18 20:32:47
=result        ok
=elapsed       0.000030s
=case          ejabberd_SUITE:init_per_group
=logfile       ejabberd_suite.init_per_group.7074.html
=group_props   [{name,single_user},sequence]
=started       2024-12-18 20:32:47
=ended         2024-12-18 20:32:47
=result        ok
=elapsed       0.000002s
=case          ejabberd_SUITE:test_register
=logfile       ejabberd_suite.test_register.html
=started       2024-12-18 20:32:47
=ended         2024-12-18 20:32:47
=result        ok
=elapsed       0.014215s
=case          ejabberd_SUITE:init_per_group
=logfile       ejabberd_suite.init_per_group.7106.html
=group_props   [{name,legacy_auth},parallel]
=started       2024-12-18 20:32:47
=ended         2024-12-18 20:32:47
=result        ok
=elapsed       0.000002s
=case          ejabberd_SUITE:test_legacy_auth_feature
=logfile       ejabberd_suite.test_legacy_auth_feature.3301.html
=started       2024-12-18 20:32:47
=ended         2024-12-18 20:32:47
=result        ok
=elapsed       0.000560s
=case          ejabberd_SUITE:test_legacy_auth
=logfile       ejabberd_suite.test_legacy_auth.3237.html
=started       2024-12-18 20:32:47
=ended         2024-12-18 20:32:47
=result        ok
=elapsed       0.104068s
=case          ejabberd_SUITE:test_legacy_auth_digest
=logfile       ejabberd_suite.test_legacy_auth_digest.3333.html
=started       2024-12-18 20:32:47
=ended         2024-12-18 20:32:47
=result        ok
=elapsed       0.104414s
=case          ejabberd_SUITE:test_legacy_auth_no_resource
=logfile       ejabberd_suite.test_legacy_auth_no_resource.3269.html
=started       2024-12-18 20:32:47
=ended         2024-12-18 20:32:47
=result        ok
=elapsed       0.001756s
=case          ejabberd_SUITE:test_legacy_auth_bad_jid
=logfile       ejabberd_suite.test_legacy_auth_bad_jid.3365.html
=started       2024-12-18 20:32:47
=ended         2024-12-18 20:32:47
=result        ok
=elapsed       0.001560s
=case          ejabberd_SUITE:test_legacy_auth_fail
=logfile       ejabberd_suite.test_legacy_auth_fail.7138.html
=started       2024-12-18 20:32:47
=ended         2024-12-18 20:32:47
=result        ok
=elapsed       0.002226s
=case          ejabberd_SUITE:end_per_group
=logfile       ejabberd_suite.end_per_group.7266.html
=group_props   [{name,legacy_auth},parallel]
=started       2024-12-18 20:32:47
=ended         2024-12-18 20:32:47
=result        ok
=elapsed       0.000003s
=group_time    0.170s
=case          ejabberd_SUITE:auth_plain
=logfile       ejabberd_suite.auth_plain.html
=started       2024-12-18 20:32:47
=ended         2024-12-18 20:32:47
=result        ok
=elapsed       0.005325s
=case          ejabberd_SUITE:auth_md5
=logfile       ejabberd_suite.auth_md5.html
=started       2024-12-18 20:32:47
=ended         2024-12-18 20:32:47
=result        ok
=elapsed       0.007065s
=case          ejabberd_SUITE:presence_broadcast
=logfile       ejabberd_suite.presence_broadcast.html
=started       2024-12-18 20:32:47
=ended         2024-12-18 20:32:47
=result        ok
=elapsed       0.204110s
=case          ejabberd_SUITE:last
=logfile       ejabberd_suite.last.html
=started       2024-12-18 20:32:47
=ended         2024-12-18 20:32:47
=result        ok
=elapsed       0.102654s
=case          ejabberd_SUITE:init_per_group
=logfile       ejabberd_suite.init_per_group.3749.html
=group_props   [{name,webadmin_single},sequence]
=started       2024-12-18 20:32:47
=ended         2024-12-18 20:32:47
=result        ok
=elapsed       0.000003s
=case          ejabberd_SUITE:webadmin_login_page
=logfile       ejabberd_suite.webadmin_login_page.html
=started       2024-12-18 20:32:47
=ended         2024-12-18 20:32:47
=result        ok
=elapsed       0.000333s
=case          ejabberd_SUITE:webadmin_welcome_page
=logfile       ejabberd_suite.webadmin_welcome_page.html
=started       2024-12-18 20:32:47
=ended         2024-12-18 20:32:47
=result        ok
=elapsed       0.001825s
=case          ejabberd_SUITE:webadmin_user_page
=logfile       ejabberd_suite.webadmin_user_page.html
=started       2024-12-18 20:32:47
=ended         2024-12-18 20:32:47
=result        ok
=elapsed       0.003177s
=case          ejabberd_SUITE:webadmin_adduser
=logfile       ejabberd_suite.webadmin_adduser.html
=started       2024-12-18 20:32:47
=ended         2024-12-18 20:32:47
=result        ok
=elapsed       0.006377s
=case          ejabberd_SUITE:webadmin_changepassword
=logfile       ejabberd_suite.webadmin_changepassword.html
=started       2024-12-18 20:32:47
=ended         2024-12-18 20:32:47
=result        ok
=elapsed       0.002888s
=case          ejabberd_SUITE:webadmin_removeuser
=logfile       ejabberd_suite.webadmin_removeuser.html
=started       2024-12-18 20:32:47
=ended         2024-12-18 20:32:47
=result        ok
=elapsed       0.004575s
=case          ejabberd_SUITE:end_per_group
=logfile       ejabberd_suite.end_per_group.3781.html
=group_props   [{name,webadmin_single},sequence]
=started       2024-12-18 20:32:47
=ended         2024-12-18 20:32:47
=result        ok
=elapsed       0.000002s
=group_time    0.195s
=case          ejabberd_SUITE:init_per_group
=logfile       ejabberd_suite.init_per_group.3813.html
=group_props   [{name,roster_single},sequence]
=started       2024-12-18 20:32:47
=ended         2024-12-18 20:32:47
=result        ok
=elapsed       0.000003s
=case          ejabberd_SUITE:roster_feature_enabled
=logfile       ejabberd_suite.roster_feature_enabled.html
=started       2024-12-18 20:32:47
=ended         2024-12-18 20:32:48
=result        ok
=elapsed       0.100840s
=case          ejabberd_SUITE:roster_iq_set_many_items
=logfile       ejabberd_suite.roster_iq_set_many_items.html
=started       2024-12-18 20:32:48
=ended         2024-12-18 20:32:48
=result        ok
=elapsed       0.102064s
=case          ejabberd_SUITE:roster_iq_set_duplicated_groups
=logfile       ejabberd_suite.roster_iq_set_duplicated_groups.html
=started       2024-12-18 20:32:48
=ended         2024-12-18 20:32:48
=result        ok
=elapsed       0.101964s
=case          ejabberd_SUITE:roster_iq_get_item
=logfile       ejabberd_suite.roster_iq_get_item.html
=started       2024-12-18 20:32:48
=ended         2024-12-18 20:32:48
=result        ok
=elapsed       0.101645s
=case          ejabberd_SUITE:roster_iq_unexpected_element
=logfile       ejabberd_suite.roster_iq_unexpected_element.html
=started       2024-12-18 20:32:48
=ended         2024-12-18 20:32:48
=result        ok
=elapsed       0.102383s
=case          ejabberd_SUITE:roster_iq_set_ask
=logfile       ejabberd_suite.roster_iq_set_ask.html
=started       2024-12-18 20:32:48
=ended         2024-12-18 20:32:48
=result        ok
=elapsed       0.102115s
=case          ejabberd_SUITE:roster_set_item
=logfile       ejabberd_suite.roster_set_item.html
=started       2024-12-18 20:32:48
=ended         2024-12-18 20:32:49
=result        ok
=elapsed       0.322158s
=case          ejabberd_SUITE:roster_version
=logfile       ejabberd_suite.roster_version.html
=started       2024-12-18 20:32:49
=ended         2024-12-18 20:32:49
=result        ok
=elapsed       0.146134s
=case          ejabberd_SUITE:end_per_group
=logfile       ejabberd_suite.end_per_group.4101.html
=group_props   [{name,roster_single},sequence]
=started       2024-12-18 20:32:49
=ended         2024-12-18 20:32:49
=result        ok
=elapsed       0.000009s
=group_time    1.340s
=case          ejabberd_SUITE:init_per_group
=logfile       ejabberd_suite.init_per_group.7522.html
=group_props   [{name,private_single},sequence]
=started       2024-12-18 20:32:49
=ended         2024-12-18 20:32:49
=result        ok
=elapsed       0.000003s
=case          ejabberd_SUITE:private_test_features
=logfile       ejabberd_suite.private_test_features.html
=started       2024-12-18 20:32:49
=ended         2024-12-18 20:32:49
=result        ok
=elapsed       0.102059s
=case          ejabberd_SUITE:private_test_no_namespace
=logfile       ejabberd_suite.private_test_no_namespace.html
=started       2024-12-18 20:32:49
=ended         2024-12-18 20:32:49
=result        ok
=elapsed       0.106411s
=case          ejabberd_SUITE:private_test_set_get
=logfile       ejabberd_suite.private_test_set_get.html
=started       2024-12-18 20:32:49
=ended         2024-12-18 20:32:49
=result        ok
=elapsed       0.116405s
=case          ejabberd_SUITE:private_test_published
=logfile       ejabberd_suite.private_test_published.html
=started       2024-12-18 20:32:49
=ended         2024-12-18 20:32:49
=result        ok
=elapsed       0.104409s
=case          ejabberd_SUITE:end_per_group
=logfile       ejabberd_suite.end_per_group.7714.html
=group_props   [{name,private_single},sequence]
=started       2024-12-18 20:32:49
=ended         2024-12-18 20:32:49
=result        ok
=elapsed       0.000002s
=group_time    0.575s
=case          ejabberd_SUITE:init_per_group
=logfile       ejabberd_suite.init_per_group.7746.html
=group_props   [{name,privacy_single},sequence]
=started       2024-12-18 20:32:49
=ended         2024-12-18 20:32:49
=result        ok
=elapsed       0.000003s
=case          ejabberd_SUITE:privacy_feature_enabled
=logfile       ejabberd_suite.privacy_feature_enabled.html
=started       2024-12-18 20:32:49
=ended         2024-12-18 20:32:50
=result        ok
=elapsed       0.102999s
=case          ejabberd_SUITE:privacy_set_get_list
=logfile       ejabberd_suite.privacy_set_get_list.html
=started       2024-12-18 20:32:50
=ended         2024-12-18 20:32:50
=result        ok
=elapsed       0.145493s
=case          ejabberd_SUITE:privacy_get_list_non_existent
=logfile       ejabberd_suite.privacy_get_list_non_existent.html
=started       2024-12-18 20:32:50
=ended         2024-12-18 20:32:50
=result        ok
=elapsed       0.102062s
=case          ejabberd_SUITE:privacy_get_empty_lists
=logfile       ejabberd_suite.privacy_get_empty_lists.html
=started       2024-12-18 20:32:50
=ended         2024-12-18 20:32:50
=result        ok
=elapsed       0.102286s
=case          ejabberd_SUITE:privacy_set_default
=logfile       ejabberd_suite.privacy_set_default.html
=started       2024-12-18 20:32:50
=ended         2024-12-18 20:32:50
=result        ok
=elapsed       0.146651s
=case          ejabberd_SUITE:privacy_del_default
=logfile       ejabberd_suite.privacy_del_default.html
=started       2024-12-18 20:32:50
=ended         2024-12-18 20:32:50
=result        ok
=elapsed       0.146068s
=case          ejabberd_SUITE:privacy_set_default_non_existent
=logfile       ejabberd_suite.privacy_set_default_non_existent.html
=started       2024-12-18 20:32:50
=ended         2024-12-18 20:32:50
=result        ok
=elapsed       0.101852s
=case          ejabberd_SUITE:privacy_set_active
=logfile       ejabberd_suite.privacy_set_active.html
=started       2024-12-18 20:32:50
=ended         2024-12-18 20:32:51
=result        ok
=elapsed       0.143845s
=case          ejabberd_SUITE:privacy_del_active
=logfile       ejabberd_suite.privacy_del_active.html
=started       2024-12-18 20:32:51
=ended         2024-12-18 20:32:51
=result        ok
=elapsed       0.147742s
=case          ejabberd_SUITE:privacy_set_active_non_existent
=logfile       ejabberd_suite.privacy_set_active_non_existent.html
=started       2024-12-18 20:32:51
=ended         2024-12-18 20:32:51
=result        ok
=elapsed       0.101622s
=case          ejabberd_SUITE:privacy_remove_list
=logfile       ejabberd_suite.privacy_remove_list.html
=started       2024-12-18 20:32:51
=ended         2024-12-18 20:32:51
=result        ok
=elapsed       0.144712s
=case          ejabberd_SUITE:privacy_remove_default_list
=logfile       ejabberd_suite.privacy_remove_default_list.html
=started       2024-12-18 20:32:51
=ended         2024-12-18 20:32:51
=result        ok
=elapsed       0.147983s
=case          ejabberd_SUITE:privacy_remove_active_list
=logfile       ejabberd_suite.privacy_remove_active_list.html
=started       2024-12-18 20:32:51
=ended         2024-12-18 20:32:51
=result        ok
=elapsed       0.145796s
=case          ejabberd_SUITE:privacy_remove_list_non_existent
=logfile       ejabberd_suite.privacy_remove_list_non_existent.html
=started       2024-12-18 20:32:52
=ended         2024-12-18 20:32:52
=result        ok
=elapsed       0.102393s
=case          ejabberd_SUITE:privacy_allow_local_server
=logfile       ejabberd_suite.privacy_allow_local_server.html
=started       2024-12-18 20:32:52
=ended         2024-12-18 20:32:52
=result        ok
=elapsed       0.193421s
=case          ejabberd_SUITE:privacy_malformed_iq_query
=logfile       ejabberd_suite.privacy_malformed_iq_query.html
=started       2024-12-18 20:32:52
=ended         2024-12-18 20:32:52
=result        ok
=elapsed       0.102463s
=case          ejabberd_SUITE:privacy_malformed_get
=logfile       ejabberd_suite.privacy_malformed_get.html
=started       2024-12-18 20:32:52
=ended         2024-12-18 20:32:52
=result        ok
=elapsed       0.110020s
=case          ejabberd_SUITE:privacy_malformed_set
=logfile       ejabberd_suite.privacy_malformed_set.html
=started       2024-12-18 20:32:52
=ended         2024-12-18 20:32:52
=result        ok
=elapsed       0.103928s
=case          ejabberd_SUITE:privacy_malformed_type_value
=logfile       ejabberd_suite.privacy_malformed_type_value.html
=started       2024-12-18 20:32:52
=ended         2024-12-18 20:32:52
=result        ok
=elapsed       0.103196s
=case          ejabberd_SUITE:privacy_set_get_block
=logfile       ejabberd_suite.privacy_set_get_block.html
=started       2024-12-18 20:32:52
=ended         2024-12-18 20:32:53
=result        ok
=elapsed       0.189685s
=case          ejabberd_SUITE:end_per_group
=logfile       ejabberd_suite.end_per_group.8258.html
=group_props   [{name,privacy_single},sequence]
=started       2024-12-18 20:32:53
=ended         2024-12-18 20:32:53
=result        ok
=elapsed       0.000002s
=group_time    3.194s
=case          ejabberd_SUITE:init_per_group
=logfile       ejabberd_suite.init_per_group.9123.html
=group_props   [{name,vcard_single},sequence]
=started       2024-12-18 20:32:53
=ended         2024-12-18 20:32:53
=result        ok
=elapsed       0.000002s
=case          ejabberd_SUITE:vcard_feature_enabled
=logfile       ejabberd_suite.vcard_feature_enabled.html
=started       2024-12-18 20:32:53
=ended         2024-12-18 20:32:53
=result        ok
=elapsed       0.103217s
=case          ejabberd_SUITE:vcard_get_set
=logfile       ejabberd_suite.vcard_get_set.html
=started       2024-12-18 20:32:53
=ended         2024-12-18 20:32:53
=result        ok
=elapsed       0.102925s
=case          ejabberd_SUITE:vcard_service_vcard
=logfile       ejabberd_suite.vcard_service_vcard.html
=started       2024-12-18 20:32:53
=ended         2024-12-18 20:32:53
=result        ok
=elapsed       0.102848s
=case          ejabberd_SUITE:end_per_group
=logfile       ejabberd_suite.end_per_group.9219.html
=group_props   [{name,vcard_single},sequence]
=started       2024-12-18 20:32:53
=ended         2024-12-18 20:32:53
=result        ok
=elapsed       0.000002s
=group_time    0.422s
=case          ejabberd_SUITE:init_per_group
=logfile       ejabberd_suite.init_per_group.9251.html
=group_props   [{name,pubsub_single},sequence]
=started       2024-12-18 20:32:53
=ended         2024-12-18 20:32:53
=result        ok
=elapsed       0.000002s
=case          ejabberd_SUITE:pubsub_test_features
=logfile       ejabberd_suite.pubsub_test_features.html
=started       2024-12-18 20:32:53
=ended         2024-12-18 20:32:53
=result        ok
=elapsed       0.102941s
=case          ejabberd_SUITE:pubsub_test_vcard
=logfile       ejabberd_suite.pubsub_test_vcard.html
=started       2024-12-18 20:32:53
=ended         2024-12-18 20:32:53
=result        ok
=elapsed       0.102785s
=case          ejabberd_SUITE:pubsub_test_create
=logfile       ejabberd_suite.pubsub_test_create.html
=started       2024-12-18 20:32:53
=ended         2024-12-18 20:32:53
=result        ok
=elapsed       0.101575s
=case          ejabberd_SUITE:pubsub_test_configure
=logfile       ejabberd_suite.pubsub_test_configure.html
=started       2024-12-18 20:32:54
=ended         2024-12-18 20:32:54
=result        ok
=elapsed       0.114938s
=case          ejabberd_SUITE:pubsub_test_delete
=logfile       ejabberd_suite.pubsub_test_delete.html
=started       2024-12-18 20:32:54
=ended         2024-12-18 20:32:54
=result        ok
=elapsed       0.101892s
=case          ejabberd_SUITE:pubsub_test_get_affiliations
=logfile       ejabberd_suite.pubsub_test_get_affiliations.html
=started       2024-12-18 20:32:54
=ended         2024-12-18 20:32:54
=result        ok
=elapsed       0.109854s
=case          ejabberd_SUITE:pubsub_test_get_subscriptions
=logfile       ejabberd_suite.pubsub_test_get_subscriptions.html
=started       2024-12-18 20:32:54
=ended         2024-12-18 20:32:54
=result        ok
=elapsed       0.113903s
=case          ejabberd_SUITE:pubsub_test_create_instant
=logfile       ejabberd_suite.pubsub_test_create_instant.html
=started       2024-12-18 20:32:54
=ended         2024-12-18 20:32:54
=result        ok
=elapsed       0.102982s
=case          ejabberd_SUITE:pubsub_test_default
=logfile       ejabberd_suite.pubsub_test_default.html
=started       2024-12-18 20:32:54
=ended         2024-12-18 20:32:54
=result        ok
=elapsed       0.103067s
=case          ejabberd_SUITE:pubsub_test_create_configure
=logfile       ejabberd_suite.pubsub_test_create_configure.html
=started       2024-12-18 20:32:54
=ended         2024-12-18 20:32:54
=result        ok
=elapsed       0.107367s
=case          ejabberd_SUITE:pubsub_test_publish
=logfile       ejabberd_suite.pubsub_test_publish.html
=started       2024-12-18 20:32:54
=ended         2024-12-18 20:32:55
=result        ok
=elapsed       0.104598s
=case          ejabberd_SUITE:pubsub_test_auto_create
=logfile       ejabberd_suite.pubsub_test_auto_create.html
=started       2024-12-18 20:32:55
=ended         2024-12-18 20:32:55
=result        ok
=elapsed       0.102987s
=case          ejabberd_SUITE:pubsub_test_get_items
=logfile       ejabberd_suite.pubsub_test_get_items.html
=started       2024-12-18 20:32:55
=ended         2024-12-18 20:32:55
=result        ok
=elapsed       0.107795s
=case          ejabberd_SUITE:pubsub_test_delete_item
=logfile       ejabberd_suite.pubsub_test_delete_item.html
=started       2024-12-18 20:32:55
=ended         2024-12-18 20:32:55
=result        ok
=elapsed       0.105271s
=case          ejabberd_SUITE:pubsub_test_purge
=logfile       ejabberd_suite.pubsub_test_purge.html
=started       2024-12-18 20:32:55
=ended         2024-12-18 20:32:55
=result        ok
=elapsed       0.110425s
=case          ejabberd_SUITE:pubsub_test_subscribe
=logfile       ejabberd_suite.pubsub_test_subscribe.html
=started       2024-12-18 20:32:55
=ended         2024-12-18 20:32:55
=result        ok
=elapsed       0.104086s
=case          ejabberd_SUITE:pubsub_test_subscribe_max_item_1
=logfile       ejabberd_suite.pubsub_test_subscribe_max_item_1.html
=started       2024-12-18 20:32:55
=ended         2024-12-18 20:32:55
=result        ok
=elapsed       0.108440s
=case          ejabberd_SUITE:pubsub_test_unsubscribe
=logfile       ejabberd_suite.pubsub_test_unsubscribe.html
=started       2024-12-18 20:32:55
=ended         2024-12-18 20:32:56
=result        ok
=elapsed       0.105489s
=case          ejabberd_SUITE:end_per_group
=logfile       ejabberd_suite.end_per_group.9859.html
=group_props   [{name,pubsub_single},sequence]
=started       2024-12-18 20:32:56
=ended         2024-12-18 20:32:56
=result        ok
=elapsed       0.000007s
=group_time    2.463s
=case          ejabberd_SUITE:init_per_group
=logfile       ejabberd_suite.init_per_group.9891.html
=group_props   [{name,muc_single},sequence]
=started       2024-12-18 20:32:56
=ended         2024-12-18 20:32:56
=result        ok
=elapsed       0.000002s
=case          ejabberd_SUITE:muc_service_presence_error
=logfile       ejabberd_suite.muc_service_presence_error.9923.html
=started       2024-12-18 20:32:56
=ended         2024-12-18 20:32:56
=result        ok
=elapsed       0.186416s
=case          ejabberd_SUITE:muc_service_message_error
=logfile       ejabberd_suite.muc_service_message_error.9987.html
=started       2024-12-18 20:32:56
=ended         2024-12-18 20:32:56
=result        ok
=elapsed       0.188100s
=case          ejabberd_SUITE:muc_service_unknown_ns_iq_error
=logfile       ejabberd_suite.muc_service_unknown_ns_iq_error.10083.html
=started       2024-12-18 20:32:56
=ended         2024-12-18 20:32:56
=result        ok
=elapsed       0.191182s
=case          ejabberd_SUITE:muc_service_iq_set_error
=logfile       ejabberd_suite.muc_service_iq_set_error.10147.html
=started       2024-12-18 20:32:56
=ended         2024-12-18 20:32:57
=result        ok
=elapsed       0.322001s
=case          ejabberd_SUITE:muc_service_improper_iq_error
=logfile       ejabberd_suite.muc_service_improper_iq_error.10211.html
=started       2024-12-18 20:32:57
=ended         2024-12-18 20:32:57
=result        ok
=elapsed       0.275493s
=case          ejabberd_SUITE:muc_service_features
=logfile       ejabberd_suite.muc_service_features.10275.html
=started       2024-12-18 20:32:57
=ended         2024-12-18 20:32:57
=result        ok
=elapsed       0.102492s
=case          ejabberd_SUITE:muc_service_disco_info_node_error
=logfile       ejabberd_suite.muc_service_disco_info_node_error.10339.html
=started       2024-12-18 20:32:57
=ended         2024-12-18 20:32:57
=result        ok
=elapsed       0.101510s
=case          ejabberd_SUITE:muc_service_disco_items
=logfile       ejabberd_suite.muc_service_disco_items.10371.html
=started       2024-12-18 20:32:57
=ended         2024-12-18 20:32:57
=result        ok
=elapsed       0.126535s
=case          ejabberd_SUITE:muc_service_unique
=logfile       ejabberd_suite.muc_service_unique.9154.html
=started       2024-12-18 20:32:57
=ended         2024-12-18 20:32:57
=result        ok
=elapsed       0.102167s
=case          ejabberd_SUITE:muc_service_vcard
=logfile       ejabberd_suite.muc_service_vcard.10403.html
=started       2024-12-18 20:32:57
=ended         2024-12-18 20:32:58
=result        ok
=elapsed       0.102233s
=case          ejabberd_SUITE:muc_configure_non_existent
=logfile       ejabberd_suite.muc_configure_non_existent.9250.html
=started       2024-12-18 20:32:58
=ended         2024-12-18 20:32:58
=result        ok
=elapsed       0.103489s
=case          ejabberd_SUITE:muc_cancel_configure_non_existent
=logfile       ejabberd_suite.muc_cancel_configure_non_existent.10499.html
=started       2024-12-18 20:32:58
=ended         2024-12-18 20:32:58
=result        ok
=elapsed       0.101733s
=case          ejabberd_SUITE:muc_service_subscriptions
=logfile       ejabberd_suite.muc_service_subscriptions.10563.html
=started       2024-12-18 20:32:58
=ended         2024-12-18 20:32:58
=result        ok
=elapsed       0.138069s
=case          ejabberd_SUITE:muc_set_room_affiliation
=logfile       ejabberd_suite.muc_set_room_affiliation.10755.html
=started       2024-12-18 20:32:58
=ended         2024-12-18 20:32:58
=result        ok
=elapsed       0.107847s
=case          ejabberd_SUITE:end_per_group
=logfile       ejabberd_suite.end_per_group.10819.html
=group_props   [{name,muc_single},sequence]
=started       2024-12-18 20:32:58
=ended         2024-12-18 20:32:58
=result        ok
=elapsed       0.000002s
=group_time    2.588s
=case          ejabberd_SUITE:init_per_group
=logfile       ejabberd_suite.init_per_group.10851.html
=group_props   [{name,offline_single},sequence]
=started       2024-12-18 20:32:58
=ended         2024-12-18 20:32:58
=result        ok
=elapsed       0.000003s
=case          ejabberd_SUITE:offline_feature_enabled
=logfile       ejabberd_suite.offline_feature_enabled.html
=started       2024-12-18 20:32:58
=ended         2024-12-18 20:32:58
=result        ok
=elapsed       0.102723s
=case          ejabberd_SUITE:offline_check_identity
=logfile       ejabberd_suite.offline_check_identity.html
=started       2024-12-18 20:32:58
=ended         2024-12-18 20:32:58
=result        ok
=elapsed       0.106498s
=case          ejabberd_SUITE:offline_send_non_existent
=logfile       ejabberd_suite.offline_send_non_existent.html
=started       2024-12-18 20:32:58
=ended         2024-12-18 20:32:59
=result        ok
=elapsed       0.102162s
=case          ejabberd_SUITE:offline_view_non_existent
=logfile       ejabberd_suite.offline_view_non_existent.html
=started       2024-12-18 20:32:59
=ended         2024-12-18 20:32:59
=result        ok
=elapsed       0.101480s
=case          ejabberd_SUITE:offline_remove_non_existent
=logfile       ejabberd_suite.offline_remove_non_existent.html
=started       2024-12-18 20:32:59
=ended         2024-12-18 20:32:59
=result        ok
=elapsed       0.101712s
=case          ejabberd_SUITE:offline_view_non_integer
=logfile       ejabberd_suite.offline_view_non_integer.html
=started       2024-12-18 20:32:59
=ended         2024-12-18 20:32:59
=result        ok
=elapsed       0.101542s
=case          ejabberd_SUITE:offline_remove_non_integer
=logfile       ejabberd_suite.offline_remove_non_integer.html
=started       2024-12-18 20:32:59
=ended         2024-12-18 20:32:59
=result        ok
=elapsed       0.101806s
=case          ejabberd_SUITE:offline_malformed_iq
=logfile       ejabberd_suite.offline_malformed_iq.html
=started       2024-12-18 20:32:59
=ended         2024-12-18 20:32:59
=result        ok
=elapsed       0.105376s
=case          ejabberd_SUITE:offline_wrong_user
=logfile       ejabberd_suite.offline_wrong_user.html
=started       2024-12-18 20:32:59
=ended         2024-12-18 20:32:59
=result        ok
=elapsed       0.108860s
=case          ejabberd_SUITE:offline_unsupported_iq
=logfile       ejabberd_suite.offline_unsupported_iq.html
=started       2024-12-18 20:32:59
=ended         2024-12-18 20:33:00
=result        ok
=elapsed       0.101920s
=case          ejabberd_SUITE:end_per_group
=logfile       ejabberd_suite.end_per_group.9730.html
=group_props   [{name,offline_single},sequence]
=started       2024-12-18 20:33:00
=ended         2024-12-18 20:33:00
=result        ok
=elapsed       0.000002s
=group_time    1.347s
=case          ejabberd_SUITE:init_per_group
=logfile       ejabberd_suite.init_per_group.11203.html
=group_props   [{name,mam_single},sequence]
=started       2024-12-18 20:33:00
=ended         2024-12-18 20:33:00
=result        ok
=elapsed       0.000002s
=case          ejabberd_SUITE:mam_feature_enabled
=logfile       ejabberd_suite.mam_feature_enabled.html
=started       2024-12-18 20:33:00
=ended         2024-12-18 20:33:00
=result        ok
=elapsed       0.104006s
=case          ejabberd_SUITE:mam_get_set_prefs
=logfile       ejabberd_suite.mam_get_set_prefs.html
=started       2024-12-18 20:33:00
=ended         2024-12-18 20:33:02
=result        ok
=elapsed       1.893841s
=case          ejabberd_SUITE:mam_get_form
=logfile       ejabberd_suite.mam_get_form.html
=started       2024-12-18 20:33:02
=ended         2024-12-18 20:33:02
=result        ok
=elapsed       0.108830s
=case          ejabberd_SUITE:mam_fake_by
=logfile       ejabberd_suite.mam_fake_by.html
=started       2024-12-18 20:33:02
=ended         2024-12-18 20:33:02
=result        ok
=elapsed       0.102660s
=case          ejabberd_SUITE:end_per_group
=logfile       ejabberd_suite.end_per_group.11331.html
=group_props   [{name,mam_single},sequence]
=started       2024-12-18 20:33:02
=ended         2024-12-18 20:33:02
=result        ok
=elapsed       0.000002s
=group_time    2.350s
=case          ejabberd_SUITE:init_per_group
=logfile       ejabberd_suite.init_per_group.11363.html
=group_props   [{name,csi_single},sequence]
=started       2024-12-18 20:33:02
=ended         2024-12-18 20:33:02
=result        ok
=elapsed       0.000002s
=case          ejabberd_SUITE:csi_feature_enabled
=logfile       ejabberd_suite.csi_feature_enabled.html
=started       2024-12-18 20:33:02
=ended         2024-12-18 20:33:02
=result        ok
=elapsed       0.101652s
=case          ejabberd_SUITE:end_per_group
=logfile       ejabberd_suite.end_per_group.11395.html
=group_props   [{name,csi_single},sequence]
=started       2024-12-18 20:33:02
=ended         2024-12-18 20:33:02
=result        ok
=elapsed       0.000002s
=group_time    0.156s
=case          ejabberd_SUITE:init_per_group
=logfile       ejabberd_suite.init_per_group.11427.html
=group_props   [{name,push_single},sequence]
=started       2024-12-18 20:33:02
=ended         2024-12-18 20:33:02
=result        ok
=elapsed       0.000002s
=case          ejabberd_SUITE:push_feature_enabled
=logfile       ejabberd_suite.push_feature_enabled.html
=started       2024-12-18 20:33:02
=ended         2024-12-18 20:33:02
=result        ok
=elapsed       0.102201s
=case          ejabberd_SUITE:push_unsupported_iq
=logfile       ejabberd_suite.push_unsupported_iq.html
=started       2024-12-18 20:33:02
=ended         2024-12-18 20:33:02
=result        ok
=elapsed       0.107243s
=case          ejabberd_SUITE:end_per_group
=logfile       ejabberd_suite.end_per_group.11555.html
=group_props   [{name,push_single},sequence]
=started       2024-12-18 20:33:02
=ended         2024-12-18 20:33:02
=result        ok
=elapsed       0.000002s
=group_time    0.292s
=case          ejabberd_SUITE:test_unregister
=logfile       ejabberd_suite.test_unregister.html
=started       2024-12-18 20:33:02
=ended         2024-12-18 20:33:02
=result        ok
=elapsed       0.003235s
=case          ejabberd_SUITE:end_per_group
=logfile       ejabberd_suite.end_per_group.11651.html
=group_props   [{name,single_user},sequence]
=started       2024-12-18 20:33:02
=ended         2024-12-18 20:33:02
=result        ok
=elapsed       0.000002s
=group_time    15.921s
=case          ejabberd_SUITE:init_per_group
=logfile       ejabberd_suite.init_per_group.11683.html
=group_props   [{name,muc_master_slave},sequence]
=started       2024-12-18 20:33:02
=ended         2024-12-18 20:33:03
=result        ok
=elapsed       0.000003s
=case          ejabberd_SUITE:init_per_group
=logfile       ejabberd_suite.init_per_group.11715.html
=group_props   [{name,muc_register},parallel]
=started       2024-12-18 20:33:03
=ended         2024-12-18 20:33:03
=result        ok
=elapsed       0.000001s
=case          ejabberd_SUITE:muc_register_master
=logfile       ejabberd_suite.muc_register_master.11747.html
=started       2024-12-18 20:33:03
=ended         2024-12-18 20:33:03
=result        ok
=elapsed       0.111359s
=case          ejabberd_SUITE:muc_register_slave
=logfile       ejabberd_suite.muc_register_slave.11779.html
=started       2024-12-18 20:33:03
=ended         2024-12-18 20:33:03
=result        ok
=elapsed       0.108310s
=case          ejabberd_SUITE:end_per_group
=logfile       ejabberd_suite.end_per_group.11843.html
=group_props   [{name,muc_register},parallel]
=started       2024-12-18 20:33:03
=ended         2024-12-18 20:33:03
=result        ok
=elapsed       0.000002s
=group_time    0.167s
=case          ejabberd_SUITE:init_per_group
=logfile       ejabberd_suite.init_per_group.11875.html
=group_props   [{name,muc_groupchat_msg},parallel]
=started       2024-12-18 20:33:03
=ended         2024-12-18 20:33:03
=result        ok
=elapsed       0.000002s
=case          ejabberd_SUITE:muc_groupchat_msg_master
=logfile       ejabberd_suite.muc_groupchat_msg_master.11907.html
=started       2024-12-18 20:33:03
=ended         2024-12-18 20:33:03
=result        ok
=elapsed       0.111076s
=case          ejabberd_SUITE:muc_groupchat_msg_slave
=logfile       ejabberd_suite.muc_groupchat_msg_slave.5316.html
=started       2024-12-18 20:33:03
=ended         2024-12-18 20:33:03
=result        ok
=elapsed       0.110807s
=case          ejabberd_SUITE:end_per_group
=logfile       ejabberd_suite.end_per_group.5476.html
=group_props   [{name,muc_groupchat_msg},parallel]
=started       2024-12-18 20:33:03
=ended         2024-12-18 20:33:03
=result        ok
=elapsed       0.000008s
=group_time    0.169s
=case          ejabberd_SUITE:init_per_group
=logfile       ejabberd_suite.init_per_group.5508.html
=group_props   [{name,muc_private_msg},parallel]
=started       2024-12-18 20:33:03
=ended         2024-12-18 20:33:03
=result        ok
=elapsed       0.000002s
=case          ejabberd_SUITE:muc_private_msg_master
=logfile       ejabberd_suite.muc_private_msg_master.5540.html
=started       2024-12-18 20:33:03
=ended         2024-12-18 20:33:03
=result        ok
=elapsed       0.155093s
=case          ejabberd_SUITE:muc_private_msg_slave
=logfile       ejabberd_suite.muc_private_msg_slave.5572.html
=started       2024-12-18 20:33:03
=ended         2024-12-18 20:33:03
=result        ok
=elapsed       0.150036s
=case          ejabberd_SUITE:end_per_group
=logfile       ejabberd_suite.end_per_group.12035.html
=group_props   [{name,muc_private_msg},parallel]
=started       2024-12-18 20:33:03
=ended         2024-12-18 20:33:03
=result        ok
=elapsed       0.000003s
=group_time    0.210s
=case          ejabberd_SUITE:init_per_group
=logfile       ejabberd_suite.init_per_group.12067.html
=group_props   [{name,muc_set_subject},parallel]
=started       2024-12-18 20:33:03
=ended         2024-12-18 20:33:03
=result        ok
=elapsed       0.000002s
=case          ejabberd_SUITE:muc_set_subject_master
=logfile       ejabberd_suite.muc_set_subject_master.12099.html
=started       2024-12-18 20:33:03
=ended         2024-12-18 20:33:03
=result        ok
=elapsed       0.114759s
=case          ejabberd_SUITE:muc_set_subject_slave
=logfile       ejabberd_suite.muc_set_subject_slave.12131.html
=started       2024-12-18 20:33:03
=ended         2024-12-18 20:33:03
=result        ok
=elapsed       0.111440s
=case          ejabberd_SUITE:end_per_group
=logfile       ejabberd_suite.end_per_group.12195.html
=group_props   [{name,muc_set_subject},parallel]
=started       2024-12-18 20:33:03
=ended         2024-12-18 20:33:03
=result        ok
=elapsed       0.000002s
=group_time    0.170s
=case          ejabberd_SUITE:init_per_group
=logfile       ejabberd_suite.init_per_group.12227.html
=group_props   [{name,muc_history},parallel]
=started       2024-12-18 20:33:03
=ended         2024-12-18 20:33:03
=result        ok
=elapsed       0.000002s
=case          ejabberd_SUITE:muc_history_master
=logfile       ejabberd_suite.muc_history_master.10210.html
=started       2024-12-18 20:33:03
=ended         2024-12-18 20:33:04
=result        ok
=elapsed       0.141287s
=case          ejabberd_SUITE:muc_history_slave
=logfile       ejabberd_suite.muc_history_slave.10242.html
=started       2024-12-18 20:33:03
=ended         2024-12-18 20:33:04
=result        ok
=elapsed       0.140616s
=case          ejabberd_SUITE:end_per_group
=logfile       ejabberd_suite.end_per_group.10306.html
=group_props   [{name,muc_history},parallel]
=started       2024-12-18 20:33:04
=ended         2024-12-18 20:33:04
=result        ok
=elapsed       0.000003s
=group_time    0.199s
=case          ejabberd_SUITE:init_per_group
=logfile       ejabberd_suite.init_per_group.10338.html
=group_props   [{name,muc_invite},parallel]
=started       2024-12-18 20:33:04
=ended         2024-12-18 20:33:04
=result        ok
=elapsed       0.000002s
=case          ejabberd_SUITE:muc_invite_master
=logfile       ejabberd_suite.muc_invite_master.10370.html
=started       2024-12-18 20:33:04
=ended         2024-12-18 20:33:04
=result        ok
=elapsed       0.107942s
=case          ejabberd_SUITE:muc_invite_slave
=logfile       ejabberd_suite.muc_invite_slave.10402.html
=started       2024-12-18 20:33:04
=ended         2024-12-18 20:33:04
=result        ok
=elapsed       0.148332s
=case          ejabberd_SUITE:end_per_group
=logfile       ejabberd_suite.end_per_group.10466.html
=group_props   [{name,muc_invite},parallel]
=started       2024-12-18 20:33:04
=ended         2024-12-18 20:33:04
=result        ok
=elapsed       0.000002s
=group_time    0.205s
=case          ejabberd_SUITE:init_per_group
=logfile       ejabberd_suite.init_per_group.10498.html
=group_props   [{name,muc_invite_members_only},parallel]
=started       2024-12-18 20:33:04
=ended         2024-12-18 20:33:04
=result        ok
=elapsed       0.000003s
=case          ejabberd_SUITE:muc_invite_members_only_master
=logfile       ejabberd_suite.muc_invite_members_only_master.10530.html
=started       2024-12-18 20:33:04
=ended         2024-12-18 20:33:04
=result        ok
=elapsed       0.109045s
=case          ejabberd_SUITE:muc_invite_members_only_slave
=logfile       ejabberd_suite.muc_invite_members_only_slave.10562.html
=started       2024-12-18 20:33:04
=ended         2024-12-18 20:33:04
=result        ok
=elapsed       0.105152s
=case          ejabberd_SUITE:end_per_group
=logfile       ejabberd_suite.end_per_group.10626.html
=group_props   [{name,muc_invite_members_only},parallel]
=started       2024-12-18 20:33:04
=ended         2024-12-18 20:33:04
=result        ok
=elapsed       0.000002s
=group_time    0.164s
=case          ejabberd_SUITE:init_per_group
=logfile       ejabberd_suite.init_per_group.5892.html
=group_props   [{name,muc_invite_password_protected},parallel]
=started       2024-12-18 20:33:04
=ended         2024-12-18 20:33:04
=result        ok
=elapsed       0.000002s
=case          ejabberd_SUITE:muc_invite_password_protected_master
=logfile       ejabberd_suite.muc_invite_password_protected_master.5924.html
=started       2024-12-18 20:33:04
=ended         2024-12-18 20:33:04
=result        ok
=elapsed       0.151382s
=case          ejabberd_SUITE:muc_invite_password_protected_slave
=logfile       ejabberd_suite.muc_invite_password_protected_slave.5956.html
=started       2024-12-18 20:33:04
=ended         2024-12-18 20:33:04
=result        ok
=elapsed       0.106845s
=case          ejabberd_SUITE:end_per_group
=logfile       ejabberd_suite.end_per_group.6052.html
=group_props   [{name,muc_invite_password_protected},parallel]
=started       2024-12-18 20:33:04
=ended         2024-12-18 20:33:04
=result        ok
=elapsed       0.000002s
=group_time    0.210s
=case          ejabberd_SUITE:init_per_group
=logfile       ejabberd_suite.init_per_group.6084.html
=group_props   [{name,muc_voice_request},parallel]
=started       2024-12-18 20:33:04
=ended         2024-12-18 20:33:04
=result        ok
=elapsed       0.000003s
=case          ejabberd_SUITE:muc_voice_request_master
=logfile       ejabberd_suite.muc_voice_request_master.4261.html
=started       2024-12-18 20:33:04
=ended         2024-12-18 20:33:04
=result        ok
=elapsed       0.112283s
=case          ejabberd_SUITE:muc_voice_request_slave
=logfile       ejabberd_suite.muc_voice_request_slave.4293.html
=started       2024-12-18 20:33:04
=ended         2024-12-18 20:33:04
=result        ok
=elapsed       0.109366s
=case          ejabberd_SUITE:end_per_group
=logfile       ejabberd_suite.end_per_group.4389.html
=group_props   [{name,muc_voice_request},parallel]
=started       2024-12-18 20:33:04
=ended         2024-12-18 20:33:04
=result        ok
=elapsed       0.000002s
=group_time    0.169s
=case          ejabberd_SUITE:init_per_group
=logfile       ejabberd_suite.init_per_group.4421.html
=group_props   [{name,muc_change_role},parallel]
=started       2024-12-18 20:33:04
=ended         2024-12-18 20:33:04
=result        ok
=elapsed       0.000003s
=case          ejabberd_SUITE:muc_change_role_master
=logfile       ejabberd_suite.muc_change_role_master.6180.html
=started       2024-12-18 20:33:04
=ended         2024-12-18 20:33:05
=result        ok
=elapsed       0.115947s
=case          ejabberd_SUITE:muc_change_role_slave
=logfile       ejabberd_suite.muc_change_role_slave.4453.html
=started       2024-12-18 20:33:04
=ended         2024-12-18 20:33:05
=result        ok
=elapsed       0.112330s
=case          ejabberd_SUITE:end_per_group
=logfile       ejabberd_suite.end_per_group.4517.html
=group_props   [{name,muc_change_role},parallel]
=started       2024-12-18 20:33:05
=ended         2024-12-18 20:33:05
=result        ok
=elapsed       0.000002s
=group_time    0.173s
=case          ejabberd_SUITE:init_per_group
=logfile       ejabberd_suite.init_per_group.4549.html
=group_props   [{name,muc_kick},parallel]
=started       2024-12-18 20:33:05
=ended         2024-12-18 20:33:05
=result        ok
=elapsed       0.000002s
=case          ejabberd_SUITE:muc_kick_master
=logfile       ejabberd_suite.muc_kick_master.4581.html
=started       2024-12-18 20:33:05
=ended         2024-12-18 20:33:05
=result        ok
=elapsed       0.110544s
=case          ejabberd_SUITE:muc_kick_slave
=logfile       ejabberd_suite.muc_kick_slave.4613.html
=started       2024-12-18 20:33:05
=ended         2024-12-18 20:33:05
=result        ok
=elapsed       0.106894s
=case          ejabberd_SUITE:end_per_group
=logfile       ejabberd_suite.end_per_group.4645.html
=group_props   [{name,muc_kick},parallel]
=started       2024-12-18 20:33:05
=ended         2024-12-18 20:33:05
=result        ok
=elapsed       0.000002s
=group_time    0.166s
=case          ejabberd_SUITE:init_per_group
=logfile       ejabberd_suite.init_per_group.4677.html
=group_props   [{name,muc_change_affiliation},parallel]
=started       2024-12-18 20:33:05
=ended         2024-12-18 20:33:05
=result        ok
=elapsed       0.000002s
=case          ejabberd_SUITE:muc_change_affiliation_master
=logfile       ejabberd_suite.muc_change_affiliation_master.6372.html
=started       2024-12-18 20:33:05
=ended         2024-12-18 20:33:05
=result        ok
=elapsed       0.120362s
=case          ejabberd_SUITE:muc_change_affiliation_slave
=logfile       ejabberd_suite.muc_change_affiliation_slave.6404.html
=started       2024-12-18 20:33:05
=ended         2024-12-18 20:33:05
=result        ok
=elapsed       0.118241s
=case          ejabberd_SUITE:end_per_group
=logfile       ejabberd_suite.end_per_group.6436.html
=group_props   [{name,muc_change_affiliation},parallel]
=started       2024-12-18 20:33:05
=ended         2024-12-18 20:33:05
=result        ok
=elapsed       0.000002s
=group_time    0.177s
=case          ejabberd_SUITE:init_per_group
=logfile       ejabberd_suite.init_per_group.4773.html
=group_props   [{name,muc_destroy},parallel]
=started       2024-12-18 20:33:05
=ended         2024-12-18 20:33:05
=result        ok
=elapsed       0.000002s
=case          ejabberd_SUITE:muc_destroy_master
=logfile       ejabberd_suite.muc_destroy_master.4805.html
=started       2024-12-18 20:33:05
=ended         2024-12-18 20:33:05
=result        ok
=elapsed       0.107714s
=case          ejabberd_SUITE:muc_destroy_slave
=logfile       ejabberd_suite.muc_destroy_slave.4837.html
=started       2024-12-18 20:33:05
=ended         2024-12-18 20:33:05
=result        ok
=elapsed       0.108355s
=case          ejabberd_SUITE:end_per_group
=logfile       ejabberd_suite.end_per_group.11010.html
=group_props   [{name,muc_destroy},parallel]
=started       2024-12-18 20:33:05
=ended         2024-12-18 20:33:05
=result        ok
=elapsed       0.000002s
=group_time    0.166s
=case          ejabberd_SUITE:init_per_group
=logfile       ejabberd_suite.init_per_group.11042.html
=group_props   [{name,muc_vcard},parallel]
=started       2024-12-18 20:33:05
=ended         2024-12-18 20:33:05
=result        ok
=elapsed       0.000002s
=case          ejabberd_SUITE:muc_vcard_master
=logfile       ejabberd_suite.muc_vcard_master.11074.html
=started       2024-12-18 20:33:05
=ended         2024-12-18 20:33:05
=result        ok
=elapsed       0.113160s
=case          ejabberd_SUITE:muc_vcard_slave
=logfile       ejabberd_suite.muc_vcard_slave.11106.html
=started       2024-12-18 20:33:05
=ended         2024-12-18 20:33:05
=result        ok
=elapsed       0.109718s
=case          ejabberd_SUITE:end_per_group
=logfile       ejabberd_suite.end_per_group.11170.html
=group_props   [{name,muc_vcard},parallel]
=started       2024-12-18 20:33:05
=ended         2024-12-18 20:33:05
=result        ok
=elapsed       0.000002s
=group_time    0.167s
=case          ejabberd_SUITE:init_per_group
=logfile       ejabberd_suite.init_per_group.11202.html
=group_props   [{name,muc_nick_change},parallel]
=started       2024-12-18 20:33:05
=ended         2024-12-18 20:33:05
=result        ok
=elapsed       0.000001s
=case          ejabberd_SUITE:muc_nick_change_master
=logfile       ejabberd_suite.muc_nick_change_master.11234.html
=started       2024-12-18 20:33:05
=ended         2024-12-18 20:33:06
=result        ok
=elapsed       0.110581s
=case          ejabberd_SUITE:muc_nick_change_slave
=logfile       ejabberd_suite.muc_nick_change_slave.11266.html
=started       2024-12-18 20:33:05
=ended         2024-12-18 20:33:06
=result        ok
=elapsed       0.107455s
=case          ejabberd_SUITE:end_per_group
=logfile       ejabberd_suite.end_per_group.6596.html
=group_props   [{name,muc_nick_change},parallel]
=started       2024-12-18 20:33:06
=ended         2024-12-18 20:33:06
=result        ok
=elapsed       0.000002s
=group_time    0.166s
=case          ejabberd_SUITE:init_per_group
=logfile       ejabberd_suite.init_per_group.6628.html
=group_props   [{name,muc_config_title_desc},parallel]
=started       2024-12-18 20:33:06
=ended         2024-12-18 20:33:06
=result        ok
=elapsed       0.000004s
=case          ejabberd_SUITE:muc_config_title_desc_master
=logfile       ejabberd_suite.muc_config_title_desc_master.11394.html
=started       2024-12-18 20:33:06
=ended         2024-12-18 20:33:06
=result        ok
=elapsed       0.112348s
=case          ejabberd_SUITE:muc_config_title_desc_slave
=logfile       ejabberd_suite.muc_config_title_desc_slave.11426.html
=started       2024-12-18 20:33:06
=ended         2024-12-18 20:33:06
=result        ok
=elapsed       0.109140s
=case          ejabberd_SUITE:end_per_group
=logfile       ejabberd_suite.end_per_group.11490.html
=group_props   [{name,muc_config_title_desc},parallel]
=started       2024-12-18 20:33:06
=ended         2024-12-18 20:33:06
=result        ok
=elapsed       0.000002s
=group_time    0.170s
=case          ejabberd_SUITE:init_per_group
=logfile       ejabberd_suite.init_per_group.11522.html
=group_props   [{name,muc_config_public_list},parallel]
=started       2024-12-18 20:33:06
=ended         2024-12-18 20:33:06
=result        ok
=elapsed       0.000002s
=case          ejabberd_SUITE:muc_config_public_list_master
=logfile       ejabberd_suite.muc_config_public_list_master.4965.html
=started       2024-12-18 20:33:06
=ended         2024-12-18 20:33:06
=result        ok
=elapsed       0.112836s
=case          ejabberd_SUITE:muc_config_public_list_slave
=logfile       ejabberd_suite.muc_config_public_list_slave.4997.html
=started       2024-12-18 20:33:06
=ended         2024-12-18 20:33:06
=result        ok
=elapsed       0.111950s
=case          ejabberd_SUITE:end_per_group
=logfile       ejabberd_suite.end_per_group.5029.html
=group_props   [{name,muc_config_public_list},parallel]
=started       2024-12-18 20:33:06
=ended         2024-12-18 20:33:06
=result        ok
=elapsed       0.000008s
=group_time    0.170s
=case          ejabberd_SUITE:init_per_group
=logfile       ejabberd_suite.init_per_group.5061.html
=group_props   [{name,muc_config_password},parallel]
=started       2024-12-18 20:33:06
=ended         2024-12-18 20:33:06
=result        ok
=elapsed       0.000002s
=case          ejabberd_SUITE:muc_config_password_master
=logfile       ejabberd_suite.muc_config_password_master.5093.html
=started       2024-12-18 20:33:06
=ended         2024-12-18 20:33:06
=result        ok
=elapsed       0.113496s
=case          ejabberd_SUITE:muc_config_password_slave
=logfile       ejabberd_suite.muc_config_password_slave.5125.html
=started       2024-12-18 20:33:06
=ended         2024-12-18 20:33:06
=result        ok
=elapsed       0.110653s
=case          ejabberd_SUITE:end_per_group
=logfile       ejabberd_suite.end_per_group.11554.html
=group_props   [{name,muc_config_password},parallel]
=started       2024-12-18 20:33:06
=ended         2024-12-18 20:33:06
=result        ok
=elapsed       0.000002s
=group_time    0.171s
=case          ejabberd_SUITE:init_per_group
=logfile       ejabberd_suite.init_per_group.11586.html
=group_props   [{name,muc_config_whois},parallel]
=started       2024-12-18 20:33:06
=ended         2024-12-18 20:33:06
=result        ok
=elapsed       0.000002s
=case          ejabberd_SUITE:muc_config_whois_master
=logfile       ejabberd_suite.muc_config_whois_master.11618.html
=started       2024-12-18 20:33:06
=ended         2024-12-18 20:33:06
=result        ok
=elapsed       0.115525s
=case          ejabberd_SUITE:muc_config_whois_slave
=logfile       ejabberd_suite.muc_config_whois_slave.11650.html
=started       2024-12-18 20:33:06
=ended         2024-12-18 20:33:06
=result        ok
=elapsed       0.114299s
=case          ejabberd_SUITE:end_per_group
=logfile       ejabberd_suite.end_per_group.11778.html
=group_props   [{name,muc_config_whois},parallel]
=started       2024-12-18 20:33:06
=ended         2024-12-18 20:33:06
=result        ok
=elapsed       0.000002s
=group_time    0.172s
=case          ejabberd_SUITE:init_per_group
=logfile       ejabberd_suite.init_per_group.11810.html
=group_props   [{name,muc_config_members_only},parallel]
=started       2024-12-18 20:33:06
=ended         2024-12-18 20:33:06
=result        ok
=elapsed       0.000002s
=case          ejabberd_SUITE:muc_config_members_only_master
=logfile       ejabberd_suite.muc_config_members_only_master.11842.html
=started       2024-12-18 20:33:06
=ended         2024-12-18 20:33:07
=result        ok
=elapsed       0.115696s
=case          ejabberd_SUITE:muc_config_members_only_slave
=logfile       ejabberd_suite.muc_config_members_only_slave.11874.html
=started       2024-12-18 20:33:06
=ended         2024-12-18 20:33:07
=result        ok
=elapsed       0.111987s
=case          ejabberd_SUITE:end_per_group
=logfile       ejabberd_suite.end_per_group.12002.html
=group_props   [{name,muc_config_members_only},parallel]
=started       2024-12-18 20:33:07
=ended         2024-12-18 20:33:07
=result        ok
=elapsed       0.000002s
=group_time    0.171s
=case          ejabberd_SUITE:init_per_group
=logfile       ejabberd_suite.init_per_group.12034.html
=group_props   [{name,muc_config_moderated},parallel]
=started       2024-12-18 20:33:07
=ended         2024-12-18 20:33:07
=result        ok
=elapsed       0.000003s
=case          ejabberd_SUITE:muc_config_moderated_master
=logfile       ejabberd_suite.muc_config_moderated_master.12066.html
=started       2024-12-18 20:33:07
=ended         2024-12-18 20:33:07
=result        ok
=elapsed       0.114857s
=case          ejabberd_SUITE:muc_config_moderated_slave
=logfile       ejabberd_suite.muc_config_moderated_slave.12098.html
=started       2024-12-18 20:33:07
=ended         2024-12-18 20:33:07
=result        ok
=elapsed       0.110888s
=case          ejabberd_SUITE:end_per_group
=logfile       ejabberd_suite.end_per_group.12130.html
=group_props   [{name,muc_config_moderated},parallel]
=started       2024-12-18 20:33:07
=ended         2024-12-18 20:33:07
=result        ok
=elapsed       0.000002s
=group_time    0.173s
=case          ejabberd_SUITE:init_per_group
=logfile       ejabberd_suite.init_per_group.12162.html
=group_props   [{name,muc_config_private_messages},parallel]
=started       2024-12-18 20:33:07
=ended         2024-12-18 20:33:07
=result        ok
=elapsed       0.000002s
=case          ejabberd_SUITE:muc_config_private_messages_master
=logfile       ejabberd_suite.muc_config_private_messages_master.12194.html
=started       2024-12-18 20:33:07
=ended         2024-12-18 20:33:07
=result        ok
=elapsed       0.119157s
=case          ejabberd_SUITE:muc_config_private_messages_slave
=logfile       ejabberd_suite.muc_config_private_messages_slave.7076.html
=started       2024-12-18 20:33:07
=ended         2024-12-18 20:33:07
=result        ok
=elapsed       0.115239s
=case          ejabberd_SUITE:end_per_group
=logfile       ejabberd_suite.end_per_group.7236.html
=group_props   [{name,muc_config_private_messages},parallel]
=started       2024-12-18 20:33:07
=ended         2024-12-18 20:33:07
=result        ok
=elapsed       0.000002s
=group_time    0.177s
=case          ejabberd_SUITE:init_per_group
=logfile       ejabberd_suite.init_per_group.7268.html
=group_props   [{name,muc_config_query},parallel]
=started       2024-12-18 20:33:07
=ended         2024-12-18 20:33:07
=result        ok
=elapsed       0.000002s
=case          ejabberd_SUITE:muc_config_query_master
=logfile       ejabberd_suite.muc_config_query_master.7300.html
=started       2024-12-18 20:33:07
=ended         2024-12-18 20:33:07
=result        ok
=elapsed       0.156074s
=case          ejabberd_SUITE:muc_config_query_slave
=logfile       ejabberd_suite.muc_config_query_slave.12226.html
=started       2024-12-18 20:33:07
=ended         2024-12-18 20:33:07
=result        ok
=elapsed       0.152783s
=case          ejabberd_SUITE:end_per_group
=logfile       ejabberd_suite.end_per_group.7396.html
=group_props   [{name,muc_config_query},parallel]
=started       2024-12-18 20:33:07
=ended         2024-12-18 20:33:07
=result        ok
=elapsed       0.000003s
=group_time    0.213s
=case          ejabberd_SUITE:init_per_group
=logfile       ejabberd_suite.init_per_group.7428.html
=group_props   [{name,muc_config_allow_invites},parallel]
=started       2024-12-18 20:33:07
=ended         2024-12-18 20:33:07
=result        ok
=elapsed       0.000002s
=case          ejabberd_SUITE:muc_config_allow_invites_master
=logfile       ejabberd_suite.muc_config_allow_invites_master.12835.html
=started       2024-12-18 20:33:07
=ended         2024-12-18 20:33:07
=result        ok
=elapsed       0.112931s
=case          ejabberd_SUITE:muc_config_allow_invites_slave
=logfile       ejabberd_suite.muc_config_allow_invites_slave.12867.html
=started       2024-12-18 20:33:07
=ended         2024-12-18 20:33:07
=result        ok
=elapsed       0.110841s
=case          ejabberd_SUITE:end_per_group
=logfile       ejabberd_suite.end_per_group.12931.html
=group_props   [{name,muc_config_allow_invites},parallel]
=started       2024-12-18 20:33:07
=ended         2024-12-18 20:33:07
=result        ok
=elapsed       0.000002s
=group_time    0.172s
=case          ejabberd_SUITE:init_per_group
=logfile       ejabberd_suite.init_per_group.12963.html
=group_props   [{name,muc_config_visitor_status},parallel]
=started       2024-12-18 20:33:07
=ended         2024-12-18 20:33:07
=result        ok
=elapsed       0.000002s
=case          ejabberd_SUITE:muc_config_visitor_status_master
=logfile       ejabberd_suite.muc_config_visitor_status_master.12995.html
=started       2024-12-18 20:33:07
=ended         2024-12-18 20:33:08
=result        ok
=elapsed       0.113224s
=case          ejabberd_SUITE:muc_config_visitor_status_slave
=logfile       ejabberd_suite.muc_config_visitor_status_slave.13027.html
=started       2024-12-18 20:33:07
=ended         2024-12-18 20:33:08
=result        ok
=elapsed       0.109921s
=case          ejabberd_SUITE:end_per_group
=logfile       ejabberd_suite.end_per_group.13059.html
=group_props   [{name,muc_config_visitor_status},parallel]
=started       2024-12-18 20:33:08
=ended         2024-12-18 20:33:08
=result        ok
=elapsed       0.000003s
=group_time    0.171s
=case          ejabberd_SUITE:init_per_group
=logfile       ejabberd_suite.init_per_group.13091.html
=group_props   [{name,muc_config_allow_voice_requests},parallel]
=started       2024-12-18 20:33:08
=ended         2024-12-18 20:33:08
=result        ok
=elapsed       0.000003s
=case          ejabberd_SUITE:muc_config_allow_voice_requests_master
=logfile       ejabberd_suite.muc_config_allow_voice_requests_master.13123.html
=started       2024-12-18 20:33:08
=ended         2024-12-18 20:33:08
=result        ok
=elapsed       0.112379s
=case          ejabberd_SUITE:muc_config_allow_voice_requests_slave
=logfile       ejabberd_suite.muc_config_allow_voice_requests_slave.13155.html
=started       2024-12-18 20:33:08
=ended         2024-12-18 20:33:08
=result        ok
=elapsed       0.109682s
=case          ejabberd_SUITE:end_per_group
=logfile       ejabberd_suite.end_per_group.13283.html
=group_props   [{name,muc_config_allow_voice_requests},parallel]
=started       2024-12-18 20:33:08
=ended         2024-12-18 20:33:08
=result        ok
=elapsed       0.000002s
=group_time    0.170s
=case          ejabberd_SUITE:init_per_group
=logfile       ejabberd_suite.init_per_group.12482.html
=group_props   [{name,muc_config_voice_request_interval},parallel]
=started       2024-12-18 20:33:08
=ended         2024-12-18 20:33:08
=result        ok
=elapsed       0.000002s
=case          ejabberd_SUITE:muc_config_voice_request_interval_master
=logfile       ejabberd_suite.muc_config_voice_request_interval_master.12514.html
=started       2024-12-18 20:33:08
=ended         2024-12-18 20:33:13
=result        ok
=elapsed       5.200817s
=case          ejabberd_SUITE:muc_config_voice_request_interval_slave
=logfile       ejabberd_suite.muc_config_voice_request_interval_slave.12546.html
=started       2024-12-18 20:33:08
=ended         2024-12-18 20:33:13
=result        ok
=elapsed       5.198351s
=case          ejabberd_SUITE:end_per_group
=logfile       ejabberd_suite.end_per_group.12706.html
=group_props   [{name,muc_config_voice_request_interval},parallel]
=started       2024-12-18 20:33:13
=ended         2024-12-18 20:33:13
=result        ok
=elapsed       0.000007s
=group_time    5.257s
=case          ejabberd_SUITE:init_per_group
=logfile       ejabberd_suite.init_per_group.12738.html
=group_props   [{name,muc_config_visitor_nickchange},parallel]
=started       2024-12-18 20:33:13
=ended         2024-12-18 20:33:13
=result        ok
=elapsed       0.000003s
=case          ejabberd_SUITE:muc_config_visitor_nickchange_master
=logfile       ejabberd_suite.muc_config_visitor_nickchange_master.12770.html
=started       2024-12-18 20:33:13
=ended         2024-12-18 20:33:13
=result        ok
=elapsed       0.111633s
=case          ejabberd_SUITE:muc_config_visitor_nickchange_slave
=logfile       ejabberd_suite.muc_config_visitor_nickchange_slave.12802.html
=started       2024-12-18 20:33:13
=ended         2024-12-18 20:33:13
=result        ok
=elapsed       0.110220s
=case          ejabberd_SUITE:end_per_group
=logfile       ejabberd_suite.end_per_group.12994.html
=group_props   [{name,muc_config_visitor_nickchange},parallel]
=started       2024-12-18 20:33:13
=ended         2024-12-18 20:33:13
=result        ok
=elapsed       0.000003s
=group_time    0.169s
=case          ejabberd_SUITE:init_per_group
=logfile       ejabberd_suite.init_per_group.13026.html
=group_props   [{name,muc_join_conflict},parallel]
=started       2024-12-18 20:33:13
=ended         2024-12-18 20:33:13
=result        ok
=elapsed       0.000002s
=case          ejabberd_SUITE:muc_join_conflict_master
=logfile       ejabberd_suite.muc_join_conflict_master.13058.html
=started       2024-12-18 20:33:13
=ended         2024-12-18 20:33:13
=result        ok
=elapsed       0.108162s
=case          ejabberd_SUITE:muc_join_conflict_slave
=logfile       ejabberd_suite.muc_join_conflict_slave.13090.html
=started       2024-12-18 20:33:13
=ended         2024-12-18 20:33:13
=result        ok
=elapsed       0.104336s
=case          ejabberd_SUITE:end_per_group
=logfile       ejabberd_suite.end_per_group.7684.html
=group_props   [{name,muc_join_conflict},parallel]
=started       2024-12-18 20:33:13
=ended         2024-12-18 20:33:13
=result        ok
=elapsed       0.000001s
=group_time    0.164s
=case          ejabberd_SUITE:end_per_group
=logfile       ejabberd_suite.end_per_group.7716.html
=group_props   [{name,muc_master_slave},sequence]
=started       2024-12-18 20:33:13
=ended         2024-12-18 20:33:13
=result        ok
=elapsed       0.000008s
=group_time    10.947s
=case          ejabberd_SUITE:init_per_group
=logfile       ejabberd_suite.init_per_group.7748.html
=group_props   [{name,privacy_master_slave},sequence]
=started       2024-12-18 20:33:13
=ended         2024-12-18 20:33:13
=result        ok
=elapsed       0.000002s
=case          ejabberd_SUITE:init_per_group
=logfile       ejabberd_suite.init_per_group.7780.html
=group_props   [{name,privacy_deny_bare_jid},parallel]
=started       2024-12-18 20:33:13
=ended         2024-12-18 20:33:13
=result        ok
=elapsed       0.000001s
=case          ejabberd_SUITE:privacy_deny_bare_jid_master
=logfile       ejabberd_suite.privacy_deny_bare_jid_master.7812.html
=started       2024-12-18 20:33:14
=ended         2024-12-18 20:33:15
=result        ok
=elapsed       1.120963s
=case          ejabberd_SUITE:privacy_deny_bare_jid_slave
=logfile       ejabberd_suite.privacy_deny_bare_jid_slave.13186.html
=started       2024-12-18 20:33:14
=ended         2024-12-18 20:33:15
=result        ok
=elapsed       1.119797s
=case          ejabberd_SUITE:end_per_group
=logfile       ejabberd_suite.end_per_group.13218.html
=group_props   [{name,privacy_deny_bare_jid},parallel]
=started       2024-12-18 20:33:15
=ended         2024-12-18 20:33:15
=result        ok
=elapsed       0.000007s
=group_time    1.179s
=case          ejabberd_SUITE:init_per_group
=logfile       ejabberd_suite.init_per_group.13250.html
=group_props   [{name,privacy_deny_full_jid},parallel]
=started       2024-12-18 20:33:15
=ended         2024-12-18 20:33:15
=result        ok
=elapsed       0.000004s
=case          ejabberd_SUITE:privacy_deny_full_jid_master
=logfile       ejabberd_suite.privacy_deny_full_jid_master.13282.html
=started       2024-12-18 20:33:15
=ended         2024-12-18 20:33:16
=result        ok
=elapsed       1.121596s
=case          ejabberd_SUITE:privacy_deny_full_jid_slave
=logfile       ejabberd_suite.privacy_deny_full_jid_slave.13314.html
=started       2024-12-18 20:33:15
=ended         2024-12-18 20:33:16
=result        ok
=elapsed       1.124312s
=case          ejabberd_SUITE:end_per_group
=logfile       ejabberd_suite.end_per_group.13410.html
=group_props   [{name,privacy_deny_full_jid},parallel]
=started       2024-12-18 20:33:16
=ended         2024-12-18 20:33:16
=result        ok
=elapsed       0.000002s
=group_time    1.182s
=case          ejabberd_SUITE:init_per_group
=logfile       ejabberd_suite.init_per_group.13442.html
=group_props   [{name,privacy_deny_server_bare_jid},parallel]
=started       2024-12-18 20:33:16
=ended         2024-12-18 20:33:16
=result        ok
=elapsed       0.000002s
=case          ejabberd_SUITE:privacy_deny_server_bare_jid_master
=logfile       ejabberd_suite.privacy_deny_server_bare_jid_master.13474.html
=started       2024-12-18 20:33:16
=ended         2024-12-18 20:33:17
=result        ok
=elapsed       1.117360s
=case          ejabberd_SUITE:privacy_deny_server_bare_jid_slave
=logfile       ejabberd_suite.privacy_deny_server_bare_jid_slave.13506.html
=started       2024-12-18 20:33:16
=ended         2024-12-18 20:33:17
=result        ok
=elapsed       1.116418s
=case          ejabberd_SUITE:end_per_group
=logfile       ejabberd_suite.end_per_group.13507.html
=group_props   [{name,privacy_deny_server_bare_jid},parallel]
=started       2024-12-18 20:33:17
=ended         2024-12-18 20:33:17
=result        ok
=elapsed       0.000002s
=group_time    1.176s
=case          ejabberd_SUITE:init_per_group
=logfile       ejabberd_suite.init_per_group.13539.html
=group_props   [{name,privacy_deny_server_full_jid},parallel]
=started       2024-12-18 20:33:17
=ended         2024-12-18 20:33:17
=result        ok
=elapsed       0.000003s
=case          ejabberd_SUITE:privacy_deny_server_full_jid_master
=logfile       ejabberd_suite.privacy_deny_server_full_jid_master.13571.html
=started       2024-12-18 20:33:17
=ended         2024-12-18 20:33:18
=result        ok
=elapsed       1.119555s
=case          ejabberd_SUITE:privacy_deny_server_full_jid_slave
=logfile       ejabberd_suite.privacy_deny_server_full_jid_slave.13603.html
=started       2024-12-18 20:33:17
=ended         2024-12-18 20:33:18
=result        ok
=elapsed       1.118677s
=case          ejabberd_SUITE:end_per_group
=logfile       ejabberd_suite.end_per_group.13635.html
=group_props   [{name,privacy_deny_server_full_jid},parallel]
=started       2024-12-18 20:33:18
=ended         2024-12-18 20:33:18
=result        ok
=elapsed       0.000002s
=group_time    1.178s
=case          ejabberd_SUITE:init_per_group
=logfile       ejabberd_suite.init_per_group.13667.html
=group_props   [{name,privacy_deny_group},parallel]
=started       2024-12-18 20:33:18
=ended         2024-12-18 20:33:18
=result        ok
=elapsed       0.000003s
=case          ejabberd_SUITE:privacy_deny_group_master
=logfile       ejabberd_suite.privacy_deny_group_master.13698.html
=started       2024-12-18 20:33:18
=ended         2024-12-18 20:33:19
=result        ok
=elapsed       1.122461s
=case          ejabberd_SUITE:privacy_deny_group_slave
=logfile       ejabberd_suite.privacy_deny_group_slave.13699.html
=started       2024-12-18 20:33:18
=ended         2024-12-18 20:33:19
=result        ok
=elapsed       1.121410s
=case          ejabberd_SUITE:end_per_group
=logfile       ejabberd_suite.end_per_group.13826.html
=group_props   [{name,privacy_deny_group},parallel]
=started       2024-12-18 20:33:19
=ended         2024-12-18 20:33:20
=result        ok
=elapsed       0.000003s
=group_time    1.180s
=case          ejabberd_SUITE:init_per_group
=logfile       ejabberd_suite.init_per_group.13858.html
=group_props   [{name,privacy_deny_sub_both},parallel]
=started       2024-12-18 20:33:20
=ended         2024-12-18 20:33:20
=result        ok
=elapsed       0.000003s
=case          ejabberd_SUITE:privacy_deny_sub_both_master
=logfile       ejabberd_suite.privacy_deny_sub_both_master.13890.html
=started       2024-12-18 20:33:20
=ended         2024-12-18 20:33:21
=result        ok
=elapsed       1.124509s
=case          ejabberd_SUITE:privacy_deny_sub_both_slave
=logfile       ejabberd_suite.privacy_deny_sub_both_slave.13922.html
=started       2024-12-18 20:33:20
=ended         2024-12-18 20:33:21
=result        ok
=elapsed       1.125176s
=case          ejabberd_SUITE:end_per_group
=logfile       ejabberd_suite.end_per_group.8260.html
=group_props   [{name,privacy_deny_sub_both},parallel]
=started       2024-12-18 20:33:21
=ended         2024-12-18 20:33:21
=result        ok
=elapsed       0.000002s
=group_time    1.184s
=case          ejabberd_SUITE:init_per_group
=logfile       ejabberd_suite.init_per_group.13986.html
=group_props   [{name,privacy_deny_sub_from},parallel]
=started       2024-12-18 20:33:21
=ended         2024-12-18 20:33:21
=result        ok
=elapsed       0.000002s
=case          ejabberd_SUITE:privacy_deny_sub_from_master
=logfile       ejabberd_suite.privacy_deny_sub_from_master.14018.html
=started       2024-12-18 20:33:21
=ended         2024-12-18 20:33:22
=result        ok
=elapsed       1.121194s
=case          ejabberd_SUITE:privacy_deny_sub_from_slave
=logfile       ejabberd_suite.privacy_deny_sub_from_slave.14050.html
=started       2024-12-18 20:33:21
=ended         2024-12-18 20:33:22
=result        ok
=elapsed       1.121522s
=case          ejabberd_SUITE:end_per_group
=logfile       ejabberd_suite.end_per_group.14146.html
=group_props   [{name,privacy_deny_sub_from},parallel]
=started       2024-12-18 20:33:22
=ended         2024-12-18 20:33:22
=result        ok
=elapsed       0.000002s
=group_time    1.180s
=case          ejabberd_SUITE:init_per_group
=logfile       ejabberd_suite.init_per_group.14178.html
=group_props   [{name,privacy_deny_sub_to},parallel]
=started       2024-12-18 20:33:22
=ended         2024-12-18 20:33:22
=result        ok
=elapsed       0.000002s
=case          ejabberd_SUITE:privacy_deny_sub_to_master
=logfile       ejabberd_suite.privacy_deny_sub_to_master.14210.html
=started       2024-12-18 20:33:22
=ended         2024-12-18 20:33:23
=result        ok
=elapsed       1.119652s
=case          ejabberd_SUITE:privacy_deny_sub_to_slave
=logfile       ejabberd_suite.privacy_deny_sub_to_slave.13923.html
=started       2024-12-18 20:33:22
=ended         2024-12-18 20:33:23
=result        ok
=elapsed       1.118935s
=case          ejabberd_SUITE:end_per_group
=logfile       ejabberd_suite.end_per_group.14051.html
=group_props   [{name,privacy_deny_sub_to},parallel]
=started       2024-12-18 20:33:23
=ended         2024-12-18 20:33:23
=result        ok
=elapsed       0.000002s
=group_time    1.178s
=case          ejabberd_SUITE:init_per_group
=logfile       ejabberd_suite.init_per_group.14083.html
=group_props   [{name,privacy_deny_sub_none},parallel]
=started       2024-12-18 20:33:23
=ended         2024-12-18 20:33:23
=result        ok
=elapsed       0.000003s
=case          ejabberd_SUITE:privacy_deny_sub_none_master
=logfile       ejabberd_suite.privacy_deny_sub_none_master.14370.html
=started       2024-12-18 20:33:23
=ended         2024-12-18 20:33:24
=result        ok
=elapsed       1.116092s
=case          ejabberd_SUITE:privacy_deny_sub_none_slave
=logfile       ejabberd_suite.privacy_deny_sub_none_slave.14402.html
=started       2024-12-18 20:33:23
=ended         2024-12-18 20:33:24
=result        ok
=elapsed       1.116639s
=case          ejabberd_SUITE:end_per_group
=logfile       ejabberd_suite.end_per_group.14498.html
=group_props   [{name,privacy_deny_sub_none},parallel]
=started       2024-12-18 20:33:24
=ended         2024-12-18 20:33:24
=result        ok
=elapsed       0.000002s
=group_time    1.174s
=case          ejabberd_SUITE:init_per_group
=logfile       ejabberd_suite.init_per_group.14530.html
=group_props   [{name,privacy_deny_all},parallel]
=started       2024-12-18 20:33:24
=ended         2024-12-18 20:33:24
=result        ok
=elapsed       0.000009s
=case          ejabberd_SUITE:privacy_deny_all_master
=logfile       ejabberd_suite.privacy_deny_all_master.14562.html
=started       2024-12-18 20:33:24
=ended         2024-12-18 20:33:25
=result        ok
=elapsed       1.120581s
=case          ejabberd_SUITE:privacy_deny_all_slave
=logfile       ejabberd_suite.privacy_deny_all_slave.14594.html
=started       2024-12-18 20:33:24
=ended         2024-12-18 20:33:25
=result        ok
=elapsed       1.121239s
=case          ejabberd_SUITE:end_per_group
=logfile       ejabberd_suite.end_per_group.14658.html
=group_props   [{name,privacy_deny_all},parallel]
=started       2024-12-18 20:33:25
=ended         2024-12-18 20:33:26
=result        ok
=elapsed       0.000008s
=group_time    1.180s
=case          ejabberd_SUITE:init_per_group
=logfile       ejabberd_suite.init_per_group.14690.html
=group_props   [{name,privacy_deny_offline},parallel]
=started       2024-12-18 20:33:26
=ended         2024-12-18 20:33:26
=result        ok
=elapsed       0.000003s
=case          ejabberd_SUITE:privacy_deny_offline_master
=logfile       ejabberd_suite.privacy_deny_offline_master.14722.html
=started       2024-12-18 20:33:26
=ended         2024-12-18 20:33:26
=result        ok
=elapsed       0.232085s
=case          ejabberd_SUITE:privacy_deny_offline_slave
=logfile       ejabberd_suite.privacy_deny_offline_slave.14754.html
=started       2024-12-18 20:33:26
=ended         2024-12-18 20:33:26
=result        ok
=elapsed       0.333209s
=case          ejabberd_SUITE:end_per_group
=logfile       ejabberd_suite.end_per_group.14786.html
=group_props   [{name,privacy_deny_offline},parallel]
=started       2024-12-18 20:33:26
=ended         2024-12-18 20:33:26
=result        ok
=elapsed       0.000002s
=group_time    0.391s
=case          ejabberd_SUITE:init_per_group
=logfile       ejabberd_suite.init_per_group.14818.html
=group_props   [{name,privacy_block},parallel]
=started       2024-12-18 20:33:26
=ended         2024-12-18 20:33:26
=result        ok
=elapsed       0.000003s
=case          ejabberd_SUITE:privacy_block_master
=logfile       ejabberd_suite.privacy_block_master.14850.html
=started       2024-12-18 20:33:26
=ended         2024-12-18 20:33:26
=result        ok
=elapsed       0.417370s
=case          ejabberd_SUITE:privacy_block_slave
=logfile       ejabberd_suite.privacy_block_slave.14882.html
=started       2024-12-18 20:33:26
=ended         2024-12-18 20:33:26
=result        ok
=elapsed       0.415896s
=case          ejabberd_SUITE:end_per_group
=logfile       ejabberd_suite.end_per_group.15010.html
=group_props   [{name,privacy_block},parallel]
=started       2024-12-18 20:33:26
=ended         2024-12-18 20:33:26
=result        ok
=elapsed       0.000002s
=group_time    0.475s
=case          ejabberd_SUITE:init_per_group
=logfile       ejabberd_suite.init_per_group.15042.html
=group_props   [{name,privacy_unblock},parallel]
=started       2024-12-18 20:33:26
=ended         2024-12-18 20:33:26
=result        ok
=elapsed       0.000003s
=case          ejabberd_SUITE:privacy_unblock_master
=logfile       ejabberd_suite.privacy_unblock_master.8676.html
=started       2024-12-18 20:33:26
=ended         2024-12-18 20:33:27
=result        ok
=elapsed       0.190823s
=case          ejabberd_SUITE:privacy_unblock_slave
=logfile       ejabberd_suite.privacy_unblock_slave.14435.html
=started       2024-12-18 20:33:26
=ended         2024-12-18 20:33:27
=result        ok
=elapsed       0.188216s
=case          ejabberd_SUITE:end_per_group
=logfile       ejabberd_suite.end_per_group.8740.html
=group_props   [{name,privacy_unblock},parallel]
=started       2024-12-18 20:33:27
=ended         2024-12-18 20:33:27
=result        ok
=elapsed       0.000002s
=group_time    0.247s
=case          ejabberd_SUITE:init_per_group
=logfile       ejabberd_suite.init_per_group.8772.html
=group_props   [{name,privacy_unblock_all},parallel]
=started       2024-12-18 20:33:27
=ended         2024-12-18 20:33:27
=result        ok
=elapsed       0.000002s
=case          ejabberd_SUITE:privacy_unblock_all_master
=logfile       ejabberd_suite.privacy_unblock_all_master.8804.html
=started       2024-12-18 20:33:27
=ended         2024-12-18 20:33:27
=result        ok
=elapsed       0.189999s
=case          ejabberd_SUITE:privacy_unblock_all_slave
=logfile       ejabberd_suite.privacy_unblock_all_slave.8836.html
=started       2024-12-18 20:33:27
=ended         2024-12-18 20:33:27
=result        ok
=elapsed       0.187842s
=case          ejabberd_SUITE:end_per_group
=logfile       ejabberd_suite.end_per_group.15170.html
=group_props   [{name,privacy_unblock_all},parallel]
=started       2024-12-18 20:33:27
=ended         2024-12-18 20:33:27
=result        ok
=elapsed       0.000002s
=group_time    0.248s
=case          ejabberd_SUITE:end_per_group
=logfile       ejabberd_suite.end_per_group.5445.html
=group_props   [{name,privacy_master_slave},sequence]
=started       2024-12-18 20:33:27
=ended         2024-12-18 20:33:27
=result        ok
=elapsed       0.000002s
=group_time    13.529s
=case          ejabberd_SUITE:init_per_group
=logfile       ejabberd_suite.init_per_group.5477.html
=group_props   [{name,pubsub_master_slave},sequence]
=started       2024-12-18 20:33:27
=ended         2024-12-18 20:33:27
=result        ok
=elapsed       0.000004s
=case          ejabberd_SUITE:init_per_group
=logfile       ejabberd_suite.init_per_group.5509.html
=group_props   [{name,pubsub_publish},parallel]
=started       2024-12-18 20:33:27
=ended         2024-12-18 20:33:27
=result        ok
=elapsed       0.000002s
=case          ejabberd_SUITE:pubsub_publish_master
=logfile       ejabberd_suite.pubsub_publish_master.5541.html
=started       2024-12-18 20:33:27
=ended         2024-12-18 20:33:27
=result        ok
=elapsed       0.104827s
=case          ejabberd_SUITE:pubsub_publish_slave
=logfile       ejabberd_suite.pubsub_publish_slave.5573.html
=started       2024-12-18 20:33:27
=ended         2024-12-18 20:33:27
=result        ok
=elapsed       0.103072s
=case          ejabberd_SUITE:end_per_group
=logfile       ejabberd_suite.end_per_group.5669.html
=group_props   [{name,pubsub_publish},parallel]
=started       2024-12-18 20:33:27
=ended         2024-12-18 20:33:27
=result        ok
=elapsed       0.000002s
=group_time    0.162s
=case          ejabberd_SUITE:init_per_group
=logfile       ejabberd_suite.init_per_group.14563.html
=group_props   [{name,pubsub_subscriptions},parallel]
=started       2024-12-18 20:33:27
=ended         2024-12-18 20:33:27
=result        ok
=elapsed       0.000002s
=case          ejabberd_SUITE:pubsub_subscriptions_master
=logfile       ejabberd_suite.pubsub_subscriptions_master.15234.html
=started       2024-12-18 20:33:27
=ended         2024-12-18 20:33:27
=result        ok
=elapsed       0.112988s
=case          ejabberd_SUITE:pubsub_subscriptions_slave
=logfile       ejabberd_suite.pubsub_subscriptions_slave.14595.html
=started       2024-12-18 20:33:27
=ended         2024-12-18 20:33:27
=result        ok
=elapsed       0.109260s
=case          ejabberd_SUITE:end_per_group
=logfile       ejabberd_suite.end_per_group.14627.html
=group_props   [{name,pubsub_subscriptions},parallel]
=started       2024-12-18 20:33:27
=ended         2024-12-18 20:33:27
=result        ok
=elapsed       0.000007s
=group_time    0.169s
=case          ejabberd_SUITE:init_per_group
=logfile       ejabberd_suite.init_per_group.14659.html
=group_props   [{name,pubsub_affiliations},parallel]
=started       2024-12-18 20:33:27
=ended         2024-12-18 20:33:27
=result        ok
=elapsed       0.000002s
=case          ejabberd_SUITE:pubsub_affiliations_master
=logfile       ejabberd_suite.pubsub_affiliations_master.14691.html
=started       2024-12-18 20:33:27
=ended         2024-12-18 20:33:29
=result        ok
=elapsed       1.714156s
=case          ejabberd_SUITE:pubsub_affiliations_slave
=logfile       ejabberd_suite.pubsub_affiliations_slave.14723.html
=started       2024-12-18 20:33:27
=ended         2024-12-18 20:33:29
=result        ok
=elapsed       1.734173s
=case          ejabberd_SUITE:end_per_group
=logfile       ejabberd_suite.end_per_group.14787.html
=group_props   [{name,pubsub_affiliations},parallel]
=started       2024-12-18 20:33:29
=ended         2024-12-18 20:33:29
=result        ok
=elapsed       0.000006s
=group_time    1.790s
=case          ejabberd_SUITE:init_per_group
=logfile       ejabberd_suite.init_per_group.15426.html
=group_props   [{name,pubsub_authorize},parallel]
=started       2024-12-18 20:33:29
=ended         2024-12-18 20:33:29
=result        ok
=elapsed       0.000003s
=case          ejabberd_SUITE:pubsub_authorize_master
=logfile       ejabberd_suite.pubsub_authorize_master.15458.html
=started       2024-12-18 20:33:29
=ended         2024-12-18 20:33:29
=result        ok
=elapsed       0.198549s
=case          ejabberd_SUITE:pubsub_authorize_slave
=logfile       ejabberd_suite.pubsub_authorize_slave.15490.html
=started       2024-12-18 20:33:29
=ended         2024-12-18 20:33:29
=result        ok
=elapsed       0.154462s
=case          ejabberd_SUITE:end_per_group
=logfile       ejabberd_suite.end_per_group.15586.html
=group_props   [{name,pubsub_authorize},parallel]
=started       2024-12-18 20:33:29
=ended         2024-12-18 20:33:30
=result        ok
=elapsed       0.000002s
=group_time    0.254s
=case          ejabberd_SUITE:end_per_group
=logfile       ejabberd_suite.end_per_group.15618.html
=group_props   [{name,pubsub_master_slave},sequence]
=started       2024-12-18 20:33:30
=ended         2024-12-18 20:33:30
=result        ok
=elapsed       0.000002s
=group_time    2.500s
=case          ejabberd_SUITE:init_per_group
=logfile       ejabberd_suite.init_per_group.15650.html
=group_props   [{name,roster_master_slave},sequence]
=started       2024-12-18 20:33:30
=ended         2024-12-18 20:33:30
=result        ok
=elapsed       0.000003s
=case          ejabberd_SUITE:init_per_group
=logfile       ejabberd_suite.init_per_group.15682.html
=group_props   [{name,roster_subscribe},parallel]
=started       2024-12-18 20:33:30
=ended         2024-12-18 20:33:30
=result        ok
=elapsed       0.000002s
=case          ejabberd_SUITE:roster_subscribe_master
=logfile       ejabberd_suite.roster_subscribe_master.15714.html
=started       2024-12-18 20:33:30
=ended         2024-12-18 20:33:42
=result        ok
=elapsed       12.201218s
=case          ejabberd_SUITE:roster_subscribe_slave
=logfile       ejabberd_suite.roster_subscribe_slave.15746.html
=started       2024-12-18 20:33:30
=ended         2024-12-18 20:33:42
=result        ok
=elapsed       12.201276s
=case          ejabberd_SUITE:end_per_group
=logfile       ejabberd_suite.end_per_group.17794.html
=group_props   [{name,roster_subscribe},parallel]
=started       2024-12-18 20:33:42
=ended         2024-12-18 20:33:42
=result        ok
=elapsed       0.000002s
=group_time    12.258s
=case          ejabberd_SUITE:end_per_group
=logfile       ejabberd_suite.end_per_group.17826.html
=group_props   [{name,roster_master_slave},sequence]
=started       2024-12-18 20:33:42
=ended         2024-12-18 20:33:42
=result        ok
=elapsed       0.000001s
=group_time    12.308s
=case          ejabberd_SUITE:init_per_group
=logfile       ejabberd_suite.init_per_group.17858.html
=group_props   [{name,offline_master_slave},sequence]
=started       2024-12-18 20:33:42
=ended         2024-12-18 20:33:42
=result        ok
=elapsed       0.000003s
=case          ejabberd_SUITE:init_per_group
=logfile       ejabberd_suite.init_per_group.17890.html
=group_props   [{name,offline_flex},parallel]
=started       2024-12-18 20:33:42
=ended         2024-12-18 20:33:42
=result        ok
=elapsed       0.000001s
=case          ejabberd_SUITE:offline_flex_master
=logfile       ejabberd_suite.offline_flex_master.17922.html
=started       2024-12-18 20:33:42
=ended         2024-12-18 20:33:42
=result        ok
=elapsed       0.202408s
=case          ejabberd_SUITE:offline_flex_slave
=logfile       ejabberd_suite.offline_flex_slave.17954.html
=started       2024-12-18 20:33:42
=ended         2024-12-18 20:33:42
=result        ok
=elapsed       0.316571s
=case          ejabberd_SUITE:end_per_group
=logfile       ejabberd_suite.end_per_group.18018.html
=group_props   [{name,offline_flex},parallel]
=started       2024-12-18 20:33:42
=ended         2024-12-18 20:33:42
=result        ok
=elapsed       0.000002s
=group_time    0.374s
=case          ejabberd_SUITE:init_per_group
=logfile       ejabberd_suite.init_per_group.18050.html
=group_props   [{name,offline_send_all},parallel]
=started       2024-12-18 20:33:42
=ended         2024-12-18 20:33:42
=result        ok
=elapsed       0.000002s
=case          ejabberd_SUITE:offline_send_all_master
=logfile       ejabberd_suite.offline_send_all_master.18082.html
=started       2024-12-18 20:33:42
=ended         2024-12-18 20:33:56
=result        ok
=elapsed       13.768212s
=case          ejabberd_SUITE:offline_send_all_slave
=logfile       ejabberd_suite.offline_send_all_slave.18114.html
=started       2024-12-18 20:33:42
=ended         2024-12-18 20:33:56
=result        ok
=elapsed       13.912244s
=case          ejabberd_SUITE:end_per_group
=logfile       ejabberd_suite.end_per_group.18210.html
=group_props   [{name,offline_send_all},parallel]
=started       2024-12-18 20:33:56
=ended         2024-12-18 20:33:56
=result        ok
=elapsed       0.000007s
=group_time    13.968s
=case          ejabberd_SUITE:init_per_group
=logfile       ejabberd_suite.init_per_group.18242.html
=group_props   [{name,offline_from_mam},parallel]
=started       2024-12-18 20:33:56
=ended         2024-12-18 20:33:56
=result        ok
=elapsed       0.000004s
=case          ejabberd_SUITE:offline_from_mam_master
=logfile       ejabberd_suite.offline_from_mam_master.18274.html
=started       2024-12-18 20:33:56
=ended         2024-12-18 20:34:10
=result        ok
=elapsed       13.884540s
=case          ejabberd_SUITE:offline_from_mam_slave
=logfile       ejabberd_suite.offline_from_mam_slave.18306.html
=started       2024-12-18 20:33:56
=ended         2024-12-18 20:34:10
=result        ok
=elapsed       14.063843s
=case          ejabberd_SUITE:end_per_group
=logfile       ejabberd_suite.end_per_group.10660.html
=group_props   [{name,offline_from_mam},parallel]
=started       2024-12-18 20:34:10
=ended         2024-12-18 20:34:10
=result        ok
=elapsed       0.000002s
=group_time    14.119s
=case          ejabberd_SUITE:init_per_group
=logfile       ejabberd_suite.init_per_group.10692.html
=group_props   [{name,offline_mucsub_mam},parallel]
=started       2024-12-18 20:34:10
=ended         2024-12-18 20:34:10
=result        ok
=elapsed       0.000003s
=case          ejabberd_SUITE:offline_mucsub_mam_master
=logfile       ejabberd_suite.offline_mucsub_mam_master.10724.html
=started       2024-12-18 20:34:10
=ended         2024-12-18 20:34:11
=result        ok
=elapsed       0.221085s
=case          ejabberd_SUITE:offline_mucsub_mam_slave
=logfile       ejabberd_suite.offline_mucsub_mam_slave.10756.html
=started       2024-12-18 20:34:10
=ended         2024-12-18 20:34:11
=result        ok
=elapsed       0.218505s
=case          ejabberd_SUITE:end_per_group
=logfile       ejabberd_suite.end_per_group.10884.html
=group_props   [{name,offline_mucsub_mam},parallel]
=started       2024-12-18 20:34:11
=ended         2024-12-18 20:34:11
=result        ok
=elapsed       0.000002s
=group_time    0.277s
=case          ejabberd_SUITE:end_per_group
=logfile       ejabberd_suite.end_per_group.10916.html
=group_props   [{name,offline_master_slave},sequence]
=started       2024-12-18 20:34:11
=ended         2024-12-18 20:34:11
=result        ok
=elapsed       0.000001s
=group_time    28.864s
=case          ejabberd_SUITE:init_per_group
=logfile       ejabberd_suite.init_per_group.18434.html
=group_props   [{name,mam_master_slave},sequence]
=started       2024-12-18 20:34:11
=ended         2024-12-18 20:34:11
=result        ok
=elapsed       0.000003s
=case          ejabberd_SUITE:init_per_group
=logfile       ejabberd_suite.init_per_group.18466.html
=group_props   [{name,mam_archived_and_stanza_id},parallel]
=started       2024-12-18 20:34:11
=ended         2024-12-18 20:34:11
=result        ok
=elapsed       0.000002s
=case          ejabberd_SUITE:mam_archived_and_stanza_id_master
=logfile       ejabberd_suite.mam_archived_and_stanza_id_master.18498.html
=started       2024-12-18 20:34:11
=ended         2024-12-18 20:34:11
=result        ok
=elapsed       0.146006s
=case          ejabberd_SUITE:mam_archived_and_stanza_id_slave
=logfile       ejabberd_suite.mam_archived_and_stanza_id_slave.18530.html
=started       2024-12-18 20:34:11
=ended         2024-12-18 20:34:11
=result        ok
=elapsed       0.148792s
=case          ejabberd_SUITE:end_per_group
=logfile       ejabberd_suite.end_per_group.18594.html
=group_props   [{name,mam_archived_and_stanza_id},parallel]
=started       2024-12-18 20:34:11
=ended         2024-12-18 20:34:11
=result        ok
=elapsed       0.000007s
=group_time    0.206s
=case          ejabberd_SUITE:init_per_group
=logfile       ejabberd_suite.init_per_group.18626.html
=group_props   [{name,mam_query_all},parallel]
=started       2024-12-18 20:34:11
=ended         2024-12-18 20:34:11
=result        ok
=elapsed       0.000002s
=case          ejabberd_SUITE:mam_query_all_master
=logfile       ejabberd_suite.mam_query_all_master.18658.html
=started       2024-12-18 20:34:11
=ended         2024-12-18 20:34:11
=result        ok
=elapsed       0.179760s
=case          ejabberd_SUITE:mam_query_all_slave
=logfile       ejabberd_suite.mam_query_all_slave.18690.html
=started       2024-12-18 20:34:11
=ended         2024-12-18 20:34:11
=result        ok
=elapsed       0.177980s
=case          ejabberd_SUITE:end_per_group
=logfile       ejabberd_suite.end_per_group.18850.html
=group_props   [{name,mam_query_all},parallel]
=started       2024-12-18 20:34:11
=ended         2024-12-18 20:34:11
=result        ok
=elapsed       0.000009s
=group_time    0.237s
=case          ejabberd_SUITE:init_per_group
=logfile       ejabberd_suite.init_per_group.10980.html
=group_props   [{name,mam_query_with},parallel]
=started       2024-12-18 20:34:11
=ended         2024-12-18 20:34:11
=result        ok
=elapsed       0.000002s
=case          ejabberd_SUITE:mam_query_with_master
=logfile       ejabberd_suite.mam_query_with_master.11012.html
=started       2024-12-18 20:34:11
=ended         2024-12-18 20:34:12
=result        ok
=elapsed       0.188634s
=case          ejabberd_SUITE:mam_query_with_slave
=logfile       ejabberd_suite.mam_query_with_slave.11044.html
=started       2024-12-18 20:34:11
=ended         2024-12-18 20:34:12
=result        ok
=elapsed       0.191524s
=case          ejabberd_SUITE:end_per_group
=logfile       ejabberd_suite.end_per_group.18882.html
=group_props   [{name,mam_query_with},parallel]
=started       2024-12-18 20:34:12
=ended         2024-12-18 20:34:12
=result        ok
=elapsed       0.000002s
=group_time    0.248s
=case          ejabberd_SUITE:init_per_group
=logfile       ejabberd_suite.init_per_group.18914.html
=group_props   [{name,mam_query_rsm_max},parallel]
=started       2024-12-18 20:34:12
=ended         2024-12-18 20:34:12
=result        ok
=elapsed       0.000002s
=case          ejabberd_SUITE:mam_query_rsm_max_master
=logfile       ejabberd_suite.mam_query_rsm_max_master.18946.html
=started       2024-12-18 20:34:12
=ended         2024-12-18 20:34:12
=result        ok
=elapsed       0.217508s
=case          ejabberd_SUITE:mam_query_rsm_max_slave
=logfile       ejabberd_suite.mam_query_rsm_max_slave.11172.html
=started       2024-12-18 20:34:12
=ended         2024-12-18 20:34:12
=result        ok
=elapsed       0.231780s
=case          ejabberd_SUITE:end_per_group
=logfile       ejabberd_suite.end_per_group.11300.html
=group_props   [{name,mam_query_rsm_max},parallel]
=started       2024-12-18 20:34:12
=ended         2024-12-18 20:34:12
=result        ok
=elapsed       0.000002s
=group_time    0.289s
=case          ejabberd_SUITE:init_per_group
=logfile       ejabberd_suite.init_per_group.11332.html
=group_props   [{name,mam_query_rsm_after},parallel]
=started       2024-12-18 20:34:12
=ended         2024-12-18 20:34:12
=result        ok
=elapsed       0.000002s
=case          ejabberd_SUITE:mam_query_rsm_after_master
=logfile       ejabberd_suite.mam_query_rsm_after_master.16131.html
=started       2024-12-18 20:34:12
=ended         2024-12-18 20:34:12
=result        ok
=elapsed       0.211236s
=case          ejabberd_SUITE:mam_query_rsm_after_slave
=logfile       ejabberd_suite.mam_query_rsm_after_slave.18978.html
=started       2024-12-18 20:34:12
=ended         2024-12-18 20:34:12
=result        ok
=elapsed       0.210471s
=case          ejabberd_SUITE:end_per_group
=logfile       ejabberd_suite.end_per_group.5893.html
=group_props   [{name,mam_query_rsm_after},parallel]
=started       2024-12-18 20:34:12
=ended         2024-12-18 20:34:12
=result        ok
=elapsed       0.000002s
=group_time    0.270s
=case          ejabberd_SUITE:init_per_group
=logfile       ejabberd_suite.init_per_group.5925.html
=group_props   [{name,mam_query_rsm_before},parallel]
=started       2024-12-18 20:34:12
=ended         2024-12-18 20:34:12
=result        ok
=elapsed       0.000003s
=case          ejabberd_SUITE:mam_query_rsm_before_master
=logfile       ejabberd_suite.mam_query_rsm_before_master.5957.html
=started       2024-12-18 20:34:12
=ended         2024-12-18 20:34:12
=result        ok
=elapsed       0.211890s
=case          ejabberd_SUITE:mam_query_rsm_before_slave
=logfile       ejabberd_suite.mam_query_rsm_before_slave.5989.html
=started       2024-12-18 20:34:12
=ended         2024-12-18 20:34:12
=result        ok
=elapsed       0.216898s
=case          ejabberd_SUITE:end_per_group
=logfile       ejabberd_suite.end_per_group.6021.html
=group_props   [{name,mam_query_rsm_before},parallel]
=started       2024-12-18 20:34:12
=ended         2024-12-18 20:34:12
=result        ok
=elapsed       0.000002s
=group_time    0.272s
=case          ejabberd_SUITE:init_per_group
=logfile       ejabberd_suite.init_per_group.6053.html
=group_props   [{name,mam_muc},parallel]
=started       2024-12-18 20:34:12
=ended         2024-12-18 20:34:12
=result        ok
=elapsed       0.000002s
=case          ejabberd_SUITE:mam_muc_master
=logfile       ejabberd_suite.mam_muc_master.6085.html
=started       2024-12-18 20:34:12
=ended         2024-12-18 20:34:13
=result        ok
=elapsed       0.147231s
=case          ejabberd_SUITE:mam_muc_slave
=logfile       ejabberd_suite.mam_muc_slave.6117.html
=started       2024-12-18 20:34:12
=ended         2024-12-18 20:34:13
=result        ok
=elapsed       0.144235s
=case          ejabberd_SUITE:end_per_group
=logfile       ejabberd_suite.end_per_group.6149.html
=group_props   [{name,mam_muc},parallel]
=started       2024-12-18 20:34:13
=ended         2024-12-18 20:34:13
=result        ok
=elapsed       0.000002s
=group_time    0.204s
=case          ejabberd_SUITE:init_per_group
=logfile       ejabberd_suite.init_per_group.6181.html
=group_props   [{name,mam_mucsub},parallel]
=started       2024-12-18 20:34:13
=ended         2024-12-18 20:34:13
=result        ok
=elapsed       0.000003s
=case          ejabberd_SUITE:mam_mucsub_master
=logfile       ejabberd_suite.mam_mucsub_master.6213.html
=started       2024-12-18 20:34:13
=ended         2024-12-18 20:34:13
=result        ok
=elapsed       0.126675s
=case          ejabberd_SUITE:mam_mucsub_slave
=logfile       ejabberd_suite.mam_mucsub_slave.11492.html
=started       2024-12-18 20:34:13
=ended         2024-12-18 20:34:13
=result        ok
=elapsed       0.123425s
=case          ejabberd_SUITE:end_per_group
=logfile       ejabberd_suite.end_per_group.11620.html
=group_props   [{name,mam_mucsub},parallel]
=started       2024-12-18 20:34:13
=ended         2024-12-18 20:34:13
=result        ok
=elapsed       0.000002s
=group_time    0.183s
=case          ejabberd_SUITE:init_per_group
=logfile       ejabberd_suite.init_per_group.11652.html
=group_props   [{name,mam_mucsub_from_muc},parallel]
=started       2024-12-18 20:34:13
=ended         2024-12-18 20:34:13
=result        ok
=elapsed       0.000002s
=case          ejabberd_SUITE:mam_mucsub_from_muc_master
=logfile       ejabberd_suite.mam_mucsub_from_muc_master.6309.html
=started       2024-12-18 20:34:13
=ended         2024-12-18 20:34:13
=result        ok
=elapsed       0.125954s
=case          ejabberd_SUITE:mam_mucsub_from_muc_slave
=logfile       ejabberd_suite.mam_mucsub_from_muc_slave.6341.html
=started       2024-12-18 20:34:13
=ended         2024-12-18 20:34:13
=result        ok
=elapsed       0.124853s
=case          ejabberd_SUITE:end_per_group
=logfile       ejabberd_suite.end_per_group.6437.html
=group_props   [{name,mam_mucsub_from_muc},parallel]
=started       2024-12-18 20:34:13
=ended         2024-12-18 20:34:13
=result        ok
=elapsed       0.000003s
=group_time    0.182s
=case          ejabberd_SUITE:init_per_group
=logfile       ejabberd_suite.init_per_group.6469.html
=group_props   [{name,mam_mucsub_from_muc_non_persistent},parallel]
=started       2024-12-18 20:34:13
=ended         2024-12-18 20:34:13
=result        ok
=elapsed       0.000002s
=case          ejabberd_SUITE:mam_mucsub_from_muc_non_persistent_master
=logfile       ejabberd_suite.mam_mucsub_from_muc_non_persistent_master.6501.html
=started       2024-12-18 20:34:13
=ended         2024-12-18 20:34:13
=result        ok
=elapsed       0.124882s
=case          ejabberd_SUITE:mam_mucsub_from_muc_non_persistent_slave
=logfile       ejabberd_suite.mam_mucsub_from_muc_non_persistent_slave.6533.html
=started       2024-12-18 20:34:13
=ended         2024-12-18 20:34:13
=result        ok
=elapsed       0.122982s
=case          ejabberd_SUITE:end_per_group
=logfile       ejabberd_suite.end_per_group.6565.html
=group_props   [{name,mam_mucsub_from_muc_non_persistent},parallel]
=started       2024-12-18 20:34:13
=ended         2024-12-18 20:34:13
=result        ok
=elapsed       0.000002s
=group_time    0.183s
=case          ejabberd_SUITE:end_per_group
=logfile       ejabberd_suite.end_per_group.6597.html
=group_props   [{name,mam_master_slave},sequence]
=started       2024-12-18 20:34:13
=ended         2024-12-18 20:34:13
=result        ok
=elapsed       0.000002s
=group_time    2.551s
=case          ejabberd_SUITE:init_per_group
=logfile       ejabberd_suite.init_per_group.6629.html
=group_props   [{name,announce_master_slave},sequence]
=started       2024-12-18 20:34:13
=ended         2024-12-18 20:34:13
=result        ok
=elapsed       0.000003s
=case          ejabberd_SUITE:init_per_group
=logfile       ejabberd_suite.init_per_group.6661.html
=group_props   [{name,announce_set_motd},parallel]
=started       2024-12-18 20:34:13
=ended         2024-12-18 20:34:13
=result        ok
=elapsed       0.000002s
=case          ejabberd_SUITE:announce_set_motd_master
=logfile       ejabberd_suite.announce_set_motd_master.6693.html
=started       2024-12-18 20:34:13
=ended         2024-12-18 20:34:14
=result        ok
=elapsed       0.103635s
=case          ejabberd_SUITE:announce_set_motd_slave
=logfile       ejabberd_suite.announce_set_motd_slave.19330.html
=started       2024-12-18 20:34:13
=ended         2024-12-18 20:34:14
=result        ok
=elapsed       0.102744s
=case          ejabberd_SUITE:end_per_group
=logfile       ejabberd_suite.end_per_group.19394.html
=group_props   [{name,announce_set_motd},parallel]
=started       2024-12-18 20:34:14
=ended         2024-12-18 20:34:14
=result        ok
=elapsed       0.000002s
=group_time    0.161s
=case          ejabberd_SUITE:end_per_group
=logfile       ejabberd_suite.end_per_group.19426.html
=group_props   [{name,announce_master_slave},sequence]
=started       2024-12-18 20:34:14
=ended         2024-12-18 20:34:14
=result        ok
=elapsed       0.000007s
=group_time    0.210s
=case          ejabberd_SUITE:init_per_group
=logfile       ejabberd_suite.init_per_group.19458.html
=group_props   [{name,csi_master_slave},sequence]
=started       2024-12-18 20:34:14
=ended         2024-12-18 20:34:14
=result        ok
=elapsed       0.000002s
=case          ejabberd_SUITE:init_per_group
=logfile       ejabberd_suite.init_per_group.19490.html
=group_props   [{name,csi_all},parallel]
=started       2024-12-18 20:34:14
=ended         2024-12-18 20:34:14
=result        ok
=elapsed       0.000001s
=case          ejabberd_SUITE:csi_all_master
=logfile       ejabberd_suite.csi_all_master.19522.html
=started       2024-12-18 20:34:14
=ended         2024-12-18 20:34:14
=result        ok
=elapsed       0.233129s
=case          ejabberd_SUITE:csi_all_slave
=logfile       ejabberd_suite.csi_all_slave.19554.html
=started       2024-12-18 20:34:14
=ended         2024-12-18 20:34:14
=result        ok
=elapsed       0.232292s
=case          ejabberd_SUITE:end_per_group
=logfile       ejabberd_suite.end_per_group.11812.html
=group_props   [{name,csi_all},parallel]
=started       2024-12-18 20:34:14
=ended         2024-12-18 20:34:14
=result        ok
=elapsed       0.000002s
=group_time    0.290s
=case          ejabberd_SUITE:end_per_group
=logfile       ejabberd_suite.end_per_group.11844.html
=group_props   [{name,csi_master_slave},sequence]
=started       2024-12-18 20:34:14
=ended         2024-12-18 20:34:14
=result        ok
=elapsed       0.000001s
=group_time    0.340s
=case          ejabberd_SUITE:init_per_group
=logfile       ejabberd_suite.init_per_group.6821.html
=group_props   [{name,push_master_slave},sequence]
=started       2024-12-18 20:34:14
=ended         2024-12-18 20:34:14
=result        ok
=elapsed       0.000003s
=case          ejabberd_SUITE:init_per_group
=logfile       ejabberd_suite.init_per_group.6853.html
=group_props   [{name,push_sm},parallel]
=started       2024-12-18 20:34:14
=ended         2024-12-18 20:34:14
=result        ok
=elapsed       0.000002s
=case          ejabberd_SUITE:push_sm_master
=logfile       ejabberd_suite.push_sm_master.6885.html
=started       2024-12-18 20:34:14
=ended         2024-12-18 20:34:22
=result        ok
=elapsed       8.107087s
=case          ejabberd_SUITE:push_sm_slave
=logfile       ejabberd_suite.push_sm_slave.6917.html
=started       2024-12-18 20:34:14
=ended         2024-12-18 20:34:14
=result        ok
=elapsed       0.002228s
=case          ejabberd_SUITE:end_per_group
=logfile       ejabberd_suite.end_per_group.19650.html
=group_props   [{name,push_sm},parallel]
=started       2024-12-18 20:34:22
=ended         2024-12-18 20:34:22
=result        ok
=elapsed       0.000003s
=group_time    8.164s
=case          ejabberd_SUITE:init_per_group
=logfile       ejabberd_suite.init_per_group.19682.html
=group_props   [{name,push_offline},parallel]
=started       2024-12-18 20:34:22
=ended         2024-12-18 20:34:22
=result        ok
=elapsed       0.000003s
=case          ejabberd_SUITE:push_offline_master
=logfile       ejabberd_suite.push_offline_master.19714.html
=started       2024-12-18 20:34:22
=ended         2024-12-18 20:34:22
=result        ok
=elapsed       0.246979s
=case          ejabberd_SUITE:push_offline_slave
=logfile       ejabberd_suite.push_offline_slave.6981.html
=started       2024-12-18 20:34:22
=ended         2024-12-18 20:34:22
=result        ok
=elapsed       0.103750s
=case          ejabberd_SUITE:end_per_group
=logfile       ejabberd_suite.end_per_group.7013.html
=group_props   [{name,push_offline},parallel]
=started       2024-12-18 20:34:22
=ended         2024-12-18 20:34:22
=result        ok
=elapsed       0.000002s
=group_time    0.307s
=case          ejabberd_SUITE:init_per_group
=logfile       ejabberd_suite.init_per_group.7045.html
=group_props   [{name,push_mam},parallel]
=started       2024-12-18 20:34:22
=ended         2024-12-18 20:34:22
=result        ok
=elapsed       0.000003s
=case          ejabberd_SUITE:push_mam_master
=logfile       ejabberd_suite.push_mam_master.7077.html
=started       2024-12-18 20:34:23
=ended         2024-12-18 20:34:23
=result        ok
=elapsed       0.145860s
=case          ejabberd_SUITE:push_mam_slave
=logfile       ejabberd_suite.push_mam_slave.19810.html
=started       2024-12-18 20:34:23
=ended         2024-12-18 20:34:23
=result        ok
=elapsed       0.249826s
=case          ejabberd_SUITE:end_per_group
=logfile       ejabberd_suite.end_per_group.19842.html
=group_props   [{name,push_mam},parallel]
=started       2024-12-18 20:34:23
=ended         2024-12-18 20:34:23
=result        ok
=elapsed       0.000002s
=group_time    0.306s
=case          ejabberd_SUITE:end_per_group
=logfile       ejabberd_suite.end_per_group.19874.html
=group_props   [{name,push_master_slave},sequence]
=started       2024-12-18 20:34:23
=ended         2024-12-18 20:34:23
=result        ok
=elapsed       0.000002s
=group_time    8.878s
=case          ejabberd_SUITE:end_per_group
=logfile       ejabberd_suite.end_per_group.19906.html
=group_props   [{name,mnesia},sequence]
=started       2024-12-18 20:34:23
=ended         2024-12-18 20:34:23
=result        ok
=elapsed       0.000000s
=group_time    96.321s
=case          ejabberd_SUITE:init_per_group
=logfile       ejabberd_suite.init_per_group.19938.html
=group_props   [{name,redis},sequence]
=started       2024-12-18 20:34:23
=ended         2024-12-18 20:34:23
=result        ok
=elapsed       0.000027s
=case          ejabberd_SUITE:init_per_group
=logfile       ejabberd_suite.init_per_group.19970.html
=group_props   [{name,single_user},sequence]
=started       2024-12-18 20:34:23
=ended         2024-12-18 20:34:23
=result        ok
=elapsed       0.000002s
=case          ejabberd_SUITE:test_register
=logfile       ejabberd_suite.test_register.7141.html
=started       2024-12-18 20:34:23
=ended         2024-12-18 20:34:23
=result        ok
=elapsed       0.002294s
=case          ejabberd_SUITE:init_per_group
=logfile       ejabberd_suite.init_per_group.20034.html
=group_props   [{name,legacy_auth},parallel]
=started       2024-12-18 20:34:23
=ended         2024-12-18 20:34:23
=result        ok
=elapsed       0.000002s
=case          ejabberd_SUITE:test_legacy_auth_feature
=logfile       ejabberd_suite.test_legacy_auth_feature.20066.html
=started       2024-12-18 20:34:23
=ended         2024-12-18 20:34:23
=result        ok
=elapsed       0.000758s
=case          ejabberd_SUITE:test_legacy_auth
=logfile       ejabberd_suite.test_legacy_auth.20098.html
=started       2024-12-18 20:34:23
=ended         2024-12-18 20:34:23
=result        ok
=elapsed       0.104688s
=case          ejabberd_SUITE:test_legacy_auth_digest
=logfile       ejabberd_suite.test_legacy_auth_digest.20162.html
=started       2024-12-18 20:34:23
=ended         2024-12-18 20:34:23
=result        ok
=elapsed       0.104736s
=case          ejabberd_SUITE:test_legacy_auth_no_resource
=logfile       ejabberd_suite.test_legacy_auth_no_resource.20130.html
=started       2024-12-18 20:34:23
=ended         2024-12-18 20:34:23
=result        ok
=elapsed       0.001341s
=case          ejabberd_SUITE:test_legacy_auth_bad_jid
=logfile       ejabberd_suite.test_legacy_auth_bad_jid.20194.html
=started       2024-12-18 20:34:23
=ended         2024-12-18 20:34:23
=result        ok
=elapsed       0.001724s
=case          ejabberd_SUITE:test_legacy_auth_fail
=logfile       ejabberd_suite.test_legacy_auth_fail.20226.html
=started       2024-12-18 20:34:23
=ended         2024-12-18 20:34:23
=result        ok
=elapsed       0.002703s
=case          ejabberd_SUITE:end_per_group
=logfile       ejabberd_suite.end_per_group.20258.html
=group_props   [{name,legacy_auth},parallel]
=started       2024-12-18 20:34:23
=ended         2024-12-18 20:34:23
=result        ok
=elapsed       0.000002s
=group_time    0.172s
=case          ejabberd_SUITE:auth_plain
=logfile       ejabberd_suite.auth_plain.20290.html
=started       2024-12-18 20:34:23
=ended         2024-12-18 20:34:23
=result        ok
=elapsed       0.001638s
=case          ejabberd_SUITE:auth_md5
=logfile       ejabberd_suite.auth_md5.20322.html
=started       2024-12-18 20:34:23
=ended         2024-12-18 20:34:23
=result        ok
=elapsed       0.002129s
=case          ejabberd_SUITE:presence_broadcast
=logfile       ejabberd_suite.presence_broadcast.20386.html
=started       2024-12-18 20:34:23
=ended         2024-12-18 20:34:23
=result        ok
=elapsed       0.205771s
=case          ejabberd_SUITE:last
=logfile       ejabberd_suite.last.16771.html
=started       2024-12-18 20:34:23
=ended         2024-12-18 20:34:24
=result        ok
=elapsed       0.103504s
=case          ejabberd_SUITE:init_per_group
=logfile       ejabberd_suite.init_per_group.16803.html
=group_props   [{name,webadmin_single},sequence]
=started       2024-12-18 20:34:24
=ended         2024-12-18 20:34:24
=result        ok
=elapsed       0.000003s
=case          ejabberd_SUITE:webadmin_login_page
=logfile       ejabberd_suite.webadmin_login_page.16835.html
=started       2024-12-18 20:34:24
=ended         2024-12-18 20:34:24
=result        ok
=elapsed       0.000397s
=case          ejabberd_SUITE:webadmin_welcome_page
=logfile       ejabberd_suite.webadmin_welcome_page.16867.html
=started       2024-12-18 20:34:24
=ended         2024-12-18 20:34:24
=result        ok
=elapsed       0.001764s
=case          ejabberd_SUITE:webadmin_user_page
=logfile       ejabberd_suite.webadmin_user_page.16899.html
=started       2024-12-18 20:34:24
=ended         2024-12-18 20:34:24
=result        ok
=elapsed       0.003456s
=case          ejabberd_SUITE:webadmin_adduser
=logfile       ejabberd_suite.webadmin_adduser.16931.html
=started       2024-12-18 20:34:24
=ended         2024-12-18 20:34:24
=result        ok
=elapsed       0.006477s
=case          ejabberd_SUITE:webadmin_changepassword
=logfile       ejabberd_suite.webadmin_changepassword.16963.html
=started       2024-12-18 20:34:24
=ended         2024-12-18 20:34:24
=result        ok
=elapsed       0.002733s
=case          ejabberd_SUITE:webadmin_removeuser
=logfile       ejabberd_suite.webadmin_removeuser.16995.html
=started       2024-12-18 20:34:24
=ended         2024-12-18 20:34:24
=result        ok
=elapsed       0.003717s
=case          ejabberd_SUITE:end_per_group
=logfile       ejabberd_suite.end_per_group.17027.html
=group_props   [{name,webadmin_single},sequence]
=started       2024-12-18 20:34:24
=ended         2024-12-18 20:34:24
=result        ok
=elapsed       0.000002s
=group_time    0.191s
=case          ejabberd_SUITE:init_per_group
=logfile       ejabberd_suite.init_per_group.17059.html
=group_props   [{name,roster_single},sequence]
=started       2024-12-18 20:34:24
=ended         2024-12-18 20:34:24
=result        ok
=elapsed       0.000002s
=case          ejabberd_SUITE:roster_feature_enabled
=logfile       ejabberd_suite.roster_feature_enabled.17091.html
=started       2024-12-18 20:34:24
=ended         2024-12-18 20:34:24
=result        ok
=elapsed       0.101305s
=case          ejabberd_SUITE:roster_iq_set_many_items
=logfile       ejabberd_suite.roster_iq_set_many_items.17155.html
=started       2024-12-18 20:34:24
=ended         2024-12-18 20:34:24
=result        ok
=elapsed       0.102108s
=case          ejabberd_SUITE:roster_iq_set_duplicated_groups
=logfile       ejabberd_suite.roster_iq_set_duplicated_groups.17251.html
=started       2024-12-18 20:34:24
=ended         2024-12-18 20:34:24
=result        ok
=elapsed       0.102442s
=case          ejabberd_SUITE:roster_iq_get_item
=logfile       ejabberd_suite.roster_iq_get_item.17283.html
=started       2024-12-18 20:34:24
=ended         2024-12-18 20:34:24
=result        ok
=elapsed       0.102710s
=case          ejabberd_SUITE:roster_iq_unexpected_element
=logfile       ejabberd_suite.roster_iq_unexpected_element.17315.html
=started       2024-12-18 20:34:24
=ended         2024-12-18 20:34:24
=result        ok
=elapsed       0.102253s
=case          ejabberd_SUITE:roster_iq_set_ask
=logfile       ejabberd_suite.roster_iq_set_ask.17379.html
=started       2024-12-18 20:34:24
=ended         2024-12-18 20:34:25
=result        ok
=elapsed       0.102196s
=case          ejabberd_SUITE:roster_set_item
=logfile       ejabberd_suite.roster_set_item.17475.html
=started       2024-12-18 20:34:25
=ended         2024-12-18 20:34:25
=result        ok
=elapsed       0.326048s
=case          ejabberd_SUITE:roster_version
=logfile       ejabberd_suite.roster_version.17699.html
=started       2024-12-18 20:34:25
=ended         2024-12-18 20:34:25
=result        ok
=elapsed       0.147322s
=case          ejabberd_SUITE:end_per_group
=logfile       ejabberd_suite.end_per_group.17731.html
=group_props   [{name,roster_single},sequence]
=started       2024-12-18 20:34:25
=ended         2024-12-18 20:34:25
=result        ok
=elapsed       0.000002s
=group_time    1.347s
=case          ejabberd_SUITE:init_per_group
=logfile       ejabberd_suite.init_per_group.17763.html
=group_props   [{name,private_single},sequence]
=started       2024-12-18 20:34:25
=ended         2024-12-18 20:34:25
=result        ok
=elapsed       0.000002s
=case          ejabberd_SUITE:private_test_features
=logfile       ejabberd_suite.private_test_features.17795.html
=started       2024-12-18 20:34:25
=ended         2024-12-18 20:34:25
=result        ok
=elapsed       0.102562s
=case          ejabberd_SUITE:private_test_no_namespace
=logfile       ejabberd_suite.private_test_no_namespace.17827.html
=started       2024-12-18 20:34:25
=ended         2024-12-18 20:34:25
=result        ok
=elapsed       0.102225s
=case          ejabberd_SUITE:private_test_set_get
=logfile       ejabberd_suite.private_test_set_get.17859.html
=started       2024-12-18 20:34:25
=ended         2024-12-18 20:34:26
=result        ok
=elapsed       0.104862s
=case          ejabberd_SUITE:private_test_published
=logfile       ejabberd_suite.private_test_published.17923.html
=started       2024-12-18 20:34:26
=ended         2024-12-18 20:34:26
=result        ok
=elapsed       0.103661s
=case          ejabberd_SUITE:end_per_group
=logfile       ejabberd_suite.end_per_group.18019.html
=group_props   [{name,private_single},sequence]
=started       2024-12-18 20:34:26
=ended         2024-12-18 20:34:26
=result        ok
=elapsed       0.000002s
=group_time    0.554s
=case          ejabberd_SUITE:init_per_group
=logfile       ejabberd_suite.init_per_group.18051.html
=group_props   [{name,privacy_single},sequence]
=started       2024-12-18 20:34:26
=ended         2024-12-18 20:34:26
=result        ok
=elapsed       0.000003s
=case          ejabberd_SUITE:privacy_feature_enabled
=logfile       ejabberd_suite.privacy_feature_enabled.18083.html
=started       2024-12-18 20:34:26
=ended         2024-12-18 20:34:26
=result        ok
=elapsed       0.102614s
=case          ejabberd_SUITE:privacy_set_get_list
=logfile       ejabberd_suite.privacy_set_get_list.18147.html
=started       2024-12-18 20:34:26
=ended         2024-12-18 20:34:26
=result        ok
=elapsed       0.145958s
=case          ejabberd_SUITE:privacy_get_list_non_existent
=logfile       ejabberd_suite.privacy_get_list_non_existent.18211.html
=started       2024-12-18 20:34:26
=ended         2024-12-18 20:34:26
=result        ok
=elapsed       0.102210s
=case          ejabberd_SUITE:privacy_get_empty_lists
=logfile       ejabberd_suite.privacy_get_empty_lists.18243.html
=started       2024-12-18 20:34:26
=ended         2024-12-18 20:34:26
=result        ok
=elapsed       0.101909s
=case          ejabberd_SUITE:privacy_set_default
=logfile       ejabberd_suite.privacy_set_default.18307.html
=started       2024-12-18 20:34:26
=ended         2024-12-18 20:34:26
=result        ok
=elapsed       0.144046s
=case          ejabberd_SUITE:privacy_del_default
=logfile       ejabberd_suite.privacy_del_default.18371.html
=started       2024-12-18 20:34:26
=ended         2024-12-18 20:34:27
=result        ok
=elapsed       0.147650s
=case          ejabberd_SUITE:privacy_set_default_non_existent
=logfile       ejabberd_suite.privacy_set_default_non_existent.18435.html
=started       2024-12-18 20:34:27
=ended         2024-12-18 20:34:27
=result        ok
=elapsed       0.102124s
=case          ejabberd_SUITE:privacy_set_active
=logfile       ejabberd_suite.privacy_set_active.18467.html
=started       2024-12-18 20:34:27
=ended         2024-12-18 20:34:27
=result        ok
=elapsed       0.144464s
=case          ejabberd_SUITE:privacy_del_active
=logfile       ejabberd_suite.privacy_del_active.18499.html
=started       2024-12-18 20:34:27
=ended         2024-12-18 20:34:27
=result        ok
=elapsed       0.147200s
=case          ejabberd_SUITE:privacy_set_active_non_existent
=logfile       ejabberd_suite.privacy_set_active_non_existent.18531.html
=started       2024-12-18 20:34:27
=ended         2024-12-18 20:34:27
=result        ok
=elapsed       0.102516s
=case          ejabberd_SUITE:privacy_remove_list
=logfile       ejabberd_suite.privacy_remove_list.18563.html
=started       2024-12-18 20:34:27
=ended         2024-12-18 20:34:27
=result        ok
=elapsed       0.146278s
=case          ejabberd_SUITE:privacy_remove_default_list
=logfile       ejabberd_suite.privacy_remove_default_list.18595.html
=started       2024-12-18 20:34:27
=ended         2024-12-18 20:34:28
=result        ok
=elapsed       0.147036s
=case          ejabberd_SUITE:privacy_remove_active_list
=logfile       ejabberd_suite.privacy_remove_active_list.18659.html
=started       2024-12-18 20:34:28
=ended         2024-12-18 20:34:28
=result        ok
=elapsed       0.146408s
=case          ejabberd_SUITE:privacy_remove_list_non_existent
=logfile       ejabberd_suite.privacy_remove_list_non_existent.18691.html
=started       2024-12-18 20:34:28
=ended         2024-12-18 20:34:28
=result        ok
=elapsed       0.102207s
=case          ejabberd_SUITE:privacy_allow_local_server
=logfile       ejabberd_suite.privacy_allow_local_server.18755.html
=started       2024-12-18 20:34:28
=ended         2024-12-18 20:34:28
=result        ok
=elapsed       0.191529s
=case          ejabberd_SUITE:privacy_malformed_iq_query
=logfile       ejabberd_suite.privacy_malformed_iq_query.18819.html
=started       2024-12-18 20:34:28
=ended         2024-12-18 20:34:28
=result        ok
=elapsed       0.102480s
=case          ejabberd_SUITE:privacy_malformed_get
=logfile       ejabberd_suite.privacy_malformed_get.18851.html
=started       2024-12-18 20:34:28
=ended         2024-12-18 20:34:28
=result        ok
=elapsed       0.105813s
=case          ejabberd_SUITE:privacy_malformed_set
=logfile       ejabberd_suite.privacy_malformed_set.18883.html
=started       2024-12-18 20:34:28
=ended         2024-12-18 20:34:29
=result        ok
=elapsed       0.105088s
=case          ejabberd_SUITE:privacy_malformed_type_value
=logfile       ejabberd_suite.privacy_malformed_type_value.18915.html
=started       2024-12-18 20:34:29
=ended         2024-12-18 20:34:29
=result        ok
=elapsed       0.104880s
=case          ejabberd_SUITE:privacy_set_get_block
=logfile       ejabberd_suite.privacy_set_get_block.18947.html
=started       2024-12-18 20:34:29
=ended         2024-12-18 20:34:29
=result        ok
=elapsed       0.195336s
=case          ejabberd_SUITE:end_per_group
=logfile       ejabberd_suite.end_per_group.12516.html
=group_props   [{name,privacy_single},sequence]
=started       2024-12-18 20:34:29
=ended         2024-12-18 20:34:29
=result        ok
=elapsed       0.000002s
=group_time    3.205s
=case          ejabberd_SUITE:init_per_group
=logfile       ejabberd_suite.init_per_group.18979.html
=group_props   [{name,vcard_single},sequence]
=started       2024-12-18 20:34:29
=ended         2024-12-18 20:34:29
=result        ok
=elapsed       0.000003s
=case          ejabberd_SUITE:vcard_feature_enabled
=logfile       ejabberd_suite.vcard_feature_enabled.19011.html
=started       2024-12-18 20:34:29
=ended         2024-12-18 20:34:29
=result        ok
=elapsed       0.104736s
=case          ejabberd_SUITE:vcard_get_set
=logfile       ejabberd_suite.vcard_get_set.19043.html
=started       2024-12-18 20:34:29
=ended         2024-12-18 20:34:29
=result        ok
=elapsed       0.103490s
=case          ejabberd_SUITE:vcard_service_vcard
=logfile       ejabberd_suite.vcard_service_vcard.19107.html
=started       2024-12-18 20:34:29
=ended         2024-12-18 20:34:29
=result        ok
=elapsed       0.102780s
=case          ejabberd_SUITE:end_per_group
=logfile       ejabberd_suite.end_per_group.19171.html
=group_props   [{name,vcard_single},sequence]
=started       2024-12-18 20:34:29
=ended         2024-12-18 20:34:29
=result        ok
=elapsed       0.000008s
=group_time    0.425s
=case          ejabberd_SUITE:init_per_group
=logfile       ejabberd_suite.init_per_group.19203.html
=group_props   [{name,pubsub_single},sequence]
=started       2024-12-18 20:34:29
=ended         2024-12-18 20:34:29
=result        ok
=elapsed       0.000003s
=case          ejabberd_SUITE:pubsub_test_features
=logfile       ejabberd_suite.pubsub_test_features.21698.html
=started       2024-12-18 20:34:29
=ended         2024-12-18 20:34:30
=result        ok
=elapsed       0.103088s
=case          ejabberd_SUITE:pubsub_test_vcard
=logfile       ejabberd_suite.pubsub_test_vcard.19235.html
=started       2024-12-18 20:34:30
=ended         2024-12-18 20:34:30
=result        ok
=elapsed       0.102747s
=case          ejabberd_SUITE:pubsub_test_create
=logfile       ejabberd_suite.pubsub_test_create.19331.html
=started       2024-12-18 20:34:30
=ended         2024-12-18 20:34:30
=result        ok
=elapsed       0.103143s
=case          ejabberd_SUITE:pubsub_test_configure
=logfile       ejabberd_suite.pubsub_test_configure.19395.html
=started       2024-12-18 20:34:30
=ended         2024-12-18 20:34:30
=result        ok
=elapsed       0.106235s
=case          ejabberd_SUITE:pubsub_test_delete
=logfile       ejabberd_suite.pubsub_test_delete.19459.html
=started       2024-12-18 20:34:30
=ended         2024-12-18 20:34:30
=result        ok
=elapsed       0.102762s
=case          ejabberd_SUITE:pubsub_test_get_affiliations
=logfile       ejabberd_suite.pubsub_test_get_affiliations.21922.html
=started       2024-12-18 20:34:30
=ended         2024-12-18 20:34:30
=result        ok
=elapsed       0.109661s
=case          ejabberd_SUITE:pubsub_test_get_subscriptions
=logfile       ejabberd_suite.pubsub_test_get_subscriptions.22018.html
=started       2024-12-18 20:34:30
=ended         2024-12-18 20:34:30
=result        ok
=elapsed       0.115623s
=case          ejabberd_SUITE:pubsub_test_create_instant
=logfile       ejabberd_suite.pubsub_test_create_instant.22082.html
=started       2024-12-18 20:34:30
=ended         2024-12-18 20:34:31
=result        ok
=elapsed       0.103623s
=case          ejabberd_SUITE:pubsub_test_default
=logfile       ejabberd_suite.pubsub_test_default.22114.html
=started       2024-12-18 20:34:31
=ended         2024-12-18 20:34:31
=result        ok
=elapsed       0.103446s
=case          ejabberd_SUITE:pubsub_test_create_configure
=logfile       ejabberd_suite.pubsub_test_create_configure.22178.html
=started       2024-12-18 20:34:31
=ended         2024-12-18 20:34:31
=result        ok
=elapsed       0.108474s
=case          ejabberd_SUITE:pubsub_test_publish
=logfile       ejabberd_suite.pubsub_test_publish.22210.html
=started       2024-12-18 20:34:31
=ended         2024-12-18 20:34:31
=result        ok
=elapsed       0.104293s
=case          ejabberd_SUITE:pubsub_test_auto_create
=logfile       ejabberd_suite.pubsub_test_auto_create.22306.html
=started       2024-12-18 20:34:31
=ended         2024-12-18 20:34:31
=result        ok
=elapsed       0.103201s
=case          ejabberd_SUITE:pubsub_test_get_items
=logfile       ejabberd_suite.pubsub_test_get_items.22402.html
=started       2024-12-18 20:34:31
=ended         2024-12-18 20:34:31
=result        ok
=elapsed       0.109426s
=case          ejabberd_SUITE:pubsub_test_delete_item
=logfile       ejabberd_suite.pubsub_test_delete_item.22434.html
=started       2024-12-18 20:34:31
=ended         2024-12-18 20:34:31
=result        ok
=elapsed       0.105821s
=case          ejabberd_SUITE:pubsub_test_purge
=logfile       ejabberd_suite.pubsub_test_purge.22466.html
=started       2024-12-18 20:34:31
=ended         2024-12-18 20:34:31
=result        ok
=elapsed       0.111072s
=case          ejabberd_SUITE:pubsub_test_subscribe
=logfile       ejabberd_suite.pubsub_test_subscribe.22530.html
=started       2024-12-18 20:34:31
=ended         2024-12-18 20:34:32
=result        ok
=elapsed       0.105904s
=case          ejabberd_SUITE:pubsub_test_subscribe_max_item_1
=logfile       ejabberd_suite.pubsub_test_subscribe_max_item_1.19875.html
=started       2024-12-18 20:34:32
=ended         2024-12-18 20:34:32
=result        ok
=elapsed       0.108334s
=case          ejabberd_SUITE:pubsub_test_unsubscribe
=logfile       ejabberd_suite.pubsub_test_unsubscribe.19939.html
=started       2024-12-18 20:34:32
=ended         2024-12-18 20:34:32
=result        ok
=elapsed       0.106226s
=case          ejabberd_SUITE:end_per_group
=logfile       ejabberd_suite.end_per_group.20003.html
=group_props   [{name,pubsub_single},sequence]
=started       2024-12-18 20:34:32
=ended         2024-12-18 20:34:32
=result        ok
=elapsed       0.000002s
=group_time    2.479s
=case          ejabberd_SUITE:init_per_group
=logfile       ejabberd_suite.init_per_group.22658.html
=group_props   [{name,muc_single},sequence]
=started       2024-12-18 20:34:32
=ended         2024-12-18 20:34:32
=result        ok
=elapsed       0.000003s
=case          ejabberd_SUITE:muc_service_presence_error
=logfile       ejabberd_suite.muc_service_presence_error.22690.html
=started       2024-12-18 20:34:32
=ended         2024-12-18 20:34:32
=result        ok
=elapsed       0.187534s
=case          ejabberd_SUITE:muc_service_message_error
=logfile       ejabberd_suite.muc_service_message_error.22722.html
=started       2024-12-18 20:34:32
=ended         2024-12-18 20:34:32
=result        ok
=elapsed       0.190147s
=case          ejabberd_SUITE:muc_service_unknown_ns_iq_error
=logfile       ejabberd_suite.muc_service_unknown_ns_iq_error.22786.html
=started       2024-12-18 20:34:32
=ended         2024-12-18 20:34:33
=result        ok
=elapsed       0.188818s
=case          ejabberd_SUITE:muc_service_iq_set_error
=logfile       ejabberd_suite.muc_service_iq_set_error.22850.html
=started       2024-12-18 20:34:33
=ended         2024-12-18 20:34:33
=result        ok
=elapsed       0.326388s
=case          ejabberd_SUITE:muc_service_improper_iq_error
=logfile       ejabberd_suite.muc_service_improper_iq_error.22914.html
=started       2024-12-18 20:34:33
=ended         2024-12-18 20:34:33
=result        ok
=elapsed       0.278551s
=case          ejabberd_SUITE:muc_service_features
=logfile       ejabberd_suite.muc_service_features.23010.html
=started       2024-12-18 20:34:33
=ended         2024-12-18 20:34:33
=result        ok
=elapsed       0.101827s
=case          ejabberd_SUITE:muc_service_disco_info_node_error
=logfile       ejabberd_suite.muc_service_disco_info_node_error.23074.html
=started       2024-12-18 20:34:33
=ended         2024-12-18 20:34:34
=result        ok
=elapsed       0.102476s
=case          ejabberd_SUITE:muc_service_disco_items
=logfile       ejabberd_suite.muc_service_disco_items.23138.html
=started       2024-12-18 20:34:34
=ended         2024-12-18 20:34:34
=result        ok
=elapsed       0.128984s
=case          ejabberd_SUITE:muc_service_unique
=logfile       ejabberd_suite.muc_service_unique.23330.html
=started       2024-12-18 20:34:34
=ended         2024-12-18 20:34:34
=result        ok
=elapsed       0.102100s
=case          ejabberd_SUITE:muc_service_vcard
=logfile       ejabberd_suite.muc_service_vcard.23426.html
=started       2024-12-18 20:34:34
=ended         2024-12-18 20:34:34
=result        ok
=elapsed       0.102502s
=case          ejabberd_SUITE:muc_configure_non_existent
=logfile       ejabberd_suite.muc_configure_non_existent.20291.html
=started       2024-12-18 20:34:34
=ended         2024-12-18 20:34:34
=result        ok
=elapsed       0.104787s
=case          ejabberd_SUITE:muc_cancel_configure_non_existent
=logfile       ejabberd_suite.muc_cancel_configure_non_existent.20355.html
=started       2024-12-18 20:34:34
=ended         2024-12-18 20:34:34
=result        ok
=elapsed       0.102789s
=case          ejabberd_SUITE:muc_service_subscriptions
=logfile       ejabberd_suite.muc_service_subscriptions.20387.html
=started       2024-12-18 20:34:34
=ended         2024-12-18 20:34:34
=result        ok
=elapsed       0.137038s
=case          ejabberd_SUITE:muc_set_room_affiliation
=logfile       ejabberd_suite.muc_set_room_affiliation.20483.html
=started       2024-12-18 20:34:34
=ended         2024-12-18 20:34:35
=result        ok
=elapsed       0.108262s
=case          ejabberd_SUITE:end_per_group
=logfile       ejabberd_suite.end_per_group.20579.html
=group_props   [{name,muc_single},sequence]
=started       2024-12-18 20:34:35
=ended         2024-12-18 20:34:35
=result        ok
=elapsed       0.000006s
=group_time    2.608s
=case          ejabberd_SUITE:init_per_group
=logfile       ejabberd_suite.init_per_group.20611.html
=group_props   [{name,offline_single},sequence]
=started       2024-12-18 20:34:35
=ended         2024-12-18 20:34:35
=result        ok
=elapsed       0.000003s
=case          ejabberd_SUITE:offline_feature_enabled
=logfile       ejabberd_suite.offline_feature_enabled.20643.html
=started       2024-12-18 20:34:35
=ended         2024-12-18 20:34:35
=result        ok
=elapsed       0.102999s
=case          ejabberd_SUITE:offline_check_identity
=logfile       ejabberd_suite.offline_check_identity.20675.html
=started       2024-12-18 20:34:35
=ended         2024-12-18 20:34:35
=result        ok
=elapsed       0.102143s
=case          ejabberd_SUITE:offline_send_non_existent
=logfile       ejabberd_suite.offline_send_non_existent.20739.html
=started       2024-12-18 20:34:35
=ended         2024-12-18 20:34:35
=result        ok
=elapsed       0.102856s
=case          ejabberd_SUITE:offline_view_non_existent
=logfile       ejabberd_suite.offline_view_non_existent.20803.html
=started       2024-12-18 20:34:35
=ended         2024-12-18 20:34:35
=result        ok
=elapsed       0.102541s
=case          ejabberd_SUITE:offline_remove_non_existent
=logfile       ejabberd_suite.offline_remove_non_existent.12804.html
=started       2024-12-18 20:34:35
=ended         2024-12-18 20:34:35
=result        ok
=elapsed       0.101833s
=case          ejabberd_SUITE:offline_view_non_integer
=logfile       ejabberd_suite.offline_view_non_integer.12836.html
=started       2024-12-18 20:34:35
=ended         2024-12-18 20:34:35
=result        ok
=elapsed       0.102153s
=case          ejabberd_SUITE:offline_remove_non_integer
=logfile       ejabberd_suite.offline_remove_non_integer.12900.html
=started       2024-12-18 20:34:35
=ended         2024-12-18 20:34:35
=result        ok
=elapsed       0.102575s
=case          ejabberd_SUITE:offline_malformed_iq
=logfile       ejabberd_suite.offline_malformed_iq.12964.html
=started       2024-12-18 20:34:35
=ended         2024-12-18 20:34:36
=result        ok
=elapsed       0.105953s
=case          ejabberd_SUITE:offline_wrong_user
=logfile       ejabberd_suite.offline_wrong_user.13028.html
=started       2024-12-18 20:34:36
=ended         2024-12-18 20:34:36
=result        ok
=elapsed       0.110832s
=case          ejabberd_SUITE:offline_unsupported_iq
=logfile       ejabberd_suite.offline_unsupported_iq.13124.html
=started       2024-12-18 20:34:36
=ended         2024-12-18 20:34:36
=result        ok
=elapsed       0.102466s
=case          ejabberd_SUITE:end_per_group
=logfile       ejabberd_suite.end_per_group.13220.html
=group_props   [{name,offline_single},sequence]
=started       2024-12-18 20:34:36
=ended         2024-12-18 20:34:36
=result        ok
=elapsed       0.000008s
=group_time    1.363s
=case          ejabberd_SUITE:init_per_group
=logfile       ejabberd_suite.init_per_group.13252.html
=group_props   [{name,mam_single},sequence]
=started       2024-12-18 20:34:36
=ended         2024-12-18 20:34:36
=result        ok
=elapsed       0.000002s
=case          ejabberd_SUITE:mam_feature_enabled
=logfile       ejabberd_suite.mam_feature_enabled.13284.html
=started       2024-12-18 20:34:36
=ended         2024-12-18 20:34:36
=result        ok
=elapsed       0.104037s
=case          ejabberd_SUITE:mam_get_set_prefs
=logfile       ejabberd_suite.mam_get_set_prefs.23906.html
=started       2024-12-18 20:34:36
=ended         2024-12-18 20:34:38
=result        ok
=elapsed       1.883448s
=case          ejabberd_SUITE:mam_get_form
=logfile       ejabberd_suite.mam_get_form.20867.html
=started       2024-12-18 20:34:38
=ended         2024-12-18 20:34:38
=result        ok
=elapsed       0.104601s
=case          ejabberd_SUITE:mam_fake_by
=logfile       ejabberd_suite.mam_fake_by.24002.html
=started       2024-12-18 20:34:38
=ended         2024-12-18 20:34:38
=result        ok
=elapsed       0.102951s
=case          ejabberd_SUITE:end_per_group
=logfile       ejabberd_suite.end_per_group.20931.html
=group_props   [{name,mam_single},sequence]
=started       2024-12-18 20:34:38
=ended         2024-12-18 20:34:38
=result        ok
=elapsed       0.000003s
=group_time    2.337s
=case          ejabberd_SUITE:init_per_group
=logfile       ejabberd_suite.init_per_group.24098.html
=group_props   [{name,csi_single},sequence]
=started       2024-12-18 20:34:38
=ended         2024-12-18 20:34:38
=result        ok
=elapsed       0.000003s
=case          ejabberd_SUITE:csi_feature_enabled
=logfile       ejabberd_suite.csi_feature_enabled.24130.html
=started       2024-12-18 20:34:38
=ended         2024-12-18 20:34:38
=result        ok
=elapsed       0.101231s
=case          ejabberd_SUITE:end_per_group
=logfile       ejabberd_suite.end_per_group.13412.html
=group_props   [{name,csi_single},sequence]
=started       2024-12-18 20:34:38
=ended         2024-12-18 20:34:38
=result        ok
=elapsed       0.000008s
=group_time    0.154s
=case          ejabberd_SUITE:init_per_group
=logfile       ejabberd_suite.init_per_group.13444.html
=group_props   [{name,push_single},sequence]
=started       2024-12-18 20:34:38
=ended         2024-12-18 20:34:38
=result        ok
=elapsed       0.000002s
=case          ejabberd_SUITE:push_feature_enabled
=logfile       ejabberd_suite.push_feature_enabled.13476.html
=started       2024-12-18 20:34:38
=ended         2024-12-18 20:34:39
=result        ok
=elapsed       0.102964s
=case          ejabberd_SUITE:push_unsupported_iq
=logfile       ejabberd_suite.push_unsupported_iq.13540.html
=started       2024-12-18 20:34:39
=ended         2024-12-18 20:34:39
=result        ok
=elapsed       0.102720s
=case          ejabberd_SUITE:end_per_group
=logfile       ejabberd_suite.end_per_group.20995.html
=group_props   [{name,push_single},sequence]
=started       2024-12-18 20:34:39
=ended         2024-12-18 20:34:39
=result        ok
=elapsed       0.000003s
=group_time    0.289s
=case          ejabberd_SUITE:test_unregister
=logfile       ejabberd_suite.test_unregister.21027.html
=started       2024-12-18 20:34:39
=ended         2024-12-18 20:34:39
=result        ok
=elapsed       0.003222s
=case          ejabberd_SUITE:end_per_group
=logfile       ejabberd_suite.end_per_group.13668.html
=group_props   [{name,single_user},sequence]
=started       2024-12-18 20:34:39
=ended         2024-12-18 20:34:39
=result        ok
=elapsed       0.000006s
=group_time    15.935s
=case          ejabberd_SUITE:init_per_group
=logfile       ejabberd_suite.init_per_group.21091.html
=group_props   [{name,muc_master_slave},sequence]
=started       2024-12-18 20:34:39
=ended         2024-12-18 20:34:39
=result        ok
=elapsed       0.000003s
=case          ejabberd_SUITE:init_per_group
=logfile       ejabberd_suite.init_per_group.13700.html
=group_props   [{name,muc_register},parallel]
=started       2024-12-18 20:34:39
=ended         2024-12-18 20:34:39
=result        ok
=elapsed       0.000003s
=case          ejabberd_SUITE:muc_register_master
=logfile       ejabberd_suite.muc_register_master.13732.html
=started       2024-12-18 20:34:39
=ended         2024-12-18 20:34:39
=result        ok
=elapsed       0.112657s
=case          ejabberd_SUITE:muc_register_slave
=logfile       ejabberd_suite.muc_register_slave.13764.html
=started       2024-12-18 20:34:39
=ended         2024-12-18 20:34:39
=result        ok
=elapsed       0.110314s
=case          ejabberd_SUITE:end_per_group
=logfile       ejabberd_suite.end_per_group.13828.html
=group_props   [{name,muc_register},parallel]
=started       2024-12-18 20:34:39
=ended         2024-12-18 20:34:39
=result        ok
=elapsed       0.000002s
=group_time    0.171s
=case          ejabberd_SUITE:init_per_group
=logfile       ejabberd_suite.init_per_group.21187.html
=group_props   [{name,muc_groupchat_msg},parallel]
=started       2024-12-18 20:34:39
=ended         2024-12-18 20:34:39
=result        ok
=elapsed       0.000002s
=case          ejabberd_SUITE:muc_groupchat_msg_master
=logfile       ejabberd_suite.muc_groupchat_msg_master.21219.html
=started       2024-12-18 20:34:39
=ended         2024-12-18 20:34:39
=result        ok
=elapsed       0.113139s
=case          ejabberd_SUITE:muc_groupchat_msg_slave
=logfile       ejabberd_suite.muc_groupchat_msg_slave.21251.html
=started       2024-12-18 20:34:39
=ended         2024-12-18 20:34:39
=result        ok
=elapsed       0.112021s
=case          ejabberd_SUITE:end_per_group
=logfile       ejabberd_suite.end_per_group.21315.html
=group_props   [{name,muc_groupchat_msg},parallel]
=started       2024-12-18 20:34:39
=ended         2024-12-18 20:34:39
=result        ok
=elapsed       0.000002s
=group_time    0.171s
=case          ejabberd_SUITE:init_per_group
=logfile       ejabberd_suite.init_per_group.21347.html
=group_props   [{name,muc_private_msg},parallel]
=started       2024-12-18 20:34:39
=ended         2024-12-18 20:34:39
=result        ok
=elapsed       0.000003s
=case          ejabberd_SUITE:muc_private_msg_master
=logfile       ejabberd_suite.muc_private_msg_master.21411.html
=started       2024-12-18 20:34:39
=ended         2024-12-18 20:34:39
=result        ok
=elapsed       0.152535s
=case          ejabberd_SUITE:muc_private_msg_slave
=logfile       ejabberd_suite.muc_private_msg_slave.21379.html
=started       2024-12-18 20:34:39
=ended         2024-12-18 20:34:39
=result        ok
=elapsed       0.151539s
=case          ejabberd_SUITE:end_per_group
=logfile       ejabberd_suite.end_per_group.24322.html
=group_props   [{name,muc_private_msg},parallel]
=started       2024-12-18 20:34:39
=ended         2024-12-18 20:34:39
=result        ok
=elapsed       0.000003s
=group_time    0.210s
=case          ejabberd_SUITE:init_per_group
=logfile       ejabberd_suite.init_per_group.24354.html
=group_props   [{name,muc_set_subject},parallel]
=started       2024-12-18 20:34:39
=ended         2024-12-18 20:34:40
=result        ok
=elapsed       0.000002s
=case          ejabberd_SUITE:muc_set_subject_master
=logfile       ejabberd_suite.muc_set_subject_master.24386.html
=started       2024-12-18 20:34:40
=ended         2024-12-18 20:34:40
=result        ok
=elapsed       0.116725s
=case          ejabberd_SUITE:muc_set_subject_slave
=logfile       ejabberd_suite.muc_set_subject_slave.24418.html
=started       2024-12-18 20:34:40
=ended         2024-12-18 20:34:40
=result        ok
=elapsed       0.113973s
=case          ejabberd_SUITE:end_per_group
=logfile       ejabberd_suite.end_per_group.14116.html
=group_props   [{name,muc_set_subject},parallel]
=started       2024-12-18 20:34:40
=ended         2024-12-18 20:34:40
=result        ok
=elapsed       0.000003s
=group_time    0.175s
=case          ejabberd_SUITE:init_per_group
=logfile       ejabberd_suite.init_per_group.24482.html
=group_props   [{name,muc_history},parallel]
=started       2024-12-18 20:34:40
=ended         2024-12-18 20:34:40
=result        ok
=elapsed       0.000003s
=case          ejabberd_SUITE:muc_history_master
=logfile       ejabberd_suite.muc_history_master.24514.html
=started       2024-12-18 20:34:40
=ended         2024-12-18 20:34:40
=result        ok
=elapsed       0.146051s
=case          ejabberd_SUITE:muc_history_slave
=logfile       ejabberd_suite.muc_history_slave.24546.html
=started       2024-12-18 20:34:40
=ended         2024-12-18 20:34:40
=result        ok
=elapsed       0.142437s
=case          ejabberd_SUITE:end_per_group
=logfile       ejabberd_suite.end_per_group.7397.html
=group_props   [{name,muc_history},parallel]
=started       2024-12-18 20:34:40
=ended         2024-12-18 20:34:40
=result        ok
=elapsed       0.000002s
=group_time    0.203s
=case          ejabberd_SUITE:init_per_group
=logfile       ejabberd_suite.init_per_group.7429.html
=group_props   [{name,muc_invite},parallel]
=started       2024-12-18 20:34:40
=ended         2024-12-18 20:34:40
=result        ok
=elapsed       0.000003s
=case          ejabberd_SUITE:muc_invite_master
=logfile       ejabberd_suite.muc_invite_master.7461.html
=started       2024-12-18 20:34:40
=ended         2024-12-18 20:34:40
=result        ok
=elapsed       0.108022s
=case          ejabberd_SUITE:muc_invite_slave
=logfile       ejabberd_suite.muc_invite_slave.7493.html
=started       2024-12-18 20:34:40
=ended         2024-12-18 20:34:40
=result        ok
=elapsed       0.146703s
=case          ejabberd_SUITE:end_per_group
=logfile       ejabberd_suite.end_per_group.24610.html
=group_props   [{name,muc_invite},parallel]
=started       2024-12-18 20:34:40
=ended         2024-12-18 20:34:40
=result        ok
=elapsed       0.000002s
=group_time    0.205s
=case          ejabberd_SUITE:init_per_group
=logfile       ejabberd_suite.init_per_group.24642.html
=group_props   [{name,muc_invite_members_only},parallel]
=started       2024-12-18 20:34:40
=ended         2024-12-18 20:34:40
=result        ok
=elapsed       0.000002s
=case          ejabberd_SUITE:muc_invite_members_only_master
=logfile       ejabberd_suite.muc_invite_members_only_master.24674.html
=started       2024-12-18 20:34:40
=ended         2024-12-18 20:34:40
=result        ok
=elapsed       0.109142s
=case          ejabberd_SUITE:muc_invite_members_only_slave
=logfile       ejabberd_suite.muc_invite_members_only_slave.24706.html
=started       2024-12-18 20:34:40
=ended         2024-12-18 20:34:40
=result        ok
=elapsed       0.107023s
=case          ejabberd_SUITE:end_per_group
=logfile       ejabberd_suite.end_per_group.24770.html
=group_props   [{name,muc_invite_members_only},parallel]
=started       2024-12-18 20:34:40
=ended         2024-12-18 20:34:40
=result        ok
=elapsed       0.000002s
=group_time    0.167s
=case          ejabberd_SUITE:init_per_group
=logfile       ejabberd_suite.init_per_group.24802.html
=group_props   [{name,muc_invite_password_protected},parallel]
=started       2024-12-18 20:34:40
=ended         2024-12-18 20:34:40
=result        ok
=elapsed       0.000002s
=case          ejabberd_SUITE:muc_invite_password_protected_master
=logfile       ejabberd_suite.muc_invite_password_protected_master.24834.html
=started       2024-12-18 20:34:40
=ended         2024-12-18 20:34:41
=result        ok
=elapsed       0.150759s
=case          ejabberd_SUITE:muc_invite_password_protected_slave
=logfile       ejabberd_suite.muc_invite_password_protected_slave.24866.html
=started       2024-12-18 20:34:40
=ended         2024-12-18 20:34:41
=result        ok
=elapsed       0.107287s
=case          ejabberd_SUITE:end_per_group
=logfile       ejabberd_suite.end_per_group.14340.html
=group_props   [{name,muc_invite_password_protected},parallel]
=started       2024-12-18 20:34:41
=ended         2024-12-18 20:34:41
=result        ok
=elapsed       0.000003s
=group_time    0.208s
=case          ejabberd_SUITE:init_per_group
=logfile       ejabberd_suite.init_per_group.14372.html
=group_props   [{name,muc_voice_request},parallel]
=started       2024-12-18 20:34:41
=ended         2024-12-18 20:34:41
=result        ok
=elapsed       0.000002s
=case          ejabberd_SUITE:muc_voice_request_master
=logfile       ejabberd_suite.muc_voice_request_master.14404.html
=started       2024-12-18 20:34:41
=ended         2024-12-18 20:34:41
=result        ok
=elapsed       0.112693s
=case          ejabberd_SUITE:muc_voice_request_slave
=logfile       ejabberd_suite.muc_voice_request_slave.14436.html
=started       2024-12-18 20:34:41
=ended         2024-12-18 20:34:41
=result        ok
=elapsed       0.111082s
=case          ejabberd_SUITE:end_per_group
=logfile       ejabberd_suite.end_per_group.14564.html
=group_props   [{name,muc_voice_request},parallel]
=started       2024-12-18 20:34:41
=ended         2024-12-18 20:34:41
=result        ok
=elapsed       0.000002s
=group_time    0.170s
=case          ejabberd_SUITE:init_per_group
=logfile       ejabberd_suite.init_per_group.14596.html
=group_props   [{name,muc_change_role},parallel]
=started       2024-12-18 20:34:41
=ended         2024-12-18 20:34:41
=result        ok
=elapsed       0.000003s
=case          ejabberd_SUITE:muc_change_role_master
=logfile       ejabberd_suite.muc_change_role_master.14628.html
=started       2024-12-18 20:34:41
=ended         2024-12-18 20:34:41
=result        ok
=elapsed       0.116897s
=case          ejabberd_SUITE:muc_change_role_slave
=logfile       ejabberd_suite.muc_change_role_slave.21667.html
=started       2024-12-18 20:34:41
=ended         2024-12-18 20:34:41
=result        ok
=elapsed       0.115140s
=case          ejabberd_SUITE:end_per_group
=logfile       ejabberd_suite.end_per_group.21731.html
=group_props   [{name,muc_change_role},parallel]
=started       2024-12-18 20:34:41
=ended         2024-12-18 20:34:41
=result        ok
=elapsed       0.000003s
=group_time    0.174s
=case          ejabberd_SUITE:init_per_group
=logfile       ejabberd_suite.init_per_group.21763.html
=group_props   [{name,muc_kick},parallel]
=started       2024-12-18 20:34:41
=ended         2024-12-18 20:34:41
=result        ok
=elapsed       0.000003s
=case          ejabberd_SUITE:muc_kick_master
=logfile       ejabberd_suite.muc_kick_master.21795.html
=started       2024-12-18 20:34:41
=ended         2024-12-18 20:34:41
=result        ok
=elapsed       0.110757s
=case          ejabberd_SUITE:muc_kick_slave
=logfile       ejabberd_suite.muc_kick_slave.21827.html
=started       2024-12-18 20:34:41
=ended         2024-12-18 20:34:41
=result        ok
=elapsed       0.108314s
=case          ejabberd_SUITE:end_per_group
=logfile       ejabberd_suite.end_per_group.21891.html
=group_props   [{name,muc_kick},parallel]
=started       2024-12-18 20:34:41
=ended         2024-12-18 20:34:41
=result        ok
=elapsed       0.000002s
=group_time    0.168s
=case          ejabberd_SUITE:init_per_group
=logfile       ejabberd_suite.init_per_group.21923.html
=group_props   [{name,muc_change_affiliation},parallel]
=started       2024-12-18 20:34:41
=ended         2024-12-18 20:34:41
=result        ok
=elapsed       0.000002s
=case          ejabberd_SUITE:muc_change_affiliation_master
=logfile       ejabberd_suite.muc_change_affiliation_master.21955.html
=started       2024-12-18 20:34:41
=ended         2024-12-18 20:34:41
=result        ok
=elapsed       0.119438s
=case          ejabberd_SUITE:muc_change_affiliation_slave
=logfile       ejabberd_suite.muc_change_affiliation_slave.21987.html
=started       2024-12-18 20:34:41
=ended         2024-12-18 20:34:41
=result        ok
=elapsed       0.117297s
=case          ejabberd_SUITE:end_per_group
=logfile       ejabberd_suite.end_per_group.22051.html
=group_props   [{name,muc_change_affiliation},parallel]
=started       2024-12-18 20:34:41
=ended         2024-12-18 20:34:41
=result        ok
=elapsed       0.000002s
=group_time    0.176s
=case          ejabberd_SUITE:init_per_group
=logfile       ejabberd_suite.init_per_group.22083.html
=group_props   [{name,muc_destroy},parallel]
=started       2024-12-18 20:34:41
=ended         2024-12-18 20:34:41
=result        ok
=elapsed       0.000002s
=case          ejabberd_SUITE:muc_destroy_master
=logfile       ejabberd_suite.muc_destroy_master.14756.html
=started       2024-12-18 20:34:41
=ended         2024-12-18 20:34:42
=result        ok
=elapsed       0.108645s
=case          ejabberd_SUITE:muc_destroy_slave
=logfile       ejabberd_suite.muc_destroy_slave.22115.html
=started       2024-12-18 20:34:41
=ended         2024-12-18 20:34:42
=result        ok
=elapsed       0.107342s
=case          ejabberd_SUITE:end_per_group
=logfile       ejabberd_suite.end_per_group.22211.html
=group_props   [{name,muc_destroy},parallel]
=started       2024-12-18 20:34:42
=ended         2024-12-18 20:34:42
=result        ok
=elapsed       0.000002s
=group_time    0.166s
=case          ejabberd_SUITE:init_per_group
=logfile       ejabberd_suite.init_per_group.22243.html
=group_props   [{name,muc_vcard},parallel]
=started       2024-12-18 20:34:42
=ended         2024-12-18 20:34:42
=result        ok
=elapsed       0.000002s
=case          ejabberd_SUITE:muc_vcard_master
=logfile       ejabberd_suite.muc_vcard_master.14820.html
=started       2024-12-18 20:34:42
=ended         2024-12-18 20:34:42
=result        ok
=elapsed       0.113635s
=case          ejabberd_SUITE:muc_vcard_slave
=logfile       ejabberd_suite.muc_vcard_slave.14852.html
=started       2024-12-18 20:34:42
=ended         2024-12-18 20:34:42
=result        ok
=elapsed       0.110775s
=case          ejabberd_SUITE:end_per_group
=logfile       ejabberd_suite.end_per_group.14980.html
=group_props   [{name,muc_vcard},parallel]
=started       2024-12-18 20:34:42
=ended         2024-12-18 20:34:42
=result        ok
=elapsed       0.000002s
=group_time    0.170s
=case          ejabberd_SUITE:init_per_group
=logfile       ejabberd_suite.init_per_group.22275.html
=group_props   [{name,muc_nick_change},parallel]
=started       2024-12-18 20:34:42
=ended         2024-12-18 20:34:42
=result        ok
=elapsed       0.000002s
=case          ejabberd_SUITE:muc_nick_change_master
=logfile       ejabberd_suite.muc_nick_change_master.22307.html
=started       2024-12-18 20:34:42
=ended         2024-12-18 20:34:42
=result        ok
=elapsed       0.111306s
=case          ejabberd_SUITE:muc_nick_change_slave
=logfile       ejabberd_suite.muc_nick_change_slave.22339.html
=started       2024-12-18 20:34:42
=ended         2024-12-18 20:34:42
=result        ok
=elapsed       0.108945s
=case          ejabberd_SUITE:end_per_group
=logfile       ejabberd_suite.end_per_group.22467.html
=group_props   [{name,muc_nick_change},parallel]
=started       2024-12-18 20:34:42
=ended         2024-12-18 20:34:42
=result        ok
=elapsed       0.000010s
=group_time    0.170s
=case          ejabberd_SUITE:init_per_group
=logfile       ejabberd_suite.init_per_group.22499.html
=group_props   [{name,muc_config_title_desc},parallel]
=started       2024-12-18 20:34:42
=ended         2024-12-18 20:34:42
=result        ok
=elapsed       0.000002s
=case          ejabberd_SUITE:muc_config_title_desc_master
=logfile       ejabberd_suite.muc_config_title_desc_master.22531.html
=started       2024-12-18 20:34:42
=ended         2024-12-18 20:34:42
=result        ok
=elapsed       0.112753s
=case          ejabberd_SUITE:muc_config_title_desc_slave
=logfile       ejabberd_suite.muc_config_title_desc_slave.22563.html
=started       2024-12-18 20:34:42
=ended         2024-12-18 20:34:42
=result        ok
=elapsed       0.108081s
=case          ejabberd_SUITE:end_per_group
=logfile       ejabberd_suite.end_per_group.22659.html
=group_props   [{name,muc_config_title_desc},parallel]
=started       2024-12-18 20:34:42
=ended         2024-12-18 20:34:42
=result        ok
=elapsed       0.000002s
=group_time    0.170s
=case          ejabberd_SUITE:init_per_group
=logfile       ejabberd_suite.init_per_group.25538.html
=group_props   [{name,muc_config_public_list},parallel]
=started       2024-12-18 20:34:42
=ended         2024-12-18 20:34:42
=result        ok
=elapsed       0.000003s
=case          ejabberd_SUITE:muc_config_public_list_master
=logfile       ejabberd_suite.muc_config_public_list_master.25570.html
=started       2024-12-18 20:34:42
=ended         2024-12-18 20:34:42
=result        ok
=elapsed       0.114643s
=case          ejabberd_SUITE:muc_config_public_list_slave
=logfile       ejabberd_suite.muc_config_public_list_slave.25602.html
=started       2024-12-18 20:34:42
=ended         2024-12-18 20:34:42
=result        ok
=elapsed       0.110834s
=case          ejabberd_SUITE:end_per_group
=logfile       ejabberd_suite.end_per_group.25730.html
=group_props   [{name,muc_config_public_list},parallel]
=started       2024-12-18 20:34:42
=ended         2024-12-18 20:34:42
=result        ok
=elapsed       0.000006s
=group_time    0.170s
=case          ejabberd_SUITE:init_per_group
=logfile       ejabberd_suite.init_per_group.22755.html
=group_props   [{name,muc_config_password},parallel]
=started       2024-12-18 20:34:42
=ended         2024-12-18 20:34:42
=result        ok
=elapsed       0.000002s
=case          ejabberd_SUITE:muc_config_password_master
=logfile       ejabberd_suite.muc_config_password_master.25762.html
=started       2024-12-18 20:34:42
=ended         2024-12-18 20:34:43
=result        ok
=elapsed       0.114735s
=case          ejabberd_SUITE:muc_config_password_slave
=logfile       ejabberd_suite.muc_config_password_slave.25794.html
=started       2024-12-18 20:34:42
=ended         2024-12-18 20:34:42
=result        ok
=elapsed       0.111993s
=case          ejabberd_SUITE:end_per_group
=logfile       ejabberd_suite.end_per_group.25826.html
=group_props   [{name,muc_config_password},parallel]
=started       2024-12-18 20:34:43
=ended         2024-12-18 20:34:43
=result        ok
=elapsed       0.000002s
=group_time    0.172s
=case          ejabberd_SUITE:init_per_group
=logfile       ejabberd_suite.init_per_group.25858.html
=group_props   [{name,muc_config_whois},parallel]
=started       2024-12-18 20:34:43
=ended         2024-12-18 20:34:43
=result        ok
=elapsed       0.000002s
=case          ejabberd_SUITE:muc_config_whois_master
=logfile       ejabberd_suite.muc_config_whois_master.25890.html
=started       2024-12-18 20:34:43
=ended         2024-12-18 20:34:43
=result        ok
=elapsed       0.115121s
=case          ejabberd_SUITE:muc_config_whois_slave
=logfile       ejabberd_suite.muc_config_whois_slave.22787.html
=started       2024-12-18 20:34:43
=ended         2024-12-18 20:34:43
=result        ok
=elapsed       0.114705s
=case          ejabberd_SUITE:end_per_group
=logfile       ejabberd_suite.end_per_group.22851.html
=group_props   [{name,muc_config_whois},parallel]
=started       2024-12-18 20:34:43
=ended         2024-12-18 20:34:43
=result        ok
=elapsed       0.000002s
=group_time    0.174s
=case          ejabberd_SUITE:init_per_group
=logfile       ejabberd_suite.init_per_group.22883.html
=group_props   [{name,muc_config_members_only},parallel]
=started       2024-12-18 20:34:43
=ended         2024-12-18 20:34:43
=result        ok
=elapsed       0.000002s
=case          ejabberd_SUITE:muc_config_members_only_master
=logfile       ejabberd_suite.muc_config_members_only_master.25922.html
=started       2024-12-18 20:34:43
=ended         2024-12-18 20:34:43
=result        ok
=elapsed       0.115743s
=case          ejabberd_SUITE:muc_config_members_only_slave
=logfile       ejabberd_suite.muc_config_members_only_slave.25954.html
=started       2024-12-18 20:34:43
=ended         2024-12-18 20:34:43
=result        ok
=elapsed       0.114397s
=case          ejabberd_SUITE:end_per_group
=logfile       ejabberd_suite.end_per_group.26082.html
=group_props   [{name,muc_config_members_only},parallel]
=started       2024-12-18 20:34:43
=ended         2024-12-18 20:34:43
=result        ok
=elapsed       0.000002s
=group_time    0.173s
=case          ejabberd_SUITE:init_per_group
=logfile       ejabberd_suite.init_per_group.26114.html
=group_props   [{name,muc_config_moderated},parallel]
=started       2024-12-18 20:34:43
=ended         2024-12-18 20:34:43
=result        ok
=elapsed       0.000002s
=case          ejabberd_SUITE:muc_config_moderated_master
=logfile       ejabberd_suite.muc_config_moderated_master.15332.html
=started       2024-12-18 20:34:43
=ended         2024-12-18 20:34:43
=result        ok
=elapsed       0.115474s
=case          ejabberd_SUITE:muc_config_moderated_slave
=logfile       ejabberd_suite.muc_config_moderated_slave.22915.html
=started       2024-12-18 20:34:43
=ended         2024-12-18 20:34:43
=result        ok
=elapsed       0.111809s
=case          ejabberd_SUITE:end_per_group
=logfile       ejabberd_suite.end_per_group.22947.html
=group_props   [{name,muc_config_moderated},parallel]
=started       2024-12-18 20:34:43
=ended         2024-12-18 20:34:43
=result        ok
=elapsed       0.000003s
=group_time    0.172s
=case          ejabberd_SUITE:init_per_group
=logfile       ejabberd_suite.init_per_group.22979.html
=group_props   [{name,muc_config_private_messages},parallel]
=started       2024-12-18 20:34:43
=ended         2024-12-18 20:34:43
=result        ok
=elapsed       0.000003s
=case          ejabberd_SUITE:muc_config_private_messages_master
=logfile       ejabberd_suite.muc_config_private_messages_master.26178.html
=started       2024-12-18 20:34:43
=ended         2024-12-18 20:34:43
=result        ok
=elapsed       0.119921s
=case          ejabberd_SUITE:muc_config_private_messages_slave
=logfile       ejabberd_suite.muc_config_private_messages_slave.26210.html
=started       2024-12-18 20:34:43
=ended         2024-12-18 20:34:43
=result        ok
=elapsed       0.118075s
=case          ejabberd_SUITE:end_per_group
=logfile       ejabberd_suite.end_per_group.26274.html
=group_props   [{name,muc_config_private_messages},parallel]
=started       2024-12-18 20:34:43
=ended         2024-12-18 20:34:43
=result        ok
=elapsed       0.000002s
=group_time    0.178s
=case          ejabberd_SUITE:init_per_group
=logfile       ejabberd_suite.init_per_group.26306.html
=group_props   [{name,muc_config_query},parallel]
=started       2024-12-18 20:34:43
=ended         2024-12-18 20:34:43
=result        ok
=elapsed       0.000002s
=case          ejabberd_SUITE:muc_config_query_master
=logfile       ejabberd_suite.muc_config_query_master.26338.html
=started       2024-12-18 20:34:43
=ended         2024-12-18 20:34:44
=result        ok
=elapsed       0.154109s
=case          ejabberd_SUITE:muc_config_query_slave
=logfile       ejabberd_suite.muc_config_query_slave.26370.html
=started       2024-12-18 20:34:43
=ended         2024-12-18 20:34:44
=result        ok
=elapsed       0.149731s
=case          ejabberd_SUITE:end_per_group
=logfile       ejabberd_suite.end_per_group.26466.html
=group_props   [{name,muc_config_query},parallel]
=started       2024-12-18 20:34:44
=ended         2024-12-18 20:34:44
=result        ok
=elapsed       0.000002s
=group_time    0.210s
=case          ejabberd_SUITE:init_per_group
=logfile       ejabberd_suite.init_per_group.26498.html
=group_props   [{name,muc_config_allow_invites},parallel]
=started       2024-12-18 20:34:44
=ended         2024-12-18 20:34:44
=result        ok
=elapsed       0.000002s
=case          ejabberd_SUITE:muc_config_allow_invites_master
=logfile       ejabberd_suite.muc_config_allow_invites_master.26530.html
=started       2024-12-18 20:34:44
=ended         2024-12-18 20:34:44
=result        ok
=elapsed       0.114307s
=case          ejabberd_SUITE:muc_config_allow_invites_slave
=logfile       ejabberd_suite.muc_config_allow_invites_slave.15524.html
=started       2024-12-18 20:34:44
=ended         2024-12-18 20:34:44
=result        ok
=elapsed       0.111325s
=case          ejabberd_SUITE:end_per_group
=logfile       ejabberd_suite.end_per_group.15620.html
=group_props   [{name,muc_config_allow_invites},parallel]
=started       2024-12-18 20:34:44
=ended         2024-12-18 20:34:44
=result        ok
=elapsed       0.000002s
=group_time    0.170s
=case          ejabberd_SUITE:init_per_group
=logfile       ejabberd_suite.init_per_group.15652.html
=group_props   [{name,muc_config_visitor_status},parallel]
=started       2024-12-18 20:34:44
=ended         2024-12-18 20:34:44
=result        ok
=elapsed       0.000003s
=case          ejabberd_SUITE:muc_config_visitor_status_master
=logfile       ejabberd_suite.muc_config_visitor_status_master.15684.html
=started       2024-12-18 20:34:44
=ended         2024-12-18 20:34:44
=result        ok
=elapsed       0.116201s
=case          ejabberd_SUITE:muc_config_visitor_status_slave
=logfile       ejabberd_suite.muc_config_visitor_status_slave.15716.html
=started       2024-12-18 20:34:44
=ended         2024-12-18 20:34:44
=result        ok
=elapsed       0.111815s
=case          ejabberd_SUITE:end_per_group
=logfile       ejabberd_suite.end_per_group.26722.html
=group_props   [{name,muc_config_visitor_status},parallel]
=started       2024-12-18 20:34:44
=ended         2024-12-18 20:34:44
=result        ok
=elapsed       0.000002s
=group_time    0.174s
=case          ejabberd_SUITE:init_per_group
=logfile       ejabberd_suite.init_per_group.26754.html
=group_props   [{name,muc_config_allow_voice_requests},parallel]
=started       2024-12-18 20:34:44
=ended         2024-12-18 20:34:44
=result        ok
=elapsed       0.000003s
=case          ejabberd_SUITE:muc_config_allow_voice_requests_master
=logfile       ejabberd_suite.muc_config_allow_voice_requests_master.26786.html
=started       2024-12-18 20:34:44
=ended         2024-12-18 20:34:44
=result        ok
=elapsed       0.112467s
=case          ejabberd_SUITE:muc_config_allow_voice_requests_slave
=logfile       ejabberd_suite.muc_config_allow_voice_requests_slave.26818.html
=started       2024-12-18 20:34:44
=ended         2024-12-18 20:34:44
=result        ok
=elapsed       0.109887s
=case          ejabberd_SUITE:end_per_group
=logfile       ejabberd_suite.end_per_group.26914.html
=group_props   [{name,muc_config_allow_voice_requests},parallel]
=started       2024-12-18 20:34:44
=ended         2024-12-18 20:34:44
=result        ok
=elapsed       0.000002s
=group_time    0.168s
=case          ejabberd_SUITE:init_per_group
=logfile       ejabberd_suite.init_per_group.26946.html
=group_props   [{name,muc_config_voice_request_interval},parallel]
=started       2024-12-18 20:34:44
=ended         2024-12-18 20:34:44
=result        ok
=elapsed       0.000002s
=case          ejabberd_SUITE:muc_config_voice_request_interval_master
=logfile       ejabberd_suite.muc_config_voice_request_interval_master.26978.html
=started       2024-12-18 20:34:44
=ended         2024-12-18 20:34:49
=result        ok
=elapsed       5.196825s
=case          ejabberd_SUITE:muc_config_voice_request_interval_slave
=logfile       ejabberd_suite.muc_config_voice_request_interval_slave.27010.html
=started       2024-12-18 20:34:44
=ended         2024-12-18 20:34:49
=result        ok
=elapsed       5.196631s
=case          ejabberd_SUITE:end_per_group
=logfile       ejabberd_suite.end_per_group.27074.html
=group_props   [{name,muc_config_voice_request_interval},parallel]
=started       2024-12-18 20:34:49
=ended         2024-12-18 20:34:49
=result        ok
=elapsed       0.000002s
=group_time    5.255s
=case          ejabberd_SUITE:init_per_group
=logfile       ejabberd_suite.init_per_group.27106.html
=group_props   [{name,muc_config_visitor_nickchange},parallel]
=started       2024-12-18 20:34:49
=ended         2024-12-18 20:34:49
=result        ok
=elapsed       0.000002s
=case          ejabberd_SUITE:muc_config_visitor_nickchange_master
=logfile       ejabberd_suite.muc_config_visitor_nickchange_master.27138.html
=started       2024-12-18 20:34:49
=ended         2024-12-18 20:34:50
=result        ok
=elapsed       0.112000s
=case          ejabberd_SUITE:muc_config_visitor_nickchange_slave
=logfile       ejabberd_suite.muc_config_visitor_nickchange_slave.27170.html
=started       2024-12-18 20:34:49
=ended         2024-12-18 20:34:50
=result        ok
=elapsed       0.107317s
=case          ejabberd_SUITE:end_per_group
=logfile       ejabberd_suite.end_per_group.27202.html
=group_props   [{name,muc_config_visitor_nickchange},parallel]
=started       2024-12-18 20:34:50
=ended         2024-12-18 20:34:50
=result        ok
=elapsed       0.000006s
=group_time    0.168s
=case          ejabberd_SUITE:init_per_group
=logfile       ejabberd_suite.init_per_group.27234.html
=group_props   [{name,muc_join_conflict},parallel]
=started       2024-12-18 20:34:50
=ended         2024-12-18 20:34:50
=result        ok
=elapsed       0.000003s
=case          ejabberd_SUITE:muc_join_conflict_master
=logfile       ejabberd_suite.muc_join_conflict_master.27266.html
=started       2024-12-18 20:34:50
=ended         2024-12-18 20:34:50
=result        ok
=elapsed       0.107897s
=case          ejabberd_SUITE:muc_join_conflict_slave
=logfile       ejabberd_suite.muc_join_conflict_slave.27298.html
=started       2024-12-18 20:34:50
=ended         2024-12-18 20:34:50
=result        ok
=elapsed       0.106276s
=case          ejabberd_SUITE:end_per_group
=logfile       ejabberd_suite.end_per_group.27362.html
=group_props   [{name,muc_join_conflict},parallel]
=started       2024-12-18 20:34:50
=ended         2024-12-18 20:34:50
=result        ok
=elapsed       0.000008s
=group_time    0.166s
=case          ejabberd_SUITE:end_per_group
=logfile       ejabberd_suite.end_per_group.7941.html
=group_props   [{name,muc_master_slave},sequence]
=started       2024-12-18 20:34:50
=ended         2024-12-18 20:34:50
=result        ok
=elapsed       0.000006s
=group_time    10.968s
=case          ejabberd_SUITE:init_per_group
=logfile       ejabberd_suite.init_per_group.7973.html
=group_props   [{name,privacy_master_slave},sequence]
=started       2024-12-18 20:34:50
=ended         2024-12-18 20:34:50
=result        ok
=elapsed       0.000004s
=case          ejabberd_SUITE:init_per_group
=logfile       ejabberd_suite.init_per_group.8005.html
=group_props   [{name,privacy_deny_bare_jid},parallel]
=started       2024-12-18 20:34:50
=ended         2024-12-18 20:34:50
=result        ok
=elapsed       0.000002s
=case          ejabberd_SUITE:privacy_deny_bare_jid_master
=logfile       ejabberd_suite.privacy_deny_bare_jid_master.8037.html
=started       2024-12-18 20:34:50
=ended         2024-12-18 20:34:51
=result        ok
=elapsed       1.122659s
=case          ejabberd_SUITE:privacy_deny_bare_jid_slave
=logfile       ejabberd_suite.privacy_deny_bare_jid_slave.8069.html
=started       2024-12-18 20:34:50
=ended         2024-12-18 20:34:51
=result        ok
=elapsed       1.122133s
=case          ejabberd_SUITE:end_per_group
=logfile       ejabberd_suite.end_per_group.27458.html
=group_props   [{name,privacy_deny_bare_jid},parallel]
=started       2024-12-18 20:34:51
=ended         2024-12-18 20:34:51
=result        ok
=elapsed       0.000002s
=group_time    1.184s
=case          ejabberd_SUITE:init_per_group
=logfile       ejabberd_suite.init_per_group.27490.html
=group_props   [{name,privacy_deny_full_jid},parallel]
=started       2024-12-18 20:34:51
=ended         2024-12-18 20:34:51
=result        ok
=elapsed       0.000003s
=case          ejabberd_SUITE:privacy_deny_full_jid_master
=logfile       ejabberd_suite.privacy_deny_full_jid_master.27522.html
=started       2024-12-18 20:34:51
=ended         2024-12-18 20:34:52
=result        ok
=elapsed       1.118132s
=case          ejabberd_SUITE:privacy_deny_full_jid_slave
=logfile       ejabberd_suite.privacy_deny_full_jid_slave.27554.html
=started       2024-12-18 20:34:51
=ended         2024-12-18 20:34:52
=result        ok
=elapsed       1.117437s
=case          ejabberd_SUITE:end_per_group
=logfile       ejabberd_suite.end_per_group.27682.html
=group_props   [{name,privacy_deny_full_jid},parallel]
=started       2024-12-18 20:34:52
=ended         2024-12-18 20:34:52
=result        ok
=elapsed       0.000002s
=group_time    1.179s
=case          ejabberd_SUITE:init_per_group
=logfile       ejabberd_suite.init_per_group.27714.html
=group_props   [{name,privacy_deny_server_bare_jid},parallel]
=started       2024-12-18 20:34:52
=ended         2024-12-18 20:34:52
=result        ok
=elapsed       0.000003s
=case          ejabberd_SUITE:privacy_deny_server_bare_jid_master
=logfile       ejabberd_suite.privacy_deny_server_bare_jid_master.15908.html
=started       2024-12-18 20:34:52
=ended         2024-12-18 20:34:53
=result        ok
=elapsed       1.121658s
=case          ejabberd_SUITE:privacy_deny_server_bare_jid_slave
=logfile       ejabberd_suite.privacy_deny_server_bare_jid_slave.15940.html
=started       2024-12-18 20:34:52
=ended         2024-12-18 20:34:53
=result        ok
=elapsed       1.122294s
=case          ejabberd_SUITE:end_per_group
=logfile       ejabberd_suite.end_per_group.16036.html
=group_props   [{name,privacy_deny_server_bare_jid},parallel]
=started       2024-12-18 20:34:53
=ended         2024-12-18 20:34:53
=result        ok
=elapsed       0.000003s
=group_time    1.182s
=case          ejabberd_SUITE:init_per_group
=logfile       ejabberd_suite.init_per_group.16068.html
=group_props   [{name,privacy_deny_server_full_jid},parallel]
=started       2024-12-18 20:34:53
=ended         2024-12-18 20:34:54
=result        ok
=elapsed       0.000002s
=case          ejabberd_SUITE:privacy_deny_server_full_jid_master
=logfile       ejabberd_suite.privacy_deny_server_full_jid_master.16100.html
=started       2024-12-18 20:34:54
=ended         2024-12-18 20:34:55
=result        ok
=elapsed       1.121976s
=case          ejabberd_SUITE:privacy_deny_server_full_jid_slave
=logfile       ejabberd_suite.privacy_deny_server_full_jid_slave.27842.html
=started       2024-12-18 20:34:54
=ended         2024-12-18 20:34:55
=result        ok
=elapsed       1.121250s
=case          ejabberd_SUITE:end_per_group
=logfile       ejabberd_suite.end_per_group.27938.html
=group_props   [{name,privacy_deny_server_full_jid},parallel]
=started       2024-12-18 20:34:55
=ended         2024-12-18 20:34:55
=result        ok
=elapsed       0.000002s
=group_time    1.180s
=case          ejabberd_SUITE:init_per_group
=logfile       ejabberd_suite.init_per_group.27970.html
=group_props   [{name,privacy_deny_group},parallel]
=started       2024-12-18 20:34:55
=ended         2024-12-18 20:34:55
=result        ok
=elapsed       0.000002s
=case          ejabberd_SUITE:privacy_deny_group_master
=logfile       ejabberd_suite.privacy_deny_group_master.16196.html
=started       2024-12-18 20:34:55
=ended         2024-12-18 20:34:56
=result        ok
=elapsed       1.121332s
=case          ejabberd_SUITE:privacy_deny_group_slave
=logfile       ejabberd_suite.privacy_deny_group_slave.16228.html
=started       2024-12-18 20:34:55
=ended         2024-12-18 20:34:56
=result        ok
=elapsed       1.120573s
=case          ejabberd_SUITE:end_per_group
=logfile       ejabberd_suite.end_per_group.16292.html
=group_props   [{name,privacy_deny_group},parallel]
=started       2024-12-18 20:34:56
=ended         2024-12-18 20:34:56
=result        ok
=elapsed       0.000002s
=group_time    1.180s
=case          ejabberd_SUITE:init_per_group
=logfile       ejabberd_suite.init_per_group.16324.html
=group_props   [{name,privacy_deny_sub_both},parallel]
=started       2024-12-18 20:34:56
=ended         2024-12-18 20:34:56
=result        ok
=elapsed       0.000003s
=case          ejabberd_SUITE:privacy_deny_sub_both_master
=logfile       ejabberd_suite.privacy_deny_sub_both_master.16356.html
=started       2024-12-18 20:34:56
=ended         2024-12-18 20:34:57
=result        ok
=elapsed       1.120847s
=case          ejabberd_SUITE:privacy_deny_sub_both_slave
=logfile       ejabberd_suite.privacy_deny_sub_both_slave.16388.html
=started       2024-12-18 20:34:56
=ended         2024-12-18 20:34:57
=result        ok
=elapsed       1.118749s
=case          ejabberd_SUITE:end_per_group
=logfile       ejabberd_suite.end_per_group.16548.html
=group_props   [{name,privacy_deny_sub_both},parallel]
=started       2024-12-18 20:34:57
=ended         2024-12-18 20:34:57
=result        ok
=elapsed       0.000008s
=group_time    1.178s
=case          ejabberd_SUITE:init_per_group
=logfile       ejabberd_suite.init_per_group.23811.html
=group_props   [{name,privacy_deny_sub_from},parallel]
=started       2024-12-18 20:34:57
=ended         2024-12-18 20:34:57
=result        ok
=elapsed       0.000002s
=case          ejabberd_SUITE:privacy_deny_sub_from_master
=logfile       ejabberd_suite.privacy_deny_sub_from_master.23843.html
=started       2024-12-18 20:34:57
=ended         2024-12-18 20:34:58
=result        ok
=elapsed       1.120157s
=case          ejabberd_SUITE:privacy_deny_sub_from_slave
=logfile       ejabberd_suite.privacy_deny_sub_from_slave.23875.html
=started       2024-12-18 20:34:57
=ended         2024-12-18 20:34:58
=result        ok
=elapsed       1.119625s
=case          ejabberd_SUITE:end_per_group
=logfile       ejabberd_suite.end_per_group.23971.html
=group_props   [{name,privacy_deny_sub_from},parallel]
=started       2024-12-18 20:34:58
=ended         2024-12-18 20:34:58
=result        ok
=elapsed       0.000003s
=group_time    1.180s
=case          ejabberd_SUITE:init_per_group
=logfile       ejabberd_suite.init_per_group.24003.html
=group_props   [{name,privacy_deny_sub_to},parallel]
=started       2024-12-18 20:34:58
=ended         2024-12-18 20:34:58
=result        ok
=elapsed       0.000002s
=case          ejabberd_SUITE:privacy_deny_sub_to_master
=logfile       ejabberd_suite.privacy_deny_sub_to_master.24035.html
=started       2024-12-18 20:34:58
=ended         2024-12-18 20:34:59
=result        ok
=elapsed       1.118698s
=case          ejabberd_SUITE:privacy_deny_sub_to_slave
=logfile       ejabberd_suite.privacy_deny_sub_to_slave.24067.html
=started       2024-12-18 20:34:58
=ended         2024-12-18 20:34:59
=result        ok
=elapsed       1.118065s
=case          ejabberd_SUITE:end_per_group
=logfile       ejabberd_suite.end_per_group.24163.html
=group_props   [{name,privacy_deny_sub_to},parallel]
=started       2024-12-18 20:34:59
=ended         2024-12-18 20:35:00
=result        ok
=elapsed       0.000003s
=group_time    1.178s
=case          ejabberd_SUITE:init_per_group
=logfile       ejabberd_suite.init_per_group.28418.html
=group_props   [{name,privacy_deny_sub_none},parallel]
=started       2024-12-18 20:35:00
=ended         2024-12-18 20:35:00
=result        ok
=elapsed       0.000004s
=case          ejabberd_SUITE:privacy_deny_sub_none_master
=logfile       ejabberd_suite.privacy_deny_sub_none_master.28450.html
=started       2024-12-18 20:35:00
=ended         2024-12-18 20:35:01
=result        ok
=elapsed       1.128398s
=case          ejabberd_SUITE:privacy_deny_sub_none_slave
=logfile       ejabberd_suite.privacy_deny_sub_none_slave.28482.html
=started       2024-12-18 20:35:00
=ended         2024-12-18 20:35:01
=result        ok
=elapsed       1.127454s
=case          ejabberd_SUITE:end_per_group
=logfile       ejabberd_suite.end_per_group.28642.html
=group_props   [{name,privacy_deny_sub_none},parallel]
=started       2024-12-18 20:35:01
=ended         2024-12-18 20:35:01
=result        ok
=elapsed       0.000002s
=group_time    1.186s
=case          ejabberd_SUITE:init_per_group
=logfile       ejabberd_suite.init_per_group.16676.html
=group_props   [{name,privacy_deny_all},parallel]
=started       2024-12-18 20:35:01
=ended         2024-12-18 20:35:01
=result        ok
=elapsed       0.000003s
=case          ejabberd_SUITE:privacy_deny_all_master
=logfile       ejabberd_suite.privacy_deny_all_master.16708.html
=started       2024-12-18 20:35:01
=ended         2024-12-18 20:35:02
=result        ok
=elapsed       1.117423s
=case          ejabberd_SUITE:privacy_deny_all_slave
=logfile       ejabberd_suite.privacy_deny_all_slave.16740.html
=started       2024-12-18 20:35:01
=ended         2024-12-18 20:35:02
=result        ok
=elapsed       1.117851s
=case          ejabberd_SUITE:end_per_group
=logfile       ejabberd_suite.end_per_group.16836.html
=group_props   [{name,privacy_deny_all},parallel]
=started       2024-12-18 20:35:02
=ended         2024-12-18 20:35:02
=result        ok
=elapsed       0.000002s
=group_time    1.179s
=case          ejabberd_SUITE:init_per_group
=logfile       ejabberd_suite.init_per_group.16868.html
=group_props   [{name,privacy_deny_offline},parallel]
=started       2024-12-18 20:35:02
=ended         2024-12-18 20:35:02
=result        ok
=elapsed       0.000002s
=case          ejabberd_SUITE:privacy_deny_offline_master
=logfile       ejabberd_suite.privacy_deny_offline_master.16900.html
=started       2024-12-18 20:35:02
=ended         2024-12-18 20:35:02
=result        ok
=elapsed       0.231604s
=case          ejabberd_SUITE:privacy_deny_offline_slave
=logfile       ejabberd_suite.privacy_deny_offline_slave.16932.html
=started       2024-12-18 20:35:02
=ended         2024-12-18 20:35:02
=result        ok
=elapsed       0.332151s
=case          ejabberd_SUITE:end_per_group
=logfile       ejabberd_suite.end_per_group.16996.html
=group_props   [{name,privacy_deny_offline},parallel]
=started       2024-12-18 20:35:02
=ended         2024-12-18 20:35:02
=result        ok
=elapsed       0.000005s
=group_time    0.390s
=case          ejabberd_SUITE:init_per_group
=logfile       ejabberd_suite.init_per_group.17028.html
=group_props   [{name,privacy_block},parallel]
=started       2024-12-18 20:35:02
=ended         2024-12-18 20:35:02
=result        ok
=elapsed       0.000003s
=case          ejabberd_SUITE:privacy_block_master
=logfile       ejabberd_suite.privacy_block_master.24259.html
=started       2024-12-18 20:35:02
=ended         2024-12-18 20:35:03
=result        ok
=elapsed       0.415212s
=case          ejabberd_SUITE:privacy_block_slave
=logfile       ejabberd_suite.privacy_block_slave.24291.html
=started       2024-12-18 20:35:02
=ended         2024-12-18 20:35:03
=result        ok
=elapsed       0.415636s
=case          ejabberd_SUITE:end_per_group
=logfile       ejabberd_suite.end_per_group.24387.html
=group_props   [{name,privacy_block},parallel]
=started       2024-12-18 20:35:03
=ended         2024-12-18 20:35:03
=result        ok
=elapsed       0.000002s
=group_time    0.474s
=case          ejabberd_SUITE:init_per_group
=logfile       ejabberd_suite.init_per_group.24419.html
=group_props   [{name,privacy_unblock},parallel]
=started       2024-12-18 20:35:03
=ended         2024-12-18 20:35:03
=result        ok
=elapsed       0.000002s
=case          ejabberd_SUITE:privacy_unblock_master
=logfile       ejabberd_suite.privacy_unblock_master.24451.html
=started       2024-12-18 20:35:03
=ended         2024-12-18 20:35:03
=result        ok
=elapsed       0.194721s
=case          ejabberd_SUITE:privacy_unblock_slave
=logfile       ejabberd_suite.privacy_unblock_slave.24483.html
=started       2024-12-18 20:35:03
=ended         2024-12-18 20:35:03
=result        ok
=elapsed       0.191992s
=case          ejabberd_SUITE:end_per_group
=logfile       ejabberd_suite.end_per_group.28994.html
=group_props   [{name,privacy_unblock},parallel]
=started       2024-12-18 20:35:03
=ended         2024-12-18 20:35:03
=result        ok
=elapsed       0.000003s
=group_time    0.252s
=case          ejabberd_SUITE:init_per_group
=logfile       ejabberd_suite.init_per_group.24547.html
=group_props   [{name,privacy_unblock_all},parallel]
=started       2024-12-18 20:35:03
=ended         2024-12-18 20:35:03
=result        ok
=elapsed       0.000005s
=case          ejabberd_SUITE:privacy_unblock_all_master
=logfile       ejabberd_suite.privacy_unblock_all_master.24579.html
=started       2024-12-18 20:35:03
=ended         2024-12-18 20:35:03
=result        ok
=elapsed       0.191456s
=case          ejabberd_SUITE:privacy_unblock_all_slave
=logfile       ejabberd_suite.privacy_unblock_all_slave.24611.html
=started       2024-12-18 20:35:03
=ended         2024-12-18 20:35:03
=result        ok
=elapsed       0.189548s
=case          ejabberd_SUITE:end_per_group
=logfile       ejabberd_suite.end_per_group.24707.html
=group_props   [{name,privacy_unblock_all},parallel]
=started       2024-12-18 20:35:03
=ended         2024-12-18 20:35:03
=result        ok
=elapsed       0.000002s
=group_time    0.249s
=case          ejabberd_SUITE:end_per_group
=logfile       ejabberd_suite.end_per_group.24739.html
=group_props   [{name,privacy_master_slave},sequence]
=started       2024-12-18 20:35:03
=ended         2024-12-18 20:35:03
=result        ok
=elapsed       0.000002s
=group_time    13.548s
=case          ejabberd_SUITE:init_per_group
=logfile       ejabberd_suite.init_per_group.24771.html
=group_props   [{name,pubsub_master_slave},sequence]
=started       2024-12-18 20:35:03
=ended         2024-12-18 20:35:03
=result        ok
=elapsed       0.000003s
=case          ejabberd_SUITE:init_per_group
=logfile       ejabberd_suite.init_per_group.24803.html
=group_props   [{name,pubsub_publish},parallel]
=started       2024-12-18 20:35:03
=ended         2024-12-18 20:35:03
=result        ok
=elapsed       0.000002s
=case          ejabberd_SUITE:pubsub_publish_master
=logfile       ejabberd_suite.pubsub_publish_master.24835.html
=started       2024-12-18 20:35:03
=ended         2024-12-18 20:35:04
=result        ok
=elapsed       0.105172s
=case          ejabberd_SUITE:pubsub_publish_slave
=logfile       ejabberd_suite.pubsub_publish_slave.24867.html
=started       2024-12-18 20:35:03
=ended         2024-12-18 20:35:04
=result        ok
=elapsed       0.103391s
=case          ejabberd_SUITE:end_per_group
=logfile       ejabberd_suite.end_per_group.17188.html
=group_props   [{name,pubsub_publish},parallel]
=started       2024-12-18 20:35:04
=ended         2024-12-18 20:35:04
=result        ok
=elapsed       0.000002s
=group_time    0.163s
=case          ejabberd_SUITE:init_per_group
=logfile       ejabberd_suite.init_per_group.17220.html
=group_props   [{name,pubsub_subscriptions},parallel]
=started       2024-12-18 20:35:04
=ended         2024-12-18 20:35:04
=result        ok
=elapsed       0.000002s
=case          ejabberd_SUITE:pubsub_subscriptions_master
=logfile       ejabberd_suite.pubsub_subscriptions_master.17252.html
=started       2024-12-18 20:35:04
=ended         2024-12-18 20:35:04
=result        ok
=elapsed       0.114071s
=case          ejabberd_SUITE:pubsub_subscriptions_slave
=logfile       ejabberd_suite.pubsub_subscriptions_slave.17284.html
=started       2024-12-18 20:35:04
=ended         2024-12-18 20:35:04
=result        ok
=elapsed       0.110482s
=case          ejabberd_SUITE:end_per_group
=logfile       ejabberd_suite.end_per_group.17380.html
=group_props   [{name,pubsub_subscriptions},parallel]
=started       2024-12-18 20:35:04
=ended         2024-12-18 20:35:04
=result        ok
=elapsed       0.000002s
=group_time    0.170s
=case          ejabberd_SUITE:init_per_group
=logfile       ejabberd_suite.init_per_group.25059.html
=group_props   [{name,pubsub_affiliations},parallel]
=started       2024-12-18 20:35:04
=ended         2024-12-18 20:35:04
=result        ok
=elapsed       0.000002s
=case          ejabberd_SUITE:pubsub_affiliations_master
=logfile       ejabberd_suite.pubsub_affiliations_master.25091.html
=started       2024-12-18 20:35:04
=ended         2024-12-18 20:35:06
=result        ok
=elapsed       1.705442s
=case          ejabberd_SUITE:pubsub_affiliations_slave
=logfile       ejabberd_suite.pubsub_affiliations_slave.29058.html
=started       2024-12-18 20:35:04
=ended         2024-12-18 20:35:06
=result        ok
=elapsed       1.724992s
=case          ejabberd_SUITE:end_per_group
=logfile       ejabberd_suite.end_per_group.17412.html
=group_props   [{name,pubsub_affiliations},parallel]
=started       2024-12-18 20:35:06
=ended         2024-12-18 20:35:06
=result        ok
=elapsed       0.000002s
=group_time    1.781s
=case          ejabberd_SUITE:init_per_group
=logfile       ejabberd_suite.init_per_group.17444.html
=group_props   [{name,pubsub_authorize},parallel]
=started       2024-12-18 20:35:06
=ended         2024-12-18 20:35:06
=result        ok
=elapsed       0.000002s
=case          ejabberd_SUITE:pubsub_authorize_master
=logfile       ejabberd_suite.pubsub_authorize_master.17476.html
=started       2024-12-18 20:35:06
=ended         2024-12-18 20:35:06
=result        ok
=elapsed       0.192639s
=case          ejabberd_SUITE:pubsub_authorize_slave
=logfile       ejabberd_suite.pubsub_authorize_slave.17508.html
=started       2024-12-18 20:35:06
=ended         2024-12-18 20:35:06
=result        ok
=elapsed       0.150155s
=case          ejabberd_SUITE:end_per_group
=logfile       ejabberd_suite.end_per_group.25187.html
=group_props   [{name,pubsub_authorize},parallel]
=started       2024-12-18 20:35:06
=ended         2024-12-18 20:35:06
=result        ok
=elapsed       0.000005s
=group_time    0.248s
=case          ejabberd_SUITE:end_per_group
=logfile       ejabberd_suite.end_per_group.25219.html
=group_props   [{name,pubsub_master_slave},sequence]
=started       2024-12-18 20:35:06
=ended         2024-12-18 20:35:06
=result        ok
=elapsed       0.000005s
=group_time    2.486s
=case          ejabberd_SUITE:init_per_group
=logfile       ejabberd_suite.init_per_group.25251.html
=group_props   [{name,roster_master_slave},sequence]
=started       2024-12-18 20:35:06
=ended         2024-12-18 20:35:06
=result        ok
=elapsed       0.000003s
=case          ejabberd_SUITE:init_per_group
=logfile       ejabberd_suite.init_per_group.25283.html
=group_props   [{name,roster_subscribe},parallel]
=started       2024-12-18 20:35:06
=ended         2024-12-18 20:35:06
=result        ok
=elapsed       0.000003s
=case          ejabberd_SUITE:roster_subscribe_master
=logfile       ejabberd_suite.roster_subscribe_master.25315.html
=started       2024-12-18 20:35:06
=ended         2024-12-18 20:35:18
=result        ok
=elapsed       12.250501s
=case          ejabberd_SUITE:roster_subscribe_slave
=logfile       ejabberd_suite.roster_subscribe_slave.25347.html
=started       2024-12-18 20:35:06
=ended         2024-12-18 20:35:18
=result        ok
=elapsed       12.251229s
=case          ejabberd_SUITE:end_per_group
=logfile       ejabberd_suite.end_per_group.27235.html
=group_props   [{name,roster_subscribe},parallel]
=started       2024-12-18 20:35:18
=ended         2024-12-18 20:35:18
=result        ok
=elapsed       0.000002s
=group_time    12.309s
=case          ejabberd_SUITE:end_per_group
=logfile       ejabberd_suite.end_per_group.30530.html
=group_props   [{name,roster_master_slave},sequence]
=started       2024-12-18 20:35:18
=ended         2024-12-18 20:35:18
=result        ok
=elapsed       0.000004s
=group_time    12.360s
=case          ejabberd_SUITE:init_per_group
=logfile       ejabberd_suite.init_per_group.27267.html
=group_props   [{name,offline_master_slave},sequence]
=started       2024-12-18 20:35:18
=ended         2024-12-18 20:35:18
=result        ok
=elapsed       0.000004s
=case          ejabberd_SUITE:init_per_group
=logfile       ejabberd_suite.init_per_group.27299.html
=group_props   [{name,offline_flex},parallel]
=started       2024-12-18 20:35:18
=ended         2024-12-18 20:35:18
=result        ok
=elapsed       0.000002s
=case          ejabberd_SUITE:offline_flex_master
=logfile       ejabberd_suite.offline_flex_master.27331.html
=started       2024-12-18 20:35:18
=ended         2024-12-18 20:35:19
=result        ok
=elapsed       0.203386s
=case          ejabberd_SUITE:offline_flex_slave
=logfile       ejabberd_suite.offline_flex_slave.27363.html
=started       2024-12-18 20:35:18
=ended         2024-12-18 20:35:19
=result        ok
=elapsed       0.317031s
=case          ejabberd_SUITE:end_per_group
=logfile       ejabberd_suite.end_per_group.27459.html
=group_props   [{name,offline_flex},parallel]
=started       2024-12-18 20:35:19
=ended         2024-12-18 20:35:19
=result        ok
=elapsed       0.000002s
=group_time    0.374s
=case          ejabberd_SUITE:init_per_group
=logfile       ejabberd_suite.init_per_group.27491.html
=group_props   [{name,offline_send_all},parallel]
=started       2024-12-18 20:35:19
=ended         2024-12-18 20:35:19
=result        ok
=elapsed       0.000002s
=case          ejabberd_SUITE:offline_send_all_master
=logfile       ejabberd_suite.offline_send_all_master.27523.html
=started       2024-12-18 20:35:19
=ended         2024-12-18 20:35:32
=result        ok
=elapsed       13.710759s
=case          ejabberd_SUITE:offline_send_all_slave
=logfile       ejabberd_suite.offline_send_all_slave.27555.html
=started       2024-12-18 20:35:19
=ended         2024-12-18 20:35:33
=result        ok
=elapsed       13.851157s
=case          ejabberd_SUITE:end_per_group
=logfile       ejabberd_suite.end_per_group.30562.html
=group_props   [{name,offline_send_all},parallel]
=started       2024-12-18 20:35:33
=ended         2024-12-18 20:35:33
=result        ok
=elapsed       0.000002s
=group_time    13.909s
=case          ejabberd_SUITE:init_per_group
=logfile       ejabberd_suite.init_per_group.30594.html
=group_props   [{name,offline_from_mam},parallel]
=started       2024-12-18 20:35:33
=ended         2024-12-18 20:35:33
=result        ok
=elapsed       0.000003s
=case          ejabberd_SUITE:offline_from_mam_master
=logfile       ejabberd_suite.offline_from_mam_master.30626.html
=started       2024-12-18 20:35:33
=ended         2024-12-18 20:35:47
=result        ok
=elapsed       13.804224s
=case          ejabberd_SUITE:offline_from_mam_slave
=logfile       ejabberd_suite.offline_from_mam_slave.30658.html
=started       2024-12-18 20:35:33
=ended         2024-12-18 20:35:47
=result        ok
=elapsed       13.976602s
=case          ejabberd_SUITE:end_per_group
=logfile       ejabberd_suite.end_per_group.30722.html
=group_props   [{name,offline_from_mam},parallel]
=started       2024-12-18 20:35:47
=ended         2024-12-18 20:35:47
=result        ok
=elapsed       0.000002s
=group_time    14.033s
=case          ejabberd_SUITE:init_per_group
=logfile       ejabberd_suite.init_per_group.30754.html
=group_props   [{name,offline_mucsub_mam},parallel]
=started       2024-12-18 20:35:47
=ended         2024-12-18 20:35:47
=result        ok
=elapsed       0.000003s
=case          ejabberd_SUITE:offline_mucsub_mam_master
=logfile       ejabberd_suite.offline_mucsub_mam_master.30786.html
=started       2024-12-18 20:35:47
=ended         2024-12-18 20:35:47
=result        ok
=elapsed       0.223286s
=case          ejabberd_SUITE:offline_mucsub_mam_slave
=logfile       ejabberd_suite.offline_mucsub_mam_slave.30818.html
=started       2024-12-18 20:35:47
=ended         2024-12-18 20:35:47
=result        ok
=elapsed       0.221524s
=case          ejabberd_SUITE:end_per_group
=logfile       ejabberd_suite.end_per_group.30978.html
=group_props   [{name,offline_mucsub_mam},parallel]
=started       2024-12-18 20:35:47
=ended         2024-12-18 20:35:47
=result        ok
=elapsed       0.000002s
=group_time    0.282s
=case          ejabberd_SUITE:end_per_group
=logfile       ejabberd_suite.end_per_group.31010.html
=group_props   [{name,offline_master_slave},sequence]
=started       2024-12-18 20:35:47
=ended         2024-12-18 20:35:47
=result        ok
=elapsed       0.000001s
=group_time    28.722s
=case          ejabberd_SUITE:init_per_group
=logfile       ejabberd_suite.init_per_group.31042.html
=group_props   [{name,mam_master_slave},sequence]
=started       2024-12-18 20:35:47
=ended         2024-12-18 20:35:47
=result        ok
=elapsed       0.000004s
=case          ejabberd_SUITE:init_per_group
=logfile       ejabberd_suite.init_per_group.31074.html
=group_props   [{name,mam_archived_and_stanza_id},parallel]
=started       2024-12-18 20:35:47
=ended         2024-12-18 20:35:47
=result        ok
=elapsed       0.000001s
=case          ejabberd_SUITE:mam_archived_and_stanza_id_master
=logfile       ejabberd_suite.mam_archived_and_stanza_id_master.31106.html
=started       2024-12-18 20:35:47
=ended         2024-12-18 20:35:47
=result        ok
=elapsed       0.151133s
=case          ejabberd_SUITE:mam_archived_and_stanza_id_slave
=logfile       ejabberd_suite.mam_archived_and_stanza_id_slave.8293.html
=started       2024-12-18 20:35:47
=ended         2024-12-18 20:35:47
=result        ok
=elapsed       0.151316s
=case          ejabberd_SUITE:end_per_group
=logfile       ejabberd_suite.end_per_group.8325.html
=group_props   [{name,mam_archived_and_stanza_id},parallel]
=started       2024-12-18 20:35:47
=ended         2024-12-18 20:35:47
=result        ok
=elapsed       0.000002s
=group_time    0.210s
=case          ejabberd_SUITE:init_per_group
=logfile       ejabberd_suite.init_per_group.8357.html
=group_props   [{name,mam_query_all},parallel]
=started       2024-12-18 20:35:47
=ended         2024-12-18 20:35:47
=result        ok
=elapsed       0.000002s
=case          ejabberd_SUITE:mam_query_all_master
=logfile       ejabberd_suite.mam_query_all_master.8389.html
=started       2024-12-18 20:35:47
=ended         2024-12-18 20:35:48
=result        ok
=elapsed       0.171651s
=case          ejabberd_SUITE:mam_query_all_slave
=logfile       ejabberd_suite.mam_query_all_slave.8421.html
=started       2024-12-18 20:35:47
=ended         2024-12-18 20:35:48
=result        ok
=elapsed       0.172184s
=case          ejabberd_SUITE:end_per_group
=logfile       ejabberd_suite.end_per_group.19460.html
=group_props   [{name,mam_query_all},parallel]
=started       2024-12-18 20:35:48
=ended         2024-12-18 20:35:48
=result        ok
=elapsed       0.000002s
=group_time    0.230s
=case          ejabberd_SUITE:init_per_group
=logfile       ejabberd_suite.init_per_group.19492.html
=group_props   [{name,mam_query_with},parallel]
=started       2024-12-18 20:35:48
=ended         2024-12-18 20:35:48
=result        ok
=elapsed       0.000003s
=case          ejabberd_SUITE:mam_query_with_master
=logfile       ejabberd_suite.mam_query_with_master.19524.html
=started       2024-12-18 20:35:48
=ended         2024-12-18 20:35:48
=result        ok
=elapsed       0.184946s
=case          ejabberd_SUITE:mam_query_with_slave
=logfile       ejabberd_suite.mam_query_with_slave.19556.html
=started       2024-12-18 20:35:48
=ended         2024-12-18 20:35:48
=result        ok
=elapsed       0.188462s
=case          ejabberd_SUITE:end_per_group
=logfile       ejabberd_suite.end_per_group.19620.html
=group_props   [{name,mam_query_with},parallel]
=started       2024-12-18 20:35:48
=ended         2024-12-18 20:35:48
=result        ok
=elapsed       0.000006s
=group_time    0.247s
=case          ejabberd_SUITE:init_per_group
=logfile       ejabberd_suite.init_per_group.19652.html
=group_props   [{name,mam_query_rsm_max},parallel]
=started       2024-12-18 20:35:48
=ended         2024-12-18 20:35:48
=result        ok
=elapsed       0.000003s
=case          ejabberd_SUITE:mam_query_rsm_max_master
=logfile       ejabberd_suite.mam_query_rsm_max_master.19684.html
=started       2024-12-18 20:35:48
=ended         2024-12-18 20:35:48
=result        ok
=elapsed       0.231740s
=case          ejabberd_SUITE:mam_query_rsm_max_slave
=logfile       ejabberd_suite.mam_query_rsm_max_slave.19716.html
=started       2024-12-18 20:35:48
=ended         2024-12-18 20:35:48
=result        ok
=elapsed       0.238038s
=case          ejabberd_SUITE:end_per_group
=logfile       ejabberd_suite.end_per_group.19812.html
=group_props   [{name,mam_query_rsm_max},parallel]
=started       2024-12-18 20:35:48
=ended         2024-12-18 20:35:48
=result        ok
=elapsed       0.000009s
=group_time    0.295s
=case          ejabberd_SUITE:init_per_group
=logfile       ejabberd_suite.init_per_group.19844.html
=group_props   [{name,mam_query_rsm_after},parallel]
=started       2024-12-18 20:35:48
=ended         2024-12-18 20:35:48
=result        ok
=elapsed       0.000002s
=case          ejabberd_SUITE:mam_query_rsm_after_master
=logfile       ejabberd_suite.mam_query_rsm_after_master.19876.html
=started       2024-12-18 20:35:48
=ended         2024-12-18 20:35:48
=result        ok
=elapsed       0.209932s
=case          ejabberd_SUITE:mam_query_rsm_after_slave
=logfile       ejabberd_suite.mam_query_rsm_after_slave.27907.html
=started       2024-12-18 20:35:48
=ended         2024-12-18 20:35:48
=result        ok
=elapsed       0.213014s
=case          ejabberd_SUITE:end_per_group
=logfile       ejabberd_suite.end_per_group.28035.html
=group_props   [{name,mam_query_rsm_after},parallel]
=started       2024-12-18 20:35:48
=ended         2024-12-18 20:35:48
=result        ok
=elapsed       0.000003s
=group_time    0.270s
=case          ejabberd_SUITE:init_per_group
=logfile       ejabberd_suite.init_per_group.28067.html
=group_props   [{name,mam_query_rsm_before},parallel]
=started       2024-12-18 20:35:48
=ended         2024-12-18 20:35:48
=result        ok
=elapsed       0.000002s
=case          ejabberd_SUITE:mam_query_rsm_before_master
=logfile       ejabberd_suite.mam_query_rsm_before_master.28099.html
=started       2024-12-18 20:35:48
=ended         2024-12-18 20:35:49
=result        ok
=elapsed       0.226166s
=case          ejabberd_SUITE:mam_query_rsm_before_slave
=logfile       ejabberd_suite.mam_query_rsm_before_slave.31202.html
=started       2024-12-18 20:35:48
=ended         2024-12-18 20:35:49
=result        ok
=elapsed       0.228224s
=case          ejabberd_SUITE:end_per_group
=logfile       ejabberd_suite.end_per_group.31266.html
=group_props   [{name,mam_query_rsm_before},parallel]
=started       2024-12-18 20:35:49
=ended         2024-12-18 20:35:49
=result        ok
=elapsed       0.000002s
=group_time    0.288s
=case          ejabberd_SUITE:init_per_group
=logfile       ejabberd_suite.init_per_group.31298.html
=group_props   [{name,mam_muc},parallel]
=started       2024-12-18 20:35:49
=ended         2024-12-18 20:35:49
=result        ok
=elapsed       0.000003s
=case          ejabberd_SUITE:mam_muc_master
=logfile       ejabberd_suite.mam_muc_master.31330.html
=started       2024-12-18 20:35:49
=ended         2024-12-18 20:35:49
=result        ok
=elapsed       0.144019s
=case          ejabberd_SUITE:mam_muc_slave
=logfile       ejabberd_suite.mam_muc_slave.31362.html
=started       2024-12-18 20:35:49
=ended         2024-12-18 20:35:49
=result        ok
=elapsed       0.140973s
=case          ejabberd_SUITE:end_per_group
=logfile       ejabberd_suite.end_per_group.8613.html
=group_props   [{name,mam_muc},parallel]
=started       2024-12-18 20:35:49
=ended         2024-12-18 20:35:49
=result        ok
=elapsed       0.000008s
=group_time    0.202s
=case          ejabberd_SUITE:init_per_group
=logfile       ejabberd_suite.init_per_group.8645.html
=group_props   [{name,mam_mucsub},parallel]
=started       2024-12-18 20:35:49
=ended         2024-12-18 20:35:49
=result        ok
=elapsed       0.000003s
=case          ejabberd_SUITE:mam_mucsub_master
=logfile       ejabberd_suite.mam_mucsub_master.19972.html
=started       2024-12-18 20:35:49
=ended         2024-12-18 20:35:49
=result        ok
=elapsed       0.124434s
=case          ejabberd_SUITE:mam_mucsub_slave
=logfile       ejabberd_suite.mam_mucsub_slave.31426.html
=started       2024-12-18 20:35:49
=ended         2024-12-18 20:35:49
=result        ok
=elapsed       0.124331s
=case          ejabberd_SUITE:end_per_group
=logfile       ejabberd_suite.end_per_group.31522.html
=group_props   [{name,mam_mucsub},parallel]
=started       2024-12-18 20:35:49
=ended         2024-12-18 20:35:49
=result        ok
=elapsed       0.000002s
=group_time    0.183s
=case          ejabberd_SUITE:init_per_group
=logfile       ejabberd_suite.init_per_group.31554.html
=group_props   [{name,mam_mucsub_from_muc},parallel]
=started       2024-12-18 20:35:49
=ended         2024-12-18 20:35:49
=result        ok
=elapsed       0.000002s
=case          ejabberd_SUITE:mam_mucsub_from_muc_master
=logfile       ejabberd_suite.mam_mucsub_from_muc_master.31586.html
=started       2024-12-18 20:35:49
=ended         2024-12-18 20:35:49
=result        ok
=elapsed       0.124109s
=case          ejabberd_SUITE:mam_mucsub_from_muc_slave
=logfile       ejabberd_suite.mam_mucsub_from_muc_slave.31618.html
=started       2024-12-18 20:35:49
=ended         2024-12-18 20:35:49
=result        ok
=elapsed       0.122890s
=case          ejabberd_SUITE:end_per_group
=logfile       ejabberd_suite.end_per_group.31746.html
=group_props   [{name,mam_mucsub_from_muc},parallel]
=started       2024-12-18 20:35:49
=ended         2024-12-18 20:35:49
=result        ok
=elapsed       0.000002s
=group_time    0.182s
=case          ejabberd_SUITE:init_per_group
=logfile       ejabberd_suite.init_per_group.8677.html
=group_props   [{name,mam_mucsub_from_muc_non_persistent},parallel]
=started       2024-12-18 20:35:49
=ended         2024-12-18 20:35:49
=result        ok
=elapsed       0.000003s
=case          ejabberd_SUITE:mam_mucsub_from_muc_non_persistent_master
=logfile       ejabberd_suite.mam_mucsub_from_muc_non_persistent_master.8709.html
=started       2024-12-18 20:35:49
=ended         2024-12-18 20:35:50
=result        ok
=elapsed       0.125632s
=case          ejabberd_SUITE:mam_mucsub_from_muc_non_persistent_slave
=logfile       ejabberd_suite.mam_mucsub_from_muc_non_persistent_slave.8741.html
=started       2024-12-18 20:35:49
=ended         2024-12-18 20:35:50
=result        ok
=elapsed       0.125892s
=case          ejabberd_SUITE:end_per_group
=logfile       ejabberd_suite.end_per_group.8805.html
=group_props   [{name,mam_mucsub_from_muc_non_persistent},parallel]
=started       2024-12-18 20:35:50
=ended         2024-12-18 20:35:50
=result        ok
=elapsed       0.000002s
=group_time    0.188s
=case          ejabberd_SUITE:end_per_group
=logfile       ejabberd_suite.end_per_group.20164.html
=group_props   [{name,mam_master_slave},sequence]
=started       2024-12-18 20:35:50
=ended         2024-12-18 20:35:50
=result        ok
=elapsed       0.000007s
=group_time    2.570s
=case          ejabberd_SUITE:init_per_group
=logfile       ejabberd_suite.init_per_group.20196.html
=group_props   [{name,announce_master_slave},sequence]
=started       2024-12-18 20:35:50
=ended         2024-12-18 20:35:50
=result        ok
=elapsed       0.000003s
=case          ejabberd_SUITE:init_per_group
=logfile       ejabberd_suite.init_per_group.20228.html
=group_props   [{name,announce_set_motd},parallel]
=started       2024-12-18 20:35:50
=ended         2024-12-18 20:35:50
=result        ok
=elapsed       0.000002s
=case          ejabberd_SUITE:announce_set_motd_master
=logfile       ejabberd_suite.announce_set_motd_master.31810.html
=started       2024-12-18 20:35:50
=ended         2024-12-18 20:35:50
=result        ok
=elapsed       0.105030s
=case          ejabberd_SUITE:announce_set_motd_slave
=logfile       ejabberd_suite.announce_set_motd_slave.20260.html
=started       2024-12-18 20:35:50
=ended         2024-12-18 20:35:50
=result        ok
=elapsed       0.105929s
=case          ejabberd_SUITE:end_per_group
=logfile       ejabberd_suite.end_per_group.28419.html
=group_props   [{name,announce_set_motd},parallel]
=started       2024-12-18 20:35:50
=ended         2024-12-18 20:35:50
=result        ok
=elapsed       0.000002s
=group_time    0.164s
=case          ejabberd_SUITE:end_per_group
=logfile       ejabberd_suite.end_per_group.28451.html
=group_props   [{name,announce_master_slave},sequence]
=started       2024-12-18 20:35:50
=ended         2024-12-18 20:35:50
=result        ok
=elapsed       0.000007s
=group_time    0.214s
=case          ejabberd_SUITE:init_per_group
=logfile       ejabberd_suite.init_per_group.28483.html
=group_props   [{name,csi_master_slave},sequence]
=started       2024-12-18 20:35:50
=ended         2024-12-18 20:35:50
=result        ok
=elapsed       0.000003s
=case          ejabberd_SUITE:init_per_group
=logfile       ejabberd_suite.init_per_group.28515.html
=group_props   [{name,csi_all},parallel]
=started       2024-12-18 20:35:50
=ended         2024-12-18 20:35:50
=result        ok
=elapsed       0.000002s
=case          ejabberd_SUITE:csi_all_master
=logfile       ejabberd_suite.csi_all_master.28547.html
=started       2024-12-18 20:35:50
=ended         2024-12-18 20:35:50
=result        ok
=elapsed       0.232003s
=case          ejabberd_SUITE:csi_all_slave
=logfile       ejabberd_suite.csi_all_slave.28579.html
=started       2024-12-18 20:35:50
=ended         2024-12-18 20:35:50
=result        ok
=elapsed       0.231745s
=case          ejabberd_SUITE:end_per_group
=logfile       ejabberd_suite.end_per_group.28643.html
=group_props   [{name,csi_all},parallel]
=started       2024-12-18 20:35:50
=ended         2024-12-18 20:35:50
=result        ok
=elapsed       0.000002s
=group_time    0.291s
=case          ejabberd_SUITE:end_per_group
=logfile       ejabberd_suite.end_per_group.28675.html
=group_props   [{name,csi_master_slave},sequence]
=started       2024-12-18 20:35:50
=ended         2024-12-18 20:35:50
=result        ok
=elapsed       0.000002s
=group_time    0.339s
=case          ejabberd_SUITE:init_per_group
=logfile       ejabberd_suite.init_per_group.31842.html
=group_props   [{name,push_master_slave},sequence]
=started       2024-12-18 20:35:50
=ended         2024-12-18 20:35:50
=result        ok
=elapsed       0.000004s
=case          ejabberd_SUITE:init_per_group
=logfile       ejabberd_suite.init_per_group.8965.html
=group_props   [{name,push_sm},parallel]
=started       2024-12-18 20:35:50
=ended         2024-12-18 20:35:50
=result        ok
=elapsed       0.000004s
=case          ejabberd_SUITE:push_sm_master
=logfile       ejabberd_suite.push_sm_master.31874.html
=started       2024-12-18 20:35:50
=ended         2024-12-18 20:35:58
=result        ok
=elapsed       8.108421s
=case          ejabberd_SUITE:push_sm_slave
=logfile       ejabberd_suite.push_sm_slave.8997.html
=started       2024-12-18 20:35:50
=ended         2024-12-18 20:35:50
=result        ok
=elapsed       0.002003s
=case          ejabberd_SUITE:end_per_group
=logfile       ejabberd_suite.end_per_group.31938.html
=group_props   [{name,push_sm},parallel]
=started       2024-12-18 20:35:58
=ended         2024-12-18 20:35:58
=result        ok
=elapsed       0.000002s
=group_time    8.166s
=case          ejabberd_SUITE:init_per_group
=logfile       ejabberd_suite.init_per_group.31970.html
=group_props   [{name,push_offline},parallel]
=started       2024-12-18 20:35:58
=ended         2024-12-18 20:35:58
=result        ok
=elapsed       0.000002s
=case          ejabberd_SUITE:push_offline_master
=logfile       ejabberd_suite.push_offline_master.32002.html
=started       2024-12-18 20:35:58
=ended         2024-12-18 20:35:59
=result        ok
=elapsed       0.250292s
=case          ejabberd_SUITE:push_offline_slave
=logfile       ejabberd_suite.push_offline_slave.32034.html
=started       2024-12-18 20:35:58
=ended         2024-12-18 20:35:59
=result        ok
=elapsed       0.104505s
=case          ejabberd_SUITE:end_per_group
=logfile       ejabberd_suite.end_per_group.32130.html
=group_props   [{name,push_offline},parallel]
=started       2024-12-18 20:35:59
=ended         2024-12-18 20:35:59
=result        ok
=elapsed       0.000002s
=group_time    0.307s
=case          ejabberd_SUITE:init_per_group
=logfile       ejabberd_suite.init_per_group.32162.html
=group_props   [{name,push_mam},parallel]
=started       2024-12-18 20:35:59
=ended         2024-12-18 20:35:59
=result        ok
=elapsed       0.000003s
=case          ejabberd_SUITE:push_mam_master
=logfile       ejabberd_suite.push_mam_master.32194.html
=started       2024-12-18 20:35:59
=ended         2024-12-18 20:35:59
=result        ok
=elapsed       0.148360s
=case          ejabberd_SUITE:push_mam_slave
=logfile       ejabberd_suite.push_mam_slave.32226.html
=started       2024-12-18 20:35:59
=ended         2024-12-18 20:35:59
=result        ok
=elapsed       0.253273s
=case          ejabberd_SUITE:end_per_group
=logfile       ejabberd_suite.end_per_group.20484.html
=group_props   [{name,push_mam},parallel]
=started       2024-12-18 20:35:59
=ended         2024-12-18 20:35:59
=result        ok
=elapsed       0.000005s
=group_time    0.311s
=case          ejabberd_SUITE:end_per_group
=logfile       ejabberd_suite.end_per_group.28707.html
=group_props   [{name,push_master_slave},sequence]
=started       2024-12-18 20:35:59
=ended         2024-12-18 20:35:59
=result        ok
=elapsed       0.000007s
=group_time    8.882s
=case          ejabberd_SUITE:end_per_group
=logfile       ejabberd_suite.end_per_group.28739.html
=group_props   [{name,redis},sequence]
=started       2024-12-18 20:35:59
=ended         2024-12-18 20:35:59
=result        ok
=elapsed       0.000000s
=group_time    96.296s
=case          ejabberd_SUITE:init_per_group
=logfile       ejabberd_suite.init_per_group.28771.html
=group_props   [{name,mysql},sequence]
=started       2024-12-18 20:35:59
=ended         2024-12-18 20:35:59
=result        ok
=elapsed       0.000701s
=case          ejabberd_SUITE:init_per_group
=logfile       ejabberd_suite.init_per_group.28803.html
=group_props   [{name,single_user},sequence]
=started       2024-12-18 20:35:59
=ended         2024-12-18 20:35:59
=result        ok
=elapsed       0.000002s
=case          ejabberd_SUITE:test_register
=logfile       ejabberd_suite.test_register.20516.html
=started       2024-12-18 20:35:59
=ended         2024-12-18 20:35:59
=result        ok
=elapsed       0.008583s
=case          ejabberd_SUITE:init_per_group
=logfile       ejabberd_suite.init_per_group.28835.html
=group_props   [{name,legacy_auth},parallel]
=started       2024-12-18 20:35:59
=ended         2024-12-18 20:35:59
=result        ok
=elapsed       0.000003s
=case          ejabberd_SUITE:test_legacy_auth_feature
=logfile       ejabberd_suite.test_legacy_auth_feature.28867.html
=started       2024-12-18 20:35:59
=ended         2024-12-18 20:35:59
=result        ok
=elapsed       0.000679s
=case          ejabberd_SUITE:test_legacy_auth
=logfile       ejabberd_suite.test_legacy_auth.28899.html
=started       2024-12-18 20:35:59
=ended         2024-12-18 20:35:59
=result        ok
=elapsed       0.113831s
=case          ejabberd_SUITE:test_legacy_auth_digest
=logfile       ejabberd_suite.test_legacy_auth_digest.28931.html
=started       2024-12-18 20:35:59
=ended         2024-12-18 20:35:59
=result        ok
=elapsed       0.108406s
=case          ejabberd_SUITE:test_legacy_auth_no_resource
=logfile       ejabberd_suite.test_legacy_auth_no_resource.20644.html
=started       2024-12-18 20:35:59
=ended         2024-12-18 20:35:59
=result        ok
=elapsed       0.002362s
=case          ejabberd_SUITE:test_legacy_auth_bad_jid
=logfile       ejabberd_suite.test_legacy_auth_bad_jid.20612.html
=started       2024-12-18 20:35:59
=ended         2024-12-18 20:35:59
=result        ok
=elapsed       0.001697s
=case          ejabberd_SUITE:test_legacy_auth_fail
=logfile       ejabberd_suite.test_legacy_auth_fail.28963.html
=started       2024-12-18 20:35:59
=ended         2024-12-18 20:35:59
=result        ok
=elapsed       0.007437s
=case          ejabberd_SUITE:end_per_group
=logfile       ejabberd_suite.end_per_group.29091.html
=group_props   [{name,legacy_auth},parallel]
=started       2024-12-18 20:35:59
=ended         2024-12-18 20:35:59
=result        ok
=elapsed       0.000003s
=group_time    0.178s
=case          ejabberd_SUITE:auth_plain
=logfile       ejabberd_suite.auth_plain.29123.html
=started       2024-12-18 20:35:59
=ended         2024-12-18 20:35:59
=result        ok
=elapsed       0.001516s
=case          ejabberd_SUITE:auth_md5
=logfile       ejabberd_suite.auth_md5.29187.html
=started       2024-12-18 20:35:59
=ended         2024-12-18 20:36:00
=result        ok
=elapsed       0.002112s
=case          ejabberd_SUITE:presence_broadcast
=logfile       ejabberd_suite.presence_broadcast.29283.html
=started       2024-12-18 20:36:00
=ended         2024-12-18 20:36:00
=result        ok
=elapsed       0.213572s
=case          ejabberd_SUITE:last
=logfile       ejabberd_suite.last.20740.html
=started       2024-12-18 20:36:00
=ended         2024-12-18 20:36:00
=result        ok
=elapsed       0.105100s
=case          ejabberd_SUITE:init_per_group
=logfile       ejabberd_suite.init_per_group.29411.html
=group_props   [{name,webadmin_single},sequence]
=started       2024-12-18 20:36:00
=ended         2024-12-18 20:36:00
=result        ok
=elapsed       0.000003s
=case          ejabberd_SUITE:webadmin_login_page
=logfile       ejabberd_suite.webadmin_login_page.20772.html
=started       2024-12-18 20:36:00
=ended         2024-12-18 20:36:00
=result        ok
=elapsed       0.000340s
=case          ejabberd_SUITE:webadmin_welcome_page
=logfile       ejabberd_suite.webadmin_welcome_page.20804.html
=started       2024-12-18 20:36:00
=ended         2024-12-18 20:36:00
=result        ok
=elapsed       0.003906s
=case          ejabberd_SUITE:webadmin_user_page
=logfile       ejabberd_suite.webadmin_user_page.20836.html
=started       2024-12-18 20:36:00
=ended         2024-12-18 20:36:00
=result        ok
=elapsed       0.003813s
=case          ejabberd_SUITE:webadmin_adduser
=logfile       ejabberd_suite.webadmin_adduser.20868.html
=started       2024-12-18 20:36:00
=ended         2024-12-18 20:36:00
=result        ok
=elapsed       0.009722s
=case          ejabberd_SUITE:webadmin_changepassword
=logfile       ejabberd_suite.webadmin_changepassword.20900.html
=started       2024-12-18 20:36:00
=ended         2024-12-18 20:36:00
=result        ok
=elapsed       0.004919s
=case          ejabberd_SUITE:webadmin_removeuser
=logfile       ejabberd_suite.webadmin_removeuser.20932.html
=started       2024-12-18 20:36:00
=ended         2024-12-18 20:36:00
=result        ok
=elapsed       0.011815s
=case          ejabberd_SUITE:end_per_group
=logfile       ejabberd_suite.end_per_group.20964.html
=group_props   [{name,webadmin_single},sequence]
=started       2024-12-18 20:36:00
=ended         2024-12-18 20:36:00
=result        ok
=elapsed       0.000002s
=group_time    0.212s
=case          ejabberd_SUITE:init_per_group
=logfile       ejabberd_suite.init_per_group.20996.html
=group_props   [{name,roster_single},sequence]
=started       2024-12-18 20:36:00
=ended         2024-12-18 20:36:00
=result        ok
=elapsed       0.000004s
=case          ejabberd_SUITE:roster_feature_enabled
=logfile       ejabberd_suite.roster_feature_enabled.21028.html
=started       2024-12-18 20:36:00
=ended         2024-12-18 20:36:00
=result        ok
=elapsed       0.103062s
=case          ejabberd_SUITE:roster_iq_set_many_items
=logfile       ejabberd_suite.roster_iq_set_many_items.21124.html
=started       2024-12-18 20:36:00
=ended         2024-12-18 20:36:00
=result        ok
=elapsed       0.103235s
=case          ejabberd_SUITE:roster_iq_set_duplicated_groups
=logfile       ejabberd_suite.roster_iq_set_duplicated_groups.21188.html
=started       2024-12-18 20:36:00
=ended         2024-12-18 20:36:01
=result        ok
=elapsed       0.103378s
=case          ejabberd_SUITE:roster_iq_get_item
=logfile       ejabberd_suite.roster_iq_get_item.21252.html
=started       2024-12-18 20:36:01
=ended         2024-12-18 20:36:01
=result        ok
=elapsed       0.103152s
=case          ejabberd_SUITE:roster_iq_unexpected_element
=logfile       ejabberd_suite.roster_iq_unexpected_element.29507.html
=started       2024-12-18 20:36:01
=ended         2024-12-18 20:36:01
=result        ok
=elapsed       0.104228s
=case          ejabberd_SUITE:roster_iq_set_ask
=logfile       ejabberd_suite.roster_iq_set_ask.29539.html
=started       2024-12-18 20:36:01
=ended         2024-12-18 20:36:01
=result        ok
=elapsed       0.103549s
=case          ejabberd_SUITE:roster_set_item
=logfile       ejabberd_suite.roster_set_item.21476.html
=started       2024-12-18 20:36:01
=ended         2024-12-18 20:36:01
=result        ok
=elapsed       0.339700s
=case          ejabberd_SUITE:roster_version
=logfile       ejabberd_suite.roster_version.21540.html
=started       2024-12-18 20:36:01
=ended         2024-12-18 20:36:02
=result        ok
=elapsed       0.153788s
=case          ejabberd_SUITE:end_per_group
=logfile       ejabberd_suite.end_per_group.21604.html
=group_props   [{name,roster_single},sequence]
=started       2024-12-18 20:36:02
=ended         2024-12-18 20:36:02
=result        ok
=elapsed       0.000008s
=group_time    1.383s
=case          ejabberd_SUITE:init_per_group
=logfile       ejabberd_suite.init_per_group.29827.html
=group_props   [{name,private_single},sequence]
=started       2024-12-18 20:36:02
=ended         2024-12-18 20:36:02
=result        ok
=elapsed       0.000002s
=case          ejabberd_SUITE:private_test_features
=logfile       ejabberd_suite.private_test_features.29859.html
=started       2024-12-18 20:36:02
=ended         2024-12-18 20:36:02
=result        ok
=elapsed       0.104057s
=case          ejabberd_SUITE:private_test_no_namespace
=logfile       ejabberd_suite.private_test_no_namespace.29955.html
=started       2024-12-18 20:36:02
=ended         2024-12-18 20:36:02
=result        ok
=elapsed       0.103293s
=case          ejabberd_SUITE:private_test_set_get
=logfile       ejabberd_suite.private_test_set_get.30019.html
=started       2024-12-18 20:36:02
=ended         2024-12-18 20:36:02
=result        ok
=elapsed       0.140795s
=case          ejabberd_SUITE:private_test_published
=logfile       ejabberd_suite.private_test_published.30051.html
=started       2024-12-18 20:36:02
=ended         2024-12-18 20:36:02
=result        ok
=elapsed       0.112659s
=case          ejabberd_SUITE:end_per_group
=logfile       ejabberd_suite.end_per_group.30083.html
=group_props   [{name,private_single},sequence]
=started       2024-12-18 20:36:02
=ended         2024-12-18 20:36:02
=result        ok
=elapsed       0.000002s
=group_time    0.607s
=case          ejabberd_SUITE:init_per_group
=logfile       ejabberd_suite.init_per_group.30115.html
=group_props   [{name,privacy_single},sequence]
=started       2024-12-18 20:36:02
=ended         2024-12-18 20:36:02
=result        ok
=elapsed       0.000002s
=case          ejabberd_SUITE:privacy_feature_enabled
=logfile       ejabberd_suite.privacy_feature_enabled.30147.html
=started       2024-12-18 20:36:02
=ended         2024-12-18 20:36:02
=result        ok
=elapsed       0.104538s
=case          ejabberd_SUITE:privacy_set_get_list
=logfile       ejabberd_suite.privacy_set_get_list.30211.html
=started       2024-12-18 20:36:02
=ended         2024-12-18 20:36:03
=result        ok
=elapsed       0.153298s
=case          ejabberd_SUITE:privacy_get_list_non_existent
=logfile       ejabberd_suite.privacy_get_list_non_existent.30275.html
=started       2024-12-18 20:36:03
=ended         2024-12-18 20:36:03
=result        ok
=elapsed       0.103835s
=case          ejabberd_SUITE:privacy_get_empty_lists
=logfile       ejabberd_suite.privacy_get_empty_lists.30339.html
=started       2024-12-18 20:36:03
=ended         2024-12-18 20:36:03
=result        ok
=elapsed       0.104164s
=case          ejabberd_SUITE:privacy_set_default
=logfile       ejabberd_suite.privacy_set_default.32610.html
=started       2024-12-18 20:36:03
=ended         2024-12-18 20:36:03
=result        ok
=elapsed       0.159314s
=case          ejabberd_SUITE:privacy_del_default
=logfile       ejabberd_suite.privacy_del_default.30403.html
=started       2024-12-18 20:36:03
=ended         2024-12-18 20:36:03
=result        ok
=elapsed       0.153374s
=case          ejabberd_SUITE:privacy_set_default_non_existent
=logfile       ejabberd_suite.privacy_set_default_non_existent.30467.html
=started       2024-12-18 20:36:03
=ended         2024-12-18 20:36:03
=result        ok
=elapsed       0.103753s
=case          ejabberd_SUITE:privacy_set_active
=logfile       ejabberd_suite.privacy_set_active.30531.html
=started       2024-12-18 20:36:03
=ended         2024-12-18 20:36:03
=result        ok
=elapsed       0.152415s
=case          ejabberd_SUITE:privacy_del_active
=logfile       ejabberd_suite.privacy_del_active.30595.html
=started       2024-12-18 20:36:03
=ended         2024-12-18 20:36:04
=result        ok
=elapsed       0.149915s
=case          ejabberd_SUITE:privacy_set_active_non_existent
=logfile       ejabberd_suite.privacy_set_active_non_existent.30627.html
=started       2024-12-18 20:36:04
=ended         2024-12-18 20:36:04
=result        ok
=elapsed       0.103162s
=case          ejabberd_SUITE:privacy_remove_list
=logfile       ejabberd_suite.privacy_remove_list.30659.html
=started       2024-12-18 20:36:04
=ended         2024-12-18 20:36:04
=result        ok
=elapsed       0.154690s
=case          ejabberd_SUITE:privacy_remove_default_list
=logfile       ejabberd_suite.privacy_remove_default_list.30723.html
=started       2024-12-18 20:36:04
=ended         2024-12-18 20:36:04
=result        ok
=elapsed       0.154247s
=case          ejabberd_SUITE:privacy_remove_active_list
=logfile       ejabberd_suite.privacy_remove_active_list.30819.html
=started       2024-12-18 20:36:04
=ended         2024-12-18 20:36:04
=result        ok
=elapsed       0.149920s
=case          ejabberd_SUITE:privacy_remove_list_non_existent
=logfile       ejabberd_suite.privacy_remove_list_non_existent.30883.html
=started       2024-12-18 20:36:04
=ended         2024-12-18 20:36:04
=result        ok
=elapsed       0.103765s
=case          ejabberd_SUITE:privacy_allow_local_server
=logfile       ejabberd_suite.privacy_allow_local_server.33058.html
=started       2024-12-18 20:36:04
=ended         2024-12-18 20:36:05
=result        ok
=elapsed       0.196873s
=case          ejabberd_SUITE:privacy_malformed_iq_query
=logfile       ejabberd_suite.privacy_malformed_iq_query.33154.html
=started       2024-12-18 20:36:05
=ended         2024-12-18 20:36:05
=result        ok
=elapsed       0.104385s
=case          ejabberd_SUITE:privacy_malformed_get
=logfile       ejabberd_suite.privacy_malformed_get.33250.html
=started       2024-12-18 20:36:05
=ended         2024-12-18 20:36:05
=result        ok
=elapsed       0.106771s
=case          ejabberd_SUITE:privacy_malformed_set
=logfile       ejabberd_suite.privacy_malformed_set.33314.html
=started       2024-12-18 20:36:05
=ended         2024-12-18 20:36:05
=result        ok
=elapsed       0.107410s
=case          ejabberd_SUITE:privacy_malformed_type_value
=logfile       ejabberd_suite.privacy_malformed_type_value.30979.html
=started       2024-12-18 20:36:05
=ended         2024-12-18 20:36:05
=result        ok
=elapsed       0.105242s
=case          ejabberd_SUITE:privacy_set_get_block
=logfile       ejabberd_suite.privacy_set_get_block.31011.html
=started       2024-12-18 20:36:05
=ended         2024-12-18 20:36:05
=result        ok
=elapsed       0.197663s
=case          ejabberd_SUITE:end_per_group
=logfile       ejabberd_suite.end_per_group.31075.html
=group_props   [{name,privacy_single},sequence]
=started       2024-12-18 20:36:05
=ended         2024-12-18 20:36:06
=result        ok
=elapsed       0.000003s
=group_time    3.311s
=case          ejabberd_SUITE:init_per_group
=logfile       ejabberd_suite.init_per_group.31107.html
=group_props   [{name,vcard_single},sequence]
=started       2024-12-18 20:36:06
=ended         2024-12-18 20:36:06
=result        ok
=elapsed       0.000004s
=case          ejabberd_SUITE:vcard_feature_enabled
=logfile       ejabberd_suite.vcard_feature_enabled.33474.html
=started       2024-12-18 20:36:06
=ended         2024-12-18 20:36:06
=result        ok
=elapsed       0.104792s
=case          ejabberd_SUITE:vcard_get_set
=logfile       ejabberd_suite.vcard_get_set.33506.html
=started       2024-12-18 20:36:06
=ended         2024-12-18 20:36:06
=result        ok
=elapsed       0.106953s
=case          ejabberd_SUITE:vcard_service_vcard
=logfile       ejabberd_suite.vcard_service_vcard.31235.html
=started       2024-12-18 20:36:06
=ended         2024-12-18 20:36:06
=result        ok
=elapsed       0.103928s
=case          ejabberd_SUITE:end_per_group
=logfile       ejabberd_suite.end_per_group.33570.html
=group_props   [{name,vcard_single},sequence]
=started       2024-12-18 20:36:06
=ended         2024-12-18 20:36:06
=result        ok
=elapsed       0.000003s
=group_time    0.432s
=case          ejabberd_SUITE:init_per_group
=logfile       ejabberd_suite.init_per_group.33602.html
=group_props   [{name,pubsub_single},sequence]
=started       2024-12-18 20:36:06
=ended         2024-12-18 20:36:06
=result        ok
=elapsed       0.000003s
=case          ejabberd_SUITE:pubsub_test_features
=logfile       ejabberd_suite.pubsub_test_features.33634.html
=started       2024-12-18 20:36:06
=ended         2024-12-18 20:36:06
=result        ok
=elapsed       0.106815s
=case          ejabberd_SUITE:pubsub_test_vcard
=logfile       ejabberd_suite.pubsub_test_vcard.31363.html
=started       2024-12-18 20:36:06
=ended         2024-12-18 20:36:06
=result        ok
=elapsed       0.104257s
=case          ejabberd_SUITE:pubsub_test_create
=logfile       ejabberd_suite.pubsub_test_create.33698.html
=started       2024-12-18 20:36:06
=ended         2024-12-18 20:36:06
=result        ok
=elapsed       0.108020s
=case          ejabberd_SUITE:pubsub_test_configure
=logfile       ejabberd_suite.pubsub_test_configure.31427.html
=started       2024-12-18 20:36:06
=ended         2024-12-18 20:36:07
=result        ok
=elapsed       0.112663s
=case          ejabberd_SUITE:pubsub_test_delete
=logfile       ejabberd_suite.pubsub_test_delete.31491.html
=started       2024-12-18 20:36:07
=ended         2024-12-18 20:36:07
=result        ok
=elapsed       0.106229s
=case          ejabberd_SUITE:pubsub_test_get_affiliations
=logfile       ejabberd_suite.pubsub_test_get_affiliations.31555.html
=started       2024-12-18 20:36:07
=ended         2024-12-18 20:36:07
=result        ok
=elapsed       0.149061s
=case          ejabberd_SUITE:pubsub_test_get_subscriptions
=logfile       ejabberd_suite.pubsub_test_get_subscriptions.31619.html
=started       2024-12-18 20:36:07
=ended         2024-12-18 20:36:07
=result        ok
=elapsed       0.168171s
=case          ejabberd_SUITE:pubsub_test_create_instant
=logfile       ejabberd_suite.pubsub_test_create_instant.31683.html
=started       2024-12-18 20:36:07
=ended         2024-12-18 20:36:07
=result        ok
=elapsed       0.111390s
=case          ejabberd_SUITE:pubsub_test_default
=logfile       ejabberd_suite.pubsub_test_default.31779.html
=started       2024-12-18 20:36:07
=ended         2024-12-18 20:36:07
=result        ok
=elapsed       0.104415s
=case          ejabberd_SUITE:pubsub_test_create_configure
=logfile       ejabberd_suite.pubsub_test_create_configure.31843.html
=started       2024-12-18 20:36:07
=ended         2024-12-18 20:36:07
=result        ok
=elapsed       0.117841s
=case          ejabberd_SUITE:pubsub_test_publish
=logfile       ejabberd_suite.pubsub_test_publish.33858.html
=started       2024-12-18 20:36:07
=ended         2024-12-18 20:36:08
=result        ok
=elapsed       0.115068s
=case          ejabberd_SUITE:pubsub_test_auto_create
=logfile       ejabberd_suite.pubsub_test_auto_create.33890.html
=started       2024-12-18 20:36:08
=ended         2024-12-18 20:36:08
=result        ok
=elapsed       0.113693s
=case          ejabberd_SUITE:pubsub_test_get_items
=logfile       ejabberd_suite.pubsub_test_get_items.32035.html
=started       2024-12-18 20:36:08
=ended         2024-12-18 20:36:08
=result        ok
=elapsed       0.130492s
=case          ejabberd_SUITE:pubsub_test_delete_item
=logfile       ejabberd_suite.pubsub_test_delete_item.32131.html
=started       2024-12-18 20:36:08
=ended         2024-12-18 20:36:08
=result        ok
=elapsed       0.120116s
=case          ejabberd_SUITE:pubsub_test_purge
=logfile       ejabberd_suite.pubsub_test_purge.32227.html
=started       2024-12-18 20:36:08
=ended         2024-12-18 20:36:08
=result        ok
=elapsed       0.135835s
=case          ejabberd_SUITE:pubsub_test_subscribe
=logfile       ejabberd_suite.pubsub_test_subscribe.32323.html
=started       2024-12-18 20:36:08
=ended         2024-12-18 20:36:08
=result        ok
=elapsed       0.116685s
=case          ejabberd_SUITE:pubsub_test_subscribe_max_item_1
=logfile       ejabberd_suite.pubsub_test_subscribe_max_item_1.32387.html
=started       2024-12-18 20:36:08
=ended         2024-12-18 20:36:09
=result        ok
=elapsed       0.118207s
=case          ejabberd_SUITE:pubsub_test_unsubscribe
=logfile       ejabberd_suite.pubsub_test_unsubscribe.32419.html
=started       2024-12-18 20:36:09
=ended         2024-12-18 20:36:09
=result        ok
=elapsed       0.120849s
=case          ejabberd_SUITE:end_per_group
=logfile       ejabberd_suite.end_per_group.32515.html
=group_props   [{name,pubsub_single},sequence]
=started       2024-12-18 20:36:09
=ended         2024-12-18 20:36:09
=result        ok
=elapsed       0.000003s
=group_time    2.739s
=case          ejabberd_SUITE:init_per_group
=logfile       ejabberd_suite.init_per_group.32547.html
=group_props   [{name,muc_single},sequence]
=started       2024-12-18 20:36:09
=ended         2024-12-18 20:36:09
=result        ok
=elapsed       0.000002s
=case          ejabberd_SUITE:muc_service_presence_error
=logfile       ejabberd_suite.muc_service_presence_error.32579.html
=started       2024-12-18 20:36:09
=ended         2024-12-18 20:36:09
=result        ok
=elapsed       0.191016s
=case          ejabberd_SUITE:muc_service_message_error
=logfile       ejabberd_suite.muc_service_message_error.32643.html
=started       2024-12-18 20:36:09
=ended         2024-12-18 20:36:09
=result        ok
=elapsed       0.195639s
=case          ejabberd_SUITE:muc_service_unknown_ns_iq_error
=logfile       ejabberd_suite.muc_service_unknown_ns_iq_error.32739.html
=started       2024-12-18 20:36:09
=ended         2024-12-18 20:36:09
=result        ok
=elapsed       0.191150s
=case          ejabberd_SUITE:muc_service_iq_set_error
=logfile       ejabberd_suite.muc_service_iq_set_error.32803.html
=started       2024-12-18 20:36:09
=ended         2024-12-18 20:36:10
=result        ok
=elapsed       0.320830s
=case          ejabberd_SUITE:muc_service_improper_iq_error
=logfile       ejabberd_suite.muc_service_improper_iq_error.32867.html
=started       2024-12-18 20:36:10
=ended         2024-12-18 20:36:10
=result        ok
=elapsed       0.279846s
=case          ejabberd_SUITE:muc_service_features
=logfile       ejabberd_suite.muc_service_features.32931.html
=started       2024-12-18 20:36:10
=ended         2024-12-18 20:36:10
=result        ok
=elapsed       0.103512s
=case          ejabberd_SUITE:muc_service_disco_info_node_error
=logfile       ejabberd_suite.muc_service_disco_info_node_error.34050.html
=started       2024-12-18 20:36:10
=ended         2024-12-18 20:36:10
=result        ok
=elapsed       0.103201s
=case          ejabberd_SUITE:muc_service_disco_items
=logfile       ejabberd_suite.muc_service_disco_items.34114.html
=started       2024-12-18 20:36:10
=ended         2024-12-18 20:36:11
=result        ok
=elapsed       0.174734s
=case          ejabberd_SUITE:muc_service_unique
=logfile       ejabberd_suite.muc_service_unique.34178.html
=started       2024-12-18 20:36:11
=ended         2024-12-18 20:36:11
=result        ok
=elapsed       0.103366s
=case          ejabberd_SUITE:muc_service_vcard
=logfile       ejabberd_suite.muc_service_vcard.34274.html
=started       2024-12-18 20:36:11
=ended         2024-12-18 20:36:11
=result        ok
=elapsed       0.104586s
=case          ejabberd_SUITE:muc_configure_non_existent
=logfile       ejabberd_suite.muc_configure_non_existent.34306.html
=started       2024-12-18 20:36:11
=ended         2024-12-18 20:36:11
=result        ok
=elapsed       0.107905s
=case          ejabberd_SUITE:muc_cancel_configure_non_existent
=logfile       ejabberd_suite.muc_cancel_configure_non_existent.34370.html
=started       2024-12-18 20:36:11
=ended         2024-12-18 20:36:11
=result        ok
=elapsed       0.108278s
=case          ejabberd_SUITE:muc_service_subscriptions
=logfile       ejabberd_suite.muc_service_subscriptions.34466.html
=started       2024-12-18 20:36:11
=ended         2024-12-18 20:36:11
=result        ok
=elapsed       0.211251s
=case          ejabberd_SUITE:muc_set_room_affiliation
=logfile       ejabberd_suite.muc_set_room_affiliation.34658.html
=started       2024-12-18 20:36:11
=ended         2024-12-18 20:36:12
=result        ok
=elapsed       0.119274s
=case          ejabberd_SUITE:end_per_group
=logfile       ejabberd_suite.end_per_group.33347.html
=group_props   [{name,muc_single},sequence]
=started       2024-12-18 20:36:12
=ended         2024-12-18 20:36:12
=result        ok
=elapsed       0.000003s
=group_time    2.774s
=case          ejabberd_SUITE:init_per_group
=logfile       ejabberd_suite.init_per_group.33379.html
=group_props   [{name,offline_single},sequence]
=started       2024-12-18 20:36:12
=ended         2024-12-18 20:36:12
=result        ok
=elapsed       0.000002s
=case          ejabberd_SUITE:offline_feature_enabled
=logfile       ejabberd_suite.offline_feature_enabled.33411.html
=started       2024-12-18 20:36:12
=ended         2024-12-18 20:36:12
=result        ok
=elapsed       0.104118s
=case          ejabberd_SUITE:offline_check_identity
=logfile       ejabberd_suite.offline_check_identity.22116.html
=started       2024-12-18 20:36:12
=ended         2024-12-18 20:36:12
=result        ok
=elapsed       0.103521s
=case          ejabberd_SUITE:offline_send_non_existent
=logfile       ejabberd_suite.offline_send_non_existent.33475.html
=started       2024-12-18 20:36:12
=ended         2024-12-18 20:36:12
=result        ok
=elapsed       0.103231s
=case          ejabberd_SUITE:offline_view_non_existent
=logfile       ejabberd_suite.offline_view_non_existent.33507.html
=started       2024-12-18 20:36:12
=ended         2024-12-18 20:36:12
=result        ok
=elapsed       0.104058s
=case          ejabberd_SUITE:offline_remove_non_existent
=logfile       ejabberd_suite.offline_remove_non_existent.33539.html
=started       2024-12-18 20:36:12
=ended         2024-12-18 20:36:12
=result        ok
=elapsed       0.105104s
=case          ejabberd_SUITE:offline_view_non_integer
=logfile       ejabberd_suite.offline_view_non_integer.33603.html
=started       2024-12-18 20:36:12
=ended         2024-12-18 20:36:12
=result        ok
=elapsed       0.104177s
=case          ejabberd_SUITE:offline_remove_non_integer
=logfile       ejabberd_suite.offline_remove_non_integer.33667.html
=started       2024-12-18 20:36:12
=ended         2024-12-18 20:36:13
=result        ok
=elapsed       0.103185s
=case          ejabberd_SUITE:offline_malformed_iq
=logfile       ejabberd_suite.offline_malformed_iq.22468.html
=started       2024-12-18 20:36:13
=ended         2024-12-18 20:36:13
=result        ok
=elapsed       0.107391s
=case          ejabberd_SUITE:offline_wrong_user
=logfile       ejabberd_suite.offline_wrong_user.22500.html
=started       2024-12-18 20:36:13
=ended         2024-12-18 20:36:13
=result        ok
=elapsed       0.110596s
=case          ejabberd_SUITE:offline_unsupported_iq
=logfile       ejabberd_suite.offline_unsupported_iq.22596.html
=started       2024-12-18 20:36:13
=ended         2024-12-18 20:36:13
=result        ok
=elapsed       0.104326s
=case          ejabberd_SUITE:end_per_group
=logfile       ejabberd_suite.end_per_group.22692.html
=group_props   [{name,offline_single},sequence]
=started       2024-12-18 20:36:13
=ended         2024-12-18 20:36:13
=result        ok
=elapsed       0.000002s
=group_time    1.383s
=case          ejabberd_SUITE:init_per_group
=logfile       ejabberd_suite.init_per_group.22724.html
=group_props   [{name,mam_single},sequence]
=started       2024-12-18 20:36:13
=ended         2024-12-18 20:36:13
=result        ok
=elapsed       0.000003s
=case          ejabberd_SUITE:mam_feature_enabled
=logfile       ejabberd_suite.mam_feature_enabled.22756.html
=started       2024-12-18 20:36:13
=ended         2024-12-18 20:36:13
=result        ok
=elapsed       0.105909s
=case          ejabberd_SUITE:mam_get_set_prefs
=logfile       ejabberd_suite.mam_get_set_prefs.22820.html
=started       2024-12-18 20:36:13
=ended         2024-12-18 20:36:15
=result        ok
=elapsed       1.885326s
=case          ejabberd_SUITE:mam_get_form
=logfile       ejabberd_suite.mam_get_form.34754.html
=started       2024-12-18 20:36:15
=ended         2024-12-18 20:36:15
=result        ok
=elapsed       0.107190s
=case          ejabberd_SUITE:mam_fake_by
=logfile       ejabberd_suite.mam_fake_by.34818.html
=started       2024-12-18 20:36:15
=ended         2024-12-18 20:36:15
=result        ok
=elapsed       0.106543s
=case          ejabberd_SUITE:end_per_group
=logfile       ejabberd_suite.end_per_group.34914.html
=group_props   [{name,mam_single},sequence]
=started       2024-12-18 20:36:15
=ended         2024-12-18 20:36:15
=result        ok
=elapsed       0.000004s
=group_time    2.351s
=case          ejabberd_SUITE:init_per_group
=logfile       ejabberd_suite.init_per_group.34946.html
=group_props   [{name,push_single},sequence]
=started       2024-12-18 20:36:15
=ended         2024-12-18 20:36:15
=result        ok
=elapsed       0.000003s
=case          ejabberd_SUITE:push_feature_enabled
=logfile       ejabberd_suite.push_feature_enabled.34978.html
=started       2024-12-18 20:36:15
=ended         2024-12-18 20:36:15
=result        ok
=elapsed       0.104140s
=case          ejabberd_SUITE:push_unsupported_iq
=logfile       ejabberd_suite.push_unsupported_iq.33859.html
=started       2024-12-18 20:36:15
=ended         2024-12-18 20:36:16
=result        ok
=elapsed       0.103466s
=case          ejabberd_SUITE:end_per_group
=logfile       ejabberd_suite.end_per_group.33891.html
=group_props   [{name,push_single},sequence]
=started       2024-12-18 20:36:16
=ended         2024-12-18 20:36:16
=result        ok
=elapsed       0.000006s
=group_time    0.292s
=case          ejabberd_SUITE:test_unregister
=logfile       ejabberd_suite.test_unregister.22916.html
=started       2024-12-18 20:36:16
=ended         2024-12-18 20:36:16
=result        ok
=elapsed       0.009953s
=case          ejabberd_SUITE:end_per_group
=logfile       ejabberd_suite.end_per_group.22948.html
=group_props   [{name,single_user},sequence]
=started       2024-12-18 20:36:16
=ended         2024-12-18 20:36:16
=result        ok
=elapsed       0.000002s
=group_time    16.474s
=case          ejabberd_SUITE:init_per_group
=logfile       ejabberd_suite.init_per_group.22980.html
=group_props   [{name,muc_master_slave},sequence]
=started       2024-12-18 20:36:16
=ended         2024-12-18 20:36:16
=result        ok
=elapsed       0.000003s
=case          ejabberd_SUITE:init_per_group
=logfile       ejabberd_suite.init_per_group.23012.html
=group_props   [{name,muc_register},parallel]
=started       2024-12-18 20:36:16
=ended         2024-12-18 20:36:16
=result        ok
=elapsed       0.000002s
=case          ejabberd_SUITE:muc_register_master
=logfile       ejabberd_suite.muc_register_master.23044.html
=started       2024-12-18 20:36:16
=ended         2024-12-18 20:36:16
=result        ok
=elapsed       0.128865s
=case          ejabberd_SUITE:muc_register_slave
=logfile       ejabberd_suite.muc_register_slave.23076.html
=started       2024-12-18 20:36:16
=ended         2024-12-18 20:36:16
=result        ok
=elapsed       0.124495s
=case          ejabberd_SUITE:end_per_group
=logfile       ejabberd_suite.end_per_group.23236.html
=group_props   [{name,muc_register},parallel]
=started       2024-12-18 20:36:16
=ended         2024-12-18 20:36:16
=result        ok
=elapsed       0.000007s
=group_time    0.191s
=case          ejabberd_SUITE:init_per_group
=logfile       ejabberd_suite.init_per_group.23268.html
=group_props   [{name,muc_groupchat_msg},parallel]
=started       2024-12-18 20:36:16
=ended         2024-12-18 20:36:16
=result        ok
=elapsed       0.000003s
=case          ejabberd_SUITE:muc_groupchat_msg_master
=logfile       ejabberd_suite.muc_groupchat_msg_master.23300.html
=started       2024-12-18 20:36:16
=ended         2024-12-18 20:36:16
=result        ok
=elapsed       0.128774s
=case          ejabberd_SUITE:muc_groupchat_msg_slave
=logfile       ejabberd_suite.muc_groupchat_msg_slave.33955.html
=started       2024-12-18 20:36:16
=ended         2024-12-18 20:36:16
=result        ok
=elapsed       0.123192s
=case          ejabberd_SUITE:end_per_group
=logfile       ejabberd_suite.end_per_group.34019.html
=group_props   [{name,muc_groupchat_msg},parallel]
=started       2024-12-18 20:36:16
=ended         2024-12-18 20:36:16
=result        ok
=elapsed       0.000006s
=group_time    0.187s
=case          ejabberd_SUITE:init_per_group
=logfile       ejabberd_suite.init_per_group.23396.html
=group_props   [{name,muc_private_msg},parallel]
=started       2024-12-18 20:36:16
=ended         2024-12-18 20:36:16
=result        ok
=elapsed       0.000002s
=case          ejabberd_SUITE:muc_private_msg_master
=logfile       ejabberd_suite.muc_private_msg_master.23428.html
=started       2024-12-18 20:36:16
=ended         2024-12-18 20:36:16
=result        ok
=elapsed       0.164682s
=case          ejabberd_SUITE:muc_private_msg_slave
=logfile       ejabberd_suite.muc_private_msg_slave.23460.html
=started       2024-12-18 20:36:16
=ended         2024-12-18 20:36:16
=result        ok
=elapsed       0.159325s
=case          ejabberd_SUITE:end_per_group
=logfile       ejabberd_suite.end_per_group.23588.html
=group_props   [{name,muc_private_msg},parallel]
=started       2024-12-18 20:36:16
=ended         2024-12-18 20:36:16
=result        ok
=elapsed       0.000002s
=group_time    0.228s
=case          ejabberd_SUITE:init_per_group
=logfile       ejabberd_suite.init_per_group.23620.html
=group_props   [{name,muc_set_subject},parallel]
=started       2024-12-18 20:36:16
=ended         2024-12-18 20:36:16
=result        ok
=elapsed       0.000002s
=case          ejabberd_SUITE:muc_set_subject_master
=logfile       ejabberd_suite.muc_set_subject_master.23652.html
=started       2024-12-18 20:36:16
=ended         2024-12-18 20:36:17
=result        ok
=elapsed       0.139962s
=case          ejabberd_SUITE:muc_set_subject_slave
=logfile       ejabberd_suite.muc_set_subject_slave.23684.html
=started       2024-12-18 20:36:16
=ended         2024-12-18 20:36:17
=result        ok
=elapsed       0.136149s
=case          ejabberd_SUITE:end_per_group
=logfile       ejabberd_suite.end_per_group.23716.html
=group_props   [{name,muc_set_subject},parallel]
=started       2024-12-18 20:36:17
=ended         2024-12-18 20:36:17
=result        ok
=elapsed       0.000002s
=group_time    0.200s
=case          ejabberd_SUITE:init_per_group
=logfile       ejabberd_suite.init_per_group.23748.html
=group_props   [{name,muc_history},parallel]
=started       2024-12-18 20:36:17
=ended         2024-12-18 20:36:17
=result        ok
=elapsed       0.000002s
=case          ejabberd_SUITE:muc_history_master
=logfile       ejabberd_suite.muc_history_master.23780.html
=started       2024-12-18 20:36:17
=ended         2024-12-18 20:36:17
=result        ok
=elapsed       0.168188s
=case          ejabberd_SUITE:muc_history_slave
=logfile       ejabberd_suite.muc_history_slave.23812.html
=started       2024-12-18 20:36:17
=ended         2024-12-18 20:36:17
=result        ok
=elapsed       0.164684s
=case          ejabberd_SUITE:end_per_group
=logfile       ejabberd_suite.end_per_group.23844.html
=group_props   [{name,muc_history},parallel]
=started       2024-12-18 20:36:17
=ended         2024-12-18 20:36:17
=result        ok
=elapsed       0.000002s
=group_time    0.227s
=case          ejabberd_SUITE:init_per_group
=logfile       ejabberd_suite.init_per_group.23876.html
=group_props   [{name,muc_invite},parallel]
=started       2024-12-18 20:36:17
=ended         2024-12-18 20:36:17
=result        ok
=elapsed       0.000003s
=case          ejabberd_SUITE:muc_invite_master
=logfile       ejabberd_suite.muc_invite_master.23908.html
=started       2024-12-18 20:36:17
=ended         2024-12-18 20:36:17
=result        ok
=elapsed       0.118622s
=case          ejabberd_SUITE:muc_invite_slave
=logfile       ejabberd_suite.muc_invite_slave.23940.html
=started       2024-12-18 20:36:17
=ended         2024-12-18 20:36:17
=result        ok
=elapsed       0.150843s
=case          ejabberd_SUITE:end_per_group
=logfile       ejabberd_suite.end_per_group.34275.html
=group_props   [{name,muc_invite},parallel]
=started       2024-12-18 20:36:17
=ended         2024-12-18 20:36:17
=result        ok
=elapsed       0.000002s
=group_time    0.209s
=case          ejabberd_SUITE:init_per_group
=logfile       ejabberd_suite.init_per_group.34307.html
=group_props   [{name,muc_invite_members_only},parallel]
=started       2024-12-18 20:36:17
=ended         2024-12-18 20:36:17
=result        ok
=elapsed       0.000002s
=case          ejabberd_SUITE:muc_invite_members_only_master
=logfile       ejabberd_suite.muc_invite_members_only_master.34339.html
=started       2024-12-18 20:36:17
=ended         2024-12-18 20:36:17
=result        ok
=elapsed       0.123363s
=case          ejabberd_SUITE:muc_invite_members_only_slave
=logfile       ejabberd_suite.muc_invite_members_only_slave.34371.html
=started       2024-12-18 20:36:17
=ended         2024-12-18 20:36:17
=result        ok
=elapsed       0.116760s
=case          ejabberd_SUITE:end_per_group
=logfile       ejabberd_suite.end_per_group.34467.html
=group_props   [{name,muc_invite_members_only},parallel]
=started       2024-12-18 20:36:17
=ended         2024-12-18 20:36:17
=result        ok
=elapsed       0.000009s
=group_time    0.182s
=case          ejabberd_SUITE:init_per_group
=logfile       ejabberd_suite.init_per_group.34499.html
=group_props   [{name,muc_invite_password_protected},parallel]
=started       2024-12-18 20:36:17
=ended         2024-12-18 20:36:17
=result        ok
=elapsed       0.000003s
=case          ejabberd_SUITE:muc_invite_password_protected_master
=logfile       ejabberd_suite.muc_invite_password_protected_master.34531.html
=started       2024-12-18 20:36:17
=ended         2024-12-18 20:36:18
=result        ok
=elapsed       0.163084s
=case          ejabberd_SUITE:muc_invite_password_protected_slave
=logfile       ejabberd_suite.muc_invite_password_protected_slave.35490.html
=started       2024-12-18 20:36:17
=ended         2024-12-18 20:36:17
=result        ok
=elapsed       0.114234s
=case          ejabberd_SUITE:end_per_group
=logfile       ejabberd_suite.end_per_group.34723.html
=group_props   [{name,muc_invite_password_protected},parallel]
=started       2024-12-18 20:36:18
=ended         2024-12-18 20:36:18
=result        ok
=elapsed       0.000002s
=group_time    0.223s
=case          ejabberd_SUITE:init_per_group
=logfile       ejabberd_suite.init_per_group.34755.html
=group_props   [{name,muc_voice_request},parallel]
=started       2024-12-18 20:36:18
=ended         2024-12-18 20:36:18
=result        ok
=elapsed       0.000003s
=case          ejabberd_SUITE:muc_voice_request_master
=logfile       ejabberd_suite.muc_voice_request_master.34787.html
=started       2024-12-18 20:36:18
=ended         2024-12-18 20:36:18
=result        ok
=elapsed       0.129376s
=case          ejabberd_SUITE:muc_voice_request_slave
=logfile       ejabberd_suite.muc_voice_request_slave.34819.html
=started       2024-12-18 20:36:18
=ended         2024-12-18 20:36:18
=result        ok
=elapsed       0.122010s
=case          ejabberd_SUITE:end_per_group
=logfile       ejabberd_suite.end_per_group.34915.html
=group_props   [{name,muc_voice_request},parallel]
=started       2024-12-18 20:36:18
=ended         2024-12-18 20:36:18
=result        ok
=elapsed       0.000003s
=group_time    0.191s
=case          ejabberd_SUITE:init_per_group
=logfile       ejabberd_suite.init_per_group.35522.html
=group_props   [{name,muc_change_role},parallel]
=started       2024-12-18 20:36:18
=ended         2024-12-18 20:36:18
=result        ok
=elapsed       0.000002s
=case          ejabberd_SUITE:muc_change_role_master
=logfile       ejabberd_suite.muc_change_role_master.35554.html
=started       2024-12-18 20:36:18
=ended         2024-12-18 20:36:18
=result        ok
=elapsed       0.136922s
=case          ejabberd_SUITE:muc_change_role_slave
=logfile       ejabberd_suite.muc_change_role_slave.34947.html
=started       2024-12-18 20:36:18
=ended         2024-12-18 20:36:18
=result        ok
=elapsed       0.130414s
=case          ejabberd_SUITE:end_per_group
=logfile       ejabberd_suite.end_per_group.35043.html
=group_props   [{name,muc_change_role},parallel]
=started       2024-12-18 20:36:18
=ended         2024-12-18 20:36:18
=result        ok
=elapsed       0.000002s
=group_time    0.197s
=case          ejabberd_SUITE:init_per_group
=logfile       ejabberd_suite.init_per_group.35075.html
=group_props   [{name,muc_kick},parallel]
=started       2024-12-18 20:36:18
=ended         2024-12-18 20:36:18
=result        ok
=elapsed       0.000002s
=case          ejabberd_SUITE:muc_kick_master
=logfile       ejabberd_suite.muc_kick_master.35107.html
=started       2024-12-18 20:36:18
=ended         2024-12-18 20:36:18
=result        ok
=elapsed       0.124019s
=case          ejabberd_SUITE:muc_kick_slave
=logfile       ejabberd_suite.muc_kick_slave.35139.html
=started       2024-12-18 20:36:18
=ended         2024-12-18 20:36:18
=result        ok
=elapsed       0.117659s
=case          ejabberd_SUITE:end_per_group
=logfile       ejabberd_suite.end_per_group.35267.html
=group_props   [{name,muc_kick},parallel]
=started       2024-12-18 20:36:18
=ended         2024-12-18 20:36:18
=result        ok
=elapsed       0.000002s
=group_time    0.182s
=case          ejabberd_SUITE:init_per_group
=logfile       ejabberd_suite.init_per_group.35299.html
=group_props   [{name,muc_change_affiliation},parallel]
=started       2024-12-18 20:36:18
=ended         2024-12-18 20:36:18
=result        ok
=elapsed       0.000002s
=case          ejabberd_SUITE:muc_change_affiliation_master
=logfile       ejabberd_suite.muc_change_affiliation_master.35331.html
=started       2024-12-18 20:36:18
=ended         2024-12-18 20:36:18
=result        ok
=elapsed       0.146083s
=case          ejabberd_SUITE:muc_change_affiliation_slave
=logfile       ejabberd_suite.muc_change_affiliation_slave.35682.html
=started       2024-12-18 20:36:18
=ended         2024-12-18 20:36:18
=result        ok
=elapsed       0.140526s
=case          ejabberd_SUITE:end_per_group
=logfile       ejabberd_suite.end_per_group.35778.html
=group_props   [{name,muc_change_affiliation},parallel]
=started       2024-12-18 20:36:18
=ended         2024-12-18 20:36:18
=result        ok
=elapsed       0.000002s
=group_time    0.207s
=case          ejabberd_SUITE:init_per_group
=logfile       ejabberd_suite.init_per_group.35810.html
=group_props   [{name,muc_destroy},parallel]
=started       2024-12-18 20:36:18
=ended         2024-12-18 20:36:18
=result        ok
=elapsed       0.000002s
=case          ejabberd_SUITE:muc_destroy_master
=logfile       ejabberd_suite.muc_destroy_master.35842.html
=started       2024-12-18 20:36:18
=ended         2024-12-18 20:36:19
=result        ok
=elapsed       0.122710s
=case          ejabberd_SUITE:muc_destroy_slave
=logfile       ejabberd_suite.muc_destroy_slave.35874.html
=started       2024-12-18 20:36:18
=ended         2024-12-18 20:36:19
=result        ok
=elapsed       0.122249s
=case          ejabberd_SUITE:end_per_group
=logfile       ejabberd_suite.end_per_group.35938.html
=group_props   [{name,muc_destroy},parallel]
=started       2024-12-18 20:36:19
=ended         2024-12-18 20:36:19
=result        ok
=elapsed       0.000002s
=group_time    0.184s
=case          ejabberd_SUITE:init_per_group
=logfile       ejabberd_suite.init_per_group.35970.html
=group_props   [{name,muc_vcard},parallel]
=started       2024-12-18 20:36:19
=ended         2024-12-18 20:36:19
=result        ok
=elapsed       0.000002s
=case          ejabberd_SUITE:muc_vcard_master
=logfile       ejabberd_suite.muc_vcard_master.24260.html
=started       2024-12-18 20:36:19
=ended         2024-12-18 20:36:19
=result        ok
=elapsed       0.130035s
=case          ejabberd_SUITE:muc_vcard_slave
=logfile       ejabberd_suite.muc_vcard_slave.24292.html
=started       2024-12-18 20:36:19
=ended         2024-12-18 20:36:19
=result        ok
=elapsed       0.123028s
=case          ejabberd_SUITE:end_per_group
=logfile       ejabberd_suite.end_per_group.24388.html
=group_props   [{name,muc_vcard},parallel]
=started       2024-12-18 20:36:19
=ended         2024-12-18 20:36:19
=result        ok
=elapsed       0.000009s
=group_time    0.188s
=case          ejabberd_SUITE:init_per_group
=logfile       ejabberd_suite.init_per_group.35459.html
=group_props   [{name,muc_nick_change},parallel]
=started       2024-12-18 20:36:19
=ended         2024-12-18 20:36:19
=result        ok
=elapsed       0.000003s
=case          ejabberd_SUITE:muc_nick_change_master
=logfile       ejabberd_suite.muc_nick_change_master.35491.html
=started       2024-12-18 20:36:19
=ended         2024-12-18 20:36:19
=result        ok
=elapsed       0.123995s
=case          ejabberd_SUITE:muc_nick_change_slave
=logfile       ejabberd_suite.muc_nick_change_slave.24420.html
=started       2024-12-18 20:36:19
=ended         2024-12-18 20:36:19
=result        ok
=elapsed       0.119462s
=case          ejabberd_SUITE:end_per_group
=logfile       ejabberd_suite.end_per_group.35555.html
=group_props   [{name,muc_nick_change},parallel]
=started       2024-12-18 20:36:19
=ended         2024-12-18 20:36:19
=result        ok
=elapsed       0.000002s
=group_time    0.185s
=case          ejabberd_SUITE:init_per_group
=logfile       ejabberd_suite.init_per_group.36194.html
=group_props   [{name,muc_config_title_desc},parallel]
=started       2024-12-18 20:36:19
=ended         2024-12-18 20:36:19
=result        ok
=elapsed       0.000002s
=case          ejabberd_SUITE:muc_config_title_desc_master
=logfile       ejabberd_suite.muc_config_title_desc_master.36226.html
=started       2024-12-18 20:36:19
=ended         2024-12-18 20:36:19
=result        ok
=elapsed       0.127845s
=case          ejabberd_SUITE:muc_config_title_desc_slave
=logfile       ejabberd_suite.muc_config_title_desc_slave.24484.html
=started       2024-12-18 20:36:19
=ended         2024-12-18 20:36:19
=result        ok
=elapsed       0.121218s
=case          ejabberd_SUITE:end_per_group
=logfile       ejabberd_suite.end_per_group.24580.html
=group_props   [{name,muc_config_title_desc},parallel]
=started       2024-12-18 20:36:19
=ended         2024-12-18 20:36:19
=result        ok
=elapsed       0.000002s
=group_time    0.189s
=case          ejabberd_SUITE:init_per_group
=logfile       ejabberd_suite.init_per_group.24612.html
=group_props   [{name,muc_config_public_list},parallel]
=started       2024-12-18 20:36:19
=ended         2024-12-18 20:36:19
=result        ok
=elapsed       0.000002s
=case          ejabberd_SUITE:muc_config_public_list_master
=logfile       ejabberd_suite.muc_config_public_list_master.24644.html
=started       2024-12-18 20:36:19
=ended         2024-12-18 20:36:19
=result        ok
=elapsed       0.130516s
=case          ejabberd_SUITE:muc_config_public_list_slave
=logfile       ejabberd_suite.muc_config_public_list_slave.36354.html
=started       2024-12-18 20:36:19
=ended         2024-12-18 20:36:19
=result        ok
=elapsed       0.124953s
=case          ejabberd_SUITE:end_per_group
=logfile       ejabberd_suite.end_per_group.36450.html
=group_props   [{name,muc_config_public_list},parallel]
=started       2024-12-18 20:36:19
=ended         2024-12-18 20:36:20
=result        ok
=elapsed       0.000002s
=group_time    0.191s
=case          ejabberd_SUITE:init_per_group
=logfile       ejabberd_suite.init_per_group.36482.html
=group_props   [{name,muc_config_password},parallel]
=started       2024-12-18 20:36:20
=ended         2024-12-18 20:36:20
=result        ok
=elapsed       0.000002s
=case          ejabberd_SUITE:muc_config_password_master
=logfile       ejabberd_suite.muc_config_password_master.36514.html
=started       2024-12-18 20:36:20
=ended         2024-12-18 20:36:20
=result        ok
=elapsed       0.131043s
=case          ejabberd_SUITE:muc_config_password_slave
=logfile       ejabberd_suite.muc_config_password_slave.36546.html
=started       2024-12-18 20:36:20
=ended         2024-12-18 20:36:20
=result        ok
=elapsed       0.125532s
=case          ejabberd_SUITE:end_per_group
=logfile       ejabberd_suite.end_per_group.36706.html
=group_props   [{name,muc_config_password},parallel]
=started       2024-12-18 20:36:20
=ended         2024-12-18 20:36:20
=result        ok
=elapsed       0.000002s
=group_time    0.191s
=case          ejabberd_SUITE:init_per_group
=logfile       ejabberd_suite.init_per_group.36738.html
=group_props   [{name,muc_config_whois},parallel]
=started       2024-12-18 20:36:20
=ended         2024-12-18 20:36:20
=result        ok
=elapsed       0.000003s
=case          ejabberd_SUITE:muc_config_whois_master
=logfile       ejabberd_suite.muc_config_whois_master.35587.html
=started       2024-12-18 20:36:20
=ended         2024-12-18 20:36:20
=result        ok
=elapsed       0.135587s
=case          ejabberd_SUITE:muc_config_whois_slave
=logfile       ejabberd_suite.muc_config_whois_slave.35619.html
=started       2024-12-18 20:36:20
=ended         2024-12-18 20:36:20
=result        ok
=elapsed       0.128966s
=case          ejabberd_SUITE:end_per_group
=logfile       ejabberd_suite.end_per_group.36866.html
=group_props   [{name,muc_config_whois},parallel]
=started       2024-12-18 20:36:20
=ended         2024-12-18 20:36:20
=result        ok
=elapsed       0.000009s
=group_time    0.195s
=case          ejabberd_SUITE:init_per_group
=logfile       ejabberd_suite.init_per_group.24772.html
=group_props   [{name,muc_config_members_only},parallel]
=started       2024-12-18 20:36:20
=ended         2024-12-18 20:36:20
=result        ok
=elapsed       0.000003s
=case          ejabberd_SUITE:muc_config_members_only_master
=logfile       ejabberd_suite.muc_config_members_only_master.35651.html
=started       2024-12-18 20:36:20
=ended         2024-12-18 20:36:20
=result        ok
=elapsed       0.137315s
=case          ejabberd_SUITE:muc_config_members_only_slave
=logfile       ejabberd_suite.muc_config_members_only_slave.35683.html
=started       2024-12-18 20:36:20
=ended         2024-12-18 20:36:20
=result        ok
=elapsed       0.131693s
=case          ejabberd_SUITE:end_per_group
=logfile       ejabberd_suite.end_per_group.9445.html
=group_props   [{name,muc_config_members_only},parallel]
=started       2024-12-18 20:36:20
=ended         2024-12-18 20:36:20
=result        ok
=elapsed       0.000002s
=group_time    0.198s
=case          ejabberd_SUITE:init_per_group
=logfile       ejabberd_suite.init_per_group.9477.html
=group_props   [{name,muc_config_moderated},parallel]
=started       2024-12-18 20:36:20
=ended         2024-12-18 20:36:20
=result        ok
=elapsed       0.000003s
=case          ejabberd_SUITE:muc_config_moderated_master
=logfile       ejabberd_suite.muc_config_moderated_master.9509.html
=started       2024-12-18 20:36:20
=ended         2024-12-18 20:36:20
=result        ok
=elapsed       0.130731s
=case          ejabberd_SUITE:muc_config_moderated_slave
=logfile       ejabberd_suite.muc_config_moderated_slave.35779.html
=started       2024-12-18 20:36:20
=ended         2024-12-18 20:36:20
=result        ok
=elapsed       0.123425s
=case          ejabberd_SUITE:end_per_group
=logfile       ejabberd_suite.end_per_group.24868.html
=group_props   [{name,muc_config_moderated},parallel]
=started       2024-12-18 20:36:20
=ended         2024-12-18 20:36:20
=result        ok
=elapsed       0.000009s
=group_time    0.192s
=case          ejabberd_SUITE:init_per_group
=logfile       ejabberd_suite.init_per_group.24900.html
=group_props   [{name,muc_config_private_messages},parallel]
=started       2024-12-18 20:36:20
=ended         2024-12-18 20:36:20
=result        ok
=elapsed       0.000003s
=case          ejabberd_SUITE:muc_config_private_messages_master
=logfile       ejabberd_suite.muc_config_private_messages_master.24932.html
=started       2024-12-18 20:36:20
=ended         2024-12-18 20:36:21
=result        ok
=elapsed       0.143104s
=case          ejabberd_SUITE:muc_config_private_messages_slave
=logfile       ejabberd_suite.muc_config_private_messages_slave.9605.html
=started       2024-12-18 20:36:20
=ended         2024-12-18 20:36:21
=result        ok
=elapsed       0.135569s
=case          ejabberd_SUITE:end_per_group
=logfile       ejabberd_suite.end_per_group.25060.html
=group_props   [{name,muc_config_private_messages},parallel]
=started       2024-12-18 20:36:21
=ended         2024-12-18 20:36:21
=result        ok
=elapsed       0.000002s
=group_time    0.203s
=case          ejabberd_SUITE:init_per_group
=logfile       ejabberd_suite.init_per_group.25092.html
=group_props   [{name,muc_config_query},parallel]
=started       2024-12-18 20:36:21
=ended         2024-12-18 20:36:21
=result        ok
=elapsed       0.000003s
=case          ejabberd_SUITE:muc_config_query_master
=logfile       ejabberd_suite.muc_config_query_master.25124.html
=started       2024-12-18 20:36:21
=ended         2024-12-18 20:36:21
=result        ok
=elapsed       0.169899s
=case          ejabberd_SUITE:muc_config_query_slave
=logfile       ejabberd_suite.muc_config_query_slave.25156.html
=started       2024-12-18 20:36:21
=ended         2024-12-18 20:36:21
=result        ok
=elapsed       0.166393s
=case          ejabberd_SUITE:end_per_group
=logfile       ejabberd_suite.end_per_group.25252.html
=group_props   [{name,muc_config_query},parallel]
=started       2024-12-18 20:36:21
=ended         2024-12-18 20:36:21
=result        ok
=elapsed       0.000002s
=group_time    0.229s
=case          ejabberd_SUITE:init_per_group
=logfile       ejabberd_suite.init_per_group.25284.html
=group_props   [{name,muc_config_allow_invites},parallel]
=started       2024-12-18 20:36:21
=ended         2024-12-18 20:36:21
=result        ok
=elapsed       0.000002s
=case          ejabberd_SUITE:muc_config_allow_invites_master
=logfile       ejabberd_suite.muc_config_allow_invites_master.25316.html
=started       2024-12-18 20:36:21
=ended         2024-12-18 20:36:21
=result        ok
=elapsed       0.131019s
=case          ejabberd_SUITE:muc_config_allow_invites_slave
=logfile       ejabberd_suite.muc_config_allow_invites_slave.25348.html
=started       2024-12-18 20:36:21
=ended         2024-12-18 20:36:21
=result        ok
=elapsed       0.125888s
=case          ejabberd_SUITE:end_per_group
=logfile       ejabberd_suite.end_per_group.35939.html
=group_props   [{name,muc_config_allow_invites},parallel]
=started       2024-12-18 20:36:21
=ended         2024-12-18 20:36:21
=result        ok
=elapsed       0.000009s
=group_time    0.191s
=case          ejabberd_SUITE:init_per_group
=logfile       ejabberd_suite.init_per_group.35971.html
=group_props   [{name,muc_config_visitor_status},parallel]
=started       2024-12-18 20:36:21
=ended         2024-12-18 20:36:21
=result        ok
=elapsed       0.000002s
=case          ejabberd_SUITE:muc_config_visitor_status_master
=logfile       ejabberd_suite.muc_config_visitor_status_master.36003.html
=started       2024-12-18 20:36:21
=ended         2024-12-18 20:36:21
=result        ok
=elapsed       0.130166s
=case          ejabberd_SUITE:muc_config_visitor_status_slave
=logfile       ejabberd_suite.muc_config_visitor_status_slave.36035.html
=started       2024-12-18 20:36:21
=ended         2024-12-18 20:36:21
=result        ok
=elapsed       0.126508s
=case          ejabberd_SUITE:end_per_group
=logfile       ejabberd_suite.end_per_group.36131.html
=group_props   [{name,muc_config_visitor_status},parallel]
=started       2024-12-18 20:36:21
=ended         2024-12-18 20:36:21
=result        ok
=elapsed       0.000003s
=group_time    0.191s
=case          ejabberd_SUITE:init_per_group
=logfile       ejabberd_suite.init_per_group.9669.html
=group_props   [{name,muc_config_allow_voice_requests},parallel]
=started       2024-12-18 20:36:21
=ended         2024-12-18 20:36:21
=result        ok
=elapsed       0.000003s
=case          ejabberd_SUITE:muc_config_allow_voice_requests_master
=logfile       ejabberd_suite.muc_config_allow_voice_requests_master.9701.html
=started       2024-12-18 20:36:21
=ended         2024-12-18 20:36:21
=result        ok
=elapsed       0.128295s
=case          ejabberd_SUITE:muc_config_allow_voice_requests_slave
=logfile       ejabberd_suite.muc_config_allow_voice_requests_slave.9733.html
=started       2024-12-18 20:36:21
=ended         2024-12-18 20:36:21
=result        ok
=elapsed       0.125120s
=case          ejabberd_SUITE:end_per_group
=logfile       ejabberd_suite.end_per_group.25540.html
=group_props   [{name,muc_config_allow_voice_requests},parallel]
=started       2024-12-18 20:36:21
=ended         2024-12-18 20:36:22
=result        ok
=elapsed       0.000003s
=group_time    0.189s
=case          ejabberd_SUITE:init_per_group
=logfile       ejabberd_suite.init_per_group.9861.html
=group_props   [{name,muc_config_voice_request_interval},parallel]
=started       2024-12-18 20:36:22
=ended         2024-12-18 20:36:22
=result        ok
=elapsed       0.000002s
=case          ejabberd_SUITE:muc_config_voice_request_interval_master
=logfile       ejabberd_suite.muc_config_voice_request_interval_master.25572.html
=started       2024-12-18 20:36:22
=ended         2024-12-18 20:36:27
=result        ok
=elapsed       5.215039s
=case          ejabberd_SUITE:muc_config_voice_request_interval_slave
=logfile       ejabberd_suite.muc_config_voice_request_interval_slave.25604.html
=started       2024-12-18 20:36:22
=ended         2024-12-18 20:36:27
=result        ok
=elapsed       5.211856s
=case          ejabberd_SUITE:end_per_group
=logfile       ejabberd_suite.end_per_group.36259.html
=group_props   [{name,muc_config_voice_request_interval},parallel]
=started       2024-12-18 20:36:27
=ended         2024-12-18 20:36:27
=result        ok
=elapsed       0.000003s
=group_time    5.275s
=case          ejabberd_SUITE:init_per_group
=logfile       ejabberd_suite.init_per_group.36291.html
=group_props   [{name,muc_config_visitor_nickchange},parallel]
=started       2024-12-18 20:36:27
=ended         2024-12-18 20:36:27
=result        ok
=elapsed       0.000003s
=case          ejabberd_SUITE:muc_config_visitor_nickchange_master
=logfile       ejabberd_suite.muc_config_visitor_nickchange_master.36323.html
=started       2024-12-18 20:36:27
=ended         2024-12-18 20:36:27
=result        ok
=elapsed       0.130517s
=case          ejabberd_SUITE:muc_config_visitor_nickchange_slave
=logfile       ejabberd_suite.muc_config_visitor_nickchange_slave.9957.html
=started       2024-12-18 20:36:27
=ended         2024-12-18 20:36:27
=result        ok
=elapsed       0.125016s
=case          ejabberd_SUITE:end_per_group
=logfile       ejabberd_suite.end_per_group.10117.html
=group_props   [{name,muc_config_visitor_nickchange},parallel]
=started       2024-12-18 20:36:27
=ended         2024-12-18 20:36:27
=result        ok
=elapsed       0.000002s
=group_time    0.191s
=case          ejabberd_SUITE:init_per_group
=logfile       ejabberd_suite.init_per_group.10149.html
=group_props   [{name,muc_join_conflict},parallel]
=started       2024-12-18 20:36:27
=ended         2024-12-18 20:36:27
=result        ok
=elapsed       0.000002s
=case          ejabberd_SUITE:muc_join_conflict_master
=logfile       ejabberd_suite.muc_join_conflict_master.36355.html
=started       2024-12-18 20:36:27
=ended         2024-12-18 20:36:27
=result        ok
=elapsed       0.118213s
=case          ejabberd_SUITE:muc_join_conflict_slave
=logfile       ejabberd_suite.muc_join_conflict_slave.36387.html
=started       2024-12-18 20:36:27
=ended         2024-12-18 20:36:27
=result        ok
=elapsed       0.112538s
=case          ejabberd_SUITE:end_per_group
=logfile       ejabberd_suite.end_per_group.36451.html
=group_props   [{name,muc_join_conflict},parallel]
=started       2024-12-18 20:36:27
=ended         2024-12-18 20:36:27
=result        ok
=elapsed       0.000003s
=group_time    0.178s
=case          ejabberd_SUITE:end_per_group
=logfile       ejabberd_suite.end_per_group.36483.html
=group_props   [{name,muc_master_slave},sequence]
=started       2024-12-18 20:36:27
=ended         2024-12-18 20:36:27
=result        ok
=elapsed       0.000006s
=group_time    11.526s
=case          ejabberd_SUITE:init_per_group
=logfile       ejabberd_suite.init_per_group.36515.html
=group_props   [{name,privacy_master_slave},sequence]
=started       2024-12-18 20:36:27
=ended         2024-12-18 20:36:27
=result        ok
=elapsed       0.000002s
=case          ejabberd_SUITE:init_per_group
=logfile       ejabberd_suite.init_per_group.36547.html
=group_props   [{name,privacy_deny_bare_jid},parallel]
=started       2024-12-18 20:36:27
=ended         2024-12-18 20:36:27
=result        ok
=elapsed       0.000002s
=case          ejabberd_SUITE:privacy_deny_bare_jid_master
=logfile       ejabberd_suite.privacy_deny_bare_jid_master.36579.html
=started       2024-12-18 20:36:27
=ended         2024-12-18 20:36:29
=result        ok
=elapsed       1.164697s
=case          ejabberd_SUITE:privacy_deny_bare_jid_slave
=logfile       ejabberd_suite.privacy_deny_bare_jid_slave.25732.html
=started       2024-12-18 20:36:27
=ended         2024-12-18 20:36:28
=result        ok
=elapsed       1.161756s
=case          ejabberd_SUITE:end_per_group
=logfile       ejabberd_suite.end_per_group.25860.html
=group_props   [{name,privacy_deny_bare_jid},parallel]
=started       2024-12-18 20:36:29
=ended         2024-12-18 20:36:29
=result        ok
=elapsed       0.000002s
=group_time    1.225s
=case          ejabberd_SUITE:init_per_group
=logfile       ejabberd_suite.init_per_group.25892.html
=group_props   [{name,privacy_deny_full_jid},parallel]
=started       2024-12-18 20:36:29
=ended         2024-12-18 20:36:29
=result        ok
=elapsed       0.000003s
=case          ejabberd_SUITE:privacy_deny_full_jid_master
=logfile       ejabberd_suite.privacy_deny_full_jid_master.25924.html
=started       2024-12-18 20:36:29
=ended         2024-12-18 20:36:30
=result        ok
=elapsed       1.159849s
=case          ejabberd_SUITE:privacy_deny_full_jid_slave
=logfile       ejabberd_suite.privacy_deny_full_jid_slave.25956.html
=started       2024-12-18 20:36:29
=ended         2024-12-18 20:36:30
=result        ok
=elapsed       1.156500s
=case          ejabberd_SUITE:end_per_group
=logfile       ejabberd_suite.end_per_group.26084.html
=group_props   [{name,privacy_deny_full_jid},parallel]
=started       2024-12-18 20:36:30
=ended         2024-12-18 20:36:30
=result        ok
=elapsed       0.000002s
=group_time    1.220s
=case          ejabberd_SUITE:init_per_group
=logfile       ejabberd_suite.init_per_group.26116.html
=group_props   [{name,privacy_deny_server_bare_jid},parallel]
=started       2024-12-18 20:36:30
=ended         2024-12-18 20:36:30
=result        ok
=elapsed       0.000002s
=case          ejabberd_SUITE:privacy_deny_server_bare_jid_master
=logfile       ejabberd_suite.privacy_deny_server_bare_jid_master.26148.html
=started       2024-12-18 20:36:30
=ended         2024-12-18 20:36:31
=result        ok
=elapsed       1.150694s
=case          ejabberd_SUITE:privacy_deny_server_bare_jid_slave
=logfile       ejabberd_suite.privacy_deny_server_bare_jid_slave.26180.html
=started       2024-12-18 20:36:30
=ended         2024-12-18 20:36:31
=result        ok
=elapsed       1.148996s
=case          ejabberd_SUITE:end_per_group
=logfile       ejabberd_suite.end_per_group.10565.html
=group_props   [{name,privacy_deny_server_bare_jid},parallel]
=started       2024-12-18 20:36:31
=ended         2024-12-18 20:36:31
=result        ok
=elapsed       0.000002s
=group_time    1.211s
=case          ejabberd_SUITE:init_per_group
=logfile       ejabberd_suite.init_per_group.10597.html
=group_props   [{name,privacy_deny_server_full_jid},parallel]
=started       2024-12-18 20:36:31
=ended         2024-12-18 20:36:31
=result        ok
=elapsed       0.000002s
=case          ejabberd_SUITE:privacy_deny_server_full_jid_master
=logfile       ejabberd_suite.privacy_deny_server_full_jid_master.10629.html
=started       2024-12-18 20:36:31
=ended         2024-12-18 20:36:32
=result        ok
=elapsed       1.165010s
=case          ejabberd_SUITE:privacy_deny_server_full_jid_slave
=logfile       ejabberd_suite.privacy_deny_server_full_jid_slave.10661.html
=started       2024-12-18 20:36:31
=ended         2024-12-18 20:36:32
=result        ok
=elapsed       1.161913s
=case          ejabberd_SUITE:end_per_group
=logfile       ejabberd_suite.end_per_group.10693.html
=group_props   [{name,privacy_deny_server_full_jid},parallel]
=started       2024-12-18 20:36:32
=ended         2024-12-18 20:36:32
=result        ok
=elapsed       0.000007s
=group_time    1.224s
=case          ejabberd_SUITE:init_per_group
=logfile       ejabberd_suite.init_per_group.10725.html
=group_props   [{name,privacy_deny_group},parallel]
=started       2024-12-18 20:36:32
=ended         2024-12-18 20:36:32
=result        ok
=elapsed       0.000002s
=case          ejabberd_SUITE:privacy_deny_group_master
=logfile       ejabberd_suite.privacy_deny_group_master.10757.html
=started       2024-12-18 20:36:32
=ended         2024-12-18 20:36:33
=result        ok
=elapsed       1.161660s
=case          ejabberd_SUITE:privacy_deny_group_slave
=logfile       ejabberd_suite.privacy_deny_group_slave.10789.html
=started       2024-12-18 20:36:32
=ended         2024-12-18 20:36:33
=result        ok
=elapsed       1.157842s
=case          ejabberd_SUITE:end_per_group
=logfile       ejabberd_suite.end_per_group.10885.html
=group_props   [{name,privacy_deny_group},parallel]
=started       2024-12-18 20:36:33
=ended         2024-12-18 20:36:34
=result        ok
=elapsed       0.000002s
=group_time    1.223s
=case          ejabberd_SUITE:init_per_group
=logfile       ejabberd_suite.init_per_group.10917.html
=group_props   [{name,privacy_deny_sub_both},parallel]
=started       2024-12-18 20:36:34
=ended         2024-12-18 20:36:34
=result        ok
=elapsed       0.000002s
=case          ejabberd_SUITE:privacy_deny_sub_both_master
=logfile       ejabberd_suite.privacy_deny_sub_both_master.10949.html
=started       2024-12-18 20:36:34
=ended         2024-12-18 20:36:35
=result        ok
=elapsed       1.163577s
=case          ejabberd_SUITE:privacy_deny_sub_both_slave
=logfile       ejabberd_suite.privacy_deny_sub_both_slave.10981.html
=started       2024-12-18 20:36:34
=ended         2024-12-18 20:36:35
=result        ok
=elapsed       1.161897s
=case          ejabberd_SUITE:end_per_group
=logfile       ejabberd_suite.end_per_group.11077.html
=group_props   [{name,privacy_deny_sub_both},parallel]
=started       2024-12-18 20:36:35
=ended         2024-12-18 20:36:35
=result        ok
=elapsed       0.000008s
=group_time    1.223s
=case          ejabberd_SUITE:init_per_group
=logfile       ejabberd_suite.init_per_group.11109.html
=group_props   [{name,privacy_deny_sub_from},parallel]
=started       2024-12-18 20:36:35
=ended         2024-12-18 20:36:35
=result        ok
=elapsed       0.000002s
=case          ejabberd_SUITE:privacy_deny_sub_from_master
=logfile       ejabberd_suite.privacy_deny_sub_from_master.11141.html
=started       2024-12-18 20:36:35
=ended         2024-12-18 20:36:36
=result        ok
=elapsed       1.163730s
=case          ejabberd_SUITE:privacy_deny_sub_from_slave
=logfile       ejabberd_suite.privacy_deny_sub_from_slave.11173.html
=started       2024-12-18 20:36:35
=ended         2024-12-18 20:36:36
=result        ok
=elapsed       1.161889s
=case          ejabberd_SUITE:end_per_group
=logfile       ejabberd_suite.end_per_group.11237.html
=group_props   [{name,privacy_deny_sub_from},parallel]
=started       2024-12-18 20:36:36
=ended         2024-12-18 20:36:36
=result        ok
=elapsed       0.000009s
=group_time    1.225s
=case          ejabberd_SUITE:init_per_group
=logfile       ejabberd_suite.init_per_group.37250.html
=group_props   [{name,privacy_deny_sub_to},parallel]
=started       2024-12-18 20:36:36
=ended         2024-12-18 20:36:36
=result        ok
=elapsed       0.000003s
=case          ejabberd_SUITE:privacy_deny_sub_to_master
=logfile       ejabberd_suite.privacy_deny_sub_to_master.37282.html
=started       2024-12-18 20:36:36
=ended         2024-12-18 20:36:37
=result        ok
=elapsed       1.173986s
=case          ejabberd_SUITE:privacy_deny_sub_to_slave
=logfile       ejabberd_suite.privacy_deny_sub_to_slave.37314.html
=started       2024-12-18 20:36:36
=ended         2024-12-18 20:36:37
=result        ok
=elapsed       1.172121s
=case          ejabberd_SUITE:end_per_group
=logfile       ejabberd_suite.end_per_group.11301.html
=group_props   [{name,privacy_deny_sub_to},parallel]
=started       2024-12-18 20:36:37
=ended         2024-12-18 20:36:37
=result        ok
=elapsed       0.000002s
=group_time    1.234s
=case          ejabberd_SUITE:init_per_group
=logfile       ejabberd_suite.init_per_group.11333.html
=group_props   [{name,privacy_deny_sub_none},parallel]
=started       2024-12-18 20:36:37
=ended         2024-12-18 20:36:37
=result        ok
=elapsed       0.000002s
=case          ejabberd_SUITE:privacy_deny_sub_none_master
=logfile       ejabberd_suite.privacy_deny_sub_none_master.11365.html
=started       2024-12-18 20:36:37
=ended         2024-12-18 20:36:38
=result        ok
=elapsed       1.157168s
=case          ejabberd_SUITE:privacy_deny_sub_none_slave
=logfile       ejabberd_suite.privacy_deny_sub_none_slave.37570.html
=started       2024-12-18 20:36:37
=ended         2024-12-18 20:36:38
=result        ok
=elapsed       1.155072s
=case          ejabberd_SUITE:end_per_group
=logfile       ejabberd_suite.end_per_group.37730.html
=group_props   [{name,privacy_deny_sub_none},parallel]
=started       2024-12-18 20:36:38
=ended         2024-12-18 20:36:39
=result        ok
=elapsed       0.000002s
=group_time    1.217s
=case          ejabberd_SUITE:init_per_group
=logfile       ejabberd_suite.init_per_group.37762.html
=group_props   [{name,privacy_deny_all},parallel]
=started       2024-12-18 20:36:39
=ended         2024-12-18 20:36:39
=result        ok
=elapsed       0.000002s
=case          ejabberd_SUITE:privacy_deny_all_master
=logfile       ejabberd_suite.privacy_deny_all_master.37794.html
=started       2024-12-18 20:36:39
=ended         2024-12-18 20:36:40
=result        ok
=elapsed       1.166159s
=case          ejabberd_SUITE:privacy_deny_all_slave
=logfile       ejabberd_suite.privacy_deny_all_slave.37826.html
=started       2024-12-18 20:36:39
=ended         2024-12-18 20:36:40
=result        ok
=elapsed       1.163961s
=case          ejabberd_SUITE:end_per_group
=logfile       ejabberd_suite.end_per_group.37986.html
=group_props   [{name,privacy_deny_all},parallel]
=started       2024-12-18 20:36:40
=ended         2024-12-18 20:36:40
=result        ok
=elapsed       0.000002s
=group_time    1.229s
=case          ejabberd_SUITE:init_per_group
=logfile       ejabberd_suite.init_per_group.38018.html
=group_props   [{name,privacy_deny_offline},parallel]
=started       2024-12-18 20:36:40
=ended         2024-12-18 20:36:40
=result        ok
=elapsed       0.000002s
=case          ejabberd_SUITE:privacy_deny_offline_master
=logfile       ejabberd_suite.privacy_deny_offline_master.38050.html
=started       2024-12-18 20:36:40
=ended         2024-12-18 20:36:40
=result        ok
=elapsed       0.247203s
=case          ejabberd_SUITE:privacy_deny_offline_slave
=logfile       ejabberd_suite.privacy_deny_offline_slave.38082.html
=started       2024-12-18 20:36:40
=ended         2024-12-18 20:36:40
=result        ok
=elapsed       0.347899s
=case          ejabberd_SUITE:end_per_group
=logfile       ejabberd_suite.end_per_group.38114.html
=group_props   [{name,privacy_deny_offline},parallel]
=started       2024-12-18 20:36:40
=ended         2024-12-18 20:36:40
=result        ok
=elapsed       0.000007s
=group_time    0.408s
=case          ejabberd_SUITE:init_per_group
=logfile       ejabberd_suite.init_per_group.11429.html
=group_props   [{name,privacy_block},parallel]
=started       2024-12-18 20:36:40
=ended         2024-12-18 20:36:40
=result        ok
=elapsed       0.000003s
=case          ejabberd_SUITE:privacy_block_master
=logfile       ejabberd_suite.privacy_block_master.11461.html
=started       2024-12-18 20:36:40
=ended         2024-12-18 20:36:41
=result        ok
=elapsed       0.437946s
=case          ejabberd_SUITE:privacy_block_slave
=logfile       ejabberd_suite.privacy_block_slave.11493.html
=started       2024-12-18 20:36:40
=ended         2024-12-18 20:36:41
=result        ok
=elapsed       0.436507s
=case          ejabberd_SUITE:end_per_group
=logfile       ejabberd_suite.end_per_group.11589.html
=group_props   [{name,privacy_block},parallel]
=started       2024-12-18 20:36:41
=ended         2024-12-18 20:36:41
=result        ok
=elapsed       0.000003s
=group_time    0.498s
=case          ejabberd_SUITE:init_per_group
=logfile       ejabberd_suite.init_per_group.11621.html
=group_props   [{name,privacy_unblock},parallel]
=started       2024-12-18 20:36:41
=ended         2024-12-18 20:36:41
=result        ok
=elapsed       0.000003s
=case          ejabberd_SUITE:privacy_unblock_master
=logfile       ejabberd_suite.privacy_unblock_master.11653.html
=started       2024-12-18 20:36:41
=ended         2024-12-18 20:36:41
=result        ok
=elapsed       0.205498s
=case          ejabberd_SUITE:privacy_unblock_slave
=logfile       ejabberd_suite.privacy_unblock_slave.11685.html
=started       2024-12-18 20:36:41
=ended         2024-12-18 20:36:41
=result        ok
=elapsed       0.204544s
=case          ejabberd_SUITE:end_per_group
=logfile       ejabberd_suite.end_per_group.11781.html
=group_props   [{name,privacy_unblock},parallel]
=started       2024-12-18 20:36:41
=ended         2024-12-18 20:36:41
=result        ok
=elapsed       0.000002s
=group_time    0.266s
=case          ejabberd_SUITE:init_per_group
=logfile       ejabberd_suite.init_per_group.37091.html
=group_props   [{name,privacy_unblock_all},parallel]
=started       2024-12-18 20:36:41
=ended         2024-12-18 20:36:41
=result        ok
=elapsed       0.000002s
=case          ejabberd_SUITE:privacy_unblock_all_master
=logfile       ejabberd_suite.privacy_unblock_all_master.37123.html
=started       2024-12-18 20:36:41
=ended         2024-12-18 20:36:41
=result        ok
=elapsed       0.202000s
=case          ejabberd_SUITE:privacy_unblock_all_slave
=logfile       ejabberd_suite.privacy_unblock_all_slave.37155.html
=started       2024-12-18 20:36:41
=ended         2024-12-18 20:36:41
=result        ok
=elapsed       0.201092s
=case          ejabberd_SUITE:end_per_group
=logfile       ejabberd_suite.end_per_group.26948.html
=group_props   [{name,privacy_unblock_all},parallel]
=started       2024-12-18 20:36:41
=ended         2024-12-18 20:36:41
=result        ok
=elapsed       0.000008s
=group_time    0.262s
=case          ejabberd_SUITE:end_per_group
=logfile       ejabberd_suite.end_per_group.26980.html
=group_props   [{name,privacy_master_slave},sequence]
=started       2024-12-18 20:36:41
=ended         2024-12-18 20:36:41
=result        ok
=elapsed       0.000003s
=group_time    14.039s
=case          ejabberd_SUITE:init_per_group
=logfile       ejabberd_suite.init_per_group.27012.html
=group_props   [{name,pubsub_master_slave},sequence]
=started       2024-12-18 20:36:41
=ended         2024-12-18 20:36:41
=result        ok
=elapsed       0.000003s
=case          ejabberd_SUITE:init_per_group
=logfile       ejabberd_suite.init_per_group.27044.html
=group_props   [{name,pubsub_publish},parallel]
=started       2024-12-18 20:36:41
=ended         2024-12-18 20:36:41
=result        ok
=elapsed       0.000001s
=case          ejabberd_SUITE:pubsub_publish_master
=logfile       ejabberd_suite.pubsub_publish_master.27076.html
=started       2024-12-18 20:36:41
=ended         2024-12-18 20:36:42
=result        ok
=elapsed       0.120588s
=case          ejabberd_SUITE:pubsub_publish_slave
=logfile       ejabberd_suite.pubsub_publish_slave.27108.html
=started       2024-12-18 20:36:41
=ended         2024-12-18 20:36:42
=result        ok
=elapsed       0.118954s
=case          ejabberd_SUITE:end_per_group
=logfile       ejabberd_suite.end_per_group.27172.html
=group_props   [{name,pubsub_publish},parallel]
=started       2024-12-18 20:36:42
=ended         2024-12-18 20:36:42
=result        ok
=elapsed       0.000002s
=group_time    0.180s
=case          ejabberd_SUITE:init_per_group
=logfile       ejabberd_suite.init_per_group.27204.html
=group_props   [{name,pubsub_subscriptions},parallel]
=started       2024-12-18 20:36:42
=ended         2024-12-18 20:36:42
=result        ok
=elapsed       0.000002s
=case          ejabberd_SUITE:pubsub_subscriptions_master
=logfile       ejabberd_suite.pubsub_subscriptions_master.27236.html
=started       2024-12-18 20:36:42
=ended         2024-12-18 20:36:42
=result        ok
=elapsed       0.147293s
=case          ejabberd_SUITE:pubsub_subscriptions_slave
=logfile       ejabberd_suite.pubsub_subscriptions_slave.27268.html
=started       2024-12-18 20:36:42
=ended         2024-12-18 20:36:42
=result        ok
=elapsed       0.141126s
=case          ejabberd_SUITE:end_per_group
=logfile       ejabberd_suite.end_per_group.27300.html
=group_props   [{name,pubsub_subscriptions},parallel]
=started       2024-12-18 20:36:42
=ended         2024-12-18 20:36:42
=result        ok
=elapsed       0.000002s
=group_time    0.208s
=case          ejabberd_SUITE:init_per_group
=logfile       ejabberd_suite.init_per_group.27332.html
=group_props   [{name,pubsub_affiliations},parallel]
=started       2024-12-18 20:36:42
=ended         2024-12-18 20:36:42
=result        ok
=elapsed       0.000002s
=case          ejabberd_SUITE:pubsub_affiliations_master
=logfile       ejabberd_suite.pubsub_affiliations_master.27364.html
=started       2024-12-18 20:36:42
=ended         2024-12-18 20:36:44
=result        ok
=elapsed       1.707874s
=case          ejabberd_SUITE:pubsub_affiliations_slave
=logfile       ejabberd_suite.pubsub_affiliations_slave.37347.html
=started       2024-12-18 20:36:42
=ended         2024-12-18 20:36:44
=result        ok
=elapsed       1.722759s
=case          ejabberd_SUITE:end_per_group
=logfile       ejabberd_suite.end_per_group.38210.html
=group_props   [{name,pubsub_affiliations},parallel]
=started       2024-12-18 20:36:44
=ended         2024-12-18 20:36:44
=result        ok
=elapsed       0.000002s
=group_time    1.785s
=case          ejabberd_SUITE:init_per_group
=logfile       ejabberd_suite.init_per_group.37443.html
=group_props   [{name,pubsub_authorize},parallel]
=started       2024-12-18 20:36:44
=ended         2024-12-18 20:36:44
=result        ok
=elapsed       0.000003s
=case          ejabberd_SUITE:pubsub_authorize_master
=logfile       ejabberd_suite.pubsub_authorize_master.38242.html
=started       2024-12-18 20:36:44
=ended         2024-12-18 20:36:44
=result        ok
=elapsed       0.208887s
=case          ejabberd_SUITE:pubsub_authorize_slave
=logfile       ejabberd_suite.pubsub_authorize_slave.38274.html
=started       2024-12-18 20:36:44
=ended         2024-12-18 20:36:44
=result        ok
=elapsed       0.163334s
=case          ejabberd_SUITE:end_per_group
=logfile       ejabberd_suite.end_per_group.38338.html
=group_props   [{name,pubsub_authorize},parallel]
=started       2024-12-18 20:36:44
=ended         2024-12-18 20:36:44
=result        ok
=elapsed       0.000002s
=group_time    0.272s
=case          ejabberd_SUITE:end_per_group
=logfile       ejabberd_suite.end_per_group.37571.html
=group_props   [{name,pubsub_master_slave},sequence]
=started       2024-12-18 20:36:44
=ended         2024-12-18 20:36:44
=result        ok
=elapsed       0.000006s
=group_time    2.568s
=case          ejabberd_SUITE:init_per_group
=logfile       ejabberd_suite.init_per_group.37603.html
=group_props   [{name,roster_master_slave},sequence]
=started       2024-12-18 20:36:44
=ended         2024-12-18 20:36:44
=result        ok
=elapsed       0.000003s
=case          ejabberd_SUITE:init_per_group
=logfile       ejabberd_suite.init_per_group.37635.html
=group_props   [{name,roster_subscribe},parallel]
=started       2024-12-18 20:36:44
=ended         2024-12-18 20:36:44
=result        ok
=elapsed       0.000001s
=case          ejabberd_SUITE:roster_subscribe_master
=logfile       ejabberd_suite.roster_subscribe_master.37667.html
=started       2024-12-18 20:36:44
=ended         2024-12-18 20:36:57
=result        ok
=elapsed       12.908249s
=case          ejabberd_SUITE:roster_subscribe_slave
=logfile       ejabberd_suite.roster_subscribe_slave.37699.html
=started       2024-12-18 20:36:44
=ended         2024-12-18 20:36:57
=result        ok
=elapsed       12.909182s
=case          ejabberd_SUITE:end_per_group
=logfile       ejabberd_suite.end_per_group.39394.html
=group_props   [{name,roster_subscribe},parallel]
=started       2024-12-18 20:36:57
=ended         2024-12-18 20:36:57
=result        ok
=elapsed       0.000003s
=group_time    12.968s
=case          ejabberd_SUITE:end_per_group
=logfile       ejabberd_suite.end_per_group.39426.html
=group_props   [{name,roster_master_slave},sequence]
=started       2024-12-18 20:36:57
=ended         2024-12-18 20:36:57
=result        ok
=elapsed       0.000007s
=group_time    13.017s
=case          ejabberd_SUITE:init_per_group
=logfile       ejabberd_suite.init_per_group.39458.html
=group_props   [{name,offline_master_slave},sequence]
=started       2024-12-18 20:36:57
=ended         2024-12-18 20:36:57
=result        ok
=elapsed       0.000003s
=case          ejabberd_SUITE:init_per_group
=logfile       ejabberd_suite.init_per_group.39490.html
=group_props   [{name,offline_flex},parallel]
=started       2024-12-18 20:36:57
=ended         2024-12-18 20:36:57
=result        ok
=elapsed       0.000002s
=case          ejabberd_SUITE:offline_flex_master
=logfile       ejabberd_suite.offline_flex_master.39522.html
=started       2024-12-18 20:36:57
=ended         2024-12-18 20:36:57
=result        ok
=elapsed       0.205122s
=case          ejabberd_SUITE:offline_flex_slave
=logfile       ejabberd_suite.offline_flex_slave.39554.html
=started       2024-12-18 20:36:57
=ended         2024-12-18 20:36:57
=result        ok
=elapsed       0.326696s
=case          ejabberd_SUITE:end_per_group
=logfile       ejabberd_suite.end_per_group.39650.html
=group_props   [{name,offline_flex},parallel]
=started       2024-12-18 20:36:57
=ended         2024-12-18 20:36:57
=result        ok
=elapsed       0.000002s
=group_time    0.386s
=case          ejabberd_SUITE:init_per_group
=logfile       ejabberd_suite.init_per_group.39682.html
=group_props   [{name,offline_send_all},parallel]
=started       2024-12-18 20:36:57
=ended         2024-12-18 20:36:57
=result        ok
=elapsed       0.000002s
=case          ejabberd_SUITE:offline_send_all_master
=logfile       ejabberd_suite.offline_send_all_master.39714.html
=started       2024-12-18 20:36:57
=ended         2024-12-18 20:37:11
=result        ok
=elapsed       13.726026s
=case          ejabberd_SUITE:offline_send_all_slave
=logfile       ejabberd_suite.offline_send_all_slave.40099.html
=started       2024-12-18 20:36:57
=ended         2024-12-18 20:37:11
=result        ok
=elapsed       13.877614s
=case          ejabberd_SUITE:end_per_group
=logfile       ejabberd_suite.end_per_group.11973.html
=group_props   [{name,offline_send_all},parallel]
=started       2024-12-18 20:37:11
=ended         2024-12-18 20:37:11
=result        ok
=elapsed       0.000002s
=group_time    13.938s
=case          ejabberd_SUITE:init_per_group
=logfile       ejabberd_suite.init_per_group.12005.html
=group_props   [{name,offline_from_mam},parallel]
=started       2024-12-18 20:37:11
=ended         2024-12-18 20:37:11
=result        ok
=elapsed       0.000003s
=case          ejabberd_SUITE:offline_from_mam_master
=logfile       ejabberd_suite.offline_from_mam_master.40131.html
=started       2024-12-18 20:37:11
=ended         2024-12-18 20:37:25
=result        ok
=elapsed       13.806485s
=case          ejabberd_SUITE:offline_from_mam_slave
=logfile       ejabberd_suite.offline_from_mam_slave.40163.html
=started       2024-12-18 20:37:11
=ended         2024-12-18 20:37:25
=result        ok
=elapsed       14.005220s
=case          ejabberd_SUITE:end_per_group
=logfile       ejabberd_suite.end_per_group.40195.html
=group_props   [{name,offline_from_mam},parallel]
=started       2024-12-18 20:37:25
=ended         2024-12-18 20:37:25
=result        ok
=elapsed       0.000003s
=group_time    14.066s
=case          ejabberd_SUITE:init_per_group
=logfile       ejabberd_suite.init_per_group.40227.html
=group_props   [{name,offline_mucsub_mam},parallel]
=started       2024-12-18 20:37:25
=ended         2024-12-18 20:37:25
=result        ok
=elapsed       0.000003s
=case          ejabberd_SUITE:offline_mucsub_mam_master
=logfile       ejabberd_suite.offline_mucsub_mam_master.40259.html
=started       2024-12-18 20:37:25
=ended         2024-12-18 20:37:26
=result        ok
=elapsed       0.251697s
=case          ejabberd_SUITE:offline_mucsub_mam_slave
=logfile       ejabberd_suite.offline_mucsub_mam_slave.12133.html
=started       2024-12-18 20:37:25
=ended         2024-12-18 20:37:26
=result        ok
=elapsed       0.248272s
=case          ejabberd_SUITE:end_per_group
=logfile       ejabberd_suite.end_per_group.28964.html
=group_props   [{name,offline_mucsub_mam},parallel]
=started       2024-12-18 20:37:26
=ended         2024-12-18 20:37:26
=result        ok
=elapsed       0.000003s
=group_time    0.314s
=case          ejabberd_SUITE:end_per_group
=logfile       ejabberd_suite.end_per_group.28996.html
=group_props   [{name,offline_master_slave},sequence]
=started       2024-12-18 20:37:26
=ended         2024-12-18 20:37:26
=result        ok
=elapsed       0.000002s
=group_time    28.827s
=case          ejabberd_SUITE:init_per_group
=logfile       ejabberd_suite.init_per_group.29028.html
=group_props   [{name,mam_master_slave},sequence]
=started       2024-12-18 20:37:26
=ended         2024-12-18 20:37:26
=result        ok
=elapsed       0.000003s
=case          ejabberd_SUITE:init_per_group
=logfile       ejabberd_suite.init_per_group.29060.html
=group_props   [{name,mam_archived_and_stanza_id},parallel]
=started       2024-12-18 20:37:26
=ended         2024-12-18 20:37:26
=result        ok
=elapsed       0.000002s
=case          ejabberd_SUITE:mam_archived_and_stanza_id_master
=logfile       ejabberd_suite.mam_archived_and_stanza_id_master.29092.html
=started       2024-12-18 20:37:26
=ended         2024-12-18 20:37:26
=result        ok
=elapsed       0.159468s
=case          ejabberd_SUITE:mam_archived_and_stanza_id_slave
=logfile       ejabberd_suite.mam_archived_and_stanza_id_slave.29124.html
=started       2024-12-18 20:37:26
=ended         2024-12-18 20:37:26
=result        ok
=elapsed       0.163397s
=case          ejabberd_SUITE:end_per_group
=logfile       ejabberd_suite.end_per_group.40355.html
=group_props   [{name,mam_archived_and_stanza_id},parallel]
=started       2024-12-18 20:37:26
=ended         2024-12-18 20:37:26
=result        ok
=elapsed       0.000007s
=group_time    0.225s
=case          ejabberd_SUITE:init_per_group
=logfile       ejabberd_suite.init_per_group.40387.html
=group_props   [{name,mam_query_all},parallel]
=started       2024-12-18 20:37:26
=ended         2024-12-18 20:37:26
=result        ok
=elapsed       0.000002s
=case          ejabberd_SUITE:mam_query_all_master
=logfile       ejabberd_suite.mam_query_all_master.40419.html
=started       2024-12-18 20:37:26
=ended         2024-12-18 20:37:26
=result        ok
=elapsed       0.186837s
=case          ejabberd_SUITE:mam_query_all_slave
=logfile       ejabberd_suite.mam_query_all_slave.40451.html
=started       2024-12-18 20:37:26
=ended         2024-12-18 20:37:26
=result        ok
=elapsed       0.188524s
=case          ejabberd_SUITE:end_per_group
=logfile       ejabberd_suite.end_per_group.40515.html
=group_props   [{name,mam_query_all},parallel]
=started       2024-12-18 20:37:26
=ended         2024-12-18 20:37:26
=result        ok
=elapsed       0.000002s
=group_time    0.251s
=case          ejabberd_SUITE:init_per_group
=logfile       ejabberd_suite.init_per_group.40547.html
=group_props   [{name,mam_query_with},parallel]
=started       2024-12-18 20:37:26
=ended         2024-12-18 20:37:26
=result        ok
=elapsed       0.000003s
=case          ejabberd_SUITE:mam_query_with_master
=logfile       ejabberd_suite.mam_query_with_master.40579.html
=started       2024-12-18 20:37:26
=ended         2024-12-18 20:37:27
=result        ok
=elapsed       0.201268s
=case          ejabberd_SUITE:mam_query_with_slave
=logfile       ejabberd_suite.mam_query_with_slave.39906.html
=started       2024-12-18 20:37:26
=ended         2024-12-18 20:37:27
=result        ok
=elapsed       0.203899s
=case          ejabberd_SUITE:end_per_group
=logfile       ejabberd_suite.end_per_group.29220.html
=group_props   [{name,mam_query_with},parallel]
=started       2024-12-18 20:37:27
=ended         2024-12-18 20:37:27
=result        ok
=elapsed       0.000002s
=group_time    0.264s
=case          ejabberd_SUITE:init_per_group
=logfile       ejabberd_suite.init_per_group.29252.html
=group_props   [{name,mam_query_rsm_max},parallel]
=started       2024-12-18 20:37:27
=ended         2024-12-18 20:37:27
=result        ok
=elapsed       0.000003s
=case          ejabberd_SUITE:mam_query_rsm_max_master
=logfile       ejabberd_suite.mam_query_rsm_max_master.39970.html
=started       2024-12-18 20:37:27
=ended         2024-12-18 20:37:27
=result        ok
=elapsed       0.261625s
=case          ejabberd_SUITE:mam_query_rsm_max_slave
=logfile       ejabberd_suite.mam_query_rsm_max_slave.29284.html
=started       2024-12-18 20:37:27
=ended         2024-12-18 20:37:27
=result        ok
=elapsed       0.261360s
=case          ejabberd_SUITE:end_per_group
=logfile       ejabberd_suite.end_per_group.12293.html
=group_props   [{name,mam_query_rsm_max},parallel]
=started       2024-12-18 20:37:27
=ended         2024-12-18 20:37:27
=result        ok
=elapsed       0.000007s
=group_time    0.324s
=case          ejabberd_SUITE:init_per_group
=logfile       ejabberd_suite.init_per_group.12325.html
=group_props   [{name,mam_query_rsm_after},parallel]
=started       2024-12-18 20:37:27
=ended         2024-12-18 20:37:27
=result        ok
=elapsed       0.000003s
=case          ejabberd_SUITE:mam_query_rsm_after_master
=logfile       ejabberd_suite.mam_query_rsm_after_master.40130.html
=started       2024-12-18 20:37:27
=ended         2024-12-18 20:37:27
=result        ok
=elapsed       0.244625s
=case          ejabberd_SUITE:mam_query_rsm_after_slave
=logfile       ejabberd_suite.mam_query_rsm_after_slave.40162.html
=started       2024-12-18 20:37:27
=ended         2024-12-18 20:37:27
=result        ok
=elapsed       0.244231s
=case          ejabberd_SUITE:end_per_group
=logfile       ejabberd_suite.end_per_group.40258.html
=group_props   [{name,mam_query_rsm_after},parallel]
=started       2024-12-18 20:37:27
=ended         2024-12-18 20:37:27
=result        ok
=elapsed       0.000002s
=group_time    0.307s
=case          ejabberd_SUITE:init_per_group
=logfile       ejabberd_suite.init_per_group.40290.html
=group_props   [{name,mam_query_rsm_before},parallel]
=started       2024-12-18 20:37:27
=ended         2024-12-18 20:37:27
=result        ok
=elapsed       0.000003s
=case          ejabberd_SUITE:mam_query_rsm_before_master
=logfile       ejabberd_suite.mam_query_rsm_before_master.40322.html
=started       2024-12-18 20:37:27
=ended         2024-12-18 20:37:28
=result        ok
=elapsed       0.255370s
=case          ejabberd_SUITE:mam_query_rsm_before_slave
=logfile       ejabberd_suite.mam_query_rsm_before_slave.40354.html
=started       2024-12-18 20:37:27
=ended         2024-12-18 20:37:28
=result        ok
=elapsed       0.253988s
=case          ejabberd_SUITE:end_per_group
=logfile       ejabberd_suite.end_per_group.40386.html
=group_props   [{name,mam_query_rsm_before},parallel]
=started       2024-12-18 20:37:28
=ended         2024-12-18 20:37:28
=result        ok
=elapsed       0.000002s
=group_time    0.315s
=case          ejabberd_SUITE:init_per_group
=logfile       ejabberd_suite.init_per_group.40418.html
=group_props   [{name,mam_muc},parallel]
=started       2024-12-18 20:37:28
=ended         2024-12-18 20:37:28
=result        ok
=elapsed       0.000002s
=case          ejabberd_SUITE:mam_muc_master
=logfile       ejabberd_suite.mam_muc_master.40450.html
=started       2024-12-18 20:37:28
=ended         2024-12-18 20:37:28
=result        ok
=elapsed       0.168646s
=case          ejabberd_SUITE:mam_muc_slave
=logfile       ejabberd_suite.mam_muc_slave.40482.html
=started       2024-12-18 20:37:28
=ended         2024-12-18 20:37:28
=result        ok
=elapsed       0.164271s
=case          ejabberd_SUITE:end_per_group
=logfile       ejabberd_suite.end_per_group.40578.html
=group_props   [{name,mam_muc},parallel]
=started       2024-12-18 20:37:28
=ended         2024-12-18 20:37:28
=result        ok
=elapsed       0.000002s
=group_time    0.228s
=case          ejabberd_SUITE:init_per_group
=logfile       ejabberd_suite.init_per_group.40610.html
=group_props   [{name,mam_mucsub},parallel]
=started       2024-12-18 20:37:28
=ended         2024-12-18 20:37:28
=result        ok
=elapsed       0.000003s
=case          ejabberd_SUITE:mam_mucsub_master
=logfile       ejabberd_suite.mam_mucsub_master.40642.html
=started       2024-12-18 20:37:28
=ended         2024-12-18 20:37:28
=result        ok
=elapsed       0.156581s
=case          ejabberd_SUITE:mam_mucsub_slave
=logfile       ejabberd_suite.mam_mucsub_slave.12485.html
=started       2024-12-18 20:37:28
=ended         2024-12-18 20:37:28
=result        ok
=elapsed       0.153073s
=case          ejabberd_SUITE:end_per_group
=logfile       ejabberd_suite.end_per_group.12613.html
=group_props   [{name,mam_mucsub},parallel]
=started       2024-12-18 20:37:28
=ended         2024-12-18 20:37:28
=result        ok
=elapsed       0.000008s
=group_time    0.216s
=case          ejabberd_SUITE:init_per_group
=logfile       ejabberd_suite.init_per_group.12645.html
=group_props   [{name,mam_mucsub_from_muc},parallel]
=started       2024-12-18 20:37:28
=ended         2024-12-18 20:37:28
=result        ok
=elapsed       0.000003s
=case          ejabberd_SUITE:mam_mucsub_from_muc_master
=logfile       ejabberd_suite.mam_mucsub_from_muc_master.12677.html
=started       2024-12-18 20:37:28
=ended         2024-12-18 20:37:28
=result        ok
=elapsed       0.156062s
=case          ejabberd_SUITE:mam_mucsub_from_muc_slave
=logfile       ejabberd_suite.mam_mucsub_from_muc_slave.12709.html
=started       2024-12-18 20:37:28
=ended         2024-12-18 20:37:28
=result        ok
=elapsed       0.150140s
=case          ejabberd_SUITE:end_per_group
=logfile       ejabberd_suite.end_per_group.12741.html
=group_props   [{name,mam_mucsub_from_muc},parallel]
=started       2024-12-18 20:37:28
=ended         2024-12-18 20:37:28
=result        ok
=elapsed       0.000002s
=group_time    0.216s
=case          ejabberd_SUITE:init_per_group
=logfile       ejabberd_suite.init_per_group.29508.html
=group_props   [{name,mam_mucsub_from_muc_non_persistent},parallel]
=started       2024-12-18 20:37:28
=ended         2024-12-18 20:37:28
=result        ok
=elapsed       0.000003s
=case          ejabberd_SUITE:mam_mucsub_from_muc_non_persistent_master
=logfile       ejabberd_suite.mam_mucsub_from_muc_non_persistent_master.29540.html
=started       2024-12-18 20:37:28
=ended         2024-12-18 20:37:29
=result        ok
=elapsed       0.148959s
=case          ejabberd_SUITE:mam_mucsub_from_muc_non_persistent_slave
=logfile       ejabberd_suite.mam_mucsub_from_muc_non_persistent_slave.29572.html
=started       2024-12-18 20:37:28
=ended         2024-12-18 20:37:29
=result        ok
=elapsed       0.147941s
=case          ejabberd_SUITE:end_per_group
=logfile       ejabberd_suite.end_per_group.29668.html
=group_props   [{name,mam_mucsub_from_muc_non_persistent},parallel]
=started       2024-12-18 20:37:29
=ended         2024-12-18 20:37:29
=result        ok
=elapsed       0.000010s
=group_time    0.211s
=case          ejabberd_SUITE:end_per_group
=logfile       ejabberd_suite.end_per_group.29700.html
=group_props   [{name,mam_master_slave},sequence]
=started       2024-12-18 20:37:29
=ended         2024-12-18 20:37:29
=result        ok
=elapsed       0.000008s
=group_time    2.828s
=case          ejabberd_SUITE:init_per_group
=logfile       ejabberd_suite.init_per_group.40770.html
=group_props   [{name,announce_master_slave},sequence]
=started       2024-12-18 20:37:29
=ended         2024-12-18 20:37:29
=result        ok
=elapsed       0.000002s
=case          ejabberd_SUITE:init_per_group
=logfile       ejabberd_suite.init_per_group.40802.html
=group_props   [{name,announce_set_motd},parallel]
=started       2024-12-18 20:37:29
=ended         2024-12-18 20:37:29
=result        ok
=elapsed       0.000002s
=case          ejabberd_SUITE:announce_set_motd_master
=logfile       ejabberd_suite.announce_set_motd_master.40834.html
=started       2024-12-18 20:37:29
=ended         2024-12-18 20:37:29
=result        ok
=elapsed       0.117163s
=case          ejabberd_SUITE:announce_set_motd_slave
=logfile       ejabberd_suite.announce_set_motd_slave.40866.html
=started       2024-12-18 20:37:29
=ended         2024-12-18 20:37:29
=result        ok
=elapsed       0.117820s
=case          ejabberd_SUITE:end_per_group
=logfile       ejabberd_suite.end_per_group.40930.html
=group_props   [{name,announce_set_motd},parallel]
=started       2024-12-18 20:37:29
=ended         2024-12-18 20:37:29
=result        ok
=elapsed       0.000002s
=group_time    0.177s
=case          ejabberd_SUITE:end_per_group
=logfile       ejabberd_suite.end_per_group.40962.html
=group_props   [{name,announce_master_slave},sequence]
=started       2024-12-18 20:37:29
=ended         2024-12-18 20:37:29
=result        ok
=elapsed       0.000001s
=group_time    0.225s
=case          ejabberd_SUITE:init_per_group
=logfile       ejabberd_suite.init_per_group.40994.html
=group_props   [{name,push_master_slave},sequence]
=started       2024-12-18 20:37:29
=ended         2024-12-18 20:37:29
=result        ok
=elapsed       0.000003s
=case          ejabberd_SUITE:init_per_group
=logfile       ejabberd_suite.init_per_group.41026.html
=group_props   [{name,push_sm},parallel]
=started       2024-12-18 20:37:29
=ended         2024-12-18 20:37:29
=result        ok
=elapsed       0.000002s
=case          ejabberd_SUITE:push_sm_master
=logfile       ejabberd_suite.push_sm_master.41058.html
=started       2024-12-18 20:37:29
=ended         2024-12-18 20:37:37
=result        ok
=elapsed       8.114463s
=case          ejabberd_SUITE:push_sm_slave
=logfile       ejabberd_suite.push_sm_slave.41090.html
=started       2024-12-18 20:37:29
=ended         2024-12-18 20:37:29
=result        ok
=elapsed       0.005350s
=case          ejabberd_SUITE:end_per_group
=logfile       ejabberd_suite.end_per_group.41186.html
=group_props   [{name,push_sm},parallel]
=started       2024-12-18 20:37:37
=ended         2024-12-18 20:37:37
=result        ok
=elapsed       0.000002s
=group_time    8.172s
=case          ejabberd_SUITE:init_per_group
=logfile       ejabberd_suite.init_per_group.41218.html
=group_props   [{name,push_offline},parallel]
=started       2024-12-18 20:37:37
=ended         2024-12-18 20:37:37
=result        ok
=elapsed       0.000002s
=case          ejabberd_SUITE:push_offline_master
=logfile       ejabberd_suite.push_offline_master.41250.html
=started       2024-12-18 20:37:37
=ended         2024-12-18 20:37:37
=result        ok
=elapsed       0.260144s
=case          ejabberd_SUITE:push_offline_slave
=logfile       ejabberd_suite.push_offline_slave.41282.html
=started       2024-12-18 20:37:37
=ended         2024-12-18 20:37:37
=result        ok
=elapsed       0.108468s
=case          ejabberd_SUITE:end_per_group
=logfile       ejabberd_suite.end_per_group.41346.html
=group_props   [{name,push_offline},parallel]
=started       2024-12-18 20:37:37
=ended         2024-12-18 20:37:37
=result        ok
=elapsed       0.000003s
=group_time    0.318s
=case          ejabberd_SUITE:init_per_group
=logfile       ejabberd_suite.init_per_group.41378.html
=group_props   [{name,push_mam},parallel]
=started       2024-12-18 20:37:37
=ended         2024-12-18 20:37:37
=result        ok
=elapsed       0.000003s
=case          ejabberd_SUITE:push_mam_master
=logfile       ejabberd_suite.push_mam_master.41410.html
=started       2024-12-18 20:37:37
=ended         2024-12-18 20:37:38
=result        ok
=elapsed       0.151474s
=case          ejabberd_SUITE:push_mam_slave
=logfile       ejabberd_suite.push_mam_slave.41442.html
=started       2024-12-18 20:37:37
=ended         2024-12-18 20:37:38
=result        ok
=elapsed       0.263816s
=case          ejabberd_SUITE:end_per_group
=logfile       ejabberd_suite.end_per_group.41474.html
=group_props   [{name,push_mam},parallel]
=started       2024-12-18 20:37:38
=ended         2024-12-18 20:37:38
=result        ok
=elapsed       0.000002s
=group_time    0.323s
=case          ejabberd_SUITE:end_per_group
=logfile       ejabberd_suite.end_per_group.41506.html
=group_props   [{name,push_master_slave},sequence]
=started       2024-12-18 20:37:38
=ended         2024-12-18 20:37:38
=result        ok
=elapsed       0.000002s
=group_time    8.913s
=case          ejabberd_SUITE:end_per_group
=logfile       ejabberd_suite.end_per_group.41538.html
=group_props   [{name,mysql},sequence]
=started       2024-12-18 20:37:38
=ended         2024-12-18 20:37:38
=result        ok
=elapsed       0.000740s
=group_time    98.663s
=case          ejabberd_SUITE:init_per_group
=logfile       ejabberd_suite.init_per_group.41570.html
=group_props   [{name,mssql},sequence]
=started       2024-12-18 20:37:38
=ended         2024-12-18 20:37:38
=result        skipped: {disabled_backend,mssql}
=elapsed       0.000000s
=== *** SKIPPED {ejabberd_SUITE,init_per_group} ***
=== 
=case          ejabberd_SUITE:test_register
=group_props   [{name,"single_user"}]
=started       2024-12-18 20:37:38
=result        skipped: {disabled_backend,mssql}
=== *** Skipping test case #866 {ejabberd_SUITE,test_register} ***
=== 
=case          ejabberd_SUITE:test_legacy_auth_feature
=group_props   [{name,"legacy_auth"}]
=started       2024-12-18 20:37:38
=result        skipped: {disabled_backend,mssql}
=== *** Skipping test case #867 {ejabberd_SUITE,test_legacy_auth_feature} ***
=== 
=case          ejabberd_SUITE:test_legacy_auth
=group_props   [{name,"legacy_auth"}]
=started       2024-12-18 20:37:38
=result        skipped: {disabled_backend,mssql}
=== *** Skipping test case #868 {ejabberd_SUITE,test_legacy_auth} ***
=== 
=case          ejabberd_SUITE:test_legacy_auth_digest
=group_props   [{name,"legacy_auth"}]
=started       2024-12-18 20:37:38
=result        skipped: {disabled_backend,mssql}
=== *** Skipping test case #869 {ejabberd_SUITE,test_legacy_auth_digest} ***
=== 
=case          ejabberd_SUITE:test_legacy_auth_no_resource
=group_props   [{name,"legacy_auth"}]
=started       2024-12-18 20:37:38
=result        skipped: {disabled_backend,mssql}
=== *** Skipping test case #870 {ejabberd_SUITE,test_legacy_auth_no_resource} ***
=== 
=case          ejabberd_SUITE:test_legacy_auth_bad_jid
=group_props   [{name,"legacy_auth"}]
=started       2024-12-18 20:37:38
=result        skipped: {disabled_backend,mssql}
=== *** Skipping test case #871 {ejabberd_SUITE,test_legacy_auth_bad_jid} ***
=== 
=case          ejabberd_SUITE:test_legacy_auth_fail
=group_props   [{name,"legacy_auth"}]
=started       2024-12-18 20:37:38
=result        skipped: {disabled_backend,mssql}
=== *** Skipping test case #872 {ejabberd_SUITE,test_legacy_auth_fail} ***
=== 
=case          ejabberd_SUITE:auth_plain
=group_props   [{name,"single_user"}]
=started       2024-12-18 20:37:38
=result        skipped: {disabled_backend,mssql}
=== *** Skipping test case #873 {ejabberd_SUITE,auth_plain} ***
=== 
=case          ejabberd_SUITE:auth_md5
=group_props   [{name,"single_user"}]
=started       2024-12-18 20:37:38
=result        skipped: {disabled_backend,mssql}
=== *** Skipping test case #874 {ejabberd_SUITE,auth_md5} ***
=== 
=case          ejabberd_SUITE:presence_broadcast
=group_props   [{name,"single_user"}]
=started       2024-12-18 20:37:38
=result        skipped: {disabled_backend,mssql}
=== *** Skipping test case #875 {ejabberd_SUITE,presence_broadcast} ***
=== 
=case          ejabberd_SUITE:last
=group_props   [{name,"single_user"}]
=started       2024-12-18 20:37:38
=result        skipped: {disabled_backend,mssql}
=== *** Skipping test case #876 {ejabberd_SUITE,last} ***
=== 
=case          ejabberd_SUITE:webadmin_login_page
=group_props   [{name,"webadmin_single"}]
=started       2024-12-18 20:37:38
=result        skipped: {disabled_backend,mssql}
=== *** Skipping test case #877 {ejabberd_SUITE,webadmin_login_page} ***
=== 
=case          ejabberd_SUITE:webadmin_welcome_page
=group_props   [{name,"webadmin_single"}]
=started       2024-12-18 20:37:38
=result        skipped: {disabled_backend,mssql}
=== *** Skipping test case #878 {ejabberd_SUITE,webadmin_welcome_page} ***
=== 
=case          ejabberd_SUITE:webadmin_user_page
=group_props   [{name,"webadmin_single"}]
=started       2024-12-18 20:37:38
=result        skipped: {disabled_backend,mssql}
=== *** Skipping test case #879 {ejabberd_SUITE,webadmin_user_page} ***
=== 
=case          ejabberd_SUITE:webadmin_adduser
=group_props   [{name,"webadmin_single"}]
=started       2024-12-18 20:37:38
=result        skipped: {disabled_backend,mssql}
=== *** Skipping test case #880 {ejabberd_SUITE,webadmin_adduser} ***
=== 
=case          ejabberd_SUITE:webadmin_changepassword
=group_props   [{name,"webadmin_single"}]
=started       2024-12-18 20:37:38
=result        skipped: {disabled_backend,mssql}
=== *** Skipping test case #881 {ejabberd_SUITE,webadmin_changepassword} ***
=== 
=case          ejabberd_SUITE:webadmin_removeuser
=group_props   [{name,"webadmin_single"}]
=started       2024-12-18 20:37:38
=result        skipped: {disabled_backend,mssql}
=== *** Skipping test case #882 {ejabberd_SUITE,webadmin_removeuser} ***
=== 
=case          ejabberd_SUITE:roster_feature_enabled
=group_props   [{name,"roster_single"}]
=started       2024-12-18 20:37:38
=result        skipped: {disabled_backend,mssql}
=== *** Skipping test case #883 {ejabberd_SUITE,roster_feature_enabled} ***
=== 
=case          ejabberd_SUITE:roster_iq_set_many_items
=group_props   [{name,"roster_single"}]
=started       2024-12-18 20:37:38
=result        skipped: {disabled_backend,mssql}
=== *** Skipping test case #884 {ejabberd_SUITE,roster_iq_set_many_items} ***
=== 
=case          ejabberd_SUITE:roster_iq_set_duplicated_groups
=group_props   [{name,"roster_single"}]
=started       2024-12-18 20:37:38
=result        skipped: {disabled_backend,mssql}
=== *** Skipping test case #885 {ejabberd_SUITE,roster_iq_set_duplicated_groups} ***
=== 
=case          ejabberd_SUITE:roster_iq_get_item
=group_props   [{name,"roster_single"}]
=started       2024-12-18 20:37:38
=result        skipped: {disabled_backend,mssql}
=== *** Skipping test case #886 {ejabberd_SUITE,roster_iq_get_item} ***
=== 
=case          ejabberd_SUITE:roster_iq_unexpected_element
=group_props   [{name,"roster_single"}]
=started       2024-12-18 20:37:38
=result        skipped: {disabled_backend,mssql}
=== *** Skipping test case #887 {ejabberd_SUITE,roster_iq_unexpected_element} ***
=== 
=case          ejabberd_SUITE:roster_iq_set_ask
=group_props   [{name,"roster_single"}]
=started       2024-12-18 20:37:38
=result        skipped: {disabled_backend,mssql}
=== *** Skipping test case #888 {ejabberd_SUITE,roster_iq_set_ask} ***
=== 
=case          ejabberd_SUITE:roster_set_item
=group_props   [{name,"roster_single"}]
=started       2024-12-18 20:37:38
=result        skipped: {disabled_backend,mssql}
=== *** Skipping test case #889 {ejabberd_SUITE,roster_set_item} ***
=== 
=case          ejabberd_SUITE:roster_version
=group_props   [{name,"roster_single"}]
=started       2024-12-18 20:37:38
=result        skipped: {disabled_backend,mssql}
=== *** Skipping test case #890 {ejabberd_SUITE,roster_version} ***
=== 
=case          ejabberd_SUITE:private_test_features
=group_props   [{name,"private_single"}]
=started       2024-12-18 20:37:38
=result        skipped: {disabled_backend,mssql}
=== *** Skipping test case #891 {ejabberd_SUITE,private_test_features} ***
=== 
=case          ejabberd_SUITE:private_test_no_namespace
=group_props   [{name,"private_single"}]
=started       2024-12-18 20:37:38
=result        skipped: {disabled_backend,mssql}
=== *** Skipping test case #892 {ejabberd_SUITE,private_test_no_namespace} ***
=== 
=case          ejabberd_SUITE:private_test_set_get
=group_props   [{name,"private_single"}]
=started       2024-12-18 20:37:38
=result        skipped: {disabled_backend,mssql}
=== *** Skipping test case #893 {ejabberd_SUITE,private_test_set_get} ***
=== 
=case          ejabberd_SUITE:private_test_published
=group_props   [{name,"private_single"}]
=started       2024-12-18 20:37:38
=result        skipped: {disabled_backend,mssql}
=== *** Skipping test case #894 {ejabberd_SUITE,private_test_published} ***
=== 
=case          ejabberd_SUITE:privacy_feature_enabled
=group_props   [{name,"privacy_single"}]
=started       2024-12-18 20:37:38
=result        skipped: {disabled_backend,mssql}
=== *** Skipping test case #895 {ejabberd_SUITE,privacy_feature_enabled} ***
=== 
=case          ejabberd_SUITE:privacy_set_get_list
=group_props   [{name,"privacy_single"}]
=started       2024-12-18 20:37:38
=result        skipped: {disabled_backend,mssql}
=== *** Skipping test case #896 {ejabberd_SUITE,privacy_set_get_list} ***
=== 
=case          ejabberd_SUITE:privacy_get_list_non_existent
=group_props   [{name,"privacy_single"}]
=started       2024-12-18 20:37:38
=result        skipped: {disabled_backend,mssql}
=== *** Skipping test case #897 {ejabberd_SUITE,privacy_get_list_non_existent} ***
=== 
=case          ejabberd_SUITE:privacy_get_empty_lists
=group_props   [{name,"privacy_single"}]
=started       2024-12-18 20:37:38
=result        skipped: {disabled_backend,mssql}
=== *** Skipping test case #898 {ejabberd_SUITE,privacy_get_empty_lists} ***
=== 
=case          ejabberd_SUITE:privacy_set_default
=group_props   [{name,"privacy_single"}]
=started       2024-12-18 20:37:38
=result        skipped: {disabled_backend,mssql}
=== *** Skipping test case #899 {ejabberd_SUITE,privacy_set_default} ***
=== 
=case          ejabberd_SUITE:privacy_del_default
=group_props   [{name,"privacy_single"}]
=started       2024-12-18 20:37:38
=result        skipped: {disabled_backend,mssql}
=== *** Skipping test case #900 {ejabberd_SUITE,privacy_del_default} ***
=== 
=case          ejabberd_SUITE:privacy_set_default_non_existent
=group_props   [{name,"privacy_single"}]
=started       2024-12-18 20:37:38
=result        skipped: {disabled_backend,mssql}
=== *** Skipping test case #901 {ejabberd_SUITE,privacy_set_default_non_existent} ***
=== 
=case          ejabberd_SUITE:privacy_set_active
=group_props   [{name,"privacy_single"}]
=started       2024-12-18 20:37:38
=result        skipped: {disabled_backend,mssql}
=== *** Skipping test case #902 {ejabberd_SUITE,privacy_set_active} ***
=== 
=case          ejabberd_SUITE:privacy_del_active
=group_props   [{name,"privacy_single"}]
=started       2024-12-18 20:37:38
=result        skipped: {disabled_backend,mssql}
=== *** Skipping test case #903 {ejabberd_SUITE,privacy_del_active} ***
=== 
=case          ejabberd_SUITE:privacy_set_active_non_existent
=group_props   [{name,"privacy_single"}]
=started       2024-12-18 20:37:38
=result        skipped: {disabled_backend,mssql}
=== *** Skipping test case #904 {ejabberd_SUITE,privacy_set_active_non_existent} ***
=== 
=case          ejabberd_SUITE:privacy_remove_list
=group_props   [{name,"privacy_single"}]
=started       2024-12-18 20:37:38
=result        skipped: {disabled_backend,mssql}
=== *** Skipping test case #905 {ejabberd_SUITE,privacy_remove_list} ***
=== 
=case          ejabberd_SUITE:privacy_remove_default_list
=group_props   [{name,"privacy_single"}]
=started       2024-12-18 20:37:38
=result        skipped: {disabled_backend,mssql}
=== *** Skipping test case #906 {ejabberd_SUITE,privacy_remove_default_list} ***
=== 
=case          ejabberd_SUITE:privacy_remove_active_list
=group_props   [{name,"privacy_single"}]
=started       2024-12-18 20:37:38
=result        skipped: {disabled_backend,mssql}
=== *** Skipping test case #907 {ejabberd_SUITE,privacy_remove_active_list} ***
=== 
=case          ejabberd_SUITE:privacy_remove_list_non_existent
=group_props   [{name,"privacy_single"}]
=started       2024-12-18 20:37:38
=result        skipped: {disabled_backend,mssql}
=== *** Skipping test case #908 {ejabberd_SUITE,privacy_remove_list_non_existent} ***
=== 
=case          ejabberd_SUITE:privacy_allow_local_server
=group_props   [{name,"privacy_single"}]
=started       2024-12-18 20:37:38
=result        skipped: {disabled_backend,mssql}
=== *** Skipping test case #909 {ejabberd_SUITE,privacy_allow_local_server} ***
=== 
=case          ejabberd_SUITE:privacy_malformed_iq_query
=group_props   [{name,"privacy_single"}]
=started       2024-12-18 20:37:38
=result        skipped: {disabled_backend,mssql}
=== *** Skipping test case #910 {ejabberd_SUITE,privacy_malformed_iq_query} ***
=== 
=case          ejabberd_SUITE:privacy_malformed_get
=group_props   [{name,"privacy_single"}]
=started       2024-12-18 20:37:38
=result        skipped: {disabled_backend,mssql}
=== *** Skipping test case #911 {ejabberd_SUITE,privacy_malformed_get} ***
=== 
=case          ejabberd_SUITE:privacy_malformed_set
=group_props   [{name,"privacy_single"}]
=started       2024-12-18 20:37:38
=result        skipped: {disabled_backend,mssql}
=== *** Skipping test case #912 {ejabberd_SUITE,privacy_malformed_set} ***
=== 
=case          ejabberd_SUITE:privacy_malformed_type_value
=group_props   [{name,"privacy_single"}]
=started       2024-12-18 20:37:38
=result        skipped: {disabled_backend,mssql}
=== *** Skipping test case #913 {ejabberd_SUITE,privacy_malformed_type_value} ***
=== 
=case          ejabberd_SUITE:privacy_set_get_block
=group_props   [{name,"privacy_single"}]
=started       2024-12-18 20:37:38
=result        skipped: {disabled_backend,mssql}
=== *** Skipping test case #914 {ejabberd_SUITE,privacy_set_get_block} ***
=== 
=case          ejabberd_SUITE:vcard_feature_enabled
=group_props   [{name,"vcard_single"}]
=started       2024-12-18 20:37:38
=result        skipped: {disabled_backend,mssql}
=== *** Skipping test case #915 {ejabberd_SUITE,vcard_feature_enabled} ***
=== 
=case          ejabberd_SUITE:vcard_get_set
=group_props   [{name,"vcard_single"}]
=started       2024-12-18 20:37:38
=result        skipped: {disabled_backend,mssql}
=== *** Skipping test case #916 {ejabberd_SUITE,vcard_get_set} ***
=== 
=case          ejabberd_SUITE:vcard_service_vcard
=group_props   [{name,"vcard_single"}]
=started       2024-12-18 20:37:38
=result        skipped: {disabled_backend,mssql}
=== *** Skipping test case #917 {ejabberd_SUITE,vcard_service_vcard} ***
=== 
=case          ejabberd_SUITE:pubsub_test_features
=group_props   [{name,"pubsub_single"}]
=started       2024-12-18 20:37:38
=result        skipped: {disabled_backend,mssql}
=== *** Skipping test case #918 {ejabberd_SUITE,pubsub_test_features} ***
=== 
=case          ejabberd_SUITE:pubsub_test_vcard
=group_props   [{name,"pubsub_single"}]
=started       2024-12-18 20:37:38
=result        skipped: {disabled_backend,mssql}
=== *** Skipping test case #919 {ejabberd_SUITE,pubsub_test_vcard} ***
=== 
=case          ejabberd_SUITE:pubsub_test_create
=group_props   [{name,"pubsub_single"}]
=started       2024-12-18 20:37:38
=result        skipped: {disabled_backend,mssql}
=== *** Skipping test case #920 {ejabberd_SUITE,pubsub_test_create} ***
=== 
=case          ejabberd_SUITE:pubsub_test_configure
=group_props   [{name,"pubsub_single"}]
=started       2024-12-18 20:37:38
=result        skipped: {disabled_backend,mssql}
=== *** Skipping test case #921 {ejabberd_SUITE,pubsub_test_configure} ***
=== 
=case          ejabberd_SUITE:pubsub_test_delete
=group_props   [{name,"pubsub_single"}]
=started       2024-12-18 20:37:38
=result        skipped: {disabled_backend,mssql}
=== *** Skipping test case #922 {ejabberd_SUITE,pubsub_test_delete} ***
=== 
=case          ejabberd_SUITE:pubsub_test_get_affiliations
=group_props   [{name,"pubsub_single"}]
=started       2024-12-18 20:37:38
=result        skipped: {disabled_backend,mssql}
=== *** Skipping test case #923 {ejabberd_SUITE,pubsub_test_get_affiliations} ***
=== 
=case          ejabberd_SUITE:pubsub_test_get_subscriptions
=group_props   [{name,"pubsub_single"}]
=started       2024-12-18 20:37:38
=result        skipped: {disabled_backend,mssql}
=== *** Skipping test case #924 {ejabberd_SUITE,pubsub_test_get_subscriptions} ***
=== 
=case          ejabberd_SUITE:pubsub_test_create_instant
=group_props   [{name,"pubsub_single"}]
=started       2024-12-18 20:37:38
=result        skipped: {disabled_backend,mssql}
=== *** Skipping test case #925 {ejabberd_SUITE,pubsub_test_create_instant} ***
=== 
=case          ejabberd_SUITE:pubsub_test_default
=group_props   [{name,"pubsub_single"}]
=started       2024-12-18 20:37:38
=result        skipped: {disabled_backend,mssql}
=== *** Skipping test case #926 {ejabberd_SUITE,pubsub_test_default} ***
=== 
=case          ejabberd_SUITE:pubsub_test_create_configure
=group_props   [{name,"pubsub_single"}]
=started       2024-12-18 20:37:38
=result        skipped: {disabled_backend,mssql}
=== *** Skipping test case #927 {ejabberd_SUITE,pubsub_test_create_configure} ***
=== 
=case          ejabberd_SUITE:pubsub_test_publish
=group_props   [{name,"pubsub_single"}]
=started       2024-12-18 20:37:38
=result        skipped: {disabled_backend,mssql}
=== *** Skipping test case #928 {ejabberd_SUITE,pubsub_test_publish} ***
=== 
=case          ejabberd_SUITE:pubsub_test_auto_create
=group_props   [{name,"pubsub_single"}]
=started       2024-12-18 20:37:38
=result        skipped: {disabled_backend,mssql}
=== *** Skipping test case #929 {ejabberd_SUITE,pubsub_test_auto_create} ***
=== 
=case          ejabberd_SUITE:pubsub_test_get_items
=group_props   [{name,"pubsub_single"}]
=started       2024-12-18 20:37:38
=result        skipped: {disabled_backend,mssql}
=== *** Skipping test case #930 {ejabberd_SUITE,pubsub_test_get_items} ***
=== 
=case          ejabberd_SUITE:pubsub_test_delete_item
=group_props   [{name,"pubsub_single"}]
=started       2024-12-18 20:37:38
=result        skipped: {disabled_backend,mssql}
=== *** Skipping test case #931 {ejabberd_SUITE,pubsub_test_delete_item} ***
=== 
=case          ejabberd_SUITE:pubsub_test_purge
=group_props   [{name,"pubsub_single"}]
=started       2024-12-18 20:37:38
=result        skipped: {disabled_backend,mssql}
=== *** Skipping test case #932 {ejabberd_SUITE,pubsub_test_purge} ***
=== 
=case          ejabberd_SUITE:pubsub_test_subscribe
=group_props   [{name,"pubsub_single"}]
=started       2024-12-18 20:37:38
=result        skipped: {disabled_backend,mssql}
=== *** Skipping test case #933 {ejabberd_SUITE,pubsub_test_subscribe} ***
=== 
=case          ejabberd_SUITE:pubsub_test_subscribe_max_item_1
=group_props   [{name,"pubsub_single"}]
=started       2024-12-18 20:37:38
=result        skipped: {disabled_backend,mssql}
=== *** Skipping test case #934 {ejabberd_SUITE,pubsub_test_subscribe_max_item_1} ***
=== 
=case          ejabberd_SUITE:pubsub_test_unsubscribe
=group_props   [{name,"pubsub_single"}]
=started       2024-12-18 20:37:38
=result        skipped: {disabled_backend,mssql}
=== *** Skipping test case #935 {ejabberd_SUITE,pubsub_test_unsubscribe} ***
=== 
=case          ejabberd_SUITE:muc_service_presence_error
=group_props   [{name,"muc_single"}]
=started       2024-12-18 20:37:38
=result        skipped: {disabled_backend,mssql}
=== *** Skipping test case #936 {ejabberd_SUITE,muc_service_presence_error} ***
=== 
=case          ejabberd_SUITE:muc_service_message_error
=group_props   [{name,"muc_single"}]
=started       2024-12-18 20:37:38
=result        skipped: {disabled_backend,mssql}
=== *** Skipping test case #937 {ejabberd_SUITE,muc_service_message_error} ***
=== 
=case          ejabberd_SUITE:muc_service_unknown_ns_iq_error
=group_props   [{name,"muc_single"}]
=started       2024-12-18 20:37:38
=result        skipped: {disabled_backend,mssql}
=== *** Skipping test case #938 {ejabberd_SUITE,muc_service_unknown_ns_iq_error} ***
=== 
=case          ejabberd_SUITE:muc_service_iq_set_error
=group_props   [{name,"muc_single"}]
=started       2024-12-18 20:37:38
=result        skipped: {disabled_backend,mssql}
=== *** Skipping test case #939 {ejabberd_SUITE,muc_service_iq_set_error} ***
=== 
=case          ejabberd_SUITE:muc_service_improper_iq_error
=group_props   [{name,"muc_single"}]
=started       2024-12-18 20:37:38
=result        skipped: {disabled_backend,mssql}
=== *** Skipping test case #940 {ejabberd_SUITE,muc_service_improper_iq_error} ***
=== 
=case          ejabberd_SUITE:muc_service_features
=group_props   [{name,"muc_single"}]
=started       2024-12-18 20:37:38
=result        skipped: {disabled_backend,mssql}
=== *** Skipping test case #941 {ejabberd_SUITE,muc_service_features} ***
=== 
=case          ejabberd_SUITE:muc_service_disco_info_node_error
=group_props   [{name,"muc_single"}]
=started       2024-12-18 20:37:38
=result        skipped: {disabled_backend,mssql}
=== *** Skipping test case #942 {ejabberd_SUITE,muc_service_disco_info_node_error} ***
=== 
=case          ejabberd_SUITE:muc_service_disco_items
=group_props   [{name,"muc_single"}]
=started       2024-12-18 20:37:38
=result        skipped: {disabled_backend,mssql}
=== *** Skipping test case #943 {ejabberd_SUITE,muc_service_disco_items} ***
=== 
=case          ejabberd_SUITE:muc_service_unique
=group_props   [{name,"muc_single"}]
=started       2024-12-18 20:37:38
=result        skipped: {disabled_backend,mssql}
=== *** Skipping test case #944 {ejabberd_SUITE,muc_service_unique} ***
=== 
=case          ejabberd_SUITE:muc_service_vcard
=group_props   [{name,"muc_single"}]
=started       2024-12-18 20:37:38
=result        skipped: {disabled_backend,mssql}
=== *** Skipping test case #945 {ejabberd_SUITE,muc_service_vcard} ***
=== 
=case          ejabberd_SUITE:muc_configure_non_existent
=group_props   [{name,"muc_single"}]
=started       2024-12-18 20:37:38
=result        skipped: {disabled_backend,mssql}
=== *** Skipping test case #946 {ejabberd_SUITE,muc_configure_non_existent} ***
=== 
=case          ejabberd_SUITE:muc_cancel_configure_non_existent
=group_props   [{name,"muc_single"}]
=started       2024-12-18 20:37:38
=result        skipped: {disabled_backend,mssql}
=== *** Skipping test case #947 {ejabberd_SUITE,muc_cancel_configure_non_existent} ***
=== 
=case          ejabberd_SUITE:muc_service_subscriptions
=group_props   [{name,"muc_single"}]
=started       2024-12-18 20:37:38
=result        skipped: {disabled_backend,mssql}
=== *** Skipping test case #948 {ejabberd_SUITE,muc_service_subscriptions} ***
=== 
=case          ejabberd_SUITE:muc_set_room_affiliation
=group_props   [{name,"muc_single"}]
=started       2024-12-18 20:37:38
=result        skipped: {disabled_backend,mssql}
=== *** Skipping test case #949 {ejabberd_SUITE,muc_set_room_affiliation} ***
=== 
=case          ejabberd_SUITE:offline_feature_enabled
=group_props   [{name,"offline_single"}]
=started       2024-12-18 20:37:38
=result        skipped: {disabled_backend,mssql}
=== *** Skipping test case #950 {ejabberd_SUITE,offline_feature_enabled} ***
=== 
=case          ejabberd_SUITE:offline_check_identity
=group_props   [{name,"offline_single"}]
=started       2024-12-18 20:37:38
=result        skipped: {disabled_backend,mssql}
=== *** Skipping test case #951 {ejabberd_SUITE,offline_check_identity} ***
=== 
=case          ejabberd_SUITE:offline_send_non_existent
=group_props   [{name,"offline_single"}]
=started       2024-12-18 20:37:38
=result        skipped: {disabled_backend,mssql}
=== *** Skipping test case #952 {ejabberd_SUITE,offline_send_non_existent} ***
=== 
=case          ejabberd_SUITE:offline_view_non_existent
=group_props   [{name,"offline_single"}]
=started       2024-12-18 20:37:38
=result        skipped: {disabled_backend,mssql}
=== *** Skipping test case #953 {ejabberd_SUITE,offline_view_non_existent} ***
=== 
=case          ejabberd_SUITE:offline_remove_non_existent
=group_props   [{name,"offline_single"}]
=started       2024-12-18 20:37:38
=result        skipped: {disabled_backend,mssql}
=== *** Skipping test case #954 {ejabberd_SUITE,offline_remove_non_existent} ***
=== 
=case          ejabberd_SUITE:offline_view_non_integer
=group_props   [{name,"offline_single"}]
=started       2024-12-18 20:37:38
=result        skipped: {disabled_backend,mssql}
=== *** Skipping test case #955 {ejabberd_SUITE,offline_view_non_integer} ***
=== 
=case          ejabberd_SUITE:offline_remove_non_integer
=group_props   [{name,"offline_single"}]
=started       2024-12-18 20:37:38
=result        skipped: {disabled_backend,mssql}
=== *** Skipping test case #956 {ejabberd_SUITE,offline_remove_non_integer} ***
=== 
=case          ejabberd_SUITE:offline_malformed_iq
=group_props   [{name,"offline_single"}]
=started       2024-12-18 20:37:38
=result        skipped: {disabled_backend,mssql}
=== *** Skipping test case #957 {ejabberd_SUITE,offline_malformed_iq} ***
=== 
=case          ejabberd_SUITE:offline_wrong_user
=group_props   [{name,"offline_single"}]
=started       2024-12-18 20:37:38
=result        skipped: {disabled_backend,mssql}
=== *** Skipping test case #958 {ejabberd_SUITE,offline_wrong_user} ***
=== 
=case          ejabberd_SUITE:offline_unsupported_iq
=group_props   [{name,"offline_single"}]
=started       2024-12-18 20:37:38
=result        skipped: {disabled_backend,mssql}
=== *** Skipping test case #959 {ejabberd_SUITE,offline_unsupported_iq} ***
=== 
=case          ejabberd_SUITE:mam_feature_enabled
=group_props   [{name,"mam_single"}]
=started       2024-12-18 20:37:38
=result        skipped: {disabled_backend,mssql}
=== *** Skipping test case #960 {ejabberd_SUITE,mam_feature_enabled} ***
=== 
=case          ejabberd_SUITE:mam_get_set_prefs
=group_props   [{name,"mam_single"}]
=started       2024-12-18 20:37:38
=result        skipped: {disabled_backend,mssql}
=== *** Skipping test case #961 {ejabberd_SUITE,mam_get_set_prefs} ***
=== 
=case          ejabberd_SUITE:mam_get_form
=group_props   [{name,"mam_single"}]
=started       2024-12-18 20:37:38
=result        skipped: {disabled_backend,mssql}
=== *** Skipping test case #962 {ejabberd_SUITE,mam_get_form} ***
=== 
=case          ejabberd_SUITE:mam_fake_by
=group_props   [{name,"mam_single"}]
=started       2024-12-18 20:37:38
=result        skipped: {disabled_backend,mssql}
=== *** Skipping test case #963 {ejabberd_SUITE,mam_fake_by} ***
=== 
=case          ejabberd_SUITE:push_feature_enabled
=group_props   [{name,"push_single"}]
=started       2024-12-18 20:37:38
=result        skipped: {disabled_backend,mssql}
=== *** Skipping test case #964 {ejabberd_SUITE,push_feature_enabled} ***
=== 
=case          ejabberd_SUITE:push_unsupported_iq
=group_props   [{name,"push_single"}]
=started       2024-12-18 20:37:38
=result        skipped: {disabled_backend,mssql}
=== *** Skipping test case #965 {ejabberd_SUITE,push_unsupported_iq} ***
=== 
=case          ejabberd_SUITE:test_unregister
=group_props   [{name,"single_user"}]
=started       2024-12-18 20:37:38
=result        skipped: {disabled_backend,mssql}
=== *** Skipping test case #966 {ejabberd_SUITE,test_unregister} ***
=== 
=case          ejabberd_SUITE:muc_register_master
=group_props   [{name,"muc_register"}]
=started       2024-12-18 20:37:38
=result        skipped: {disabled_backend,mssql}
=== *** Skipping test case #967 {ejabberd_SUITE,muc_register_master} ***
=== 
=case          ejabberd_SUITE:muc_register_slave
=group_props   [{name,"muc_register"}]
=started       2024-12-18 20:37:38
=result        skipped: {disabled_backend,mssql}
=== *** Skipping test case #968 {ejabberd_SUITE,muc_register_slave} ***
=== 
=case          ejabberd_SUITE:muc_groupchat_msg_master
=group_props   [{name,"muc_groupchat_msg"}]
=started       2024-12-18 20:37:38
=result        skipped: {disabled_backend,mssql}
=== *** Skipping test case #969 {ejabberd_SUITE,muc_groupchat_msg_master} ***
=== 
=case          ejabberd_SUITE:muc_groupchat_msg_slave
=group_props   [{name,"muc_groupchat_msg"}]
=started       2024-12-18 20:37:38
=result        skipped: {disabled_backend,mssql}
=== *** Skipping test case #970 {ejabberd_SUITE,muc_groupchat_msg_slave} ***
=== 
=case          ejabberd_SUITE:muc_private_msg_master
=group_props   [{name,"muc_private_msg"}]
=started       2024-12-18 20:37:38
=result        skipped: {disabled_backend,mssql}
=== *** Skipping test case #971 {ejabberd_SUITE,muc_private_msg_master} ***
=== 
=case          ejabberd_SUITE:muc_private_msg_slave
=group_props   [{name,"muc_private_msg"}]
=started       2024-12-18 20:37:38
=result        skipped: {disabled_backend,mssql}
=== *** Skipping test case #972 {ejabberd_SUITE,muc_private_msg_slave} ***
=== 
=case          ejabberd_SUITE:muc_set_subject_master
=group_props   [{name,"muc_set_subject"}]
=started       2024-12-18 20:37:38
=result        skipped: {disabled_backend,mssql}
=== *** Skipping test case #973 {ejabberd_SUITE,muc_set_subject_master} ***
=== 
=case          ejabberd_SUITE:muc_set_subject_slave
=group_props   [{name,"muc_set_subject"}]
=started       2024-12-18 20:37:38
=result        skipped: {disabled_backend,mssql}
=== *** Skipping test case #974 {ejabberd_SUITE,muc_set_subject_slave} ***
=== 
=case          ejabberd_SUITE:muc_history_master
=group_props   [{name,"muc_history"}]
=started       2024-12-18 20:37:38
=result        skipped: {disabled_backend,mssql}
=== *** Skipping test case #975 {ejabberd_SUITE,muc_history_master} ***
=== 
=case          ejabberd_SUITE:muc_history_slave
=group_props   [{name,"muc_history"}]
=started       2024-12-18 20:37:38
=result        skipped: {disabled_backend,mssql}
=== *** Skipping test case #976 {ejabberd_SUITE,muc_history_slave} ***
=== 
=case          ejabberd_SUITE:muc_invite_master
=group_props   [{name,"muc_invite"}]
=started       2024-12-18 20:37:38
=result        skipped: {disabled_backend,mssql}
=== *** Skipping test case #977 {ejabberd_SUITE,muc_invite_master} ***
=== 
=case          ejabberd_SUITE:muc_invite_slave
=group_props   [{name,"muc_invite"}]
=started       2024-12-18 20:37:38
=result        skipped: {disabled_backend,mssql}
=== *** Skipping test case #978 {ejabberd_SUITE,muc_invite_slave} ***
=== 
=case          ejabberd_SUITE:muc_invite_members_only_master
=group_props   [{name,"muc_invite_members_only"}]
=started       2024-12-18 20:37:38
=result        skipped: {disabled_backend,mssql}
=== *** Skipping test case #979 {ejabberd_SUITE,muc_invite_members_only_master} ***
=== 
=case          ejabberd_SUITE:muc_invite_members_only_slave
=group_props   [{name,"muc_invite_members_only"}]
=started       2024-12-18 20:37:38
=result        skipped: {disabled_backend,mssql}
=== *** Skipping test case #980 {ejabberd_SUITE,muc_invite_members_only_slave} ***
=== 
=case          ejabberd_SUITE:muc_invite_password_protected_master
=group_props   [{name,"muc_invite_password_protected"}]
=started       2024-12-18 20:37:38
=result        skipped: {disabled_backend,mssql}
=== *** Skipping test case #981 {ejabberd_SUITE,muc_invite_password_protected_master} ***
=== 
=case          ejabberd_SUITE:muc_invite_password_protected_slave
=group_props   [{name,"muc_invite_password_protected"}]
=started       2024-12-18 20:37:38
=result        skipped: {disabled_backend,mssql}
=== *** Skipping test case #982 {ejabberd_SUITE,muc_invite_password_protected_slave} ***
=== 
=case          ejabberd_SUITE:muc_voice_request_master
=group_props   [{name,"muc_voice_request"}]
=started       2024-12-18 20:37:38
=result        skipped: {disabled_backend,mssql}
=== *** Skipping test case #983 {ejabberd_SUITE,muc_voice_request_master} ***
=== 
=case          ejabberd_SUITE:muc_voice_request_slave
=group_props   [{name,"muc_voice_request"}]
=started       2024-12-18 20:37:38
=result        skipped: {disabled_backend,mssql}
=== *** Skipping test case #984 {ejabberd_SUITE,muc_voice_request_slave} ***
=== 
=case          ejabberd_SUITE:muc_change_role_master
=group_props   [{name,"muc_change_role"}]
=started       2024-12-18 20:37:38
=result        skipped: {disabled_backend,mssql}
=== *** Skipping test case #985 {ejabberd_SUITE,muc_change_role_master} ***
=== 
=case          ejabberd_SUITE:muc_change_role_slave
=group_props   [{name,"muc_change_role"}]
=started       2024-12-18 20:37:38
=result        skipped: {disabled_backend,mssql}
=== *** Skipping test case #986 {ejabberd_SUITE,muc_change_role_slave} ***
=== 
=case          ejabberd_SUITE:muc_kick_master
=group_props   [{name,"muc_kick"}]
=started       2024-12-18 20:37:38
=result        skipped: {disabled_backend,mssql}
=== *** Skipping test case #987 {ejabberd_SUITE,muc_kick_master} ***
=== 
=case          ejabberd_SUITE:muc_kick_slave
=group_props   [{name,"muc_kick"}]
=started       2024-12-18 20:37:38
=result        skipped: {disabled_backend,mssql}
=== *** Skipping test case #988 {ejabberd_SUITE,muc_kick_slave} ***
=== 
=case          ejabberd_SUITE:muc_change_affiliation_master
=group_props   [{name,"muc_change_affiliation"}]
=started       2024-12-18 20:37:38
=result        skipped: {disabled_backend,mssql}
=== *** Skipping test case #989 {ejabberd_SUITE,muc_change_affiliation_master} ***
=== 
=case          ejabberd_SUITE:muc_change_affiliation_slave
=group_props   [{name,"muc_change_affiliation"}]
=started       2024-12-18 20:37:38
=result        skipped: {disabled_backend,mssql}
=== *** Skipping test case #990 {ejabberd_SUITE,muc_change_affiliation_slave} ***
=== 
=case          ejabberd_SUITE:muc_destroy_master
=group_props   [{name,"muc_destroy"}]
=started       2024-12-18 20:37:38
=result        skipped: {disabled_backend,mssql}
=== *** Skipping test case #991 {ejabberd_SUITE,muc_destroy_master} ***
=== 
=case          ejabberd_SUITE:muc_destroy_slave
=group_props   [{name,"muc_destroy"}]
=started       2024-12-18 20:37:38
=result        skipped: {disabled_backend,mssql}
=== *** Skipping test case #992 {ejabberd_SUITE,muc_destroy_slave} ***
=== 
=case          ejabberd_SUITE:muc_vcard_master
=group_props   [{name,"muc_vcard"}]
=started       2024-12-18 20:37:38
=result        skipped: {disabled_backend,mssql}
=== *** Skipping test case #993 {ejabberd_SUITE,muc_vcard_master} ***
=== 
=case          ejabberd_SUITE:muc_vcard_slave
=group_props   [{name,"muc_vcard"}]
=started       2024-12-18 20:37:38
=result        skipped: {disabled_backend,mssql}
=== *** Skipping test case #994 {ejabberd_SUITE,muc_vcard_slave} ***
=== 
=case          ejabberd_SUITE:muc_nick_change_master
=group_props   [{name,"muc_nick_change"}]
=started       2024-12-18 20:37:38
=result        skipped: {disabled_backend,mssql}
=== *** Skipping test case #995 {ejabberd_SUITE,muc_nick_change_master} ***
=== 
=case          ejabberd_SUITE:muc_nick_change_slave
=group_props   [{name,"muc_nick_change"}]
=started       2024-12-18 20:37:38
=result        skipped: {disabled_backend,mssql}
=== *** Skipping test case #996 {ejabberd_SUITE,muc_nick_change_slave} ***
=== 
=case          ejabberd_SUITE:muc_config_title_desc_master
=group_props   [{name,"muc_config_title_desc"}]
=started       2024-12-18 20:37:38
=result        skipped: {disabled_backend,mssql}
=== *** Skipping test case #997 {ejabberd_SUITE,muc_config_title_desc_master} ***
=== 
=case          ejabberd_SUITE:muc_config_title_desc_slave
=group_props   [{name,"muc_config_title_desc"}]
=started       2024-12-18 20:37:38
=result        skipped: {disabled_backend,mssql}
=== *** Skipping test case #998 {ejabberd_SUITE,muc_config_title_desc_slave} ***
=== 
=case          ejabberd_SUITE:muc_config_public_list_master
=group_props   [{name,"muc_config_public_list"}]
=started       2024-12-18 20:37:38
=result        skipped: {disabled_backend,mssql}
=== *** Skipping test case #999 {ejabberd_SUITE,muc_config_public_list_master} ***
=== 
=case          ejabberd_SUITE:muc_config_public_list_slave
=group_props   [{name,"muc_config_public_list"}]
=started       2024-12-18 20:37:38
=result        skipped: {disabled_backend,mssql}
=== *** Skipping test case #1000 {ejabberd_SUITE,muc_config_public_list_slave} ***
=== 
=case          ejabberd_SUITE:muc_config_password_master
=group_props   [{name,"muc_config_password"}]
=started       2024-12-18 20:37:38
=result        skipped: {disabled_backend,mssql}
=== *** Skipping test case #1001 {ejabberd_SUITE,muc_config_password_master} ***
=== 
=case          ejabberd_SUITE:muc_config_password_slave
=group_props   [{name,"muc_config_password"}]
=started       2024-12-18 20:37:38
=result        skipped: {disabled_backend,mssql}
=== *** Skipping test case #1002 {ejabberd_SUITE,muc_config_password_slave} ***
=== 
=case          ejabberd_SUITE:muc_config_whois_master
=group_props   [{name,"muc_config_whois"}]
=started       2024-12-18 20:37:38
=result        skipped: {disabled_backend,mssql}
=== *** Skipping test case #1003 {ejabberd_SUITE,muc_config_whois_master} ***
=== 
=case          ejabberd_SUITE:muc_config_whois_slave
=group_props   [{name,"muc_config_whois"}]
=started       2024-12-18 20:37:38
=result        skipped: {disabled_backend,mssql}
=== *** Skipping test case #1004 {ejabberd_SUITE,muc_config_whois_slave} ***
=== 
=case          ejabberd_SUITE:muc_config_members_only_master
=group_props   [{name,"muc_config_members_only"}]
=started       2024-12-18 20:37:38
=result        skipped: {disabled_backend,mssql}
=== *** Skipping test case #1005 {ejabberd_SUITE,muc_config_members_only_master} ***
=== 
=case          ejabberd_SUITE:muc_config_members_only_slave
=group_props   [{name,"muc_config_members_only"}]
=started       2024-12-18 20:37:38
=result        skipped: {disabled_backend,mssql}
=== *** Skipping test case #1006 {ejabberd_SUITE,muc_config_members_only_slave} ***
=== 
=case          ejabberd_SUITE:muc_config_moderated_master
=group_props   [{name,"muc_config_moderated"}]
=started       2024-12-18 20:37:38
=result        skipped: {disabled_backend,mssql}
=== *** Skipping test case #1007 {ejabberd_SUITE,muc_config_moderated_master} ***
=== 
=case          ejabberd_SUITE:muc_config_moderated_slave
=group_props   [{name,"muc_config_moderated"}]
=started       2024-12-18 20:37:38
=result        skipped: {disabled_backend,mssql}
=== *** Skipping test case #1008 {ejabberd_SUITE,muc_config_moderated_slave} ***
=== 
=case          ejabberd_SUITE:muc_config_private_messages_master
=group_props   [{name,"muc_config_private_messages"}]
=started       2024-12-18 20:37:38
=result        skipped: {disabled_backend,mssql}
=== *** Skipping test case #1009 {ejabberd_SUITE,muc_config_private_messages_master} ***
=== 
=case          ejabberd_SUITE:muc_config_private_messages_slave
=group_props   [{name,"muc_config_private_messages"}]
=started       2024-12-18 20:37:38
=result        skipped: {disabled_backend,mssql}
=== *** Skipping test case #1010 {ejabberd_SUITE,muc_config_private_messages_slave} ***
=== 
=case          ejabberd_SUITE:muc_config_query_master
=group_props   [{name,"muc_config_query"}]
=started       2024-12-18 20:37:38
=result        skipped: {disabled_backend,mssql}
=== *** Skipping test case #1011 {ejabberd_SUITE,muc_config_query_master} ***
=== 
=case          ejabberd_SUITE:muc_config_query_slave
=group_props   [{name,"muc_config_query"}]
=started       2024-12-18 20:37:38
=result        skipped: {disabled_backend,mssql}
=== *** Skipping test case #1012 {ejabberd_SUITE,muc_config_query_slave} ***
=== 
=case          ejabberd_SUITE:muc_config_allow_invites_master
=group_props   [{name,"muc_config_allow_invites"}]
=started       2024-12-18 20:37:38
=result        skipped: {disabled_backend,mssql}
=== *** Skipping test case #1013 {ejabberd_SUITE,muc_config_allow_invites_master} ***
=== 
=case          ejabberd_SUITE:muc_config_allow_invites_slave
=group_props   [{name,"muc_config_allow_invites"}]
=started       2024-12-18 20:37:38
=result        skipped: {disabled_backend,mssql}
=== *** Skipping test case #1014 {ejabberd_SUITE,muc_config_allow_invites_slave} ***
=== 
=case          ejabberd_SUITE:muc_config_visitor_status_master
=group_props   [{name,"muc_config_visitor_status"}]
=started       2024-12-18 20:37:38
=result        skipped: {disabled_backend,mssql}
=== *** Skipping test case #1015 {ejabberd_SUITE,muc_config_visitor_status_master} ***
=== 
=case          ejabberd_SUITE:muc_config_visitor_status_slave
=group_props   [{name,"muc_config_visitor_status"}]
=started       2024-12-18 20:37:38
=result        skipped: {disabled_backend,mssql}
=== *** Skipping test case #1016 {ejabberd_SUITE,muc_config_visitor_status_slave} ***
=== 
=case          ejabberd_SUITE:muc_config_allow_voice_requests_master
=group_props   [{name,"muc_config_allow_voice_requests"}]
=started       2024-12-18 20:37:38
=result        skipped: {disabled_backend,mssql}
=== *** Skipping test case #1017 {ejabberd_SUITE,muc_config_allow_voice_requests_master} ***
=== 
=case          ejabberd_SUITE:muc_config_allow_voice_requests_slave
=group_props   [{name,"muc_config_allow_voice_requests"}]
=started       2024-12-18 20:37:38
=result        skipped: {disabled_backend,mssql}
=== *** Skipping test case #1018 {ejabberd_SUITE,muc_config_allow_voice_requests_slave} ***
=== 
=case          ejabberd_SUITE:muc_config_voice_request_interval_master
=group_props   [{name,"muc_config_voice_request_interval"}]
=started       2024-12-18 20:37:38
=result        skipped: {disabled_backend,mssql}
=== *** Skipping test case #1019 {ejabberd_SUITE,muc_config_voice_request_interval_master} ***
=== 
=case          ejabberd_SUITE:muc_config_voice_request_interval_slave
=group_props   [{name,"muc_config_voice_request_interval"}]
=started       2024-12-18 20:37:38
=result        skipped: {disabled_backend,mssql}
=== *** Skipping test case #1020 {ejabberd_SUITE,muc_config_voice_request_interval_slave} ***
=== 
=case          ejabberd_SUITE:muc_config_visitor_nickchange_master
=group_props   [{name,"muc_config_visitor_nickchange"}]
=started       2024-12-18 20:37:38
=result        skipped: {disabled_backend,mssql}
=== *** Skipping test case #1021 {ejabberd_SUITE,muc_config_visitor_nickchange_master} ***
=== 
=case          ejabberd_SUITE:muc_config_visitor_nickchange_slave
=group_props   [{name,"muc_config_visitor_nickchange"}]
=started       2024-12-18 20:37:38
=result        skipped: {disabled_backend,mssql}
=== *** Skipping test case #1022 {ejabberd_SUITE,muc_config_visitor_nickchange_slave} ***
=== 
=case          ejabberd_SUITE:muc_join_conflict_master
=group_props   [{name,"muc_join_conflict"}]
=started       2024-12-18 20:37:38
=result        skipped: {disabled_backend,mssql}
=== *** Skipping test case #1023 {ejabberd_SUITE,muc_join_conflict_master} ***
=== 
=case          ejabberd_SUITE:muc_join_conflict_slave
=group_props   [{name,"muc_join_conflict"}]
=started       2024-12-18 20:37:38
=result        skipped: {disabled_backend,mssql}
=== *** Skipping test case #1024 {ejabberd_SUITE,muc_join_conflict_slave} ***
=== 
=case          ejabberd_SUITE:privacy_deny_bare_jid_master
=group_props   [{name,"privacy_deny_bare_jid"}]
=started       2024-12-18 20:37:38
=result        skipped: {disabled_backend,mssql}
=== *** Skipping test case #1025 {ejabberd_SUITE,privacy_deny_bare_jid_master} ***
=== 
=case          ejabberd_SUITE:privacy_deny_bare_jid_slave
=group_props   [{name,"privacy_deny_bare_jid"}]
=started       2024-12-18 20:37:38
=result        skipped: {disabled_backend,mssql}
=== *** Skipping test case #1026 {ejabberd_SUITE,privacy_deny_bare_jid_slave} ***
=== 
=case          ejabberd_SUITE:privacy_deny_full_jid_master
=group_props   [{name,"privacy_deny_full_jid"}]
=started       2024-12-18 20:37:38
=result        skipped: {disabled_backend,mssql}
=== *** Skipping test case #1027 {ejabberd_SUITE,privacy_deny_full_jid_master} ***
=== 
=case          ejabberd_SUITE:privacy_deny_full_jid_slave
=group_props   [{name,"privacy_deny_full_jid"}]
=started       2024-12-18 20:37:38
=result        skipped: {disabled_backend,mssql}
=== *** Skipping test case #1028 {ejabberd_SUITE,privacy_deny_full_jid_slave} ***
=== 
=case          ejabberd_SUITE:privacy_deny_server_bare_jid_master
=group_props   [{name,"privacy_deny_server_bare_jid"}]
=started       2024-12-18 20:37:38
=result        skipped: {disabled_backend,mssql}
=== *** Skipping test case #1029 {ejabberd_SUITE,privacy_deny_server_bare_jid_master} ***
=== 
=case          ejabberd_SUITE:privacy_deny_server_bare_jid_slave
=group_props   [{name,"privacy_deny_server_bare_jid"}]
=started       2024-12-18 20:37:38
=result        skipped: {disabled_backend,mssql}
=== *** Skipping test case #1030 {ejabberd_SUITE,privacy_deny_server_bare_jid_slave} ***
=== 
=case          ejabberd_SUITE:privacy_deny_server_full_jid_master
=group_props   [{name,"privacy_deny_server_full_jid"}]
=started       2024-12-18 20:37:38
=result        skipped: {disabled_backend,mssql}
=== *** Skipping test case #1031 {ejabberd_SUITE,privacy_deny_server_full_jid_master} ***
=== 
=case          ejabberd_SUITE:privacy_deny_server_full_jid_slave
=group_props   [{name,"privacy_deny_server_full_jid"}]
=started       2024-12-18 20:37:38
=result        skipped: {disabled_backend,mssql}
=== *** Skipping test case #1032 {ejabberd_SUITE,privacy_deny_server_full_jid_slave} ***
=== 
=case          ejabberd_SUITE:privacy_deny_group_master
=group_props   [{name,"privacy_deny_group"}]
=started       2024-12-18 20:37:38
=result        skipped: {disabled_backend,mssql}
=== *** Skipping test case #1033 {ejabberd_SUITE,privacy_deny_group_master} ***
=== 
=case          ejabberd_SUITE:privacy_deny_group_slave
=group_props   [{name,"privacy_deny_group"}]
=started       2024-12-18 20:37:38
=result        skipped: {disabled_backend,mssql}
=== *** Skipping test case #1034 {ejabberd_SUITE,privacy_deny_group_slave} ***
=== 
=case          ejabberd_SUITE:privacy_deny_sub_both_master
=group_props   [{name,"privacy_deny_sub_both"}]
=started       2024-12-18 20:37:38
=result        skipped: {disabled_backend,mssql}
=== *** Skipping test case #1035 {ejabberd_SUITE,privacy_deny_sub_both_master} ***
=== 
=case          ejabberd_SUITE:privacy_deny_sub_both_slave
=group_props   [{name,"privacy_deny_sub_both"}]
=started       2024-12-18 20:37:38
=result        skipped: {disabled_backend,mssql}
=== *** Skipping test case #1036 {ejabberd_SUITE,privacy_deny_sub_both_slave} ***
=== 
=case          ejabberd_SUITE:privacy_deny_sub_from_master
=group_props   [{name,"privacy_deny_sub_from"}]
=started       2024-12-18 20:37:38
=result        skipped: {disabled_backend,mssql}
=== *** Skipping test case #1037 {ejabberd_SUITE,privacy_deny_sub_from_master} ***
=== 
=case          ejabberd_SUITE:privacy_deny_sub_from_slave
=group_props   [{name,"privacy_deny_sub_from"}]
=started       2024-12-18 20:37:38
=result        skipped: {disabled_backend,mssql}
=== *** Skipping test case #1038 {ejabberd_SUITE,privacy_deny_sub_from_slave} ***
=== 
=case          ejabberd_SUITE:privacy_deny_sub_to_master
=group_props   [{name,"privacy_deny_sub_to"}]
=started       2024-12-18 20:37:38
=result        skipped: {disabled_backend,mssql}
=== *** Skipping test case #1039 {ejabberd_SUITE,privacy_deny_sub_to_master} ***
=== 
=case          ejabberd_SUITE:privacy_deny_sub_to_slave
=group_props   [{name,"privacy_deny_sub_to"}]
=started       2024-12-18 20:37:38
=result        skipped: {disabled_backend,mssql}
=== *** Skipping test case #1040 {ejabberd_SUITE,privacy_deny_sub_to_slave} ***
=== 
=case          ejabberd_SUITE:privacy_deny_sub_none_master
=group_props   [{name,"privacy_deny_sub_none"}]
=started       2024-12-18 20:37:38
=result        skipped: {disabled_backend,mssql}
=== *** Skipping test case #1041 {ejabberd_SUITE,privacy_deny_sub_none_master} ***
=== 
=case          ejabberd_SUITE:privacy_deny_sub_none_slave
=group_props   [{name,"privacy_deny_sub_none"}]
=started       2024-12-18 20:37:38
=result        skipped: {disabled_backend,mssql}
=== *** Skipping test case #1042 {ejabberd_SUITE,privacy_deny_sub_none_slave} ***
=== 
=case          ejabberd_SUITE:privacy_deny_all_master
=group_props   [{name,"privacy_deny_all"}]
=started       2024-12-18 20:37:38
=result        skipped: {disabled_backend,mssql}
=== *** Skipping test case #1043 {ejabberd_SUITE,privacy_deny_all_master} ***
=== 
=case          ejabberd_SUITE:privacy_deny_all_slave
=group_props   [{name,"privacy_deny_all"}]
=started       2024-12-18 20:37:38
=result        skipped: {disabled_backend,mssql}
=== *** Skipping test case #1044 {ejabberd_SUITE,privacy_deny_all_slave} ***
=== 
=case          ejabberd_SUITE:privacy_deny_offline_master
=group_props   [{name,"privacy_deny_offline"}]
=started       2024-12-18 20:37:38
=result        skipped: {disabled_backend,mssql}
=== *** Skipping test case #1045 {ejabberd_SUITE,privacy_deny_offline_master} ***
=== 
=case          ejabberd_SUITE:privacy_deny_offline_slave
=group_props   [{name,"privacy_deny_offline"}]
=started       2024-12-18 20:37:38
=result        skipped: {disabled_backend,mssql}
=== *** Skipping test case #1046 {ejabberd_SUITE,privacy_deny_offline_slave} ***
=== 
=case          ejabberd_SUITE:privacy_block_master
=group_props   [{name,"privacy_block"}]
=started       2024-12-18 20:37:38
=result        skipped: {disabled_backend,mssql}
=== *** Skipping test case #1047 {ejabberd_SUITE,privacy_block_master} ***
=== 
=case          ejabberd_SUITE:privacy_block_slave
=group_props   [{name,"privacy_block"}]
=started       2024-12-18 20:37:38
=result        skipped: {disabled_backend,mssql}
=== *** Skipping test case #1048 {ejabberd_SUITE,privacy_block_slave} ***
=== 
=case          ejabberd_SUITE:privacy_unblock_master
=group_props   [{name,"privacy_unblock"}]
=started       2024-12-18 20:37:38
=result        skipped: {disabled_backend,mssql}
=== *** Skipping test case #1049 {ejabberd_SUITE,privacy_unblock_master} ***
=== 
=case          ejabberd_SUITE:privacy_unblock_slave
=group_props   [{name,"privacy_unblock"}]
=started       2024-12-18 20:37:38
=result        skipped: {disabled_backend,mssql}
=== *** Skipping test case #1050 {ejabberd_SUITE,privacy_unblock_slave} ***
=== 
=case          ejabberd_SUITE:privacy_unblock_all_master
=group_props   [{name,"privacy_unblock_all"}]
=started       2024-12-18 20:37:38
=result        skipped: {disabled_backend,mssql}
=== *** Skipping test case #1051 {ejabberd_SUITE,privacy_unblock_all_master} ***
=== 
=case          ejabberd_SUITE:privacy_unblock_all_slave
=group_props   [{name,"privacy_unblock_all"}]
=started       2024-12-18 20:37:38
=result        skipped: {disabled_backend,mssql}
=== *** Skipping test case #1052 {ejabberd_SUITE,privacy_unblock_all_slave} ***
=== 
=case          ejabberd_SUITE:pubsub_publish_master
=group_props   [{name,"pubsub_publish"}]
=started       2024-12-18 20:37:38
=result        skipped: {disabled_backend,mssql}
=== *** Skipping test case #1053 {ejabberd_SUITE,pubsub_publish_master} ***
=== 
=case          ejabberd_SUITE:pubsub_publish_slave
=group_props   [{name,"pubsub_publish"}]
=started       2024-12-18 20:37:38
=result        skipped: {disabled_backend,mssql}
=== *** Skipping test case #1054 {ejabberd_SUITE,pubsub_publish_slave} ***
=== 
=case          ejabberd_SUITE:pubsub_subscriptions_master
=group_props   [{name,"pubsub_subscriptions"}]
=started       2024-12-18 20:37:38
=result        skipped: {disabled_backend,mssql}
=== *** Skipping test case #1055 {ejabberd_SUITE,pubsub_subscriptions_master} ***
=== 
=case          ejabberd_SUITE:pubsub_subscriptions_slave
=group_props   [{name,"pubsub_subscriptions"}]
=started       2024-12-18 20:37:38
=result        skipped: {disabled_backend,mssql}
=== *** Skipping test case #1056 {ejabberd_SUITE,pubsub_subscriptions_slave} ***
=== 
=case          ejabberd_SUITE:pubsub_affiliations_master
=group_props   [{name,"pubsub_affiliations"}]
=started       2024-12-18 20:37:38
=result        skipped: {disabled_backend,mssql}
=== *** Skipping test case #1057 {ejabberd_SUITE,pubsub_affiliations_master} ***
=== 
=case          ejabberd_SUITE:pubsub_affiliations_slave
=group_props   [{name,"pubsub_affiliations"}]
=started       2024-12-18 20:37:38
=result        skipped: {disabled_backend,mssql}
=== *** Skipping test case #1058 {ejabberd_SUITE,pubsub_affiliations_slave} ***
=== 
=case          ejabberd_SUITE:pubsub_authorize_master
=group_props   [{name,"pubsub_authorize"}]
=started       2024-12-18 20:37:38
=result        skipped: {disabled_backend,mssql}
=== *** Skipping test case #1059 {ejabberd_SUITE,pubsub_authorize_master} ***
=== 
=case          ejabberd_SUITE:pubsub_authorize_slave
=group_props   [{name,"pubsub_authorize"}]
=started       2024-12-18 20:37:38
=result        skipped: {disabled_backend,mssql}
=== *** Skipping test case #1060 {ejabberd_SUITE,pubsub_authorize_slave} ***
=== 
=case          ejabberd_SUITE:roster_subscribe_master
=group_props   [{name,"roster_subscribe"}]
=started       2024-12-18 20:37:38
=result        skipped: {disabled_backend,mssql}
=== *** Skipping test case #1061 {ejabberd_SUITE,roster_subscribe_master} ***
=== 
=case          ejabberd_SUITE:roster_subscribe_slave
=group_props   [{name,"roster_subscribe"}]
=started       2024-12-18 20:37:38
=result        skipped: {disabled_backend,mssql}
=== *** Skipping test case #1062 {ejabberd_SUITE,roster_subscribe_slave} ***
=== 
=case          ejabberd_SUITE:offline_flex_master
=group_props   [{name,"offline_flex"}]
=started       2024-12-18 20:37:38
=result        skipped: {disabled_backend,mssql}
=== *** Skipping test case #1063 {ejabberd_SUITE,offline_flex_master} ***
=== 
=case          ejabberd_SUITE:offline_flex_slave
=group_props   [{name,"offline_flex"}]
=started       2024-12-18 20:37:38
=result        skipped: {disabled_backend,mssql}
=== *** Skipping test case #1064 {ejabberd_SUITE,offline_flex_slave} ***
=== 
=case          ejabberd_SUITE:offline_send_all_master
=group_props   [{name,"offline_send_all"}]
=started       2024-12-18 20:37:38
=result        skipped: {disabled_backend,mssql}
=== *** Skipping test case #1065 {ejabberd_SUITE,offline_send_all_master} ***
=== 
=case          ejabberd_SUITE:offline_send_all_slave
=group_props   [{name,"offline_send_all"}]
=started       2024-12-18 20:37:38
=result        skipped: {disabled_backend,mssql}
=== *** Skipping test case #1066 {ejabberd_SUITE,offline_send_all_slave} ***
=== 
=case          ejabberd_SUITE:offline_from_mam_master
=group_props   [{name,"offline_from_mam"}]
=started       2024-12-18 20:37:38
=result        skipped: {disabled_backend,mssql}
=== *** Skipping test case #1067 {ejabberd_SUITE,offline_from_mam_master} ***
=== 
=case          ejabberd_SUITE:offline_from_mam_slave
=group_props   [{name,"offline_from_mam"}]
=started       2024-12-18 20:37:38
=result        skipped: {disabled_backend,mssql}
=== *** Skipping test case #1068 {ejabberd_SUITE,offline_from_mam_slave} ***
=== 
=case          ejabberd_SUITE:offline_mucsub_mam_master
=group_props   [{name,"offline_mucsub_mam"}]
=started       2024-12-18 20:37:38
=result        skipped: {disabled_backend,mssql}
=== *** Skipping test case #1069 {ejabberd_SUITE,offline_mucsub_mam_master} ***
=== 
=case          ejabberd_SUITE:offline_mucsub_mam_slave
=group_props   [{name,"offline_mucsub_mam"}]
=started       2024-12-18 20:37:38
=result        skipped: {disabled_backend,mssql}
=== *** Skipping test case #1070 {ejabberd_SUITE,offline_mucsub_mam_slave} ***
=== 
=case          ejabberd_SUITE:mam_archived_and_stanza_id_master
=group_props   [{name,"mam_archived_and_stanza_id"}]
=started       2024-12-18 20:37:38
=result        skipped: {disabled_backend,mssql}
=== *** Skipping test case #1071 {ejabberd_SUITE,mam_archived_and_stanza_id_master} ***
=== 
=case          ejabberd_SUITE:mam_archived_and_stanza_id_slave
=group_props   [{name,"mam_archived_and_stanza_id"}]
=started       2024-12-18 20:37:38
=result        skipped: {disabled_backend,mssql}
=== *** Skipping test case #1072 {ejabberd_SUITE,mam_archived_and_stanza_id_slave} ***
=== 
=case          ejabberd_SUITE:mam_query_all_master
=group_props   [{name,"mam_query_all"}]
=started       2024-12-18 20:37:38
=result        skipped: {disabled_backend,mssql}
=== *** Skipping test case #1073 {ejabberd_SUITE,mam_query_all_master} ***
=== 
=case          ejabberd_SUITE:mam_query_all_slave
=group_props   [{name,"mam_query_all"}]
=started       2024-12-18 20:37:38
=result        skipped: {disabled_backend,mssql}
=== *** Skipping test case #1074 {ejabberd_SUITE,mam_query_all_slave} ***
=== 
=case          ejabberd_SUITE:mam_query_with_master
=group_props   [{name,"mam_query_with"}]
=started       2024-12-18 20:37:38
=result        skipped: {disabled_backend,mssql}
=== *** Skipping test case #1075 {ejabberd_SUITE,mam_query_with_master} ***
=== 
=case          ejabberd_SUITE:mam_query_with_slave
=group_props   [{name,"mam_query_with"}]
=started       2024-12-18 20:37:38
=result        skipped: {disabled_backend,mssql}
=== *** Skipping test case #1076 {ejabberd_SUITE,mam_query_with_slave} ***
=== 
=case          ejabberd_SUITE:mam_query_rsm_max_master
=group_props   [{name,"mam_query_rsm_max"}]
=started       2024-12-18 20:37:38
=result        skipped: {disabled_backend,mssql}
=== *** Skipping test case #1077 {ejabberd_SUITE,mam_query_rsm_max_master} ***
=== 
=case          ejabberd_SUITE:mam_query_rsm_max_slave
=group_props   [{name,"mam_query_rsm_max"}]
=started       2024-12-18 20:37:38
=result        skipped: {disabled_backend,mssql}
=== *** Skipping test case #1078 {ejabberd_SUITE,mam_query_rsm_max_slave} ***
=== 
=case          ejabberd_SUITE:mam_query_rsm_after_master
=group_props   [{name,"mam_query_rsm_after"}]
=started       2024-12-18 20:37:38
=result        skipped: {disabled_backend,mssql}
=== *** Skipping test case #1079 {ejabberd_SUITE,mam_query_rsm_after_master} ***
=== 
=case          ejabberd_SUITE:mam_query_rsm_after_slave
=group_props   [{name,"mam_query_rsm_after"}]
=started       2024-12-18 20:37:38
=result        skipped: {disabled_backend,mssql}
=== *** Skipping test case #1080 {ejabberd_SUITE,mam_query_rsm_after_slave} ***
=== 
=case          ejabberd_SUITE:mam_query_rsm_before_master
=group_props   [{name,"mam_query_rsm_before"}]
=started       2024-12-18 20:37:38
=result        skipped: {disabled_backend,mssql}
=== *** Skipping test case #1081 {ejabberd_SUITE,mam_query_rsm_before_master} ***
=== 
=case          ejabberd_SUITE:mam_query_rsm_before_slave
=group_props   [{name,"mam_query_rsm_before"}]
=started       2024-12-18 20:37:38
=result        skipped: {disabled_backend,mssql}
=== *** Skipping test case #1082 {ejabberd_SUITE,mam_query_rsm_before_slave} ***
=== 
=case          ejabberd_SUITE:mam_muc_master
=group_props   [{name,"mam_muc"}]
=started       2024-12-18 20:37:38
=result        skipped: {disabled_backend,mssql}
=== *** Skipping test case #1083 {ejabberd_SUITE,mam_muc_master} ***
=== 
=case          ejabberd_SUITE:mam_muc_slave
=group_props   [{name,"mam_muc"}]
=started       2024-12-18 20:37:38
=result        skipped: {disabled_backend,mssql}
=== *** Skipping test case #1084 {ejabberd_SUITE,mam_muc_slave} ***
=== 
=case          ejabberd_SUITE:mam_mucsub_master
=group_props   [{name,"mam_mucsub"}]
=started       2024-12-18 20:37:38
=result        skipped: {disabled_backend,mssql}
=== *** Skipping test case #1085 {ejabberd_SUITE,mam_mucsub_master} ***
=== 
=case          ejabberd_SUITE:mam_mucsub_slave
=group_props   [{name,"mam_mucsub"}]
=started       2024-12-18 20:37:38
=result        skipped: {disabled_backend,mssql}
=== *** Skipping test case #1086 {ejabberd_SUITE,mam_mucsub_slave} ***
=== 
=case          ejabberd_SUITE:mam_mucsub_from_muc_master
=group_props   [{name,"mam_mucsub_from_muc"}]
=started       2024-12-18 20:37:38
=result        skipped: {disabled_backend,mssql}
=== *** Skipping test case #1087 {ejabberd_SUITE,mam_mucsub_from_muc_master} ***
=== 
=case          ejabberd_SUITE:mam_mucsub_from_muc_slave
=group_props   [{name,"mam_mucsub_from_muc"}]
=started       2024-12-18 20:37:38
=result        skipped: {disabled_backend,mssql}
=== *** Skipping test case #1088 {ejabberd_SUITE,mam_mucsub_from_muc_slave} ***
=== 
=case          ejabberd_SUITE:mam_mucsub_from_muc_non_persistent_master
=group_props   [{name,"mam_mucsub_from_muc_non_persistent"}]
=started       2024-12-18 20:37:38
=result        skipped: {disabled_backend,mssql}
=== *** Skipping test case #1089 {ejabberd_SUITE,mam_mucsub_from_muc_non_persistent_master} ***
=== 
=case          ejabberd_SUITE:mam_mucsub_from_muc_non_persistent_slave
=group_props   [{name,"mam_mucsub_from_muc_non_persistent"}]
=started       2024-12-18 20:37:38
=result        skipped: {disabled_backend,mssql}
=== *** Skipping test case #1090 {ejabberd_SUITE,mam_mucsub_from_muc_non_persistent_slave} ***
=== 
=case          ejabberd_SUITE:announce_set_motd_master
=group_props   [{name,"announce_set_motd"}]
=started       2024-12-18 20:37:38
=result        skipped: {disabled_backend,mssql}
=== *** Skipping test case #1091 {ejabberd_SUITE,announce_set_motd_master} ***
=== 
=case          ejabberd_SUITE:announce_set_motd_slave
=group_props   [{name,"announce_set_motd"}]
=started       2024-12-18 20:37:38
=result        skipped: {disabled_backend,mssql}
=== *** Skipping test case #1092 {ejabberd_SUITE,announce_set_motd_slave} ***
=== 
=case          ejabberd_SUITE:push_sm_master
=group_props   [{name,"push_sm"}]
=started       2024-12-18 20:37:38
=result        skipped: {disabled_backend,mssql}
=== *** Skipping test case #1093 {ejabberd_SUITE,push_sm_master} ***
=== 
=case          ejabberd_SUITE:push_sm_slave
=group_props   [{name,"push_sm"}]
=started       2024-12-18 20:37:38
=result        skipped: {disabled_backend,mssql}
=== *** Skipping test case #1094 {ejabberd_SUITE,push_sm_slave} ***
=== 
=case          ejabberd_SUITE:push_offline_master
=group_props   [{name,"push_offline"}]
=started       2024-12-18 20:37:38
=result        skipped: {disabled_backend,mssql}
=== *** Skipping test case #1095 {ejabberd_SUITE,push_offline_master} ***
=== 
=case          ejabberd_SUITE:push_offline_slave
=group_props   [{name,"push_offline"}]
=started       2024-12-18 20:37:38
=result        skipped: {disabled_backend,mssql}
=== *** Skipping test case #1096 {ejabberd_SUITE,push_offline_slave} ***
=== 
=case          ejabberd_SUITE:push_mam_master
=group_props   [{name,"push_mam"}]
=started       2024-12-18 20:37:38
=result        skipped: {disabled_backend,mssql}
=== *** Skipping test case #1097 {ejabberd_SUITE,push_mam_master} ***
=== 
=case          ejabberd_SUITE:push_mam_slave
=group_props   [{name,"push_mam"}]
=started       2024-12-18 20:37:38
=result        skipped: {disabled_backend,mssql}
=== *** Skipping test case #1098 {ejabberd_SUITE,push_mam_slave} ***
=== 
=case          ejabberd_SUITE:end_per_group
=group_props   [{name,"mssql"}]
=started       2024-12-18 20:37:38
=result        skipped: {disabled_backend,mssql}
=== *** Skipping {ejabberd_SUITE,end_per_group} ***
=case          ejabberd_SUITE:init_per_group
=logfile       ejabberd_suite.init_per_group.41602.html
=group_props   [{name,pgsql},sequence]
=started       2024-12-18 20:37:38
=ended         2024-12-18 20:37:38
=result        ok
=elapsed       0.041396s
=case          ejabberd_SUITE:init_per_group
=logfile       ejabberd_suite.init_per_group.41634.html
=group_props   [{name,single_user},sequence]
=started       2024-12-18 20:37:38
=ended         2024-12-18 20:37:38
=result        ok
=elapsed       0.000002s
=case          ejabberd_SUITE:test_register
=logfile       ejabberd_suite.test_register.41666.html
=started       2024-12-18 20:37:38
=ended         2024-12-18 20:37:39
=result        ok
=elapsed       0.350902s
=case          ejabberd_SUITE:init_per_group
=logfile       ejabberd_suite.init_per_group.41762.html
=group_props   [{name,legacy_auth},parallel]
=started       2024-12-18 20:37:39
=ended         2024-12-18 20:37:39
=result        ok
=elapsed       0.000002s
=case          ejabberd_SUITE:test_legacy_auth_feature
=logfile       ejabberd_suite.test_legacy_auth_feature.41794.html
=started       2024-12-18 20:37:39
=ended         2024-12-18 20:37:39
=result        ok
=elapsed       0.001346s
=case          ejabberd_SUITE:test_legacy_auth
=logfile       ejabberd_suite.test_legacy_auth.40835.html
=started       2024-12-18 20:37:39
=ended         2024-12-18 20:37:39
=result        ok
=elapsed       0.278938s
=case          ejabberd_SUITE:test_legacy_auth_digest
=logfile       ejabberd_suite.test_legacy_auth_digest.40867.html
=started       2024-12-18 20:37:39
=ended         2024-12-18 20:37:39
=result        ok
=elapsed       0.275716s
=case          ejabberd_SUITE:test_legacy_auth_no_resource
=logfile       ejabberd_suite.test_legacy_auth_no_resource.40899.html
=started       2024-12-18 20:37:39
=ended         2024-12-18 20:37:39
=result        ok
=elapsed       0.001532s
=case          ejabberd_SUITE:test_legacy_auth_bad_jid
=logfile       ejabberd_suite.test_legacy_auth_bad_jid.40931.html
=started       2024-12-18 20:37:39
=ended         2024-12-18 20:37:39
=result        ok
=elapsed       0.001394s
=case          ejabberd_SUITE:test_legacy_auth_fail
=logfile       ejabberd_suite.test_legacy_auth_fail.40963.html
=started       2024-12-18 20:37:39
=ended         2024-12-18 20:37:39
=result        ok
=elapsed       0.043698s
=case          ejabberd_SUITE:end_per_group
=logfile       ejabberd_suite.end_per_group.41890.html
=group_props   [{name,legacy_auth},parallel]
=started       2024-12-18 20:37:39
=ended         2024-12-18 20:37:39
=result        ok
=elapsed       0.000002s
=group_time    0.343s
=case          ejabberd_SUITE:auth_plain
=logfile       ejabberd_suite.auth_plain.41922.html
=started       2024-12-18 20:37:39
=ended         2024-12-18 20:37:39
=result        ok
=elapsed       0.001575s
=case          ejabberd_SUITE:auth_md5
=logfile       ejabberd_suite.auth_md5.29956.html
=started       2024-12-18 20:37:39
=ended         2024-12-18 20:37:39
=result        ok
=elapsed       0.001959s
=case          ejabberd_SUITE:presence_broadcast
=logfile       ejabberd_suite.presence_broadcast.29988.html
=started       2024-12-18 20:37:39
=ended         2024-12-18 20:37:40
=result        ok
=elapsed       0.652074s
=case          ejabberd_SUITE:last
=logfile       ejabberd_suite.last.30052.html
=started       2024-12-18 20:37:40
=ended         2024-12-18 20:37:40
=result        ok
=elapsed       0.103940s
=case          ejabberd_SUITE:init_per_group
=logfile       ejabberd_suite.init_per_group.13221.html
=group_props   [{name,webadmin_single},sequence]
=started       2024-12-18 20:37:40
=ended         2024-12-18 20:37:40
=result        ok
=elapsed       0.000002s
=case          ejabberd_SUITE:webadmin_login_page
=logfile       ejabberd_suite.webadmin_login_page.13253.html
=started       2024-12-18 20:37:40
=ended         2024-12-18 20:37:40
=result        ok
=elapsed       0.000393s
=case          ejabberd_SUITE:webadmin_welcome_page
=logfile       ejabberd_suite.webadmin_welcome_page.13285.html
=started       2024-12-18 20:37:40
=ended         2024-12-18 20:37:40
=result        ok
=elapsed       0.002972s
=case          ejabberd_SUITE:webadmin_user_page
=logfile       ejabberd_suite.webadmin_user_page.13317.html
=started       2024-12-18 20:37:40
=ended         2024-12-18 20:37:40
=result        ok
=elapsed       0.048287s
=case          ejabberd_SUITE:webadmin_adduser
=logfile       ejabberd_suite.webadmin_adduser.13349.html
=started       2024-12-18 20:37:40
=ended         2024-12-18 20:37:40
=result        ok
=elapsed       0.008092s
=case          ejabberd_SUITE:webadmin_changepassword
=logfile       ejabberd_suite.webadmin_changepassword.41986.html
=started       2024-12-18 20:37:40
=ended         2024-12-18 20:37:40
=result        ok
=elapsed       0.047262s
=case          ejabberd_SUITE:webadmin_removeuser
=logfile       ejabberd_suite.webadmin_removeuser.42018.html
=started       2024-12-18 20:37:40
=ended         2024-12-18 20:37:41
=result        ok
=elapsed       0.750842s
=case          ejabberd_SUITE:end_per_group
=logfile       ejabberd_suite.end_per_group.42050.html
=group_props   [{name,webadmin_single},sequence]
=started       2024-12-18 20:37:41
=ended         2024-12-18 20:37:41
=result        ok
=elapsed       0.000006s
=group_time    1.037s
=case          ejabberd_SUITE:init_per_group
=logfile       ejabberd_suite.init_per_group.42082.html
=group_props   [{name,roster_single},sequence]
=started       2024-12-18 20:37:41
=ended         2024-12-18 20:37:41
=result        ok
=elapsed       0.000003s
=case          ejabberd_SUITE:roster_feature_enabled
=logfile       ejabberd_suite.roster_feature_enabled.42114.html
=started       2024-12-18 20:37:41
=ended         2024-12-18 20:37:41
=result        ok
=elapsed       0.101838s
=case          ejabberd_SUITE:roster_iq_set_many_items
=logfile       ejabberd_suite.roster_iq_set_many_items.42178.html
=started       2024-12-18 20:37:41
=ended         2024-12-18 20:37:41
=result        ok
=elapsed       0.103352s
=case          ejabberd_SUITE:roster_iq_set_duplicated_groups
=logfile       ejabberd_suite.roster_iq_set_duplicated_groups.42210.html
=started       2024-12-18 20:37:41
=ended         2024-12-18 20:37:41
=result        ok
=elapsed       0.102660s
=case          ejabberd_SUITE:roster_iq_get_item
=logfile       ejabberd_suite.roster_iq_get_item.42242.html
=started       2024-12-18 20:37:41
=ended         2024-12-18 20:37:41
=result        ok
=elapsed       0.102487s
=case          ejabberd_SUITE:roster_iq_unexpected_element
=logfile       ejabberd_suite.roster_iq_unexpected_element.42338.html
=started       2024-12-18 20:37:41
=ended         2024-12-18 20:37:42
=result        ok
=elapsed       0.104067s
=case          ejabberd_SUITE:roster_iq_set_ask
=logfile       ejabberd_suite.roster_iq_set_ask.42434.html
=started       2024-12-18 20:37:42
=ended         2024-12-18 20:37:42
=result        ok
=elapsed       0.102574s
=case          ejabberd_SUITE:roster_set_item
=logfile       ejabberd_suite.roster_set_item.42498.html
=started       2024-12-18 20:37:42
=ended         2024-12-18 20:37:42
=result        ok
=elapsed       0.549767s
=case          ejabberd_SUITE:roster_version
=logfile       ejabberd_suite.roster_version.42722.html
=started       2024-12-18 20:37:42
=ended         2024-12-18 20:37:42
=result        ok
=elapsed       0.151718s
=case          ejabberd_SUITE:end_per_group
=logfile       ejabberd_suite.end_per_group.42818.html
=group_props   [{name,roster_single},sequence]
=started       2024-12-18 20:37:42
=ended         2024-12-18 20:37:42
=result        ok
=elapsed       0.000002s
=group_time    1.582s
=case          ejabberd_SUITE:init_per_group
=logfile       ejabberd_suite.init_per_group.42850.html
=group_props   [{name,private_single},sequence]
=started       2024-12-18 20:37:42
=ended         2024-12-18 20:37:43
=result        ok
=elapsed       0.000002s
=case          ejabberd_SUITE:private_test_features
=logfile       ejabberd_suite.private_test_features.42882.html
=started       2024-12-18 20:37:43
=ended         2024-12-18 20:37:43
=result        ok
=elapsed       0.103609s
=case          ejabberd_SUITE:private_test_no_namespace
=logfile       ejabberd_suite.private_test_no_namespace.42946.html
=started       2024-12-18 20:37:43
=ended         2024-12-18 20:37:43
=result        ok
=elapsed       0.102321s
=case          ejabberd_SUITE:private_test_set_get
=logfile       ejabberd_suite.private_test_set_get.43010.html
=started       2024-12-18 20:37:43
=ended         2024-12-18 20:37:43
=result        ok
=elapsed       0.694677s
=case          ejabberd_SUITE:private_test_published
=logfile       ejabberd_suite.private_test_published.43106.html
=started       2024-12-18 20:37:43
=ended         2024-12-18 20:37:44
=result        ok
=elapsed       0.280132s
=case          ejabberd_SUITE:end_per_group
=logfile       ejabberd_suite.end_per_group.43138.html
=group_props   [{name,private_single},sequence]
=started       2024-12-18 20:37:44
=ended         2024-12-18 20:37:44
=result        ok
=elapsed       0.000003s
=group_time    1.326s
=case          ejabberd_SUITE:init_per_group
=logfile       ejabberd_suite.init_per_group.43170.html
=group_props   [{name,privacy_single},sequence]
=started       2024-12-18 20:37:44
=ended         2024-12-18 20:37:44
=result        ok
=elapsed       0.000003s
=case          ejabberd_SUITE:privacy_feature_enabled
=logfile       ejabberd_suite.privacy_feature_enabled.43202.html
=started       2024-12-18 20:37:44
=ended         2024-12-18 20:37:44
=result        ok
=elapsed       0.103902s
=case          ejabberd_SUITE:privacy_set_get_list
=logfile       ejabberd_suite.privacy_set_get_list.43298.html
=started       2024-12-18 20:37:44
=ended         2024-12-18 20:37:44
=result        ok
=elapsed       0.280610s
=case          ejabberd_SUITE:privacy_get_list_non_existent
=logfile       ejabberd_suite.privacy_get_list_non_existent.43394.html
=started       2024-12-18 20:37:44
=ended         2024-12-18 20:37:44
=result        ok
=elapsed       0.103231s
=case          ejabberd_SUITE:privacy_get_empty_lists
=logfile       ejabberd_suite.privacy_get_empty_lists.41379.html
=started       2024-12-18 20:37:44
=ended         2024-12-18 20:37:45
=result        ok
=elapsed       0.103003s
=case          ejabberd_SUITE:privacy_set_default
=logfile       ejabberd_suite.privacy_set_default.41443.html
=started       2024-12-18 20:37:45
=ended         2024-12-18 20:37:45
=result        ok
=elapsed       0.194786s
=case          ejabberd_SUITE:privacy_del_default
=logfile       ejabberd_suite.privacy_del_default.41507.html
=started       2024-12-18 20:37:45
=ended         2024-12-18 20:37:45
=result        ok
=elapsed       0.154508s
=case          ejabberd_SUITE:privacy_set_default_non_existent
=logfile       ejabberd_suite.privacy_set_default_non_existent.43522.html
=started       2024-12-18 20:37:45
=ended         2024-12-18 20:37:45
=result        ok
=elapsed       0.104326s
=case          ejabberd_SUITE:privacy_set_active
=logfile       ejabberd_suite.privacy_set_active.41635.html
=started       2024-12-18 20:37:45
=ended         2024-12-18 20:37:45
=result        ok
=elapsed       0.148069s
=case          ejabberd_SUITE:privacy_del_active
=logfile       ejabberd_suite.privacy_del_active.41699.html
=started       2024-12-18 20:37:45
=ended         2024-12-18 20:37:45
=result        ok
=elapsed       0.150497s
=case          ejabberd_SUITE:privacy_set_active_non_existent
=logfile       ejabberd_suite.privacy_set_active_non_existent.41795.html
=started       2024-12-18 20:37:45
=ended         2024-12-18 20:37:46
=result        ok
=elapsed       0.102939s
=case          ejabberd_SUITE:privacy_remove_list
=logfile       ejabberd_suite.privacy_remove_list.41859.html
=started       2024-12-18 20:37:46
=ended         2024-12-18 20:37:46
=result        ok
=elapsed       0.191384s
=case          ejabberd_SUITE:privacy_remove_default_list
=logfile       ejabberd_suite.privacy_remove_default_list.43714.html
=started       2024-12-18 20:37:46
=ended         2024-12-18 20:37:46
=result        ok
=elapsed       0.151556s
=case          ejabberd_SUITE:privacy_remove_active_list
=logfile       ejabberd_suite.privacy_remove_active_list.43778.html
=started       2024-12-18 20:37:46
=ended         2024-12-18 20:37:46
=result        ok
=elapsed       0.148427s
=case          ejabberd_SUITE:privacy_remove_list_non_existent
=logfile       ejabberd_suite.privacy_remove_list_non_existent.43810.html
=started       2024-12-18 20:37:46
=ended         2024-12-18 20:37:46
=result        ok
=elapsed       0.103329s
=case          ejabberd_SUITE:privacy_allow_local_server
=logfile       ejabberd_suite.privacy_allow_local_server.43906.html
=started       2024-12-18 20:37:46
=ended         2024-12-18 20:37:47
=result        ok
=elapsed       0.195451s
=case          ejabberd_SUITE:privacy_malformed_iq_query
=logfile       ejabberd_suite.privacy_malformed_iq_query.43970.html
=started       2024-12-18 20:37:47
=ended         2024-12-18 20:37:47
=result        ok
=elapsed       0.103553s
=case          ejabberd_SUITE:privacy_malformed_get
=logfile       ejabberd_suite.privacy_malformed_get.44002.html
=started       2024-12-18 20:37:47
=ended         2024-12-18 20:37:47
=result        ok
=elapsed       0.105350s
=case          ejabberd_SUITE:privacy_malformed_set
=logfile       ejabberd_suite.privacy_malformed_set.44034.html
=started       2024-12-18 20:37:47
=ended         2024-12-18 20:37:47
=result        ok
=elapsed       0.104082s
=case          ejabberd_SUITE:privacy_malformed_type_value
=logfile       ejabberd_suite.privacy_malformed_type_value.44098.html
=started       2024-12-18 20:37:47
=ended         2024-12-18 20:37:47
=result        ok
=elapsed       0.104656s
=case          ejabberd_SUITE:privacy_set_get_block
=logfile       ejabberd_suite.privacy_set_get_block.44130.html
=started       2024-12-18 20:37:47
=ended         2024-12-18 20:37:47
=result        ok
=elapsed       0.240934s
=case          ejabberd_SUITE:end_per_group
=logfile       ejabberd_suite.end_per_group.44194.html
=group_props   [{name,privacy_single},sequence]
=started       2024-12-18 20:37:47
=ended         2024-12-18 20:37:47
=result        ok
=elapsed       0.000004s
=group_time    3.522s
=case          ejabberd_SUITE:init_per_group
=logfile       ejabberd_suite.init_per_group.44226.html
=group_props   [{name,vcard_single},sequence]
=started       2024-12-18 20:37:47
=ended         2024-12-18 20:37:47
=result        ok
=elapsed       0.000002s
=case          ejabberd_SUITE:vcard_feature_enabled
=logfile       ejabberd_suite.vcard_feature_enabled.44258.html
=started       2024-12-18 20:37:47
=ended         2024-12-18 20:37:48
=result        ok
=elapsed       0.104660s
=case          ejabberd_SUITE:vcard_get_set
=logfile       ejabberd_suite.vcard_get_set.44322.html
=started       2024-12-18 20:37:48
=ended         2024-12-18 20:37:48
=result        ok
=elapsed       0.193306s
=case          ejabberd_SUITE:vcard_service_vcard
=logfile       ejabberd_suite.vcard_service_vcard.44386.html
=started       2024-12-18 20:37:48
=ended         2024-12-18 20:37:48
=result        ok
=elapsed       0.103595s
=case          ejabberd_SUITE:end_per_group
=logfile       ejabberd_suite.end_per_group.44482.html
=group_props   [{name,vcard_single},sequence]
=started       2024-12-18 20:37:48
=ended         2024-12-18 20:37:48
=result        ok
=elapsed       0.000003s
=group_time    0.517s
=case          ejabberd_SUITE:init_per_group
=logfile       ejabberd_suite.init_per_group.44514.html
=group_props   [{name,pubsub_single},sequence]
=started       2024-12-18 20:37:48
=ended         2024-12-18 20:37:48
=result        ok
=elapsed       0.000003s
=case          ejabberd_SUITE:pubsub_test_features
=logfile       ejabberd_suite.pubsub_test_features.44546.html
=started       2024-12-18 20:37:48
=ended         2024-12-18 20:37:48
=result        ok
=elapsed       0.103434s
=case          ejabberd_SUITE:pubsub_test_vcard
=logfile       ejabberd_suite.pubsub_test_vcard.44610.html
=started       2024-12-18 20:37:48
=ended         2024-12-18 20:37:48
=result        ok
=elapsed       0.103865s
=case          ejabberd_SUITE:pubsub_test_create
=logfile       ejabberd_suite.pubsub_test_create.44642.html
=started       2024-12-18 20:37:48
=ended         2024-12-18 20:37:48
=result        ok
=elapsed       0.106967s
=case          ejabberd_SUITE:pubsub_test_configure
=logfile       ejabberd_suite.pubsub_test_configure.44706.html
=started       2024-12-18 20:37:48
=ended         2024-12-18 20:37:49
=result        ok
=elapsed       0.201059s
=case          ejabberd_SUITE:pubsub_test_delete
=logfile       ejabberd_suite.pubsub_test_delete.44738.html
=started       2024-12-18 20:37:49
=ended         2024-12-18 20:37:49
=result        ok
=elapsed       0.105347s
=case          ejabberd_SUITE:pubsub_test_get_affiliations
=logfile       ejabberd_suite.pubsub_test_get_affiliations.44770.html
=started       2024-12-18 20:37:49
=ended         2024-12-18 20:37:49
=result        ok
=elapsed       0.151762s
=case          ejabberd_SUITE:pubsub_test_get_subscriptions
=logfile       ejabberd_suite.pubsub_test_get_subscriptions.44802.html
=started       2024-12-18 20:37:49
=ended         2024-12-18 20:37:49
=result        ok
=elapsed       0.203161s
=case          ejabberd_SUITE:pubsub_test_create_instant
=logfile       ejabberd_suite.pubsub_test_create_instant.44866.html
=started       2024-12-18 20:37:49
=ended         2024-12-18 20:37:49
=result        ok
=elapsed       0.109949s
=case          ejabberd_SUITE:pubsub_test_default
=logfile       ejabberd_suite.pubsub_test_default.44898.html
=started       2024-12-18 20:37:49
=ended         2024-12-18 20:37:49
=result        ok
=elapsed       0.103993s
=case          ejabberd_SUITE:pubsub_test_create_configure
=logfile       ejabberd_suite.pubsub_test_create_configure.30820.html
=started       2024-12-18 20:37:49
=ended         2024-12-18 20:37:50
=result        ok
=elapsed       0.115693s
=case          ejabberd_SUITE:pubsub_test_publish
=logfile       ejabberd_suite.pubsub_test_publish.42211.html
=started       2024-12-18 20:37:50
=ended         2024-12-18 20:37:50
=result        ok
=elapsed       0.112831s
=case          ejabberd_SUITE:pubsub_test_auto_create
=logfile       ejabberd_suite.pubsub_test_auto_create.42275.html
=started       2024-12-18 20:37:50
=ended         2024-12-18 20:37:50
=result        ok
=elapsed       0.113090s
=case          ejabberd_SUITE:pubsub_test_get_items
=logfile       ejabberd_suite.pubsub_test_get_items.42307.html
=started       2024-12-18 20:37:50
=ended         2024-12-18 20:37:50
=result        ok
=elapsed       0.124809s
=case          ejabberd_SUITE:pubsub_test_delete_item
=logfile       ejabberd_suite.pubsub_test_delete_item.42371.html
=started       2024-12-18 20:37:50
=ended         2024-12-18 20:37:50
=result        ok
=elapsed       0.158625s
=case          ejabberd_SUITE:pubsub_test_purge
=logfile       ejabberd_suite.pubsub_test_purge.45090.html
=started       2024-12-18 20:37:50
=ended         2024-12-18 20:37:50
=result        ok
=elapsed       0.215510s
=case          ejabberd_SUITE:pubsub_test_subscribe
=logfile       ejabberd_suite.pubsub_test_subscribe.45186.html
=started       2024-12-18 20:37:50
=ended         2024-12-18 20:37:51
=result        ok
=elapsed       0.115340s
=case          ejabberd_SUITE:pubsub_test_subscribe_max_item_1
=logfile       ejabberd_suite.pubsub_test_subscribe_max_item_1.45250.html
=started       2024-12-18 20:37:51
=ended         2024-12-18 20:37:51
=result        ok
=elapsed       0.117301s
=case          ejabberd_SUITE:pubsub_test_unsubscribe
=logfile       ejabberd_suite.pubsub_test_unsubscribe.45314.html
=started       2024-12-18 20:37:51
=ended         2024-12-18 20:37:51
=result        ok
=elapsed       0.159926s
=case          ejabberd_SUITE:end_per_group
=logfile       ejabberd_suite.end_per_group.45410.html
=group_props   [{name,pubsub_single},sequence]
=started       2024-12-18 20:37:51
=ended         2024-12-18 20:37:51
=result        ok
=elapsed       0.000002s
=group_time    2.998s
=case          ejabberd_SUITE:init_per_group
=logfile       ejabberd_suite.init_per_group.45442.html
=group_props   [{name,muc_single},sequence]
=started       2024-12-18 20:37:51
=ended         2024-12-18 20:37:51
=result        ok
=elapsed       0.000002s
=case          ejabberd_SUITE:muc_service_presence_error
=logfile       ejabberd_suite.muc_service_presence_error.45474.html
=started       2024-12-18 20:37:51
=ended         2024-12-18 20:37:51
=result        ok
=elapsed       0.188050s
=case          ejabberd_SUITE:muc_service_message_error
=logfile       ejabberd_suite.muc_service_message_error.42531.html
=started       2024-12-18 20:37:51
=ended         2024-12-18 20:37:51
=result        ok
=elapsed       0.191416s
=case          ejabberd_SUITE:muc_service_unknown_ns_iq_error
=logfile       ejabberd_suite.muc_service_unknown_ns_iq_error.42563.html
=started       2024-12-18 20:37:51
=ended         2024-12-18 20:37:52
=result        ok
=elapsed       0.189307s
=case          ejabberd_SUITE:muc_service_iq_set_error
=logfile       ejabberd_suite.muc_service_iq_set_error.42627.html
=started       2024-12-18 20:37:52
=ended         2024-12-18 20:37:52
=result        ok
=elapsed       0.325240s
=case          ejabberd_SUITE:muc_service_improper_iq_error
=logfile       ejabberd_suite.muc_service_improper_iq_error.42691.html
=started       2024-12-18 20:37:52
=ended         2024-12-18 20:37:52
=result        ok
=elapsed       0.278675s
=case          ejabberd_SUITE:muc_service_features
=logfile       ejabberd_suite.muc_service_features.42755.html
=started       2024-12-18 20:37:52
=ended         2024-12-18 20:37:52
=result        ok
=elapsed       0.103277s
=case          ejabberd_SUITE:muc_service_disco_info_node_error
=logfile       ejabberd_suite.muc_service_disco_info_node_error.42819.html
=started       2024-12-18 20:37:52
=ended         2024-12-18 20:37:53
=result        ok
=elapsed       0.102508s
=case          ejabberd_SUITE:muc_service_disco_items
=logfile       ejabberd_suite.muc_service_disco_items.42883.html
=started       2024-12-18 20:37:53
=ended         2024-12-18 20:37:53
=result        ok
=elapsed       0.709841s
=case          ejabberd_SUITE:muc_service_unique
=logfile       ejabberd_suite.muc_service_unique.42947.html
=started       2024-12-18 20:37:53
=ended         2024-12-18 20:37:53
=result        ok
=elapsed       0.102905s
=case          ejabberd_SUITE:muc_service_vcard
=logfile       ejabberd_suite.muc_service_vcard.42979.html
=started       2024-12-18 20:37:53
=ended         2024-12-18 20:37:54
=result        ok
=elapsed       0.104049s
=case          ejabberd_SUITE:muc_configure_non_existent
=logfile       ejabberd_suite.muc_configure_non_existent.43043.html
=started       2024-12-18 20:37:54
=ended         2024-12-18 20:37:54
=result        ok
=elapsed       0.107982s
=case          ejabberd_SUITE:muc_cancel_configure_non_existent
=logfile       ejabberd_suite.muc_cancel_configure_non_existent.43107.html
=started       2024-12-18 20:37:54
=ended         2024-12-18 20:37:54
=result        ok
=elapsed       0.105958s
=case          ejabberd_SUITE:muc_service_subscriptions
=logfile       ejabberd_suite.muc_service_subscriptions.43171.html
=started       2024-12-18 20:37:54
=ended         2024-12-18 20:37:54
=result        ok
=elapsed       0.305375s
=case          ejabberd_SUITE:muc_set_room_affiliation
=logfile       ejabberd_suite.muc_set_room_affiliation.46018.html
=started       2024-12-18 20:37:54
=ended         2024-12-18 20:37:54
=result        ok
=elapsed       0.114500s
=case          ejabberd_SUITE:end_per_group
=logfile       ejabberd_suite.end_per_group.13541.html
=group_props   [{name,muc_single},sequence]
=started       2024-12-18 20:37:54
=ended         2024-12-18 20:37:54
=result        ok
=elapsed       0.000002s
=group_time    3.379s
=case          ejabberd_SUITE:init_per_group
=logfile       ejabberd_suite.init_per_group.13573.html
=group_props   [{name,offline_single},sequence]
=started       2024-12-18 20:37:54
=ended         2024-12-18 20:37:54
=result        ok
=elapsed       0.000004s
=case          ejabberd_SUITE:offline_feature_enabled
=logfile       ejabberd_suite.offline_feature_enabled.13605.html
=started       2024-12-18 20:37:54
=ended         2024-12-18 20:37:55
=result        ok
=elapsed       0.104119s
=case          ejabberd_SUITE:offline_check_identity
=logfile       ejabberd_suite.offline_check_identity.13637.html
=started       2024-12-18 20:37:55
=ended         2024-12-18 20:37:55
=result        ok
=elapsed       0.103018s
=case          ejabberd_SUITE:offline_send_non_existent
=logfile       ejabberd_suite.offline_send_non_existent.13701.html
=started       2024-12-18 20:37:55
=ended         2024-12-18 20:37:55
=result        ok
=elapsed       0.103859s
=case          ejabberd_SUITE:offline_view_non_existent
=logfile       ejabberd_suite.offline_view_non_existent.13765.html
=started       2024-12-18 20:37:55
=ended         2024-12-18 20:37:55
=result        ok
=elapsed       0.144491s
=case          ejabberd_SUITE:offline_remove_non_existent
=logfile       ejabberd_suite.offline_remove_non_existent.13861.html
=started       2024-12-18 20:37:55
=ended         2024-12-18 20:37:55
=result        ok
=elapsed       0.145915s
=case          ejabberd_SUITE:offline_view_non_integer
=logfile       ejabberd_suite.offline_view_non_integer.13925.html
=started       2024-12-18 20:37:55
=ended         2024-12-18 20:37:55
=result        ok
=elapsed       0.103204s
=case          ejabberd_SUITE:offline_remove_non_integer
=logfile       ejabberd_suite.offline_remove_non_integer.14021.html
=started       2024-12-18 20:37:55
=ended         2024-12-18 20:37:55
=result        ok
=elapsed       0.102413s
=case          ejabberd_SUITE:offline_malformed_iq
=logfile       ejabberd_suite.offline_malformed_iq.46082.html
=started       2024-12-18 20:37:55
=ended         2024-12-18 20:37:56
=result        ok
=elapsed       0.106353s
=case          ejabberd_SUITE:offline_wrong_user
=logfile       ejabberd_suite.offline_wrong_user.46114.html
=started       2024-12-18 20:37:56
=ended         2024-12-18 20:37:56
=result        ok
=elapsed       0.108646s
=case          ejabberd_SUITE:offline_unsupported_iq
=logfile       ejabberd_suite.offline_unsupported_iq.46146.html
=started       2024-12-18 20:37:56
=ended         2024-12-18 20:37:56
=result        ok
=elapsed       0.103266s
=case          ejabberd_SUITE:end_per_group
=logfile       ejabberd_suite.end_per_group.46210.html
=group_props   [{name,offline_single},sequence]
=started       2024-12-18 20:37:56
=ended         2024-12-18 20:37:56
=result        ok
=elapsed       0.000008s
=group_time    1.454s
=case          ejabberd_SUITE:init_per_group
=logfile       ejabberd_suite.init_per_group.46242.html
=group_props   [{name,mam_single},sequence]
=started       2024-12-18 20:37:56
=ended         2024-12-18 20:37:56
=result        ok
=elapsed       0.000002s
=case          ejabberd_SUITE:mam_feature_enabled
=logfile       ejabberd_suite.mam_feature_enabled.46274.html
=started       2024-12-18 20:37:56
=ended         2024-12-18 20:37:56
=result        ok
=elapsed       0.105333s
=case          ejabberd_SUITE:mam_get_set_prefs
=logfile       ejabberd_suite.mam_get_set_prefs.46370.html
=started       2024-12-18 20:37:56
=ended         2024-12-18 20:37:58
=result        ok
=elapsed       1.907331s
=case          ejabberd_SUITE:mam_get_form
=logfile       ejabberd_suite.mam_get_form.46434.html
=started       2024-12-18 20:37:58
=ended         2024-12-18 20:37:58
=result        ok
=elapsed       0.106404s
=case          ejabberd_SUITE:mam_fake_by
=logfile       ejabberd_suite.mam_fake_by.31140.html
=started       2024-12-18 20:37:58
=ended         2024-12-18 20:37:58
=result        ok
=elapsed       0.104552s
=case          ejabberd_SUITE:end_per_group
=logfile       ejabberd_suite.end_per_group.31204.html
=group_props   [{name,mam_single},sequence]
=started       2024-12-18 20:37:58
=ended         2024-12-18 20:37:58
=result        ok
=elapsed       0.000002s
=group_time    2.369s
=case          ejabberd_SUITE:init_per_group
=logfile       ejabberd_suite.init_per_group.46530.html
=group_props   [{name,push_single},sequence]
=started       2024-12-18 20:37:58
=ended         2024-12-18 20:37:58
=result        ok
=elapsed       0.000002s
=case          ejabberd_SUITE:push_feature_enabled
=logfile       ejabberd_suite.push_feature_enabled.46562.html
=started       2024-12-18 20:37:58
=ended         2024-12-18 20:37:58
=result        ok
=elapsed       0.103367s
=case          ejabberd_SUITE:push_unsupported_iq
=logfile       ejabberd_suite.push_unsupported_iq.46658.html
=started       2024-12-18 20:37:58
=ended         2024-12-18 20:37:59
=result        ok
=elapsed       0.103120s
=case          ejabberd_SUITE:end_per_group
=logfile       ejabberd_suite.end_per_group.46722.html
=group_props   [{name,push_single},sequence]
=started       2024-12-18 20:37:59
=ended         2024-12-18 20:37:59
=result        ok
=elapsed       0.000003s
=group_time    0.294s
=case          ejabberd_SUITE:test_unregister
=logfile       ejabberd_suite.test_unregister.46754.html
=started       2024-12-18 20:37:59
=ended         2024-12-18 20:37:59
=result        ok
=elapsed       0.008648s
=case          ejabberd_SUITE:end_per_group
=logfile       ejabberd_suite.end_per_group.46850.html
=group_props   [{name,single_user},sequence]
=started       2024-12-18 20:37:59
=ended         2024-12-18 20:37:59
=result        ok
=elapsed       0.000003s
=group_time    20.412s
=case          ejabberd_SUITE:init_per_group
=logfile       ejabberd_suite.init_per_group.46882.html
=group_props   [{name,muc_master_slave},sequence]
=started       2024-12-18 20:37:59
=ended         2024-12-18 20:37:59
=result        ok
=elapsed       0.000002s
=case          ejabberd_SUITE:init_per_group
=logfile       ejabberd_suite.init_per_group.46914.html
=group_props   [{name,muc_register},parallel]
=started       2024-12-18 20:37:59
=ended         2024-12-18 20:37:59
=result        ok
=elapsed       0.000002s
=case          ejabberd_SUITE:muc_register_master
=logfile       ejabberd_suite.muc_register_master.46946.html
=started       2024-12-18 20:37:59
=ended         2024-12-18 20:37:59
=result        ok
=elapsed       0.333858s
=case          ejabberd_SUITE:muc_register_slave
=logfile       ejabberd_suite.muc_register_slave.46978.html
=started       2024-12-18 20:37:59
=ended         2024-12-18 20:37:59
=result        ok
=elapsed       0.329477s
=case          ejabberd_SUITE:end_per_group
=logfile       ejabberd_suite.end_per_group.47074.html
=group_props   [{name,muc_register},parallel]
=started       2024-12-18 20:37:59
=ended         2024-12-18 20:37:59
=result        ok
=elapsed       0.000002s
=group_time    0.391s
=case          ejabberd_SUITE:init_per_group
=logfile       ejabberd_suite.init_per_group.47106.html
=group_props   [{name,muc_groupchat_msg},parallel]
=started       2024-12-18 20:37:59
=ended         2024-12-18 20:37:59
=result        ok
=elapsed       0.000003s
=case          ejabberd_SUITE:muc_groupchat_msg_master
=logfile       ejabberd_suite.muc_groupchat_msg_master.47138.html
=started       2024-12-18 20:37:59
=ended         2024-12-18 20:37:59
=result        ok
=elapsed       0.121639s
=case          ejabberd_SUITE:muc_groupchat_msg_slave
=logfile       ejabberd_suite.muc_groupchat_msg_slave.47170.html
=started       2024-12-18 20:37:59
=ended         2024-12-18 20:37:59
=result        ok
=elapsed       0.118245s
=case          ejabberd_SUITE:end_per_group
=logfile       ejabberd_suite.end_per_group.43779.html
=group_props   [{name,muc_groupchat_msg},parallel]
=started       2024-12-18 20:37:59
=ended         2024-12-18 20:37:59
=result        ok
=elapsed       0.000002s
=group_time    0.179s
=case          ejabberd_SUITE:init_per_group
=logfile       ejabberd_suite.init_per_group.43811.html
=group_props   [{name,muc_private_msg},parallel]
=started       2024-12-18 20:37:59
=ended         2024-12-18 20:37:59
=result        ok
=elapsed       0.000002s
=case          ejabberd_SUITE:muc_private_msg_master
=logfile       ejabberd_suite.muc_private_msg_master.43843.html
=started       2024-12-18 20:37:59
=ended         2024-12-18 20:37:59
=result        ok
=elapsed       0.161900s
=case          ejabberd_SUITE:muc_private_msg_slave
=logfile       ejabberd_suite.muc_private_msg_slave.43875.html
=started       2024-12-18 20:37:59
=ended         2024-12-18 20:37:59
=result        ok
=elapsed       0.155951s
=case          ejabberd_SUITE:end_per_group
=logfile       ejabberd_suite.end_per_group.43939.html
=group_props   [{name,muc_private_msg},parallel]
=started       2024-12-18 20:37:59
=ended         2024-12-18 20:37:59
=result        ok
=elapsed       0.000002s
=group_time    0.217s
=case          ejabberd_SUITE:init_per_group
=logfile       ejabberd_suite.init_per_group.43971.html
=group_props   [{name,muc_set_subject},parallel]
=started       2024-12-18 20:37:59
=ended         2024-12-18 20:38:00
=result        ok
=elapsed       0.000002s
=case          ejabberd_SUITE:muc_set_subject_master
=logfile       ejabberd_suite.muc_set_subject_master.44003.html
=started       2024-12-18 20:38:00
=ended         2024-12-18 20:38:00
=result        ok
=elapsed       0.127377s
=case          ejabberd_SUITE:muc_set_subject_slave
=logfile       ejabberd_suite.muc_set_subject_slave.44035.html
=started       2024-12-18 20:38:00
=ended         2024-12-18 20:38:00
=result        ok
=elapsed       0.121937s
=case          ejabberd_SUITE:end_per_group
=logfile       ejabberd_suite.end_per_group.44163.html
=group_props   [{name,muc_set_subject},parallel]
=started       2024-12-18 20:38:00
=ended         2024-12-18 20:38:00
=result        ok
=elapsed       0.000002s
=group_time    0.185s
=case          ejabberd_SUITE:init_per_group
=logfile       ejabberd_suite.init_per_group.31396.html
=group_props   [{name,muc_history},parallel]
=started       2024-12-18 20:38:00
=ended         2024-12-18 20:38:00
=result        ok
=elapsed       0.000002s
=case          ejabberd_SUITE:muc_history_master
=logfile       ejabberd_suite.muc_history_master.31428.html
=started       2024-12-18 20:38:00
=ended         2024-12-18 20:38:00
=result        ok
=elapsed       0.162020s
=case          ejabberd_SUITE:muc_history_slave
=logfile       ejabberd_suite.muc_history_slave.31460.html
=started       2024-12-18 20:38:00
=ended         2024-12-18 20:38:00
=result        ok
=elapsed       0.156779s
=case          ejabberd_SUITE:end_per_group
=logfile       ejabberd_suite.end_per_group.31556.html
=group_props   [{name,muc_history},parallel]
=started       2024-12-18 20:38:00
=ended         2024-12-18 20:38:00
=result        ok
=elapsed       0.000002s
=group_time    0.219s
=case          ejabberd_SUITE:init_per_group
=logfile       ejabberd_suite.init_per_group.31588.html
=group_props   [{name,muc_invite},parallel]
=started       2024-12-18 20:38:00
=ended         2024-12-18 20:38:00
=result        ok
=elapsed       0.000004s
=case          ejabberd_SUITE:muc_invite_master
=logfile       ejabberd_suite.muc_invite_master.31620.html
=started       2024-12-18 20:38:00
=ended         2024-12-18 20:38:00
=result        ok
=elapsed       0.115775s
=case          ejabberd_SUITE:muc_invite_slave
=logfile       ejabberd_suite.muc_invite_slave.31652.html
=started       2024-12-18 20:38:00
=ended         2024-12-18 20:38:00
=result        ok
=elapsed       0.150754s
=case          ejabberd_SUITE:end_per_group
=logfile       ejabberd_suite.end_per_group.31716.html
=group_props   [{name,muc_invite},parallel]
=started       2024-12-18 20:38:00
=ended         2024-12-18 20:38:00
=result        ok
=elapsed       0.000002s
=group_time    0.208s
=case          ejabberd_SUITE:init_per_group
=logfile       ejabberd_suite.init_per_group.31748.html
=group_props   [{name,muc_invite_members_only},parallel]
=started       2024-12-18 20:38:00
=ended         2024-12-18 20:38:00
=result        ok
=elapsed       0.000003s
=case          ejabberd_SUITE:muc_invite_members_only_master
=logfile       ejabberd_suite.muc_invite_members_only_master.44259.html
=started       2024-12-18 20:38:00
=ended         2024-12-18 20:38:00
=result        ok
=elapsed       0.116272s
=case          ejabberd_SUITE:muc_invite_members_only_slave
=logfile       ejabberd_suite.muc_invite_members_only_slave.44291.html
=started       2024-12-18 20:38:00
=ended         2024-12-18 20:38:00
=result        ok
=elapsed       0.113424s
=case          ejabberd_SUITE:end_per_group
=logfile       ejabberd_suite.end_per_group.44387.html
=group_props   [{name,muc_invite_members_only},parallel]
=started       2024-12-18 20:38:00
=ended         2024-12-18 20:38:00
=result        ok
=elapsed       0.000002s
=group_time    0.176s
=case          ejabberd_SUITE:init_per_group
=logfile       ejabberd_suite.init_per_group.44419.html
=group_props   [{name,muc_invite_password_protected},parallel]
=started       2024-12-18 20:38:00
=ended         2024-12-18 20:38:00
=result        ok
=elapsed       0.000002s
=case          ejabberd_SUITE:muc_invite_password_protected_master
=logfile       ejabberd_suite.muc_invite_password_protected_master.14277.html
=started       2024-12-18 20:38:00
=ended         2024-12-18 20:38:01
=result        ok
=elapsed       0.158636s
=case          ejabberd_SUITE:muc_invite_password_protected_slave
=logfile       ejabberd_suite.muc_invite_password_protected_slave.14309.html
=started       2024-12-18 20:38:00
=ended         2024-12-18 20:38:01
=result        ok
=elapsed       0.111449s
=case          ejabberd_SUITE:end_per_group
=logfile       ejabberd_suite.end_per_group.14373.html
=group_props   [{name,muc_invite_password_protected},parallel]
=started       2024-12-18 20:38:01
=ended         2024-12-18 20:38:01
=result        ok
=elapsed       0.000002s
=group_time    0.215s
=case          ejabberd_SUITE:init_per_group
=logfile       ejabberd_suite.init_per_group.47522.html
=group_props   [{name,muc_voice_request},parallel]
=started       2024-12-18 20:38:01
=ended         2024-12-18 20:38:01
=result        ok
=elapsed       0.000002s
=case          ejabberd_SUITE:muc_voice_request_master
=logfile       ejabberd_suite.muc_voice_request_master.47554.html
=started       2024-12-18 20:38:01
=ended         2024-12-18 20:38:01
=result        ok
=elapsed       0.121507s
=case          ejabberd_SUITE:muc_voice_request_slave
=logfile       ejabberd_suite.muc_voice_request_slave.47586.html
=started       2024-12-18 20:38:01
=ended         2024-12-18 20:38:01
=result        ok
=elapsed       0.115697s
=case          ejabberd_SUITE:end_per_group
=logfile       ejabberd_suite.end_per_group.47714.html
=group_props   [{name,muc_voice_request},parallel]
=started       2024-12-18 20:38:01
=ended         2024-12-18 20:38:01
=result        ok
=elapsed       0.000003s
=group_time    0.181s
=case          ejabberd_SUITE:init_per_group
=logfile       ejabberd_suite.init_per_group.47746.html
=group_props   [{name,muc_change_role},parallel]
=started       2024-12-18 20:38:01
=ended         2024-12-18 20:38:01
=result        ok
=elapsed       0.000003s
=case          ejabberd_SUITE:muc_change_role_master
=logfile       ejabberd_suite.muc_change_role_master.47778.html
=started       2024-12-18 20:38:01
=ended         2024-12-18 20:38:01
=result        ok
=elapsed       0.130463s
=case          ejabberd_SUITE:muc_change_role_slave
=logfile       ejabberd_suite.muc_change_role_slave.47810.html
=started       2024-12-18 20:38:01
=ended         2024-12-18 20:38:01
=result        ok
=elapsed       0.124826s
=case          ejabberd_SUITE:end_per_group
=logfile       ejabberd_suite.end_per_group.47906.html
=group_props   [{name,muc_change_role},parallel]
=started       2024-12-18 20:38:01
=ended         2024-12-18 20:38:01
=result        ok
=elapsed       0.000008s
=group_time    0.188s
=case          ejabberd_SUITE:init_per_group
=logfile       ejabberd_suite.init_per_group.47938.html
=group_props   [{name,muc_kick},parallel]
=started       2024-12-18 20:38:01
=ended         2024-12-18 20:38:01
=result        ok
=elapsed       0.000003s
=case          ejabberd_SUITE:muc_kick_master
=logfile       ejabberd_suite.muc_kick_master.47970.html
=started       2024-12-18 20:38:01
=ended         2024-12-18 20:38:01
=result        ok
=elapsed       0.119949s
=case          ejabberd_SUITE:muc_kick_slave
=logfile       ejabberd_suite.muc_kick_slave.32036.html
=started       2024-12-18 20:38:01
=ended         2024-12-18 20:38:01
=result        ok
=elapsed       0.111379s
=case          ejabberd_SUITE:end_per_group
=logfile       ejabberd_suite.end_per_group.48034.html
=group_props   [{name,muc_kick},parallel]
=started       2024-12-18 20:38:01
=ended         2024-12-18 20:38:01
=result        ok
=elapsed       0.000002s
=group_time    0.176s
=case          ejabberd_SUITE:init_per_group
=logfile       ejabberd_suite.init_per_group.32132.html
=group_props   [{name,muc_change_affiliation},parallel]
=started       2024-12-18 20:38:01
=ended         2024-12-18 20:38:01
=result        ok
=elapsed       0.000003s
=case          ejabberd_SUITE:muc_change_affiliation_master
=logfile       ejabberd_suite.muc_change_affiliation_master.32164.html
=started       2024-12-18 20:38:01
=ended         2024-12-18 20:38:01
=result        ok
=elapsed       0.133838s
=case          ejabberd_SUITE:muc_change_affiliation_slave
=logfile       ejabberd_suite.muc_change_affiliation_slave.48066.html
=started       2024-12-18 20:38:01
=ended         2024-12-18 20:38:01
=result        ok
=elapsed       0.126558s
=case          ejabberd_SUITE:end_per_group
=logfile       ejabberd_suite.end_per_group.48226.html
=group_props   [{name,muc_change_affiliation},parallel]
=started       2024-12-18 20:38:01
=ended         2024-12-18 20:38:01
=result        ok
=elapsed       0.000002s
=group_time    0.191s
=case          ejabberd_SUITE:init_per_group
=logfile       ejabberd_suite.init_per_group.48258.html
=group_props   [{name,muc_destroy},parallel]
=started       2024-12-18 20:38:01
=ended         2024-12-18 20:38:01
=result        ok
=elapsed       0.000003s
=case          ejabberd_SUITE:muc_destroy_master
=logfile       ejabberd_suite.muc_destroy_master.48290.html
=started       2024-12-18 20:38:01
=ended         2024-12-18 20:38:02
=result        ok
=elapsed       0.116147s
=case          ejabberd_SUITE:muc_destroy_slave
=logfile       ejabberd_suite.muc_destroy_slave.48322.html
=started       2024-12-18 20:38:01
=ended         2024-12-18 20:38:02
=result        ok
=elapsed       0.113592s
=case          ejabberd_SUITE:end_per_group
=logfile       ejabberd_suite.end_per_group.32196.html
=group_props   [{name,muc_destroy},parallel]
=started       2024-12-18 20:38:02
=ended         2024-12-18 20:38:02
=result        ok
=elapsed       0.000002s
=group_time    0.172s
=case          ejabberd_SUITE:init_per_group
=logfile       ejabberd_suite.init_per_group.32228.html
=group_props   [{name,muc_vcard},parallel]
=started       2024-12-18 20:38:02
=ended         2024-12-18 20:38:02
=result        ok
=elapsed       0.000003s
=case          ejabberd_SUITE:muc_vcard_master
=logfile       ejabberd_suite.muc_vcard_master.32260.html
=started       2024-12-18 20:38:02
=ended         2024-12-18 20:38:02
=result        ok
=elapsed       0.123949s
=case          ejabberd_SUITE:muc_vcard_slave
=logfile       ejabberd_suite.muc_vcard_slave.32292.html
=started       2024-12-18 20:38:02
=ended         2024-12-18 20:38:02
=result        ok
=elapsed       0.117846s
=case          ejabberd_SUITE:end_per_group
=logfile       ejabberd_suite.end_per_group.48482.html
=group_props   [{name,muc_vcard},parallel]
=started       2024-12-18 20:38:02
=ended         2024-12-18 20:38:02
=result        ok
=elapsed       0.000002s
=group_time    0.182s
=case          ejabberd_SUITE:init_per_group
=logfile       ejabberd_suite.init_per_group.48514.html
=group_props   [{name,muc_nick_change},parallel]
=started       2024-12-18 20:38:02
=ended         2024-12-18 20:38:02
=result        ok
=elapsed       0.000002s
=case          ejabberd_SUITE:muc_nick_change_master
=logfile       ejabberd_suite.muc_nick_change_master.48546.html
=started       2024-12-18 20:38:02
=ended         2024-12-18 20:38:02
=result        ok
=elapsed       0.119143s
=case          ejabberd_SUITE:muc_nick_change_slave
=logfile       ejabberd_suite.muc_nick_change_slave.48578.html
=started       2024-12-18 20:38:02
=ended         2024-12-18 20:38:02
=result        ok
=elapsed       0.115789s
=case          ejabberd_SUITE:end_per_group
=logfile       ejabberd_suite.end_per_group.44611.html
=group_props   [{name,muc_nick_change},parallel]
=started       2024-12-18 20:38:02
=ended         2024-12-18 20:38:02
=result        ok
=elapsed       0.000002s
=group_time    0.176s
=case          ejabberd_SUITE:init_per_group
=logfile       ejabberd_suite.init_per_group.32388.html
=group_props   [{name,muc_config_title_desc},parallel]
=started       2024-12-18 20:38:02
=ended         2024-12-18 20:38:02
=result        ok
=elapsed       0.000007s
=case          ejabberd_SUITE:muc_config_title_desc_master
=logfile       ejabberd_suite.muc_config_title_desc_master.32420.html
=started       2024-12-18 20:38:02
=ended         2024-12-18 20:38:02
=result        ok
=elapsed       0.120066s
=case          ejabberd_SUITE:muc_config_title_desc_slave
=logfile       ejabberd_suite.muc_config_title_desc_slave.48674.html
=started       2024-12-18 20:38:02
=ended         2024-12-18 20:38:02
=result        ok
=elapsed       0.114052s
=case          ejabberd_SUITE:end_per_group
=logfile       ejabberd_suite.end_per_group.44739.html
=group_props   [{name,muc_config_title_desc},parallel]
=started       2024-12-18 20:38:02
=ended         2024-12-18 20:38:02
=result        ok
=elapsed       0.000002s
=group_time    0.179s
=case          ejabberd_SUITE:init_per_group
=logfile       ejabberd_suite.init_per_group.48770.html
=group_props   [{name,muc_config_public_list},parallel]
=started       2024-12-18 20:38:02
=ended         2024-12-18 20:38:02
=result        ok
=elapsed       0.000002s
=case          ejabberd_SUITE:muc_config_public_list_master
=logfile       ejabberd_suite.muc_config_public_list_master.48802.html
=started       2024-12-18 20:38:02
=ended         2024-12-18 20:38:02
=result        ok
=elapsed       0.123785s
=case          ejabberd_SUITE:muc_config_public_list_slave
=logfile       ejabberd_suite.muc_config_public_list_slave.48834.html
=started       2024-12-18 20:38:02
=ended         2024-12-18 20:38:02
=result        ok
=elapsed       0.119941s
=case          ejabberd_SUITE:end_per_group
=logfile       ejabberd_suite.end_per_group.48930.html
=group_props   [{name,muc_config_public_list},parallel]
=started       2024-12-18 20:38:02
=ended         2024-12-18 20:38:02
=result        ok
=elapsed       0.000010s
=group_time    0.182s
=case          ejabberd_SUITE:init_per_group
=logfile       ejabberd_suite.init_per_group.48962.html
=group_props   [{name,muc_config_password},parallel]
=started       2024-12-18 20:38:02
=ended         2024-12-18 20:38:02
=result        ok
=elapsed       0.000004s
=case          ejabberd_SUITE:muc_config_password_master
=logfile       ejabberd_suite.muc_config_password_master.14629.html
=started       2024-12-18 20:38:02
=ended         2024-12-18 20:38:03
=result        ok
=elapsed       0.123985s
=case          ejabberd_SUITE:muc_config_password_slave
=logfile       ejabberd_suite.muc_config_password_slave.14661.html
=started       2024-12-18 20:38:02
=ended         2024-12-18 20:38:03
=result        ok
=elapsed       0.118179s
=case          ejabberd_SUITE:end_per_group
=logfile       ejabberd_suite.end_per_group.49026.html
=group_props   [{name,muc_config_password},parallel]
=started       2024-12-18 20:38:03
=ended         2024-12-18 20:38:03
=result        ok
=elapsed       0.000002s
=group_time    0.181s
=case          ejabberd_SUITE:init_per_group
=logfile       ejabberd_suite.init_per_group.49058.html
=group_props   [{name,muc_config_whois},parallel]
=started       2024-12-18 20:38:03
=ended         2024-12-18 20:38:03
=result        ok
=elapsed       0.000003s
=case          ejabberd_SUITE:muc_config_whois_master
=logfile       ejabberd_suite.muc_config_whois_master.49090.html
=started       2024-12-18 20:38:03
=ended         2024-12-18 20:38:03
=result        ok
=elapsed       0.126470s
=case          ejabberd_SUITE:muc_config_whois_slave
=logfile       ejabberd_suite.muc_config_whois_slave.49122.html
=started       2024-12-18 20:38:03
=ended         2024-12-18 20:38:03
=result        ok
=elapsed       0.123483s
=case          ejabberd_SUITE:end_per_group
=logfile       ejabberd_suite.end_per_group.49218.html
=group_props   [{name,muc_config_whois},parallel]
=started       2024-12-18 20:38:03
=ended         2024-12-18 20:38:03
=result        ok
=elapsed       0.000002s
=group_time    0.185s
=case          ejabberd_SUITE:init_per_group
=logfile       ejabberd_suite.init_per_group.49250.html
=group_props   [{name,muc_config_members_only},parallel]
=started       2024-12-18 20:38:03
=ended         2024-12-18 20:38:03
=result        ok
=elapsed       0.000002s
=case          ejabberd_SUITE:muc_config_members_only_master
=logfile       ejabberd_suite.muc_config_members_only_master.49282.html
=started       2024-12-18 20:38:03
=ended         2024-12-18 20:38:03
=result        ok
=elapsed       0.126995s
=case          ejabberd_SUITE:muc_config_members_only_slave
=logfile       ejabberd_suite.muc_config_members_only_slave.14821.html
=started       2024-12-18 20:38:03
=ended         2024-12-18 20:38:03
=result        ok
=elapsed       0.123504s
=case          ejabberd_SUITE:end_per_group
=logfile       ejabberd_suite.end_per_group.14949.html
=group_props   [{name,muc_config_members_only},parallel]
=started       2024-12-18 20:38:03
=ended         2024-12-18 20:38:03
=result        ok
=elapsed       0.000002s
=group_time    0.184s
=case          ejabberd_SUITE:init_per_group
=logfile       ejabberd_suite.init_per_group.14981.html
=group_props   [{name,muc_config_moderated},parallel]
=started       2024-12-18 20:38:03
=ended         2024-12-18 20:38:03
=result        ok
=elapsed       0.000002s
=case          ejabberd_SUITE:muc_config_moderated_master
=logfile       ejabberd_suite.muc_config_moderated_master.15013.html
=started       2024-12-18 20:38:03
=ended         2024-12-18 20:38:03
=result        ok
=elapsed       0.123282s
=case          ejabberd_SUITE:muc_config_moderated_slave
=logfile       ejabberd_suite.muc_config_moderated_slave.15045.html
=started       2024-12-18 20:38:03
=ended         2024-12-18 20:38:03
=result        ok
=elapsed       0.118957s
=case          ejabberd_SUITE:end_per_group
=logfile       ejabberd_suite.end_per_group.15077.html
=group_props   [{name,muc_config_moderated},parallel]
=started       2024-12-18 20:38:03
=ended         2024-12-18 20:38:03
=result        ok
=elapsed       0.000002s
=group_time    0.182s
=case          ejabberd_SUITE:init_per_group
=logfile       ejabberd_suite.init_per_group.15109.html
=group_props   [{name,muc_config_private_messages},parallel]
=started       2024-12-18 20:38:03
=ended         2024-12-18 20:38:03
=result        ok
=elapsed       0.000002s
=case          ejabberd_SUITE:muc_config_private_messages_master
=logfile       ejabberd_suite.muc_config_private_messages_master.15141.html
=started       2024-12-18 20:38:03
=ended         2024-12-18 20:38:03
=result        ok
=elapsed       0.129092s
=case          ejabberd_SUITE:muc_config_private_messages_slave
=logfile       ejabberd_suite.muc_config_private_messages_slave.32548.html
=started       2024-12-18 20:38:03
=ended         2024-12-18 20:38:03
=result        ok
=elapsed       0.125755s
=case          ejabberd_SUITE:end_per_group
=logfile       ejabberd_suite.end_per_group.32580.html
=group_props   [{name,muc_config_private_messages},parallel]
=started       2024-12-18 20:38:03
=ended         2024-12-18 20:38:04
=result        ok
=elapsed       0.000002s
=group_time    0.187s
=case          ejabberd_SUITE:init_per_group
=logfile       ejabberd_suite.init_per_group.32612.html
=group_props   [{name,muc_config_query},parallel]
=started       2024-12-18 20:38:04
=ended         2024-12-18 20:38:04
=result        ok
=elapsed       0.000002s
=case          ejabberd_SUITE:muc_config_query_master
=logfile       ejabberd_suite.muc_config_query_master.32644.html
=started       2024-12-18 20:38:04
=ended         2024-12-18 20:38:04
=result        ok
=elapsed       0.169593s
=case          ejabberd_SUITE:muc_config_query_slave
=logfile       ejabberd_suite.muc_config_query_slave.32676.html
=started       2024-12-18 20:38:04
=ended         2024-12-18 20:38:04
=result        ok
=elapsed       0.165113s
=case          ejabberd_SUITE:end_per_group
=logfile       ejabberd_suite.end_per_group.32772.html
=group_props   [{name,muc_config_query},parallel]
=started       2024-12-18 20:38:04
=ended         2024-12-18 20:38:04
=result        ok
=elapsed       0.000006s
=group_time    0.227s
=case          ejabberd_SUITE:init_per_group
=logfile       ejabberd_suite.init_per_group.32804.html
=group_props   [{name,muc_config_allow_invites},parallel]
=started       2024-12-18 20:38:04
=ended         2024-12-18 20:38:04
=result        ok
=elapsed       0.000002s
=case          ejabberd_SUITE:muc_config_allow_invites_master
=logfile       ejabberd_suite.muc_config_allow_invites_master.32836.html
=started       2024-12-18 20:38:04
=ended         2024-12-18 20:38:04
=result        ok
=elapsed       0.121950s
=case          ejabberd_SUITE:muc_config_allow_invites_slave
=logfile       ejabberd_suite.muc_config_allow_invites_slave.32868.html
=started       2024-12-18 20:38:04
=ended         2024-12-18 20:38:04
=result        ok
=elapsed       0.118078s
=case          ejabberd_SUITE:end_per_group
=logfile       ejabberd_suite.end_per_group.32964.html
=group_props   [{name,muc_config_allow_invites},parallel]
=started       2024-12-18 20:38:04
=ended         2024-12-18 20:38:04
=result        ok
=elapsed       0.000002s
=group_time    0.178s
=case          ejabberd_SUITE:init_per_group
=logfile       ejabberd_suite.init_per_group.32996.html
=group_props   [{name,muc_config_visitor_status},parallel]
=started       2024-12-18 20:38:04
=ended         2024-12-18 20:38:04
=result        ok
=elapsed       0.000002s
=case          ejabberd_SUITE:muc_config_visitor_status_master
=logfile       ejabberd_suite.muc_config_visitor_status_master.49666.html
=started       2024-12-18 20:38:04
=ended         2024-12-18 20:38:04
=result        ok
=elapsed       0.122435s
=case          ejabberd_SUITE:muc_config_visitor_status_slave
=logfile       ejabberd_suite.muc_config_visitor_status_slave.44963.html
=started       2024-12-18 20:38:04
=ended         2024-12-18 20:38:04
=result        ok
=elapsed       0.119504s
=case          ejabberd_SUITE:end_per_group
=logfile       ejabberd_suite.end_per_group.45091.html
=group_props   [{name,muc_config_visitor_status},parallel]
=started       2024-12-18 20:38:04
=ended         2024-12-18 20:38:04
=result        ok
=elapsed       0.000002s
=group_time    0.181s
=case          ejabberd_SUITE:init_per_group
=logfile       ejabberd_suite.init_per_group.45123.html
=group_props   [{name,muc_config_allow_voice_requests},parallel]
=started       2024-12-18 20:38:04
=ended         2024-12-18 20:38:04
=result        ok
=elapsed       0.000002s
=case          ejabberd_SUITE:muc_config_allow_voice_requests_master
=logfile       ejabberd_suite.muc_config_allow_voice_requests_master.45155.html
=started       2024-12-18 20:38:04
=ended         2024-12-18 20:38:04
=result        ok
=elapsed       0.120675s
=case          ejabberd_SUITE:muc_config_allow_voice_requests_slave
=logfile       ejabberd_suite.muc_config_allow_voice_requests_slave.33060.html
=started       2024-12-18 20:38:04
=ended         2024-12-18 20:38:04
=result        ok
=elapsed       0.118815s
=case          ejabberd_SUITE:end_per_group
=logfile       ejabberd_suite.end_per_group.33156.html
=group_props   [{name,muc_config_allow_voice_requests},parallel]
=started       2024-12-18 20:38:04
=ended         2024-12-18 20:38:04
=result        ok
=elapsed       0.000002s
=group_time    0.180s
=case          ejabberd_SUITE:init_per_group
=logfile       ejabberd_suite.init_per_group.33188.html
=group_props   [{name,muc_config_voice_request_interval},parallel]
=started       2024-12-18 20:38:04
=ended         2024-12-18 20:38:04
=result        ok
=elapsed       0.000002s
=case          ejabberd_SUITE:muc_config_voice_request_interval_master
=logfile       ejabberd_suite.muc_config_voice_request_interval_master.33220.html
=started       2024-12-18 20:38:04
=ended         2024-12-18 20:38:10
=result        ok
=elapsed       5.206021s
=case          ejabberd_SUITE:muc_config_voice_request_interval_slave
=logfile       ejabberd_suite.muc_config_voice_request_interval_slave.45187.html
=started       2024-12-18 20:38:04
=ended         2024-12-18 20:38:10
=result        ok
=elapsed       5.202567s
=case          ejabberd_SUITE:end_per_group
=logfile       ejabberd_suite.end_per_group.45283.html
=group_props   [{name,muc_config_voice_request_interval},parallel]
=started       2024-12-18 20:38:10
=ended         2024-12-18 20:38:10
=result        ok
=elapsed       0.000007s
=group_time    5.264s
=case          ejabberd_SUITE:init_per_group
=logfile       ejabberd_suite.init_per_group.45315.html
=group_props   [{name,muc_config_visitor_nickchange},parallel]
=started       2024-12-18 20:38:10
=ended         2024-12-18 20:38:10
=result        ok
=elapsed       0.000003s
=case          ejabberd_SUITE:muc_config_visitor_nickchange_master
=logfile       ejabberd_suite.muc_config_visitor_nickchange_master.45347.html
=started       2024-12-18 20:38:10
=ended         2024-12-18 20:38:10
=result        ok
=elapsed       0.120937s
=case          ejabberd_SUITE:muc_config_visitor_nickchange_slave
=logfile       ejabberd_suite.muc_config_visitor_nickchange_slave.45379.html
=started       2024-12-18 20:38:10
=ended         2024-12-18 20:38:10
=result        ok
=elapsed       0.116334s
=case          ejabberd_SUITE:end_per_group
=logfile       ejabberd_suite.end_per_group.49954.html
=group_props   [{name,muc_config_visitor_nickchange},parallel]
=started       2024-12-18 20:38:10
=ended         2024-12-18 20:38:10
=result        ok
=elapsed       0.000002s
=group_time    0.179s
=case          ejabberd_SUITE:init_per_group
=logfile       ejabberd_suite.init_per_group.49986.html
=group_props   [{name,muc_join_conflict},parallel]
=started       2024-12-18 20:38:10
=ended         2024-12-18 20:38:10
=result        ok
=elapsed       0.000003s
=case          ejabberd_SUITE:muc_join_conflict_master
=logfile       ejabberd_suite.muc_join_conflict_master.50018.html
=started       2024-12-18 20:38:10
=ended         2024-12-18 20:38:10
=result        ok
=elapsed       0.114734s
=case          ejabberd_SUITE:muc_join_conflict_slave
=logfile       ejabberd_suite.muc_join_conflict_slave.50050.html
=started       2024-12-18 20:38:10
=ended         2024-12-18 20:38:10
=result        ok
=elapsed       0.111468s
=case          ejabberd_SUITE:end_per_group
=logfile       ejabberd_suite.end_per_group.50114.html
=group_props   [{name,muc_join_conflict},parallel]
=started       2024-12-18 20:38:10
=ended         2024-12-18 20:38:10
=result        ok
=elapsed       0.000002s
=group_time    0.173s
=case          ejabberd_SUITE:end_per_group
=logfile       ejabberd_suite.end_per_group.50146.html
=group_props   [{name,muc_master_slave},sequence]
=started       2024-12-18 20:38:10
=ended         2024-12-18 20:38:10
=result        ok
=elapsed       0.000003s
=group_time    11.472s
=case          ejabberd_SUITE:init_per_group
=logfile       ejabberd_suite.init_per_group.50178.html
=group_props   [{name,privacy_master_slave},sequence]
=started       2024-12-18 20:38:10
=ended         2024-12-18 20:38:10
=result        ok
=elapsed       0.000004s
=case          ejabberd_SUITE:init_per_group
=logfile       ejabberd_suite.init_per_group.50210.html
=group_props   [{name,privacy_deny_bare_jid},parallel]
=started       2024-12-18 20:38:10
=ended         2024-12-18 20:38:10
=result        ok
=elapsed       0.000003s
=case          ejabberd_SUITE:privacy_deny_bare_jid_master
=logfile       ejabberd_suite.privacy_deny_bare_jid_master.50242.html
=started       2024-12-18 20:38:10
=ended         2024-12-18 20:38:11
=result        ok
=elapsed       1.137323s
=case          ejabberd_SUITE:privacy_deny_bare_jid_slave
=logfile       ejabberd_suite.privacy_deny_bare_jid_slave.50274.html
=started       2024-12-18 20:38:10
=ended         2024-12-18 20:38:11
=result        ok
=elapsed       1.135598s
=case          ejabberd_SUITE:end_per_group
=logfile       ejabberd_suite.end_per_group.50338.html
=group_props   [{name,privacy_deny_bare_jid},parallel]
=started       2024-12-18 20:38:11
=ended         2024-12-18 20:38:11
=result        ok
=elapsed       0.000007s
=group_time    1.195s
=case          ejabberd_SUITE:init_per_group
=logfile       ejabberd_suite.init_per_group.50370.html
=group_props   [{name,privacy_deny_full_jid},parallel]
=started       2024-12-18 20:38:11
=ended         2024-12-18 20:38:11
=result        ok
=elapsed       0.000003s
=case          ejabberd_SUITE:privacy_deny_full_jid_master
=logfile       ejabberd_suite.privacy_deny_full_jid_master.50402.html
=started       2024-12-18 20:38:11
=ended         2024-12-18 20:38:13
=result        ok
=elapsed       1.132392s
=case          ejabberd_SUITE:privacy_deny_full_jid_slave
=logfile       ejabberd_suite.privacy_deny_full_jid_slave.33412.html
=started       2024-12-18 20:38:11
=ended         2024-12-18 20:38:13
=result        ok
=elapsed       1.130317s
=case          ejabberd_SUITE:end_per_group
=logfile       ejabberd_suite.end_per_group.33540.html
=group_props   [{name,privacy_deny_full_jid},parallel]
=started       2024-12-18 20:38:13
=ended         2024-12-18 20:38:13
=result        ok
=elapsed       0.000007s
=group_time    1.190s
=case          ejabberd_SUITE:init_per_group
=logfile       ejabberd_suite.init_per_group.33572.html
=group_props   [{name,privacy_deny_server_bare_jid},parallel]
=started       2024-12-18 20:38:13
=ended         2024-12-18 20:38:13
=result        ok
=elapsed       0.000002s
=case          ejabberd_SUITE:privacy_deny_server_bare_jid_master
=logfile       ejabberd_suite.privacy_deny_server_bare_jid_master.33604.html
=started       2024-12-18 20:38:13
=ended         2024-12-18 20:38:14
=result        ok
=elapsed       1.128016s
=case          ejabberd_SUITE:privacy_deny_server_bare_jid_slave
=logfile       ejabberd_suite.privacy_deny_server_bare_jid_slave.33636.html
=started       2024-12-18 20:38:13
=ended         2024-12-18 20:38:14
=result        ok
=elapsed       1.125609s
=case          ejabberd_SUITE:end_per_group
=logfile       ejabberd_suite.end_per_group.33732.html
=group_props   [{name,privacy_deny_server_bare_jid},parallel]
=started       2024-12-18 20:38:14
=ended         2024-12-18 20:38:14
=result        ok
=elapsed       0.000002s
=group_time    1.185s
=case          ejabberd_SUITE:init_per_group
=logfile       ejabberd_suite.init_per_group.33764.html
=group_props   [{name,privacy_deny_server_full_jid},parallel]
=started       2024-12-18 20:38:14
=ended         2024-12-18 20:38:14
=result        ok
=elapsed       0.000002s
=case          ejabberd_SUITE:privacy_deny_server_full_jid_master
=logfile       ejabberd_suite.privacy_deny_server_full_jid_master.33796.html
=started       2024-12-18 20:38:14
=ended         2024-12-18 20:38:15
=result        ok
=elapsed       1.130606s
=case          ejabberd_SUITE:privacy_deny_server_full_jid_slave
=logfile       ejabberd_suite.privacy_deny_server_full_jid_slave.33828.html
=started       2024-12-18 20:38:14
=ended         2024-12-18 20:38:15
=result        ok
=elapsed       1.129146s
=case          ejabberd_SUITE:end_per_group
=logfile       ejabberd_suite.end_per_group.33892.html
=group_props   [{name,privacy_deny_server_full_jid},parallel]
=started       2024-12-18 20:38:15
=ended         2024-12-18 20:38:15
=result        ok
=elapsed       0.000002s
=group_time    1.188s
=case          ejabberd_SUITE:init_per_group
=logfile       ejabberd_suite.init_per_group.33924.html
=group_props   [{name,privacy_deny_group},parallel]
=started       2024-12-18 20:38:15
=ended         2024-12-18 20:38:15
=result        ok
=elapsed       0.000002s
=case          ejabberd_SUITE:privacy_deny_group_master
=logfile       ejabberd_suite.privacy_deny_group_master.45827.html
=started       2024-12-18 20:38:15
=ended         2024-12-18 20:38:16
=result        ok
=elapsed       1.141513s
=case          ejabberd_SUITE:privacy_deny_group_slave
=logfile       ejabberd_suite.privacy_deny_group_slave.45795.html
=started       2024-12-18 20:38:15
=ended         2024-12-18 20:38:16
=result        ok
=elapsed       1.139331s
=case          ejabberd_SUITE:end_per_group
=logfile       ejabberd_suite.end_per_group.45955.html
=group_props   [{name,privacy_deny_group},parallel]
=started       2024-12-18 20:38:16
=ended         2024-12-18 20:38:16
=result        ok
=elapsed       0.000002s
=group_time    1.200s
=case          ejabberd_SUITE:init_per_group
=logfile       ejabberd_suite.init_per_group.45987.html
=group_props   [{name,privacy_deny_sub_both},parallel]
=started       2024-12-18 20:38:16
=ended         2024-12-18 20:38:16
=result        ok
=elapsed       0.000003s
=case          ejabberd_SUITE:privacy_deny_sub_both_master
=logfile       ejabberd_suite.privacy_deny_sub_both_master.46019.html
=started       2024-12-18 20:38:16
=ended         2024-12-18 20:38:17
=result        ok
=elapsed       1.132882s
=case          ejabberd_SUITE:privacy_deny_sub_both_slave
=logfile       ejabberd_suite.privacy_deny_sub_both_slave.46051.html
=started       2024-12-18 20:38:16
=ended         2024-12-18 20:38:17
=result        ok
=elapsed       1.131598s
=case          ejabberd_SUITE:end_per_group
=logfile       ejabberd_suite.end_per_group.46147.html
=group_props   [{name,privacy_deny_sub_both},parallel]
=started       2024-12-18 20:38:17
=ended         2024-12-18 20:38:17
=result        ok
=elapsed       0.000002s
=group_time    1.191s
=case          ejabberd_SUITE:init_per_group
=logfile       ejabberd_suite.init_per_group.34116.html
=group_props   [{name,privacy_deny_sub_from},parallel]
=started       2024-12-18 20:38:17
=ended         2024-12-18 20:38:17
=result        ok
=elapsed       0.000002s
=case          ejabberd_SUITE:privacy_deny_sub_from_master
=logfile       ejabberd_suite.privacy_deny_sub_from_master.34148.html
=started       2024-12-18 20:38:17
=ended         2024-12-18 20:38:19
=result        ok
=elapsed       1.145976s
=case          ejabberd_SUITE:privacy_deny_sub_from_slave
=logfile       ejabberd_suite.privacy_deny_sub_from_slave.46179.html
=started       2024-12-18 20:38:17
=ended         2024-12-18 20:38:19
=result        ok
=elapsed       1.144899s
=case          ejabberd_SUITE:end_per_group
=logfile       ejabberd_suite.end_per_group.46339.html
=group_props   [{name,privacy_deny_sub_from},parallel]
=started       2024-12-18 20:38:19
=ended         2024-12-18 20:38:19
=result        ok
=elapsed       0.000002s
=group_time    1.204s
=case          ejabberd_SUITE:init_per_group
=logfile       ejabberd_suite.init_per_group.34212.html
=group_props   [{name,privacy_deny_sub_to},parallel]
=started       2024-12-18 20:38:19
=ended         2024-12-18 20:38:19
=result        ok
=elapsed       0.000002s
=case          ejabberd_SUITE:privacy_deny_sub_to_master
=logfile       ejabberd_suite.privacy_deny_sub_to_master.34244.html
=started       2024-12-18 20:38:19
=ended         2024-12-18 20:38:20
=result        ok
=elapsed       1.145467s
=case          ejabberd_SUITE:privacy_deny_sub_to_slave
=logfile       ejabberd_suite.privacy_deny_sub_to_slave.34276.html
=started       2024-12-18 20:38:19
=ended         2024-12-18 20:38:20
=result        ok
=elapsed       1.143781s
=case          ejabberd_SUITE:end_per_group
=logfile       ejabberd_suite.end_per_group.34468.html
=group_props   [{name,privacy_deny_sub_to},parallel]
=started       2024-12-18 20:38:20
=ended         2024-12-18 20:38:20
=result        ok
=elapsed       0.000002s
=group_time    1.204s
=case          ejabberd_SUITE:init_per_group
=logfile       ejabberd_suite.init_per_group.51010.html
=group_props   [{name,privacy_deny_sub_none},parallel]
=started       2024-12-18 20:38:20
=ended         2024-12-18 20:38:20
=result        ok
=elapsed       0.000002s
=case          ejabberd_SUITE:privacy_deny_sub_none_master
=logfile       ejabberd_suite.privacy_deny_sub_none_master.51042.html
=started       2024-12-18 20:38:20
=ended         2024-12-18 20:38:21
=result        ok
=elapsed       1.136928s
=case          ejabberd_SUITE:privacy_deny_sub_none_slave
=logfile       ejabberd_suite.privacy_deny_sub_none_slave.51074.html
=started       2024-12-18 20:38:20
=ended         2024-12-18 20:38:21
=result        ok
=elapsed       1.134024s
=case          ejabberd_SUITE:end_per_group
=logfile       ejabberd_suite.end_per_group.46467.html
=group_props   [{name,privacy_deny_sub_none},parallel]
=started       2024-12-18 20:38:21
=ended         2024-12-18 20:38:21
=result        ok
=elapsed       0.000003s
=group_time    1.193s
=case          ejabberd_SUITE:init_per_group
=logfile       ejabberd_suite.init_per_group.46499.html
=group_props   [{name,privacy_deny_all},parallel]
=started       2024-12-18 20:38:21
=ended         2024-12-18 20:38:21
=result        ok
=elapsed       0.000003s
=case          ejabberd_SUITE:privacy_deny_all_master
=logfile       ejabberd_suite.privacy_deny_all_master.34532.html
=started       2024-12-18 20:38:21
=ended         2024-12-18 20:38:22
=result        ok
=elapsed       1.133517s
=case          ejabberd_SUITE:privacy_deny_all_slave
=logfile       ejabberd_suite.privacy_deny_all_slave.46531.html
=started       2024-12-18 20:38:21
=ended         2024-12-18 20:38:22
=result        ok
=elapsed       1.131992s
=case          ejabberd_SUITE:end_per_group
=logfile       ejabberd_suite.end_per_group.34628.html
=group_props   [{name,privacy_deny_all},parallel]
=started       2024-12-18 20:38:22
=ended         2024-12-18 20:38:22
=result        ok
=elapsed       0.000009s
=group_time    1.196s
=case          ejabberd_SUITE:init_per_group
=logfile       ejabberd_suite.init_per_group.34660.html
=group_props   [{name,privacy_deny_offline},parallel]
=started       2024-12-18 20:38:22
=ended         2024-12-18 20:38:22
=result        ok
=elapsed       0.000003s
=case          ejabberd_SUITE:privacy_deny_offline_master
=logfile       ejabberd_suite.privacy_deny_offline_master.51234.html
=started       2024-12-18 20:38:22
=ended         2024-12-18 20:38:23
=result        ok
=elapsed       0.243139s
=case          ejabberd_SUITE:privacy_deny_offline_slave
=logfile       ejabberd_suite.privacy_deny_offline_slave.51266.html
=started       2024-12-18 20:38:22
=ended         2024-12-18 20:38:23
=result        ok
=elapsed       0.343544s
=case          ejabberd_SUITE:end_per_group
=logfile       ejabberd_suite.end_per_group.51298.html
=group_props   [{name,privacy_deny_offline},parallel]
=started       2024-12-18 20:38:23
=ended         2024-12-18 20:38:23
=result        ok
=elapsed       0.000002s
=group_time    0.402s
=case          ejabberd_SUITE:init_per_group
=logfile       ejabberd_suite.init_per_group.51330.html
=group_props   [{name,privacy_block},parallel]
=started       2024-12-18 20:38:23
=ended         2024-12-18 20:38:23
=result        ok
=elapsed       0.000003s
=case          ejabberd_SUITE:privacy_block_master
=logfile       ejabberd_suite.privacy_block_master.51362.html
=started       2024-12-18 20:38:23
=ended         2024-12-18 20:38:23
=result        ok
=elapsed       0.427894s
=case          ejabberd_SUITE:privacy_block_slave
=logfile       ejabberd_suite.privacy_block_slave.15301.html
=started       2024-12-18 20:38:23
=ended         2024-12-18 20:38:23
=result        ok
=elapsed       0.426546s
=case          ejabberd_SUITE:end_per_group
=logfile       ejabberd_suite.end_per_group.15365.html
=group_props   [{name,privacy_block},parallel]
=started       2024-12-18 20:38:23
=ended         2024-12-18 20:38:23
=result        ok
=elapsed       0.000002s
=group_time    0.487s
=case          ejabberd_SUITE:init_per_group
=logfile       ejabberd_suite.init_per_group.34884.html
=group_props   [{name,privacy_unblock},parallel]
=started       2024-12-18 20:38:23
=ended         2024-12-18 20:38:23
=result        ok
=elapsed       0.000003s
=case          ejabberd_SUITE:privacy_unblock_master
=logfile       ejabberd_suite.privacy_unblock_master.51458.html
=started       2024-12-18 20:38:23
=ended         2024-12-18 20:38:24
=result        ok
=elapsed       0.199007s
=case          ejabberd_SUITE:privacy_unblock_slave
=logfile       ejabberd_suite.privacy_unblock_slave.34916.html
=started       2024-12-18 20:38:23
=ended         2024-12-18 20:38:24
=result        ok
=elapsed       0.197641s
=case          ejabberd_SUITE:end_per_group
=logfile       ejabberd_suite.end_per_group.15461.html
=group_props   [{name,privacy_unblock},parallel]
=started       2024-12-18 20:38:24
=ended         2024-12-18 20:38:24
=result        ok
=elapsed       0.000002s
=group_time    0.257s
=case          ejabberd_SUITE:init_per_group
=logfile       ejabberd_suite.init_per_group.15493.html
=group_props   [{name,privacy_unblock_all},parallel]
=started       2024-12-18 20:38:24
=ended         2024-12-18 20:38:24
=result        ok
=elapsed       0.000003s
=case          ejabberd_SUITE:privacy_unblock_all_master
=logfile       ejabberd_suite.privacy_unblock_all_master.15525.html
=started       2024-12-18 20:38:24
=ended         2024-12-18 20:38:24
=result        ok
=elapsed       0.201897s
=case          ejabberd_SUITE:privacy_unblock_all_slave
=logfile       ejabberd_suite.privacy_unblock_all_slave.15557.html
=started       2024-12-18 20:38:24
=ended         2024-12-18 20:38:24
=result        ok
=elapsed       0.202175s
=case          ejabberd_SUITE:end_per_group
=logfile       ejabberd_suite.end_per_group.15621.html
=group_props   [{name,privacy_unblock_all},parallel]
=started       2024-12-18 20:38:24
=ended         2024-12-18 20:38:24
=result        ok
=elapsed       0.000002s
=group_time    0.260s
=case          ejabberd_SUITE:end_per_group
=logfile       ejabberd_suite.end_per_group.15653.html
=group_props   [{name,privacy_master_slave},sequence]
=started       2024-12-18 20:38:24
=ended         2024-12-18 20:38:24
=result        ok
=elapsed       0.000002s
=group_time    13.723s
=case          ejabberd_SUITE:init_per_group
=logfile       ejabberd_suite.init_per_group.15685.html
=group_props   [{name,pubsub_master_slave},sequence]
=started       2024-12-18 20:38:24
=ended         2024-12-18 20:38:24
=result        ok
=elapsed       0.000003s
=case          ejabberd_SUITE:init_per_group
=logfile       ejabberd_suite.init_per_group.15717.html
=group_props   [{name,pubsub_publish},parallel]
=started       2024-12-18 20:38:24
=ended         2024-12-18 20:38:24
=result        ok
=elapsed       0.000001s
=case          ejabberd_SUITE:pubsub_publish_master
=logfile       ejabberd_suite.pubsub_publish_master.15749.html
=started       2024-12-18 20:38:24
=ended         2024-12-18 20:38:24
=result        ok
=elapsed       0.118090s
=case          ejabberd_SUITE:pubsub_publish_slave
=logfile       ejabberd_suite.pubsub_publish_slave.15781.html
=started       2024-12-18 20:38:24
=ended         2024-12-18 20:38:24
=result        ok
=elapsed       0.115825s
=case          ejabberd_SUITE:end_per_group
=logfile       ejabberd_suite.end_per_group.51618.html
=group_props   [{name,pubsub_publish},parallel]
=started       2024-12-18 20:38:24
=ended         2024-12-18 20:38:24
=result        ok
=elapsed       0.000002s
=group_time    0.176s
=case          ejabberd_SUITE:init_per_group
=logfile       ejabberd_suite.init_per_group.51650.html
=group_props   [{name,pubsub_subscriptions},parallel]
=started       2024-12-18 20:38:24
=ended         2024-12-18 20:38:24
=result        ok
=elapsed       0.000002s
=case          ejabberd_SUITE:pubsub_subscriptions_master
=logfile       ejabberd_suite.pubsub_subscriptions_master.51682.html
=started       2024-12-18 20:38:24
=ended         2024-12-18 20:38:24
=result        ok
=elapsed       0.181748s
=case          ejabberd_SUITE:pubsub_subscriptions_slave
=logfile       ejabberd_suite.pubsub_subscriptions_slave.35108.html
=started       2024-12-18 20:38:24
=ended         2024-12-18 20:38:24
=result        ok
=elapsed       0.178522s
=case          ejabberd_SUITE:end_per_group
=logfile       ejabberd_suite.end_per_group.35204.html
=group_props   [{name,pubsub_subscriptions},parallel]
=started       2024-12-18 20:38:24
=ended         2024-12-18 20:38:24
=result        ok
=elapsed       0.000002s
=group_time    0.240s
=case          ejabberd_SUITE:init_per_group
=logfile       ejabberd_suite.init_per_group.35236.html
=group_props   [{name,pubsub_affiliations},parallel]
=started       2024-12-18 20:38:24
=ended         2024-12-18 20:38:24
=result        ok
=elapsed       0.000002s
=case          ejabberd_SUITE:pubsub_affiliations_master
=logfile       ejabberd_suite.pubsub_affiliations_master.35268.html
=started       2024-12-18 20:38:24
=ended         2024-12-18 20:38:26
=result        ok
=elapsed       1.737597s
=case          ejabberd_SUITE:pubsub_affiliations_slave
=logfile       ejabberd_suite.pubsub_affiliations_slave.35300.html
=started       2024-12-18 20:38:24
=ended         2024-12-18 20:38:26
=result        ok
=elapsed       1.753443s
=case          ejabberd_SUITE:end_per_group
=logfile       ejabberd_suite.end_per_group.35364.html
=group_props   [{name,pubsub_affiliations},parallel]
=started       2024-12-18 20:38:26
=ended         2024-12-18 20:38:26
=result        ok
=elapsed       0.000002s
=group_time    1.814s
=case          ejabberd_SUITE:init_per_group
=logfile       ejabberd_suite.init_per_group.35396.html
=group_props   [{name,pubsub_authorize},parallel]
=started       2024-12-18 20:38:26
=ended         2024-12-18 20:38:26
=result        ok
=elapsed       0.000003s
=case          ejabberd_SUITE:pubsub_authorize_master
=logfile       ejabberd_suite.pubsub_authorize_master.35428.html
=started       2024-12-18 20:38:26
=ended         2024-12-18 20:38:26
=result        ok
=elapsed       0.209615s
=case          ejabberd_SUITE:pubsub_authorize_slave
=logfile       ejabberd_suite.pubsub_authorize_slave.46787.html
=started       2024-12-18 20:38:26
=ended         2024-12-18 20:38:26
=result        ok
=elapsed       0.166938s
=case          ejabberd_SUITE:end_per_group
=logfile       ejabberd_suite.end_per_group.46915.html
=group_props   [{name,pubsub_authorize},parallel]
=started       2024-12-18 20:38:26
=ended         2024-12-18 20:38:26
=result        ok
=elapsed       0.000002s
=group_time    0.276s
=case          ejabberd_SUITE:end_per_group
=logfile       ejabberd_suite.end_per_group.46947.html
=group_props   [{name,pubsub_master_slave},sequence]
=started       2024-12-18 20:38:26
=ended         2024-12-18 20:38:26
=result        ok
=elapsed       0.000008s
=group_time    2.631s
=case          ejabberd_SUITE:init_per_group
=logfile       ejabberd_suite.init_per_group.46979.html
=group_props   [{name,roster_master_slave},sequence]
=started       2024-12-18 20:38:27
=ended         2024-12-18 20:38:27
=result        ok
=elapsed       0.000003s
=case          ejabberd_SUITE:init_per_group
=logfile       ejabberd_suite.init_per_group.47011.html
=group_props   [{name,roster_subscribe},parallel]
=started       2024-12-18 20:38:27
=ended         2024-12-18 20:38:27
=result        ok
=elapsed       0.000001s
=case          ejabberd_SUITE:roster_subscribe_master
=logfile       ejabberd_suite.roster_subscribe_master.47043.html
=started       2024-12-18 20:38:27
=ended         2024-12-18 20:38:39
=result        ok
=elapsed       12.569991s
=case          ejabberd_SUITE:roster_subscribe_slave
=logfile       ejabberd_suite.roster_subscribe_slave.47075.html
=started       2024-12-18 20:38:27
=ended         2024-12-18 20:38:39
=result        ok
=elapsed       12.571600s
=case          ejabberd_SUITE:end_per_group
=logfile       ejabberd_suite.end_per_group.48963.html
=group_props   [{name,roster_subscribe},parallel]
=started       2024-12-18 20:38:39
=ended         2024-12-18 20:38:39
=result        ok
=elapsed       0.000002s
=group_time    12.629s
=case          ejabberd_SUITE:end_per_group
=logfile       ejabberd_suite.end_per_group.48995.html
=group_props   [{name,roster_master_slave},sequence]
=started       2024-12-18 20:38:39
=ended         2024-12-18 20:38:39
=result        ok
=elapsed       0.000002s
=group_time    12.679s
=case          ejabberd_SUITE:init_per_group
=logfile       ejabberd_suite.init_per_group.49027.html
=group_props   [{name,offline_master_slave},sequence]
=started       2024-12-18 20:38:39
=ended         2024-12-18 20:38:39
=result        ok
=elapsed       0.000003s
=case          ejabberd_SUITE:init_per_group
=logfile       ejabberd_suite.init_per_group.49059.html
=group_props   [{name,offline_flex},parallel]
=started       2024-12-18 20:38:39
=ended         2024-12-18 20:38:39
=result        ok
=elapsed       0.000001s
=case          ejabberd_SUITE:offline_flex_master
=logfile       ejabberd_suite.offline_flex_master.53570.html
=started       2024-12-18 20:38:39
=ended         2024-12-18 20:38:39
=result        ok
=elapsed       0.204757s
=case          ejabberd_SUITE:offline_flex_slave
=logfile       ejabberd_suite.offline_flex_slave.49091.html
=started       2024-12-18 20:38:39
=ended         2024-12-18 20:38:40
=result        ok
=elapsed       0.364154s
=case          ejabberd_SUITE:end_per_group
=logfile       ejabberd_suite.end_per_group.49219.html
=group_props   [{name,offline_flex},parallel]
=started       2024-12-18 20:38:40
=ended         2024-12-18 20:38:40
=result        ok
=elapsed       0.000005s
=group_time    0.422s
=case          ejabberd_SUITE:init_per_group
=logfile       ejabberd_suite.init_per_group.49251.html
=group_props   [{name,offline_send_all},parallel]
=started       2024-12-18 20:38:40
=ended         2024-12-18 20:38:40
=result        ok
=elapsed       0.000004s
=case          ejabberd_SUITE:offline_send_all_master
=logfile       ejabberd_suite.offline_send_all_master.49283.html
=started       2024-12-18 20:38:40
=ended         2024-12-18 20:38:53
=result        ok
=elapsed       13.725849s
=case          ejabberd_SUITE:offline_send_all_slave
=logfile       ejabberd_suite.offline_send_all_slave.49315.html
=started       2024-12-18 20:38:40
=ended         2024-12-18 20:38:54
=result        ok
=elapsed       13.872258s
=case          ejabberd_SUITE:end_per_group
=logfile       ejabberd_suite.end_per_group.49443.html
=group_props   [{name,offline_send_all},parallel]
=started       2024-12-18 20:38:54
=ended         2024-12-18 20:38:54
=result        ok
=elapsed       0.000002s
=group_time    13.931s
=case          ejabberd_SUITE:init_per_group
=logfile       ejabberd_suite.init_per_group.49475.html
=group_props   [{name,offline_from_mam},parallel]
=started       2024-12-18 20:38:54
=ended         2024-12-18 20:38:54
=result        ok
=elapsed       0.000003s
=case          ejabberd_SUITE:offline_from_mam_master
=logfile       ejabberd_suite.offline_from_mam_master.49507.html
=started       2024-12-18 20:38:54
=ended         2024-12-18 20:39:07
=result        ok
=elapsed       13.805514s
=case          ejabberd_SUITE:offline_from_mam_slave
=logfile       ejabberd_suite.offline_from_mam_slave.49539.html
=started       2024-12-18 20:38:54
=ended         2024-12-18 20:39:08
=result        ok
=elapsed       13.985043s
=case          ejabberd_SUITE:end_per_group
=logfile       ejabberd_suite.end_per_group.49635.html
=group_props   [{name,offline_from_mam},parallel]
=started       2024-12-18 20:39:08
=ended         2024-12-18 20:39:08
=result        ok
=elapsed       0.000002s
=group_time    14.042s
=case          ejabberd_SUITE:init_per_group
=logfile       ejabberd_suite.init_per_group.49667.html
=group_props   [{name,offline_mucsub_mam},parallel]
=started       2024-12-18 20:39:08
=ended         2024-12-18 20:39:08
=result        ok
=elapsed       0.000002s
=case          ejabberd_SUITE:offline_mucsub_mam_master
=logfile       ejabberd_suite.offline_mucsub_mam_master.49699.html
=started       2024-12-18 20:39:08
=ended         2024-12-18 20:39:08
=result        ok
=elapsed       0.241043s
=case          ejabberd_SUITE:offline_mucsub_mam_slave
=logfile       ejabberd_suite.offline_mucsub_mam_slave.53666.html
=started       2024-12-18 20:39:08
=ended         2024-12-18 20:39:08
=result        ok
=elapsed       0.236119s
=case          ejabberd_SUITE:end_per_group
=logfile       ejabberd_suite.end_per_group.53762.html
=group_props   [{name,offline_mucsub_mam},parallel]
=started       2024-12-18 20:39:08
=ended         2024-12-18 20:39:08
=result        ok
=elapsed       0.000002s
=group_time    0.298s
=case          ejabberd_SUITE:end_per_group
=logfile       ejabberd_suite.end_per_group.53794.html
=group_props   [{name,offline_master_slave},sequence]
=started       2024-12-18 20:39:08
=ended         2024-12-18 20:39:08
=result        ok
=elapsed       0.000002s
=group_time    28.819s
=case          ejabberd_SUITE:init_per_group
=logfile       ejabberd_suite.init_per_group.53826.html
=group_props   [{name,mam_master_slave},sequence]
=started       2024-12-18 20:39:08
=ended         2024-12-18 20:39:08
=result        ok
=elapsed       0.000003s
=case          ejabberd_SUITE:init_per_group
=logfile       ejabberd_suite.init_per_group.53858.html
=group_props   [{name,mam_archived_and_stanza_id},parallel]
=started       2024-12-18 20:39:08
=ended         2024-12-18 20:39:08
=result        ok
=elapsed       0.000002s
=case          ejabberd_SUITE:mam_archived_and_stanza_id_master
=logfile       ejabberd_suite.mam_archived_and_stanza_id_master.53890.html
=started       2024-12-18 20:39:08
=ended         2024-12-18 20:39:08
=result        ok
=elapsed       0.198085s
=case          ejabberd_SUITE:mam_archived_and_stanza_id_slave
=logfile       ejabberd_suite.mam_archived_and_stanza_id_slave.53922.html
=started       2024-12-18 20:39:08
=ended         2024-12-18 20:39:08
=result        ok
=elapsed       0.199476s
=case          ejabberd_SUITE:end_per_group
=logfile       ejabberd_suite.end_per_group.54050.html
=group_props   [{name,mam_archived_and_stanza_id},parallel]
=started       2024-12-18 20:39:08
=ended         2024-12-18 20:39:08
=result        ok
=elapsed       0.000002s
=group_time    0.258s
=case          ejabberd_SUITE:init_per_group
=logfile       ejabberd_suite.init_per_group.54082.html
=group_props   [{name,mam_query_all},parallel]
=started       2024-12-18 20:39:08
=ended         2024-12-18 20:39:08
=result        ok
=elapsed       0.000002s
=case          ejabberd_SUITE:mam_query_all_master
=logfile       ejabberd_suite.mam_query_all_master.54114.html
=started       2024-12-18 20:39:08
=ended         2024-12-18 20:39:09
=result        ok
=elapsed       0.178222s
=case          ejabberd_SUITE:mam_query_all_slave
=logfile       ejabberd_suite.mam_query_all_slave.54146.html
=started       2024-12-18 20:39:08
=ended         2024-12-18 20:39:09
=result        ok
=elapsed       0.178001s
=case          ejabberd_SUITE:end_per_group
=logfile       ejabberd_suite.end_per_group.54242.html
=group_props   [{name,mam_query_all},parallel]
=started       2024-12-18 20:39:09
=ended         2024-12-18 20:39:09
=result        ok
=elapsed       0.000007s
=group_time    0.238s
=case          ejabberd_SUITE:init_per_group
=logfile       ejabberd_suite.init_per_group.54274.html
=group_props   [{name,mam_query_with},parallel]
=started       2024-12-18 20:39:09
=ended         2024-12-18 20:39:09
=result        ok
=elapsed       0.000003s
=case          ejabberd_SUITE:mam_query_with_master
=logfile       ejabberd_suite.mam_query_with_master.54306.html
=started       2024-12-18 20:39:09
=ended         2024-12-18 20:39:09
=result        ok
=elapsed       0.188757s
=case          ejabberd_SUITE:mam_query_with_slave
=logfile       ejabberd_suite.mam_query_with_slave.15813.html
=started       2024-12-18 20:39:09
=ended         2024-12-18 20:39:09
=result        ok
=elapsed       0.190324s
=case          ejabberd_SUITE:end_per_group
=logfile       ejabberd_suite.end_per_group.15877.html
=group_props   [{name,mam_query_with},parallel]
=started       2024-12-18 20:39:09
=ended         2024-12-18 20:39:09
=result        ok
=elapsed       0.000008s
=group_time    0.250s
=case          ejabberd_SUITE:init_per_group
=logfile       ejabberd_suite.init_per_group.15909.html
=group_props   [{name,mam_query_rsm_max},parallel]
=started       2024-12-18 20:39:09
=ended         2024-12-18 20:39:09
=result        ok
=elapsed       0.000002s
=case          ejabberd_SUITE:mam_query_rsm_max_master
=logfile       ejabberd_suite.mam_query_rsm_max_master.15941.html
=started       2024-12-18 20:39:09
=ended         2024-12-18 20:39:09
=result        ok
=elapsed       0.236038s
=case          ejabberd_SUITE:mam_query_rsm_max_slave
=logfile       ejabberd_suite.mam_query_rsm_max_slave.15973.html
=started       2024-12-18 20:39:09
=ended         2024-12-18 20:39:09
=result        ok
=elapsed       0.240119s
=case          ejabberd_SUITE:end_per_group
=logfile       ejabberd_suite.end_per_group.36740.html
=group_props   [{name,mam_query_rsm_max},parallel]
=started       2024-12-18 20:39:09
=ended         2024-12-18 20:39:09
=result        ok
=elapsed       0.000007s
=group_time    0.297s
=case          ejabberd_SUITE:init_per_group
=logfile       ejabberd_suite.init_per_group.36772.html
=group_props   [{name,mam_query_rsm_after},parallel]
=started       2024-12-18 20:39:09
=ended         2024-12-18 20:39:09
=result        ok
=elapsed       0.000002s
=case          ejabberd_SUITE:mam_query_rsm_after_master
=logfile       ejabberd_suite.mam_query_rsm_after_master.36804.html
=started       2024-12-18 20:39:09
=ended         2024-12-18 20:39:10
=result        ok
=elapsed       0.230230s
=case          ejabberd_SUITE:mam_query_rsm_after_slave
=logfile       ejabberd_suite.mam_query_rsm_after_slave.36836.html
=started       2024-12-18 20:39:09
=ended         2024-12-18 20:39:10
=result        ok
=elapsed       0.230587s
=case          ejabberd_SUITE:end_per_group
=logfile       ejabberd_suite.end_per_group.36868.html
=group_props   [{name,mam_query_rsm_after},parallel]
=started       2024-12-18 20:39:10
=ended         2024-12-18 20:39:10
=result        ok
=elapsed       0.000002s
=group_time    0.290s
=case          ejabberd_SUITE:init_per_group
=logfile       ejabberd_suite.init_per_group.36900.html
=group_props   [{name,mam_query_rsm_before},parallel]
=started       2024-12-18 20:39:10
=ended         2024-12-18 20:39:10
=result        ok
=elapsed       0.000004s
=case          ejabberd_SUITE:mam_query_rsm_before_master
=logfile       ejabberd_suite.mam_query_rsm_before_master.36932.html
=started       2024-12-18 20:39:10
=ended         2024-12-18 20:39:10
=result        ok
=elapsed       0.241448s
=case          ejabberd_SUITE:mam_query_rsm_before_slave
=logfile       ejabberd_suite.mam_query_rsm_before_slave.36964.html
=started       2024-12-18 20:39:10
=ended         2024-12-18 20:39:10
=result        ok
=elapsed       0.238286s
=case          ejabberd_SUITE:end_per_group
=logfile       ejabberd_suite.end_per_group.37060.html
=group_props   [{name,mam_query_rsm_before},parallel]
=started       2024-12-18 20:39:10
=ended         2024-12-18 20:39:10
=result        ok
=elapsed       0.000002s
=group_time    0.300s
=case          ejabberd_SUITE:init_per_group
=logfile       ejabberd_suite.init_per_group.54402.html
=group_props   [{name,mam_muc},parallel]
=started       2024-12-18 20:39:10
=ended         2024-12-18 20:39:10
=result        ok
=elapsed       0.000002s
=case          ejabberd_SUITE:mam_muc_master
=logfile       ejabberd_suite.mam_muc_master.16165.html
=started       2024-12-18 20:39:10
=ended         2024-12-18 20:39:10
=result        ok
=elapsed       0.157876s
=case          ejabberd_SUITE:mam_muc_slave
=logfile       ejabberd_suite.mam_muc_slave.16197.html
=started       2024-12-18 20:39:10
=ended         2024-12-18 20:39:10
=result        ok
=elapsed       0.153056s
=case          ejabberd_SUITE:end_per_group
=logfile       ejabberd_suite.end_per_group.54434.html
=group_props   [{name,mam_muc},parallel]
=started       2024-12-18 20:39:10
=ended         2024-12-18 20:39:10
=result        ok
=elapsed       0.000002s
=group_time    0.217s
=case          ejabberd_SUITE:init_per_group
=logfile       ejabberd_suite.init_per_group.54466.html
=group_props   [{name,mam_mucsub},parallel]
=started       2024-12-18 20:39:10
=ended         2024-12-18 20:39:10
=result        ok
=elapsed       0.000002s
=case          ejabberd_SUITE:mam_mucsub_master
=logfile       ejabberd_suite.mam_mucsub_master.50083.html
=started       2024-12-18 20:39:10
=ended         2024-12-18 20:39:10
=result        ok
=elapsed       0.139260s
=case          ejabberd_SUITE:mam_mucsub_slave
=logfile       ejabberd_suite.mam_mucsub_slave.54498.html
=started       2024-12-18 20:39:10
=ended         2024-12-18 20:39:10
=result        ok
=elapsed       0.139089s
=case          ejabberd_SUITE:end_per_group
=logfile       ejabberd_suite.end_per_group.54562.html
=group_props   [{name,mam_mucsub},parallel]
=started       2024-12-18 20:39:10
=ended         2024-12-18 20:39:10
=result        ok
=elapsed       0.000002s
=group_time    0.200s
=case          ejabberd_SUITE:init_per_group
=logfile       ejabberd_suite.init_per_group.37156.html
=group_props   [{name,mam_mucsub_from_muc},parallel]
=started       2024-12-18 20:39:10
=ended         2024-12-18 20:39:10
=result        ok
=elapsed       0.000003s
=case          ejabberd_SUITE:mam_mucsub_from_muc_master
=logfile       ejabberd_suite.mam_mucsub_from_muc_master.37188.html
=started       2024-12-18 20:39:10
=ended         2024-12-18 20:39:11
=result        ok
=elapsed       0.143235s
=case          ejabberd_SUITE:mam_mucsub_from_muc_slave
=logfile       ejabberd_suite.mam_mucsub_from_muc_slave.54594.html
=started       2024-12-18 20:39:10
=ended         2024-12-18 20:39:11
=result        ok
=elapsed       0.137600s
=case          ejabberd_SUITE:end_per_group
=logfile       ejabberd_suite.end_per_group.54690.html
=group_props   [{name,mam_mucsub_from_muc},parallel]
=started       2024-12-18 20:39:11
=ended         2024-12-18 20:39:11
=result        ok
=elapsed       0.000002s
=group_time    0.200s
=case          ejabberd_SUITE:init_per_group
=logfile       ejabberd_suite.init_per_group.54722.html
=group_props   [{name,mam_mucsub_from_muc_non_persistent},parallel]
=started       2024-12-18 20:39:11
=ended         2024-12-18 20:39:11
=result        ok
=elapsed       0.000003s
=case          ejabberd_SUITE:mam_mucsub_from_muc_non_persistent_master
=logfile       ejabberd_suite.mam_mucsub_from_muc_non_persistent_master.54754.html
=started       2024-12-18 20:39:11
=ended         2024-12-18 20:39:11
=result        ok
=elapsed       0.138554s
=case          ejabberd_SUITE:mam_mucsub_from_muc_non_persistent_slave
=logfile       ejabberd_suite.mam_mucsub_from_muc_non_persistent_slave.50179.html
=started       2024-12-18 20:39:11
=ended         2024-12-18 20:39:11
=result        ok
=elapsed       0.136258s
=case          ejabberd_SUITE:end_per_group
=logfile       ejabberd_suite.end_per_group.37348.html
=group_props   [{name,mam_mucsub_from_muc_non_persistent},parallel]
=started       2024-12-18 20:39:11
=ended         2024-12-18 20:39:11
=result        ok
=elapsed       0.000002s
=group_time    0.198s
=case          ejabberd_SUITE:end_per_group
=logfile       ejabberd_suite.end_per_group.37380.html
=group_props   [{name,mam_master_slave},sequence]
=started       2024-12-18 20:39:11
=ended         2024-12-18 20:39:11
=result        ok
=elapsed       0.000007s
=group_time    2.727s
=case          ejabberd_SUITE:init_per_group
=logfile       ejabberd_suite.init_per_group.37412.html
=group_props   [{name,announce_master_slave},sequence]
=started       2024-12-18 20:39:11
=ended         2024-12-18 20:39:11
=result        ok
=elapsed       0.000002s
=case          ejabberd_SUITE:init_per_group
=logfile       ejabberd_suite.init_per_group.37444.html
=group_props   [{name,announce_set_motd},parallel]
=started       2024-12-18 20:39:11
=ended         2024-12-18 20:39:11
=result        ok
=elapsed       0.000003s
=case          ejabberd_SUITE:announce_set_motd_master
=logfile       ejabberd_suite.announce_set_motd_master.37476.html
=started       2024-12-18 20:39:11
=ended         2024-12-18 20:39:11
=result        ok
=elapsed       0.239147s
=case          ejabberd_SUITE:announce_set_motd_slave
=logfile       ejabberd_suite.announce_set_motd_slave.37508.html
=started       2024-12-18 20:39:11
=ended         2024-12-18 20:39:11
=result        ok
=elapsed       0.238375s
=case          ejabberd_SUITE:end_per_group
=logfile       ejabberd_suite.end_per_group.54818.html
=group_props   [{name,announce_set_motd},parallel]
=started       2024-12-18 20:39:11
=ended         2024-12-18 20:39:11
=result        ok
=elapsed       0.000008s
=group_time    0.299s
=case          ejabberd_SUITE:end_per_group
=logfile       ejabberd_suite.end_per_group.54850.html
=group_props   [{name,announce_master_slave},sequence]
=started       2024-12-18 20:39:11
=ended         2024-12-18 20:39:11
=result        ok
=elapsed       0.000001s
=group_time    0.348s
=case          ejabberd_SUITE:init_per_group
=logfile       ejabberd_suite.init_per_group.54882.html
=group_props   [{name,push_master_slave},sequence]
=started       2024-12-18 20:39:11
=ended         2024-12-18 20:39:11
=result        ok
=elapsed       0.000003s
=case          ejabberd_SUITE:init_per_group
=logfile       ejabberd_suite.init_per_group.16357.html
=group_props   [{name,push_sm},parallel]
=started       2024-12-18 20:39:11
=ended         2024-12-18 20:39:11
=result        ok
=elapsed       0.000002s
=case          ejabberd_SUITE:push_sm_master
=logfile       ejabberd_suite.push_sm_master.16389.html
=started       2024-12-18 20:39:11
=ended         2024-12-18 20:39:19
=result        ok
=elapsed       8.195239s
=case          ejabberd_SUITE:push_sm_slave
=logfile       ejabberd_suite.push_sm_slave.16421.html
=started       2024-12-18 20:39:11
=ended         2024-12-18 20:39:11
=result        ok
=elapsed       0.087161s
=case          ejabberd_SUITE:end_per_group
=logfile       ejabberd_suite.end_per_group.16485.html
=group_props   [{name,push_sm},parallel]
=started       2024-12-18 20:39:19
=ended         2024-12-18 20:39:19
=result        ok
=elapsed       0.000002s
=group_time    8.253s
=case          ejabberd_SUITE:init_per_group
=logfile       ejabberd_suite.init_per_group.16517.html
=group_props   [{name,push_offline},parallel]
=started       2024-12-18 20:39:19
=ended         2024-12-18 20:39:20
=result        ok
=elapsed       0.000002s
=case          ejabberd_SUITE:push_offline_master
=logfile       ejabberd_suite.push_offline_master.50403.html
=started       2024-12-18 20:39:20
=ended         2024-12-18 20:39:20
=result        ok
=elapsed       0.294692s
=case          ejabberd_SUITE:push_offline_slave
=logfile       ejabberd_suite.push_offline_slave.54946.html
=started       2024-12-18 20:39:20
=ended         2024-12-18 20:39:20
=result        ok
=elapsed       0.148397s
=case          ejabberd_SUITE:end_per_group
=logfile       ejabberd_suite.end_per_group.55010.html
=group_props   [{name,push_offline},parallel]
=started       2024-12-18 20:39:20
=ended         2024-12-18 20:39:20
=result        ok
=elapsed       0.000002s
=group_time    0.352s
=case          ejabberd_SUITE:init_per_group
=logfile       ejabberd_suite.init_per_group.55042.html
=group_props   [{name,push_mam},parallel]
=started       2024-12-18 20:39:20
=ended         2024-12-18 20:39:20
=result        ok
=elapsed       0.000002s
=case          ejabberd_SUITE:push_mam_master
=logfile       ejabberd_suite.push_mam_master.55074.html
=started       2024-12-18 20:39:20
=ended         2024-12-18 20:39:20
=result        ok
=elapsed       0.195469s
=case          ejabberd_SUITE:push_mam_slave
=logfile       ejabberd_suite.push_mam_slave.55106.html
=started       2024-12-18 20:39:20
=ended         2024-12-18 20:39:20
=result        ok
=elapsed       0.303136s
=case          ejabberd_SUITE:end_per_group
=logfile       ejabberd_suite.end_per_group.55202.html
=group_props   [{name,push_mam},parallel]
=started       2024-12-18 20:39:20
=ended         2024-12-18 20:39:20
=result        ok
=elapsed       0.000007s
=group_time    0.361s
=case          ejabberd_SUITE:end_per_group
=logfile       ejabberd_suite.end_per_group.55234.html
=group_props   [{name,push_master_slave},sequence]
=started       2024-12-18 20:39:20
=ended         2024-12-18 20:39:20
=result        ok
=elapsed       0.000007s
=group_time    9.065s
=case          ejabberd_SUITE:end_per_group
=logfile       ejabberd_suite.end_per_group.55266.html
=group_props   [{name,pgsql},sequence]
=started       2024-12-18 20:39:20
=ended         2024-12-18 20:39:20
=result        failed: {test_case_failed,
                           {failed_to_check_table_existence,pgsql,
                               {selected,[<<"exists">>],[[<<"f">>]]}}}, [{ejabberd_SUITE,
                                                                          end_per_group,
                                                                          196},
                                                                         {test_server,
                                                                          ts_tc,
                                                                          1793},
                                                                         {test_server,
                                                                          run_test_case_eval1,
                                                                          1390},
                                                                         {test_server,
                                                                          run_test_case_eval,
                                                                          1234}]
=elapsed       0.001453s
=== *** FAILED {ejabberd_SUITE,end_per_group} ***
=group_time    102.167s
=case          ejabberd_SUITE:init_per_group
=logfile       ejabberd_suite.init_per_group.55298.html
=group_props   [{name,sqlite},sequence]
=started       2024-12-18 20:39:20
=ended         2024-12-18 20:39:20
=result        ok
=elapsed       0.000313s
=case          ejabberd_SUITE:init_per_group
=logfile       ejabberd_suite.init_per_group.55330.html
=group_props   [{name,single_user},sequence]
=started       2024-12-18 20:39:20
=ended         2024-12-18 20:39:20
=result        ok
=elapsed       0.000002s
=case          ejabberd_SUITE:test_register
=logfile       ejabberd_suite.test_register.55362.html
=started       2024-12-18 20:39:20
=ended         2024-12-18 20:39:20
=result        ok
=elapsed       0.006486s
=case          ejabberd_SUITE:init_per_group
=logfile       ejabberd_suite.init_per_group.55426.html
=group_props   [{name,legacy_auth},parallel]
=started       2024-12-18 20:39:20
=ended         2024-12-18 20:39:20
=result        ok
=elapsed       0.000001s
=case          ejabberd_SUITE:test_legacy_auth_feature
=logfile       ejabberd_suite.test_legacy_auth_feature.55490.html
=started       2024-12-18 20:39:20
=ended         2024-12-18 20:39:20
=result        ok
=elapsed       0.001898s
=case          ejabberd_SUITE:test_legacy_auth
=logfile       ejabberd_suite.test_legacy_auth.55458.html
=started       2024-12-18 20:39:20
=ended         2024-12-18 20:39:21
=result        ok
=elapsed       0.110712s
=case          ejabberd_SUITE:test_legacy_auth_digest
=logfile       ejabberd_suite.test_legacy_auth_digest.16709.html
=started       2024-12-18 20:39:20
=ended         2024-12-18 20:39:21
=result        ok
=elapsed       0.111556s
=case          ejabberd_SUITE:test_legacy_auth_no_resource
=logfile       ejabberd_suite.test_legacy_auth_no_resource.16677.html
=started       2024-12-18 20:39:20
=ended         2024-12-18 20:39:20
=result        ok
=elapsed       0.002355s
=case          ejabberd_SUITE:test_legacy_auth_bad_jid
=logfile       ejabberd_suite.test_legacy_auth_bad_jid.16773.html
=started       2024-12-18 20:39:20
=ended         2024-12-18 20:39:20
=result        ok
=elapsed       0.001332s
=case          ejabberd_SUITE:test_legacy_auth_fail
=logfile       ejabberd_suite.test_legacy_auth_fail.16741.html
=started       2024-12-18 20:39:20
=ended         2024-12-18 20:39:20
=result        ok
=elapsed       0.003912s
=case          ejabberd_SUITE:end_per_group
=logfile       ejabberd_suite.end_per_group.37604.html
=group_props   [{name,legacy_auth},parallel]
=started       2024-12-18 20:39:21
=ended         2024-12-18 20:39:21
=result        ok
=elapsed       0.000002s
=group_time    0.177s
=case          ejabberd_SUITE:auth_plain
=logfile       ejabberd_suite.auth_plain.37636.html
=started       2024-12-18 20:39:21
=ended         2024-12-18 20:39:21
=result        ok
=elapsed       0.001615s
=case          ejabberd_SUITE:auth_md5
=logfile       ejabberd_suite.auth_md5.37668.html
=started       2024-12-18 20:39:21
=ended         2024-12-18 20:39:21
=result        ok
=elapsed       0.002090s
=case          ejabberd_SUITE:presence_broadcast
=logfile       ejabberd_suite.presence_broadcast.50659.html
=started       2024-12-18 20:39:21
=ended         2024-12-18 20:39:21
=result        ok
=elapsed       0.209204s
=case          ejabberd_SUITE:last
=logfile       ejabberd_suite.last.50691.html
=started       2024-12-18 20:39:21
=ended         2024-12-18 20:39:21
=result        ok
=elapsed       0.103982s
=case          ejabberd_SUITE:init_per_group
=logfile       ejabberd_suite.init_per_group.50723.html
=group_props   [{name,webadmin_single},sequence]
=started       2024-12-18 20:39:21
=ended         2024-12-18 20:39:21
=result        ok
=elapsed       0.000003s
=case          ejabberd_SUITE:webadmin_login_page
=logfile       ejabberd_suite.webadmin_login_page.50755.html
=started       2024-12-18 20:39:21
=ended         2024-12-18 20:39:21
=result        ok
=elapsed       0.000377s
=case          ejabberd_SUITE:webadmin_welcome_page
=logfile       ejabberd_suite.webadmin_welcome_page.50787.html
=started       2024-12-18 20:39:21
=ended         2024-12-18 20:39:21
=result        ok
=elapsed       0.003860s
=case          ejabberd_SUITE:webadmin_user_page
=logfile       ejabberd_suite.webadmin_user_page.50819.html
=started       2024-12-18 20:39:21
=ended         2024-12-18 20:39:21
=result        ok
=elapsed       0.003201s
=case          ejabberd_SUITE:webadmin_adduser
=logfile       ejabberd_suite.webadmin_adduser.50851.html
=started       2024-12-18 20:39:21
=ended         2024-12-18 20:39:21
=result        ok
=elapsed       0.008395s
=case          ejabberd_SUITE:webadmin_changepassword
=logfile       ejabberd_suite.webadmin_changepassword.50883.html
=started       2024-12-18 20:39:21
=ended         2024-12-18 20:39:21
=result        ok
=elapsed       0.003825s
=case          ejabberd_SUITE:webadmin_removeuser
=logfile       ejabberd_suite.webadmin_removeuser.50915.html
=started       2024-12-18 20:39:21
=ended         2024-12-18 20:39:21
=result        ok
=elapsed       0.007798s
=case          ejabberd_SUITE:end_per_group
=logfile       ejabberd_suite.end_per_group.50947.html
=group_props   [{name,webadmin_single},sequence]
=started       2024-12-18 20:39:21
=ended         2024-12-18 20:39:21
=result        ok
=elapsed       0.000002s
=group_time    0.203s
=case          ejabberd_SUITE:init_per_group
=logfile       ejabberd_suite.init_per_group.50979.html
=group_props   [{name,roster_single},sequence]
=started       2024-12-18 20:39:21
=ended         2024-12-18 20:39:21
=result        ok
=elapsed       0.000002s
=case          ejabberd_SUITE:roster_feature_enabled
=logfile       ejabberd_suite.roster_feature_enabled.51011.html
=started       2024-12-18 20:39:21
=ended         2024-12-18 20:39:21
=result        ok
=elapsed       0.102070s
=case          ejabberd_SUITE:roster_iq_set_many_items
=logfile       ejabberd_suite.roster_iq_set_many_items.51107.html
=started       2024-12-18 20:39:21
=ended         2024-12-18 20:39:22
=result        ok
=elapsed       0.103375s
=case          ejabberd_SUITE:roster_iq_set_duplicated_groups
=logfile       ejabberd_suite.roster_iq_set_duplicated_groups.51139.html
=started       2024-12-18 20:39:22
=ended         2024-12-18 20:39:22
=result        ok
=elapsed       0.103396s
=case          ejabberd_SUITE:roster_iq_get_item
=logfile       ejabberd_suite.roster_iq_get_item.51171.html
=started       2024-12-18 20:39:22
=ended         2024-12-18 20:39:22
=result        ok
=elapsed       0.103266s
=case          ejabberd_SUITE:roster_iq_unexpected_element
=logfile       ejabberd_suite.roster_iq_unexpected_element.51235.html
=started       2024-12-18 20:39:22
=ended         2024-12-18 20:39:22
=result        ok
=elapsed       0.103529s
=case          ejabberd_SUITE:roster_iq_set_ask
=logfile       ejabberd_suite.roster_iq_set_ask.51299.html
=started       2024-12-18 20:39:22
=ended         2024-12-18 20:39:22
=result        ok
=elapsed       0.103233s
=case          ejabberd_SUITE:roster_set_item
=logfile       ejabberd_suite.roster_set_item.51395.html
=started       2024-12-18 20:39:22
=ended         2024-12-18 20:39:22
=result        ok
=elapsed       0.322044s
=case          ejabberd_SUITE:roster_version
=logfile       ejabberd_suite.roster_version.51459.html
=started       2024-12-18 20:39:22
=ended         2024-12-18 20:39:23
=result        ok
=elapsed       0.151935s
=case          ejabberd_SUITE:end_per_group
=logfile       ejabberd_suite.end_per_group.51587.html
=group_props   [{name,roster_single},sequence]
=started       2024-12-18 20:39:23
=ended         2024-12-18 20:39:23
=result        ok
=elapsed       0.000002s
=group_time    1.363s
=case          ejabberd_SUITE:init_per_group
=logfile       ejabberd_suite.init_per_group.51619.html
=group_props   [{name,private_single},sequence]
=started       2024-12-18 20:39:23
=ended         2024-12-18 20:39:23
=result        ok
=elapsed       0.000002s
=case          ejabberd_SUITE:private_test_features
=logfile       ejabberd_suite.private_test_features.51651.html
=started       2024-12-18 20:39:23
=ended         2024-12-18 20:39:23
=result        ok
=elapsed       0.103127s
=case          ejabberd_SUITE:private_test_no_namespace
=logfile       ejabberd_suite.private_test_no_namespace.51715.html
=started       2024-12-18 20:39:23
=ended         2024-12-18 20:39:23
=result        ok
=elapsed       0.103382s
=case          ejabberd_SUITE:private_test_set_get
=logfile       ejabberd_suite.private_test_set_get.51779.html
=started       2024-12-18 20:39:23
=ended         2024-12-18 20:39:23
=result        ok
=elapsed       0.136514s
=case          ejabberd_SUITE:private_test_published
=logfile       ejabberd_suite.private_test_published.51843.html
=started       2024-12-18 20:39:23
=ended         2024-12-18 20:39:23
=result        ok
=elapsed       0.110779s
=case          ejabberd_SUITE:end_per_group
=logfile       ejabberd_suite.end_per_group.51939.html
=group_props   [{name,private_single},sequence]
=started       2024-12-18 20:39:23
=ended         2024-12-18 20:39:23
=result        ok
=elapsed       0.000002s
=group_time    0.602s
=case          ejabberd_SUITE:init_per_group
=logfile       ejabberd_suite.init_per_group.51971.html
=group_props   [{name,privacy_single},sequence]
=started       2024-12-18 20:39:23
=ended         2024-12-18 20:39:23
=result        ok
=elapsed       0.000002s
=case          ejabberd_SUITE:privacy_feature_enabled
=logfile       ejabberd_suite.privacy_feature_enabled.52003.html
=started       2024-12-18 20:39:23
=ended         2024-12-18 20:39:23
=result        ok
=elapsed       0.103968s
=case          ejabberd_SUITE:privacy_set_get_list
=logfile       ejabberd_suite.privacy_set_get_list.52067.html
=started       2024-12-18 20:39:23
=ended         2024-12-18 20:39:24
=result        ok
=elapsed       0.148561s
=case          ejabberd_SUITE:privacy_get_list_non_existent
=logfile       ejabberd_suite.privacy_get_list_non_existent.52163.html
=started       2024-12-18 20:39:24
=ended         2024-12-18 20:39:24
=result        ok
=elapsed       0.103562s
=case          ejabberd_SUITE:privacy_get_empty_lists
=logfile       ejabberd_suite.privacy_get_empty_lists.56290.html
=started       2024-12-18 20:39:24
=ended         2024-12-18 20:39:24
=result        ok
=elapsed       0.103738s
=case          ejabberd_SUITE:privacy_set_default
=logfile       ejabberd_suite.privacy_set_default.52259.html
=started       2024-12-18 20:39:24
=ended         2024-12-18 20:39:24
=result        ok
=elapsed       0.152097s
=case          ejabberd_SUITE:privacy_del_default
=logfile       ejabberd_suite.privacy_del_default.52355.html
=started       2024-12-18 20:39:24
=ended         2024-12-18 20:39:24
=result        ok
=elapsed       0.158644s
=case          ejabberd_SUITE:privacy_set_default_non_existent
=logfile       ejabberd_suite.privacy_set_default_non_existent.56386.html
=started       2024-12-18 20:39:24
=ended         2024-12-18 20:39:24
=result        ok
=elapsed       0.103415s
=case          ejabberd_SUITE:privacy_set_active
=logfile       ejabberd_suite.privacy_set_active.56482.html
=started       2024-12-18 20:39:24
=ended         2024-12-18 20:39:25
=result        ok
=elapsed       0.150621s
=case          ejabberd_SUITE:privacy_del_active
=logfile       ejabberd_suite.privacy_del_active.56578.html
=started       2024-12-18 20:39:25
=ended         2024-12-18 20:39:25
=result        ok
=elapsed       0.153603s
=case          ejabberd_SUITE:privacy_set_active_non_existent
=logfile       ejabberd_suite.privacy_set_active_non_existent.56642.html
=started       2024-12-18 20:39:25
=ended         2024-12-18 20:39:25
=result        ok
=elapsed       0.103824s
=case          ejabberd_SUITE:privacy_remove_list
=logfile       ejabberd_suite.privacy_remove_list.56738.html
=started       2024-12-18 20:39:25
=ended         2024-12-18 20:39:25
=result        ok
=elapsed       0.149623s
=case          ejabberd_SUITE:privacy_remove_default_list
=logfile       ejabberd_suite.privacy_remove_default_list.56802.html
=started       2024-12-18 20:39:25
=ended         2024-12-18 20:39:25
=result        ok
=elapsed       0.152774s
=case          ejabberd_SUITE:privacy_remove_active_list
=logfile       ejabberd_suite.privacy_remove_active_list.56866.html
=started       2024-12-18 20:39:25
=ended         2024-12-18 20:39:25
=result        ok
=elapsed       0.149627s
=case          ejabberd_SUITE:privacy_remove_list_non_existent
=logfile       ejabberd_suite.privacy_remove_list_non_existent.56930.html
=started       2024-12-18 20:39:25
=ended         2024-12-18 20:39:26
=result        ok
=elapsed       0.104161s
=case          ejabberd_SUITE:privacy_allow_local_server
=logfile       ejabberd_suite.privacy_allow_local_server.57026.html
=started       2024-12-18 20:39:26
=ended         2024-12-18 20:39:26
=result        ok
=elapsed       0.197549s
=case          ejabberd_SUITE:privacy_malformed_iq_query
=logfile       ejabberd_suite.privacy_malformed_iq_query.57058.html
=started       2024-12-18 20:39:26
=ended         2024-12-18 20:39:26
=result        ok
=elapsed       0.104264s
=case          ejabberd_SUITE:privacy_malformed_get
=logfile       ejabberd_suite.privacy_malformed_get.57090.html
=started       2024-12-18 20:39:26
=ended         2024-12-18 20:39:26
=result        ok
=elapsed       0.105741s
=case          ejabberd_SUITE:privacy_malformed_set
=logfile       ejabberd_suite.privacy_malformed_set.57154.html
=started       2024-12-18 20:39:26
=ended         2024-12-18 20:39:26
=result        ok
=elapsed       0.105472s
=case          ejabberd_SUITE:privacy_malformed_type_value
=logfile       ejabberd_suite.privacy_malformed_type_value.57186.html
=started       2024-12-18 20:39:26
=ended         2024-12-18 20:39:26
=result        ok
=elapsed       0.104920s
=case          ejabberd_SUITE:privacy_set_get_block
=logfile       ejabberd_suite.privacy_set_get_block.57250.html
=started       2024-12-18 20:39:26
=ended         2024-12-18 20:39:27
=result        ok
=elapsed       0.197086s
=case          ejabberd_SUITE:end_per_group
=logfile       ejabberd_suite.end_per_group.57282.html
=group_props   [{name,privacy_single},sequence]
=started       2024-12-18 20:39:27
=ended         2024-12-18 20:39:27
=result        ok
=elapsed       0.000006s
=group_time    3.289s
=case          ejabberd_SUITE:init_per_group
=logfile       ejabberd_suite.init_per_group.57314.html
=group_props   [{name,vcard_single},sequence]
=started       2024-12-18 20:39:27
=ended         2024-12-18 20:39:27
=result        ok
=elapsed       0.000002s
=case          ejabberd_SUITE:vcard_feature_enabled
=logfile       ejabberd_suite.vcard_feature_enabled.57346.html
=started       2024-12-18 20:39:27
=ended         2024-12-18 20:39:27
=result        ok
=elapsed       0.104639s
=case          ejabberd_SUITE:vcard_get_set
=logfile       ejabberd_suite.vcard_get_set.57442.html
=started       2024-12-18 20:39:27
=ended         2024-12-18 20:39:27
=result        ok
=elapsed       0.106724s
=case          ejabberd_SUITE:vcard_service_vcard
=logfile       ejabberd_suite.vcard_service_vcard.57506.html
=started       2024-12-18 20:39:27
=ended         2024-12-18 20:39:27
=result        ok
=elapsed       0.103511s
=case          ejabberd_SUITE:end_per_group
=logfile       ejabberd_suite.end_per_group.57570.html
=group_props   [{name,vcard_single},sequence]
=started       2024-12-18 20:39:27
=ended         2024-12-18 20:39:27
=result        ok
=elapsed       0.000006s
=group_time    0.430s
=case          ejabberd_SUITE:init_per_group
=logfile       ejabberd_suite.init_per_group.57602.html
=group_props   [{name,pubsub_single},sequence]
=started       2024-12-18 20:39:27
=ended         2024-12-18 20:39:27
=result        ok
=elapsed       0.000003s
=case          ejabberd_SUITE:pubsub_test_features
=logfile       ejabberd_suite.pubsub_test_features.57634.html
=started       2024-12-18 20:39:27
=ended         2024-12-18 20:39:27
=result        ok
=elapsed       0.104122s
=case          ejabberd_SUITE:pubsub_test_vcard
=logfile       ejabberd_suite.pubsub_test_vcard.57698.html
=started       2024-12-18 20:39:27
=ended         2024-12-18 20:39:27
=result        ok
=elapsed       0.103869s
=case          ejabberd_SUITE:pubsub_test_create
=logfile       ejabberd_suite.pubsub_test_create.57794.html
=started       2024-12-18 20:39:27
=ended         2024-12-18 20:39:27
=result        ok
=elapsed       0.105862s
=case          ejabberd_SUITE:pubsub_test_configure
=logfile       ejabberd_suite.pubsub_test_configure.37860.html
=started       2024-12-18 20:39:27
=ended         2024-12-18 20:39:28
=result        ok
=elapsed       0.111294s
=case          ejabberd_SUITE:pubsub_test_delete
=logfile       ejabberd_suite.pubsub_test_delete.37924.html
=started       2024-12-18 20:39:28
=ended         2024-12-18 20:39:28
=result        ok
=elapsed       0.105862s
=case          ejabberd_SUITE:pubsub_test_get_affiliations
=logfile       ejabberd_suite.pubsub_test_get_affiliations.57922.html
=started       2024-12-18 20:39:28
=ended         2024-12-18 20:39:28
=result        ok
=elapsed       0.138984s
=case          ejabberd_SUITE:pubsub_test_get_subscriptions
=logfile       ejabberd_suite.pubsub_test_get_subscriptions.57986.html
=started       2024-12-18 20:39:28
=ended         2024-12-18 20:39:28
=result        ok
=elapsed       0.151745s
=case          ejabberd_SUITE:pubsub_test_create_instant
=logfile       ejabberd_suite.pubsub_test_create_instant.58018.html
=started       2024-12-18 20:39:28
=ended         2024-12-18 20:39:28
=result        ok
=elapsed       0.110798s
=case          ejabberd_SUITE:pubsub_test_default
=logfile       ejabberd_suite.pubsub_test_default.58082.html
=started       2024-12-18 20:39:28
=ended         2024-12-18 20:39:28
=result        ok
=elapsed       0.104086s
=case          ejabberd_SUITE:pubsub_test_create_configure
=logfile       ejabberd_suite.pubsub_test_create_configure.58178.html
=started       2024-12-18 20:39:28
=ended         2024-12-18 20:39:29
=result        ok
=elapsed       0.114749s
=case          ejabberd_SUITE:pubsub_test_publish
=logfile       ejabberd_suite.pubsub_test_publish.58274.html
=started       2024-12-18 20:39:29
=ended         2024-12-18 20:39:29
=result        ok
=elapsed       0.112613s
=case          ejabberd_SUITE:pubsub_test_auto_create
=logfile       ejabberd_suite.pubsub_test_auto_create.58338.html
=started       2024-12-18 20:39:29
=ended         2024-12-18 20:39:29
=result        ok
=elapsed       0.111656s
=case          ejabberd_SUITE:pubsub_test_get_items
=logfile       ejabberd_suite.pubsub_test_get_items.52931.html
=started       2024-12-18 20:39:29
=ended         2024-12-18 20:39:29
=result        ok
=elapsed       0.125099s
=case          ejabberd_SUITE:pubsub_test_delete_item
=logfile       ejabberd_suite.pubsub_test_delete_item.52963.html
=started       2024-12-18 20:39:29
=ended         2024-12-18 20:39:29
=result        ok
=elapsed       0.117539s
=case          ejabberd_SUITE:pubsub_test_purge
=logfile       ejabberd_suite.pubsub_test_purge.52995.html
=started       2024-12-18 20:39:29
=ended         2024-12-18 20:39:29
=result        ok
=elapsed       0.130105s
=case          ejabberd_SUITE:pubsub_test_subscribe
=logfile       ejabberd_suite.pubsub_test_subscribe.53059.html
=started       2024-12-18 20:39:29
=ended         2024-12-18 20:39:29
=result        ok
=elapsed       0.114624s
=case          ejabberd_SUITE:pubsub_test_subscribe_max_item_1
=logfile       ejabberd_suite.pubsub_test_subscribe_max_item_1.58658.html
=started       2024-12-18 20:39:29
=ended         2024-12-18 20:39:30
=result        ok
=elapsed       0.116185s
=case          ejabberd_SUITE:pubsub_test_unsubscribe
=logfile       ejabberd_suite.pubsub_test_unsubscribe.58722.html
=started       2024-12-18 20:39:30
=ended         2024-12-18 20:39:30
=result        ok
=elapsed       0.117570s
=case          ejabberd_SUITE:end_per_group
=logfile       ejabberd_suite.end_per_group.58786.html
=group_props   [{name,pubsub_single},sequence]
=started       2024-12-18 20:39:30
=ended         2024-12-18 20:39:30
=result        ok
=elapsed       0.000003s
=group_time    2.672s
=case          ejabberd_SUITE:init_per_group
=logfile       ejabberd_suite.init_per_group.58818.html
=group_props   [{name,muc_single},sequence]
=started       2024-12-18 20:39:30
=ended         2024-12-18 20:39:30
=result        ok
=elapsed       0.000004s
=case          ejabberd_SUITE:muc_service_presence_error
=logfile       ejabberd_suite.muc_service_presence_error.58850.html
=started       2024-12-18 20:39:30
=ended         2024-12-18 20:39:30
=result        ok
=elapsed       0.189068s
=case          ejabberd_SUITE:muc_service_message_error
=logfile       ejabberd_suite.muc_service_message_error.58914.html
=started       2024-12-18 20:39:30
=ended         2024-12-18 20:39:30
=result        ok
=elapsed       0.190820s
=case          ejabberd_SUITE:muc_service_unknown_ns_iq_error
=logfile       ejabberd_suite.muc_service_unknown_ns_iq_error.59010.html
=started       2024-12-18 20:39:30
=ended         2024-12-18 20:39:30
=result        ok
=elapsed       0.190515s
=case          ejabberd_SUITE:muc_service_iq_set_error
=logfile       ejabberd_suite.muc_service_iq_set_error.59106.html
=started       2024-12-18 20:39:30
=ended         2024-12-18 20:39:31
=result        ok
=elapsed       0.321303s
=case          ejabberd_SUITE:muc_service_improper_iq_error
=logfile       ejabberd_suite.muc_service_improper_iq_error.53251.html
=started       2024-12-18 20:39:31
=ended         2024-12-18 20:39:31
=result        ok
=elapsed       0.276933s
=case          ejabberd_SUITE:muc_service_features
=logfile       ejabberd_suite.muc_service_features.53347.html
=started       2024-12-18 20:39:31
=ended         2024-12-18 20:39:31
=result        ok
=elapsed       0.103593s
=case          ejabberd_SUITE:muc_service_disco_info_node_error
=logfile       ejabberd_suite.muc_service_disco_info_node_error.59202.html
=started       2024-12-18 20:39:31
=ended         2024-12-18 20:39:31
=result        ok
=elapsed       0.103231s
=case          ejabberd_SUITE:muc_service_disco_items
=logfile       ejabberd_suite.muc_service_disco_items.59266.html
=started       2024-12-18 20:39:31
=ended         2024-12-18 20:39:32
=result        ok
=elapsed       0.170584s
=case          ejabberd_SUITE:muc_service_unique
=logfile       ejabberd_suite.muc_service_unique.59490.html
=started       2024-12-18 20:39:32
=ended         2024-12-18 20:39:32
=result        ok
=elapsed       0.103100s
=case          ejabberd_SUITE:muc_service_vcard
=logfile       ejabberd_suite.muc_service_vcard.59554.html
=started       2024-12-18 20:39:32
=ended         2024-12-18 20:39:32
=result        ok
=elapsed       0.104023s
=case          ejabberd_SUITE:muc_configure_non_existent
=logfile       ejabberd_suite.muc_configure_non_existent.59618.html
=started       2024-12-18 20:39:32
=ended         2024-12-18 20:39:32
=result        ok
=elapsed       0.108138s
=case          ejabberd_SUITE:muc_cancel_configure_non_existent
=logfile       ejabberd_suite.muc_cancel_configure_non_existent.59714.html
=started       2024-12-18 20:39:32
=ended         2024-12-18 20:39:32
=result        ok
=elapsed       0.107308s
=case          ejabberd_SUITE:muc_service_subscriptions
=logfile       ejabberd_suite.muc_service_subscriptions.59810.html
=started       2024-12-18 20:39:32
=ended         2024-12-18 20:39:32
=result        ok
=elapsed       0.196043s
=case          ejabberd_SUITE:muc_set_room_affiliation
=logfile       ejabberd_suite.muc_set_room_affiliation.59906.html
=started       2024-12-18 20:39:32
=ended         2024-12-18 20:39:32
=result        ok
=elapsed       0.117736s
=case          ejabberd_SUITE:end_per_group
=logfile       ejabberd_suite.end_per_group.59970.html
=group_props   [{name,muc_single},sequence]
=started       2024-12-18 20:39:32
=ended         2024-12-18 20:39:32
=result        ok
=elapsed       0.000002s
=group_time    2.742s
=case          ejabberd_SUITE:init_per_group
=logfile       ejabberd_suite.init_per_group.60002.html
=group_props   [{name,offline_single},sequence]
=started       2024-12-18 20:39:32
=ended         2024-12-18 20:39:33
=result        ok
=elapsed       0.000003s
=case          ejabberd_SUITE:offline_feature_enabled
=logfile       ejabberd_suite.offline_feature_enabled.53699.html
=started       2024-12-18 20:39:33
=ended         2024-12-18 20:39:33
=result        ok
=elapsed       0.103377s
=case          ejabberd_SUITE:offline_check_identity
=logfile       ejabberd_suite.offline_check_identity.53763.html
=started       2024-12-18 20:39:33
=ended         2024-12-18 20:39:33
=result        ok
=elapsed       0.103157s
=case          ejabberd_SUITE:offline_send_non_existent
=logfile       ejabberd_suite.offline_send_non_existent.53827.html
=started       2024-12-18 20:39:33
=ended         2024-12-18 20:39:33
=result        ok
=elapsed       0.103243s
=case          ejabberd_SUITE:offline_view_non_existent
=logfile       ejabberd_suite.offline_view_non_existent.60130.html
=started       2024-12-18 20:39:33
=ended         2024-12-18 20:39:33
=result        ok
=elapsed       0.103533s
=case          ejabberd_SUITE:offline_remove_non_existent
=logfile       ejabberd_suite.offline_remove_non_existent.60194.html
=started       2024-12-18 20:39:33
=ended         2024-12-18 20:39:33
=result        ok
=elapsed       0.103470s
=case          ejabberd_SUITE:offline_view_non_integer
=logfile       ejabberd_suite.offline_view_non_integer.60290.html
=started       2024-12-18 20:39:33
=ended         2024-12-18 20:39:33
=result        ok
=elapsed       0.103023s
=case          ejabberd_SUITE:offline_remove_non_integer
=logfile       ejabberd_suite.offline_remove_non_integer.60386.html
=started       2024-12-18 20:39:33
=ended         2024-12-18 20:39:33
=result        ok
=elapsed       0.103315s
=case          ejabberd_SUITE:offline_malformed_iq
=logfile       ejabberd_suite.offline_malformed_iq.60482.html
=started       2024-12-18 20:39:33
=ended         2024-12-18 20:39:34
=result        ok
=elapsed       0.106035s
=case          ejabberd_SUITE:offline_wrong_user
=logfile       ejabberd_suite.offline_wrong_user.60546.html
=started       2024-12-18 20:39:34
=ended         2024-12-18 20:39:34
=result        ok
=elapsed       0.109454s
=case          ejabberd_SUITE:offline_unsupported_iq
=logfile       ejabberd_suite.offline_unsupported_iq.60578.html
=started       2024-12-18 20:39:34
=ended         2024-12-18 20:39:34
=result        ok
=elapsed       0.103662s
=case          ejabberd_SUITE:end_per_group
=logfile       ejabberd_suite.end_per_group.60610.html
=group_props   [{name,offline_single},sequence]
=started       2024-12-18 20:39:34
=ended         2024-12-18 20:39:34
=result        ok
=elapsed       0.000003s
=group_time    1.374s
=case          ejabberd_SUITE:init_per_group
=logfile       ejabberd_suite.init_per_group.60642.html
=group_props   [{name,mam_single},sequence]
=started       2024-12-18 20:39:34
=ended         2024-12-18 20:39:34
=result        ok
=elapsed       0.000003s
=case          ejabberd_SUITE:mam_feature_enabled
=logfile       ejabberd_suite.mam_feature_enabled.60674.html
=started       2024-12-18 20:39:34
=ended         2024-12-18 20:39:34
=result        ok
=elapsed       0.106297s
=case          ejabberd_SUITE:mam_get_set_prefs
=logfile       ejabberd_suite.mam_get_set_prefs.54083.html
=started       2024-12-18 20:39:34
=ended         2024-12-18 20:39:36
=result        ok
=elapsed       1.894399s
=case          ejabberd_SUITE:mam_get_form
=logfile       ejabberd_suite.mam_get_form.54115.html
=started       2024-12-18 20:39:36
=ended         2024-12-18 20:39:36
=result        ok
=elapsed       0.106539s
=case          ejabberd_SUITE:mam_fake_by
=logfile       ejabberd_suite.mam_fake_by.54179.html
=started       2024-12-18 20:39:36
=ended         2024-12-18 20:39:36
=result        ok
=elapsed       0.104583s
=case          ejabberd_SUITE:end_per_group
=logfile       ejabberd_suite.end_per_group.54243.html
=group_props   [{name,mam_single},sequence]
=started       2024-12-18 20:39:36
=ended         2024-12-18 20:39:36
=result        ok
=elapsed       0.000002s
=group_time    2.358s
=case          ejabberd_SUITE:init_per_group
=logfile       ejabberd_suite.init_per_group.54275.html
=group_props   [{name,push_single},sequence]
=started       2024-12-18 20:39:36
=ended         2024-12-18 20:39:36
=result        ok
=elapsed       0.000002s
=case          ejabberd_SUITE:push_feature_enabled
=logfile       ejabberd_suite.push_feature_enabled.54307.html
=started       2024-12-18 20:39:36
=ended         2024-12-18 20:39:36
=result        ok
=elapsed       0.103661s
=case          ejabberd_SUITE:push_unsupported_iq
=logfile       ejabberd_suite.push_unsupported_iq.54371.html
=started       2024-12-18 20:39:36
=ended         2024-12-18 20:39:37
=result        ok
=elapsed       0.104115s
=case          ejabberd_SUITE:end_per_group
=logfile       ejabberd_suite.end_per_group.54435.html
=group_props   [{name,push_single},sequence]
=started       2024-12-18 20:39:37
=ended         2024-12-18 20:39:37
=result        ok
=elapsed       0.000002s
=group_time    0.296s
=case          ejabberd_SUITE:test_unregister
=logfile       ejabberd_suite.test_unregister.54467.html
=started       2024-12-18 20:39:37
=ended         2024-12-18 20:39:37
=result        ok
=elapsed       0.009296s
=case          ejabberd_SUITE:end_per_group
=logfile       ejabberd_suite.end_per_group.54531.html
=group_props   [{name,single_user},sequence]
=started       2024-12-18 20:39:37
=ended         2024-12-18 20:39:37
=result        ok
=elapsed       0.000007s
=group_time    16.310s
=case          ejabberd_SUITE:init_per_group
=logfile       ejabberd_suite.init_per_group.54563.html
=group_props   [{name,muc_master_slave},sequence]
=started       2024-12-18 20:39:37
=ended         2024-12-18 20:39:37
=result        ok
=elapsed       0.000002s
=case          ejabberd_SUITE:init_per_group
=logfile       ejabberd_suite.init_per_group.54595.html
=group_props   [{name,muc_register},parallel]
=started       2024-12-18 20:39:37
=ended         2024-12-18 20:39:37
=result        ok
=elapsed       0.000002s
=case          ejabberd_SUITE:muc_register_master
=logfile       ejabberd_suite.muc_register_master.54627.html
=started       2024-12-18 20:39:37
=ended         2024-12-18 20:39:37
=result        ok
=elapsed       0.121775s
=case          ejabberd_SUITE:muc_register_slave
=logfile       ejabberd_suite.muc_register_slave.54659.html
=started       2024-12-18 20:39:37
=ended         2024-12-18 20:39:37
=result        ok
=elapsed       0.116758s
=case          ejabberd_SUITE:end_per_group
=logfile       ejabberd_suite.end_per_group.54787.html
=group_props   [{name,muc_register},parallel]
=started       2024-12-18 20:39:37
=ended         2024-12-18 20:39:37
=result        ok
=elapsed       0.000002s
=group_time    0.183s
=case          ejabberd_SUITE:init_per_group
=logfile       ejabberd_suite.init_per_group.54819.html
=group_props   [{name,muc_groupchat_msg},parallel]
=started       2024-12-18 20:39:37
=ended         2024-12-18 20:39:37
=result        ok
=elapsed       0.000002s
=case          ejabberd_SUITE:muc_groupchat_msg_master
=logfile       ejabberd_suite.muc_groupchat_msg_master.54851.html
=started       2024-12-18 20:39:37
=ended         2024-12-18 20:39:37
=result        ok
=elapsed       0.126007s
=case          ejabberd_SUITE:muc_groupchat_msg_slave
=logfile       ejabberd_suite.muc_groupchat_msg_slave.54883.html
=started       2024-12-18 20:39:37
=ended         2024-12-18 20:39:37
=result        ok
=elapsed       0.122960s
=case          ejabberd_SUITE:end_per_group
=logfile       ejabberd_suite.end_per_group.54915.html
=group_props   [{name,muc_groupchat_msg},parallel]
=started       2024-12-18 20:39:37
=ended         2024-12-18 20:39:37
=result        ok
=elapsed       0.000002s
=group_time    0.186s
=case          ejabberd_SUITE:init_per_group
=logfile       ejabberd_suite.init_per_group.54947.html
=group_props   [{name,muc_private_msg},parallel]
=started       2024-12-18 20:39:37
=ended         2024-12-18 20:39:37
=result        ok
=elapsed       0.000003s
=case          ejabberd_SUITE:muc_private_msg_master
=logfile       ejabberd_suite.muc_private_msg_master.61122.html
=started       2024-12-18 20:39:37
=ended         2024-12-18 20:39:37
=result        ok
=elapsed       0.165371s
=case          ejabberd_SUITE:muc_private_msg_slave
=logfile       ejabberd_suite.muc_private_msg_slave.61154.html
=started       2024-12-18 20:39:37
=ended         2024-12-18 20:39:37
=result        ok
=elapsed       0.159855s
=case          ejabberd_SUITE:end_per_group
=logfile       ejabberd_suite.end_per_group.61250.html
=group_props   [{name,muc_private_msg},parallel]
=started       2024-12-18 20:39:37
=ended         2024-12-18 20:39:37
=result        ok
=elapsed       0.000002s
=group_time    0.225s
=case          ejabberd_SUITE:init_per_group
=logfile       ejabberd_suite.init_per_group.38212.html
=group_props   [{name,muc_set_subject},parallel]
=started       2024-12-18 20:39:37
=ended         2024-12-18 20:39:37
=result        ok
=elapsed       0.000003s
=case          ejabberd_SUITE:muc_set_subject_master
=logfile       ejabberd_suite.muc_set_subject_master.38244.html
=started       2024-12-18 20:39:37
=ended         2024-12-18 20:39:38
=result        ok
=elapsed       0.136207s
=case          ejabberd_SUITE:muc_set_subject_slave
=logfile       ejabberd_suite.muc_set_subject_slave.38276.html
=started       2024-12-18 20:39:37
=ended         2024-12-18 20:39:38
=result        ok
=elapsed       0.130552s
=case          ejabberd_SUITE:end_per_group
=logfile       ejabberd_suite.end_per_group.55075.html
=group_props   [{name,muc_set_subject},parallel]
=started       2024-12-18 20:39:38
=ended         2024-12-18 20:39:38
=result        ok
=elapsed       0.000002s
=group_time    0.196s
=case          ejabberd_SUITE:init_per_group
=logfile       ejabberd_suite.init_per_group.55107.html
=group_props   [{name,muc_history},parallel]
=started       2024-12-18 20:39:38
=ended         2024-12-18 20:39:38
=result        ok
=elapsed       0.000002s
=case          ejabberd_SUITE:muc_history_master
=logfile       ejabberd_suite.muc_history_master.55139.html
=started       2024-12-18 20:39:38
=ended         2024-12-18 20:39:38
=result        ok
=elapsed       0.164305s
=case          ejabberd_SUITE:muc_history_slave
=logfile       ejabberd_suite.muc_history_slave.55171.html
=started       2024-12-18 20:39:38
=ended         2024-12-18 20:39:38
=result        ok
=elapsed       0.158888s
=case          ejabberd_SUITE:end_per_group
=logfile       ejabberd_suite.end_per_group.55299.html
=group_props   [{name,muc_history},parallel]
=started       2024-12-18 20:39:38
=ended         2024-12-18 20:39:38
=result        ok
=elapsed       0.000002s
=group_time    0.226s
=case          ejabberd_SUITE:init_per_group
=logfile       ejabberd_suite.init_per_group.55331.html
=group_props   [{name,muc_invite},parallel]
=started       2024-12-18 20:39:38
=ended         2024-12-18 20:39:38
=result        ok
=elapsed       0.000002s
=case          ejabberd_SUITE:muc_invite_master
=logfile       ejabberd_suite.muc_invite_master.55363.html
=started       2024-12-18 20:39:38
=ended         2024-12-18 20:39:38
=result        ok
=elapsed       0.118129s
=case          ejabberd_SUITE:muc_invite_slave
=logfile       ejabberd_suite.muc_invite_slave.55395.html
=started       2024-12-18 20:39:38
=ended         2024-12-18 20:39:38
=result        ok
=elapsed       0.153496s
=case          ejabberd_SUITE:end_per_group
=logfile       ejabberd_suite.end_per_group.55459.html
=group_props   [{name,muc_invite},parallel]
=started       2024-12-18 20:39:38
=ended         2024-12-18 20:39:38
=result        ok
=elapsed       0.000003s
=group_time    0.214s
=case          ejabberd_SUITE:init_per_group
=logfile       ejabberd_suite.init_per_group.55491.html
=group_props   [{name,muc_invite_members_only},parallel]
=started       2024-12-18 20:39:38
=ended         2024-12-18 20:39:38
=result        ok
=elapsed       0.000002s
=case          ejabberd_SUITE:muc_invite_members_only_master
=logfile       ejabberd_suite.muc_invite_members_only_master.55523.html
=started       2024-12-18 20:39:38
=ended         2024-12-18 20:39:38
=result        ok
=elapsed       0.122279s
=case          ejabberd_SUITE:muc_invite_members_only_slave
=logfile       ejabberd_suite.muc_invite_members_only_slave.55555.html
=started       2024-12-18 20:39:38
=ended         2024-12-18 20:39:38
=result        ok
=elapsed       0.117942s
=case          ejabberd_SUITE:end_per_group
=logfile       ejabberd_suite.end_per_group.55683.html
=group_props   [{name,muc_invite_members_only},parallel]
=started       2024-12-18 20:39:38
=ended         2024-12-18 20:39:38
=result        ok
=elapsed       0.000002s
=group_time    0.182s
=case          ejabberd_SUITE:init_per_group
=logfile       ejabberd_suite.init_per_group.55715.html
=group_props   [{name,muc_invite_password_protected},parallel]
=started       2024-12-18 20:39:38
=ended         2024-12-18 20:39:38
=result        ok
=elapsed       0.000002s
=case          ejabberd_SUITE:muc_invite_password_protected_master
=logfile       ejabberd_suite.muc_invite_password_protected_master.17093.html
=started       2024-12-18 20:39:38
=ended         2024-12-18 20:39:38
=result        ok
=elapsed       0.161634s
=case          ejabberd_SUITE:muc_invite_password_protected_slave
=logfile       ejabberd_suite.muc_invite_password_protected_slave.17061.html
=started       2024-12-18 20:39:38
=ended         2024-12-18 20:39:38
=result        ok
=elapsed       0.115294s
=case          ejabberd_SUITE:end_per_group
=logfile       ejabberd_suite.end_per_group.17125.html
=group_props   [{name,muc_invite_password_protected},parallel]
=started       2024-12-18 20:39:38
=ended         2024-12-18 20:39:39
=result        ok
=elapsed       0.000007s
=group_time    0.223s
=case          ejabberd_SUITE:init_per_group
=logfile       ejabberd_suite.init_per_group.55843.html
=group_props   [{name,muc_voice_request},parallel]
=started       2024-12-18 20:39:39
=ended         2024-12-18 20:39:39
=result        ok
=elapsed       0.000003s
=case          ejabberd_SUITE:muc_voice_request_master
=logfile       ejabberd_suite.muc_voice_request_master.55875.html
=started       2024-12-18 20:39:39
=ended         2024-12-18 20:39:39
=result        ok
=elapsed       0.127755s
=case          ejabberd_SUITE:muc_voice_request_slave
=logfile       ejabberd_suite.muc_voice_request_slave.55907.html
=started       2024-12-18 20:39:39
=ended         2024-12-18 20:39:39
=result        ok
=elapsed       0.123270s
=case          ejabberd_SUITE:end_per_group
=logfile       ejabberd_suite.end_per_group.61506.html
=group_props   [{name,muc_voice_request},parallel]
=started       2024-12-18 20:39:39
=ended         2024-12-18 20:39:39
=result        ok
=elapsed       0.000002s
=group_time    0.188s
=case          ejabberd_SUITE:init_per_group
=logfile       ejabberd_suite.init_per_group.61538.html
=group_props   [{name,muc_change_role},parallel]
=started       2024-12-18 20:39:39
=ended         2024-12-18 20:39:39
=result        ok
=elapsed       0.000003s
=case          ejabberd_SUITE:muc_change_role_master
=logfile       ejabberd_suite.muc_change_role_master.56003.html
=started       2024-12-18 20:39:39
=ended         2024-12-18 20:39:39
=result        ok
=elapsed       0.135387s
=case          ejabberd_SUITE:muc_change_role_slave
=logfile       ejabberd_suite.muc_change_role_slave.56035.html
=started       2024-12-18 20:39:39
=ended         2024-12-18 20:39:39
=result        ok
=elapsed       0.128670s
=case          ejabberd_SUITE:end_per_group
=logfile       ejabberd_suite.end_per_group.56163.html
=group_props   [{name,muc_change_role},parallel]
=started       2024-12-18 20:39:39
=ended         2024-12-18 20:39:39
=result        ok
=elapsed       0.000008s
=group_time    0.196s
=case          ejabberd_SUITE:init_per_group
=logfile       ejabberd_suite.init_per_group.56195.html
=group_props   [{name,muc_kick},parallel]
=started       2024-12-18 20:39:39
=ended         2024-12-18 20:39:39
=result        ok
=elapsed       0.000003s
=case          ejabberd_SUITE:muc_kick_master
=logfile       ejabberd_suite.muc_kick_master.56227.html
=started       2024-12-18 20:39:39
=ended         2024-12-18 20:39:39
=result        ok
=elapsed       0.125204s
=case          ejabberd_SUITE:muc_kick_slave
=logfile       ejabberd_suite.muc_kick_slave.56259.html
=started       2024-12-18 20:39:39
=ended         2024-12-18 20:39:39
=result        ok
=elapsed       0.119989s
=case          ejabberd_SUITE:end_per_group
=logfile       ejabberd_suite.end_per_group.56355.html
=group_props   [{name,muc_kick},parallel]
=started       2024-12-18 20:39:39
=ended         2024-12-18 20:39:39
=result        ok
=elapsed       0.000007s
=group_time    0.185s
=case          ejabberd_SUITE:init_per_group
=logfile       ejabberd_suite.init_per_group.56387.html
=group_props   [{name,muc_change_affiliation},parallel]
=started       2024-12-18 20:39:39
=ended         2024-12-18 20:39:39
=result        ok
=elapsed       0.000002s
=case          ejabberd_SUITE:muc_change_affiliation_master
=logfile       ejabberd_suite.muc_change_affiliation_master.56419.html
=started       2024-12-18 20:39:39
=ended         2024-12-18 20:39:39
=result        ok
=elapsed       0.140979s
=case          ejabberd_SUITE:muc_change_affiliation_slave
=logfile       ejabberd_suite.muc_change_affiliation_slave.56451.html
=started       2024-12-18 20:39:39
=ended         2024-12-18 20:39:39
=result        ok
=elapsed       0.135117s
=case          ejabberd_SUITE:end_per_group
=logfile       ejabberd_suite.end_per_group.56579.html
=group_props   [{name,muc_change_affiliation},parallel]
=started       2024-12-18 20:39:39
=ended         2024-12-18 20:39:39
=result        ok
=elapsed       0.000002s
=group_time    0.200s
=case          ejabberd_SUITE:init_per_group
=logfile       ejabberd_suite.init_per_group.56611.html
=group_props   [{name,muc_destroy},parallel]
=started       2024-12-18 20:39:39
=ended         2024-12-18 20:39:39
=result        ok
=elapsed       0.000002s
=case          ejabberd_SUITE:muc_destroy_master
=logfile       ejabberd_suite.muc_destroy_master.61666.html
=started       2024-12-18 20:39:39
=ended         2024-12-18 20:39:40
=result        ok
=elapsed       0.122166s
=case          ejabberd_SUITE:muc_destroy_slave
=logfile       ejabberd_suite.muc_destroy_slave.38660.html
=started       2024-12-18 20:39:39
=ended         2024-12-18 20:39:40
=result        ok
=elapsed       0.122992s
=case          ejabberd_SUITE:end_per_group
=logfile       ejabberd_suite.end_per_group.38788.html
=group_props   [{name,muc_destroy},parallel]
=started       2024-12-18 20:39:40
=ended         2024-12-18 20:39:40
=result        ok
=elapsed       0.000002s
=group_time    0.182s
=case          ejabberd_SUITE:init_per_group
=logfile       ejabberd_suite.init_per_group.38820.html
=group_props   [{name,muc_vcard},parallel]
=started       2024-12-18 20:39:40
=ended         2024-12-18 20:39:40
=result        ok
=elapsed       0.000002s
=case          ejabberd_SUITE:muc_vcard_master
=logfile       ejabberd_suite.muc_vcard_master.38852.html
=started       2024-12-18 20:39:40
=ended         2024-12-18 20:39:40
=result        ok
=elapsed       0.127351s
=case          ejabberd_SUITE:muc_vcard_slave
=logfile       ejabberd_suite.muc_vcard_slave.38884.html
=started       2024-12-18 20:39:40
=ended         2024-12-18 20:39:40
=result        ok
=elapsed       0.120730s
=case          ejabberd_SUITE:end_per_group
=logfile       ejabberd_suite.end_per_group.39012.html
=group_props   [{name,muc_vcard},parallel]
=started       2024-12-18 20:39:40
=ended         2024-12-18 20:39:40
=result        ok
=elapsed       0.000002s
=group_time    0.187s
=case          ejabberd_SUITE:init_per_group
=logfile       ejabberd_suite.init_per_group.56707.html
=group_props   [{name,muc_nick_change},parallel]
=started       2024-12-18 20:39:40
=ended         2024-12-18 20:39:40
=result        ok
=elapsed       0.000003s
=case          ejabberd_SUITE:muc_nick_change_master
=logfile       ejabberd_suite.muc_nick_change_master.56739.html
=started       2024-12-18 20:39:40
=ended         2024-12-18 20:39:40
=result        ok
=elapsed       0.122547s
=case          ejabberd_SUITE:muc_nick_change_slave
=logfile       ejabberd_suite.muc_nick_change_slave.39044.html
=started       2024-12-18 20:39:40
=ended         2024-12-18 20:39:40
=result        ok
=elapsed       0.119200s
=case          ejabberd_SUITE:end_per_group
=logfile       ejabberd_suite.end_per_group.39140.html
=group_props   [{name,muc_nick_change},parallel]
=started       2024-12-18 20:39:40
=ended         2024-12-18 20:39:40
=result        ok
=elapsed       0.000002s
=group_time    0.183s
=case          ejabberd_SUITE:init_per_group
=logfile       ejabberd_suite.init_per_group.39172.html
=group_props   [{name,muc_config_title_desc},parallel]
=started       2024-12-18 20:39:40
=ended         2024-12-18 20:39:40
=result        ok
=elapsed       0.000003s
=case          ejabberd_SUITE:muc_config_title_desc_master
=logfile       ejabberd_suite.muc_config_title_desc_master.39204.html
=started       2024-12-18 20:39:40
=ended         2024-12-18 20:39:40
=result        ok
=elapsed       0.127086s
=case          ejabberd_SUITE:muc_config_title_desc_slave
=logfile       ejabberd_suite.muc_config_title_desc_slave.39236.html
=started       2024-12-18 20:39:40
=ended         2024-12-18 20:39:40
=result        ok
=elapsed       0.119616s
=case          ejabberd_SUITE:end_per_group
=logfile       ejabberd_suite.end_per_group.61826.html
=group_props   [{name,muc_config_title_desc},parallel]
=started       2024-12-18 20:39:40
=ended         2024-12-18 20:39:40
=result        ok
=elapsed       0.000002s
=group_time    0.188s
=case          ejabberd_SUITE:init_per_group
=logfile       ejabberd_suite.init_per_group.61858.html
=group_props   [{name,muc_config_public_list},parallel]
=started       2024-12-18 20:39:40
=ended         2024-12-18 20:39:40
=result        ok
=elapsed       0.000002s
=case          ejabberd_SUITE:muc_config_public_list_master
=logfile       ejabberd_suite.muc_config_public_list_master.56899.html
=started       2024-12-18 20:39:40
=ended         2024-12-18 20:39:40
=result        ok
=elapsed       0.128556s
=case          ejabberd_SUITE:muc_config_public_list_slave
=logfile       ejabberd_suite.muc_config_public_list_slave.61890.html
=started       2024-12-18 20:39:40
=ended         2024-12-18 20:39:40
=result        ok
=elapsed       0.122080s
=case          ejabberd_SUITE:end_per_group
=logfile       ejabberd_suite.end_per_group.56931.html
=group_props   [{name,muc_config_public_list},parallel]
=started       2024-12-18 20:39:40
=ended         2024-12-18 20:39:40
=result        ok
=elapsed       0.000011s
=group_time    0.189s
=case          ejabberd_SUITE:init_per_group
=logfile       ejabberd_suite.init_per_group.56963.html
=group_props   [{name,muc_config_password},parallel]
=started       2024-12-18 20:39:40
=ended         2024-12-18 20:39:40
=result        ok
=elapsed       0.000004s
=case          ejabberd_SUITE:muc_config_password_master
=logfile       ejabberd_suite.muc_config_password_master.56995.html
=started       2024-12-18 20:39:40
=ended         2024-12-18 20:39:41
=result        ok
=elapsed       0.131512s
=case          ejabberd_SUITE:muc_config_password_slave
=logfile       ejabberd_suite.muc_config_password_slave.57027.html
=started       2024-12-18 20:39:40
=ended         2024-12-18 20:39:41
=result        ok
=elapsed       0.126071s
=case          ejabberd_SUITE:end_per_group
=logfile       ejabberd_suite.end_per_group.39396.html
=group_props   [{name,muc_config_password},parallel]
=started       2024-12-18 20:39:41
=ended         2024-12-18 20:39:41
=result        ok
=elapsed       0.000009s
=group_time    0.190s
=case          ejabberd_SUITE:init_per_group
=logfile       ejabberd_suite.init_per_group.39428.html
=group_props   [{name,muc_config_whois},parallel]
=started       2024-12-18 20:39:41
=ended         2024-12-18 20:39:41
=result        ok
=elapsed       0.000003s
=case          ejabberd_SUITE:muc_config_whois_master
=logfile       ejabberd_suite.muc_config_whois_master.39460.html
=started       2024-12-18 20:39:41
=ended         2024-12-18 20:39:41
=result        ok
=elapsed       0.133568s
=case          ejabberd_SUITE:muc_config_whois_slave
=logfile       ejabberd_suite.muc_config_whois_slave.39492.html
=started       2024-12-18 20:39:41
=ended         2024-12-18 20:39:41
=result        ok
=elapsed       0.126925s
=case          ejabberd_SUITE:end_per_group
=logfile       ejabberd_suite.end_per_group.39588.html
=group_props   [{name,muc_config_whois},parallel]
=started       2024-12-18 20:39:41
=ended         2024-12-18 20:39:41
=result        ok
=elapsed       0.000002s
=group_time    0.193s
=case          ejabberd_SUITE:init_per_group
=logfile       ejabberd_suite.init_per_group.39620.html
=group_props   [{name,muc_config_members_only},parallel]
=started       2024-12-18 20:39:41
=ended         2024-12-18 20:39:41
=result        ok
=elapsed       0.000002s
=case          ejabberd_SUITE:muc_config_members_only_master
=logfile       ejabberd_suite.muc_config_members_only_master.39652.html
=started       2024-12-18 20:39:41
=ended         2024-12-18 20:39:41
=result        ok
=elapsed       0.136567s
=case          ejabberd_SUITE:muc_config_members_only_slave
=logfile       ejabberd_suite.muc_config_members_only_slave.39684.html
=started       2024-12-18 20:39:41
=ended         2024-12-18 20:39:41
=result        ok
=elapsed       0.130097s
=case          ejabberd_SUITE:end_per_group
=logfile       ejabberd_suite.end_per_group.62114.html
=group_props   [{name,muc_config_members_only},parallel]
=started       2024-12-18 20:39:41
=ended         2024-12-18 20:39:41
=result        ok
=elapsed       0.000002s
=group_time    0.196s
=case          ejabberd_SUITE:init_per_group
=logfile       ejabberd_suite.init_per_group.62146.html
=group_props   [{name,muc_config_moderated},parallel]
=started       2024-12-18 20:39:41
=ended         2024-12-18 20:39:41
=result        ok
=elapsed       0.000003s
=case          ejabberd_SUITE:muc_config_moderated_master
=logfile       ejabberd_suite.muc_config_moderated_master.62178.html
=started       2024-12-18 20:39:41
=ended         2024-12-18 20:39:41
=result        ok
=elapsed       0.128491s
=case          ejabberd_SUITE:muc_config_moderated_slave
=logfile       ejabberd_suite.muc_config_moderated_slave.62210.html
=started       2024-12-18 20:39:41
=ended         2024-12-18 20:39:41
=result        ok
=elapsed       0.121948s
=case          ejabberd_SUITE:end_per_group
=logfile       ejabberd_suite.end_per_group.62242.html
=group_props   [{name,muc_config_moderated},parallel]
=started       2024-12-18 20:39:41
=ended         2024-12-18 20:39:41
=result        ok
=elapsed       0.000008s
=group_time    0.187s
=case          ejabberd_SUITE:init_per_group
=logfile       ejabberd_suite.init_per_group.62274.html
=group_props   [{name,muc_config_private_messages},parallel]
=started       2024-12-18 20:39:41
=ended         2024-12-18 20:39:41
=result        ok
=elapsed       0.000003s
=case          ejabberd_SUITE:muc_config_private_messages_master
=logfile       ejabberd_suite.muc_config_private_messages_master.62306.html
=started       2024-12-18 20:39:41
=ended         2024-12-18 20:39:41
=result        ok
=elapsed       0.140905s
=case          ejabberd_SUITE:muc_config_private_messages_slave
=logfile       ejabberd_suite.muc_config_private_messages_slave.62338.html
=started       2024-12-18 20:39:41
=ended         2024-12-18 20:39:41
=result        ok
=elapsed       0.134557s
=case          ejabberd_SUITE:end_per_group
=logfile       ejabberd_suite.end_per_group.39876.html
=group_props   [{name,muc_config_private_messages},parallel]
=started       2024-12-18 20:39:42
=ended         2024-12-18 20:39:42
=result        ok
=elapsed       0.000002s
=group_time    0.200s
=case          ejabberd_SUITE:init_per_group
=logfile       ejabberd_suite.init_per_group.39908.html
=group_props   [{name,muc_config_query},parallel]
=started       2024-12-18 20:39:42
=ended         2024-12-18 20:39:42
=result        ok
=elapsed       0.000003s
=case          ejabberd_SUITE:muc_config_query_master
=logfile       ejabberd_suite.muc_config_query_master.39940.html
=started       2024-12-18 20:39:42
=ended         2024-12-18 20:39:42
=result        ok
=elapsed       0.170762s
=case          ejabberd_SUITE:muc_config_query_slave
=logfile       ejabberd_suite.muc_config_query_slave.39972.html
=started       2024-12-18 20:39:42
=ended         2024-12-18 20:39:42
=result        ok
=elapsed       0.164054s
=case          ejabberd_SUITE:end_per_group
=logfile       ejabberd_suite.end_per_group.40036.html
=group_props   [{name,muc_config_query},parallel]
=started       2024-12-18 20:39:42
=ended         2024-12-18 20:39:42
=result        ok
=elapsed       0.000002s
=group_time    0.230s
=case          ejabberd_SUITE:init_per_group
=logfile       ejabberd_suite.init_per_group.40068.html
=group_props   [{name,muc_config_allow_invites},parallel]
=started       2024-12-18 20:39:42
=ended         2024-12-18 20:39:42
=result        ok
=elapsed       0.000002s
=case          ejabberd_SUITE:muc_config_allow_invites_master
=logfile       ejabberd_suite.muc_config_allow_invites_master.40100.html
=started       2024-12-18 20:39:42
=ended         2024-12-18 20:39:42
=result        ok
=elapsed       0.126954s
=case          ejabberd_SUITE:muc_config_allow_invites_slave
=logfile       ejabberd_suite.muc_config_allow_invites_slave.57091.html
=started       2024-12-18 20:39:42
=ended         2024-12-18 20:39:42
=result        ok
=elapsed       0.124445s
=case          ejabberd_SUITE:end_per_group
=logfile       ejabberd_suite.end_per_group.40228.html
=group_props   [{name,muc_config_allow_invites},parallel]
=started       2024-12-18 20:39:42
=ended         2024-12-18 20:39:42
=result        ok
=elapsed       0.000009s
=group_time    0.186s
=case          ejabberd_SUITE:init_per_group
=logfile       ejabberd_suite.init_per_group.40260.html
=group_props   [{name,muc_config_visitor_status},parallel]
=started       2024-12-18 20:39:42
=ended         2024-12-18 20:39:42
=result        ok
=elapsed       0.000002s
=case          ejabberd_SUITE:muc_config_visitor_status_master
=logfile       ejabberd_suite.muc_config_visitor_status_master.40292.html
=started       2024-12-18 20:39:42
=ended         2024-12-18 20:39:42
=result        ok
=elapsed       0.127865s
=case          ejabberd_SUITE:muc_config_visitor_status_slave
=logfile       ejabberd_suite.muc_config_visitor_status_slave.40324.html
=started       2024-12-18 20:39:42
=ended         2024-12-18 20:39:42
=result        ok
=elapsed       0.123351s
=case          ejabberd_SUITE:end_per_group
=logfile       ejabberd_suite.end_per_group.40388.html
=group_props   [{name,muc_config_visitor_status},parallel]
=started       2024-12-18 20:39:42
=ended         2024-12-18 20:39:42
=result        ok
=elapsed       0.000002s
=group_time    0.188s
=case          ejabberd_SUITE:init_per_group
=logfile       ejabberd_suite.init_per_group.40420.html
=group_props   [{name,muc_config_allow_voice_requests},parallel]
=started       2024-12-18 20:39:42
=ended         2024-12-18 20:39:42
=result        ok
=elapsed       0.000002s
=case          ejabberd_SUITE:muc_config_allow_voice_requests_master
=logfile       ejabberd_suite.muc_config_allow_voice_requests_master.40452.html
=started       2024-12-18 20:39:42
=ended         2024-12-18 20:39:42
=result        ok
=elapsed       0.127844s
=case          ejabberd_SUITE:muc_config_allow_voice_requests_slave
=logfile       ejabberd_suite.muc_config_allow_voice_requests_slave.57123.html
=started       2024-12-18 20:39:42
=ended         2024-12-18 20:39:42
=result        ok
=elapsed       0.123494s
=case          ejabberd_SUITE:end_per_group
=logfile       ejabberd_suite.end_per_group.57187.html
=group_props   [{name,muc_config_allow_voice_requests},parallel]
=started       2024-12-18 20:39:42
=ended         2024-12-18 20:39:42
=result        ok
=elapsed       0.000007s
=group_time    0.186s
=case          ejabberd_SUITE:init_per_group
=logfile       ejabberd_suite.init_per_group.57219.html
=group_props   [{name,muc_config_voice_request_interval},parallel]
=started       2024-12-18 20:39:42
=ended         2024-12-18 20:39:42
=result        ok
=elapsed       0.000002s
=case          ejabberd_SUITE:muc_config_voice_request_interval_master
=logfile       ejabberd_suite.muc_config_voice_request_interval_master.57251.html
=started       2024-12-18 20:39:42
=ended         2024-12-18 20:39:48
=result        ok
=elapsed       5.217584s
=case          ejabberd_SUITE:muc_config_voice_request_interval_slave
=logfile       ejabberd_suite.muc_config_voice_request_interval_slave.57283.html
=started       2024-12-18 20:39:42
=ended         2024-12-18 20:39:48
=result        ok
=elapsed       5.212115s
=case          ejabberd_SUITE:end_per_group
=logfile       ejabberd_suite.end_per_group.57347.html
=group_props   [{name,muc_config_voice_request_interval},parallel]
=started       2024-12-18 20:39:48
=ended         2024-12-18 20:39:48
=result        ok
=elapsed       0.000002s
=group_time    5.276s
=case          ejabberd_SUITE:init_per_group
=logfile       ejabberd_suite.init_per_group.57379.html
=group_props   [{name,muc_config_visitor_nickchange},parallel]
=started       2024-12-18 20:39:48
=ended         2024-12-18 20:39:48
=result        ok
=elapsed       0.000002s
=case          ejabberd_SUITE:muc_config_visitor_nickchange_master
=logfile       ejabberd_suite.muc_config_visitor_nickchange_master.57411.html
=started       2024-12-18 20:39:48
=ended         2024-12-18 20:39:48
=result        ok
=elapsed       0.126025s
=case          ejabberd_SUITE:muc_config_visitor_nickchange_slave
=logfile       ejabberd_suite.muc_config_visitor_nickchange_slave.57443.html
=started       2024-12-18 20:39:48
=ended         2024-12-18 20:39:48
=result        ok
=elapsed       0.121751s
=case          ejabberd_SUITE:end_per_group
=logfile       ejabberd_suite.end_per_group.57571.html
=group_props   [{name,muc_config_visitor_nickchange},parallel]
=started       2024-12-18 20:39:48
=ended         2024-12-18 20:39:48
=result        ok
=elapsed       0.000002s
=group_time    0.187s
=case          ejabberd_SUITE:init_per_group
=logfile       ejabberd_suite.init_per_group.57603.html
=group_props   [{name,muc_join_conflict},parallel]
=started       2024-12-18 20:39:48
=ended         2024-12-18 20:39:48
=result        ok
=elapsed       0.000002s
=case          ejabberd_SUITE:muc_join_conflict_master
=logfile       ejabberd_suite.muc_join_conflict_master.57635.html
=started       2024-12-18 20:39:48
=ended         2024-12-18 20:39:48
=result        ok
=elapsed       0.118379s
=case          ejabberd_SUITE:muc_join_conflict_slave
=logfile       ejabberd_suite.muc_join_conflict_slave.62690.html
=started       2024-12-18 20:39:48
=ended         2024-12-18 20:39:48
=result        ok
=elapsed       0.113174s
=case          ejabberd_SUITE:end_per_group
=logfile       ejabberd_suite.end_per_group.62786.html
=group_props   [{name,muc_join_conflict},parallel]
=started       2024-12-18 20:39:48
=ended         2024-12-18 20:39:48
=result        ok
=elapsed       0.000002s
=group_time    0.177s
=case          ejabberd_SUITE:end_per_group
=logfile       ejabberd_suite.end_per_group.57731.html
=group_props   [{name,muc_master_slave},sequence]
=started       2024-12-18 20:39:48
=ended         2024-12-18 20:39:48
=result        ok
=elapsed       0.000001s
=group_time    11.477s
=case          ejabberd_SUITE:init_per_group
=logfile       ejabberd_suite.init_per_group.57763.html
=group_props   [{name,privacy_master_slave},sequence]
=started       2024-12-18 20:39:48
=ended         2024-12-18 20:39:48
=result        ok
=elapsed       0.000003s
=case          ejabberd_SUITE:init_per_group
=logfile       ejabberd_suite.init_per_group.57795.html
=group_props   [{name,privacy_deny_bare_jid},parallel]
=started       2024-12-18 20:39:48
=ended         2024-12-18 20:39:48
=result        ok
=elapsed       0.000002s
=case          ejabberd_SUITE:privacy_deny_bare_jid_master
=logfile       ejabberd_suite.privacy_deny_bare_jid_master.57827.html
=started       2024-12-18 20:39:48
=ended         2024-12-18 20:39:49
=result        ok
=elapsed       1.149350s
=case          ejabberd_SUITE:privacy_deny_bare_jid_slave
=logfile       ejabberd_suite.privacy_deny_bare_jid_slave.57859.html
=started       2024-12-18 20:39:48
=ended         2024-12-18 20:39:49
=result        ok
=elapsed       1.147989s
=case          ejabberd_SUITE:end_per_group
=logfile       ejabberd_suite.end_per_group.57955.html
=group_props   [{name,privacy_deny_bare_jid},parallel]
=started       2024-12-18 20:39:49
=ended         2024-12-18 20:39:49
=result        ok
=elapsed       0.000002s
=group_time    1.210s
=case          ejabberd_SUITE:init_per_group
=logfile       ejabberd_suite.init_per_group.57987.html
=group_props   [{name,privacy_deny_full_jid},parallel]
=started       2024-12-18 20:39:49
=ended         2024-12-18 20:39:49
=result        ok
=elapsed       0.000003s
=case          ejabberd_SUITE:privacy_deny_full_jid_master
=logfile       ejabberd_suite.privacy_deny_full_jid_master.58019.html
=started       2024-12-18 20:39:49
=ended         2024-12-18 20:39:51
=result        ok
=elapsed       1.156653s
=case          ejabberd_SUITE:privacy_deny_full_jid_slave
=logfile       ejabberd_suite.privacy_deny_full_jid_slave.58051.html
=started       2024-12-18 20:39:49
=ended         2024-12-18 20:39:51
=result        ok
=elapsed       1.153899s
=case          ejabberd_SUITE:end_per_group
=logfile       ejabberd_suite.end_per_group.62914.html
=group_props   [{name,privacy_deny_full_jid},parallel]
=started       2024-12-18 20:39:51
=ended         2024-12-18 20:39:51
=result        ok
=elapsed       0.000002s
=group_time    1.215s
=case          ejabberd_SUITE:init_per_group
=logfile       ejabberd_suite.init_per_group.62946.html
=group_props   [{name,privacy_deny_server_bare_jid},parallel]
=started       2024-12-18 20:39:51
=ended         2024-12-18 20:39:51
=result        ok
=elapsed       0.000003s
=case          ejabberd_SUITE:privacy_deny_server_bare_jid_master
=logfile       ejabberd_suite.privacy_deny_server_bare_jid_master.62978.html
=started       2024-12-18 20:39:51
=ended         2024-12-18 20:39:52
=result        ok
=elapsed       1.147528s
=case          ejabberd_SUITE:privacy_deny_server_bare_jid_slave
=logfile       ejabberd_suite.privacy_deny_server_bare_jid_slave.63010.html
=started       2024-12-18 20:39:51
=ended         2024-12-18 20:39:52
=result        ok
=elapsed       1.145022s
=case          ejabberd_SUITE:end_per_group
=logfile       ejabberd_suite.end_per_group.63042.html
=group_props   [{name,privacy_deny_server_bare_jid},parallel]
=started       2024-12-18 20:39:52
=ended         2024-12-18 20:39:52
=result        ok
=elapsed       0.000002s
=group_time    1.206s
=case          ejabberd_SUITE:init_per_group
=logfile       ejabberd_suite.init_per_group.63074.html
=group_props   [{name,privacy_deny_server_full_jid},parallel]
=started       2024-12-18 20:39:52
=ended         2024-12-18 20:39:52
=result        ok
=elapsed       0.000002s
=case          ejabberd_SUITE:privacy_deny_server_full_jid_master
=logfile       ejabberd_suite.privacy_deny_server_full_jid_master.63106.html
=started       2024-12-18 20:39:52
=ended         2024-12-18 20:39:53
=result        ok
=elapsed       1.143998s
=case          ejabberd_SUITE:privacy_deny_server_full_jid_slave
=logfile       ejabberd_suite.privacy_deny_server_full_jid_slave.63138.html
=started       2024-12-18 20:39:52
=ended         2024-12-18 20:39:53
=result        ok
=elapsed       1.142498s
=case          ejabberd_SUITE:end_per_group
=logfile       ejabberd_suite.end_per_group.18117.html
=group_props   [{name,privacy_deny_server_full_jid},parallel]
=started       2024-12-18 20:39:53
=ended         2024-12-18 20:39:53
=result        ok
=elapsed       0.000003s
=group_time    1.203s
=case          ejabberd_SUITE:init_per_group
=logfile       ejabberd_suite.init_per_group.18149.html
=group_props   [{name,privacy_deny_group},parallel]
=started       2024-12-18 20:39:53
=ended         2024-12-18 20:39:53
=result        ok
=elapsed       0.000003s
=case          ejabberd_SUITE:privacy_deny_group_master
=logfile       ejabberd_suite.privacy_deny_group_master.18181.html
=started       2024-12-18 20:39:53
=ended         2024-12-18 20:39:54
=result        ok
=elapsed       1.153034s
=case          ejabberd_SUITE:privacy_deny_group_slave
=logfile       ejabberd_suite.privacy_deny_group_slave.63266.html
=started       2024-12-18 20:39:53
=ended         2024-12-18 20:39:54
=result        ok
=elapsed       1.150252s
=case          ejabberd_SUITE:end_per_group
=logfile       ejabberd_suite.end_per_group.63298.html
=group_props   [{name,privacy_deny_group},parallel]
=started       2024-12-18 20:39:54
=ended         2024-12-18 20:39:54
=result        ok
=elapsed       0.000003s
=group_time    1.212s
=case          ejabberd_SUITE:init_per_group
=logfile       ejabberd_suite.init_per_group.58147.html
=group_props   [{name,privacy_deny_sub_both},parallel]
=started       2024-12-18 20:39:54
=ended         2024-12-18 20:39:54
=result        ok
=elapsed       0.000003s
=case          ejabberd_SUITE:privacy_deny_sub_both_master
=logfile       ejabberd_suite.privacy_deny_sub_both_master.58179.html
=started       2024-12-18 20:39:54
=ended         2024-12-18 20:39:56
=result        ok
=elapsed       1.167414s
=case          ejabberd_SUITE:privacy_deny_sub_both_slave
=logfile       ejabberd_suite.privacy_deny_sub_both_slave.58211.html
=started       2024-12-18 20:39:54
=ended         2024-12-18 20:39:56
=result        ok
=elapsed       1.164587s
=case          ejabberd_SUITE:end_per_group
=logfile       ejabberd_suite.end_per_group.58307.html
=group_props   [{name,privacy_deny_sub_both},parallel]
=started       2024-12-18 20:39:56
=ended         2024-12-18 20:39:56
=result        ok
=elapsed       0.000002s
=group_time    1.230s
=case          ejabberd_SUITE:init_per_group
=logfile       ejabberd_suite.init_per_group.18501.html
=group_props   [{name,privacy_deny_sub_from},parallel]
=started       2024-12-18 20:39:56
=ended         2024-12-18 20:39:56
=result        ok
=elapsed       0.000003s
=case          ejabberd_SUITE:privacy_deny_sub_from_master
=logfile       ejabberd_suite.privacy_deny_sub_from_master.18533.html
=started       2024-12-18 20:39:56
=ended         2024-12-18 20:39:57
=result        ok
=elapsed       1.156366s
=case          ejabberd_SUITE:privacy_deny_sub_from_slave
=logfile       ejabberd_suite.privacy_deny_sub_from_slave.18565.html
=started       2024-12-18 20:39:56
=ended         2024-12-18 20:39:57
=result        ok
=elapsed       1.154684s
=case          ejabberd_SUITE:end_per_group
=logfile       ejabberd_suite.end_per_group.18597.html
=group_props   [{name,privacy_deny_sub_from},parallel]
=started       2024-12-18 20:39:57
=ended         2024-12-18 20:39:57
=result        ok
=elapsed       0.000002s
=group_time    1.217s
=case          ejabberd_SUITE:init_per_group
=logfile       ejabberd_suite.init_per_group.18629.html
=group_props   [{name,privacy_deny_sub_to},parallel]
=started       2024-12-18 20:39:57
=ended         2024-12-18 20:39:57
=result        ok
=elapsed       0.000003s
=case          ejabberd_SUITE:privacy_deny_sub_to_master
=logfile       ejabberd_suite.privacy_deny_sub_to_master.18661.html
=started       2024-12-18 20:39:57
=ended         2024-12-18 20:39:58
=result        ok
=elapsed       1.159034s
=case          ejabberd_SUITE:privacy_deny_sub_to_slave
=logfile       ejabberd_suite.privacy_deny_sub_to_slave.18693.html
=started       2024-12-18 20:39:57
=ended         2024-12-18 20:39:58
=result        ok
=elapsed       1.154128s
=case          ejabberd_SUITE:end_per_group
=logfile       ejabberd_suite.end_per_group.58467.html
=group_props   [{name,privacy_deny_sub_to},parallel]
=started       2024-12-18 20:39:58
=ended         2024-12-18 20:39:58
=result        ok
=elapsed       0.000002s
=group_time    1.218s
=case          ejabberd_SUITE:init_per_group
=logfile       ejabberd_suite.init_per_group.18725.html
=group_props   [{name,privacy_deny_sub_none},parallel]
=started       2024-12-18 20:39:58
=ended         2024-12-18 20:39:58
=result        ok
=elapsed       0.000003s
=case          ejabberd_SUITE:privacy_deny_sub_none_master
=logfile       ejabberd_suite.privacy_deny_sub_none_master.18757.html
=started       2024-12-18 20:39:58
=ended         2024-12-18 20:39:59
=result        ok
=elapsed       1.140764s
=case          ejabberd_SUITE:privacy_deny_sub_none_slave
=logfile       ejabberd_suite.privacy_deny_sub_none_slave.18789.html
=started       2024-12-18 20:39:58
=ended         2024-12-18 20:39:59
=result        ok
=elapsed       1.137827s
=case          ejabberd_SUITE:end_per_group
=logfile       ejabberd_suite.end_per_group.18885.html
=group_props   [{name,privacy_deny_sub_none},parallel]
=started       2024-12-18 20:39:59
=ended         2024-12-18 20:39:59
=result        ok
=elapsed       0.000002s
=group_time    1.200s
=case          ejabberd_SUITE:init_per_group
=logfile       ejabberd_suite.init_per_group.18917.html
=group_props   [{name,privacy_deny_all},parallel]
=started       2024-12-18 20:39:59
=ended         2024-12-18 20:39:59
=result        ok
=elapsed       0.000002s
=case          ejabberd_SUITE:privacy_deny_all_master
=logfile       ejabberd_suite.privacy_deny_all_master.18949.html
=started       2024-12-18 20:39:59
=ended         2024-12-18 20:40:01
=result        ok
=elapsed       1.147290s
=case          ejabberd_SUITE:privacy_deny_all_slave
=logfile       ejabberd_suite.privacy_deny_all_slave.41316.html
=started       2024-12-18 20:39:59
=ended         2024-12-18 20:40:01
=result        ok
=elapsed       1.143613s
=case          ejabberd_SUITE:end_per_group
=logfile       ejabberd_suite.end_per_group.41380.html
=group_props   [{name,privacy_deny_all},parallel]
=started       2024-12-18 20:40:01
=ended         2024-12-18 20:40:01
=result        ok
=elapsed       0.000002s
=group_time    1.207s
=case          ejabberd_SUITE:init_per_group
=logfile       ejabberd_suite.init_per_group.41412.html
=group_props   [{name,privacy_deny_offline},parallel]
=started       2024-12-18 20:40:01
=ended         2024-12-18 20:40:01
=result        ok
=elapsed       0.000002s
=case          ejabberd_SUITE:privacy_deny_offline_master
=logfile       ejabberd_suite.privacy_deny_offline_master.41444.html
=started       2024-12-18 20:40:01
=ended         2024-12-18 20:40:01
=result        ok
=elapsed       0.246644s
=case          ejabberd_SUITE:privacy_deny_offline_slave
=logfile       ejabberd_suite.privacy_deny_offline_slave.41476.html
=started       2024-12-18 20:40:01
=ended         2024-12-18 20:40:01
=result        ok
=elapsed       0.348645s
=case          ejabberd_SUITE:end_per_group
=logfile       ejabberd_suite.end_per_group.41540.html
=group_props   [{name,privacy_deny_offline},parallel]
=started       2024-12-18 20:40:01
=ended         2024-12-18 20:40:01
=result        ok
=elapsed       0.000002s
=group_time    0.408s
=case          ejabberd_SUITE:init_per_group
=logfile       ejabberd_suite.init_per_group.41572.html
=group_props   [{name,privacy_block},parallel]
=started       2024-12-18 20:40:01
=ended         2024-12-18 20:40:01
=result        ok
=elapsed       0.000003s
=case          ejabberd_SUITE:privacy_block_master
=logfile       ejabberd_suite.privacy_block_master.41604.html
=started       2024-12-18 20:40:01
=ended         2024-12-18 20:40:01
=result        ok
=elapsed       0.437087s
=case          ejabberd_SUITE:privacy_block_slave
=logfile       ejabberd_suite.privacy_block_slave.41636.html
=started       2024-12-18 20:40:01
=ended         2024-12-18 20:40:01
=result        ok
=elapsed       0.435343s
=case          ejabberd_SUITE:end_per_group
=logfile       ejabberd_suite.end_per_group.63554.html
=group_props   [{name,privacy_block},parallel]
=started       2024-12-18 20:40:01
=ended         2024-12-18 20:40:02
=result        ok
=elapsed       0.000006s
=group_time    0.499s
=case          ejabberd_SUITE:init_per_group
=logfile       ejabberd_suite.init_per_group.63586.html
=group_props   [{name,privacy_unblock},parallel]
=started       2024-12-18 20:40:02
=ended         2024-12-18 20:40:02
=result        ok
=elapsed       0.000002s
=case          ejabberd_SUITE:privacy_unblock_master
=logfile       ejabberd_suite.privacy_unblock_master.19109.html
=started       2024-12-18 20:40:02
=ended         2024-12-18 20:40:02
=result        ok
=elapsed       0.203235s
=case          ejabberd_SUITE:privacy_unblock_slave
=logfile       ejabberd_suite.privacy_unblock_slave.41700.html
=started       2024-12-18 20:40:02
=ended         2024-12-18 20:40:02
=result        ok
=elapsed       0.201008s
=case          ejabberd_SUITE:end_per_group
=logfile       ejabberd_suite.end_per_group.19141.html
=group_props   [{name,privacy_unblock},parallel]
=started       2024-12-18 20:40:02
=ended         2024-12-18 20:40:02
=result        ok
=elapsed       0.000002s
=group_time    0.263s
=case          ejabberd_SUITE:init_per_group
=logfile       ejabberd_suite.init_per_group.19173.html
=group_props   [{name,privacy_unblock_all},parallel]
=started       2024-12-18 20:40:02
=ended         2024-12-18 20:40:02
=result        ok
=elapsed       0.000003s
=case          ejabberd_SUITE:privacy_unblock_all_master
=logfile       ejabberd_suite.privacy_unblock_all_master.19205.html
=started       2024-12-18 20:40:02
=ended         2024-12-18 20:40:02
=result        ok
=elapsed       0.203957s
=case          ejabberd_SUITE:privacy_unblock_all_slave
=logfile       ejabberd_suite.privacy_unblock_all_slave.19237.html
=started       2024-12-18 20:40:02
=ended         2024-12-18 20:40:02
=result        ok
=elapsed       0.202333s
=case          ejabberd_SUITE:end_per_group
=logfile       ejabberd_suite.end_per_group.19269.html
=group_props   [{name,privacy_unblock_all},parallel]
=started       2024-12-18 20:40:02
=ended         2024-12-18 20:40:02
=result        ok
=elapsed       0.000007s
=group_time    0.265s
=case          ejabberd_SUITE:end_per_group
=logfile       ejabberd_suite.end_per_group.19301.html
=group_props   [{name,privacy_master_slave},sequence]
=started       2024-12-18 20:40:02
=ended         2024-12-18 20:40:02
=result        ok
=elapsed       0.000002s
=group_time    13.933s
=case          ejabberd_SUITE:init_per_group
=logfile       ejabberd_suite.init_per_group.19333.html
=group_props   [{name,pubsub_master_slave},sequence]
=started       2024-12-18 20:40:02
=ended         2024-12-18 20:40:02
=result        ok
=elapsed       0.000002s
=case          ejabberd_SUITE:init_per_group
=logfile       ejabberd_suite.init_per_group.19365.html
=group_props   [{name,pubsub_publish},parallel]
=started       2024-12-18 20:40:02
=ended         2024-12-18 20:40:02
=result        ok
=elapsed       0.000001s
=case          ejabberd_SUITE:pubsub_publish_master
=logfile       ejabberd_suite.pubsub_publish_master.19397.html
=started       2024-12-18 20:40:02
=ended         2024-12-18 20:40:02
=result        ok
=elapsed       0.116638s
=case          ejabberd_SUITE:pubsub_publish_slave
=logfile       ejabberd_suite.pubsub_publish_slave.58691.html
=started       2024-12-18 20:40:02
=ended         2024-12-18 20:40:02
=result        ok
=elapsed       0.116354s
=case          ejabberd_SUITE:end_per_group
=logfile       ejabberd_suite.end_per_group.58723.html
=group_props   [{name,pubsub_publish},parallel]
=started       2024-12-18 20:40:02
=ended         2024-12-18 20:40:02
=result        ok
=elapsed       0.000002s
=group_time    0.176s
=case          ejabberd_SUITE:init_per_group
=logfile       ejabberd_suite.init_per_group.58755.html
=group_props   [{name,pubsub_subscriptions},parallel]
=started       2024-12-18 20:40:02
=ended         2024-12-18 20:40:02
=result        ok
=elapsed       0.000003s
=case          ejabberd_SUITE:pubsub_subscriptions_master
=logfile       ejabberd_suite.pubsub_subscriptions_master.58787.html
=started       2024-12-18 20:40:02
=ended         2024-12-18 20:40:03
=result        ok
=elapsed       0.137587s
=case          ejabberd_SUITE:pubsub_subscriptions_slave
=logfile       ejabberd_suite.pubsub_subscriptions_slave.19461.html
=started       2024-12-18 20:40:02
=ended         2024-12-18 20:40:03
=result        ok
=elapsed       0.131938s
=case          ejabberd_SUITE:end_per_group
=logfile       ejabberd_suite.end_per_group.19493.html
=group_props   [{name,pubsub_subscriptions},parallel]
=started       2024-12-18 20:40:03
=ended         2024-12-18 20:40:03
=result        ok
=elapsed       0.000002s
=group_time    0.197s
=case          ejabberd_SUITE:init_per_group
=logfile       ejabberd_suite.init_per_group.41860.html
=group_props   [{name,pubsub_affiliations},parallel]
=started       2024-12-18 20:40:03
=ended         2024-12-18 20:40:03
=result        ok
=elapsed       0.000002s
=case          ejabberd_SUITE:pubsub_affiliations_master
=logfile       ejabberd_suite.pubsub_affiliations_master.41892.html
=started       2024-12-18 20:40:03
=ended         2024-12-18 20:40:04
=result        ok
=elapsed       1.718932s
=case          ejabberd_SUITE:pubsub_affiliations_slave
=logfile       ejabberd_suite.pubsub_affiliations_slave.41924.html
=started       2024-12-18 20:40:03
=ended         2024-12-18 20:40:04
=result        ok
=elapsed       1.736403s
=case          ejabberd_SUITE:end_per_group
=logfile       ejabberd_suite.end_per_group.59011.html
=group_props   [{name,pubsub_affiliations},parallel]
=started       2024-12-18 20:40:04
=ended         2024-12-18 20:40:04
=result        ok
=elapsed       0.000008s
=group_time    1.795s
=case          ejabberd_SUITE:init_per_group
=logfile       ejabberd_suite.init_per_group.59043.html
=group_props   [{name,pubsub_authorize},parallel]
=started       2024-12-18 20:40:04
=ended         2024-12-18 20:40:04
=result        ok
=elapsed       0.000002s
=case          ejabberd_SUITE:pubsub_authorize_master
=logfile       ejabberd_suite.pubsub_authorize_master.59075.html
=started       2024-12-18 20:40:04
=ended         2024-12-18 20:40:05
=result        ok
=elapsed       0.207618s
=case          ejabberd_SUITE:pubsub_authorize_slave
=logfile       ejabberd_suite.pubsub_authorize_slave.59107.html
=started       2024-12-18 20:40:04
=ended         2024-12-18 20:40:05
=result        ok
=elapsed       0.162695s
=case          ejabberd_SUITE:end_per_group
=logfile       ejabberd_suite.end_per_group.59203.html
=group_props   [{name,pubsub_authorize},parallel]
=started       2024-12-18 20:40:05
=ended         2024-12-18 20:40:05
=result        ok
=elapsed       0.000002s
=group_time    0.270s
=case          ejabberd_SUITE:end_per_group
=logfile       ejabberd_suite.end_per_group.59235.html
=group_props   [{name,pubsub_master_slave},sequence]
=started       2024-12-18 20:40:05
=ended         2024-12-18 20:40:05
=result        ok
=elapsed       0.000008s
=group_time    2.564s
=case          ejabberd_SUITE:init_per_group
=logfile       ejabberd_suite.init_per_group.59267.html
=group_props   [{name,roster_master_slave},sequence]
=started       2024-12-18 20:40:05
=ended         2024-12-18 20:40:05
=result        ok
=elapsed       0.000003s
=case          ejabberd_SUITE:init_per_group
=logfile       ejabberd_suite.init_per_group.59299.html
=group_props   [{name,roster_subscribe},parallel]
=started       2024-12-18 20:40:05
=ended         2024-12-18 20:40:05
=result        ok
=elapsed       0.000002s
=case          ejabberd_SUITE:roster_subscribe_master
=logfile       ejabberd_suite.roster_subscribe_master.59331.html
=started       2024-12-18 20:40:05
=ended         2024-12-18 20:40:17
=result        ok
=elapsed       12.633248s
=case          ejabberd_SUITE:roster_subscribe_slave
=logfile       ejabberd_suite.roster_subscribe_slave.59363.html
=started       2024-12-18 20:40:05
=ended         2024-12-18 20:40:17
=result        ok
=elapsed       12.633554s
=case          ejabberd_SUITE:end_per_group
=logfile       ejabberd_suite.end_per_group.60707.html
=group_props   [{name,roster_subscribe},parallel]
=started       2024-12-18 20:40:17
=ended         2024-12-18 20:40:17
=result        ok
=elapsed       0.000002s
=group_time    12.698s
=case          ejabberd_SUITE:end_per_group
=logfile       ejabberd_suite.end_per_group.60739.html
=group_props   [{name,roster_master_slave},sequence]
=started       2024-12-18 20:40:17
=ended         2024-12-18 20:40:17
=result        ok
=elapsed       0.000001s
=group_time    12.748s
=case          ejabberd_SUITE:init_per_group
=logfile       ejabberd_suite.init_per_group.60771.html
=group_props   [{name,offline_master_slave},sequence]
=started       2024-12-18 20:40:17
=ended         2024-12-18 20:40:17
=result        ok
=elapsed       0.000003s
=case          ejabberd_SUITE:init_per_group
=logfile       ejabberd_suite.init_per_group.60803.html
=group_props   [{name,offline_flex},parallel]
=started       2024-12-18 20:40:17
=ended         2024-12-18 20:40:18
=result        ok
=elapsed       0.000001s
=case          ejabberd_SUITE:offline_flex_master
=logfile       ejabberd_suite.offline_flex_master.60835.html
=started       2024-12-18 20:40:18
=ended         2024-12-18 20:40:18
=result        ok
=elapsed       0.205940s
=case          ejabberd_SUITE:offline_flex_slave
=logfile       ejabberd_suite.offline_flex_slave.60867.html
=started       2024-12-18 20:40:18
=ended         2024-12-18 20:40:18
=result        ok
=elapsed       0.327433s
=case          ejabberd_SUITE:end_per_group
=logfile       ejabberd_suite.end_per_group.60931.html
=group_props   [{name,offline_flex},parallel]
=started       2024-12-18 20:40:18
=ended         2024-12-18 20:40:18
=result        ok
=elapsed       0.000002s
=group_time    0.386s
=case          ejabberd_SUITE:init_per_group
=logfile       ejabberd_suite.init_per_group.60963.html
=group_props   [{name,offline_send_all},parallel]
=started       2024-12-18 20:40:18
=ended         2024-12-18 20:40:18
=result        ok
=elapsed       0.000002s
=case          ejabberd_SUITE:offline_send_all_master
=logfile       ejabberd_suite.offline_send_all_master.60995.html
=started       2024-12-18 20:40:18
=ended         2024-12-18 20:40:32
=result        ok
=elapsed       13.928365s
=case          ejabberd_SUITE:offline_send_all_slave
=logfile       ejabberd_suite.offline_send_all_slave.61027.html
=started       2024-12-18 20:40:18
=ended         2024-12-18 20:40:32
=result        ok
=elapsed       14.078100s
=case          ejabberd_SUITE:end_per_group
=logfile       ejabberd_suite.end_per_group.61123.html
=group_props   [{name,offline_send_all},parallel]
=started       2024-12-18 20:40:32
=ended         2024-12-18 20:40:32
=result        ok
=elapsed       0.000002s
=group_time    14.136s
=case          ejabberd_SUITE:init_per_group
=logfile       ejabberd_suite.init_per_group.61155.html
=group_props   [{name,offline_from_mam},parallel]
=started       2024-12-18 20:40:32
=ended         2024-12-18 20:40:32
=result        ok
=elapsed       0.000003s
=case          ejabberd_SUITE:offline_from_mam_master
=logfile       ejabberd_suite.offline_from_mam_master.61187.html
=started       2024-12-18 20:40:32
=ended         2024-12-18 20:40:46
=result        ok
=elapsed       13.880962s
=case          ejabberd_SUITE:offline_from_mam_slave
=logfile       ejabberd_suite.offline_from_mam_slave.61219.html
=started       2024-12-18 20:40:32
=ended         2024-12-18 20:40:46
=result        ok
=elapsed       14.069963s
=case          ejabberd_SUITE:end_per_group
=logfile       ejabberd_suite.end_per_group.66018.html
=group_props   [{name,offline_from_mam},parallel]
=started       2024-12-18 20:40:46
=ended         2024-12-18 20:40:46
=result        ok
=elapsed       0.000002s
=group_time    14.129s
=case          ejabberd_SUITE:init_per_group
=logfile       ejabberd_suite.init_per_group.66050.html
=group_props   [{name,offline_mucsub_mam},parallel]
=started       2024-12-18 20:40:46
=ended         2024-12-18 20:40:46
=result        ok
=elapsed       0.000002s
=case          ejabberd_SUITE:offline_mucsub_mam_master
=logfile       ejabberd_suite.offline_mucsub_mam_master.66082.html
=started       2024-12-18 20:40:46
=ended         2024-12-18 20:40:47
=result        ok
=elapsed       0.254678s
=case          ejabberd_SUITE:offline_mucsub_mam_slave
=logfile       ejabberd_suite.offline_mucsub_mam_slave.66114.html
=started       2024-12-18 20:40:46
=ended         2024-12-18 20:40:47
=result        ok
=elapsed       0.246476s
=case          ejabberd_SUITE:end_per_group
=logfile       ejabberd_suite.end_per_group.43492.html
=group_props   [{name,offline_mucsub_mam},parallel]
=started       2024-12-18 20:40:47
=ended         2024-12-18 20:40:47
=result        ok
=elapsed       0.000002s
=group_time    0.316s
=case          ejabberd_SUITE:end_per_group
=logfile       ejabberd_suite.end_per_group.43524.html
=group_props   [{name,offline_master_slave},sequence]
=started       2024-12-18 20:40:47
=ended         2024-12-18 20:40:47
=result        ok
=elapsed       0.000009s
=group_time    29.091s
=case          ejabberd_SUITE:init_per_group
=logfile       ejabberd_suite.init_per_group.19557.html
=group_props   [{name,mam_master_slave},sequence]
=started       2024-12-18 20:40:47
=ended         2024-12-18 20:40:47
=result        ok
=elapsed       0.000004s
=case          ejabberd_SUITE:init_per_group
=logfile       ejabberd_suite.init_per_group.19589.html
=group_props   [{name,mam_archived_and_stanza_id},parallel]
=started       2024-12-18 20:40:47
=ended         2024-12-18 20:40:47
=result        ok
=elapsed       0.000002s
=case          ejabberd_SUITE:mam_archived_and_stanza_id_master
=logfile       ejabberd_suite.mam_archived_and_stanza_id_master.19621.html
=started       2024-12-18 20:40:47
=ended         2024-12-18 20:40:47
=result        ok
=elapsed       0.159112s
=case          ejabberd_SUITE:mam_archived_and_stanza_id_slave
=logfile       ejabberd_suite.mam_archived_and_stanza_id_slave.19653.html
=started       2024-12-18 20:40:47
=ended         2024-12-18 20:40:47
=result        ok
=elapsed       0.165238s
=case          ejabberd_SUITE:end_per_group
=logfile       ejabberd_suite.end_per_group.19749.html
=group_props   [{name,mam_archived_and_stanza_id},parallel]
=started       2024-12-18 20:40:47
=ended         2024-12-18 20:40:47
=result        ok
=elapsed       0.000002s
=group_time    0.226s
=case          ejabberd_SUITE:init_per_group
=logfile       ejabberd_suite.init_per_group.19781.html
=group_props   [{name,mam_query_all},parallel]
=started       2024-12-18 20:40:47
=ended         2024-12-18 20:40:47
=result        ok
=elapsed       0.000003s
=case          ejabberd_SUITE:mam_query_all_master
=logfile       ejabberd_suite.mam_query_all_master.19813.html
=started       2024-12-18 20:40:47
=ended         2024-12-18 20:40:47
=result        ok
=elapsed       0.186093s
=case          ejabberd_SUITE:mam_query_all_slave
=logfile       ejabberd_suite.mam_query_all_slave.61411.html
=started       2024-12-18 20:40:47
=ended         2024-12-18 20:40:47
=result        ok
=elapsed       0.188439s
=case          ejabberd_SUITE:end_per_group
=logfile       ejabberd_suite.end_per_group.61475.html
=group_props   [{name,mam_query_all},parallel]
=started       2024-12-18 20:40:47
=ended         2024-12-18 20:40:47
=result        ok
=elapsed       0.000002s
=group_time    0.247s
=case          ejabberd_SUITE:init_per_group
=logfile       ejabberd_suite.init_per_group.61507.html
=group_props   [{name,mam_query_with},parallel]
=started       2024-12-18 20:40:47
=ended         2024-12-18 20:40:47
=result        ok
=elapsed       0.000002s
=case          ejabberd_SUITE:mam_query_with_master
=logfile       ejabberd_suite.mam_query_with_master.19909.html
=started       2024-12-18 20:40:47
=ended         2024-12-18 20:40:47
=result        ok
=elapsed       0.202670s
=case          ejabberd_SUITE:mam_query_with_slave
=logfile       ejabberd_suite.mam_query_with_slave.61539.html
=started       2024-12-18 20:40:47
=ended         2024-12-18 20:40:47
=result        ok
=elapsed       0.201078s
=case          ejabberd_SUITE:end_per_group
=logfile       ejabberd_suite.end_per_group.61603.html
=group_props   [{name,mam_query_with},parallel]
=started       2024-12-18 20:40:47
=ended         2024-12-18 20:40:47
=result        ok
=elapsed       0.000002s
=group_time    0.262s
=case          ejabberd_SUITE:init_per_group
=logfile       ejabberd_suite.init_per_group.61635.html
=group_props   [{name,mam_query_rsm_max},parallel]
=started       2024-12-18 20:40:47
=ended         2024-12-18 20:40:47
=result        ok
=elapsed       0.000004s
=case          ejabberd_SUITE:mam_query_rsm_max_master
=logfile       ejabberd_suite.mam_query_rsm_max_master.19941.html
=started       2024-12-18 20:40:47
=ended         2024-12-18 20:40:48
=result        ok
=elapsed       0.252168s
=case          ejabberd_SUITE:mam_query_rsm_max_slave
=logfile       ejabberd_suite.mam_query_rsm_max_slave.19973.html
=started       2024-12-18 20:40:47
=ended         2024-12-18 20:40:48
=result        ok
=elapsed       0.254988s
=case          ejabberd_SUITE:end_per_group
=logfile       ejabberd_suite.end_per_group.61731.html
=group_props   [{name,mam_query_rsm_max},parallel]
=started       2024-12-18 20:40:48
=ended         2024-12-18 20:40:48
=result        ok
=elapsed       0.000002s
=group_time    0.316s
=case          ejabberd_SUITE:init_per_group
=logfile       ejabberd_suite.init_per_group.61763.html
=group_props   [{name,mam_query_rsm_after},parallel]
=started       2024-12-18 20:40:48
=ended         2024-12-18 20:40:48
=result        ok
=elapsed       0.000016s
=case          ejabberd_SUITE:mam_query_rsm_after_master
=logfile       ejabberd_suite.mam_query_rsm_after_master.61795.html
=started       2024-12-18 20:40:48
=ended         2024-12-18 20:40:48
=result        ok
=elapsed       0.225579s
=case          ejabberd_SUITE:mam_query_rsm_after_slave
=logfile       ejabberd_suite.mam_query_rsm_after_slave.61827.html
=started       2024-12-18 20:40:48
=ended         2024-12-18 20:40:48
=result        ok
=elapsed       0.229241s
=case          ejabberd_SUITE:end_per_group
=logfile       ejabberd_suite.end_per_group.61891.html
=group_props   [{name,mam_query_rsm_after},parallel]
=started       2024-12-18 20:40:48
=ended         2024-12-18 20:40:48
=result        ok
=elapsed       0.000002s
=group_time    0.287s
=case          ejabberd_SUITE:init_per_group
=logfile       ejabberd_suite.init_per_group.61923.html
=group_props   [{name,mam_query_rsm_before},parallel]
=started       2024-12-18 20:40:48
=ended         2024-12-18 20:40:48
=result        ok
=elapsed       0.000002s
=case          ejabberd_SUITE:mam_query_rsm_before_master
=logfile       ejabberd_suite.mam_query_rsm_before_master.61955.html
=started       2024-12-18 20:40:48
=ended         2024-12-18 20:40:48
=result        ok
=elapsed       0.243746s
=case          ejabberd_SUITE:mam_query_rsm_before_slave
=logfile       ejabberd_suite.mam_query_rsm_before_slave.61987.html
=started       2024-12-18 20:40:48
=ended         2024-12-18 20:40:48
=result        ok
=elapsed       0.245158s
=case          ejabberd_SUITE:end_per_group
=logfile       ejabberd_suite.end_per_group.62051.html
=group_props   [{name,mam_query_rsm_before},parallel]
=started       2024-12-18 20:40:48
=ended         2024-12-18 20:40:48
=result        ok
=elapsed       0.000002s
=group_time    0.305s
=case          ejabberd_SUITE:init_per_group
=logfile       ejabberd_suite.init_per_group.43812.html
=group_props   [{name,mam_muc},parallel]
=started       2024-12-18 20:40:48
=ended         2024-12-18 20:40:48
=result        ok
=elapsed       0.000004s
=case          ejabberd_SUITE:mam_muc_master
=logfile       ejabberd_suite.mam_muc_master.43844.html
=started       2024-12-18 20:40:48
=ended         2024-12-18 20:40:49
=result        ok
=elapsed       0.169786s
=case          ejabberd_SUITE:mam_muc_slave
=logfile       ejabberd_suite.mam_muc_slave.43876.html
=started       2024-12-18 20:40:48
=ended         2024-12-18 20:40:49
=result        ok
=elapsed       0.165605s
=case          ejabberd_SUITE:end_per_group
=logfile       ejabberd_suite.end_per_group.62147.html
=group_props   [{name,mam_muc},parallel]
=started       2024-12-18 20:40:49
=ended         2024-12-18 20:40:49
=result        ok
=elapsed       0.000002s
=group_time    0.230s
=case          ejabberd_SUITE:init_per_group
=logfile       ejabberd_suite.init_per_group.62179.html
=group_props   [{name,mam_mucsub},parallel]
=started       2024-12-18 20:40:49
=ended         2024-12-18 20:40:49
=result        ok
=elapsed       0.000002s
=case          ejabberd_SUITE:mam_mucsub_master
=logfile       ejabberd_suite.mam_mucsub_master.62211.html
=started       2024-12-18 20:40:49
=ended         2024-12-18 20:40:49
=result        ok
=elapsed       0.155406s
=case          ejabberd_SUITE:mam_mucsub_slave
=logfile       ejabberd_suite.mam_mucsub_slave.62243.html
=started       2024-12-18 20:40:49
=ended         2024-12-18 20:40:49
=result        ok
=elapsed       0.152087s
=case          ejabberd_SUITE:end_per_group
=logfile       ejabberd_suite.end_per_group.62275.html
=group_props   [{name,mam_mucsub},parallel]
=started       2024-12-18 20:40:49
=ended         2024-12-18 20:40:49
=result        ok
=elapsed       0.000007s
=group_time    0.216s
=case          ejabberd_SUITE:init_per_group
=logfile       ejabberd_suite.init_per_group.62307.html
=group_props   [{name,mam_mucsub_from_muc},parallel]
=started       2024-12-18 20:40:49
=ended         2024-12-18 20:40:49
=result        ok
=elapsed       0.000002s
=case          ejabberd_SUITE:mam_mucsub_from_muc_master
=logfile       ejabberd_suite.mam_mucsub_from_muc_master.62339.html
=started       2024-12-18 20:40:49
=ended         2024-12-18 20:40:49
=result        ok
=elapsed       0.149460s
=case          ejabberd_SUITE:mam_mucsub_from_muc_slave
=logfile       ejabberd_suite.mam_mucsub_from_muc_slave.62371.html
=started       2024-12-18 20:40:49
=ended         2024-12-18 20:40:49
=result        ok
=elapsed       0.145011s
=case          ejabberd_SUITE:end_per_group
=logfile       ejabberd_suite.end_per_group.66530.html
=group_props   [{name,mam_mucsub_from_muc},parallel]
=started       2024-12-18 20:40:49
=ended         2024-12-18 20:40:49
=result        ok
=elapsed       0.000010s
=group_time    0.210s
=case          ejabberd_SUITE:init_per_group
=logfile       ejabberd_suite.init_per_group.66562.html
=group_props   [{name,mam_mucsub_from_muc_non_persistent},parallel]
=started       2024-12-18 20:40:49
=ended         2024-12-18 20:40:49
=result        ok
=elapsed       0.000003s
=case          ejabberd_SUITE:mam_mucsub_from_muc_non_persistent_master
=logfile       ejabberd_suite.mam_mucsub_from_muc_non_persistent_master.66594.html
=started       2024-12-18 20:40:49
=ended         2024-12-18 20:40:49
=result        ok
=elapsed       0.140338s
=case          ejabberd_SUITE:mam_mucsub_from_muc_non_persistent_slave
=logfile       ejabberd_suite.mam_mucsub_from_muc_non_persistent_slave.44132.html
=started       2024-12-18 20:40:49
=ended         2024-12-18 20:40:49
=result        ok
=elapsed       0.138922s
=case          ejabberd_SUITE:end_per_group
=logfile       ejabberd_suite.end_per_group.66626.html
=group_props   [{name,mam_mucsub_from_muc_non_persistent},parallel]
=started       2024-12-18 20:40:49
=ended         2024-12-18 20:40:49
=result        ok
=elapsed       0.000002s
=group_time    0.200s
=case          ejabberd_SUITE:end_per_group
=logfile       ejabberd_suite.end_per_group.66658.html
=group_props   [{name,mam_master_slave},sequence]
=started       2024-12-18 20:40:49
=ended         2024-12-18 20:40:49
=result        ok
=elapsed       0.000006s
=group_time    2.777s
=case          ejabberd_SUITE:init_per_group
=logfile       ejabberd_suite.init_per_group.66690.html
=group_props   [{name,announce_master_slave},sequence]
=started       2024-12-18 20:40:49
=ended         2024-12-18 20:40:49
=result        ok
=elapsed       0.000004s
=case          ejabberd_SUITE:init_per_group
=logfile       ejabberd_suite.init_per_group.62403.html
=group_props   [{name,announce_set_motd},parallel]
=started       2024-12-18 20:40:49
=ended         2024-12-18 20:40:49
=result        ok
=elapsed       0.000002s
=case          ejabberd_SUITE:announce_set_motd_master
=logfile       ejabberd_suite.announce_set_motd_master.62435.html
=started       2024-12-18 20:40:49
=ended         2024-12-18 20:40:50
=result        ok
=elapsed       0.113352s
=case          ejabberd_SUITE:announce_set_motd_slave
=logfile       ejabberd_suite.announce_set_motd_slave.62467.html
=started       2024-12-18 20:40:49
=ended         2024-12-18 20:40:50
=result        ok
=elapsed       0.113655s
=case          ejabberd_SUITE:end_per_group
=logfile       ejabberd_suite.end_per_group.62531.html
=group_props   [{name,announce_set_motd},parallel]
=started       2024-12-18 20:40:50
=ended         2024-12-18 20:40:50
=result        ok
=elapsed       0.000002s
=group_time    0.174s
=case          ejabberd_SUITE:end_per_group
=logfile       ejabberd_suite.end_per_group.62563.html
=group_props   [{name,announce_master_slave},sequence]
=started       2024-12-18 20:40:50
=ended         2024-12-18 20:40:50
=result        ok
=elapsed       0.000007s
=group_time    0.224s
=case          ejabberd_SUITE:init_per_group
=logfile       ejabberd_suite.init_per_group.66754.html
=group_props   [{name,push_master_slave},sequence]
=started       2024-12-18 20:40:50
=ended         2024-12-18 20:40:50
=result        ok
=elapsed       0.000004s
=case          ejabberd_SUITE:init_per_group
=logfile       ejabberd_suite.init_per_group.66786.html
=group_props   [{name,push_sm},parallel]
=started       2024-12-18 20:40:50
=ended         2024-12-18 20:40:50
=result        ok
=elapsed       0.000002s
=case          ejabberd_SUITE:push_sm_master
=logfile       ejabberd_suite.push_sm_master.66818.html
=started       2024-12-18 20:40:50
=ended         2024-12-18 20:40:58
=result        ok
=elapsed       8.111381s
=case          ejabberd_SUITE:push_sm_slave
=logfile       ejabberd_suite.push_sm_slave.66850.html
=started       2024-12-18 20:40:50
=ended         2024-12-18 20:40:50
=result        ok
=elapsed       0.004729s
=case          ejabberd_SUITE:end_per_group
=logfile       ejabberd_suite.end_per_group.20293.html
=group_props   [{name,push_sm},parallel]
=started       2024-12-18 20:40:58
=ended         2024-12-18 20:40:58
=result        ok
=elapsed       0.000008s
=group_time    8.172s
=case          ejabberd_SUITE:init_per_group
=logfile       ejabberd_suite.init_per_group.20325.html
=group_props   [{name,push_offline},parallel]
=started       2024-12-18 20:40:58
=ended         2024-12-18 20:40:58
=result        ok
=elapsed       0.000003s
=case          ejabberd_SUITE:push_offline_master
=logfile       ejabberd_suite.push_offline_master.20357.html
=started       2024-12-18 20:40:58
=ended         2024-12-18 20:40:58
=result        ok
=elapsed       0.258985s
=case          ejabberd_SUITE:push_offline_slave
=logfile       ejabberd_suite.push_offline_slave.20389.html
=started       2024-12-18 20:40:58
=ended         2024-12-18 20:40:58
=result        ok
=elapsed       0.108202s
=case          ejabberd_SUITE:end_per_group
=logfile       ejabberd_suite.end_per_group.20421.html
=group_props   [{name,push_offline},parallel]
=started       2024-12-18 20:40:58
=ended         2024-12-18 20:40:58
=result        ok
=elapsed       0.000002s
=group_time    0.319s
=case          ejabberd_SUITE:init_per_group
=logfile       ejabberd_suite.init_per_group.20453.html
=group_props   [{name,push_mam},parallel]
=started       2024-12-18 20:40:58
=ended         2024-12-18 20:40:58
=result        ok
=elapsed       0.000002s
=case          ejabberd_SUITE:push_mam_master
=logfile       ejabberd_suite.push_mam_master.20485.html
=started       2024-12-18 20:40:58
=ended         2024-12-18 20:40:58
=result        ok
=elapsed       0.151544s
=case          ejabberd_SUITE:push_mam_slave
=logfile       ejabberd_suite.push_mam_slave.20517.html
=started       2024-12-18 20:40:58
=ended         2024-12-18 20:40:59
=result        ok
=elapsed       0.262446s
=case          ejabberd_SUITE:end_per_group
=logfile       ejabberd_suite.end_per_group.62691.html
=group_props   [{name,push_mam},parallel]
=started       2024-12-18 20:40:59
=ended         2024-12-18 20:40:59
=result        ok
=elapsed       0.000002s
=group_time    0.321s
=case          ejabberd_SUITE:end_per_group
=logfile       ejabberd_suite.end_per_group.62723.html
=group_props   [{name,push_master_slave},sequence]
=started       2024-12-18 20:40:59
=ended         2024-12-18 20:40:59
=result        ok
=elapsed       0.000002s
=group_time    8.910s
=case          ejabberd_SUITE:end_per_group
=logfile       ejabberd_suite.end_per_group.62755.html
=group_props   [{name,sqlite},sequence]
=started       2024-12-18 20:40:59
=ended         2024-12-18 20:40:59
=result        ok
=elapsed       0.000000s
=group_time    98.281s
=case          ejabberd_SUITE:init_per_group
=logfile       ejabberd_suite.init_per_group.62787.html
=group_props   [{name,extauth},sequence]
=started       2024-12-18 20:40:59
=ended         2024-12-18 20:40:59
=result        ok
=elapsed       0.000001s
=case          ejabberd_SUITE:init_per_group
=logfile       ejabberd_suite.init_per_group.62819.html
=group_props   [{name,extauth_tests},sequence]
=started       2024-12-18 20:40:59
=ended         2024-12-18 20:40:59
=result        ok
=elapsed       0.000003s
=case          ejabberd_SUITE:test_auth
=logfile       ejabberd_suite.test_auth.62851.html
=started       2024-12-18 20:40:59
=ended         2024-12-18 20:40:59
=result        ok
=elapsed       0.001486s
=case          ejabberd_SUITE:test_auth_fail
=logfile       ejabberd_suite.test_auth_fail.62883.html
=started       2024-12-18 20:40:59
=ended         2024-12-18 20:40:59
=result        ok
=elapsed       0.000891s
=case          ejabberd_SUITE:test_unregister
=logfile       ejabberd_suite.test_unregister.62947.html
=started       2024-12-18 20:40:59
=ended         2024-12-18 20:40:59
=result        ok
=elapsed       0.001983s
=case          ejabberd_SUITE:end_per_group
=logfile       ejabberd_suite.end_per_group.44292.html
=group_props   [{name,extauth_tests},sequence]
=started       2024-12-18 20:40:59
=ended         2024-12-18 20:40:59
=result        ok
=elapsed       0.000002s
=group_time    0.115s
=case          ejabberd_SUITE:end_per_group
=logfile       ejabberd_suite.end_per_group.44324.html
=group_props   [{name,extauth},sequence]
=started       2024-12-18 20:40:59
=ended         2024-12-18 20:40:59
=result        ok
=elapsed       0.000000s
=group_time    0.165s
=case          ejabberd_SUITE:init_per_group
=logfile       ejabberd_suite.init_per_group.44356.html
=group_props   [{name,component},sequence]
=started       2024-12-18 20:40:59
=ended         2024-12-18 20:40:59
=result        ok
=elapsed       0.000002s
=case          ejabberd_SUITE:init_per_group
=logfile       ejabberd_suite.init_per_group.44388.html
=group_props   [{name,component_connect},parallel]
=started       2024-12-18 20:40:59
=ended         2024-12-18 20:40:59
=result        ok
=elapsed       0.000003s
=case          ejabberd_SUITE:test_connect_bad_xml
=logfile       ejabberd_suite.test_connect_bad_xml.44420.html
=started       2024-12-18 20:40:59
=ended         2024-12-18 20:40:59
=result        ok
=elapsed       0.002343s
=case          ejabberd_SUITE:test_connect_unexpected_xml
=logfile       ejabberd_suite.test_connect_unexpected_xml.44484.html
=started       2024-12-18 20:40:59
=ended         2024-12-18 20:40:59
=result        ok
=elapsed       0.001437s
=case          ejabberd_SUITE:test_connect_unknown_ns
=logfile       ejabberd_suite.test_connect_unknown_ns.44452.html
=started       2024-12-18 20:40:59
=ended         2024-12-18 20:40:59
=result        ok
=elapsed       0.001571s
=case          ejabberd_SUITE:test_connect_bad_xmlns
=logfile       ejabberd_suite.test_connect_bad_xmlns.67106.html
=started       2024-12-18 20:40:59
=ended         2024-12-18 20:40:59
=result        ok
=elapsed       0.001659s
=case          ejabberd_SUITE:test_connect_bad_ns_stream
=logfile       ejabberd_suite.test_connect_bad_ns_stream.20549.html
=started       2024-12-18 20:40:59
=ended         2024-12-18 20:40:59
=result        ok
=elapsed       0.000829s
=case          ejabberd_SUITE:test_connect_missing_to
=logfile       ejabberd_suite.test_connect_missing_to.20581.html
=started       2024-12-18 20:40:59
=ended         2024-12-18 20:40:59
=result        ok
=elapsed       0.000866s
=case          ejabberd_SUITE:test_connect
=logfile       ejabberd_suite.test_connect.44516.html
=started       2024-12-18 20:40:59
=ended         2024-12-18 20:40:59
=result        ok
=elapsed       0.001659s
=case          ejabberd_SUITE:test_auth
=logfile       ejabberd_suite.test_auth.44548.html
=started       2024-12-18 20:40:59
=ended         2024-12-18 20:40:59
=result        ok
=elapsed       0.012725s
=case          ejabberd_SUITE:test_auth_fail
=logfile       ejabberd_suite.test_auth_fail.44580.html
=started       2024-12-18 20:40:59
=ended         2024-12-18 20:40:59
=result        ok
=elapsed       0.003703s
=case          ejabberd_SUITE:end_per_group
=logfile       ejabberd_suite.end_per_group.20709.html
=group_props   [{name,component_connect},parallel]
=started       2024-12-18 20:40:59
=ended         2024-12-18 20:40:59
=result        ok
=elapsed       0.000008s
=group_time    0.089s
=case          ejabberd_SUITE:init_per_group
=logfile       ejabberd_suite.init_per_group.20741.html
=group_props   [{name,component_tests},sequence]
=started       2024-12-18 20:40:59
=ended         2024-12-18 20:40:59
=result        ok
=elapsed       0.000003s
=case          ejabberd_SUITE:test_missing_from
=logfile       ejabberd_suite.test_missing_from.html
=started       2024-12-18 20:40:59
=ended         2024-12-18 20:40:59
=result        ok
=elapsed       0.000502s
=case          ejabberd_SUITE:test_missing_to
=logfile       ejabberd_suite.test_missing_to.html
=started       2024-12-18 20:40:59
=ended         2024-12-18 20:40:59
=result        ok
=elapsed       0.000458s
=case          ejabberd_SUITE:test_invalid_from
=logfile       ejabberd_suite.test_invalid_from.html
=started       2024-12-18 20:40:59
=ended         2024-12-18 20:40:59
=result        ok
=elapsed       0.000470s
=case          ejabberd_SUITE:test_component_send
=logfile       ejabberd_suite.test_component_send.html
=started       2024-12-18 20:40:59
=ended         2024-12-18 20:40:59
=result        ok
=elapsed       0.000715s
=case          ejabberd_SUITE:bad_nonza
=logfile       ejabberd_suite.bad_nonza.html
=started       2024-12-18 20:40:59
=ended         2024-12-18 20:40:59
=result        ok
=elapsed       0.044001s
=case          ejabberd_SUITE:codec_failure
=logfile       ejabberd_suite.codec_failure.html
=started       2024-12-18 20:40:59
=ended         2024-12-18 20:40:59
=result        ok
=elapsed       0.000911s
=case          ejabberd_SUITE:end_per_group
=logfile       ejabberd_suite.end_per_group.20933.html
=group_props   [{name,component_tests},sequence]
=started       2024-12-18 20:40:59
=ended         2024-12-18 20:40:59
=result        ok
=elapsed       0.000002s
=group_time    0.237s
=case          ejabberd_SUITE:end_per_group
=logfile       ejabberd_suite.end_per_group.20965.html
=group_props   [{name,component},sequence]
=started       2024-12-18 20:40:59
=ended         2024-12-18 20:40:59
=result        ok
=elapsed       0.000000s
=group_time    0.400s
=case          ejabberd_SUITE:init_per_group
=logfile       ejabberd_suite.init_per_group.20997.html
=group_props   [{name,s2s},sequence]
=started       2024-12-18 20:40:59
=ended         2024-12-18 20:40:59
=result        ok
=elapsed       0.000008s
=case          ejabberd_SUITE:init_per_group
=logfile       ejabberd_suite.init_per_group.21029.html
=group_props   [{name,s2s_connect},parallel]
=started       2024-12-18 20:40:59
=ended         2024-12-18 20:40:59
=result        ok
=elapsed       0.000002s
=case          ejabberd_SUITE:test_connect_bad_xml
=logfile       ejabberd_suite.test_connect_bad_xml.44676.html
=started       2024-12-18 20:40:59
=ended         2024-12-18 20:40:59
=result        ok
=elapsed       0.000956s
=case          ejabberd_SUITE:test_connect_unexpected_xml
=logfile       ejabberd_suite.test_connect_unexpected_xml.44708.html
=started       2024-12-18 20:40:59
=ended         2024-12-18 20:40:59
=result        ok
=elapsed       0.001169s
=case          ejabberd_SUITE:test_connect_unknown_ns
=logfile       ejabberd_suite.test_connect_unknown_ns.44740.html
=started       2024-12-18 20:40:59
=ended         2024-12-18 20:40:59
=result        ok
=elapsed       0.001258s
=case          ejabberd_SUITE:test_connect_bad_xmlns
=logfile       ejabberd_suite.test_connect_bad_xmlns.63107.html
=started       2024-12-18 20:40:59
=ended         2024-12-18 20:40:59
=result        ok
=elapsed       0.002188s
=case          ejabberd_SUITE:test_connect_bad_ns_stream
=logfile       ejabberd_suite.test_connect_bad_ns_stream.63075.html
=started       2024-12-18 20:40:59
=ended         2024-12-18 20:40:59
=result        ok
=elapsed       0.001078s
=case          ejabberd_SUITE:test_connect
=logfile       ejabberd_suite.test_connect.63139.html
=started       2024-12-18 20:40:59
=ended         2024-12-18 20:40:59
=result        ok
=elapsed       0.001956s
=case          ejabberd_SUITE:test_connect_s2s_starttls_required
=logfile       ejabberd_suite.test_connect_s2s_starttls_required.67426.html
=started       2024-12-18 20:40:59
=ended         2024-12-18 20:40:59
=result        ok
=elapsed       0.002085s
=case          ejabberd_SUITE:test_starttls
=logfile       ejabberd_suite.test_starttls.63171.html
=started       2024-12-18 20:40:59
=ended         2024-12-18 20:40:59
=result        ok
=elapsed       0.010952s
=case          ejabberd_SUITE:test_connect_s2s_unauthenticated_iq
=logfile       ejabberd_suite.test_connect_s2s_unauthenticated_iq.63203.html
=started       2024-12-18 20:40:59
=ended         2024-12-18 20:40:59
=result        ok
=elapsed       0.010800s
=case          ejabberd_SUITE:test_auth_starttls
=logfile       ejabberd_suite.test_auth_starttls.67394.html
=started       2024-12-18 20:40:59
=ended         2024-12-18 20:40:59
=result        ok
=elapsed       0.010868s
=case          ejabberd_SUITE:end_per_group
=logfile       ejabberd_suite.end_per_group.44932.html
=group_props   [{name,s2s_connect},parallel]
=started       2024-12-18 20:40:59
=ended         2024-12-18 20:40:59
=result        ok
=elapsed       0.000002s
=group_time    0.091s
=case          ejabberd_SUITE:init_per_group
=logfile       ejabberd_suite.init_per_group.44964.html
=group_props   [{name,s2s_tests},sequence]
=started       2024-12-18 20:40:59
=ended         2024-12-18 20:40:59
=result        ok
=elapsed       0.000002s
=case          ejabberd_SUITE:test_missing_from
=logfile       ejabberd_suite.test_missing_from.44996.html
=started       2024-12-18 20:40:59
=ended         2024-12-18 20:40:59
=result        ok
=elapsed       0.000561s
=case          ejabberd_SUITE:test_missing_to
=logfile       ejabberd_suite.test_missing_to.45028.html
=started       2024-12-18 20:40:59
=ended         2024-12-18 20:40:59
=result        ok
=elapsed       0.000634s
=case          ejabberd_SUITE:test_invalid_from
=logfile       ejabberd_suite.test_invalid_from.45124.html
=started       2024-12-18 20:40:59
=ended         2024-12-18 20:40:59
=result        ok
=elapsed       0.000705s
=case          ejabberd_SUITE:bad_nonza
=logfile       ejabberd_suite.bad_nonza.21125.html
=started       2024-12-18 20:40:59
=ended         2024-12-18 20:41:00
=result        ok
=elapsed       0.040631s
=case          ejabberd_SUITE:codec_failure
=logfile       ejabberd_suite.codec_failure.21157.html
=started       2024-12-18 20:41:00
=ended         2024-12-18 20:41:00
=result        ok
=elapsed       0.000842s
=case          ejabberd_SUITE:end_per_group
=logfile       ejabberd_suite.end_per_group.21221.html
=group_props   [{name,s2s_tests},sequence]
=started       2024-12-18 20:41:00
=ended         2024-12-18 20:41:00
=result        ok
=elapsed       0.000008s
=group_time    0.229s
=case          ejabberd_SUITE:end_per_group
=logfile       ejabberd_suite.end_per_group.21253.html
=group_props   [{name,s2s},sequence]
=started       2024-12-18 20:41:00
=ended         2024-12-18 20:41:00
=result        ok
=elapsed       0.000004s
=group_time    0.394s
=case          ejabberd_SUITE:stop_ejabberd
=logfile       ejabberd_suite.stop_ejabberd.html
=started       2024-12-18 20:41:00
=ended         2024-12-18 20:41:00
=result        ok
=elapsed       0.042418s
=case          ejabberd_SUITE:end_per_suite
=logfile       ejabberd_suite.end_per_suite.html
=started       2024-12-18 20:41:00
=ended         2024-12-18 20:41:00
=result        ok
=elapsed       0.000010s
=group_time    523.513s
=== TEST COMPLETE, 1364 ok, 1 failed, 233 skipped of 1598 test cases

=finished      2024-12-18 20:41:00
=failed        1
=successful    1364
=user_skipped  233
=auto_skipped  0
