=== Suite started at 2024-08-23 18:58:33
=== Starting test, 1598 test cases
=cases         1598
=user          runner
=host          793-prefiks-master-df5202a
=hosts         793-prefiks-master-df5202a 
=emulator_vsn  13.2.2.10
=emulator      beam
=otp_release   25
=started       2024-08-23 18:58:33
=case          ejabberd_SUITE:init_per_suite
=logfile       ejabberd_suite.init_per_suite.html
=started       2024-08-23 18:58:33
=ended         2024-08-23 18:58:36
=result        ok
=elapsed       2.616281
=case          ejabberd_SUITE:init_per_group
=logfile       ejabberd_suite.init_per_group.html
=group_props   [{name,ldap},sequence]
=started       2024-08-23 18:58:36
=ended         2024-08-23 18:58:36
=result        ok
=elapsed       2.0e-6
=case          ejabberd_SUITE:init_per_group
=logfile       ejabberd_suite.init_per_group.2179.html
=group_props   [{name,ldap_tests},sequence]
=started       2024-08-23 18:58:36
=ended         2024-08-23 18:58:36
=result        ok
=elapsed       9.0e-6
=case          ejabberd_SUITE:test_auth
=logfile       ejabberd_suite.test_auth.html
=started       2024-08-23 18:58:36
=ended         2024-08-23 18:58:36
=result        ok
=elapsed       0.117988
=case          ejabberd_SUITE:test_auth_fail
=logfile       ejabberd_suite.test_auth_fail.html
=started       2024-08-23 18:58:36
=ended         2024-08-23 18:58:36
=result        ok
=elapsed       0.02274
=case          ejabberd_SUITE:vcard_get
=logfile       ejabberd_suite.vcard_get.html
=started       2024-08-23 18:58:36
=ended         2024-08-23 18:58:37
=result        ok
=elapsed       0.207405
=case          ejabberd_SUITE:ldap_shared_roster_get
=logfile       ejabberd_suite.ldap_shared_roster_get.html
=started       2024-08-23 18:58:37
=ended         2024-08-23 18:58:37
=result        ok
=elapsed       0.125046
=case          ejabberd_SUITE:end_per_group
=logfile       ejabberd_suite.end_per_group.html
=group_props   [{name,ldap_tests},sequence]
=started       2024-08-23 18:58:37
=ended         2024-08-23 18:58:37
=result        ok
=elapsed       3.0e-6
=group_time    1.042s
=case          ejabberd_SUITE:end_per_group
=logfile       ejabberd_suite.end_per_group.2339.html
=group_props   [{name,ldap},sequence]
=started       2024-08-23 18:58:37
=ended         2024-08-23 18:58:37
=result        ok
=elapsed       0.0
=group_time    1.097s
=case          ejabberd_SUITE:init_per_group
=logfile       ejabberd_suite.init_per_group.2371.html
=group_props   [{name,no_db},sequence]
=started       2024-08-23 18:58:37
=ended         2024-08-23 18:58:37
=result        ok
=elapsed       3.96e-4
=case          ejabberd_SUITE:init_per_group
=logfile       ejabberd_suite.init_per_group.2403.html
=group_props   [{name,anonymous},parallel]
=started       2024-08-23 18:58:37
=ended         2024-08-23 18:58:37
=result        ok
=elapsed       5.0e-6
=== ERROR! init_per_testcase crashed!
	Location: [{ejabberd_SUITE,init_per_testcase,309},
                   {test_server,do_init_per_testcase,1552},
                   {test_server,run_test_case_eval1,1253},
                   {test_server,run_test_case_eval,1223}]
	Reason: {{test_case_failed,starttls_failed},
                 [{ejabberd_SUITE,init_per_testcase,2,
                      [{file,
                           "/home/runner/work/ejabberd/ejabberd/test/ejabberd_SUITE.erl"},
                       {line,309}]},
                  {test_server,do_init_per_testcase,2,
                      [{file,"test_server.erl"},{line,1552}]},
                  {test_server,run_test_case_eval1,6,
                      [{file,"test_server.erl"},{line,1253}]},
                  {test_server,run_test_case_eval,9,
                      [{file,"test_server.erl"},{line,1223}]}]}

=case          ejabberd_SUITE:test_connect_bad_xml
=logfile       ejabberd_suite.test_connect_bad_xml.1122.html
=started       2024-08-23 18:58:37
=ended         2024-08-23 18:58:37
=result        ok
=elapsed       0.001015
=case          ejabberd_SUITE:test_connect_unexpected_xml
=logfile       ejabberd_suite.test_connect_unexpected_xml.1154.html
=started       2024-08-23 18:58:37
=ended         2024-08-23 18:58:37
=result        ok
=elapsed       0.036403
=case          ejabberd_SUITE:test_connect_unknown_ns
=logfile       ejabberd_suite.test_connect_unknown_ns.1186.html
=started       2024-08-23 18:58:37
=ended         2024-08-23 18:58:37
=result        ok
=elapsed       0.051242
=case          ejabberd_SUITE:test_connect_bad_xmlns
=logfile       ejabberd_suite.test_connect_bad_xmlns.1218.html
=started       2024-08-23 18:58:37
=ended         2024-08-23 18:58:37
=result        ok
=elapsed       0.002419
=case          ejabberd_SUITE:test_connect_bad_ns_stream
=logfile       ejabberd_suite.test_connect_bad_ns_stream.2435.html
=started       2024-08-23 18:58:37
=ended         2024-08-23 18:58:37
=result        ok
=elapsed       0.00101
=case          ejabberd_SUITE:test_connect_bad_lang
=logfile       ejabberd_suite.test_connect_bad_lang.1250.html
=started       2024-08-23 18:58:37
=ended         2024-08-23 18:58:37
=result        ok
=elapsed       8.32e-4
=case          ejabberd_SUITE:test_connect_bad_to
=logfile       ejabberd_suite.test_connect_bad_to.1282.html
=started       2024-08-23 18:58:37
=ended         2024-08-23 18:58:37
=result        ok
=elapsed       9.25e-4
=case          ejabberd_SUITE:test_connect_missing_to
=logfile       ejabberd_suite.test_connect_missing_to.2467.html
=started       2024-08-23 18:58:37
=ended         2024-08-23 18:58:37
=result        ok
=elapsed       0.001544
=case          ejabberd_SUITE:test_connect
=logfile       ejabberd_suite.test_connect.229.html
=started       2024-08-23 18:58:37
=ended         2024-08-23 18:58:37
=result        ok
=elapsed       0.003079
=case          ejabberd_SUITE:unauthenticated_iq
=logfile       ejabberd_suite.unauthenticated_iq.261.html
=started       2024-08-23 18:58:37
=ended         2024-08-23 18:58:37
=result        ok
=elapsed       0.001339
=case          ejabberd_SUITE:unauthenticated_message
=logfile       ejabberd_suite.unauthenticated_message.325.html
=started       2024-08-23 18:58:37
=ended         2024-08-23 18:58:37
=result        ok
=elapsed       0.001036
=case          ejabberd_SUITE:unauthenticated_presence
=logfile       ejabberd_suite.unauthenticated_presence.293.html
=started       2024-08-23 18:58:37
=ended         2024-08-23 18:58:37
=result        ok
=elapsed       0.004053
=case          ejabberd_SUITE:test_starttls
=logfile       ejabberd_suite.test_starttls.357.html
=started       2024-08-23 18:58:37
=ended         2024-08-23 18:58:37
=result        failed: {test_case_failed,starttls_failed}, [{ejabberd_SUITE,
                                                             test_starttls,
                                                             633},
                                                            {test_server,
                                                             ts_tc,1782},
                                                            {test_server,
                                                             run_test_case_eval1,
                                                             1291},
                                                            {test_server,
                                                             run_test_case_eval,
                                                             1223}]
=== *** FAILED test case 17 of 1598 ***
=case          ejabberd_SUITE:test_auth
=logfile       ejabberd_suite.test_auth.389.html
=started       2024-08-23 18:58:37
=ended         2024-08-23 18:58:37
=result        ok
=elapsed       0.057298
=case          ejabberd_SUITE:test_zlib
=logfile       ejabberd_suite.test_zlib.421.html
=started       2024-08-23 18:58:37
=ended         2024-08-23 18:58:37
=result        auto_skipped: {failed,
                              {ejabberd_SUITE,init_per_testcase,
                               {{test_case_failed,starttls_failed},
                                [{ejabberd_SUITE,init_per_testcase,2,
                                  [{file,
                                    "/home/runner/work/ejabberd/ejabberd/test/ejabberd_SUITE.erl"},
                                   {line,309}]},
                                 {test_server,do_init_per_testcase,2,
                                  [{file,"test_server.erl"},{line,1552}]},
                                 {test_server,run_test_case_eval1,6,
                                  [{file,"test_server.erl"},{line,1253}]},
                                 {test_server,run_test_case_eval,9,
                                  [{file,"test_server.erl"},{line,1223}]}]}}}
=== *** SKIPPED test case 19 of 1598 ***
=case          ejabberd_SUITE:test_bind
=logfile       ejabberd_suite.test_bind.1252.html
=started       2024-08-23 18:58:37
=ended         2024-08-23 18:58:37
=result        ok
=elapsed       0.10263
=case          ejabberd_SUITE:test_open_session
=logfile       ejabberd_suite.test_open_session.1284.html
=started       2024-08-23 18:58:37
=ended         2024-08-23 18:58:37
=result        ok
=elapsed       0.101503
=case          ejabberd_SUITE:codec_failure
=logfile       ejabberd_suite.codec_failure.1316.html
=started       2024-08-23 18:58:37
=ended         2024-08-23 18:58:37
=result        ok
=elapsed       0.101445
=case          ejabberd_SUITE:unsupported_query
=logfile       ejabberd_suite.unsupported_query.1348.html
=started       2024-08-23 18:58:37
=ended         2024-08-23 18:58:37
=result        ok
=elapsed       0.163249
=case          ejabberd_SUITE:bad_nonza
=logfile       ejabberd_suite.bad_nonza.1380.html
=started       2024-08-23 18:58:37
=ended         2024-08-23 18:58:37
=result        ok
=elapsed       0.145485
=case          ejabberd_SUITE:invalid_from
=logfile       ejabberd_suite.invalid_from.1412.html
=started       2024-08-23 18:58:37
=ended         2024-08-23 18:58:37
=result        ok
=elapsed       0.100818
=case          ejabberd_SUITE:ping
=logfile       ejabberd_suite.ping.1444.html
=started       2024-08-23 18:58:37
=ended         2024-08-23 18:58:37
=result        ok
=elapsed       0.156426
=case          ejabberd_SUITE:version
=logfile       ejabberd_suite.version.1476.html
=started       2024-08-23 18:58:37
=ended         2024-08-23 18:58:37
=result        ok
=elapsed       0.164643
=case          ejabberd_SUITE:time
=logfile       ejabberd_suite.time.1314.html
=started       2024-08-23 18:58:37
=ended         2024-08-23 18:58:37
=result        ok
=elapsed       0.182295
=case          ejabberd_SUITE:stats
=logfile       ejabberd_suite.stats.2499.html
=started       2024-08-23 18:58:37
=ended         2024-08-23 18:58:37
=result        ok
=elapsed       0.246671
=case          ejabberd_SUITE:disco
=logfile       ejabberd_suite.disco.2531.html
=started       2024-08-23 18:58:37
=ended         2024-08-23 18:58:37
=result        ok
=elapsed       0.178782
=case          ejabberd_SUITE:end_per_group
=logfile       ejabberd_suite.end_per_group.805.html
=group_props   [{name,anonymous},parallel]
=started       2024-08-23 18:58:37
=ended         2024-08-23 18:58:37
=result        ok
=elapsed       4.0e-6
=group_time    0.495s
=case          ejabberd_SUITE:init_per_group
=logfile       ejabberd_suite.init_per_group.837.html
=group_props   [{name,presence_and_s2s},sequence]
=started       2024-08-23 18:58:37
=ended         2024-08-23 18:58:37
=result        ok
=elapsed       5.0e-6
=case          ejabberd_SUITE:test_auth_fail
=logfile       ejabberd_suite.test_auth_fail.869.html
=started       2024-08-23 18:58:37
=ended         2024-08-23 18:58:37
=result        ok
=elapsed       0.001642
=case          ejabberd_SUITE:presence
=logfile       ejabberd_suite.presence.html
=started       2024-08-23 18:58:37
=ended         2024-08-23 18:58:38
=result        ok
=elapsed       0.102125
=case          ejabberd_SUITE:s2s_dialback
=logfile       ejabberd_suite.s2s_dialback.html
=started       2024-08-23 18:58:38
=ended         2024-08-23 18:58:38
=result        ok
=elapsed       0.301393
=case          ejabberd_SUITE:s2s_optional
=logfile       ejabberd_suite.s2s_optional.html
=started       2024-08-23 18:58:38
=ended         2024-08-23 18:58:38
=result        failed: {{badmatch,
                         {iq,<<"2906384404194010961">>,error,<<>>,
                          {jid,<<>>,<<"mnesia.localhost">>,<<>>,<<>>,
                           <<"mnesia.localhost">>,<<>>},
                          {jid,<<"test_single!#$%^*()`~+-;_=[]{}|\\">>,
                           <<"localhost">>,
                           <<"resource!@#$%^&*()'\"`~<>+-/;:_=[]{}|\\">>,
                           <<"test_single!#$%^*()`~+-;_=[]{}|\\">>,
                           <<"localhost">>,
                           <<"resource!@#$%^&*()'\"`~<>+-/;:_=[]{}|\\">>},
                          [{ping},
                           {stanza_error,wait,undefined,
                            'remote-server-timeout',
                            [{text,<<"en">>,<<"Stream reset by peer">>}],
                            []}],
                          #{}}},
                        [{ejabberd_SUITE,s2s_ping,1,
                          [{file,
                            "/home/runner/work/ejabberd/ejabberd/test/ejabberd_SUITE.erl"},
                           {line,783}]},
                         {test_server,ts_tc,3,
                          [{file,"test_server.erl"},{line,1782}]},
                         {test_server,run_test_case_eval1,6,
                          [{file,"test_server.erl"},{line,1291}]},
                         {test_server,run_test_case_eval,9,
                          [{file,"test_server.erl"},{line,1223}]}]}, [{ejabberd_SUITE,
                                                                       s2s_ping,
                                                                       783},
                                                                      {test_server,
                                                                       ts_tc,
                                                                       1782},
                                                                      {test_server,
                                                                       run_test_case_eval1,
                                                                       1291},
                                                                      {test_server,
                                                                       run_test_case_eval,
                                                                       1223}]
=== *** FAILED test case 34 of 1598 ***
=== 
=case          ejabberd_SUITE:s2s_required
=group_props   [{name,"presence_and_s2s"}]
=started       2024-08-23 18:58:38
=result        auto_skipped: {failed,{ejabberd_SUITE,s2s_optional}}
=== *** Skipping test case #35 {ejabberd_SUITE,s2s_required} ***
=case          ejabberd_SUITE:end_per_group
=logfile       ejabberd_suite.end_per_group.3491.html
=group_props   [{name,presence_and_s2s},sequence]
=started       2024-08-23 18:58:38
=ended         2024-08-23 18:58:38
=result        ok
=elapsed       4.0e-6
=group_time    0.614s
=case          ejabberd_SUITE:auth_external
=logfile       ejabberd_suite.auth_external.html
=started       2024-08-23 18:58:38
=ended         2024-08-23 18:58:38
=result        failed: {test_case_failed,starttls_failed}, [{ejabberd_SUITE,
                                                             auth_external,
                                                             807},
                                                            {test_server,
                                                             ts_tc,1782},
                                                            {test_server,
                                                             run_test_case_eval1,
                                                             1291},
                                                            {test_server,
                                                             run_test_case_eval,
                                                             1223}]
=== *** FAILED test case 36 of 1598 ***
=== 
=case          ejabberd_SUITE:auth_external_no_jid
=group_props   [{name,"no_db"}]
=started       2024-08-23 18:58:38
=result        auto_skipped: {failed,{ejabberd_SUITE,auth_external}}
=== *** Skipping test case #37 {ejabberd_SUITE,auth_external_no_jid} ***
=== 
=case          ejabberd_SUITE:auth_external_no_user
=group_props   [{name,"no_db"}]
=started       2024-08-23 18:58:38
=result        auto_skipped: {failed,{ejabberd_SUITE,auth_external}}
=== *** Skipping test case #38 {ejabberd_SUITE,auth_external_no_user} ***
=== 
=case          ejabberd_SUITE:auth_external_malformed_jid
=group_props   [{name,"no_db"}]
=started       2024-08-23 18:58:38
=result        auto_skipped: {failed,{ejabberd_SUITE,auth_external}}
=== *** Skipping test case #39 {ejabberd_SUITE,auth_external_malformed_jid} ***
=== 
=case          ejabberd_SUITE:auth_external_wrong_jid
=group_props   [{name,"no_db"}]
=started       2024-08-23 18:58:38
=result        auto_skipped: {failed,{ejabberd_SUITE,auth_external}}
=== *** Skipping test case #40 {ejabberd_SUITE,auth_external_wrong_jid} ***
=== 
=case          ejabberd_SUITE:auth_external_wrong_server
=group_props   [{name,"no_db"}]
=started       2024-08-23 18:58:38
=result        auto_skipped: {failed,{ejabberd_SUITE,auth_external}}
=== *** Skipping test case #41 {ejabberd_SUITE,auth_external_wrong_server} ***
=== 
=case          ejabberd_SUITE:auth_external_invalid_cert
=group_props   [{name,"no_db"}]
=started       2024-08-23 18:58:38
=result        auto_skipped: {failed,{ejabberd_SUITE,auth_external}}
=== *** Skipping test case #42 {ejabberd_SUITE,auth_external_invalid_cert} ***
=== 
=case          ejabberd_SUITE:commands_setup
=group_props   [{name,"commands_single"}]
=started       2024-08-23 18:58:38
=result        auto_skipped: {failed,{ejabberd_SUITE,auth_external}}
=== *** Skipping test case #43 {ejabberd_SUITE,commands_setup} ***
=== 
=case          ejabberd_SUITE:commands_ejabberdctl
=group_props   [{name,"commands_single"}]
=started       2024-08-23 18:58:38
=result        auto_skipped: {failed,{ejabberd_SUITE,auth_external}}
=== *** Skipping test case #44 {ejabberd_SUITE,commands_ejabberdctl} ***
=== 
=case          ejabberd_SUITE:commands_http_integer
=group_props   [{name,"commands_single"}]
=started       2024-08-23 18:58:38
=result        auto_skipped: {failed,{ejabberd_SUITE,auth_external}}
=== *** Skipping test case #45 {ejabberd_SUITE,commands_http_integer} ***
=== 
=case          ejabberd_SUITE:commands_http_string
=group_props   [{name,"commands_single"}]
=started       2024-08-23 18:58:38
=result        auto_skipped: {failed,{ejabberd_SUITE,auth_external}}
=== *** Skipping test case #46 {ejabberd_SUITE,commands_http_string} ***
=== 
=case          ejabberd_SUITE:commands_http_binary
=group_props   [{name,"commands_single"}]
=started       2024-08-23 18:58:38
=result        auto_skipped: {failed,{ejabberd_SUITE,auth_external}}
=== *** Skipping test case #47 {ejabberd_SUITE,commands_http_binary} ***
=== 
=case          ejabberd_SUITE:commands_http_atom
=group_props   [{name,"commands_single"}]
=started       2024-08-23 18:58:38
=result        auto_skipped: {failed,{ejabberd_SUITE,auth_external}}
=== *** Skipping test case #48 {ejabberd_SUITE,commands_http_atom} ***
=== 
=case          ejabberd_SUITE:commands_http_rescode
=group_props   [{name,"commands_single"}]
=started       2024-08-23 18:58:38
=result        auto_skipped: {failed,{ejabberd_SUITE,auth_external}}
=== *** Skipping test case #49 {ejabberd_SUITE,commands_http_rescode} ***
=== 
=case          ejabberd_SUITE:commands_http_restuple
=group_props   [{name,"commands_single"}]
=started       2024-08-23 18:58:38
=result        auto_skipped: {failed,{ejabberd_SUITE,auth_external}}
=== *** Skipping test case #50 {ejabberd_SUITE,commands_http_restuple} ***
=== 
=case          ejabberd_SUITE:commands_http_list
=group_props   [{name,"commands_single"}]
=started       2024-08-23 18:58:38
=result        auto_skipped: {failed,{ejabberd_SUITE,auth_external}}
=== *** Skipping test case #51 {ejabberd_SUITE,commands_http_list} ***
=== 
=case          ejabberd_SUITE:commands_http_tuple
=group_props   [{name,"commands_single"}]
=started       2024-08-23 18:58:38
=result        auto_skipped: {failed,{ejabberd_SUITE,auth_external}}
=== *** Skipping test case #52 {ejabberd_SUITE,commands_http_tuple} ***
=== 
=case          ejabberd_SUITE:commands_http_list_tuple
=group_props   [{name,"commands_single"}]
=started       2024-08-23 18:58:38
=result        auto_skipped: {failed,{ejabberd_SUITE,auth_external}}
=== *** Skipping test case #53 {ejabberd_SUITE,commands_http_list_tuple} ***
=== 
=case          ejabberd_SUITE:commands_http_list_tuple_map
=group_props   [{name,"commands_single"}]
=started       2024-08-23 18:58:38
=result        auto_skipped: {failed,{ejabberd_SUITE,auth_external}}
=== *** Skipping test case #54 {ejabberd_SUITE,commands_http_list_tuple_map} ***
=== 
=case          ejabberd_SUITE:jidprep_feature_enabled
=group_props   [{name,"jidprep_single"}]
=started       2024-08-23 18:58:38
=result        auto_skipped: {failed,{ejabberd_SUITE,auth_external}}
=== *** Skipping test case #55 {ejabberd_SUITE,jidprep_feature_enabled} ***
=== 
=case          ejabberd_SUITE:jidprep_normalize_jid
=group_props   [{name,"jidprep_single"}]
=started       2024-08-23 18:58:38
=result        auto_skipped: {failed,{ejabberd_SUITE,auth_external}}
=== *** Skipping test case #56 {ejabberd_SUITE,jidprep_normalize_jid} ***
=== 
=case          ejabberd_SUITE:sm_feature_enabled
=group_props   [{name,"sm_single"}]
=started       2024-08-23 18:58:38
=result        auto_skipped: {failed,{ejabberd_SUITE,auth_external}}
=== *** Skipping test case #57 {ejabberd_SUITE,sm_feature_enabled} ***
=== 
=case          ejabberd_SUITE:sm_enable
=group_props   [{name,"sm_single"}]
=started       2024-08-23 18:58:38
=result        auto_skipped: {failed,{ejabberd_SUITE,auth_external}}
=== *** Skipping test case #58 {ejabberd_SUITE,sm_enable} ***
=== 
=case          ejabberd_SUITE:sm_resume
=group_props   [{name,"sm_single"}]
=started       2024-08-23 18:58:38
=result        auto_skipped: {failed,{ejabberd_SUITE,auth_external}}
=== *** Skipping test case #59 {ejabberd_SUITE,sm_resume} ***
=== 
=case          ejabberd_SUITE:sm_resume_failed
=group_props   [{name,"sm_single"}]
=started       2024-08-23 18:58:38
=result        auto_skipped: {failed,{ejabberd_SUITE,auth_external}}
=== *** Skipping test case #60 {ejabberd_SUITE,sm_resume_failed} ***
=== 
=case          ejabberd_SUITE:sm_queue_limit_master
=group_props   [{name,"sm_queue_limit"}]
=started       2024-08-23 18:58:38
=result        auto_skipped: {failed,{ejabberd_SUITE,auth_external}}
=== *** Skipping test case #61 {ejabberd_SUITE,sm_queue_limit_master} ***
=== 
=case          ejabberd_SUITE:sm_queue_limit_slave
=group_props   [{name,"sm_queue_limit"}]
=started       2024-08-23 18:58:38
=result        auto_skipped: {failed,{ejabberd_SUITE,auth_external}}
=== *** Skipping test case #62 {ejabberd_SUITE,sm_queue_limit_slave} ***
=== 
=case          ejabberd_SUITE:sm_queue_limit_detached_master
=group_props   [{name,"sm_queue_limit_detached"}]
=started       2024-08-23 18:58:38
=result        auto_skipped: {failed,{ejabberd_SUITE,auth_external}}
=== *** Skipping test case #63 {ejabberd_SUITE,sm_queue_limit_detached_master} ***
=== 
=case          ejabberd_SUITE:sm_queue_limit_detached_slave
=group_props   [{name,"sm_queue_limit_detached"}]
=started       2024-08-23 18:58:38
=result        auto_skipped: {failed,{ejabberd_SUITE,auth_external}}
=== *** Skipping test case #64 {ejabberd_SUITE,sm_queue_limit_detached_slave} ***
=== 
=case          ejabberd_SUITE:muc_service_presence_error
=group_props   [{name,"muc_single"}]
=started       2024-08-23 18:58:38
=result        auto_skipped: {failed,{ejabberd_SUITE,auth_external}}
=== *** Skipping test case #65 {ejabberd_SUITE,muc_service_presence_error} ***
=== 
=case          ejabberd_SUITE:muc_service_message_error
=group_props   [{name,"muc_single"}]
=started       2024-08-23 18:58:38
=result        auto_skipped: {failed,{ejabberd_SUITE,auth_external}}
=== *** Skipping test case #66 {ejabberd_SUITE,muc_service_message_error} ***
=== 
=case          ejabberd_SUITE:muc_service_unknown_ns_iq_error
=group_props   [{name,"muc_single"}]
=started       2024-08-23 18:58:38
=result        auto_skipped: {failed,{ejabberd_SUITE,auth_external}}
=== *** Skipping test case #67 {ejabberd_SUITE,muc_service_unknown_ns_iq_error} ***
=== 
=case          ejabberd_SUITE:muc_service_iq_set_error
=group_props   [{name,"muc_single"}]
=started       2024-08-23 18:58:38
=result        auto_skipped: {failed,{ejabberd_SUITE,auth_external}}
=== *** Skipping test case #68 {ejabberd_SUITE,muc_service_iq_set_error} ***
=== 
=case          ejabberd_SUITE:muc_service_improper_iq_error
=group_props   [{name,"muc_single"}]
=started       2024-08-23 18:58:38
=result        auto_skipped: {failed,{ejabberd_SUITE,auth_external}}
=== *** Skipping test case #69 {ejabberd_SUITE,muc_service_improper_iq_error} ***
=== 
=case          ejabberd_SUITE:muc_service_features
=group_props   [{name,"muc_single"}]
=started       2024-08-23 18:58:38
=result        auto_skipped: {failed,{ejabberd_SUITE,auth_external}}
=== *** Skipping test case #70 {ejabberd_SUITE,muc_service_features} ***
=== 
=case          ejabberd_SUITE:muc_service_disco_info_node_error
=group_props   [{name,"muc_single"}]
=started       2024-08-23 18:58:38
=result        auto_skipped: {failed,{ejabberd_SUITE,auth_external}}
=== *** Skipping test case #71 {ejabberd_SUITE,muc_service_disco_info_node_error} ***
=== 
=case          ejabberd_SUITE:muc_service_disco_items
=group_props   [{name,"muc_single"}]
=started       2024-08-23 18:58:38
=result        auto_skipped: {failed,{ejabberd_SUITE,auth_external}}
=== *** Skipping test case #72 {ejabberd_SUITE,muc_service_disco_items} ***
=== 
=case          ejabberd_SUITE:muc_service_unique
=group_props   [{name,"muc_single"}]
=started       2024-08-23 18:58:38
=result        auto_skipped: {failed,{ejabberd_SUITE,auth_external}}
=== *** Skipping test case #73 {ejabberd_SUITE,muc_service_unique} ***
=== 
=case          ejabberd_SUITE:muc_service_vcard
=group_props   [{name,"muc_single"}]
=started       2024-08-23 18:58:38
=result        auto_skipped: {failed,{ejabberd_SUITE,auth_external}}
=== *** Skipping test case #74 {ejabberd_SUITE,muc_service_vcard} ***
=== 
=case          ejabberd_SUITE:muc_configure_non_existent
=group_props   [{name,"muc_single"}]
=started       2024-08-23 18:58:38
=result        auto_skipped: {failed,{ejabberd_SUITE,auth_external}}
=== *** Skipping test case #75 {ejabberd_SUITE,muc_configure_non_existent} ***
=== 
=case          ejabberd_SUITE:muc_cancel_configure_non_existent
=group_props   [{name,"muc_single"}]
=started       2024-08-23 18:58:38
=result        auto_skipped: {failed,{ejabberd_SUITE,auth_external}}
=== *** Skipping test case #76 {ejabberd_SUITE,muc_cancel_configure_non_existent} ***
=== 
=case          ejabberd_SUITE:muc_service_subscriptions
=group_props   [{name,"muc_single"}]
=started       2024-08-23 18:58:38
=result        auto_skipped: {failed,{ejabberd_SUITE,auth_external}}
=== *** Skipping test case #77 {ejabberd_SUITE,muc_service_subscriptions} ***
=== 
=case          ejabberd_SUITE:muc_set_room_affiliation
=group_props   [{name,"muc_single"}]
=started       2024-08-23 18:58:38
=result        auto_skipped: {failed,{ejabberd_SUITE,auth_external}}
=== *** Skipping test case #78 {ejabberd_SUITE,muc_set_room_affiliation} ***
=== 
=case          ejabberd_SUITE:muc_register_master
=group_props   [{name,"muc_register"}]
=started       2024-08-23 18:58:38
=result        auto_skipped: {failed,{ejabberd_SUITE,auth_external}}
=== *** Skipping test case #79 {ejabberd_SUITE,muc_register_master} ***
=== 
=case          ejabberd_SUITE:muc_register_slave
=group_props   [{name,"muc_register"}]
=started       2024-08-23 18:58:38
=result        auto_skipped: {failed,{ejabberd_SUITE,auth_external}}
=== *** Skipping test case #80 {ejabberd_SUITE,muc_register_slave} ***
=== 
=case          ejabberd_SUITE:muc_groupchat_msg_master
=group_props   [{name,"muc_groupchat_msg"}]
=started       2024-08-23 18:58:38
=result        auto_skipped: {failed,{ejabberd_SUITE,auth_external}}
=== *** Skipping test case #81 {ejabberd_SUITE,muc_groupchat_msg_master} ***
=== 
=case          ejabberd_SUITE:muc_groupchat_msg_slave
=group_props   [{name,"muc_groupchat_msg"}]
=started       2024-08-23 18:58:38
=result        auto_skipped: {failed,{ejabberd_SUITE,auth_external}}
=== *** Skipping test case #82 {ejabberd_SUITE,muc_groupchat_msg_slave} ***
=== 
=case          ejabberd_SUITE:muc_private_msg_master
=group_props   [{name,"muc_private_msg"}]
=started       2024-08-23 18:58:38
=result        auto_skipped: {failed,{ejabberd_SUITE,auth_external}}
=== *** Skipping test case #83 {ejabberd_SUITE,muc_private_msg_master} ***
=== 
=case          ejabberd_SUITE:muc_private_msg_slave
=group_props   [{name,"muc_private_msg"}]
=started       2024-08-23 18:58:38
=result        auto_skipped: {failed,{ejabberd_SUITE,auth_external}}
=== *** Skipping test case #84 {ejabberd_SUITE,muc_private_msg_slave} ***
=== 
=case          ejabberd_SUITE:muc_set_subject_master
=group_props   [{name,"muc_set_subject"}]
=started       2024-08-23 18:58:38
=result        auto_skipped: {failed,{ejabberd_SUITE,auth_external}}
=== *** Skipping test case #85 {ejabberd_SUITE,muc_set_subject_master} ***
=== 
=case          ejabberd_SUITE:muc_set_subject_slave
=group_props   [{name,"muc_set_subject"}]
=started       2024-08-23 18:58:38
=result        auto_skipped: {failed,{ejabberd_SUITE,auth_external}}
=== *** Skipping test case #86 {ejabberd_SUITE,muc_set_subject_slave} ***
=== 
=case          ejabberd_SUITE:muc_history_master
=group_props   [{name,"muc_history"}]
=started       2024-08-23 18:58:38
=result        auto_skipped: {failed,{ejabberd_SUITE,auth_external}}
=== *** Skipping test case #87 {ejabberd_SUITE,muc_history_master} ***
=== 
=case          ejabberd_SUITE:muc_history_slave
=group_props   [{name,"muc_history"}]
=started       2024-08-23 18:58:38
=result        auto_skipped: {failed,{ejabberd_SUITE,auth_external}}
=== *** Skipping test case #88 {ejabberd_SUITE,muc_history_slave} ***
=== 
=case          ejabberd_SUITE:muc_invite_master
=group_props   [{name,"muc_invite"}]
=started       2024-08-23 18:58:38
=result        auto_skipped: {failed,{ejabberd_SUITE,auth_external}}
=== *** Skipping test case #89 {ejabberd_SUITE,muc_invite_master} ***
=== 
=case          ejabberd_SUITE:muc_invite_slave
=group_props   [{name,"muc_invite"}]
=started       2024-08-23 18:58:38
=result        auto_skipped: {failed,{ejabberd_SUITE,auth_external}}
=== *** Skipping test case #90 {ejabberd_SUITE,muc_invite_slave} ***
=== 
=case          ejabberd_SUITE:muc_invite_members_only_master
=group_props   [{name,"muc_invite_members_only"}]
=started       2024-08-23 18:58:38
=result        auto_skipped: {failed,{ejabberd_SUITE,auth_external}}
=== *** Skipping test case #91 {ejabberd_SUITE,muc_invite_members_only_master} ***
=== 
=case          ejabberd_SUITE:muc_invite_members_only_slave
=group_props   [{name,"muc_invite_members_only"}]
=started       2024-08-23 18:58:38
=result        auto_skipped: {failed,{ejabberd_SUITE,auth_external}}
=== *** Skipping test case #92 {ejabberd_SUITE,muc_invite_members_only_slave} ***
=== 
=case          ejabberd_SUITE:muc_invite_password_protected_master
=group_props   [{name,"muc_invite_password_protected"}]
=started       2024-08-23 18:58:38
=result        auto_skipped: {failed,{ejabberd_SUITE,auth_external}}
=== *** Skipping test case #93 {ejabberd_SUITE,muc_invite_password_protected_master} ***
=== 
=case          ejabberd_SUITE:muc_invite_password_protected_slave
=group_props   [{name,"muc_invite_password_protected"}]
=started       2024-08-23 18:58:38
=result        auto_skipped: {failed,{ejabberd_SUITE,auth_external}}
=== *** Skipping test case #94 {ejabberd_SUITE,muc_invite_password_protected_slave} ***
=== 
=case          ejabberd_SUITE:muc_voice_request_master
=group_props   [{name,"muc_voice_request"}]
=started       2024-08-23 18:58:38
=result        auto_skipped: {failed,{ejabberd_SUITE,auth_external}}
=== *** Skipping test case #95 {ejabberd_SUITE,muc_voice_request_master} ***
=== 
=case          ejabberd_SUITE:muc_voice_request_slave
=group_props   [{name,"muc_voice_request"}]
=started       2024-08-23 18:58:38
=result        auto_skipped: {failed,{ejabberd_SUITE,auth_external}}
=== *** Skipping test case #96 {ejabberd_SUITE,muc_voice_request_slave} ***
=== 
=case          ejabberd_SUITE:muc_change_role_master
=group_props   [{name,"muc_change_role"}]
=started       2024-08-23 18:58:38
=result        auto_skipped: {failed,{ejabberd_SUITE,auth_external}}
=== *** Skipping test case #97 {ejabberd_SUITE,muc_change_role_master} ***
=== 
=case          ejabberd_SUITE:muc_change_role_slave
=group_props   [{name,"muc_change_role"}]
=started       2024-08-23 18:58:38
=result        auto_skipped: {failed,{ejabberd_SUITE,auth_external}}
=== *** Skipping test case #98 {ejabberd_SUITE,muc_change_role_slave} ***
=== 
=case          ejabberd_SUITE:muc_kick_master
=group_props   [{name,"muc_kick"}]
=started       2024-08-23 18:58:38
=result        auto_skipped: {failed,{ejabberd_SUITE,auth_external}}
=== *** Skipping test case #99 {ejabberd_SUITE,muc_kick_master} ***
=== 
=case          ejabberd_SUITE:muc_kick_slave
=group_props   [{name,"muc_kick"}]
=started       2024-08-23 18:58:38
=result        auto_skipped: {failed,{ejabberd_SUITE,auth_external}}
=== *** Skipping test case #100 {ejabberd_SUITE,muc_kick_slave} ***
=== 
=case          ejabberd_SUITE:muc_change_affiliation_master
=group_props   [{name,"muc_change_affiliation"}]
=started       2024-08-23 18:58:38
=result        auto_skipped: {failed,{ejabberd_SUITE,auth_external}}
=== *** Skipping test case #101 {ejabberd_SUITE,muc_change_affiliation_master} ***
=== 
=case          ejabberd_SUITE:muc_change_affiliation_slave
=group_props   [{name,"muc_change_affiliation"}]
=started       2024-08-23 18:58:38
=result        auto_skipped: {failed,{ejabberd_SUITE,auth_external}}
=== *** Skipping test case #102 {ejabberd_SUITE,muc_change_affiliation_slave} ***
=== 
=case          ejabberd_SUITE:muc_destroy_master
=group_props   [{name,"muc_destroy"}]
=started       2024-08-23 18:58:38
=result        auto_skipped: {failed,{ejabberd_SUITE,auth_external}}
=== *** Skipping test case #103 {ejabberd_SUITE,muc_destroy_master} ***
=== 
=case          ejabberd_SUITE:muc_destroy_slave
=group_props   [{name,"muc_destroy"}]
=started       2024-08-23 18:58:38
=result        auto_skipped: {failed,{ejabberd_SUITE,auth_external}}
=== *** Skipping test case #104 {ejabberd_SUITE,muc_destroy_slave} ***
=== 
=case          ejabberd_SUITE:muc_vcard_master
=group_props   [{name,"muc_vcard"}]
=started       2024-08-23 18:58:38
=result        auto_skipped: {failed,{ejabberd_SUITE,auth_external}}
=== *** Skipping test case #105 {ejabberd_SUITE,muc_vcard_master} ***
=== 
=case          ejabberd_SUITE:muc_vcard_slave
=group_props   [{name,"muc_vcard"}]
=started       2024-08-23 18:58:38
=result        auto_skipped: {failed,{ejabberd_SUITE,auth_external}}
=== *** Skipping test case #106 {ejabberd_SUITE,muc_vcard_slave} ***
=== 
=case          ejabberd_SUITE:muc_nick_change_master
=group_props   [{name,"muc_nick_change"}]
=started       2024-08-23 18:58:38
=result        auto_skipped: {failed,{ejabberd_SUITE,auth_external}}
=== *** Skipping test case #107 {ejabberd_SUITE,muc_nick_change_master} ***
=== 
=case          ejabberd_SUITE:muc_nick_change_slave
=group_props   [{name,"muc_nick_change"}]
=started       2024-08-23 18:58:38
=result        auto_skipped: {failed,{ejabberd_SUITE,auth_external}}
=== *** Skipping test case #108 {ejabberd_SUITE,muc_nick_change_slave} ***
=== 
=case          ejabberd_SUITE:muc_config_title_desc_master
=group_props   [{name,"muc_config_title_desc"}]
=started       2024-08-23 18:58:38
=result        auto_skipped: {failed,{ejabberd_SUITE,auth_external}}
=== *** Skipping test case #109 {ejabberd_SUITE,muc_config_title_desc_master} ***
=== 
=case          ejabberd_SUITE:muc_config_title_desc_slave
=group_props   [{name,"muc_config_title_desc"}]
=started       2024-08-23 18:58:38
=result        auto_skipped: {failed,{ejabberd_SUITE,auth_external}}
=== *** Skipping test case #110 {ejabberd_SUITE,muc_config_title_desc_slave} ***
=== 
=case          ejabberd_SUITE:muc_config_public_list_master
=group_props   [{name,"muc_config_public_list"}]
=started       2024-08-23 18:58:38
=result        auto_skipped: {failed,{ejabberd_SUITE,auth_external}}
=== *** Skipping test case #111 {ejabberd_SUITE,muc_config_public_list_master} ***
=== 
=case          ejabberd_SUITE:muc_config_public_list_slave
=group_props   [{name,"muc_config_public_list"}]
=started       2024-08-23 18:58:38
=result        auto_skipped: {failed,{ejabberd_SUITE,auth_external}}
=== *** Skipping test case #112 {ejabberd_SUITE,muc_config_public_list_slave} ***
=== 
=case          ejabberd_SUITE:muc_config_password_master
=group_props   [{name,"muc_config_password"}]
=started       2024-08-23 18:58:38
=result        auto_skipped: {failed,{ejabberd_SUITE,auth_external}}
=== *** Skipping test case #113 {ejabberd_SUITE,muc_config_password_master} ***
=== 
=case          ejabberd_SUITE:muc_config_password_slave
=group_props   [{name,"muc_config_password"}]
=started       2024-08-23 18:58:38
=result        auto_skipped: {failed,{ejabberd_SUITE,auth_external}}
=== *** Skipping test case #114 {ejabberd_SUITE,muc_config_password_slave} ***
=== 
=case          ejabberd_SUITE:muc_config_whois_master
=group_props   [{name,"muc_config_whois"}]
=started       2024-08-23 18:58:38
=result        auto_skipped: {failed,{ejabberd_SUITE,auth_external}}
=== *** Skipping test case #115 {ejabberd_SUITE,muc_config_whois_master} ***
=== 
=case          ejabberd_SUITE:muc_config_whois_slave
=group_props   [{name,"muc_config_whois"}]
=started       2024-08-23 18:58:38
=result        auto_skipped: {failed,{ejabberd_SUITE,auth_external}}
=== *** Skipping test case #116 {ejabberd_SUITE,muc_config_whois_slave} ***
=== 
=case          ejabberd_SUITE:muc_config_members_only_master
=group_props   [{name,"muc_config_members_only"}]
=started       2024-08-23 18:58:38
=result        auto_skipped: {failed,{ejabberd_SUITE,auth_external}}
=== *** Skipping test case #117 {ejabberd_SUITE,muc_config_members_only_master} ***
=== 
=case          ejabberd_SUITE:muc_config_members_only_slave
=group_props   [{name,"muc_config_members_only"}]
=started       2024-08-23 18:58:38
=result        auto_skipped: {failed,{ejabberd_SUITE,auth_external}}
=== *** Skipping test case #118 {ejabberd_SUITE,muc_config_members_only_slave} ***
=== 
=case          ejabberd_SUITE:muc_config_moderated_master
=group_props   [{name,"muc_config_moderated"}]
=started       2024-08-23 18:58:38
=result        auto_skipped: {failed,{ejabberd_SUITE,auth_external}}
=== *** Skipping test case #119 {ejabberd_SUITE,muc_config_moderated_master} ***
=== 
=case          ejabberd_SUITE:muc_config_moderated_slave
=group_props   [{name,"muc_config_moderated"}]
=started       2024-08-23 18:58:38
=result        auto_skipped: {failed,{ejabberd_SUITE,auth_external}}
=== *** Skipping test case #120 {ejabberd_SUITE,muc_config_moderated_slave} ***
=== 
=case          ejabberd_SUITE:muc_config_private_messages_master
=group_props   [{name,"muc_config_private_messages"}]
=started       2024-08-23 18:58:38
=result        auto_skipped: {failed,{ejabberd_SUITE,auth_external}}
=== *** Skipping test case #121 {ejabberd_SUITE,muc_config_private_messages_master} ***
=== 
=case          ejabberd_SUITE:muc_config_private_messages_slave
=group_props   [{name,"muc_config_private_messages"}]
=started       2024-08-23 18:58:38
=result        auto_skipped: {failed,{ejabberd_SUITE,auth_external}}
=== *** Skipping test case #122 {ejabberd_SUITE,muc_config_private_messages_slave} ***
=== 
=case          ejabberd_SUITE:muc_config_query_master
=group_props   [{name,"muc_config_query"}]
=started       2024-08-23 18:58:38
=result        auto_skipped: {failed,{ejabberd_SUITE,auth_external}}
=== *** Skipping test case #123 {ejabberd_SUITE,muc_config_query_master} ***
=== 
=case          ejabberd_SUITE:muc_config_query_slave
=group_props   [{name,"muc_config_query"}]
=started       2024-08-23 18:58:38
=result        auto_skipped: {failed,{ejabberd_SUITE,auth_external}}
=== *** Skipping test case #124 {ejabberd_SUITE,muc_config_query_slave} ***
=== 
=case          ejabberd_SUITE:muc_config_allow_invites_master
=group_props   [{name,"muc_config_allow_invites"}]
=started       2024-08-23 18:58:38
=result        auto_skipped: {failed,{ejabberd_SUITE,auth_external}}
=== *** Skipping test case #125 {ejabberd_SUITE,muc_config_allow_invites_master} ***
=== 
=case          ejabberd_SUITE:muc_config_allow_invites_slave
=group_props   [{name,"muc_config_allow_invites"}]
=started       2024-08-23 18:58:38
=result        auto_skipped: {failed,{ejabberd_SUITE,auth_external}}
=== *** Skipping test case #126 {ejabberd_SUITE,muc_config_allow_invites_slave} ***
=== 
=case          ejabberd_SUITE:muc_config_visitor_status_master
=group_props   [{name,"muc_config_visitor_status"}]
=started       2024-08-23 18:58:38
=result        auto_skipped: {failed,{ejabberd_SUITE,auth_external}}
=== *** Skipping test case #127 {ejabberd_SUITE,muc_config_visitor_status_master} ***
=== 
=case          ejabberd_SUITE:muc_config_visitor_status_slave
=group_props   [{name,"muc_config_visitor_status"}]
=started       2024-08-23 18:58:38
=result        auto_skipped: {failed,{ejabberd_SUITE,auth_external}}
=== *** Skipping test case #128 {ejabberd_SUITE,muc_config_visitor_status_slave} ***
=== 
=case          ejabberd_SUITE:muc_config_allow_voice_requests_master
=group_props   [{name,"muc_config_allow_voice_requests"}]
=started       2024-08-23 18:58:38
=result        auto_skipped: {failed,{ejabberd_SUITE,auth_external}}
=== *** Skipping test case #129 {ejabberd_SUITE,muc_config_allow_voice_requests_master} ***
=== 
=case          ejabberd_SUITE:muc_config_allow_voice_requests_slave
=group_props   [{name,"muc_config_allow_voice_requests"}]
=started       2024-08-23 18:58:38
=result        auto_skipped: {failed,{ejabberd_SUITE,auth_external}}
=== *** Skipping test case #130 {ejabberd_SUITE,muc_config_allow_voice_requests_slave} ***
=== 
=case          ejabberd_SUITE:muc_config_voice_request_interval_master
=group_props   [{name,"muc_config_voice_request_interval"}]
=started       2024-08-23 18:58:38
=result        auto_skipped: {failed,{ejabberd_SUITE,auth_external}}
=== *** Skipping test case #131 {ejabberd_SUITE,muc_config_voice_request_interval_master} ***
=== 
=case          ejabberd_SUITE:muc_config_voice_request_interval_slave
=group_props   [{name,"muc_config_voice_request_interval"}]
=started       2024-08-23 18:58:38
=result        auto_skipped: {failed,{ejabberd_SUITE,auth_external}}
=== *** Skipping test case #132 {ejabberd_SUITE,muc_config_voice_request_interval_slave} ***
=== 
=case          ejabberd_SUITE:muc_config_visitor_nickchange_master
=group_props   [{name,"muc_config_visitor_nickchange"}]
=started       2024-08-23 18:58:38
=result        auto_skipped: {failed,{ejabberd_SUITE,auth_external}}
=== *** Skipping test case #133 {ejabberd_SUITE,muc_config_visitor_nickchange_master} ***
=== 
=case          ejabberd_SUITE:muc_config_visitor_nickchange_slave
=group_props   [{name,"muc_config_visitor_nickchange"}]
=started       2024-08-23 18:58:38
=result        auto_skipped: {failed,{ejabberd_SUITE,auth_external}}
=== *** Skipping test case #134 {ejabberd_SUITE,muc_config_visitor_nickchange_slave} ***
=== 
=case          ejabberd_SUITE:muc_join_conflict_master
=group_props   [{name,"muc_join_conflict"}]
=started       2024-08-23 18:58:38
=result        auto_skipped: {failed,{ejabberd_SUITE,auth_external}}
=== *** Skipping test case #135 {ejabberd_SUITE,muc_join_conflict_master} ***
=== 
=case          ejabberd_SUITE:muc_join_conflict_slave
=group_props   [{name,"muc_join_conflict"}]
=started       2024-08-23 18:58:38
=result        auto_skipped: {failed,{ejabberd_SUITE,auth_external}}
=== *** Skipping test case #136 {ejabberd_SUITE,muc_join_conflict_slave} ***
=== 
=case          ejabberd_SUITE:proxy65_feature_enabled
=group_props   [{name,"proxy65_single"}]
=started       2024-08-23 18:58:38
=result        auto_skipped: {failed,{ejabberd_SUITE,auth_external}}
=== *** Skipping test case #137 {ejabberd_SUITE,proxy65_feature_enabled} ***
=== 
=case          ejabberd_SUITE:proxy65_service_vcard
=group_props   [{name,"proxy65_single"}]
=started       2024-08-23 18:58:38
=result        auto_skipped: {failed,{ejabberd_SUITE,auth_external}}
=== *** Skipping test case #138 {ejabberd_SUITE,proxy65_service_vcard} ***
=== 
=case          ejabberd_SUITE:proxy65_all_master
=group_props   [{name,"proxy65_all"}]
=started       2024-08-23 18:58:38
=result        auto_skipped: {failed,{ejabberd_SUITE,auth_external}}
=== *** Skipping test case #139 {ejabberd_SUITE,proxy65_all_master} ***
=== 
=case          ejabberd_SUITE:proxy65_all_slave
=group_props   [{name,"proxy65_all"}]
=started       2024-08-23 18:58:38
=result        auto_skipped: {failed,{ejabberd_SUITE,auth_external}}
=== *** Skipping test case #140 {ejabberd_SUITE,proxy65_all_slave} ***
=== 
=case          ejabberd_SUITE:stundisco_feature_enabled
=group_props   [{name,"stundisco_single"}]
=started       2024-08-23 18:58:38
=result        auto_skipped: {failed,{ejabberd_SUITE,auth_external}}
=== *** Skipping test case #141 {ejabberd_SUITE,stundisco_feature_enabled} ***
=== 
=case          ejabberd_SUITE:stundisco_stun_service
=group_props   [{name,"stundisco_single"}]
=started       2024-08-23 18:58:38
=result        auto_skipped: {failed,{ejabberd_SUITE,auth_external}}
=== *** Skipping test case #142 {ejabberd_SUITE,stundisco_stun_service} ***
=== 
=case          ejabberd_SUITE:stundisco_turn_service
=group_props   [{name,"stundisco_single"}]
=started       2024-08-23 18:58:38
=result        auto_skipped: {failed,{ejabberd_SUITE,auth_external}}
=== *** Skipping test case #143 {ejabberd_SUITE,stundisco_turn_service} ***
=== 
=case          ejabberd_SUITE:stundisco_turns_service
=group_props   [{name,"stundisco_single"}]
=started       2024-08-23 18:58:38
=result        auto_skipped: {failed,{ejabberd_SUITE,auth_external}}
=== *** Skipping test case #144 {ejabberd_SUITE,stundisco_turns_service} ***
=== 
=case          ejabberd_SUITE:stundisco_turn_credentials
=group_props   [{name,"stundisco_single"}]
=started       2024-08-23 18:58:38
=result        auto_skipped: {failed,{ejabberd_SUITE,auth_external}}
=== *** Skipping test case #145 {ejabberd_SUITE,stundisco_turn_credentials} ***
=== 
=case          ejabberd_SUITE:stundisco_turns_credentials
=group_props   [{name,"stundisco_single"}]
=started       2024-08-23 18:58:38
=result        auto_skipped: {failed,{ejabberd_SUITE,auth_external}}
=== *** Skipping test case #146 {ejabberd_SUITE,stundisco_turns_credentials} ***
=== 
=case          ejabberd_SUITE:replaced_conflict_master
=group_props   [{name,"replaced_conflict"}]
=started       2024-08-23 18:58:38
=result        auto_skipped: {failed,{ejabberd_SUITE,auth_external}}
=== *** Skipping test case #147 {ejabberd_SUITE,replaced_conflict_master} ***
=== 
=case          ejabberd_SUITE:replaced_conflict_slave
=group_props   [{name,"replaced_conflict"}]
=started       2024-08-23 18:58:38
=result        auto_skipped: {failed,{ejabberd_SUITE,auth_external}}
=== *** Skipping test case #148 {ejabberd_SUITE,replaced_conflict_slave} ***
=== 
=case          ejabberd_SUITE:upload_feature_enabled
=group_props   [{name,"upload_single"}]
=started       2024-08-23 18:58:38
=result        auto_skipped: {failed,{ejabberd_SUITE,auth_external}}
=== *** Skipping test case #149 {ejabberd_SUITE,upload_feature_enabled} ***
=== 
=case          ejabberd_SUITE:upload_service_vcard
=group_props   [{name,"upload_single"}]
=started       2024-08-23 18:58:38
=result        auto_skipped: {failed,{ejabberd_SUITE,auth_external}}
=== *** Skipping test case #150 {ejabberd_SUITE,upload_service_vcard} ***
=== 
=case          ejabberd_SUITE:upload_get_max_size
=group_props   [{name,"upload_single"}]
=started       2024-08-23 18:58:38
=result        auto_skipped: {failed,{ejabberd_SUITE,auth_external}}
=== *** Skipping test case #151 {ejabberd_SUITE,upload_get_max_size} ***
=== 
=case          ejabberd_SUITE:upload_slot_request
=group_props   [{name,"upload_single"}]
=started       2024-08-23 18:58:38
=result        auto_skipped: {failed,{ejabberd_SUITE,auth_external}}
=== *** Skipping test case #152 {ejabberd_SUITE,upload_slot_request} ***
=== 
=case          ejabberd_SUITE:upload_put_get_request
=group_props   [{name,"upload_single"}]
=started       2024-08-23 18:58:38
=result        auto_skipped: {failed,{ejabberd_SUITE,auth_external}}
=== *** Skipping test case #153 {ejabberd_SUITE,upload_put_get_request} ***
=== 
=case          ejabberd_SUITE:upload_max_size_exceed
=group_props   [{name,"upload_single"}]
=started       2024-08-23 18:58:38
=result        auto_skipped: {failed,{ejabberd_SUITE,auth_external}}
=== *** Skipping test case #154 {ejabberd_SUITE,upload_max_size_exceed} ***
=== 
=case          ejabberd_SUITE:carbons_feature_enabled
=group_props   [{name,"carbons_single"}]
=started       2024-08-23 18:58:38
=result        auto_skipped: {failed,{ejabberd_SUITE,auth_external}}
=== *** Skipping test case #155 {ejabberd_SUITE,carbons_feature_enabled} ***
=== 
=case          ejabberd_SUITE:carbons_unsupported_iq
=group_props   [{name,"carbons_single"}]
=started       2024-08-23 18:58:38
=result        auto_skipped: {failed,{ejabberd_SUITE,auth_external}}
=== *** Skipping test case #156 {ejabberd_SUITE,carbons_unsupported_iq} ***
=== 
=case          ejabberd_SUITE:carbons_send_recv_master
=group_props   [{name,"carbons_send_recv"}]
=started       2024-08-23 18:58:38
=result        auto_skipped: {failed,{ejabberd_SUITE,auth_external}}
=== *** Skipping test case #157 {ejabberd_SUITE,carbons_send_recv_master} ***
=== 
=case          ejabberd_SUITE:carbons_send_recv_slave
=group_props   [{name,"carbons_send_recv"}]
=started       2024-08-23 18:58:38
=result        auto_skipped: {failed,{ejabberd_SUITE,auth_external}}
=== *** Skipping test case #158 {ejabberd_SUITE,carbons_send_recv_slave} ***
=== 
=case          ejabberd_SUITE:carbons_enable_disable_master
=group_props   [{name,"carbons_enable_disable"}]
=started       2024-08-23 18:58:38
=result        auto_skipped: {failed,{ejabberd_SUITE,auth_external}}
=== *** Skipping test case #159 {ejabberd_SUITE,carbons_enable_disable_master} ***
=== 
=case          ejabberd_SUITE:carbons_enable_disable_slave
=group_props   [{name,"carbons_enable_disable"}]
=started       2024-08-23 18:58:38
=result        auto_skipped: {failed,{ejabberd_SUITE,auth_external}}
=== *** Skipping test case #160 {ejabberd_SUITE,carbons_enable_disable_slave} ***
=case          ejabberd_SUITE:end_per_group
=logfile       ejabberd_suite.end_per_group.3523.html
=group_props   [{name,no_db},sequence]
=started       2024-08-23 18:58:38
=ended         2024-08-23 18:58:38
=result        ok
=elapsed       0.0
=group_time    1.435s
=case          ejabberd_SUITE:init_per_group
=logfile       ejabberd_suite.init_per_group.3555.html
=group_props   [{name,mnesia},sequence]
=started       2024-08-23 18:58:38
=ended         2024-08-23 18:58:38
=result        ok
=elapsed       4.2e-5
=case          ejabberd_SUITE:init_per_group
=logfile       ejabberd_suite.init_per_group.3587.html
=group_props   [{name,single_user},sequence]
=started       2024-08-23 18:58:38
=ended         2024-08-23 18:58:38
=result        ok
=elapsed       3.0e-6
=case          ejabberd_SUITE:test_register
=logfile       ejabberd_suite.test_register.html
=started       2024-08-23 18:58:38
=ended         2024-08-23 18:58:38
=result        ok
=elapsed       0.082668
=case          ejabberd_SUITE:init_per_group
=logfile       ejabberd_suite.init_per_group.3683.html
=group_props   [{name,legacy_auth},parallel]
=started       2024-08-23 18:58:38
=ended         2024-08-23 18:58:38
=result        ok
=elapsed       4.0e-6
=case          ejabberd_SUITE:test_legacy_auth_feature
=logfile       ejabberd_suite.test_legacy_auth_feature.3715.html
=started       2024-08-23 18:58:38
=ended         2024-08-23 18:58:39
=result        ok
=elapsed       8.09e-4
=case          ejabberd_SUITE:test_legacy_auth
=logfile       ejabberd_suite.test_legacy_auth.3747.html
=started       2024-08-23 18:58:38
=ended         2024-08-23 18:58:39
=result        ok
=elapsed       0.103435
=case          ejabberd_SUITE:test_legacy_auth_digest
=logfile       ejabberd_suite.test_legacy_auth_digest.3779.html
=started       2024-08-23 18:58:38
=ended         2024-08-23 18:58:39
=result        ok
=elapsed       0.119087
=case          ejabberd_SUITE:test_legacy_auth_no_resource
=logfile       ejabberd_suite.test_legacy_auth_no_resource.3811.html
=started       2024-08-23 18:58:38
=ended         2024-08-23 18:58:39
=result        ok
=elapsed       0.002312
=case          ejabberd_SUITE:test_legacy_auth_bad_jid
=logfile       ejabberd_suite.test_legacy_auth_bad_jid.3843.html
=started       2024-08-23 18:58:38
=ended         2024-08-23 18:58:39
=result        ok
=elapsed       0.001525
=case          ejabberd_SUITE:test_legacy_auth_fail
=logfile       ejabberd_suite.test_legacy_auth_fail.3875.html
=started       2024-08-23 18:58:38
=ended         2024-08-23 18:58:39
=result        ok
=elapsed       0.001442
=case          ejabberd_SUITE:end_per_group
=logfile       ejabberd_suite.end_per_group.1890.html
=group_props   [{name,legacy_auth},parallel]
=started       2024-08-23 18:58:39
=ended         2024-08-23 18:58:39
=result        ok
=elapsed       1.0e-5
=group_time    0.184s
=case          ejabberd_SUITE:auth_plain
=logfile       ejabberd_suite.auth_plain.html
=started       2024-08-23 18:58:39
=ended         2024-08-23 18:58:39
=result        ok
=elapsed       0.014536
=case          ejabberd_SUITE:auth_md5
=logfile       ejabberd_suite.auth_md5.html
=started       2024-08-23 18:58:39
=ended         2024-08-23 18:58:39
=result        ok
=elapsed       0.011068
=case          ejabberd_SUITE:presence_broadcast
=logfile       ejabberd_suite.presence_broadcast.html
=started       2024-08-23 18:58:39
=ended         2024-08-23 18:58:39
=result        ok
=elapsed       0.267476
=case          ejabberd_SUITE:last
=logfile       ejabberd_suite.last.html
=started       2024-08-23 18:58:39
=ended         2024-08-23 18:58:39
=result        ok
=elapsed       0.103667
=case          ejabberd_SUITE:init_per_group
=logfile       ejabberd_suite.init_per_group.1954.html
=group_props   [{name,webadmin_single},sequence]
=started       2024-08-23 18:58:39
=ended         2024-08-23 18:58:39
=result        ok
=elapsed       3.0e-6
=case          ejabberd_SUITE:webadmin_login_page
=logfile       ejabberd_suite.webadmin_login_page.html
=started       2024-08-23 18:58:39
=ended         2024-08-23 18:58:39
=result        ok
=elapsed       0.077823
=case          ejabberd_SUITE:webadmin_welcome_page
=logfile       ejabberd_suite.webadmin_welcome_page.html
=started       2024-08-23 18:58:39
=ended         2024-08-23 18:58:39
=result        ok
=elapsed       0.002789
=case          ejabberd_SUITE:webadmin_user_page
=logfile       ejabberd_suite.webadmin_user_page.html
=started       2024-08-23 18:58:39
=ended         2024-08-23 18:58:39
=result        ok
=elapsed       0.002963
=case          ejabberd_SUITE:webadmin_adduser
=logfile       ejabberd_suite.webadmin_adduser.html
=started       2024-08-23 18:58:39
=ended         2024-08-23 18:58:39
=result        ok
=elapsed       0.005534
=case          ejabberd_SUITE:webadmin_changepassword
=logfile       ejabberd_suite.webadmin_changepassword.html
=started       2024-08-23 18:58:39
=ended         2024-08-23 18:58:39
=result        ok
=elapsed       0.00324
=case          ejabberd_SUITE:webadmin_removeuser
=logfile       ejabberd_suite.webadmin_removeuser.html
=started       2024-08-23 18:58:39
=ended         2024-08-23 18:58:39
=result        ok
=elapsed       0.004059
=case          ejabberd_SUITE:end_per_group
=logfile       ejabberd_suite.end_per_group.1986.html
=group_props   [{name,webadmin_single},sequence]
=started       2024-08-23 18:58:39
=ended         2024-08-23 18:58:39
=result        ok
=elapsed       3.0e-6
=group_time    0.276s
=case          ejabberd_SUITE:init_per_group
=logfile       ejabberd_suite.init_per_group.2018.html
=group_props   [{name,roster_single},sequence]
=started       2024-08-23 18:58:39
=ended         2024-08-23 18:58:39
=result        ok
=elapsed       5.0e-6
=case          ejabberd_SUITE:roster_feature_enabled
=logfile       ejabberd_suite.roster_feature_enabled.html
=started       2024-08-23 18:58:39
=ended         2024-08-23 18:58:40
=result        ok
=elapsed       0.101398
=case          ejabberd_SUITE:roster_iq_set_many_items
=logfile       ejabberd_suite.roster_iq_set_many_items.html
=started       2024-08-23 18:58:40
=ended         2024-08-23 18:58:40
=result        ok
=elapsed       0.102371
=case          ejabberd_SUITE:roster_iq_set_duplicated_groups
=logfile       ejabberd_suite.roster_iq_set_duplicated_groups.html
=started       2024-08-23 18:58:40
=ended         2024-08-23 18:58:40
=result        ok
=elapsed       0.102417
=case          ejabberd_SUITE:roster_iq_get_item
=logfile       ejabberd_suite.roster_iq_get_item.html
=started       2024-08-23 18:58:40
=ended         2024-08-23 18:58:40
=result        ok
=elapsed       0.102426
=case          ejabberd_SUITE:roster_iq_unexpected_element
=logfile       ejabberd_suite.roster_iq_unexpected_element.html
=started       2024-08-23 18:58:40
=ended         2024-08-23 18:58:40
=result        ok
=elapsed       0.102507
=case          ejabberd_SUITE:roster_iq_set_ask
=logfile       ejabberd_suite.roster_iq_set_ask.html
=started       2024-08-23 18:58:40
=ended         2024-08-23 18:58:40
=result        ok
=elapsed       0.101891
=case          ejabberd_SUITE:roster_set_item
=logfile       ejabberd_suite.roster_set_item.html
=started       2024-08-23 18:58:40
=ended         2024-08-23 18:58:41
=result        ok
=elapsed       0.329104
=case          ejabberd_SUITE:roster_version
=logfile       ejabberd_suite.roster_version.html
=started       2024-08-23 18:58:41
=ended         2024-08-23 18:58:41
=result        ok
=elapsed       0.146725
=case          ejabberd_SUITE:end_per_group
=logfile       ejabberd_suite.end_per_group.2594.html
=group_props   [{name,roster_single},sequence]
=started       2024-08-23 18:58:41
=ended         2024-08-23 18:58:41
=result        ok
=elapsed       3.0e-6
=group_time    1.353s
=case          ejabberd_SUITE:init_per_group
=logfile       ejabberd_suite.init_per_group.2626.html
=group_props   [{name,private_single},sequence]
=started       2024-08-23 18:58:41
=ended         2024-08-23 18:58:41
=result        ok
=elapsed       3.0e-6
=case          ejabberd_SUITE:private_test_features
=logfile       ejabberd_suite.private_test_features.html
=started       2024-08-23 18:58:41
=ended         2024-08-23 18:58:41
=result        ok
=elapsed       0.10214
=case          ejabberd_SUITE:private_test_no_namespace
=logfile       ejabberd_suite.private_test_no_namespace.html
=started       2024-08-23 18:58:41
=ended         2024-08-23 18:58:41
=result        ok
=elapsed       0.110191
=case          ejabberd_SUITE:private_test_set_get
=logfile       ejabberd_suite.private_test_set_get.html
=started       2024-08-23 18:58:41
=ended         2024-08-23 18:58:41
=result        ok
=elapsed       0.120461
=case          ejabberd_SUITE:private_test_published
=logfile       ejabberd_suite.private_test_published.html
=started       2024-08-23 18:58:41
=ended         2024-08-23 18:58:41
=result        ok
=elapsed       0.103902
=case          ejabberd_SUITE:end_per_group
=logfile       ejabberd_suite.end_per_group.2818.html
=group_props   [{name,private_single},sequence]
=started       2024-08-23 18:58:41
=ended         2024-08-23 18:58:41
=result        ok
=elapsed       3.0e-6
=group_time    0.581s
=case          ejabberd_SUITE:init_per_group
=logfile       ejabberd_suite.init_per_group.4419.html
=group_props   [{name,privacy_single},sequence]
=started       2024-08-23 18:58:41
=ended         2024-08-23 18:58:41
=result        ok
=elapsed       3.0e-6
=case          ejabberd_SUITE:privacy_feature_enabled
=logfile       ejabberd_suite.privacy_feature_enabled.html
=started       2024-08-23 18:58:41
=ended         2024-08-23 18:58:42
=result        ok
=elapsed       0.102257
=case          ejabberd_SUITE:privacy_set_get_list
=logfile       ejabberd_suite.privacy_set_get_list.html
=started       2024-08-23 18:58:42
=ended         2024-08-23 18:58:42
=result        ok
=elapsed       0.145287
=case          ejabberd_SUITE:privacy_get_list_non_existent
=logfile       ejabberd_suite.privacy_get_list_non_existent.html
=started       2024-08-23 18:58:42
=ended         2024-08-23 18:58:42
=result        ok
=elapsed       0.1025
=case          ejabberd_SUITE:privacy_get_empty_lists
=logfile       ejabberd_suite.privacy_get_empty_lists.html
=started       2024-08-23 18:58:42
=ended         2024-08-23 18:58:42
=result        ok
=elapsed       0.102277
=case          ejabberd_SUITE:privacy_set_default
=logfile       ejabberd_suite.privacy_set_default.html
=started       2024-08-23 18:58:42
=ended         2024-08-23 18:58:42
=result        ok
=elapsed       0.146918
=case          ejabberd_SUITE:privacy_del_default
=logfile       ejabberd_suite.privacy_del_default.html
=started       2024-08-23 18:58:42
=ended         2024-08-23 18:58:42
=result        ok
=elapsed       0.146518
=case          ejabberd_SUITE:privacy_set_default_non_existent
=logfile       ejabberd_suite.privacy_set_default_non_existent.html
=started       2024-08-23 18:58:42
=ended         2024-08-23 18:58:43
=result        ok
=elapsed       0.101936
=case          ejabberd_SUITE:privacy_set_active
=logfile       ejabberd_suite.privacy_set_active.html
=started       2024-08-23 18:58:43
=ended         2024-08-23 18:58:43
=result        ok
=elapsed       0.144571
=case          ejabberd_SUITE:privacy_del_active
=logfile       ejabberd_suite.privacy_del_active.html
=started       2024-08-23 18:58:43
=ended         2024-08-23 18:58:43
=result        ok
=elapsed       0.146377
=case          ejabberd_SUITE:privacy_set_active_non_existent
=logfile       ejabberd_suite.privacy_set_active_non_existent.html
=started       2024-08-23 18:58:43
=ended         2024-08-23 18:58:43
=result        ok
=elapsed       0.102664
=case          ejabberd_SUITE:privacy_remove_list
=logfile       ejabberd_suite.privacy_remove_list.html
=started       2024-08-23 18:58:43
=ended         2024-08-23 18:58:43
=result        ok
=elapsed       0.145157
=case          ejabberd_SUITE:privacy_remove_default_list
=logfile       ejabberd_suite.privacy_remove_default_list.html
=started       2024-08-23 18:58:43
=ended         2024-08-23 18:58:43
=result        ok
=elapsed       0.146069
=case          ejabberd_SUITE:privacy_remove_active_list
=logfile       ejabberd_suite.privacy_remove_active_list.html
=started       2024-08-23 18:58:43
=ended         2024-08-23 18:58:44
=result        ok
=elapsed       0.144851
=case          ejabberd_SUITE:privacy_remove_list_non_existent
=logfile       ejabberd_suite.privacy_remove_list_non_existent.html
=started       2024-08-23 18:58:44
=ended         2024-08-23 18:58:44
=result        ok
=elapsed       0.102301
=case          ejabberd_SUITE:privacy_allow_local_server
=logfile       ejabberd_suite.privacy_allow_local_server.html
=started       2024-08-23 18:58:44
=ended         2024-08-23 18:58:44
=result        ok
=elapsed       0.19203
=case          ejabberd_SUITE:privacy_malformed_iq_query
=logfile       ejabberd_suite.privacy_malformed_iq_query.html
=started       2024-08-23 18:58:44
=ended         2024-08-23 18:58:44
=result        ok
=elapsed       0.102103
=case          ejabberd_SUITE:privacy_malformed_get
=logfile       ejabberd_suite.privacy_malformed_get.html
=started       2024-08-23 18:58:44
=ended         2024-08-23 18:58:44
=result        ok
=elapsed       0.10981
=case          ejabberd_SUITE:privacy_malformed_set
=logfile       ejabberd_suite.privacy_malformed_set.html
=started       2024-08-23 18:58:44
=ended         2024-08-23 18:58:44
=result        ok
=elapsed       0.103882
=case          ejabberd_SUITE:privacy_malformed_type_value
=logfile       ejabberd_suite.privacy_malformed_type_value.html
=started       2024-08-23 18:58:44
=ended         2024-08-23 18:58:44
=result        ok
=elapsed       0.103356
=case          ejabberd_SUITE:privacy_set_get_block
=logfile       ejabberd_suite.privacy_set_get_block.html
=started       2024-08-23 18:58:44
=ended         2024-08-23 18:58:45
=result        ok
=elapsed       0.189211
=case          ejabberd_SUITE:end_per_group
=logfile       ejabberd_suite.end_per_group.3394.html
=group_props   [{name,privacy_single},sequence]
=started       2024-08-23 18:58:45
=ended         2024-08-23 18:58:45
=result        ok
=elapsed       3.0e-6
=group_time    3.207s
=case          ejabberd_SUITE:init_per_group
=logfile       ejabberd_suite.init_per_group.5123.html
=group_props   [{name,vcard_single},sequence]
=started       2024-08-23 18:58:45
=ended         2024-08-23 18:58:45
=result        ok
=elapsed       4.0e-6
=case          ejabberd_SUITE:vcard_feature_enabled
=logfile       ejabberd_suite.vcard_feature_enabled.html
=started       2024-08-23 18:58:45
=ended         2024-08-23 18:58:45
=result        ok
=elapsed       0.103804
=case          ejabberd_SUITE:vcard_get_set
=logfile       ejabberd_suite.vcard_get_set.html
=started       2024-08-23 18:58:45
=ended         2024-08-23 18:58:45
=result        ok
=elapsed       0.102978
=case          ejabberd_SUITE:vcard_service_vcard
=logfile       ejabberd_suite.vcard_service_vcard.html
=started       2024-08-23 18:58:45
=ended         2024-08-23 18:58:45
=result        ok
=elapsed       0.102557
=case          ejabberd_SUITE:end_per_group
=logfile       ejabberd_suite.end_per_group.5283.html
=group_props   [{name,vcard_single},sequence]
=started       2024-08-23 18:58:45
=ended         2024-08-23 18:58:45
=result        ok
=elapsed       3.0e-6
=group_time    0.425s
=case          ejabberd_SUITE:init_per_group
=logfile       ejabberd_suite.init_per_group.5315.html
=group_props   [{name,pubsub_single},sequence]
=started       2024-08-23 18:58:45
=ended         2024-08-23 18:58:45
=result        ok
=elapsed       4.0e-6
=case          ejabberd_SUITE:pubsub_test_features
=logfile       ejabberd_suite.pubsub_test_features.html
=started       2024-08-23 18:58:45
=ended         2024-08-23 18:58:45
=result        ok
=elapsed       0.102132
=case          ejabberd_SUITE:pubsub_test_vcard
=logfile       ejabberd_suite.pubsub_test_vcard.html
=started       2024-08-23 18:58:45
=ended         2024-08-23 18:58:45
=result        ok
=elapsed       0.102898
=case          ejabberd_SUITE:pubsub_test_create
=logfile       ejabberd_suite.pubsub_test_create.html
=started       2024-08-23 18:58:45
=ended         2024-08-23 18:58:46
=result        ok
=elapsed       0.102076
=case          ejabberd_SUITE:pubsub_test_configure
=logfile       ejabberd_suite.pubsub_test_configure.html
=started       2024-08-23 18:58:46
=ended         2024-08-23 18:58:46
=result        ok
=elapsed       0.111958
=case          ejabberd_SUITE:pubsub_test_delete
=logfile       ejabberd_suite.pubsub_test_delete.html
=started       2024-08-23 18:58:46
=ended         2024-08-23 18:58:46
=result        ok
=elapsed       0.102167
=case          ejabberd_SUITE:pubsub_test_get_affiliations
=logfile       ejabberd_suite.pubsub_test_get_affiliations.html
=started       2024-08-23 18:58:46
=ended         2024-08-23 18:58:46
=result        ok
=elapsed       0.109828
=case          ejabberd_SUITE:pubsub_test_get_subscriptions
=logfile       ejabberd_suite.pubsub_test_get_subscriptions.html
=started       2024-08-23 18:58:46
=ended         2024-08-23 18:58:46
=result        ok
=elapsed       0.112708
=case          ejabberd_SUITE:pubsub_test_create_instant
=logfile       ejabberd_suite.pubsub_test_create_instant.html
=started       2024-08-23 18:58:46
=ended         2024-08-23 18:58:46
=result        ok
=elapsed       0.10261
=case          ejabberd_SUITE:pubsub_test_default
=logfile       ejabberd_suite.pubsub_test_default.html
=started       2024-08-23 18:58:46
=ended         2024-08-23 18:58:46
=result        ok
=elapsed       0.102532
=case          ejabberd_SUITE:pubsub_test_create_configure
=logfile       ejabberd_suite.pubsub_test_create_configure.html
=started       2024-08-23 18:58:46
=ended         2024-08-23 18:58:47
=result        ok
=elapsed       0.1073
=case          ejabberd_SUITE:pubsub_test_publish
=logfile       ejabberd_suite.pubsub_test_publish.html
=started       2024-08-23 18:58:47
=ended         2024-08-23 18:58:47
=result        ok
=elapsed       0.104802
=case          ejabberd_SUITE:pubsub_test_auto_create
=logfile       ejabberd_suite.pubsub_test_auto_create.html
=started       2024-08-23 18:58:47
=ended         2024-08-23 18:58:47
=result        ok
=elapsed       0.103316
=case          ejabberd_SUITE:pubsub_test_get_items
=logfile       ejabberd_suite.pubsub_test_get_items.html
=started       2024-08-23 18:58:47
=ended         2024-08-23 18:58:47
=result        ok
=elapsed       0.107658
=case          ejabberd_SUITE:pubsub_test_delete_item
=logfile       ejabberd_suite.pubsub_test_delete_item.html
=started       2024-08-23 18:58:47
=ended         2024-08-23 18:58:47
=result        ok
=elapsed       0.106112
=case          ejabberd_SUITE:pubsub_test_purge
=logfile       ejabberd_suite.pubsub_test_purge.html
=started       2024-08-23 18:58:47
=ended         2024-08-23 18:58:47
=result        ok
=elapsed       0.112616
=case          ejabberd_SUITE:pubsub_test_subscribe
=logfile       ejabberd_suite.pubsub_test_subscribe.html
=started       2024-08-23 18:58:47
=ended         2024-08-23 18:58:47
=result        ok
=elapsed       0.104759
=case          ejabberd_SUITE:pubsub_test_subscribe_max_item_1
=logfile       ejabberd_suite.pubsub_test_subscribe_max_item_1.html
=started       2024-08-23 18:58:47
=ended         2024-08-23 18:58:47
=result        ok
=elapsed       0.107318
=case          ejabberd_SUITE:pubsub_test_unsubscribe
=logfile       ejabberd_suite.pubsub_test_unsubscribe.html
=started       2024-08-23 18:58:47
=ended         2024-08-23 18:58:48
=result        ok
=elapsed       0.105195
=case          ejabberd_SUITE:end_per_group
=logfile       ejabberd_suite.end_per_group.5891.html
=group_props   [{name,pubsub_single},sequence]
=started       2024-08-23 18:58:48
=ended         2024-08-23 18:58:48
=result        ok
=elapsed       3.0e-6
=group_time    2.476s
=case          ejabberd_SUITE:init_per_group
=logfile       ejabberd_suite.init_per_group.5923.html
=group_props   [{name,muc_single},sequence]
=started       2024-08-23 18:58:48
=ended         2024-08-23 18:58:48
=result        ok
=elapsed       4.0e-6
=case          ejabberd_SUITE:muc_service_presence_error
=logfile       ejabberd_suite.muc_service_presence_error.html
=started       2024-08-23 18:58:48
=ended         2024-08-23 18:58:48
=result        ok
=elapsed       0.189525
=case          ejabberd_SUITE:muc_service_message_error
=logfile       ejabberd_suite.muc_service_message_error.html
=started       2024-08-23 18:58:48
=ended         2024-08-23 18:58:48
=result        ok
=elapsed       0.190745
=case          ejabberd_SUITE:muc_service_unknown_ns_iq_error
=logfile       ejabberd_suite.muc_service_unknown_ns_iq_error.html
=started       2024-08-23 18:58:48
=ended         2024-08-23 18:58:48
=result        ok
=elapsed       0.187995
=case          ejabberd_SUITE:muc_service_iq_set_error
=logfile       ejabberd_suite.muc_service_iq_set_error.html
=started       2024-08-23 18:58:48
=ended         2024-08-23 18:58:49
=result        ok
=elapsed       0.336368
=case          ejabberd_SUITE:muc_service_improper_iq_error
=logfile       ejabberd_suite.muc_service_improper_iq_error.html
=started       2024-08-23 18:58:49
=ended         2024-08-23 18:58:49
=result        ok
=elapsed       0.275471
=case          ejabberd_SUITE:muc_service_features
=logfile       ejabberd_suite.muc_service_features.html
=started       2024-08-23 18:58:49
=ended         2024-08-23 18:58:49
=result        ok
=elapsed       0.102384
=case          ejabberd_SUITE:muc_service_disco_info_node_error
=logfile       ejabberd_suite.muc_service_disco_info_node_error.html
=started       2024-08-23 18:58:49
=ended         2024-08-23 18:58:49
=result        ok
=elapsed       0.102263
=case          ejabberd_SUITE:muc_service_disco_items
=logfile       ejabberd_suite.muc_service_disco_items.html
=started       2024-08-23 18:58:49
=ended         2024-08-23 18:58:49
=result        ok
=elapsed       0.139143
=case          ejabberd_SUITE:muc_service_unique
=logfile       ejabberd_suite.muc_service_unique.html
=started       2024-08-23 18:58:49
=ended         2024-08-23 18:58:50
=result        ok
=elapsed       0.102243
=case          ejabberd_SUITE:muc_service_vcard
=logfile       ejabberd_suite.muc_service_vcard.html
=started       2024-08-23 18:58:50
=ended         2024-08-23 18:58:50
=result        ok
=elapsed       0.102804
=case          ejabberd_SUITE:muc_configure_non_existent
=logfile       ejabberd_suite.muc_configure_non_existent.html
=started       2024-08-23 18:58:50
=ended         2024-08-23 18:58:50
=result        ok
=elapsed       0.104053
=case          ejabberd_SUITE:muc_cancel_configure_non_existent
=logfile       ejabberd_suite.muc_cancel_configure_non_existent.html
=started       2024-08-23 18:58:50
=ended         2024-08-23 18:58:50
=result        ok
=elapsed       0.102243
=case          ejabberd_SUITE:muc_service_subscriptions
=logfile       ejabberd_suite.muc_service_subscriptions.html
=started       2024-08-23 18:58:50
=ended         2024-08-23 18:58:50
=result        ok
=elapsed       0.140116
=case          ejabberd_SUITE:muc_set_room_affiliation
=logfile       ejabberd_suite.muc_set_room_affiliation.html
=started       2024-08-23 18:58:50
=ended         2024-08-23 18:58:50
=result        ok
=elapsed       0.113867
=case          ejabberd_SUITE:end_per_group
=logfile       ejabberd_suite.end_per_group.6595.html
=group_props   [{name,muc_single},sequence]
=started       2024-08-23 18:58:50
=ended         2024-08-23 18:58:50
=result        ok
=elapsed       3.0e-6
=group_time    2.641s
=case          ejabberd_SUITE:init_per_group
=logfile       ejabberd_suite.init_per_group.4546.html
=group_props   [{name,offline_single},sequence]
=started       2024-08-23 18:58:50
=ended         2024-08-23 18:58:50
=result        ok
=elapsed       5.0e-6
=case          ejabberd_SUITE:offline_feature_enabled
=logfile       ejabberd_suite.offline_feature_enabled.html
=started       2024-08-23 18:58:50
=ended         2024-08-23 18:58:50
=result        ok
=elapsed       0.102315
=case          ejabberd_SUITE:offline_check_identity
=logfile       ejabberd_suite.offline_check_identity.html
=started       2024-08-23 18:58:50
=ended         2024-08-23 18:58:51
=result        ok
=elapsed       0.105479
=case          ejabberd_SUITE:offline_send_non_existent
=logfile       ejabberd_suite.offline_send_non_existent.html
=started       2024-08-23 18:58:51
=ended         2024-08-23 18:58:51
=result        ok
=elapsed       0.101571
=case          ejabberd_SUITE:offline_view_non_existent
=logfile       ejabberd_suite.offline_view_non_existent.html
=started       2024-08-23 18:58:51
=ended         2024-08-23 18:58:51
=result        ok
=elapsed       0.102118
=case          ejabberd_SUITE:offline_remove_non_existent
=logfile       ejabberd_suite.offline_remove_non_existent.html
=started       2024-08-23 18:58:51
=ended         2024-08-23 18:58:51
=result        ok
=elapsed       0.101538
=case          ejabberd_SUITE:offline_view_non_integer
=logfile       ejabberd_suite.offline_view_non_integer.html
=started       2024-08-23 18:58:51
=ended         2024-08-23 18:58:51
=result        ok
=elapsed       0.102154
=case          ejabberd_SUITE:offline_remove_non_integer
=logfile       ejabberd_suite.offline_remove_non_integer.html
=started       2024-08-23 18:58:51
=ended         2024-08-23 18:58:51
=result        ok
=elapsed       0.101457
=case          ejabberd_SUITE:offline_malformed_iq
=logfile       ejabberd_suite.offline_malformed_iq.html
=started       2024-08-23 18:58:51
=ended         2024-08-23 18:58:51
=result        ok
=elapsed       0.10493
=case          ejabberd_SUITE:offline_wrong_user
=logfile       ejabberd_suite.offline_wrong_user.html
=started       2024-08-23 18:58:51
=ended         2024-08-23 18:58:52
=result        ok
=elapsed       0.109306
=case          ejabberd_SUITE:offline_unsupported_iq
=logfile       ejabberd_suite.offline_unsupported_iq.html
=started       2024-08-23 18:58:52
=ended         2024-08-23 18:58:52
=result        ok
=elapsed       0.102304
=case          ejabberd_SUITE:end_per_group
=logfile       ejabberd_suite.end_per_group.4962.html
=group_props   [{name,offline_single},sequence]
=started       2024-08-23 18:58:52
=ended         2024-08-23 18:58:52
=result        ok
=elapsed       4.0e-6
=group_time    1.355s
=case          ejabberd_SUITE:init_per_group
=logfile       ejabberd_suite.init_per_group.4994.html
=group_props   [{name,mam_single},sequence]
=started       2024-08-23 18:58:52
=ended         2024-08-23 18:58:52
=result        ok
=elapsed       4.0e-6
=case          ejabberd_SUITE:mam_feature_enabled
=logfile       ejabberd_suite.mam_feature_enabled.html
=started       2024-08-23 18:58:52
=ended         2024-08-23 18:58:52
=result        ok
=elapsed       0.105564
=case          ejabberd_SUITE:mam_get_set_prefs
=logfile       ejabberd_suite.mam_get_set_prefs.html
=started       2024-08-23 18:58:52
=ended         2024-08-23 18:58:54
=result        ok
=elapsed       1.893252
=case          ejabberd_SUITE:mam_get_form
=logfile       ejabberd_suite.mam_get_form.html
=started       2024-08-23 18:58:54
=ended         2024-08-23 18:58:54
=result        ok
=elapsed       0.111952
=case          ejabberd_SUITE:mam_fake_by
=logfile       ejabberd_suite.mam_fake_by.html
=started       2024-08-23 18:58:54
=ended         2024-08-23 18:58:54
=result        ok
=elapsed       0.102402
=case          ejabberd_SUITE:end_per_group
=logfile       ejabberd_suite.end_per_group.6979.html
=group_props   [{name,mam_single},sequence]
=started       2024-08-23 18:58:54
=ended         2024-08-23 18:58:54
=result        ok
=elapsed       3.0e-6
=group_time    2.361s
=case          ejabberd_SUITE:init_per_group
=logfile       ejabberd_suite.init_per_group.7011.html
=group_props   [{name,csi_single},sequence]
=started       2024-08-23 18:58:54
=ended         2024-08-23 18:58:54
=result        ok
=elapsed       6.0e-6
=case          ejabberd_SUITE:csi_feature_enabled
=logfile       ejabberd_suite.csi_feature_enabled.html
=started       2024-08-23 18:58:54
=ended         2024-08-23 18:58:54
=result        ok
=elapsed       0.101156
=case          ejabberd_SUITE:end_per_group
=logfile       ejabberd_suite.end_per_group.7075.html
=group_props   [{name,csi_single},sequence]
=started       2024-08-23 18:58:54
=ended         2024-08-23 18:58:54
=result        ok
=elapsed       4.0e-6
=group_time    0.156s
=case          ejabberd_SUITE:init_per_group
=logfile       ejabberd_suite.init_per_group.7107.html
=group_props   [{name,push_single},sequence]
=started       2024-08-23 18:58:54
=ended         2024-08-23 18:58:54
=result        ok
=elapsed       5.0e-6
=case          ejabberd_SUITE:push_feature_enabled
=logfile       ejabberd_suite.push_feature_enabled.html
=started       2024-08-23 18:58:54
=ended         2024-08-23 18:58:54
=result        ok
=elapsed       0.102779
=case          ejabberd_SUITE:push_unsupported_iq
=logfile       ejabberd_suite.push_unsupported_iq.html
=started       2024-08-23 18:58:54
=ended         2024-08-23 18:58:55
=result        ok
=elapsed       0.109191
=case          ejabberd_SUITE:end_per_group
=logfile       ejabberd_suite.end_per_group.7171.html
=group_props   [{name,push_single},sequence]
=started       2024-08-23 18:58:55
=ended         2024-08-23 18:58:55
=result        ok
=elapsed       3.0e-6
=group_time    0.296s
=case          ejabberd_SUITE:test_unregister
=logfile       ejabberd_suite.test_unregister.html
=started       2024-08-23 18:58:55
=ended         2024-08-23 18:58:55
=result        ok
=elapsed       0.003401
=case          ejabberd_SUITE:end_per_group
=logfile       ejabberd_suite.end_per_group.7203.html
=group_props   [{name,single_user},sequence]
=started       2024-08-23 18:58:55
=ended         2024-08-23 18:58:55
=result        ok
=elapsed       3.0e-6
=group_time    16.312s
=case          ejabberd_SUITE:init_per_group
=logfile       ejabberd_suite.init_per_group.7235.html
=group_props   [{name,muc_master_slave},sequence]
=started       2024-08-23 18:58:55
=ended         2024-08-23 18:58:55
=result        ok
=elapsed       4.0e-6
=case          ejabberd_SUITE:init_per_group
=logfile       ejabberd_suite.init_per_group.7267.html
=group_props   [{name,muc_register},parallel]
=started       2024-08-23 18:58:55
=ended         2024-08-23 18:58:55
=result        ok
=elapsed       3.0e-6
=case          ejabberd_SUITE:muc_register_master
=logfile       ejabberd_suite.muc_register_master.7299.html
=started       2024-08-23 18:58:55
=ended         2024-08-23 18:58:55
=result        ok
=elapsed       0.116855
=case          ejabberd_SUITE:muc_register_slave
=logfile       ejabberd_suite.muc_register_slave.7331.html
=started       2024-08-23 18:58:55
=ended         2024-08-23 18:58:55
=result        ok
=elapsed       0.112781
=case          ejabberd_SUITE:end_per_group
=logfile       ejabberd_suite.end_per_group.7395.html
=group_props   [{name,muc_register},parallel]
=started       2024-08-23 18:58:55
=ended         2024-08-23 18:58:55
=result        ok
=elapsed       3.0e-6
=group_time    0.174s
=case          ejabberd_SUITE:init_per_group
=logfile       ejabberd_suite.init_per_group.7427.html
=group_props   [{name,muc_groupchat_msg},parallel]
=started       2024-08-23 18:58:55
=ended         2024-08-23 18:58:55
=result        ok
=elapsed       3.0e-6
=case          ejabberd_SUITE:muc_groupchat_msg_master
=logfile       ejabberd_suite.muc_groupchat_msg_master.7459.html
=started       2024-08-23 18:58:55
=ended         2024-08-23 18:58:55
=result        ok
=elapsed       0.120642
=case          ejabberd_SUITE:muc_groupchat_msg_slave
=logfile       ejabberd_suite.muc_groupchat_msg_slave.5442.html
=started       2024-08-23 18:58:55
=ended         2024-08-23 18:58:55
=result        ok
=elapsed       0.117994
=case          ejabberd_SUITE:end_per_group
=logfile       ejabberd_suite.end_per_group.5506.html
=group_props   [{name,muc_groupchat_msg},parallel]
=started       2024-08-23 18:58:55
=ended         2024-08-23 18:58:55
=result        ok
=elapsed       2.0e-6
=group_time    0.178s
=case          ejabberd_SUITE:init_per_group
=logfile       ejabberd_suite.init_per_group.5538.html
=group_props   [{name,muc_private_msg},parallel]
=started       2024-08-23 18:58:55
=ended         2024-08-23 18:58:55
=result        ok
=elapsed       4.0e-6
=case          ejabberd_SUITE:muc_private_msg_master
=logfile       ejabberd_suite.muc_private_msg_master.2628.html
=started       2024-08-23 18:58:55
=ended         2024-08-23 18:58:55
=result        ok
=elapsed       0.152828
=case          ejabberd_SUITE:muc_private_msg_slave
=logfile       ejabberd_suite.muc_private_msg_slave.2660.html
=started       2024-08-23 18:58:55
=ended         2024-08-23 18:58:55
=result        ok
=elapsed       0.149436
=case          ejabberd_SUITE:end_per_group
=logfile       ejabberd_suite.end_per_group.2724.html
=group_props   [{name,muc_private_msg},parallel]
=started       2024-08-23 18:58:55
=ended         2024-08-23 18:58:55
=result        ok
=elapsed       2.0e-6
=group_time    0.210s
=case          ejabberd_SUITE:init_per_group
=logfile       ejabberd_suite.init_per_group.2756.html
=group_props   [{name,muc_set_subject},parallel]
=started       2024-08-23 18:58:55
=ended         2024-08-23 18:58:55
=result        ok
=elapsed       3.0e-6
=case          ejabberd_SUITE:muc_set_subject_master
=logfile       ejabberd_suite.muc_set_subject_master.7651.html
=started       2024-08-23 18:58:55
=ended         2024-08-23 18:58:55
=result        ok
=elapsed       0.116303
=case          ejabberd_SUITE:muc_set_subject_slave
=logfile       ejabberd_suite.muc_set_subject_slave.7683.html
=started       2024-08-23 18:58:55
=ended         2024-08-23 18:58:55
=result        ok
=elapsed       0.113307
=case          ejabberd_SUITE:end_per_group
=logfile       ejabberd_suite.end_per_group.7715.html
=group_props   [{name,muc_set_subject},parallel]
=started       2024-08-23 18:58:55
=ended         2024-08-23 18:58:55
=result        ok
=elapsed       3.0e-6
=group_time    0.173s
=case          ejabberd_SUITE:init_per_group
=logfile       ejabberd_suite.init_per_group.7747.html
=group_props   [{name,muc_history},parallel]
=started       2024-08-23 18:58:55
=ended         2024-08-23 18:58:56
=result        ok
=elapsed       3.0e-6
=case          ejabberd_SUITE:muc_history_master
=logfile       ejabberd_suite.muc_history_master.7779.html
=started       2024-08-23 18:58:56
=ended         2024-08-23 18:58:56
=result        ok
=elapsed       0.146327
=case          ejabberd_SUITE:muc_history_slave
=logfile       ejabberd_suite.muc_history_slave.7811.html
=started       2024-08-23 18:58:56
=ended         2024-08-23 18:58:56
=result        ok
=elapsed       0.140825
=case          ejabberd_SUITE:end_per_group
=logfile       ejabberd_suite.end_per_group.2980.html
=group_props   [{name,muc_history},parallel]
=started       2024-08-23 18:58:56
=ended         2024-08-23 18:58:56
=result        ok
=elapsed       8.0e-6
=group_time    0.203s
=case          ejabberd_SUITE:init_per_group
=logfile       ejabberd_suite.init_per_group.3012.html
=group_props   [{name,muc_invite},parallel]
=started       2024-08-23 18:58:56
=ended         2024-08-23 18:58:56
=result        ok
=elapsed       3.0e-6
=case          ejabberd_SUITE:muc_invite_master
=logfile       ejabberd_suite.muc_invite_master.3044.html
=started       2024-08-23 18:58:56
=ended         2024-08-23 18:58:56
=result        ok
=elapsed       0.112822
=case          ejabberd_SUITE:muc_invite_slave
=logfile       ejabberd_suite.muc_invite_slave.3076.html
=started       2024-08-23 18:58:56
=ended         2024-08-23 18:58:56
=result        ok
=elapsed       0.15308
=case          ejabberd_SUITE:end_per_group
=logfile       ejabberd_suite.end_per_group.3108.html
=group_props   [{name,muc_invite},parallel]
=started       2024-08-23 18:58:56
=ended         2024-08-23 18:58:56
=result        ok
=elapsed       9.0e-6
=group_time    0.213s
=case          ejabberd_SUITE:init_per_group
=logfile       ejabberd_suite.init_per_group.3140.html
=group_props   [{name,muc_invite_members_only},parallel]
=started       2024-08-23 18:58:56
=ended         2024-08-23 18:58:56
=result        ok
=elapsed       4.0e-6
=case          ejabberd_SUITE:muc_invite_members_only_master
=logfile       ejabberd_suite.muc_invite_members_only_master.3172.html
=started       2024-08-23 18:58:56
=ended         2024-08-23 18:58:56
=result        ok
=elapsed       0.108937
=case          ejabberd_SUITE:muc_invite_members_only_slave
=logfile       ejabberd_suite.muc_invite_members_only_slave.8003.html
=started       2024-08-23 18:58:56
=ended         2024-08-23 18:58:56
=result        ok
=elapsed       0.108161
=case          ejabberd_SUITE:end_per_group
=logfile       ejabberd_suite.end_per_group.8099.html
=group_props   [{name,muc_invite_members_only},parallel]
=started       2024-08-23 18:58:56
=ended         2024-08-23 18:58:56
=result        ok
=elapsed       3.0e-6
=group_time    0.167s
=case          ejabberd_SUITE:init_per_group
=logfile       ejabberd_suite.init_per_group.8131.html
=group_props   [{name,muc_invite_password_protected},parallel]
=started       2024-08-23 18:58:56
=ended         2024-08-23 18:58:56
=result        ok
=elapsed       3.0e-6
=case          ejabberd_SUITE:muc_invite_password_protected_master
=logfile       ejabberd_suite.muc_invite_password_protected_master.8163.html
=started       2024-08-23 18:58:56
=ended         2024-08-23 18:58:56
=result        ok
=elapsed       0.14935
=case          ejabberd_SUITE:muc_invite_password_protected_slave
=logfile       ejabberd_suite.muc_invite_password_protected_slave.1125.html
=started       2024-08-23 18:58:56
=ended         2024-08-23 18:58:56
=result        ok
=elapsed       0.106601
=case          ejabberd_SUITE:end_per_group
=logfile       ejabberd_suite.end_per_group.5794.html
=group_props   [{name,muc_invite_password_protected},parallel]
=started       2024-08-23 18:58:56
=ended         2024-08-23 18:58:56
=result        ok
=elapsed       3.0e-6
=group_time    0.208s
=case          ejabberd_SUITE:init_per_group
=logfile       ejabberd_suite.init_per_group.3300.html
=group_props   [{name,muc_voice_request},parallel]
=started       2024-08-23 18:58:56
=ended         2024-08-23 18:58:56
=result        ok
=elapsed       4.0e-6
=case          ejabberd_SUITE:muc_voice_request_master
=logfile       ejabberd_suite.muc_voice_request_master.3332.html
=started       2024-08-23 18:58:56
=ended         2024-08-23 18:58:57
=result        ok
=elapsed       0.118388
=case          ejabberd_SUITE:muc_voice_request_slave
=logfile       ejabberd_suite.muc_voice_request_slave.3364.html
=started       2024-08-23 18:58:56
=ended         2024-08-23 18:58:57
=result        ok
=elapsed       0.11569
=case          ejabberd_SUITE:end_per_group
=logfile       ejabberd_suite.end_per_group.3492.html
=group_props   [{name,muc_voice_request},parallel]
=started       2024-08-23 18:58:57
=ended         2024-08-23 18:58:57
=result        ok
=elapsed       2.0e-6
=group_time    0.175s
=case          ejabberd_SUITE:init_per_group
=logfile       ejabberd_suite.init_per_group.8291.html
=group_props   [{name,muc_change_role},parallel]
=started       2024-08-23 18:58:57
=ended         2024-08-23 18:58:57
=result        ok
=elapsed       4.0e-6
=case          ejabberd_SUITE:muc_change_role_master
=logfile       ejabberd_suite.muc_change_role_master.8323.html
=started       2024-08-23 18:58:57
=ended         2024-08-23 18:58:57
=result        ok
=elapsed       0.117071
=case          ejabberd_SUITE:muc_change_role_slave
=logfile       ejabberd_suite.muc_change_role_slave.3524.html
=started       2024-08-23 18:58:57
=ended         2024-08-23 18:58:57
=result        ok
=elapsed       0.114299
=case          ejabberd_SUITE:end_per_group
=logfile       ejabberd_suite.end_per_group.3588.html
=group_props   [{name,muc_change_role},parallel]
=started       2024-08-23 18:58:57
=ended         2024-08-23 18:58:57
=result        ok
=elapsed       3.0e-6
=group_time    0.174s
=case          ejabberd_SUITE:init_per_group
=logfile       ejabberd_suite.init_per_group.3620.html
=group_props   [{name,muc_kick},parallel]
=started       2024-08-23 18:58:57
=ended         2024-08-23 18:58:57
=result        ok
=elapsed       3.0e-6
=case          ejabberd_SUITE:muc_kick_master
=logfile       ejabberd_suite.muc_kick_master.5922.html
=started       2024-08-23 18:58:57
=ended         2024-08-23 18:58:57
=result        ok
=elapsed       0.109595
=case          ejabberd_SUITE:muc_kick_slave
=logfile       ejabberd_suite.muc_kick_slave.5954.html
=started       2024-08-23 18:58:57
=ended         2024-08-23 18:58:57
=result        ok
=elapsed       0.108314
=case          ejabberd_SUITE:end_per_group
=logfile       ejabberd_suite.end_per_group.6018.html
=group_props   [{name,muc_kick},parallel]
=started       2024-08-23 18:58:57
=ended         2024-08-23 18:58:57
=result        ok
=elapsed       3.0e-6
=group_time    0.168s
=case          ejabberd_SUITE:init_per_group
=logfile       ejabberd_suite.init_per_group.6050.html
=group_props   [{name,muc_change_affiliation},parallel]
=started       2024-08-23 18:58:57
=ended         2024-08-23 18:58:57
=result        ok
=elapsed       4.0e-6
=case          ejabberd_SUITE:muc_change_affiliation_master
=logfile       ejabberd_suite.muc_change_affiliation_master.3684.html
=started       2024-08-23 18:58:57
=ended         2024-08-23 18:58:57
=result        ok
=elapsed       0.121327
=case          ejabberd_SUITE:muc_change_affiliation_slave
=logfile       ejabberd_suite.muc_change_affiliation_slave.8483.html
=started       2024-08-23 18:58:57
=ended         2024-08-23 18:58:57
=result        ok
=elapsed       0.117643
=case          ejabberd_SUITE:end_per_group
=logfile       ejabberd_suite.end_per_group.8643.html
=group_props   [{name,muc_change_affiliation},parallel]
=started       2024-08-23 18:58:57
=ended         2024-08-23 18:58:57
=result        ok
=elapsed       3.0e-6
=group_time    0.179s
=case          ejabberd_SUITE:init_per_group
=logfile       ejabberd_suite.init_per_group.8675.html
=group_props   [{name,muc_destroy},parallel]
=started       2024-08-23 18:58:57
=ended         2024-08-23 18:58:57
=result        ok
=elapsed       4.0e-6
=case          ejabberd_SUITE:muc_destroy_master
=logfile       ejabberd_suite.muc_destroy_master.6082.html
=started       2024-08-23 18:58:57
=ended         2024-08-23 18:58:57
=result        ok
=elapsed       0.108271
=case          ejabberd_SUITE:muc_destroy_slave
=logfile       ejabberd_suite.muc_destroy_slave.8707.html
=started       2024-08-23 18:58:57
=ended         2024-08-23 18:58:57
=result        ok
=elapsed       0.109042
=case          ejabberd_SUITE:end_per_group
=logfile       ejabberd_suite.end_per_group.8803.html
=group_props   [{name,muc_destroy},parallel]
=started       2024-08-23 18:58:57
=ended         2024-08-23 18:58:57
=result        ok
=elapsed       3.0e-6
=group_time    0.169s
=case          ejabberd_SUITE:init_per_group
=logfile       ejabberd_suite.init_per_group.8835.html
=group_props   [{name,muc_vcard},parallel]
=started       2024-08-23 18:58:57
=ended         2024-08-23 18:58:57
=result        ok
=elapsed       3.0e-6
=case          ejabberd_SUITE:muc_vcard_master
=logfile       ejabberd_suite.muc_vcard_master.8867.html
=started       2024-08-23 18:58:57
=ended         2024-08-23 18:58:58
=result        ok
=elapsed       0.112749
=case          ejabberd_SUITE:muc_vcard_slave
=logfile       ejabberd_suite.muc_vcard_slave.6178.html
=started       2024-08-23 18:58:57
=ended         2024-08-23 18:58:58
=result        ok
=elapsed       0.110009
=case          ejabberd_SUITE:end_per_group
=logfile       ejabberd_suite.end_per_group.6242.html
=group_props   [{name,muc_vcard},parallel]
=started       2024-08-23 18:58:58
=ended         2024-08-23 18:58:58
=result        ok
=elapsed       3.0e-6
=group_time    0.171s
=case          ejabberd_SUITE:init_per_group
=logfile       ejabberd_suite.init_per_group.6274.html
=group_props   [{name,muc_nick_change},parallel]
=started       2024-08-23 18:58:58
=ended         2024-08-23 18:58:58
=result        ok
=elapsed       3.0e-6
=case          ejabberd_SUITE:muc_nick_change_master
=logfile       ejabberd_suite.muc_nick_change_master.6306.html
=started       2024-08-23 18:58:58
=ended         2024-08-23 18:58:58
=result        ok
=elapsed       0.110911
=case          ejabberd_SUITE:muc_nick_change_slave
=logfile       ejabberd_suite.muc_nick_change_slave.6338.html
=started       2024-08-23 18:58:58
=ended         2024-08-23 18:58:58
=result        ok
=elapsed       0.109857
=case          ejabberd_SUITE:end_per_group
=logfile       ejabberd_suite.end_per_group.6434.html
=group_props   [{name,muc_nick_change},parallel]
=started       2024-08-23 18:58:58
=ended         2024-08-23 18:58:58
=result        ok
=elapsed       3.0e-6
=group_time    0.170s
=case          ejabberd_SUITE:init_per_group
=logfile       ejabberd_suite.init_per_group.6466.html
=group_props   [{name,muc_config_title_desc},parallel]
=started       2024-08-23 18:58:58
=ended         2024-08-23 18:58:58
=result        ok
=elapsed       3.0e-6
=case          ejabberd_SUITE:muc_config_title_desc_master
=logfile       ejabberd_suite.muc_config_title_desc_master.1221.html
=started       2024-08-23 18:58:58
=ended         2024-08-23 18:58:58
=result        ok
=elapsed       0.11253
=case          ejabberd_SUITE:muc_config_title_desc_slave
=logfile       ejabberd_suite.muc_config_title_desc_slave.1253.html
=started       2024-08-23 18:58:58
=ended         2024-08-23 18:58:58
=result        ok
=elapsed       0.107701
=case          ejabberd_SUITE:end_per_group
=logfile       ejabberd_suite.end_per_group.1285.html
=group_props   [{name,muc_config_title_desc},parallel]
=started       2024-08-23 18:58:58
=ended         2024-08-23 18:58:58
=result        ok
=elapsed       1.2e-5
=group_time    0.171s
=case          ejabberd_SUITE:init_per_group
=logfile       ejabberd_suite.init_per_group.1317.html
=group_props   [{name,muc_config_public_list},parallel]
=started       2024-08-23 18:58:58
=ended         2024-08-23 18:58:58
=result        ok
=elapsed       4.0e-6
=case          ejabberd_SUITE:muc_config_public_list_master
=logfile       ejabberd_suite.muc_config_public_list_master.3876.html
=started       2024-08-23 18:58:58
=ended         2024-08-23 18:58:58
=result        ok
=elapsed       0.11496
=case          ejabberd_SUITE:muc_config_public_list_slave
=logfile       ejabberd_suite.muc_config_public_list_slave.1349.html
=started       2024-08-23 18:58:58
=ended         2024-08-23 18:58:58
=result        ok
=elapsed       0.113825
=case          ejabberd_SUITE:end_per_group
=logfile       ejabberd_suite.end_per_group.1477.html
=group_props   [{name,muc_config_public_list},parallel]
=started       2024-08-23 18:58:58
=ended         2024-08-23 18:58:58
=result        ok
=elapsed       9.0e-6
=group_time    0.175s
=case          ejabberd_SUITE:init_per_group
=logfile       ejabberd_suite.init_per_group.3940.html
=group_props   [{name,muc_config_password},parallel]
=started       2024-08-23 18:58:58
=ended         2024-08-23 18:58:58
=result        ok
=elapsed       4.0e-6
=case          ejabberd_SUITE:muc_config_password_master
=logfile       ejabberd_suite.muc_config_password_master.3972.html
=started       2024-08-23 18:58:58
=ended         2024-08-23 18:58:58
=result        ok
=elapsed       0.115112
=case          ejabberd_SUITE:muc_config_password_slave
=logfile       ejabberd_suite.muc_config_password_slave.4004.html
=started       2024-08-23 18:58:58
=ended         2024-08-23 18:58:58
=result        ok
=elapsed       0.11239
=case          ejabberd_SUITE:end_per_group
=logfile       ejabberd_suite.end_per_group.4068.html
=group_props   [{name,muc_config_password},parallel]
=started       2024-08-23 18:58:58
=ended         2024-08-23 18:58:58
=result        ok
=elapsed       3.0e-6
=group_time    0.173s
=case          ejabberd_SUITE:init_per_group
=logfile       ejabberd_suite.init_per_group.4100.html
=group_props   [{name,muc_config_whois},parallel]
=started       2024-08-23 18:58:58
=ended         2024-08-23 18:58:58
=result        ok
=elapsed       5.0e-6
=case          ejabberd_SUITE:muc_config_whois_master
=logfile       ejabberd_suite.muc_config_whois_master.4132.html
=started       2024-08-23 18:58:58
=ended         2024-08-23 18:58:59
=result        ok
=elapsed       0.11659
=case          ejabberd_SUITE:muc_config_whois_slave
=logfile       ejabberd_suite.muc_config_whois_slave.4164.html
=started       2024-08-23 18:58:58
=ended         2024-08-23 18:58:59
=result        ok
=elapsed       0.114061
=case          ejabberd_SUITE:end_per_group
=logfile       ejabberd_suite.end_per_group.4228.html
=group_props   [{name,muc_config_whois},parallel]
=started       2024-08-23 18:58:59
=ended         2024-08-23 18:58:59
=result        ok
=elapsed       3.0e-6
=group_time    0.174s
=case          ejabberd_SUITE:init_per_group
=logfile       ejabberd_suite.init_per_group.4260.html
=group_props   [{name,muc_config_members_only},parallel]
=started       2024-08-23 18:58:59
=ended         2024-08-23 18:58:59
=result        ok
=elapsed       4.0e-6
=case          ejabberd_SUITE:muc_config_members_only_master
=logfile       ejabberd_suite.muc_config_members_only_master.4292.html
=started       2024-08-23 18:58:59
=ended         2024-08-23 18:58:59
=result        ok
=elapsed       0.116766
=case          ejabberd_SUITE:muc_config_members_only_slave
=logfile       ejabberd_suite.muc_config_members_only_slave.4324.html
=started       2024-08-23 18:58:59
=ended         2024-08-23 18:58:59
=result        ok
=elapsed       0.114148
=case          ejabberd_SUITE:end_per_group
=logfile       ejabberd_suite.end_per_group.6754.html
=group_props   [{name,muc_config_members_only},parallel]
=started       2024-08-23 18:58:59
=ended         2024-08-23 18:58:59
=result        ok
=elapsed       3.0e-6
=group_time    0.175s
=case          ejabberd_SUITE:init_per_group
=logfile       ejabberd_suite.init_per_group.1701.html
=group_props   [{name,muc_config_moderated},parallel]
=started       2024-08-23 18:58:59
=ended         2024-08-23 18:58:59
=result        ok
=elapsed       3.0e-6
=case          ejabberd_SUITE:muc_config_moderated_master
=logfile       ejabberd_suite.muc_config_moderated_master.4420.html
=started       2024-08-23 18:58:59
=ended         2024-08-23 18:58:59
=result        ok
=elapsed       0.115444
=case          ejabberd_SUITE:muc_config_moderated_slave
=logfile       ejabberd_suite.muc_config_moderated_slave.4452.html
=started       2024-08-23 18:58:59
=ended         2024-08-23 18:58:59
=result        ok
=elapsed       0.112689
=case          ejabberd_SUITE:end_per_group
=logfile       ejabberd_suite.end_per_group.4580.html
=group_props   [{name,muc_config_moderated},parallel]
=started       2024-08-23 18:58:59
=ended         2024-08-23 18:58:59
=result        ok
=elapsed       8.0e-6
=group_time    0.173s
=case          ejabberd_SUITE:init_per_group
=logfile       ejabberd_suite.init_per_group.4612.html
=group_props   [{name,muc_config_private_messages},parallel]
=started       2024-08-23 18:58:59
=ended         2024-08-23 18:58:59
=result        ok
=elapsed       3.0e-6
=case          ejabberd_SUITE:muc_config_private_messages_master
=logfile       ejabberd_suite.muc_config_private_messages_master.4644.html
=started       2024-08-23 18:58:59
=ended         2024-08-23 18:58:59
=result        ok
=elapsed       0.120383
=case          ejabberd_SUITE:muc_config_private_messages_slave
=logfile       ejabberd_suite.muc_config_private_messages_slave.9059.html
=started       2024-08-23 18:58:59
=ended         2024-08-23 18:58:59
=result        ok
=elapsed       0.11751
=case          ejabberd_SUITE:end_per_group
=logfile       ejabberd_suite.end_per_group.9123.html
=group_props   [{name,muc_config_private_messages},parallel]
=started       2024-08-23 18:58:59
=ended         2024-08-23 18:58:59
=result        ok
=elapsed       1.1e-5
=group_time    0.178s
=case          ejabberd_SUITE:init_per_group
=logfile       ejabberd_suite.init_per_group.9155.html
=group_props   [{name,muc_config_query},parallel]
=started       2024-08-23 18:58:59
=ended         2024-08-23 18:58:59
=result        ok
=elapsed       4.0e-6
=case          ejabberd_SUITE:muc_config_query_master
=logfile       ejabberd_suite.muc_config_query_master.9187.html
=started       2024-08-23 18:58:59
=ended         2024-08-23 18:58:59
=result        ok
=elapsed       0.155029
=case          ejabberd_SUITE:muc_config_query_slave
=logfile       ejabberd_suite.muc_config_query_slave.6882.html
=started       2024-08-23 18:58:59
=ended         2024-08-23 18:58:59
=result        ok
=elapsed       0.153639
=case          ejabberd_SUITE:end_per_group
=logfile       ejabberd_suite.end_per_group.6914.html
=group_props   [{name,muc_config_query},parallel]
=started       2024-08-23 18:58:59
=ended         2024-08-23 18:58:59
=result        ok
=elapsed       3.0e-6
=group_time    0.214s
=case          ejabberd_SUITE:init_per_group
=logfile       ejabberd_suite.init_per_group.6946.html
=group_props   [{name,muc_config_allow_invites},parallel]
=started       2024-08-23 18:58:59
=ended         2024-08-23 18:58:59
=result        ok
=elapsed       3.0e-6
=case          ejabberd_SUITE:muc_config_allow_invites_master
=logfile       ejabberd_suite.muc_config_allow_invites_master.9347.html
=started       2024-08-23 18:58:59
=ended         2024-08-23 18:59:00
=result        ok
=elapsed       0.114308
=case          ejabberd_SUITE:muc_config_allow_invites_slave
=logfile       ejabberd_suite.muc_config_allow_invites_slave.9379.html
=started       2024-08-23 18:58:59
=ended         2024-08-23 18:59:00
=result        ok
=elapsed       0.111655
=case          ejabberd_SUITE:end_per_group
=logfile       ejabberd_suite.end_per_group.9443.html
=group_props   [{name,muc_config_allow_invites},parallel]
=started       2024-08-23 18:59:00
=ended         2024-08-23 18:59:00
=result        ok
=elapsed       3.0e-6
=group_time    0.172s
=case          ejabberd_SUITE:init_per_group
=logfile       ejabberd_suite.init_per_group.4772.html
=group_props   [{name,muc_config_visitor_status},parallel]
=started       2024-08-23 18:59:00
=ended         2024-08-23 18:59:00
=result        ok
=elapsed       4.0e-6
=case          ejabberd_SUITE:muc_config_visitor_status_master
=logfile       ejabberd_suite.muc_config_visitor_status_master.4804.html
=started       2024-08-23 18:59:00
=ended         2024-08-23 18:59:00
=result        ok
=elapsed       0.114643
=case          ejabberd_SUITE:muc_config_visitor_status_slave
=logfile       ejabberd_suite.muc_config_visitor_status_slave.4836.html
=started       2024-08-23 18:59:00
=ended         2024-08-23 18:59:00
=result        ok
=elapsed       0.111789
=case          ejabberd_SUITE:end_per_group
=logfile       ejabberd_suite.end_per_group.4868.html
=group_props   [{name,muc_config_visitor_status},parallel]
=started       2024-08-23 18:59:00
=ended         2024-08-23 18:59:00
=result        ok
=elapsed       3.0e-6
=group_time    0.172s
=case          ejabberd_SUITE:init_per_group
=logfile       ejabberd_suite.init_per_group.4900.html
=group_props   [{name,muc_config_allow_voice_requests},parallel]
=started       2024-08-23 18:59:00
=ended         2024-08-23 18:59:00
=result        ok
=elapsed       3.0e-6
=case          ejabberd_SUITE:muc_config_allow_voice_requests_master
=logfile       ejabberd_suite.muc_config_allow_voice_requests_master.4932.html
=started       2024-08-23 18:59:00
=ended         2024-08-23 18:59:00
=result        ok
=elapsed       0.111542
=case          ejabberd_SUITE:muc_config_allow_voice_requests_slave
=logfile       ejabberd_suite.muc_config_allow_voice_requests_slave.4964.html
=started       2024-08-23 18:59:00
=ended         2024-08-23 18:59:00
=result        ok
=elapsed       0.110386
=case          ejabberd_SUITE:end_per_group
=logfile       ejabberd_suite.end_per_group.5060.html
=group_props   [{name,muc_config_allow_voice_requests},parallel]
=started       2024-08-23 18:59:00
=ended         2024-08-23 18:59:00
=result        ok
=elapsed       3.0e-6
=group_time    0.170s
=case          ejabberd_SUITE:init_per_group
=logfile       ejabberd_suite.init_per_group.5092.html
=group_props   [{name,muc_config_voice_request_interval},parallel]
=started       2024-08-23 18:59:00
=ended         2024-08-23 18:59:00
=result        ok
=elapsed       3.0e-6
=case          ejabberd_SUITE:muc_config_voice_request_interval_master
=logfile       ejabberd_suite.muc_config_voice_request_interval_master.5124.html
=started       2024-08-23 18:59:00
=ended         2024-08-23 18:59:05
=result        ok
=elapsed       5.197014
=case          ejabberd_SUITE:muc_config_voice_request_interval_slave
=logfile       ejabberd_suite.muc_config_voice_request_interval_slave.5156.html
=started       2024-08-23 18:59:00
=ended         2024-08-23 18:59:05
=result        ok
=elapsed       5.195048
=case          ejabberd_SUITE:end_per_group
=logfile       ejabberd_suite.end_per_group.5284.html
=group_props   [{name,muc_config_voice_request_interval},parallel]
=started       2024-08-23 18:59:05
=ended         2024-08-23 18:59:05
=result        ok
=elapsed       3.0e-6
=group_time    5.255s
=case          ejabberd_SUITE:init_per_group
=logfile       ejabberd_suite.init_per_group.5316.html
=group_props   [{name,muc_config_visitor_nickchange},parallel]
=started       2024-08-23 18:59:05
=ended         2024-08-23 18:59:05
=result        ok
=elapsed       3.0e-6
=case          ejabberd_SUITE:muc_config_visitor_nickchange_master
=logfile       ejabberd_suite.muc_config_visitor_nickchange_master.7202.html
=started       2024-08-23 18:59:05
=ended         2024-08-23 18:59:05
=result        ok
=elapsed       0.11221
=case          ejabberd_SUITE:muc_config_visitor_nickchange_slave
=logfile       ejabberd_suite.muc_config_visitor_nickchange_slave.5348.html
=started       2024-08-23 18:59:05
=ended         2024-08-23 18:59:05
=result        ok
=elapsed       0.109557
=case          ejabberd_SUITE:end_per_group
=logfile       ejabberd_suite.end_per_group.5444.html
=group_props   [{name,muc_config_visitor_nickchange},parallel]
=started       2024-08-23 18:59:05
=ended         2024-08-23 18:59:05
=result        ok
=elapsed       4.0e-6
=group_time    0.170s
=case          ejabberd_SUITE:init_per_group
=logfile       ejabberd_suite.init_per_group.5476.html
=group_props   [{name,muc_join_conflict},parallel]
=started       2024-08-23 18:59:05
=ended         2024-08-23 18:59:05
=result        ok
=elapsed       3.0e-6
=case          ejabberd_SUITE:muc_join_conflict_master
=logfile       ejabberd_suite.muc_join_conflict_master.5508.html
=started       2024-08-23 18:59:06
=ended         2024-08-23 18:59:06
=result        ok
=elapsed       0.108037
=case          ejabberd_SUITE:muc_join_conflict_slave
=logfile       ejabberd_suite.muc_join_conflict_slave.5540.html
=started       2024-08-23 18:59:06
=ended         2024-08-23 18:59:06
=result        ok
=elapsed       0.105452
=case          ejabberd_SUITE:end_per_group
=logfile       ejabberd_suite.end_per_group.5604.html
=group_props   [{name,muc_join_conflict},parallel]
=started       2024-08-23 18:59:06
=ended         2024-08-23 18:59:06
=result        ok
=elapsed       3.0e-6
=group_time    0.164s
=case          ejabberd_SUITE:end_per_group
=logfile       ejabberd_suite.end_per_group.7330.html
=group_props   [{name,muc_master_slave},sequence]
=started       2024-08-23 18:59:06
=ended         2024-08-23 18:59:06
=result        ok
=elapsed       3.0e-6
=group_time    11.036s
=case          ejabberd_SUITE:init_per_group
=logfile       ejabberd_suite.init_per_group.7362.html
=group_props   [{name,privacy_master_slave},sequence]
=started       2024-08-23 18:59:06
=ended         2024-08-23 18:59:06
=result        ok
=elapsed       4.0e-6
=case          ejabberd_SUITE:init_per_group
=logfile       ejabberd_suite.init_per_group.7394.html
=group_props   [{name,privacy_deny_bare_jid},parallel]
=started       2024-08-23 18:59:06
=ended         2024-08-23 18:59:06
=result        ok
=elapsed       4.0e-6
=case          ejabberd_SUITE:privacy_deny_bare_jid_master
=logfile       ejabberd_suite.privacy_deny_bare_jid_master.7426.html
=started       2024-08-23 18:59:06
=ended         2024-08-23 18:59:07
=result        ok
=elapsed       1.128688
=case          ejabberd_SUITE:privacy_deny_bare_jid_slave
=logfile       ejabberd_suite.privacy_deny_bare_jid_slave.7458.html
=started       2024-08-23 18:59:06
=ended         2024-08-23 18:59:07
=result        ok
=elapsed       1.129555
=case          ejabberd_SUITE:end_per_group
=logfile       ejabberd_suite.end_per_group.7554.html
=group_props   [{name,privacy_deny_bare_jid},parallel]
=started       2024-08-23 18:59:07
=ended         2024-08-23 18:59:07
=result        ok
=elapsed       2.0e-6
=group_time    1.188s
=case          ejabberd_SUITE:init_per_group
=logfile       ejabberd_suite.init_per_group.7586.html
=group_props   [{name,privacy_deny_full_jid},parallel]
=started       2024-08-23 18:59:07
=ended         2024-08-23 18:59:07
=result        ok
=elapsed       4.0e-6
=case          ejabberd_SUITE:privacy_deny_full_jid_master
=logfile       ejabberd_suite.privacy_deny_full_jid_master.7618.html
=started       2024-08-23 18:59:07
=ended         2024-08-23 18:59:08
=result        ok
=elapsed       1.123407
=case          ejabberd_SUITE:privacy_deny_full_jid_slave
=logfile       ejabberd_suite.privacy_deny_full_jid_slave.7650.html
=started       2024-08-23 18:59:07
=ended         2024-08-23 18:59:08
=result        ok
=elapsed       1.124185
=case          ejabberd_SUITE:end_per_group
=logfile       ejabberd_suite.end_per_group.7714.html
=group_props   [{name,privacy_deny_full_jid},parallel]
=started       2024-08-23 18:59:08
=ended         2024-08-23 18:59:08
=result        ok
=elapsed       2.0e-6
=group_time    1.181s
=case          ejabberd_SUITE:init_per_group
=logfile       ejabberd_suite.init_per_group.7746.html
=group_props   [{name,privacy_deny_server_bare_jid},parallel]
=started       2024-08-23 18:59:08
=ended         2024-08-23 18:59:08
=result        ok
=elapsed       4.0e-6
=case          ejabberd_SUITE:privacy_deny_server_bare_jid_master
=logfile       ejabberd_suite.privacy_deny_server_bare_jid_master.9923.html
=started       2024-08-23 18:59:08
=ended         2024-08-23 18:59:09
=result        ok
=elapsed       1.121423
=case          ejabberd_SUITE:privacy_deny_server_bare_jid_slave
=logfile       ejabberd_suite.privacy_deny_server_bare_jid_slave.9955.html
=started       2024-08-23 18:59:08
=ended         2024-08-23 18:59:09
=result        ok
=elapsed       1.120571
=case          ejabberd_SUITE:end_per_group
=logfile       ejabberd_suite.end_per_group.10051.html
=group_props   [{name,privacy_deny_server_bare_jid},parallel]
=started       2024-08-23 18:59:09
=ended         2024-08-23 18:59:09
=result        ok
=elapsed       9.0e-6
=group_time    1.179s
=case          ejabberd_SUITE:init_per_group
=logfile       ejabberd_suite.init_per_group.7842.html
=group_props   [{name,privacy_deny_server_full_jid},parallel]
=started       2024-08-23 18:59:09
=ended         2024-08-23 18:59:09
=result        ok
=elapsed       4.0e-6
=case          ejabberd_SUITE:privacy_deny_server_full_jid_master
=logfile       ejabberd_suite.privacy_deny_server_full_jid_master.5860.html
=started       2024-08-23 18:59:09
=ended         2024-08-23 18:59:11
=result        ok
=elapsed       1.121018
=case          ejabberd_SUITE:privacy_deny_server_full_jid_slave
=logfile       ejabberd_suite.privacy_deny_server_full_jid_slave.5892.html
=started       2024-08-23 18:59:09
=ended         2024-08-23 18:59:11
=result        ok
=elapsed       1.120334
=case          ejabberd_SUITE:end_per_group
=logfile       ejabberd_suite.end_per_group.7906.html
=group_props   [{name,privacy_deny_server_full_jid},parallel]
=started       2024-08-23 18:59:11
=ended         2024-08-23 18:59:11
=result        ok
=elapsed       4.0e-6
=group_time    1.180s
=case          ejabberd_SUITE:init_per_group
=logfile       ejabberd_suite.init_per_group.7938.html
=group_props   [{name,privacy_deny_group},parallel]
=started       2024-08-23 18:59:11
=ended         2024-08-23 18:59:11
=result        ok
=elapsed       4.0e-6
=case          ejabberd_SUITE:privacy_deny_group_master
=logfile       ejabberd_suite.privacy_deny_group_master.5956.html
=started       2024-08-23 18:59:11
=ended         2024-08-23 18:59:12
=result        ok
=elapsed       1.125751
=case          ejabberd_SUITE:privacy_deny_group_slave
=logfile       ejabberd_suite.privacy_deny_group_slave.5988.html
=started       2024-08-23 18:59:11
=ended         2024-08-23 18:59:12
=result        ok
=elapsed       1.126341
=case          ejabberd_SUITE:end_per_group
=logfile       ejabberd_suite.end_per_group.6052.html
=group_props   [{name,privacy_deny_group},parallel]
=started       2024-08-23 18:59:12
=ended         2024-08-23 18:59:12
=result        ok
=elapsed       1.1e-5
=group_time    1.187s
=case          ejabberd_SUITE:init_per_group
=logfile       ejabberd_suite.init_per_group.6084.html
=group_props   [{name,privacy_deny_sub_both},parallel]
=started       2024-08-23 18:59:12
=ended         2024-08-23 18:59:12
=result        ok
=elapsed       4.0e-6
=case          ejabberd_SUITE:privacy_deny_sub_both_master
=logfile       ejabberd_suite.privacy_deny_sub_both_master.10371.html
=started       2024-08-23 18:59:12
=ended         2024-08-23 18:59:13
=result        ok
=elapsed       1.120393
=case          ejabberd_SUITE:privacy_deny_sub_both_slave
=logfile       ejabberd_suite.privacy_deny_sub_both_slave.10403.html
=started       2024-08-23 18:59:12
=ended         2024-08-23 18:59:13
=result        ok
=elapsed       1.121
=case          ejabberd_SUITE:end_per_group
=logfile       ejabberd_suite.end_per_group.10467.html
=group_props   [{name,privacy_deny_sub_both},parallel]
=started       2024-08-23 18:59:13
=ended         2024-08-23 18:59:13
=result        ok
=elapsed       2.0e-6
=group_time    1.181s
=case          ejabberd_SUITE:init_per_group
=logfile       ejabberd_suite.init_per_group.8066.html
=group_props   [{name,privacy_deny_sub_from},parallel]
=started       2024-08-23 18:59:13
=ended         2024-08-23 18:59:13
=result        ok
=elapsed       4.0e-6
=case          ejabberd_SUITE:privacy_deny_sub_from_master
=logfile       ejabberd_suite.privacy_deny_sub_from_master.6244.html
=started       2024-08-23 18:59:13
=ended         2024-08-23 18:59:14
=result        ok
=elapsed       1.125806
=case          ejabberd_SUITE:privacy_deny_sub_from_slave
=logfile       ejabberd_suite.privacy_deny_sub_from_slave.6276.html
=started       2024-08-23 18:59:13
=ended         2024-08-23 18:59:14
=result        ok
=elapsed       1.12482
=case          ejabberd_SUITE:end_per_group
=logfile       ejabberd_suite.end_per_group.10499.html
=group_props   [{name,privacy_deny_sub_from},parallel]
=started       2024-08-23 18:59:14
=ended         2024-08-23 18:59:14
=result        ok
=elapsed       3.0e-6
=group_time    1.183s
=case          ejabberd_SUITE:init_per_group
=logfile       ejabberd_suite.init_per_group.6500.html
=group_props   [{name,privacy_deny_sub_to},parallel]
=started       2024-08-23 18:59:14
=ended         2024-08-23 18:59:14
=result        ok
=elapsed       4.0e-6
=case          ejabberd_SUITE:privacy_deny_sub_to_master
=logfile       ejabberd_suite.privacy_deny_sub_to_master.6532.html
=started       2024-08-23 18:59:14
=ended         2024-08-23 18:59:15
=result        ok
=elapsed       1.117122
=case          ejabberd_SUITE:privacy_deny_sub_to_slave
=logfile       ejabberd_suite.privacy_deny_sub_to_slave.6564.html
=started       2024-08-23 18:59:14
=ended         2024-08-23 18:59:15
=result        ok
=elapsed       1.116524
=case          ejabberd_SUITE:end_per_group
=logfile       ejabberd_suite.end_per_group.8322.html
=group_props   [{name,privacy_deny_sub_to},parallel]
=started       2024-08-23 18:59:15
=ended         2024-08-23 18:59:15
=result        ok
=elapsed       9.0e-6
=group_time    1.177s
=case          ejabberd_SUITE:init_per_group
=logfile       ejabberd_suite.init_per_group.8354.html
=group_props   [{name,privacy_deny_sub_none},parallel]
=started       2024-08-23 18:59:15
=ended         2024-08-23 18:59:15
=result        ok
=elapsed       4.0e-6
=case          ejabberd_SUITE:privacy_deny_sub_none_master
=logfile       ejabberd_suite.privacy_deny_sub_none_master.8386.html
=started       2024-08-23 18:59:15
=ended         2024-08-23 18:59:17
=result        ok
=elapsed       1.120049
=case          ejabberd_SUITE:privacy_deny_sub_none_slave
=logfile       ejabberd_suite.privacy_deny_sub_none_slave.10563.html
=started       2024-08-23 18:59:15
=ended         2024-08-23 18:59:17
=result        ok
=elapsed       1.119271
=case          ejabberd_SUITE:end_per_group
=logfile       ejabberd_suite.end_per_group.10659.html
=group_props   [{name,privacy_deny_sub_none},parallel]
=started       2024-08-23 18:59:17
=ended         2024-08-23 18:59:17
=result        ok
=elapsed       3.0e-6
=group_time    1.179s
=case          ejabberd_SUITE:init_per_group
=logfile       ejabberd_suite.init_per_group.8482.html
=group_props   [{name,privacy_deny_all},parallel]
=started       2024-08-23 18:59:17
=ended         2024-08-23 18:59:17
=result        ok
=elapsed       3.0e-6
=case          ejabberd_SUITE:privacy_deny_all_master
=logfile       ejabberd_suite.privacy_deny_all_master.6756.html
=started       2024-08-23 18:59:17
=ended         2024-08-23 18:59:18
=result        ok
=elapsed       1.124699
=case          ejabberd_SUITE:privacy_deny_all_slave
=logfile       ejabberd_suite.privacy_deny_all_slave.6788.html
=started       2024-08-23 18:59:17
=ended         2024-08-23 18:59:18
=result        ok
=elapsed       1.125375
=case          ejabberd_SUITE:end_per_group
=logfile       ejabberd_suite.end_per_group.6916.html
=group_props   [{name,privacy_deny_all},parallel]
=started       2024-08-23 18:59:18
=ended         2024-08-23 18:59:18
=result        ok
=elapsed       8.0e-6
=group_time    1.184s
=case          ejabberd_SUITE:init_per_group
=logfile       ejabberd_suite.init_per_group.6948.html
=group_props   [{name,privacy_deny_offline},parallel]
=started       2024-08-23 18:59:18
=ended         2024-08-23 18:59:18
=result        ok
=elapsed       4.0e-6
=case          ejabberd_SUITE:privacy_deny_offline_master
=logfile       ejabberd_suite.privacy_deny_offline_master.6980.html
=started       2024-08-23 18:59:18
=ended         2024-08-23 18:59:18
=result        ok
=elapsed       0.232562
=case          ejabberd_SUITE:privacy_deny_offline_slave
=logfile       ejabberd_suite.privacy_deny_offline_slave.8546.html
=started       2024-08-23 18:59:18
=ended         2024-08-23 18:59:18
=result        ok
=elapsed       0.33341
=case          ejabberd_SUITE:end_per_group
=logfile       ejabberd_suite.end_per_group.7108.html
=group_props   [{name,privacy_deny_offline},parallel]
=started       2024-08-23 18:59:18
=ended         2024-08-23 18:59:18
=result        ok
=elapsed       2.0e-6
=group_time    0.392s
=case          ejabberd_SUITE:init_per_group
=logfile       ejabberd_suite.init_per_group.10755.html
=group_props   [{name,privacy_block},parallel]
=started       2024-08-23 18:59:18
=ended         2024-08-23 18:59:18
=result        ok
=elapsed       3.0e-6
=case          ejabberd_SUITE:privacy_block_master
=logfile       ejabberd_suite.privacy_block_master.8610.html
=started       2024-08-23 18:59:18
=ended         2024-08-23 18:59:19
=result        ok
=elapsed       0.417843
=case          ejabberd_SUITE:privacy_block_slave
=logfile       ejabberd_suite.privacy_block_slave.8642.html
=started       2024-08-23 18:59:18
=ended         2024-08-23 18:59:19
=result        ok
=elapsed       0.417007
=case          ejabberd_SUITE:end_per_group
=logfile       ejabberd_suite.end_per_group.10883.html
=group_props   [{name,privacy_block},parallel]
=started       2024-08-23 18:59:19
=ended         2024-08-23 18:59:19
=result        ok
=elapsed       5.0e-6
=group_time    0.475s
=case          ejabberd_SUITE:init_per_group
=logfile       ejabberd_suite.init_per_group.10915.html
=group_props   [{name,privacy_unblock},parallel]
=started       2024-08-23 18:59:19
=ended         2024-08-23 18:59:19
=result        ok
=elapsed       3.0e-6
=case          ejabberd_SUITE:privacy_unblock_master
=logfile       ejabberd_suite.privacy_unblock_master.10947.html
=started       2024-08-23 18:59:19
=ended         2024-08-23 18:59:19
=result        ok
=elapsed       0.198123
=case          ejabberd_SUITE:privacy_unblock_slave
=logfile       ejabberd_suite.privacy_unblock_slave.10979.html
=started       2024-08-23 18:59:19
=ended         2024-08-23 18:59:19
=result        ok
=elapsed       0.197657
=case          ejabberd_SUITE:end_per_group
=logfile       ejabberd_suite.end_per_group.11139.html
=group_props   [{name,privacy_unblock},parallel]
=started       2024-08-23 18:59:19
=ended         2024-08-23 18:59:19
=result        ok
=elapsed       2.0e-6
=group_time    0.256s
=case          ejabberd_SUITE:init_per_group
=logfile       ejabberd_suite.init_per_group.11171.html
=group_props   [{name,privacy_unblock_all},parallel]
=started       2024-08-23 18:59:19
=ended         2024-08-23 18:59:19
=result        ok
=elapsed       3.0e-6
=case          ejabberd_SUITE:privacy_unblock_all_master
=logfile       ejabberd_suite.privacy_unblock_all_master.11203.html
=started       2024-08-23 18:59:19
=ended         2024-08-23 18:59:19
=result        ok
=elapsed       0.19654
=case          ejabberd_SUITE:privacy_unblock_all_slave
=logfile       ejabberd_suite.privacy_unblock_all_slave.11235.html
=started       2024-08-23 18:59:19
=ended         2024-08-23 18:59:19
=result        ok
=elapsed       0.192425
=case          ejabberd_SUITE:end_per_group
=logfile       ejabberd_suite.end_per_group.11267.html
=group_props   [{name,privacy_unblock_all},parallel]
=started       2024-08-23 18:59:19
=ended         2024-08-23 18:59:19
=result        ok
=elapsed       4.0e-6
=group_time    0.252s
=case          ejabberd_SUITE:end_per_group
=logfile       ejabberd_suite.end_per_group.11299.html
=group_props   [{name,privacy_master_slave},sequence]
=started       2024-08-23 18:59:19
=ended         2024-08-23 18:59:19
=result        ok
=elapsed       2.0e-6
=group_time    13.575s
=case          ejabberd_SUITE:init_per_group
=logfile       ejabberd_suite.init_per_group.11331.html
=group_props   [{name,pubsub_master_slave},sequence]
=started       2024-08-23 18:59:19
=ended         2024-08-23 18:59:19
=result        ok
=elapsed       4.0e-6
=case          ejabberd_SUITE:init_per_group
=logfile       ejabberd_suite.init_per_group.11363.html
=group_props   [{name,pubsub_publish},parallel]
=started       2024-08-23 18:59:19
=ended         2024-08-23 18:59:19
=result        ok
=elapsed       4.0e-6
=case          ejabberd_SUITE:pubsub_publish_master
=logfile       ejabberd_suite.pubsub_publish_master.11395.html
=started       2024-08-23 18:59:19
=ended         2024-08-23 18:59:19
=result        ok
=elapsed       0.105484
=case          ejabberd_SUITE:pubsub_publish_slave
=logfile       ejabberd_suite.pubsub_publish_slave.11427.html
=started       2024-08-23 18:59:19
=ended         2024-08-23 18:59:19
=result        ok
=elapsed       0.103602
=case          ejabberd_SUITE:end_per_group
=logfile       ejabberd_suite.end_per_group.11523.html
=group_props   [{name,pubsub_publish},parallel]
=started       2024-08-23 18:59:19
=ended         2024-08-23 18:59:20
=result        ok
=elapsed       2.0e-6
=group_time    0.163s
=case          ejabberd_SUITE:init_per_group
=logfile       ejabberd_suite.init_per_group.11555.html
=group_props   [{name,pubsub_subscriptions},parallel]
=started       2024-08-23 18:59:20
=ended         2024-08-23 18:59:20
=result        ok
=elapsed       3.0e-6
=case          ejabberd_SUITE:pubsub_subscriptions_master
=logfile       ejabberd_suite.pubsub_subscriptions_master.11587.html
=started       2024-08-23 18:59:20
=ended         2024-08-23 18:59:20
=result        ok
=elapsed       0.113095
=case          ejabberd_SUITE:pubsub_subscriptions_slave
=logfile       ejabberd_suite.pubsub_subscriptions_slave.11619.html
=started       2024-08-23 18:59:20
=ended         2024-08-23 18:59:20
=result        ok
=elapsed       0.111115
=case          ejabberd_SUITE:end_per_group
=logfile       ejabberd_suite.end_per_group.11683.html
=group_props   [{name,pubsub_subscriptions},parallel]
=started       2024-08-23 18:59:20
=ended         2024-08-23 18:59:20
=result        ok
=elapsed       6.0e-6
=group_time    0.169s
=case          ejabberd_SUITE:init_per_group
=logfile       ejabberd_suite.init_per_group.8930.html
=group_props   [{name,pubsub_affiliations},parallel]
=started       2024-08-23 18:59:20
=ended         2024-08-23 18:59:20
=result        ok
=elapsed       4.0e-6
=case          ejabberd_SUITE:pubsub_affiliations_master
=logfile       ejabberd_suite.pubsub_affiliations_master.8962.html
=started       2024-08-23 18:59:20
=ended         2024-08-23 18:59:21
=result        ok
=elapsed       1.721466
=case          ejabberd_SUITE:pubsub_affiliations_slave
=logfile       ejabberd_suite.pubsub_affiliations_slave.8994.html
=started       2024-08-23 18:59:20
=ended         2024-08-23 18:59:21
=result        ok
=elapsed       1.741044
=case          ejabberd_SUITE:end_per_group
=logfile       ejabberd_suite.end_per_group.9026.html
=group_props   [{name,pubsub_affiliations},parallel]
=started       2024-08-23 18:59:21
=ended         2024-08-23 18:59:22
=result        ok
=elapsed       8.0e-6
=group_time    1.798s
=case          ejabberd_SUITE:init_per_group
=logfile       ejabberd_suite.init_per_group.9058.html
=group_props   [{name,pubsub_authorize},parallel]
=started       2024-08-23 18:59:22
=ended         2024-08-23 18:59:22
=result        ok
=elapsed       3.0e-6
=case          ejabberd_SUITE:pubsub_authorize_master
=logfile       ejabberd_suite.pubsub_authorize_master.9090.html
=started       2024-08-23 18:59:22
=ended         2024-08-23 18:59:22
=result        ok
=elapsed       0.201998
=case          ejabberd_SUITE:pubsub_authorize_slave
=logfile       ejabberd_suite.pubsub_authorize_slave.9122.html
=started       2024-08-23 18:59:22
=ended         2024-08-23 18:59:22
=result        ok
=elapsed       0.157662
=case          ejabberd_SUITE:end_per_group
=logfile       ejabberd_suite.end_per_group.9218.html
=group_props   [{name,pubsub_authorize},parallel]
=started       2024-08-23 18:59:22
=ended         2024-08-23 18:59:22
=result        ok
=elapsed       9.0e-6
=group_time    0.260s
=case          ejabberd_SUITE:end_per_group
=logfile       ejabberd_suite.end_per_group.9250.html
=group_props   [{name,pubsub_master_slave},sequence]
=started       2024-08-23 18:59:22
=ended         2024-08-23 18:59:22
=result        ok
=elapsed       1.0e-5
=group_time    2.515s
=case          ejabberd_SUITE:init_per_group
=logfile       ejabberd_suite.init_per_group.9282.html
=group_props   [{name,roster_master_slave},sequence]
=started       2024-08-23 18:59:22
=ended         2024-08-23 18:59:22
=result        ok
=elapsed       4.0e-6
=case          ejabberd_SUITE:init_per_group
=logfile       ejabberd_suite.init_per_group.9314.html
=group_props   [{name,roster_subscribe},parallel]
=started       2024-08-23 18:59:22
=ended         2024-08-23 18:59:22
=result        ok
=elapsed       3.0e-6
=case          ejabberd_SUITE:roster_subscribe_master
=logfile       ejabberd_suite.roster_subscribe_master.9346.html
=started       2024-08-23 18:59:22
=ended         2024-08-23 18:59:34
=result        ok
=elapsed       12.284582
=case          ejabberd_SUITE:roster_subscribe_slave
=logfile       ejabberd_suite.roster_subscribe_slave.9378.html
=started       2024-08-23 18:59:22
=ended         2024-08-23 18:59:34
=result        ok
=elapsed       12.283813
=case          ejabberd_SUITE:end_per_group
=logfile       ejabberd_suite.end_per_group.11362.html
=group_props   [{name,roster_subscribe},parallel]
=started       2024-08-23 18:59:34
=ended         2024-08-23 18:59:34
=result        ok
=elapsed       3.0e-6
=group_time    12.343s
=case          ejabberd_SUITE:end_per_group
=logfile       ejabberd_suite.end_per_group.11394.html
=group_props   [{name,roster_master_slave},sequence]
=started       2024-08-23 18:59:34
=ended         2024-08-23 18:59:34
=result        ok
=elapsed       3.0e-6
=group_time    12.392s
=case          ejabberd_SUITE:init_per_group
=logfile       ejabberd_suite.init_per_group.11426.html
=group_props   [{name,offline_master_slave},sequence]
=started       2024-08-23 18:59:34
=ended         2024-08-23 18:59:34
=result        ok
=elapsed       5.0e-6
=case          ejabberd_SUITE:init_per_group
=logfile       ejabberd_suite.init_per_group.11458.html
=group_props   [{name,offline_flex},parallel]
=started       2024-08-23 18:59:34
=ended         2024-08-23 18:59:34
=result        ok
=elapsed       4.0e-6
=case          ejabberd_SUITE:offline_flex_master
=logfile       ejabberd_suite.offline_flex_master.11490.html
=started       2024-08-23 18:59:34
=ended         2024-08-23 18:59:35
=result        ok
=elapsed       0.203088
=case          ejabberd_SUITE:offline_flex_slave
=logfile       ejabberd_suite.offline_flex_slave.11522.html
=started       2024-08-23 18:59:34
=ended         2024-08-23 18:59:35
=result        ok
=elapsed       0.31738
=case          ejabberd_SUITE:end_per_group
=logfile       ejabberd_suite.end_per_group.11682.html
=group_props   [{name,offline_flex},parallel]
=started       2024-08-23 18:59:35
=ended         2024-08-23 18:59:35
=result        ok
=elapsed       3.0e-6
=group_time    0.377s
=case          ejabberd_SUITE:init_per_group
=logfile       ejabberd_suite.init_per_group.11714.html
=group_props   [{name,offline_send_all},parallel]
=started       2024-08-23 18:59:35
=ended         2024-08-23 18:59:35
=result        ok
=elapsed       4.0e-6
=case          ejabberd_SUITE:offline_send_all_master
=logfile       ejabberd_suite.offline_send_all_master.11746.html
=started       2024-08-23 18:59:35
=ended         2024-08-23 18:59:49
=result        ok
=elapsed       13.768862
=case          ejabberd_SUITE:offline_send_all_slave
=logfile       ejabberd_suite.offline_send_all_slave.11778.html
=started       2024-08-23 18:59:35
=ended         2024-08-23 18:59:49
=result        ok
=elapsed       13.908835
=case          ejabberd_SUITE:end_per_group
=logfile       ejabberd_suite.end_per_group.11842.html
=group_props   [{name,offline_send_all},parallel]
=started       2024-08-23 18:59:49
=ended         2024-08-23 18:59:49
=result        ok
=elapsed       2.0e-6
=group_time    13.967s
=case          ejabberd_SUITE:init_per_group
=logfile       ejabberd_suite.init_per_group.11874.html
=group_props   [{name,offline_from_mam},parallel]
=started       2024-08-23 18:59:49
=ended         2024-08-23 18:59:49
=result        ok
=elapsed       4.0e-6
=case          ejabberd_SUITE:offline_from_mam_master
=logfile       ejabberd_suite.offline_from_mam_master.11906.html
=started       2024-08-23 18:59:49
=ended         2024-08-23 19:00:03
=result        ok
=elapsed       13.882828
=case          ejabberd_SUITE:offline_from_mam_slave
=logfile       ejabberd_suite.offline_from_mam_slave.11938.html
=started       2024-08-23 18:59:49
=ended         2024-08-23 19:00:03
=result        ok
=elapsed       14.058602
=case          ejabberd_SUITE:end_per_group
=logfile       ejabberd_suite.end_per_group.11970.html
=group_props   [{name,offline_from_mam},parallel]
=started       2024-08-23 19:00:03
=ended         2024-08-23 19:00:03
=result        ok
=elapsed       3.0e-6
=group_time    14.116s
=case          ejabberd_SUITE:init_per_group
=logfile       ejabberd_suite.init_per_group.12002.html
=group_props   [{name,offline_mucsub_mam},parallel]
=started       2024-08-23 19:00:03
=ended         2024-08-23 19:00:03
=result        ok
=elapsed       4.0e-6
=case          ejabberd_SUITE:offline_mucsub_mam_master
=logfile       ejabberd_suite.offline_mucsub_mam_master.12034.html
=started       2024-08-23 19:00:03
=ended         2024-08-23 19:00:03
=result        ok
=elapsed       0.222955
=case          ejabberd_SUITE:offline_mucsub_mam_slave
=logfile       ejabberd_suite.offline_mucsub_mam_slave.12066.html
=started       2024-08-23 19:00:03
=ended         2024-08-23 19:00:03
=result        ok
=elapsed       0.220494
=case          ejabberd_SUITE:end_per_group
=logfile       ejabberd_suite.end_per_group.12130.html
=group_props   [{name,offline_mucsub_mam},parallel]
=started       2024-08-23 19:00:03
=ended         2024-08-23 19:00:03
=result        ok
=elapsed       2.0e-6
=group_time    0.282s
=case          ejabberd_SUITE:end_per_group
=logfile       ejabberd_suite.end_per_group.12162.html
=group_props   [{name,offline_master_slave},sequence]
=started       2024-08-23 19:00:03
=ended         2024-08-23 19:00:03
=result        ok
=elapsed       3.0e-6
=group_time    28.872s
=case          ejabberd_SUITE:init_per_group
=logfile       ejabberd_suite.init_per_group.12194.html
=group_props   [{name,mam_master_slave},sequence]
=started       2024-08-23 19:00:03
=ended         2024-08-23 19:00:03
=result        ok
=elapsed       5.0e-6
=case          ejabberd_SUITE:init_per_group
=logfile       ejabberd_suite.init_per_group.12963.html
=group_props   [{name,mam_archived_and_stanza_id},parallel]
=started       2024-08-23 19:00:03
=ended         2024-08-23 19:00:03
=result        ok
=elapsed       4.0e-6
=case          ejabberd_SUITE:mam_archived_and_stanza_id_master
=logfile       ejabberd_suite.mam_archived_and_stanza_id_master.12995.html
=started       2024-08-23 19:00:03
=ended         2024-08-23 19:00:03
=result        ok
=elapsed       0.149031
=case          ejabberd_SUITE:mam_archived_and_stanza_id_slave
=logfile       ejabberd_suite.mam_archived_and_stanza_id_slave.13027.html
=started       2024-08-23 19:00:03
=ended         2024-08-23 19:00:03
=result        ok
=elapsed       0.150489
=case          ejabberd_SUITE:end_per_group
=logfile       ejabberd_suite.end_per_group.13091.html
=group_props   [{name,mam_archived_and_stanza_id},parallel]
=started       2024-08-23 19:00:03
=ended         2024-08-23 19:00:03
=result        ok
=elapsed       3.0e-6
=group_time    0.209s
=case          ejabberd_SUITE:init_per_group
=logfile       ejabberd_suite.init_per_group.13123.html
=group_props   [{name,mam_query_all},parallel]
=started       2024-08-23 19:00:03
=ended         2024-08-23 19:00:03
=result        ok
=elapsed       4.0e-6
=case          ejabberd_SUITE:mam_query_all_master
=logfile       ejabberd_suite.mam_query_all_master.13155.html
=started       2024-08-23 19:00:03
=ended         2024-08-23 19:00:04
=result        ok
=elapsed       0.185751
=case          ejabberd_SUITE:mam_query_all_slave
=logfile       ejabberd_suite.mam_query_all_slave.13187.html
=started       2024-08-23 19:00:03
=ended         2024-08-23 19:00:04
=result        ok
=elapsed       0.185004
=case          ejabberd_SUITE:end_per_group
=logfile       ejabberd_suite.end_per_group.12418.html
=group_props   [{name,mam_query_all},parallel]
=started       2024-08-23 19:00:04
=ended         2024-08-23 19:00:04
=result        ok
=elapsed       3.0e-6
=group_time    0.245s
=case          ejabberd_SUITE:init_per_group
=logfile       ejabberd_suite.init_per_group.12450.html
=group_props   [{name,mam_query_with},parallel]
=started       2024-08-23 19:00:04
=ended         2024-08-23 19:00:04
=result        ok
=elapsed       5.0e-6
=case          ejabberd_SUITE:mam_query_with_master
=logfile       ejabberd_suite.mam_query_with_master.12482.html
=started       2024-08-23 19:00:04
=ended         2024-08-23 19:00:04
=result        ok
=elapsed       0.188077
=case          ejabberd_SUITE:mam_query_with_slave
=logfile       ejabberd_suite.mam_query_with_slave.12514.html
=started       2024-08-23 19:00:04
=ended         2024-08-23 19:00:04
=result        ok
=elapsed       0.19292
=case          ejabberd_SUITE:end_per_group
=logfile       ejabberd_suite.end_per_group.12578.html
=group_props   [{name,mam_query_with},parallel]
=started       2024-08-23 19:00:04
=ended         2024-08-23 19:00:04
=result        ok
=elapsed       3.0e-6
=group_time    0.252s
=case          ejabberd_SUITE:init_per_group
=logfile       ejabberd_suite.init_per_group.12610.html
=group_props   [{name,mam_query_rsm_max},parallel]
=started       2024-08-23 19:00:04
=ended         2024-08-23 19:00:04
=result        ok
=elapsed       3.0e-6
=case          ejabberd_SUITE:mam_query_rsm_max_master
=logfile       ejabberd_suite.mam_query_rsm_max_master.12642.html
=started       2024-08-23 19:00:04
=ended         2024-08-23 19:00:04
=result        ok
=elapsed       0.240276
=case          ejabberd_SUITE:mam_query_rsm_max_slave
=logfile       ejabberd_suite.mam_query_rsm_max_slave.12674.html
=started       2024-08-23 19:00:04
=ended         2024-08-23 19:00:04
=result        ok
=elapsed       0.235307
=case          ejabberd_SUITE:end_per_group
=logfile       ejabberd_suite.end_per_group.12738.html
=group_props   [{name,mam_query_rsm_max},parallel]
=started       2024-08-23 19:00:04
=ended         2024-08-23 19:00:04
=result        ok
=elapsed       3.0e-6
=group_time    0.299s
=case          ejabberd_SUITE:init_per_group
=logfile       ejabberd_suite.init_per_group.12770.html
=group_props   [{name,mam_query_rsm_after},parallel]
=started       2024-08-23 19:00:04
=ended         2024-08-23 19:00:04
=result        ok
=elapsed       3.0e-6
=case          ejabberd_SUITE:mam_query_rsm_after_master
=logfile       ejabberd_suite.mam_query_rsm_after_master.12802.html
=started       2024-08-23 19:00:04
=ended         2024-08-23 19:00:05
=result        ok
=elapsed       0.215936
=case          ejabberd_SUITE:mam_query_rsm_after_slave
=logfile       ejabberd_suite.mam_query_rsm_after_slave.12834.html
=started       2024-08-23 19:00:04
=ended         2024-08-23 19:00:05
=result        ok
=elapsed       0.208242
=case          ejabberd_SUITE:end_per_group
=logfile       ejabberd_suite.end_per_group.13443.html
=group_props   [{name,mam_query_rsm_after},parallel]
=started       2024-08-23 19:00:05
=ended         2024-08-23 19:00:05
=result        ok
=elapsed       1.0e-5
=group_time    0.274s
=case          ejabberd_SUITE:init_per_group
=logfile       ejabberd_suite.init_per_group.13475.html
=group_props   [{name,mam_query_rsm_before},parallel]
=started       2024-08-23 19:00:05
=ended         2024-08-23 19:00:05
=result        ok
=elapsed       4.0e-6
=case          ejabberd_SUITE:mam_query_rsm_before_master
=logfile       ejabberd_suite.mam_query_rsm_before_master.13507.html
=started       2024-08-23 19:00:05
=ended         2024-08-23 19:00:05
=result        ok
=elapsed       0.221618
=case          ejabberd_SUITE:mam_query_rsm_before_slave
=logfile       ejabberd_suite.mam_query_rsm_before_slave.13539.html
=started       2024-08-23 19:00:05
=ended         2024-08-23 19:00:05
=result        ok
=elapsed       0.229604
=case          ejabberd_SUITE:end_per_group
=logfile       ejabberd_suite.end_per_group.13603.html
=group_props   [{name,mam_query_rsm_before},parallel]
=started       2024-08-23 19:00:05
=ended         2024-08-23 19:00:05
=result        ok
=elapsed       5.0e-6
=group_time    0.288s
=case          ejabberd_SUITE:init_per_group
=logfile       ejabberd_suite.init_per_group.13635.html
=group_props   [{name,mam_muc},parallel]
=started       2024-08-23 19:00:05
=ended         2024-08-23 19:00:05
=result        ok
=elapsed       4.0e-6
=case          ejabberd_SUITE:mam_muc_master
=logfile       ejabberd_suite.mam_muc_master.13667.html
=started       2024-08-23 19:00:05
=ended         2024-08-23 19:00:05
=result        ok
=elapsed       0.142209
=case          ejabberd_SUITE:mam_muc_slave
=logfile       ejabberd_suite.mam_muc_slave.13699.html
=started       2024-08-23 19:00:05
=ended         2024-08-23 19:00:05
=result        ok
=elapsed       0.139493
=case          ejabberd_SUITE:end_per_group
=logfile       ejabberd_suite.end_per_group.13827.html
=group_props   [{name,mam_muc},parallel]
=started       2024-08-23 19:00:05
=ended         2024-08-23 19:00:05
=result        ok
=elapsed       8.0e-6
=group_time    0.200s
=case          ejabberd_SUITE:init_per_group
=logfile       ejabberd_suite.init_per_group.1861.html
=group_props   [{name,mam_mucsub},parallel]
=started       2024-08-23 19:00:05
=ended         2024-08-23 19:00:05
=result        ok
=elapsed       4.0e-6
=case          ejabberd_SUITE:mam_mucsub_master
=logfile       ejabberd_suite.mam_mucsub_master.13859.html
=started       2024-08-23 19:00:05
=ended         2024-08-23 19:00:05
=result        ok
=elapsed       0.126768
=case          ejabberd_SUITE:mam_mucsub_slave
=logfile       ejabberd_suite.mam_mucsub_slave.1893.html
=started       2024-08-23 19:00:05
=ended         2024-08-23 19:00:05
=result        ok
=elapsed       0.124021
=case          ejabberd_SUITE:end_per_group
=logfile       ejabberd_suite.end_per_group.12962.html
=group_props   [{name,mam_mucsub},parallel]
=started       2024-08-23 19:00:05
=ended         2024-08-23 19:00:05
=result        ok
=elapsed       3.0e-6
=group_time    0.184s
=case          ejabberd_SUITE:init_per_group
=logfile       ejabberd_suite.init_per_group.12994.html
=group_props   [{name,mam_mucsub_from_muc},parallel]
=started       2024-08-23 19:00:05
=ended         2024-08-23 19:00:05
=result        ok
=elapsed       5.0e-6
=case          ejabberd_SUITE:mam_mucsub_from_muc_master
=logfile       ejabberd_suite.mam_mucsub_from_muc_master.13955.html
=started       2024-08-23 19:00:05
=ended         2024-08-23 19:00:06
=result        ok
=elapsed       0.123806
=case          ejabberd_SUITE:mam_mucsub_from_muc_slave
=logfile       ejabberd_suite.mam_mucsub_from_muc_slave.13987.html
=started       2024-08-23 19:00:05
=ended         2024-08-23 19:00:06
=result        ok
=elapsed       0.12349
=case          ejabberd_SUITE:end_per_group
=logfile       ejabberd_suite.end_per_group.14083.html
=group_props   [{name,mam_mucsub_from_muc},parallel]
=started       2024-08-23 19:00:06
=ended         2024-08-23 19:00:06
=result        ok
=elapsed       2.0e-6
=group_time    0.188s
=case          ejabberd_SUITE:init_per_group
=logfile       ejabberd_suite.init_per_group.9636.html
=group_props   [{name,mam_mucsub_from_muc_non_persistent},parallel]
=started       2024-08-23 19:00:06
=ended         2024-08-23 19:00:06
=result        ok
=elapsed       3.0e-6
=case          ejabberd_SUITE:mam_mucsub_from_muc_non_persistent_master
=logfile       ejabberd_suite.mam_mucsub_from_muc_non_persistent_master.9668.html
=started       2024-08-23 19:00:06
=ended         2024-08-23 19:00:06
=result        ok
=elapsed       0.126481
=case          ejabberd_SUITE:mam_mucsub_from_muc_non_persistent_slave
=logfile       ejabberd_suite.mam_mucsub_from_muc_non_persistent_slave.9700.html
=started       2024-08-23 19:00:06
=ended         2024-08-23 19:00:06
=result        ok
=elapsed       0.124795
=case          ejabberd_SUITE:end_per_group
=logfile       ejabberd_suite.end_per_group.9764.html
=group_props   [{name,mam_mucsub_from_muc_non_persistent},parallel]
=started       2024-08-23 19:00:06
=ended         2024-08-23 19:00:06
=result        ok
=elapsed       3.0e-6
=group_time    0.186s
=case          ejabberd_SUITE:end_per_group
=logfile       ejabberd_suite.end_per_group.13058.html
=group_props   [{name,mam_master_slave},sequence]
=started       2024-08-23 19:00:06
=ended         2024-08-23 19:00:06
=result        ok
=elapsed       3.0e-6
=group_time    2.607s
=case          ejabberd_SUITE:init_per_group
=logfile       ejabberd_suite.init_per_group.9796.html
=group_props   [{name,announce_master_slave},sequence]
=started       2024-08-23 19:00:06
=ended         2024-08-23 19:00:06
=result        ok
=elapsed       4.0e-6
=case          ejabberd_SUITE:init_per_group
=logfile       ejabberd_suite.init_per_group.9828.html
=group_props   [{name,announce_set_motd},parallel]
=started       2024-08-23 19:00:06
=ended         2024-08-23 19:00:06
=result        ok
=elapsed       3.0e-6
=case          ejabberd_SUITE:announce_set_motd_master
=logfile       ejabberd_suite.announce_set_motd_master.9860.html
=started       2024-08-23 19:00:06
=ended         2024-08-23 19:00:06
=result        ok
=elapsed       0.104981
=case          ejabberd_SUITE:announce_set_motd_slave
=logfile       ejabberd_suite.announce_set_motd_slave.9892.html
=started       2024-08-23 19:00:06
=ended         2024-08-23 19:00:06
=result        ok
=elapsed       0.103887
=case          ejabberd_SUITE:end_per_group
=logfile       ejabberd_suite.end_per_group.14275.html
=group_props   [{name,announce_set_motd},parallel]
=started       2024-08-23 19:00:06
=ended         2024-08-23 19:00:06
=result        ok
=elapsed       3.0e-6
=group_time    0.163s
=case          ejabberd_SUITE:end_per_group
=logfile       ejabberd_suite.end_per_group.14307.html
=group_props   [{name,announce_master_slave},sequence]
=started       2024-08-23 19:00:06
=ended         2024-08-23 19:00:06
=result        ok
=elapsed       1.1e-5
=group_time    0.212s
=case          ejabberd_SUITE:init_per_group
=logfile       ejabberd_suite.init_per_group.14339.html
=group_props   [{name,csi_master_slave},sequence]
=started       2024-08-23 19:00:06
=ended         2024-08-23 19:00:06
=result        ok
=elapsed       3.0e-6
=case          ejabberd_SUITE:init_per_group
=logfile       ejabberd_suite.init_per_group.9956.html
=group_props   [{name,csi_all},parallel]
=started       2024-08-23 19:00:06
=ended         2024-08-23 19:00:06
=result        ok
=elapsed       3.0e-6
=case          ejabberd_SUITE:csi_all_master
=logfile       ejabberd_suite.csi_all_master.9988.html
=started       2024-08-23 19:00:06
=ended         2024-08-23 19:00:06
=result        ok
=elapsed       0.233778
=case          ejabberd_SUITE:csi_all_slave
=logfile       ejabberd_suite.csi_all_slave.13122.html
=started       2024-08-23 19:00:06
=ended         2024-08-23 19:00:06
=result        ok
=elapsed       0.23382
=case          ejabberd_SUITE:end_per_group
=logfile       ejabberd_suite.end_per_group.1989.html
=group_props   [{name,csi_all},parallel]
=started       2024-08-23 19:00:06
=ended         2024-08-23 19:00:06
=result        ok
=elapsed       3.0e-6
=group_time    0.292s
=case          ejabberd_SUITE:end_per_group
=logfile       ejabberd_suite.end_per_group.2021.html
=group_props   [{name,csi_master_slave},sequence]
=started       2024-08-23 19:00:06
=ended         2024-08-23 19:00:06
=result        ok
=elapsed       1.4e-5
=group_time    0.343s
=case          ejabberd_SUITE:init_per_group
=logfile       ejabberd_suite.init_per_group.2053.html
=group_props   [{name,push_master_slave},sequence]
=started       2024-08-23 19:00:06
=ended         2024-08-23 19:00:06
=result        ok
=elapsed       4.0e-6
=case          ejabberd_SUITE:init_per_group
=logfile       ejabberd_suite.init_per_group.2085.html
=group_props   [{name,push_sm},parallel]
=started       2024-08-23 19:00:06
=ended         2024-08-23 19:00:06
=result        ok
=elapsed       4.0e-6
=case          ejabberd_SUITE:push_sm_master
=logfile       ejabberd_suite.push_sm_master.2117.html
=started       2024-08-23 19:00:06
=ended         2024-08-23 19:00:15
=result        ok
=elapsed       8.10781
=case          ejabberd_SUITE:push_sm_slave
=logfile       ejabberd_suite.push_sm_slave.2149.html
=started       2024-08-23 19:00:06
=ended         2024-08-23 19:00:06
=result        ok
=elapsed       0.002428
=case          ejabberd_SUITE:end_per_group
=logfile       ejabberd_suite.end_per_group.2245.html
=group_props   [{name,push_sm},parallel]
=started       2024-08-23 19:00:15
=ended         2024-08-23 19:00:15
=result        ok
=elapsed       3.0e-6
=group_time    8.167s
=case          ejabberd_SUITE:init_per_group
=logfile       ejabberd_suite.init_per_group.13282.html
=group_props   [{name,push_offline},parallel]
=started       2024-08-23 19:00:15
=ended         2024-08-23 19:00:15
=result        ok
=elapsed       4.0e-6
=case          ejabberd_SUITE:push_offline_master
=logfile       ejabberd_suite.push_offline_master.13314.html
=started       2024-08-23 19:00:15
=ended         2024-08-23 19:00:15
=result        ok
=elapsed       0.252232
=case          ejabberd_SUITE:push_offline_slave
=logfile       ejabberd_suite.push_offline_slave.13346.html
=started       2024-08-23 19:00:15
=ended         2024-08-23 19:00:15
=result        ok
=elapsed       0.103464
=case          ejabberd_SUITE:end_per_group
=logfile       ejabberd_suite.end_per_group.13442.html
=group_props   [{name,push_offline},parallel]
=started       2024-08-23 19:00:15
=ended         2024-08-23 19:00:15
=result        ok
=elapsed       9.0e-6
=group_time    0.311s
=case          ejabberd_SUITE:init_per_group
=logfile       ejabberd_suite.init_per_group.13474.html
=group_props   [{name,push_mam},parallel]
=started       2024-08-23 19:00:15
=ended         2024-08-23 19:00:15
=result        ok
=elapsed       4.0e-6
=case          ejabberd_SUITE:push_mam_master
=logfile       ejabberd_suite.push_mam_master.13506.html
=started       2024-08-23 19:00:15
=ended         2024-08-23 19:00:15
=result        ok
=elapsed       0.146696
=case          ejabberd_SUITE:push_mam_slave
=logfile       ejabberd_suite.push_mam_slave.10052.html
=started       2024-08-23 19:00:15
=ended         2024-08-23 19:00:15
=result        ok
=elapsed       0.251684
=case          ejabberd_SUITE:end_per_group
=logfile       ejabberd_suite.end_per_group.10116.html
=group_props   [{name,push_mam},parallel]
=started       2024-08-23 19:00:15
=ended         2024-08-23 19:00:15
=result        ok
=elapsed       3.0e-6
=group_time    0.311s
=case          ejabberd_SUITE:end_per_group
=logfile       ejabberd_suite.end_per_group.10148.html
=group_props   [{name,push_master_slave},sequence]
=started       2024-08-23 19:00:15
=ended         2024-08-23 19:00:15
=result        ok
=elapsed       1.3e-5
=group_time    8.892s
=case          ejabberd_SUITE:end_per_group
=logfile       ejabberd_suite.end_per_group.10180.html
=group_props   [{name,mnesia},sequence]
=started       2024-08-23 19:00:15
=ended         2024-08-23 19:00:15
=result        ok
=elapsed       0.0
=group_time    97.033s
=case          ejabberd_SUITE:init_per_group
=logfile       ejabberd_suite.init_per_group.10212.html
=group_props   [{name,redis},sequence]
=started       2024-08-23 19:00:15
=ended         2024-08-23 19:00:15
=result        ok
=elapsed       5.2e-5
=case          ejabberd_SUITE:init_per_group
=logfile       ejabberd_suite.init_per_group.10244.html
=group_props   [{name,single_user},sequence]
=started       2024-08-23 19:00:15
=ended         2024-08-23 19:00:15
=result        ok
=elapsed       4.0e-6
=case          ejabberd_SUITE:test_register
=logfile       ejabberd_suite.test_register.10276.html
=started       2024-08-23 19:00:15
=ended         2024-08-23 19:00:15
=result        ok
=elapsed       0.002508
=case          ejabberd_SUITE:init_per_group
=logfile       ejabberd_suite.init_per_group.10308.html
=group_props   [{name,legacy_auth},parallel]
=started       2024-08-23 19:00:15
=ended         2024-08-23 19:00:15
=result        ok
=elapsed       4.0e-6
=case          ejabberd_SUITE:test_legacy_auth_feature
=logfile       ejabberd_suite.test_legacy_auth_feature.10340.html
=started       2024-08-23 19:00:15
=ended         2024-08-23 19:00:15
=result        ok
=elapsed       5.93e-4
=case          ejabberd_SUITE:test_legacy_auth
=logfile       ejabberd_suite.test_legacy_auth.14531.html
=started       2024-08-23 19:00:15
=ended         2024-08-23 19:00:16
=result        ok
=elapsed       0.106251
=case          ejabberd_SUITE:test_legacy_auth_digest
=logfile       ejabberd_suite.test_legacy_auth_digest.14563.html
=started       2024-08-23 19:00:15
=ended         2024-08-23 19:00:16
=result        ok
=elapsed       0.106235
=case          ejabberd_SUITE:test_legacy_auth_no_resource
=logfile       ejabberd_suite.test_legacy_auth_no_resource.14595.html
=started       2024-08-23 19:00:15
=ended         2024-08-23 19:00:15
=result        ok
=elapsed       0.001529
=case          ejabberd_SUITE:test_legacy_auth_bad_jid
=logfile       ejabberd_suite.test_legacy_auth_bad_jid.14627.html
=started       2024-08-23 19:00:15
=ended         2024-08-23 19:00:15
=result        ok
=elapsed       0.0022
=case          ejabberd_SUITE:test_legacy_auth_fail
=logfile       ejabberd_suite.test_legacy_auth_fail.14659.html
=started       2024-08-23 19:00:15
=ended         2024-08-23 19:00:15
=result        ok
=elapsed       0.001641
=case          ejabberd_SUITE:end_per_group
=logfile       ejabberd_suite.end_per_group.10372.html
=group_props   [{name,legacy_auth},parallel]
=started       2024-08-23 19:00:16
=ended         2024-08-23 19:00:16
=result        ok
=elapsed       4.0e-6
=group_time    0.171s
=case          ejabberd_SUITE:auth_plain
=logfile       ejabberd_suite.auth_plain.10404.html
=started       2024-08-23 19:00:16
=ended         2024-08-23 19:00:16
=result        ok
=elapsed       0.001765
=case          ejabberd_SUITE:auth_md5
=logfile       ejabberd_suite.auth_md5.10436.html
=started       2024-08-23 19:00:16
=ended         2024-08-23 19:00:16
=result        ok
=elapsed       0.002523
=case          ejabberd_SUITE:presence_broadcast
=logfile       ejabberd_suite.presence_broadcast.10468.html
=started       2024-08-23 19:00:16
=ended         2024-08-23 19:00:16
=result        ok
=elapsed       0.205751
=case          ejabberd_SUITE:last
=logfile       ejabberd_suite.last.10500.html
=started       2024-08-23 19:00:16
=ended         2024-08-23 19:00:16
=result        ok
=elapsed       0.103454
=case          ejabberd_SUITE:init_per_group
=logfile       ejabberd_suite.init_per_group.10564.html
=group_props   [{name,webadmin_single},sequence]
=started       2024-08-23 19:00:16
=ended         2024-08-23 19:00:16
=result        ok
=elapsed       4.0e-6
=case          ejabberd_SUITE:webadmin_login_page
=logfile       ejabberd_suite.webadmin_login_page.10596.html
=started       2024-08-23 19:00:16
=ended         2024-08-23 19:00:16
=result        ok
=elapsed       4.07e-4
=case          ejabberd_SUITE:webadmin_welcome_page
=logfile       ejabberd_suite.webadmin_welcome_page.10628.html
=started       2024-08-23 19:00:16
=ended         2024-08-23 19:00:16
=result        ok
=elapsed       0.001778
=case          ejabberd_SUITE:webadmin_user_page
=logfile       ejabberd_suite.webadmin_user_page.10660.html
=started       2024-08-23 19:00:16
=ended         2024-08-23 19:00:16
=result        ok
=elapsed       0.002891
=case          ejabberd_SUITE:webadmin_adduser
=logfile       ejabberd_suite.webadmin_adduser.10692.html
=started       2024-08-23 19:00:16
=ended         2024-08-23 19:00:16
=result        ok
=elapsed       0.006084
=case          ejabberd_SUITE:webadmin_changepassword
=logfile       ejabberd_suite.webadmin_changepassword.10724.html
=started       2024-08-23 19:00:16
=ended         2024-08-23 19:00:16
=result        ok
=elapsed       0.002789
=case          ejabberd_SUITE:webadmin_removeuser
=logfile       ejabberd_suite.webadmin_removeuser.10756.html
=started       2024-08-23 19:00:16
=ended         2024-08-23 19:00:16
=result        ok
=elapsed       0.004081
=case          ejabberd_SUITE:end_per_group
=logfile       ejabberd_suite.end_per_group.10788.html
=group_props   [{name,webadmin_single},sequence]
=started       2024-08-23 19:00:16
=ended         2024-08-23 19:00:16
=result        ok
=elapsed       4.0e-6
=group_time    0.197s
=case          ejabberd_SUITE:init_per_group
=logfile       ejabberd_suite.init_per_group.10820.html
=group_props   [{name,roster_single},sequence]
=started       2024-08-23 19:00:16
=ended         2024-08-23 19:00:16
=result        ok
=elapsed       4.0e-6
=case          ejabberd_SUITE:roster_feature_enabled
=logfile       ejabberd_suite.roster_feature_enabled.10852.html
=started       2024-08-23 19:00:16
=ended         2024-08-23 19:00:16
=result        ok
=elapsed       0.101597
=case          ejabberd_SUITE:roster_iq_set_many_items
=logfile       ejabberd_suite.roster_iq_set_many_items.10884.html
=started       2024-08-23 19:00:16
=ended         2024-08-23 19:00:17
=result        ok
=elapsed       0.102382
=case          ejabberd_SUITE:roster_iq_set_duplicated_groups
=logfile       ejabberd_suite.roster_iq_set_duplicated_groups.10916.html
=started       2024-08-23 19:00:17
=ended         2024-08-23 19:00:17
=result        ok
=elapsed       0.102724
=case          ejabberd_SUITE:roster_iq_get_item
=logfile       ejabberd_suite.roster_iq_get_item.11012.html
=started       2024-08-23 19:00:17
=ended         2024-08-23 19:00:17
=result        ok
=elapsed       0.103077
=case          ejabberd_SUITE:roster_iq_unexpected_element
=logfile       ejabberd_suite.roster_iq_unexpected_element.14915.html
=started       2024-08-23 19:00:17
=ended         2024-08-23 19:00:17
=result        ok
=elapsed       0.102844
=case          ejabberd_SUITE:roster_iq_set_ask
=logfile       ejabberd_suite.roster_iq_set_ask.15011.html
=started       2024-08-23 19:00:17
=ended         2024-08-23 19:00:17
=result        ok
=elapsed       0.102874
=case          ejabberd_SUITE:roster_set_item
=logfile       ejabberd_suite.roster_set_item.15043.html
=started       2024-08-23 19:00:17
=ended         2024-08-23 19:00:17
=result        ok
=elapsed       0.327064
=case          ejabberd_SUITE:roster_version
=logfile       ejabberd_suite.roster_version.15107.html
=started       2024-08-23 19:00:17
=ended         2024-08-23 19:00:18
=result        ok
=elapsed       0.150975
=case          ejabberd_SUITE:end_per_group
=logfile       ejabberd_suite.end_per_group.15139.html
=group_props   [{name,roster_single},sequence]
=started       2024-08-23 19:00:18
=ended         2024-08-23 19:00:18
=result        ok
=elapsed       3.0e-6
=group_time    1.369s
=case          ejabberd_SUITE:init_per_group
=logfile       ejabberd_suite.init_per_group.14114.html
=group_props   [{name,private_single},sequence]
=started       2024-08-23 19:00:18
=ended         2024-08-23 19:00:18
=result        ok
=elapsed       3.0e-6
=case          ejabberd_SUITE:private_test_features
=logfile       ejabberd_suite.private_test_features.15171.html
=started       2024-08-23 19:00:18
=ended         2024-08-23 19:00:18
=result        ok
=elapsed       0.103608
=case          ejabberd_SUITE:private_test_no_namespace
=logfile       ejabberd_suite.private_test_no_namespace.15203.html
=started       2024-08-23 19:00:18
=ended         2024-08-23 19:00:18
=result        ok
=elapsed       0.102624
=case          ejabberd_SUITE:private_test_set_get
=logfile       ejabberd_suite.private_test_set_get.15235.html
=started       2024-08-23 19:00:18
=ended         2024-08-23 19:00:18
=result        ok
=elapsed       0.10516
=case          ejabberd_SUITE:private_test_published
=logfile       ejabberd_suite.private_test_published.15331.html
=started       2024-08-23 19:00:18
=ended         2024-08-23 19:00:18
=result        ok
=elapsed       0.104201
=case          ejabberd_SUITE:end_per_group
=logfile       ejabberd_suite.end_per_group.15395.html
=group_props   [{name,private_single},sequence]
=started       2024-08-23 19:00:18
=ended         2024-08-23 19:00:18
=result        ok
=elapsed       4.0e-6
=group_time    0.565s
=case          ejabberd_SUITE:init_per_group
=logfile       ejabberd_suite.init_per_group.15427.html
=group_props   [{name,privacy_single},sequence]
=started       2024-08-23 19:00:18
=ended         2024-08-23 19:00:18
=result        ok
=elapsed       4.0e-6
=case          ejabberd_SUITE:privacy_feature_enabled
=logfile       ejabberd_suite.privacy_feature_enabled.15459.html
=started       2024-08-23 19:00:18
=ended         2024-08-23 19:00:18
=result        ok
=elapsed       0.102748
=case          ejabberd_SUITE:privacy_set_get_list
=logfile       ejabberd_suite.privacy_set_get_list.15491.html
=started       2024-08-23 19:00:18
=ended         2024-08-23 19:00:19
=result        ok
=elapsed       0.147799
=case          ejabberd_SUITE:privacy_get_list_non_existent
=logfile       ejabberd_suite.privacy_get_list_non_existent.15523.html
=started       2024-08-23 19:00:19
=ended         2024-08-23 19:00:19
=result        ok
=elapsed       0.102289
=case          ejabberd_SUITE:privacy_get_empty_lists
=logfile       ejabberd_suite.privacy_get_empty_lists.15587.html
=started       2024-08-23 19:00:19
=ended         2024-08-23 19:00:19
=result        ok
=elapsed       0.103221
=case          ejabberd_SUITE:privacy_set_default
=logfile       ejabberd_suite.privacy_set_default.15651.html
=started       2024-08-23 19:00:19
=ended         2024-08-23 19:00:19
=result        ok
=elapsed       0.15091
=case          ejabberd_SUITE:privacy_del_default
=logfile       ejabberd_suite.privacy_del_default.15683.html
=started       2024-08-23 19:00:19
=ended         2024-08-23 19:00:19
=result        ok
=elapsed       0.14964
=case          ejabberd_SUITE:privacy_set_default_non_existent
=logfile       ejabberd_suite.privacy_set_default_non_existent.15715.html
=started       2024-08-23 19:00:19
=ended         2024-08-23 19:00:19
=result        ok
=elapsed       0.102122
=case          ejabberd_SUITE:privacy_set_active
=logfile       ejabberd_suite.privacy_set_active.15779.html
=started       2024-08-23 19:00:19
=ended         2024-08-23 19:00:20
=result        ok
=elapsed       0.147887
=case          ejabberd_SUITE:privacy_del_active
=logfile       ejabberd_suite.privacy_del_active.15875.html
=started       2024-08-23 19:00:20
=ended         2024-08-23 19:00:20
=result        ok
=elapsed       0.147769
=case          ejabberd_SUITE:privacy_set_active_non_existent
=logfile       ejabberd_suite.privacy_set_active_non_existent.15971.html
=started       2024-08-23 19:00:20
=ended         2024-08-23 19:00:20
=result        ok
=elapsed       0.102901
=case          ejabberd_SUITE:privacy_remove_list
=logfile       ejabberd_suite.privacy_remove_list.14658.html
=started       2024-08-23 19:00:20
=ended         2024-08-23 19:00:20
=result        ok
=elapsed       0.147725
=case          ejabberd_SUITE:privacy_remove_default_list
=logfile       ejabberd_suite.privacy_remove_default_list.14722.html
=started       2024-08-23 19:00:20
=ended         2024-08-23 19:00:20
=result        ok
=elapsed       0.148519
=case          ejabberd_SUITE:privacy_remove_active_list
=logfile       ejabberd_suite.privacy_remove_active_list.14786.html
=started       2024-08-23 19:00:20
=ended         2024-08-23 19:00:20
=result        ok
=elapsed       0.148184
=case          ejabberd_SUITE:privacy_remove_list_non_existent
=logfile       ejabberd_suite.privacy_remove_list_non_existent.14882.html
=started       2024-08-23 19:00:20
=ended         2024-08-23 19:00:21
=result        ok
=elapsed       0.102558
=case          ejabberd_SUITE:privacy_allow_local_server
=logfile       ejabberd_suite.privacy_allow_local_server.14978.html
=started       2024-08-23 19:00:21
=ended         2024-08-23 19:00:21
=result        ok
=elapsed       0.193346
=case          ejabberd_SUITE:privacy_malformed_iq_query
=logfile       ejabberd_suite.privacy_malformed_iq_query.15042.html
=started       2024-08-23 19:00:21
=ended         2024-08-23 19:00:21
=result        ok
=elapsed       0.103887
=case          ejabberd_SUITE:privacy_malformed_get
=logfile       ejabberd_suite.privacy_malformed_get.15106.html
=started       2024-08-23 19:00:21
=ended         2024-08-23 19:00:21
=result        ok
=elapsed       0.105645
=case          ejabberd_SUITE:privacy_malformed_set
=logfile       ejabberd_suite.privacy_malformed_set.15170.html
=started       2024-08-23 19:00:21
=ended         2024-08-23 19:00:21
=result        ok
=elapsed       0.104362
=case          ejabberd_SUITE:privacy_malformed_type_value
=logfile       ejabberd_suite.privacy_malformed_type_value.15266.html
=started       2024-08-23 19:00:21
=ended         2024-08-23 19:00:21
=result        ok
=elapsed       0.103398
=case          ejabberd_SUITE:privacy_set_get_block
=logfile       ejabberd_suite.privacy_set_get_block.15298.html
=started       2024-08-23 19:00:21
=ended         2024-08-23 19:00:21
=result        ok
=elapsed       0.192192
=case          ejabberd_SUITE:end_per_group
=logfile       ejabberd_suite.end_per_group.16291.html
=group_props   [{name,privacy_single},sequence]
=started       2024-08-23 19:00:21
=ended         2024-08-23 19:00:22
=result        ok
=elapsed       3.0e-6
=group_time    3.254s
=case          ejabberd_SUITE:init_per_group
=logfile       ejabberd_suite.init_per_group.16323.html
=group_props   [{name,vcard_single},sequence]
=started       2024-08-23 19:00:22
=ended         2024-08-23 19:00:22
=result        ok
=elapsed       5.0e-6
=case          ejabberd_SUITE:vcard_feature_enabled
=logfile       ejabberd_suite.vcard_feature_enabled.15394.html
=started       2024-08-23 19:00:22
=ended         2024-08-23 19:00:22
=result        ok
=elapsed       0.104197
=case          ejabberd_SUITE:vcard_get_set
=logfile       ejabberd_suite.vcard_get_set.15458.html
=started       2024-08-23 19:00:22
=ended         2024-08-23 19:00:22
=result        ok
=elapsed       0.10324
=case          ejabberd_SUITE:vcard_service_vcard
=logfile       ejabberd_suite.vcard_service_vcard.15522.html
=started       2024-08-23 19:00:22
=ended         2024-08-23 19:00:22
=result        ok
=elapsed       0.10274
=case          ejabberd_SUITE:end_per_group
=logfile       ejabberd_suite.end_per_group.15554.html
=group_props   [{name,vcard_single},sequence]
=started       2024-08-23 19:00:22
=ended         2024-08-23 19:00:22
=result        ok
=elapsed       3.0e-6
=group_time    0.426s
=case          ejabberd_SUITE:init_per_group
=logfile       ejabberd_suite.init_per_group.15586.html
=group_props   [{name,pubsub_single},sequence]
=started       2024-08-23 19:00:22
=ended         2024-08-23 19:00:22
=result        ok
=elapsed       4.0e-6
=case          ejabberd_SUITE:pubsub_test_features
=logfile       ejabberd_suite.pubsub_test_features.15618.html
=started       2024-08-23 19:00:22
=ended         2024-08-23 19:00:22
=result        ok
=elapsed       0.103582
=case          ejabberd_SUITE:pubsub_test_vcard
=logfile       ejabberd_suite.pubsub_test_vcard.15682.html
=started       2024-08-23 19:00:22
=ended         2024-08-23 19:00:22
=result        ok
=elapsed       0.103776
=case          ejabberd_SUITE:pubsub_test_create
=logfile       ejabberd_suite.pubsub_test_create.15778.html
=started       2024-08-23 19:00:22
=ended         2024-08-23 19:00:22
=result        ok
=elapsed       0.103021
=case          ejabberd_SUITE:pubsub_test_configure
=logfile       ejabberd_suite.pubsub_test_configure.15842.html
=started       2024-08-23 19:00:22
=ended         2024-08-23 19:00:23
=result        ok
=elapsed       0.106942
=case          ejabberd_SUITE:pubsub_test_delete
=logfile       ejabberd_suite.pubsub_test_delete.16579.html
=started       2024-08-23 19:00:23
=ended         2024-08-23 19:00:23
=result        ok
=elapsed       0.102996
=case          ejabberd_SUITE:pubsub_test_get_affiliations
=logfile       ejabberd_suite.pubsub_test_get_affiliations.16611.html
=started       2024-08-23 19:00:23
=ended         2024-08-23 19:00:23
=result        ok
=elapsed       0.111089
=case          ejabberd_SUITE:pubsub_test_get_subscriptions
=logfile       ejabberd_suite.pubsub_test_get_subscriptions.16002.html
=started       2024-08-23 19:00:23
=ended         2024-08-23 19:00:23
=result        ok
=elapsed       0.114532
=case          ejabberd_SUITE:pubsub_test_create_instant
=logfile       ejabberd_suite.pubsub_test_create_instant.16098.html
=started       2024-08-23 19:00:23
=ended         2024-08-23 19:00:23
=result        ok
=elapsed       0.103485
=case          ejabberd_SUITE:pubsub_test_default
=logfile       ejabberd_suite.pubsub_test_default.16707.html
=started       2024-08-23 19:00:23
=ended         2024-08-23 19:00:23
=result        ok
=elapsed       0.103381
=case          ejabberd_SUITE:pubsub_test_create_configure
=logfile       ejabberd_suite.pubsub_test_create_configure.16771.html
=started       2024-08-23 19:00:23
=ended         2024-08-23 19:00:23
=result        ok
=elapsed       0.107009
=case          ejabberd_SUITE:pubsub_test_publish
=logfile       ejabberd_suite.pubsub_test_publish.16867.html
=started       2024-08-23 19:00:23
=ended         2024-08-23 19:00:24
=result        ok
=elapsed       0.104595
=case          ejabberd_SUITE:pubsub_test_auto_create
=logfile       ejabberd_suite.pubsub_test_auto_create.16194.html
=started       2024-08-23 19:00:24
=ended         2024-08-23 19:00:24
=result        ok
=elapsed       0.10379
=case          ejabberd_SUITE:pubsub_test_get_items
=logfile       ejabberd_suite.pubsub_test_get_items.16995.html
=started       2024-08-23 19:00:24
=ended         2024-08-23 19:00:24
=result        ok
=elapsed       0.109738
=case          ejabberd_SUITE:pubsub_test_delete_item
=logfile       ejabberd_suite.pubsub_test_delete_item.17059.html
=started       2024-08-23 19:00:24
=ended         2024-08-23 19:00:24
=result        ok
=elapsed       0.106665
=case          ejabberd_SUITE:pubsub_test_purge
=logfile       ejabberd_suite.pubsub_test_purge.17123.html
=started       2024-08-23 19:00:24
=ended         2024-08-23 19:00:24
=result        ok
=elapsed       0.112693
=case          ejabberd_SUITE:pubsub_test_subscribe
=logfile       ejabberd_suite.pubsub_test_subscribe.17155.html
=started       2024-08-23 19:00:24
=ended         2024-08-23 19:00:24
=result        ok
=elapsed       0.105713
=case          ejabberd_SUITE:pubsub_test_subscribe_max_item_1
=logfile       ejabberd_suite.pubsub_test_subscribe_max_item_1.17219.html
=started       2024-08-23 19:00:24
=ended         2024-08-23 19:00:24
=result        ok
=elapsed       0.108781
=case          ejabberd_SUITE:pubsub_test_unsubscribe
=logfile       ejabberd_suite.pubsub_test_unsubscribe.17283.html
=started       2024-08-23 19:00:24
=ended         2024-08-23 19:00:24
=result        ok
=elapsed       0.106412
=case          ejabberd_SUITE:end_per_group
=logfile       ejabberd_suite.end_per_group.17347.html
=group_props   [{name,pubsub_single},sequence]
=started       2024-08-23 19:00:24
=ended         2024-08-23 19:00:25
=result        ok
=elapsed       1.1e-5
=group_time    2.503s
=case          ejabberd_SUITE:init_per_group
=logfile       ejabberd_suite.init_per_group.17379.html
=group_props   [{name,muc_single},sequence]
=started       2024-08-23 19:00:25
=ended         2024-08-23 19:00:25
=result        ok
=elapsed       4.0e-6
=case          ejabberd_SUITE:muc_service_presence_error
=logfile       ejabberd_suite.muc_service_presence_error.17411.html
=started       2024-08-23 19:00:25
=ended         2024-08-23 19:00:25
=result        ok
=elapsed       0.191393
=case          ejabberd_SUITE:muc_service_message_error
=logfile       ejabberd_suite.muc_service_message_error.17475.html
=started       2024-08-23 19:00:25
=ended         2024-08-23 19:00:25
=result        ok
=elapsed       0.190369
=case          ejabberd_SUITE:muc_service_unknown_ns_iq_error
=logfile       ejabberd_suite.muc_service_unknown_ns_iq_error.17571.html
=started       2024-08-23 19:00:25
=ended         2024-08-23 19:00:25
=result        ok
=elapsed       0.18782
=case          ejabberd_SUITE:muc_service_iq_set_error
=logfile       ejabberd_suite.muc_service_iq_set_error.17667.html
=started       2024-08-23 19:00:25
=ended         2024-08-23 19:00:26
=result        ok
=elapsed       0.319992
=case          ejabberd_SUITE:muc_service_improper_iq_error
=logfile       ejabberd_suite.muc_service_improper_iq_error.17731.html
=started       2024-08-23 19:00:26
=ended         2024-08-23 19:00:26
=result        ok
=elapsed       0.278469
=case          ejabberd_SUITE:muc_service_features
=logfile       ejabberd_suite.muc_service_features.17795.html
=started       2024-08-23 19:00:26
=ended         2024-08-23 19:00:26
=result        ok
=elapsed       0.102178
=case          ejabberd_SUITE:muc_service_disco_info_node_error
=logfile       ejabberd_suite.muc_service_disco_info_node_error.17891.html
=started       2024-08-23 19:00:26
=ended         2024-08-23 19:00:26
=result        ok
=elapsed       0.102195
=case          ejabberd_SUITE:muc_service_disco_items
=logfile       ejabberd_suite.muc_service_disco_items.17923.html
=started       2024-08-23 19:00:26
=ended         2024-08-23 19:00:26
=result        ok
=elapsed       0.130249
=case          ejabberd_SUITE:muc_service_unique
=logfile       ejabberd_suite.muc_service_unique.18051.html
=started       2024-08-23 19:00:26
=ended         2024-08-23 19:00:26
=result        ok
=elapsed       0.102902
=case          ejabberd_SUITE:muc_service_vcard
=logfile       ejabberd_suite.muc_service_vcard.18083.html
=started       2024-08-23 19:00:26
=ended         2024-08-23 19:00:27
=result        ok
=elapsed       0.102906
=case          ejabberd_SUITE:muc_configure_non_existent
=logfile       ejabberd_suite.muc_configure_non_existent.18147.html
=started       2024-08-23 19:00:27
=ended         2024-08-23 19:00:27
=result        ok
=elapsed       0.104631
=case          ejabberd_SUITE:muc_cancel_configure_non_existent
=logfile       ejabberd_suite.muc_cancel_configure_non_existent.18211.html
=started       2024-08-23 19:00:27
=ended         2024-08-23 19:00:27
=result        ok
=elapsed       0.103067
=case          ejabberd_SUITE:muc_service_subscriptions
=logfile       ejabberd_suite.muc_service_subscriptions.18243.html
=started       2024-08-23 19:00:27
=ended         2024-08-23 19:00:27
=result        ok
=elapsed       0.142251
=case          ejabberd_SUITE:muc_set_room_affiliation
=logfile       ejabberd_suite.muc_set_room_affiliation.18371.html
=started       2024-08-23 19:00:27
=ended         2024-08-23 19:00:27
=result        ok
=elapsed       0.108315
=case          ejabberd_SUITE:end_per_group
=logfile       ejabberd_suite.end_per_group.17090.html
=group_props   [{name,muc_single},sequence]
=started       2024-08-23 19:00:27
=ended         2024-08-23 19:00:27
=result        ok
=elapsed       9.0e-6
=group_time    2.625s
=case          ejabberd_SUITE:init_per_group
=logfile       ejabberd_suite.init_per_group.18435.html
=group_props   [{name,offline_single},sequence]
=started       2024-08-23 19:00:27
=ended         2024-08-23 19:00:27
=result        ok
=elapsed       3.0e-6
=case          ejabberd_SUITE:offline_feature_enabled
=logfile       ejabberd_suite.offline_feature_enabled.18467.html
=started       2024-08-23 19:00:27
=ended         2024-08-23 19:00:27
=result        ok
=elapsed       0.102826
=case          ejabberd_SUITE:offline_check_identity
=logfile       ejabberd_suite.offline_check_identity.11332.html
=started       2024-08-23 19:00:27
=ended         2024-08-23 19:00:27
=result        ok
=elapsed       0.102612
=case          ejabberd_SUITE:offline_send_non_existent
=logfile       ejabberd_suite.offline_send_non_existent.11396.html
=started       2024-08-23 19:00:27
=ended         2024-08-23 19:00:28
=result        ok
=elapsed       0.102797
=case          ejabberd_SUITE:offline_view_non_existent
=logfile       ejabberd_suite.offline_view_non_existent.11460.html
=started       2024-08-23 19:00:28
=ended         2024-08-23 19:00:28
=result        ok
=elapsed       0.103058
=case          ejabberd_SUITE:offline_remove_non_existent
=logfile       ejabberd_suite.offline_remove_non_existent.18499.html
=started       2024-08-23 19:00:28
=ended         2024-08-23 19:00:28
=result        ok
=elapsed       0.102185
=case          ejabberd_SUITE:offline_view_non_integer
=logfile       ejabberd_suite.offline_view_non_integer.18563.html
=started       2024-08-23 19:00:28
=ended         2024-08-23 19:00:28
=result        ok
=elapsed       0.102586
=case          ejabberd_SUITE:offline_remove_non_integer
=logfile       ejabberd_suite.offline_remove_non_integer.18659.html
=started       2024-08-23 19:00:28
=ended         2024-08-23 19:00:28
=result        ok
=elapsed       0.102341
=case          ejabberd_SUITE:offline_malformed_iq
=logfile       ejabberd_suite.offline_malformed_iq.18755.html
=started       2024-08-23 19:00:28
=ended         2024-08-23 19:00:28
=result        ok
=elapsed       0.106269
=case          ejabberd_SUITE:offline_wrong_user
=logfile       ejabberd_suite.offline_wrong_user.18819.html
=started       2024-08-23 19:00:28
=ended         2024-08-23 19:00:28
=result        ok
=elapsed       0.110457
=case          ejabberd_SUITE:offline_unsupported_iq
=logfile       ejabberd_suite.offline_unsupported_iq.18915.html
=started       2024-08-23 19:00:28
=ended         2024-08-23 19:00:29
=result        ok
=elapsed       0.103288
=case          ejabberd_SUITE:end_per_group
=logfile       ejabberd_suite.end_per_group.18979.html
=group_props   [{name,offline_single},sequence]
=started       2024-08-23 19:00:29
=ended         2024-08-23 19:00:29
=result        ok
=elapsed       3.0e-6
=group_time    1.377s
=case          ejabberd_SUITE:init_per_group
=logfile       ejabberd_suite.init_per_group.19011.html
=group_props   [{name,mam_single},sequence]
=started       2024-08-23 19:00:29
=ended         2024-08-23 19:00:29
=result        ok
=elapsed       4.0e-6
=case          ejabberd_SUITE:mam_feature_enabled
=logfile       ejabberd_suite.mam_feature_enabled.17346.html
=started       2024-08-23 19:00:29
=ended         2024-08-23 19:00:29
=result        ok
=elapsed       0.105353
=case          ejabberd_SUITE:mam_get_set_prefs
=logfile       ejabberd_suite.mam_get_set_prefs.17442.html
=started       2024-08-23 19:00:29
=ended         2024-08-23 19:00:31
=result        ok
=elapsed       1.884363
=case          ejabberd_SUITE:mam_get_form
=logfile       ejabberd_suite.mam_get_form.17506.html
=started       2024-08-23 19:00:31
=ended         2024-08-23 19:00:31
=result        ok
=elapsed       0.105756
=case          ejabberd_SUITE:mam_fake_by
=logfile       ejabberd_suite.mam_fake_by.17570.html
=started       2024-08-23 19:00:31
=ended         2024-08-23 19:00:31
=result        ok
=elapsed       0.10285
=case          ejabberd_SUITE:end_per_group
=logfile       ejabberd_suite.end_per_group.17602.html
=group_props   [{name,mam_single},sequence]
=started       2024-08-23 19:00:31
=ended         2024-08-23 19:00:31
=result        ok
=elapsed       9.0e-6
=group_time    2.345s
=case          ejabberd_SUITE:init_per_group
=logfile       ejabberd_suite.init_per_group.17634.html
=group_props   [{name,csi_single},sequence]
=started       2024-08-23 19:00:31
=ended         2024-08-23 19:00:31
=result        ok
=elapsed       4.0e-6
=case          ejabberd_SUITE:csi_feature_enabled
=logfile       ejabberd_suite.csi_feature_enabled.17666.html
=started       2024-08-23 19:00:31
=ended         2024-08-23 19:00:31
=result        ok
=elapsed       0.101832
=case          ejabberd_SUITE:end_per_group
=logfile       ejabberd_suite.end_per_group.19203.html
=group_props   [{name,csi_single},sequence]
=started       2024-08-23 19:00:31
=ended         2024-08-23 19:00:31
=result        ok
=elapsed       3.0e-6
=group_time    0.158s
=case          ejabberd_SUITE:init_per_group
=logfile       ejabberd_suite.init_per_group.19235.html
=group_props   [{name,push_single},sequence]
=started       2024-08-23 19:00:31
=ended         2024-08-23 19:00:31
=result        ok
=elapsed       3.0e-6
=case          ejabberd_SUITE:push_feature_enabled
=logfile       ejabberd_suite.push_feature_enabled.19267.html
=started       2024-08-23 19:00:31
=ended         2024-08-23 19:00:31
=result        ok
=elapsed       0.103326
=case          ejabberd_SUITE:push_unsupported_iq
=logfile       ejabberd_suite.push_unsupported_iq.19299.html
=started       2024-08-23 19:00:31
=ended         2024-08-23 19:00:31
=result        ok
=elapsed       0.103447
=case          ejabberd_SUITE:end_per_group
=logfile       ejabberd_suite.end_per_group.17826.html
=group_props   [{name,push_single},sequence]
=started       2024-08-23 19:00:31
=ended         2024-08-23 19:00:31
=result        ok
=elapsed       9.0e-6
=group_time    0.292s
=case          ejabberd_SUITE:test_unregister
=logfile       ejabberd_suite.test_unregister.17858.html
=started       2024-08-23 19:00:31
=ended         2024-08-23 19:00:31
=result        ok
=elapsed       0.003886
=case          ejabberd_SUITE:end_per_group
=logfile       ejabberd_suite.end_per_group.19363.html
=group_props   [{name,single_user},sequence]
=started       2024-08-23 19:00:31
=ended         2024-08-23 19:00:31
=result        ok
=elapsed       6.0e-6
=group_time    16.109s
=case          ejabberd_SUITE:init_per_group
=logfile       ejabberd_suite.init_per_group.19395.html
=group_props   [{name,muc_master_slave},sequence]
=started       2024-08-23 19:00:31
=ended         2024-08-23 19:00:32
=result        ok
=elapsed       4.0e-6
=case          ejabberd_SUITE:init_per_group
=logfile       ejabberd_suite.init_per_group.17954.html
=group_props   [{name,muc_register},parallel]
=started       2024-08-23 19:00:32
=ended         2024-08-23 19:00:32
=result        ok
=elapsed       4.0e-6
=case          ejabberd_SUITE:muc_register_master
=logfile       ejabberd_suite.muc_register_master.17986.html
=started       2024-08-23 19:00:32
=ended         2024-08-23 19:00:32
=result        ok
=elapsed       0.111239
=case          ejabberd_SUITE:muc_register_slave
=logfile       ejabberd_suite.muc_register_slave.18018.html
=started       2024-08-23 19:00:32
=ended         2024-08-23 19:00:32
=result        ok
=elapsed       0.109961
=case          ejabberd_SUITE:end_per_group
=logfile       ejabberd_suite.end_per_group.19523.html
=group_props   [{name,muc_register},parallel]
=started       2024-08-23 19:00:32
=ended         2024-08-23 19:00:32
=result        ok
=elapsed       2.0e-6
=group_time    0.171s
=case          ejabberd_SUITE:init_per_group
=logfile       ejabberd_suite.init_per_group.11524.html
=group_props   [{name,muc_groupchat_msg},parallel]
=started       2024-08-23 19:00:32
=ended         2024-08-23 19:00:32
=result        ok
=elapsed       4.0e-6
=case          ejabberd_SUITE:muc_groupchat_msg_master
=logfile       ejabberd_suite.muc_groupchat_msg_master.11556.html
=started       2024-08-23 19:00:32
=ended         2024-08-23 19:00:32
=result        ok
=elapsed       0.113074
=case          ejabberd_SUITE:muc_groupchat_msg_slave
=logfile       ejabberd_suite.muc_groupchat_msg_slave.18082.html
=started       2024-08-23 19:00:32
=ended         2024-08-23 19:00:32
=result        ok
=elapsed       0.11038
=case          ejabberd_SUITE:end_per_group
=logfile       ejabberd_suite.end_per_group.18178.html
=group_props   [{name,muc_groupchat_msg},parallel]
=started       2024-08-23 19:00:32
=ended         2024-08-23 19:00:32
=result        ok
=elapsed       2.0e-6
=group_time    0.173s
=case          ejabberd_SUITE:init_per_group
=logfile       ejabberd_suite.init_per_group.11652.html
=group_props   [{name,muc_private_msg},parallel]
=started       2024-08-23 19:00:32
=ended         2024-08-23 19:00:32
=result        ok
=elapsed       3.0e-6
=case          ejabberd_SUITE:muc_private_msg_master
=logfile       ejabberd_suite.muc_private_msg_master.11684.html
=started       2024-08-23 19:00:32
=ended         2024-08-23 19:00:32
=result        ok
=elapsed       0.152547
=case          ejabberd_SUITE:muc_private_msg_slave
=logfile       ejabberd_suite.muc_private_msg_slave.11716.html
=started       2024-08-23 19:00:32
=ended         2024-08-23 19:00:32
=result        ok
=elapsed       0.150249
=case          ejabberd_SUITE:end_per_group
=logfile       ejabberd_suite.end_per_group.11780.html
=group_props   [{name,muc_private_msg},parallel]
=started       2024-08-23 19:00:32
=ended         2024-08-23 19:00:32
=result        ok
=elapsed       8.0e-6
=group_time    0.210s
=case          ejabberd_SUITE:init_per_group
=logfile       ejabberd_suite.init_per_group.18306.html
=group_props   [{name,muc_set_subject},parallel]
=started       2024-08-23 19:00:32
=ended         2024-08-23 19:00:32
=result        ok
=elapsed       3.0e-6
=case          ejabberd_SUITE:muc_set_subject_master
=logfile       ejabberd_suite.muc_set_subject_master.18338.html
=started       2024-08-23 19:00:32
=ended         2024-08-23 19:00:32
=result        ok
=elapsed       0.116869
=case          ejabberd_SUITE:muc_set_subject_slave
=logfile       ejabberd_suite.muc_set_subject_slave.18370.html
=started       2024-08-23 19:00:32
=ended         2024-08-23 19:00:32
=result        ok
=elapsed       0.116484
=case          ejabberd_SUITE:end_per_group
=logfile       ejabberd_suite.end_per_group.18466.html
=group_props   [{name,muc_set_subject},parallel]
=started       2024-08-23 19:00:32
=ended         2024-08-23 19:00:32
=result        ok
=elapsed       2.0e-6
=group_time    0.177s
=case          ejabberd_SUITE:init_per_group
=logfile       ejabberd_suite.init_per_group.18498.html
=group_props   [{name,muc_history},parallel]
=started       2024-08-23 19:00:32
=ended         2024-08-23 19:00:32
=result        ok
=elapsed       3.0e-6
=case          ejabberd_SUITE:muc_history_master
=logfile       ejabberd_suite.muc_history_master.11876.html
=started       2024-08-23 19:00:32
=ended         2024-08-23 19:00:33
=result        ok
=elapsed       0.143362
=case          ejabberd_SUITE:muc_history_slave
=logfile       ejabberd_suite.muc_history_slave.11908.html
=started       2024-08-23 19:00:32
=ended         2024-08-23 19:00:33
=result        ok
=elapsed       0.140656
=case          ejabberd_SUITE:end_per_group
=logfile       ejabberd_suite.end_per_group.12004.html
=group_props   [{name,muc_history},parallel]
=started       2024-08-23 19:00:33
=ended         2024-08-23 19:00:33
=result        ok
=elapsed       7.0e-6
=group_time    0.200s
=case          ejabberd_SUITE:init_per_group
=logfile       ejabberd_suite.init_per_group.18562.html
=group_props   [{name,muc_invite},parallel]
=started       2024-08-23 19:00:33
=ended         2024-08-23 19:00:33
=result        ok
=elapsed       3.0e-6
=case          ejabberd_SUITE:muc_invite_master
=logfile       ejabberd_suite.muc_invite_master.12036.html
=started       2024-08-23 19:00:33
=ended         2024-08-23 19:00:33
=result        ok
=elapsed       0.110071
=case          ejabberd_SUITE:muc_invite_slave
=logfile       ejabberd_suite.muc_invite_slave.2469.html
=started       2024-08-23 19:00:33
=ended         2024-08-23 19:00:33
=result        ok
=elapsed       0.147122
=case          ejabberd_SUITE:end_per_group
=logfile       ejabberd_suite.end_per_group.12164.html
=group_props   [{name,muc_invite},parallel]
=started       2024-08-23 19:00:33
=ended         2024-08-23 19:00:33
=result        ok
=elapsed       3.0e-6
=group_time    0.206s
=case          ejabberd_SUITE:init_per_group
=logfile       ejabberd_suite.init_per_group.12196.html
=group_props   [{name,muc_invite_members_only},parallel]
=started       2024-08-23 19:00:33
=ended         2024-08-23 19:00:33
=result        ok
=elapsed       3.0e-6
=case          ejabberd_SUITE:muc_invite_members_only_master
=logfile       ejabberd_suite.muc_invite_members_only_master.12228.html
=started       2024-08-23 19:00:33
=ended         2024-08-23 19:00:33
=result        ok
=elapsed       0.109527
=case          ejabberd_SUITE:muc_invite_members_only_slave
=logfile       ejabberd_suite.muc_invite_members_only_slave.12260.html
=started       2024-08-23 19:00:33
=ended         2024-08-23 19:00:33
=result        ok
=elapsed       0.108392
=case          ejabberd_SUITE:end_per_group
=logfile       ejabberd_suite.end_per_group.18754.html
=group_props   [{name,muc_invite_members_only},parallel]
=started       2024-08-23 19:00:33
=ended         2024-08-23 19:00:33
=result        ok
=elapsed       3.0e-6
=group_time    0.168s
=case          ejabberd_SUITE:init_per_group
=logfile       ejabberd_suite.init_per_group.18786.html
=group_props   [{name,muc_invite_password_protected},parallel]
=started       2024-08-23 19:00:33
=ended         2024-08-23 19:00:33
=result        ok
=elapsed       3.0e-6
=case          ejabberd_SUITE:muc_invite_password_protected_master
=logfile       ejabberd_suite.muc_invite_password_protected_master.12292.html
=started       2024-08-23 19:00:33
=ended         2024-08-23 19:00:33
=result        ok
=elapsed       0.150237
=case          ejabberd_SUITE:muc_invite_password_protected_slave
=logfile       ejabberd_suite.muc_invite_password_protected_slave.12324.html
=started       2024-08-23 19:00:33
=ended         2024-08-23 19:00:33
=result        ok
=elapsed       0.107234
=case          ejabberd_SUITE:end_per_group
=logfile       ejabberd_suite.end_per_group.12420.html
=group_props   [{name,muc_invite_password_protected},parallel]
=started       2024-08-23 19:00:33
=ended         2024-08-23 19:00:33
=result        ok
=elapsed       3.0e-6
=group_time    0.209s
=case          ejabberd_SUITE:init_per_group
=logfile       ejabberd_suite.init_per_group.12452.html
=group_props   [{name,muc_voice_request},parallel]
=started       2024-08-23 19:00:33
=ended         2024-08-23 19:00:33
=result        ok
=elapsed       4.0e-6
=case          ejabberd_SUITE:muc_voice_request_master
=logfile       ejabberd_suite.muc_voice_request_master.12484.html
=started       2024-08-23 19:00:33
=ended         2024-08-23 19:00:33
=result        ok
=elapsed       0.114016
=case          ejabberd_SUITE:muc_voice_request_slave
=logfile       ejabberd_suite.muc_voice_request_slave.12516.html
=started       2024-08-23 19:00:33
=ended         2024-08-23 19:00:33
=result        ok
=elapsed       0.112874
=case          ejabberd_SUITE:end_per_group
=logfile       ejabberd_suite.end_per_group.19843.html
=group_props   [{name,muc_voice_request},parallel]
=started       2024-08-23 19:00:33
=ended         2024-08-23 19:00:33
=result        ok
=elapsed       6.0e-6
=group_time    0.173s
=case          ejabberd_SUITE:init_per_group
=logfile       ejabberd_suite.init_per_group.19875.html
=group_props   [{name,muc_change_role},parallel]
=started       2024-08-23 19:00:33
=ended         2024-08-23 19:00:33
=result        ok
=elapsed       4.0e-6
=case          ejabberd_SUITE:muc_change_role_master
=logfile       ejabberd_suite.muc_change_role_master.19907.html
=started       2024-08-23 19:00:33
=ended         2024-08-23 19:00:34
=result        ok
=elapsed       0.116894
=case          ejabberd_SUITE:muc_change_role_slave
=logfile       ejabberd_suite.muc_change_role_slave.12548.html
=started       2024-08-23 19:00:33
=ended         2024-08-23 19:00:34
=result        ok
=elapsed       0.11455
=case          ejabberd_SUITE:end_per_group
=logfile       ejabberd_suite.end_per_group.12612.html
=group_props   [{name,muc_change_role},parallel]
=started       2024-08-23 19:00:34
=ended         2024-08-23 19:00:34
=result        ok
=elapsed       3.0e-6
=group_time    0.176s
=case          ejabberd_SUITE:init_per_group
=logfile       ejabberd_suite.init_per_group.12644.html
=group_props   [{name,muc_kick},parallel]
=started       2024-08-23 19:00:34
=ended         2024-08-23 19:00:34
=result        ok
=elapsed       4.0e-6
=case          ejabberd_SUITE:muc_kick_master
=logfile       ejabberd_suite.muc_kick_master.12676.html
=started       2024-08-23 19:00:34
=ended         2024-08-23 19:00:34
=result        ok
=elapsed       0.111417
=case          ejabberd_SUITE:muc_kick_slave
=logfile       ejabberd_suite.muc_kick_slave.19010.html
=started       2024-08-23 19:00:34
=ended         2024-08-23 19:00:34
=result        ok
=elapsed       0.110592
=case          ejabberd_SUITE:end_per_group
=logfile       ejabberd_suite.end_per_group.19170.html
=group_props   [{name,muc_kick},parallel]
=started       2024-08-23 19:00:34
=ended         2024-08-23 19:00:34
=result        ok
=elapsed       9.0e-6
=group_time    0.171s
=case          ejabberd_SUITE:init_per_group
=logfile       ejabberd_suite.init_per_group.19202.html
=group_props   [{name,muc_change_affiliation},parallel]
=started       2024-08-23 19:00:34
=ended         2024-08-23 19:00:34
=result        ok
=elapsed       3.0e-6
=case          ejabberd_SUITE:muc_change_affiliation_master
=logfile       ejabberd_suite.muc_change_affiliation_master.12740.html
=started       2024-08-23 19:00:34
=ended         2024-08-23 19:00:34
=result        ok
=elapsed       0.122089
=case          ejabberd_SUITE:muc_change_affiliation_slave
=logfile       ejabberd_suite.muc_change_affiliation_slave.12772.html
=started       2024-08-23 19:00:34
=ended         2024-08-23 19:00:34
=result        ok
=elapsed       0.119786
=case          ejabberd_SUITE:end_per_group
=logfile       ejabberd_suite.end_per_group.12868.html
=group_props   [{name,muc_change_affiliation},parallel]
=started       2024-08-23 19:00:34
=ended         2024-08-23 19:00:34
=result        ok
=elapsed       3.0e-6
=group_time    0.182s
=case          ejabberd_SUITE:init_per_group
=logfile       ejabberd_suite.init_per_group.19298.html
=group_props   [{name,muc_destroy},parallel]
=started       2024-08-23 19:00:34
=ended         2024-08-23 19:00:34
=result        ok
=elapsed       4.0e-6
=case          ejabberd_SUITE:muc_destroy_master
=logfile       ejabberd_suite.muc_destroy_master.19330.html
=started       2024-08-23 19:00:34
=ended         2024-08-23 19:00:34
=result        ok
=elapsed       0.109687
=case          ejabberd_SUITE:muc_destroy_slave
=logfile       ejabberd_suite.muc_destroy_slave.19362.html
=started       2024-08-23 19:00:34
=ended         2024-08-23 19:00:34
=result        ok
=elapsed       0.110549
=case          ejabberd_SUITE:end_per_group
=logfile       ejabberd_suite.end_per_group.19426.html
=group_props   [{name,muc_destroy},parallel]
=started       2024-08-23 19:00:34
=ended         2024-08-23 19:00:34
=result        ok
=elapsed       7.0e-6
=group_time    0.171s
=case          ejabberd_SUITE:init_per_group
=logfile       ejabberd_suite.init_per_group.19458.html
=group_props   [{name,muc_vcard},parallel]
=started       2024-08-23 19:00:34
=ended         2024-08-23 19:00:34
=result        ok
=elapsed       4.0e-6
=case          ejabberd_SUITE:muc_vcard_master
=logfile       ejabberd_suite.muc_vcard_master.19490.html
=started       2024-08-23 19:00:34
=ended         2024-08-23 19:00:34
=result        ok
=elapsed       0.114225
=case          ejabberd_SUITE:muc_vcard_slave
=logfile       ejabberd_suite.muc_vcard_slave.19522.html
=started       2024-08-23 19:00:34
=ended         2024-08-23 19:00:34
=result        ok
=elapsed       0.111569
=case          ejabberd_SUITE:end_per_group
=logfile       ejabberd_suite.end_per_group.19586.html
=group_props   [{name,muc_vcard},parallel]
=started       2024-08-23 19:00:34
=ended         2024-08-23 19:00:34
=result        ok
=elapsed       3.0e-6
=group_time    0.173s
=case          ejabberd_SUITE:init_per_group
=logfile       ejabberd_suite.init_per_group.19618.html
=group_props   [{name,muc_nick_change},parallel]
=started       2024-08-23 19:00:34
=ended         2024-08-23 19:00:34
=result        ok
=elapsed       4.0e-6
=case          ejabberd_SUITE:muc_nick_change_master
=logfile       ejabberd_suite.muc_nick_change_master.19650.html
=started       2024-08-23 19:00:34
=ended         2024-08-23 19:00:35
=result        ok
=elapsed       0.112258
=case          ejabberd_SUITE:muc_nick_change_slave
=logfile       ejabberd_suite.muc_nick_change_slave.19682.html
=started       2024-08-23 19:00:34
=ended         2024-08-23 19:00:35
=result        ok
=elapsed       0.109609
=case          ejabberd_SUITE:end_per_group
=logfile       ejabberd_suite.end_per_group.19810.html
=group_props   [{name,muc_nick_change},parallel]
=started       2024-08-23 19:00:35
=ended         2024-08-23 19:00:35
=result        ok
=elapsed       3.0e-6
=group_time    0.171s
=case          ejabberd_SUITE:init_per_group
=logfile       ejabberd_suite.init_per_group.19842.html
=group_props   [{name,muc_config_title_desc},parallel]
=started       2024-08-23 19:00:35
=ended         2024-08-23 19:00:35
=result        ok
=elapsed       3.0e-6
=case          ejabberd_SUITE:muc_config_title_desc_master
=logfile       ejabberd_suite.muc_config_title_desc_master.19874.html
=started       2024-08-23 19:00:35
=ended         2024-08-23 19:00:35
=result        ok
=elapsed       0.114133
=case          ejabberd_SUITE:muc_config_title_desc_slave
=logfile       ejabberd_suite.muc_config_title_desc_slave.19906.html
=started       2024-08-23 19:00:35
=ended         2024-08-23 19:00:35
=result        ok
=elapsed       0.110893
=case          ejabberd_SUITE:end_per_group
=logfile       ejabberd_suite.end_per_group.19970.html
=group_props   [{name,muc_config_title_desc},parallel]
=started       2024-08-23 19:00:35
=ended         2024-08-23 19:00:35
=result        ok
=elapsed       3.0e-6
=group_time    0.174s
=case          ejabberd_SUITE:init_per_group
=logfile       ejabberd_suite.init_per_group.20195.html
=group_props   [{name,muc_config_public_list},parallel]
=started       2024-08-23 19:00:35
=ended         2024-08-23 19:00:35
=result        ok
=elapsed       3.0e-6
=case          ejabberd_SUITE:muc_config_public_list_master
=logfile       ejabberd_suite.muc_config_public_list_master.20227.html
=started       2024-08-23 19:00:35
=ended         2024-08-23 19:00:35
=result        ok
=elapsed       0.115918
=case          ejabberd_SUITE:muc_config_public_list_slave
=logfile       ejabberd_suite.muc_config_public_list_slave.20259.html
=started       2024-08-23 19:00:35
=ended         2024-08-23 19:00:35
=result        ok
=elapsed       0.110567
=case          ejabberd_SUITE:end_per_group
=logfile       ejabberd_suite.end_per_group.20387.html
=group_props   [{name,muc_config_public_list},parallel]
=started       2024-08-23 19:00:35
=ended         2024-08-23 19:00:35
=result        ok
=elapsed       3.0e-6
=group_time    0.173s
=case          ejabberd_SUITE:init_per_group
=logfile       ejabberd_suite.init_per_group.20066.html
=group_props   [{name,muc_config_password},parallel]
=started       2024-08-23 19:00:35
=ended         2024-08-23 19:00:35
=result        ok
=elapsed       4.0e-6
=case          ejabberd_SUITE:muc_config_password_master
=logfile       ejabberd_suite.muc_config_password_master.20098.html
=started       2024-08-23 19:00:35
=ended         2024-08-23 19:00:35
=result        ok
=elapsed       0.114412
=case          ejabberd_SUITE:muc_config_password_slave
=logfile       ejabberd_suite.muc_config_password_slave.20130.html
=started       2024-08-23 19:00:35
=ended         2024-08-23 19:00:35
=result        ok
=elapsed       0.111693
=case          ejabberd_SUITE:end_per_group
=logfile       ejabberd_suite.end_per_group.20194.html
=group_props   [{name,muc_config_password},parallel]
=started       2024-08-23 19:00:35
=ended         2024-08-23 19:00:35
=result        ok
=elapsed       7.0e-6
=group_time    0.174s
=case          ejabberd_SUITE:init_per_group
=logfile       ejabberd_suite.init_per_group.20226.html
=group_props   [{name,muc_config_whois},parallel]
=started       2024-08-23 19:00:35
=ended         2024-08-23 19:00:35
=result        ok
=elapsed       4.0e-6
=case          ejabberd_SUITE:muc_config_whois_master
=logfile       ejabberd_suite.muc_config_whois_master.20258.html
=started       2024-08-23 19:00:35
=ended         2024-08-23 19:00:35
=result        ok
=elapsed       0.115331
=case          ejabberd_SUITE:muc_config_whois_slave
=logfile       ejabberd_suite.muc_config_whois_slave.20290.html
=started       2024-08-23 19:00:35
=ended         2024-08-23 19:00:35
=result        ok
=elapsed       0.112654
=case          ejabberd_SUITE:end_per_group
=logfile       ejabberd_suite.end_per_group.20354.html
=group_props   [{name,muc_config_whois},parallel]
=started       2024-08-23 19:00:35
=ended         2024-08-23 19:00:35
=result        ok
=elapsed       1.0e-5
=group_time    0.174s
=case          ejabberd_SUITE:init_per_group
=logfile       ejabberd_suite.init_per_group.13156.html
=group_props   [{name,muc_config_members_only},parallel]
=started       2024-08-23 19:00:35
=ended         2024-08-23 19:00:35
=result        ok
=elapsed       4.0e-6
=case          ejabberd_SUITE:muc_config_members_only_master
=logfile       ejabberd_suite.muc_config_members_only_master.13188.html
=started       2024-08-23 19:00:35
=ended         2024-08-23 19:00:36
=result        ok
=elapsed       0.118172
=case          ejabberd_SUITE:muc_config_members_only_slave
=logfile       ejabberd_suite.muc_config_members_only_slave.13220.html
=started       2024-08-23 19:00:35
=ended         2024-08-23 19:00:36
=result        ok
=elapsed       0.114435
=case          ejabberd_SUITE:end_per_group
=logfile       ejabberd_suite.end_per_group.13316.html
=group_props   [{name,muc_config_members_only},parallel]
=started       2024-08-23 19:00:36
=ended         2024-08-23 19:00:36
=result        ok
=elapsed       3.0e-6
=group_time    0.179s
=case          ejabberd_SUITE:init_per_group
=logfile       ejabberd_suite.init_per_group.13348.html
=group_props   [{name,muc_config_moderated},parallel]
=started       2024-08-23 19:00:36
=ended         2024-08-23 19:00:36
=result        ok
=elapsed       3.0e-6
=case          ejabberd_SUITE:muc_config_moderated_master
=logfile       ejabberd_suite.muc_config_moderated_master.13380.html
=started       2024-08-23 19:00:36
=ended         2024-08-23 19:00:36
=result        ok
=elapsed       0.115983
=case          ejabberd_SUITE:muc_config_moderated_slave
=logfile       ejabberd_suite.muc_config_moderated_slave.20418.html
=started       2024-08-23 19:00:36
=ended         2024-08-23 19:00:36
=result        ok
=elapsed       0.111253
=case          ejabberd_SUITE:end_per_group
=logfile       ejabberd_suite.end_per_group.20514.html
=group_props   [{name,muc_config_moderated},parallel]
=started       2024-08-23 19:00:36
=ended         2024-08-23 19:00:36
=result        ok
=elapsed       2.0e-6
=group_time    0.172s
=case          ejabberd_SUITE:init_per_group
=logfile       ejabberd_suite.init_per_group.20546.html
=group_props   [{name,muc_config_private_messages},parallel]
=started       2024-08-23 19:00:36
=ended         2024-08-23 19:00:36
=result        ok
=elapsed       3.0e-6
=case          ejabberd_SUITE:muc_config_private_messages_master
=logfile       ejabberd_suite.muc_config_private_messages_master.20578.html
=started       2024-08-23 19:00:36
=ended         2024-08-23 19:00:36
=result        ok
=elapsed       0.119642
=case          ejabberd_SUITE:muc_config_private_messages_slave
=logfile       ejabberd_suite.muc_config_private_messages_slave.20610.html
=started       2024-08-23 19:00:36
=ended         2024-08-23 19:00:36
=result        ok
=elapsed       0.115709
=case          ejabberd_SUITE:end_per_group
=logfile       ejabberd_suite.end_per_group.20770.html
=group_props   [{name,muc_config_private_messages},parallel]
=started       2024-08-23 19:00:36
=ended         2024-08-23 19:00:36
=result        ok
=elapsed       3.0e-6
=group_time    0.177s
=case          ejabberd_SUITE:init_per_group
=logfile       ejabberd_suite.init_per_group.20802.html
=group_props   [{name,muc_config_query},parallel]
=started       2024-08-23 19:00:36
=ended         2024-08-23 19:00:36
=result        ok
=elapsed       4.0e-6
=case          ejabberd_SUITE:muc_config_query_master
=logfile       ejabberd_suite.muc_config_query_master.20834.html
=started       2024-08-23 19:00:36
=ended         2024-08-23 19:00:36
=result        ok
=elapsed       0.15521
=case          ejabberd_SUITE:muc_config_query_slave
=logfile       ejabberd_suite.muc_config_query_slave.20866.html
=started       2024-08-23 19:00:36
=ended         2024-08-23 19:00:36
=result        ok
=elapsed       0.152412
=case          ejabberd_SUITE:end_per_group
=logfile       ejabberd_suite.end_per_group.20930.html
=group_props   [{name,muc_config_query},parallel]
=started       2024-08-23 19:00:36
=ended         2024-08-23 19:00:36
=result        ok
=elapsed       2.0e-6
=group_time    0.212s
=case          ejabberd_SUITE:init_per_group
=logfile       ejabberd_suite.init_per_group.20962.html
=group_props   [{name,muc_config_allow_invites},parallel]
=started       2024-08-23 19:00:36
=ended         2024-08-23 19:00:36
=result        ok
=elapsed       3.0e-6
=case          ejabberd_SUITE:muc_config_allow_invites_master
=logfile       ejabberd_suite.muc_config_allow_invites_master.20994.html
=started       2024-08-23 19:00:36
=ended         2024-08-23 19:00:36
=result        ok
=elapsed       0.114812
=case          ejabberd_SUITE:muc_config_allow_invites_slave
=logfile       ejabberd_suite.muc_config_allow_invites_slave.21026.html
=started       2024-08-23 19:00:36
=ended         2024-08-23 19:00:36
=result        ok
=elapsed       0.112194
=case          ejabberd_SUITE:end_per_group
=logfile       ejabberd_suite.end_per_group.21154.html
=group_props   [{name,muc_config_allow_invites},parallel]
=started       2024-08-23 19:00:36
=ended         2024-08-23 19:00:36
=result        ok
=elapsed       3.0e-6
=group_time    0.172s
=case          ejabberd_SUITE:init_per_group
=logfile       ejabberd_suite.init_per_group.21186.html
=group_props   [{name,muc_config_visitor_status},parallel]
=started       2024-08-23 19:00:36
=ended         2024-08-23 19:00:36
=result        ok
=elapsed       3.0e-6
=case          ejabberd_SUITE:muc_config_visitor_status_master
=logfile       ejabberd_suite.muc_config_visitor_status_master.21218.html
=started       2024-08-23 19:00:36
=ended         2024-08-23 19:00:37
=result        ok
=elapsed       0.114391
=case          ejabberd_SUITE:muc_config_visitor_status_slave
=logfile       ejabberd_suite.muc_config_visitor_status_slave.21250.html
=started       2024-08-23 19:00:36
=ended         2024-08-23 19:00:37
=result        ok
=elapsed       0.11068
=case          ejabberd_SUITE:end_per_group
=logfile       ejabberd_suite.end_per_group.21346.html
=group_props   [{name,muc_config_visitor_status},parallel]
=started       2024-08-23 19:00:37
=ended         2024-08-23 19:00:37
=result        ok
=elapsed       1.0e-5
=group_time    0.172s
=case          ejabberd_SUITE:init_per_group
=logfile       ejabberd_suite.init_per_group.21378.html
=group_props   [{name,muc_config_allow_voice_requests},parallel]
=started       2024-08-23 19:00:37
=ended         2024-08-23 19:00:37
=result        ok
=elapsed       4.0e-6
=case          ejabberd_SUITE:muc_config_allow_voice_requests_master
=logfile       ejabberd_suite.muc_config_allow_voice_requests_master.21410.html
=started       2024-08-23 19:00:37
=ended         2024-08-23 19:00:37
=result        ok
=elapsed       0.11345
=case          ejabberd_SUITE:muc_config_allow_voice_requests_slave
=logfile       ejabberd_suite.muc_config_allow_voice_requests_slave.21442.html
=started       2024-08-23 19:00:37
=ended         2024-08-23 19:00:37
=result        ok
=elapsed       0.112054
=case          ejabberd_SUITE:end_per_group
=logfile       ejabberd_suite.end_per_group.21538.html
=group_props   [{name,muc_config_allow_voice_requests},parallel]
=started       2024-08-23 19:00:37
=ended         2024-08-23 19:00:37
=result        ok
=elapsed       3.0e-6
=group_time    0.174s
=case          ejabberd_SUITE:init_per_group
=logfile       ejabberd_suite.init_per_group.21570.html
=group_props   [{name,muc_config_voice_request_interval},parallel]
=started       2024-08-23 19:00:37
=ended         2024-08-23 19:00:37
=result        ok
=elapsed       4.0e-6
=case          ejabberd_SUITE:muc_config_voice_request_interval_master
=logfile       ejabberd_suite.muc_config_voice_request_interval_master.21602.html
=started       2024-08-23 19:00:37
=ended         2024-08-23 19:00:42
=result        ok
=elapsed       5.200398
=case          ejabberd_SUITE:muc_config_voice_request_interval_slave
=logfile       ejabberd_suite.muc_config_voice_request_interval_slave.21634.html
=started       2024-08-23 19:00:37
=ended         2024-08-23 19:00:42
=result        ok
=elapsed       5.197845
=case          ejabberd_SUITE:end_per_group
=logfile       ejabberd_suite.end_per_group.21666.html
=group_props   [{name,muc_config_voice_request_interval},parallel]
=started       2024-08-23 19:00:42
=ended         2024-08-23 19:00:42
=result        ok
=elapsed       4.0e-6
=group_time    5.260s
=case          ejabberd_SUITE:init_per_group
=logfile       ejabberd_suite.init_per_group.21698.html
=group_props   [{name,muc_config_visitor_nickchange},parallel]
=started       2024-08-23 19:00:42
=ended         2024-08-23 19:00:42
=result        ok
=elapsed       3.0e-6
=case          ejabberd_SUITE:muc_config_visitor_nickchange_master
=logfile       ejabberd_suite.muc_config_visitor_nickchange_master.21730.html
=started       2024-08-23 19:00:42
=ended         2024-08-23 19:00:42
=result        ok
=elapsed       0.113709
=case          ejabberd_SUITE:muc_config_visitor_nickchange_slave
=logfile       ejabberd_suite.muc_config_visitor_nickchange_slave.21762.html
=started       2024-08-23 19:00:42
=ended         2024-08-23 19:00:42
=result        ok
=elapsed       0.110909
=case          ejabberd_SUITE:end_per_group
=logfile       ejabberd_suite.end_per_group.21826.html
=group_props   [{name,muc_config_visitor_nickchange},parallel]
=started       2024-08-23 19:00:42
=ended         2024-08-23 19:00:42
=result        ok
=elapsed       7.0e-6
=group_time    0.172s
=case          ejabberd_SUITE:init_per_group
=logfile       ejabberd_suite.init_per_group.13604.html
=group_props   [{name,muc_join_conflict},parallel]
=started       2024-08-23 19:00:42
=ended         2024-08-23 19:00:42
=result        ok
=elapsed       3.0e-6
=case          ejabberd_SUITE:muc_join_conflict_master
=logfile       ejabberd_suite.muc_join_conflict_master.13636.html
=started       2024-08-23 19:00:42
=ended         2024-08-23 19:00:43
=result        ok
=elapsed       0.108339
=case          ejabberd_SUITE:muc_join_conflict_slave
=logfile       ejabberd_suite.muc_join_conflict_slave.20963.html
=started       2024-08-23 19:00:42
=ended         2024-08-23 19:00:43
=result        ok
=elapsed       0.107067
=case          ejabberd_SUITE:end_per_group
=logfile       ejabberd_suite.end_per_group.21059.html
=group_props   [{name,muc_join_conflict},parallel]
=started       2024-08-23 19:00:43
=ended         2024-08-23 19:00:43
=result        ok
=elapsed       2.0e-6
=group_time    0.167s
=case          ejabberd_SUITE:end_per_group
=logfile       ejabberd_suite.end_per_group.21091.html
=group_props   [{name,muc_master_slave},sequence]
=started       2024-08-23 19:00:43
=ended         2024-08-23 19:00:43
=result        ok
=elapsed       1.1e-5
=group_time    11.050s
=case          ejabberd_SUITE:init_per_group
=logfile       ejabberd_suite.init_per_group.21123.html
=group_props   [{name,privacy_master_slave},sequence]
=started       2024-08-23 19:00:43
=ended         2024-08-23 19:00:43
=result        ok
=elapsed       5.0e-6
=case          ejabberd_SUITE:init_per_group
=logfile       ejabberd_suite.init_per_group.21155.html
=group_props   [{name,privacy_deny_bare_jid},parallel]
=started       2024-08-23 19:00:43
=ended         2024-08-23 19:00:43
=result        ok
=elapsed       3.0e-6
=case          ejabberd_SUITE:privacy_deny_bare_jid_master
=logfile       ejabberd_suite.privacy_deny_bare_jid_master.21187.html
=started       2024-08-23 19:00:43
=ended         2024-08-23 19:00:44
=result        ok
=elapsed       1.119166
=case          ejabberd_SUITE:privacy_deny_bare_jid_slave
=logfile       ejabberd_suite.privacy_deny_bare_jid_slave.21219.html
=started       2024-08-23 19:00:43
=ended         2024-08-23 19:00:44
=result        ok
=elapsed       1.116238
=case          ejabberd_SUITE:end_per_group
=logfile       ejabberd_suite.end_per_group.21251.html
=group_props   [{name,privacy_deny_bare_jid},parallel]
=started       2024-08-23 19:00:44
=ended         2024-08-23 19:00:44
=result        ok
=elapsed       3.0e-6
=group_time    1.178s
=case          ejabberd_SUITE:init_per_group
=logfile       ejabberd_suite.init_per_group.21283.html
=group_props   [{name,privacy_deny_full_jid},parallel]
=started       2024-08-23 19:00:44
=ended         2024-08-23 19:00:44
=result        ok
=elapsed       4.0e-6
=case          ejabberd_SUITE:privacy_deny_full_jid_master
=logfile       ejabberd_suite.privacy_deny_full_jid_master.21315.html
=started       2024-08-23 19:00:44
=ended         2024-08-23 19:00:45
=result        ok
=elapsed       1.124827
=case          ejabberd_SUITE:privacy_deny_full_jid_slave
=logfile       ejabberd_suite.privacy_deny_full_jid_slave.21922.html
=started       2024-08-23 19:00:44
=ended         2024-08-23 19:00:45
=result        ok
=elapsed       1.123977
=case          ejabberd_SUITE:end_per_group
=logfile       ejabberd_suite.end_per_group.22018.html
=group_props   [{name,privacy_deny_full_jid},parallel]
=started       2024-08-23 19:00:45
=ended         2024-08-23 19:00:45
=result        ok
=elapsed       3.0e-6
=group_time    1.185s
=case          ejabberd_SUITE:init_per_group
=logfile       ejabberd_suite.init_per_group.22050.html
=group_props   [{name,privacy_deny_server_bare_jid},parallel]
=started       2024-08-23 19:00:45
=ended         2024-08-23 19:00:45
=result        ok
=elapsed       3.0e-6
=case          ejabberd_SUITE:privacy_deny_server_bare_jid_master
=logfile       ejabberd_suite.privacy_deny_server_bare_jid_master.22082.html
=started       2024-08-23 19:00:45
=ended         2024-08-23 19:00:46
=result        ok
=elapsed       1.122491
=case          ejabberd_SUITE:privacy_deny_server_bare_jid_slave
=logfile       ejabberd_suite.privacy_deny_server_bare_jid_slave.22114.html
=started       2024-08-23 19:00:45
=ended         2024-08-23 19:00:46
=result        ok
=elapsed       1.121585
=case          ejabberd_SUITE:end_per_group
=logfile       ejabberd_suite.end_per_group.21507.html
=group_props   [{name,privacy_deny_server_bare_jid},parallel]
=started       2024-08-23 19:00:46
=ended         2024-08-23 19:00:46
=result        ok
=elapsed       2.0e-6
=group_time    1.183s
=case          ejabberd_SUITE:init_per_group
=logfile       ejabberd_suite.init_per_group.21539.html
=group_props   [{name,privacy_deny_server_full_jid},parallel]
=started       2024-08-23 19:00:46
=ended         2024-08-23 19:00:46
=result        ok
=elapsed       3.0e-6
=case          ejabberd_SUITE:privacy_deny_server_full_jid_master
=logfile       ejabberd_suite.privacy_deny_server_full_jid_master.21571.html
=started       2024-08-23 19:00:46
=ended         2024-08-23 19:00:47
=result        ok
=elapsed       1.123166
=case          ejabberd_SUITE:privacy_deny_server_full_jid_slave
=logfile       ejabberd_suite.privacy_deny_server_full_jid_slave.21603.html
=started       2024-08-23 19:00:46
=ended         2024-08-23 19:00:47
=result        ok
=elapsed       1.122284
=case          ejabberd_SUITE:end_per_group
=logfile       ejabberd_suite.end_per_group.22146.html
=group_props   [{name,privacy_deny_server_full_jid},parallel]
=started       2024-08-23 19:00:47
=ended         2024-08-23 19:00:47
=result        ok
=elapsed       4.0e-6
=group_time    1.185s
=case          ejabberd_SUITE:init_per_group
=logfile       ejabberd_suite.init_per_group.22178.html
=group_props   [{name,privacy_deny_group},parallel]
=started       2024-08-23 19:00:47
=ended         2024-08-23 19:00:47
=result        ok
=elapsed       3.0e-6
=case          ejabberd_SUITE:privacy_deny_group_master
=logfile       ejabberd_suite.privacy_deny_group_master.22210.html
=started       2024-08-23 19:00:47
=ended         2024-08-23 19:00:49
=result        ok
=elapsed       1.12703
=case          ejabberd_SUITE:privacy_deny_group_slave
=logfile       ejabberd_suite.privacy_deny_group_slave.22242.html
=started       2024-08-23 19:00:47
=ended         2024-08-23 19:00:49
=result        ok
=elapsed       1.126073
=case          ejabberd_SUITE:end_per_group
=logfile       ejabberd_suite.end_per_group.22306.html
=group_props   [{name,privacy_deny_group},parallel]
=started       2024-08-23 19:00:49
=ended         2024-08-23 19:00:49
=result        ok
=elapsed       1.1e-5
=group_time    1.188s
=case          ejabberd_SUITE:init_per_group
=logfile       ejabberd_suite.init_per_group.22338.html
=group_props   [{name,privacy_deny_sub_both},parallel]
=started       2024-08-23 19:00:49
=ended         2024-08-23 19:00:49
=result        ok
=elapsed       4.0e-6
=case          ejabberd_SUITE:privacy_deny_sub_both_master
=logfile       ejabberd_suite.privacy_deny_sub_both_master.22370.html
=started       2024-08-23 19:00:49
=ended         2024-08-23 19:00:50
=result        ok
=elapsed       1.119213
=case          ejabberd_SUITE:privacy_deny_sub_both_slave
=logfile       ejabberd_suite.privacy_deny_sub_both_slave.22402.html
=started       2024-08-23 19:00:49
=ended         2024-08-23 19:00:50
=result        ok
=elapsed       1.118254
=case          ejabberd_SUITE:end_per_group
=logfile       ejabberd_suite.end_per_group.22594.html
=group_props   [{name,privacy_deny_sub_both},parallel]
=started       2024-08-23 19:00:50
=ended         2024-08-23 19:00:50
=result        ok
=elapsed       3.0e-6
=group_time    1.181s
=case          ejabberd_SUITE:init_per_group
=logfile       ejabberd_suite.init_per_group.22626.html
=group_props   [{name,privacy_deny_sub_from},parallel]
=started       2024-08-23 19:00:50
=ended         2024-08-23 19:00:50
=result        ok
=elapsed       3.0e-6
=case          ejabberd_SUITE:privacy_deny_sub_from_master
=logfile       ejabberd_suite.privacy_deny_sub_from_master.22658.html
=started       2024-08-23 19:00:50
=ended         2024-08-23 19:00:51
=result        ok
=elapsed       1.121531
=case          ejabberd_SUITE:privacy_deny_sub_from_slave
=logfile       ejabberd_suite.privacy_deny_sub_from_slave.21859.html
=started       2024-08-23 19:00:50
=ended         2024-08-23 19:00:51
=result        ok
=elapsed       1.122249
=case          ejabberd_SUITE:end_per_group
=logfile       ejabberd_suite.end_per_group.3397.html
=group_props   [{name,privacy_deny_sub_from},parallel]
=started       2024-08-23 19:00:51
=ended         2024-08-23 19:00:51
=result        ok
=elapsed       3.0e-6
=group_time    1.182s
=case          ejabberd_SUITE:init_per_group
=logfile       ejabberd_suite.init_per_group.3429.html
=group_props   [{name,privacy_deny_sub_to},parallel]
=started       2024-08-23 19:00:51
=ended         2024-08-23 19:00:51
=result        ok
=elapsed       3.0e-6
=case          ejabberd_SUITE:privacy_deny_sub_to_master
=logfile       ejabberd_suite.privacy_deny_sub_to_master.3461.html
=started       2024-08-23 19:00:51
=ended         2024-08-23 19:00:52
=result        ok
=elapsed       1.120408
=case          ejabberd_SUITE:privacy_deny_sub_to_slave
=logfile       ejabberd_suite.privacy_deny_sub_to_slave.22690.html
=started       2024-08-23 19:00:51
=ended         2024-08-23 19:00:52
=result        ok
=elapsed       1.121283
=case          ejabberd_SUITE:end_per_group
=logfile       ejabberd_suite.end_per_group.14180.html
=group_props   [{name,privacy_deny_sub_to},parallel]
=started       2024-08-23 19:00:52
=ended         2024-08-23 19:00:52
=result        ok
=elapsed       6.0e-6
=group_time    1.182s
=case          ejabberd_SUITE:init_per_group
=logfile       ejabberd_suite.init_per_group.14212.html
=group_props   [{name,privacy_deny_sub_none},parallel]
=started       2024-08-23 19:00:52
=ended         2024-08-23 19:00:52
=result        ok
=elapsed       3.0e-6
=case          ejabberd_SUITE:privacy_deny_sub_none_master
=logfile       ejabberd_suite.privacy_deny_sub_none_master.14244.html
=started       2024-08-23 19:00:52
=ended         2024-08-23 19:00:53
=result        ok
=elapsed       1.126894
=case          ejabberd_SUITE:privacy_deny_sub_none_slave
=logfile       ejabberd_suite.privacy_deny_sub_none_slave.22786.html
=started       2024-08-23 19:00:52
=ended         2024-08-23 19:00:53
=result        ok
=elapsed       1.125948
=case          ejabberd_SUITE:end_per_group
=logfile       ejabberd_suite.end_per_group.22882.html
=group_props   [{name,privacy_deny_sub_none},parallel]
=started       2024-08-23 19:00:53
=ended         2024-08-23 19:00:53
=result        ok
=elapsed       2.0e-6
=group_time    1.186s
=case          ejabberd_SUITE:init_per_group
=logfile       ejabberd_suite.init_per_group.22914.html
=group_props   [{name,privacy_deny_all},parallel]
=started       2024-08-23 19:00:53
=ended         2024-08-23 19:00:53
=result        ok
=elapsed       4.0e-6
=case          ejabberd_SUITE:privacy_deny_all_master
=logfile       ejabberd_suite.privacy_deny_all_master.22946.html
=started       2024-08-23 19:00:53
=ended         2024-08-23 19:00:55
=result        ok
=elapsed       1.12036
=case          ejabberd_SUITE:privacy_deny_all_slave
=logfile       ejabberd_suite.privacy_deny_all_slave.22978.html
=started       2024-08-23 19:00:53
=ended         2024-08-23 19:00:55
=result        ok
=elapsed       1.121213
=case          ejabberd_SUITE:end_per_group
=logfile       ejabberd_suite.end_per_group.23042.html
=group_props   [{name,privacy_deny_all},parallel]
=started       2024-08-23 19:00:55
=ended         2024-08-23 19:00:55
=result        ok
=elapsed       3.0e-6
=group_time    1.182s
=case          ejabberd_SUITE:init_per_group
=logfile       ejabberd_suite.init_per_group.14372.html
=group_props   [{name,privacy_deny_offline},parallel]
=started       2024-08-23 19:00:55
=ended         2024-08-23 19:00:55
=result        ok
=elapsed       3.0e-6
=case          ejabberd_SUITE:privacy_deny_offline_master
=logfile       ejabberd_suite.privacy_deny_offline_master.14404.html
=started       2024-08-23 19:00:55
=ended         2024-08-23 19:00:55
=result        ok
=elapsed       0.239225
=case          ejabberd_SUITE:privacy_deny_offline_slave
=logfile       ejabberd_suite.privacy_deny_offline_slave.14436.html
=started       2024-08-23 19:00:55
=ended         2024-08-23 19:00:55
=result        ok
=elapsed       0.342401
=case          ejabberd_SUITE:end_per_group
=logfile       ejabberd_suite.end_per_group.14500.html
=group_props   [{name,privacy_deny_offline},parallel]
=started       2024-08-23 19:00:55
=ended         2024-08-23 19:00:55
=result        ok
=elapsed       2.0e-6
=group_time    0.401s
=case          ejabberd_SUITE:init_per_group
=logfile       ejabberd_suite.init_per_group.14532.html
=group_props   [{name,privacy_block},parallel]
=started       2024-08-23 19:00:55
=ended         2024-08-23 19:00:55
=result        ok
=elapsed       4.0e-6
=case          ejabberd_SUITE:privacy_block_master
=logfile       ejabberd_suite.privacy_block_master.14564.html
=started       2024-08-23 19:00:55
=ended         2024-08-23 19:00:56
=result        ok
=elapsed       0.420984
=case          ejabberd_SUITE:privacy_block_slave
=logfile       ejabberd_suite.privacy_block_slave.14596.html
=started       2024-08-23 19:00:55
=ended         2024-08-23 19:00:56
=result        ok
=elapsed       0.418962
=case          ejabberd_SUITE:end_per_group
=logfile       ejabberd_suite.end_per_group.14660.html
=group_props   [{name,privacy_block},parallel]
=started       2024-08-23 19:00:56
=ended         2024-08-23 19:00:56
=result        ok
=elapsed       3.0e-6
=group_time    0.480s
=case          ejabberd_SUITE:init_per_group
=logfile       ejabberd_suite.init_per_group.23202.html
=group_props   [{name,privacy_unblock},parallel]
=started       2024-08-23 19:00:56
=ended         2024-08-23 19:00:56
=result        ok
=elapsed       4.0e-6
=case          ejabberd_SUITE:privacy_unblock_master
=logfile       ejabberd_suite.privacy_unblock_master.23234.html
=started       2024-08-23 19:00:56
=ended         2024-08-23 19:00:56
=result        ok
=elapsed       0.196674
=case          ejabberd_SUITE:privacy_unblock_slave
=logfile       ejabberd_suite.privacy_unblock_slave.23266.html
=started       2024-08-23 19:00:56
=ended         2024-08-23 19:00:56
=result        ok
=elapsed       0.19724
=case          ejabberd_SUITE:end_per_group
=logfile       ejabberd_suite.end_per_group.3717.html
=group_props   [{name,privacy_unblock},parallel]
=started       2024-08-23 19:00:56
=ended         2024-08-23 19:00:56
=result        ok
=elapsed       3.0e-6
=group_time    0.259s
=case          ejabberd_SUITE:init_per_group
=logfile       ejabberd_suite.init_per_group.22275.html
=group_props   [{name,privacy_unblock_all},parallel]
=started       2024-08-23 19:00:56
=ended         2024-08-23 19:00:56
=result        ok
=elapsed       4.0e-6
=case          ejabberd_SUITE:privacy_unblock_all_master
=logfile       ejabberd_suite.privacy_unblock_all_master.22307.html
=started       2024-08-23 19:00:56
=ended         2024-08-23 19:00:56
=result        ok
=elapsed       0.193307
=case          ejabberd_SUITE:privacy_unblock_all_slave
=logfile       ejabberd_suite.privacy_unblock_all_slave.14692.html
=started       2024-08-23 19:00:56
=ended         2024-08-23 19:00:56
=result        ok
=elapsed       0.191652
=case          ejabberd_SUITE:end_per_group
=logfile       ejabberd_suite.end_per_group.14756.html
=group_props   [{name,privacy_unblock_all},parallel]
=started       2024-08-23 19:00:56
=ended         2024-08-23 19:00:56
=result        ok
=elapsed       1.2e-5
=group_time    0.254s
=case          ejabberd_SUITE:end_per_group
=logfile       ejabberd_suite.end_per_group.14788.html
=group_props   [{name,privacy_master_slave},sequence]
=started       2024-08-23 19:00:56
=ended         2024-08-23 19:00:56
=result        ok
=elapsed       3.0e-6
=group_time    13.613s
=case          ejabberd_SUITE:init_per_group
=logfile       ejabberd_suite.init_per_group.14820.html
=group_props   [{name,pubsub_master_slave},sequence]
=started       2024-08-23 19:00:56
=ended         2024-08-23 19:00:56
=result        ok
=elapsed       4.0e-6
=case          ejabberd_SUITE:init_per_group
=logfile       ejabberd_suite.init_per_group.14852.html
=group_props   [{name,pubsub_publish},parallel]
=started       2024-08-23 19:00:56
=ended         2024-08-23 19:00:56
=result        ok
=elapsed       3.0e-6
=case          ejabberd_SUITE:pubsub_publish_master
=logfile       ejabberd_suite.pubsub_publish_master.14884.html
=started       2024-08-23 19:00:56
=ended         2024-08-23 19:00:56
=result        ok
=elapsed       0.10647
=case          ejabberd_SUITE:pubsub_publish_slave
=logfile       ejabberd_suite.pubsub_publish_slave.14916.html
=started       2024-08-23 19:00:56
=ended         2024-08-23 19:00:56
=result        ok
=elapsed       0.106012
=case          ejabberd_SUITE:end_per_group
=logfile       ejabberd_suite.end_per_group.14948.html
=group_props   [{name,pubsub_publish},parallel]
=started       2024-08-23 19:00:56
=ended         2024-08-23 19:00:56
=result        ok
=elapsed       2.0e-6
=group_time    0.166s
=case          ejabberd_SUITE:init_per_group
=logfile       ejabberd_suite.init_per_group.14980.html
=group_props   [{name,pubsub_subscriptions},parallel]
=started       2024-08-23 19:00:56
=ended         2024-08-23 19:00:56
=result        ok
=elapsed       4.0e-6
=case          ejabberd_SUITE:pubsub_subscriptions_master
=logfile       ejabberd_suite.pubsub_subscriptions_master.22403.html
=started       2024-08-23 19:00:56
=ended         2024-08-23 19:00:57
=result        ok
=elapsed       0.115586
=case          ejabberd_SUITE:pubsub_subscriptions_slave
=logfile       ejabberd_suite.pubsub_subscriptions_slave.22435.html
=started       2024-08-23 19:00:56
=ended         2024-08-23 19:00:57
=result        ok
=elapsed       0.11189
=case          ejabberd_SUITE:end_per_group
=logfile       ejabberd_suite.end_per_group.22563.html
=group_props   [{name,pubsub_subscriptions},parallel]
=started       2024-08-23 19:00:57
=ended         2024-08-23 19:00:57
=result        ok
=elapsed       6.0e-6
=group_time    0.173s
=case          ejabberd_SUITE:init_per_group
=logfile       ejabberd_suite.init_per_group.22595.html
=group_props   [{name,pubsub_affiliations},parallel]
=started       2024-08-23 19:00:57
=ended         2024-08-23 19:00:57
=result        ok
=elapsed       3.0e-6
=case          ejabberd_SUITE:pubsub_affiliations_master
=logfile       ejabberd_suite.pubsub_affiliations_master.22627.html
=started       2024-08-23 19:00:57
=ended         2024-08-23 19:00:58
=result        ok
=elapsed       1.704769
=case          ejabberd_SUITE:pubsub_affiliations_slave
=logfile       ejabberd_suite.pubsub_affiliations_slave.23330.html
=started       2024-08-23 19:00:57
=ended         2024-08-23 19:00:58
=result        ok
=elapsed       1.721562
=case          ejabberd_SUITE:end_per_group
=logfile       ejabberd_suite.end_per_group.23394.html
=group_props   [{name,pubsub_affiliations},parallel]
=started       2024-08-23 19:00:58
=ended         2024-08-23 19:00:58
=result        ok
=elapsed       3.0e-6
=group_time    1.779s
=case          ejabberd_SUITE:init_per_group
=logfile       ejabberd_suite.init_per_group.3941.html
=group_props   [{name,pubsub_authorize},parallel]
=started       2024-08-23 19:00:58
=ended         2024-08-23 19:00:58
=result        ok
=elapsed       3.0e-6
=case          ejabberd_SUITE:pubsub_authorize_master
=logfile       ejabberd_suite.pubsub_authorize_master.3973.html
=started       2024-08-23 19:00:58
=ended         2024-08-23 19:00:59
=result        ok
=elapsed       0.192861
=case          ejabberd_SUITE:pubsub_authorize_slave
=logfile       ejabberd_suite.pubsub_authorize_slave.4005.html
=started       2024-08-23 19:00:58
=ended         2024-08-23 19:00:59
=result        ok
=elapsed       0.150071
=case          ejabberd_SUITE:end_per_group
=logfile       ejabberd_suite.end_per_group.22787.html
=group_props   [{name,pubsub_authorize},parallel]
=started       2024-08-23 19:00:59
=ended         2024-08-23 19:00:59
=result        ok
=elapsed       9.0e-6
=group_time    0.252s
=case          ejabberd_SUITE:end_per_group
=logfile       ejabberd_suite.end_per_group.22819.html
=group_props   [{name,pubsub_master_slave},sequence]
=started       2024-08-23 19:00:59
=ended         2024-08-23 19:00:59
=result        ok
=elapsed       1.4e-5
=group_time    2.498s
=case          ejabberd_SUITE:init_per_group
=logfile       ejabberd_suite.init_per_group.15076.html
=group_props   [{name,roster_master_slave},sequence]
=started       2024-08-23 19:00:59
=ended         2024-08-23 19:00:59
=result        ok
=elapsed       4.0e-6
=case          ejabberd_SUITE:init_per_group
=logfile       ejabberd_suite.init_per_group.15108.html
=group_props   [{name,roster_subscribe},parallel]
=started       2024-08-23 19:00:59
=ended         2024-08-23 19:00:59
=result        ok
=elapsed       3.0e-6
=case          ejabberd_SUITE:roster_subscribe_master
=logfile       ejabberd_suite.roster_subscribe_master.15140.html
=started       2024-08-23 19:00:59
=ended         2024-08-23 19:01:11
=result        ok
=elapsed       12.459408
=case          ejabberd_SUITE:roster_subscribe_slave
=logfile       ejabberd_suite.roster_subscribe_slave.15172.html
=started       2024-08-23 19:00:59
=ended         2024-08-23 19:01:11
=result        ok
=elapsed       12.458379
=case          ejabberd_SUITE:end_per_group
=logfile       ejabberd_suite.end_per_group.4325.html
=group_props   [{name,roster_subscribe},parallel]
=started       2024-08-23 19:01:11
=ended         2024-08-23 19:01:11
=result        ok
=elapsed       6.0e-6
=group_time    12.520s
=case          ejabberd_SUITE:end_per_group
=logfile       ejabberd_suite.end_per_group.4357.html
=group_props   [{name,roster_master_slave},sequence]
=started       2024-08-23 19:01:11
=ended         2024-08-23 19:01:11
=result        ok
=elapsed       3.0e-6
=group_time    12.570s
=case          ejabberd_SUITE:init_per_group
=logfile       ejabberd_suite.init_per_group.4389.html
=group_props   [{name,offline_master_slave},sequence]
=started       2024-08-23 19:01:11
=ended         2024-08-23 19:01:11
=result        ok
=elapsed       3.0e-6
=case          ejabberd_SUITE:init_per_group
=logfile       ejabberd_suite.init_per_group.4421.html
=group_props   [{name,offline_flex},parallel]
=started       2024-08-23 19:01:11
=ended         2024-08-23 19:01:11
=result        ok
=elapsed       2.0e-6
=case          ejabberd_SUITE:offline_flex_master
=logfile       ejabberd_suite.offline_flex_master.4453.html
=started       2024-08-23 19:01:11
=ended         2024-08-23 19:01:12
=result        ok
=elapsed       0.203191
=case          ejabberd_SUITE:offline_flex_slave
=logfile       ejabberd_suite.offline_flex_slave.4485.html
=started       2024-08-23 19:01:11
=ended         2024-08-23 19:01:12
=result        ok
=elapsed       0.319468
=case          ejabberd_SUITE:end_per_group
=logfile       ejabberd_suite.end_per_group.24195.html
=group_props   [{name,offline_flex},parallel]
=started       2024-08-23 19:01:12
=ended         2024-08-23 19:01:12
=result        ok
=elapsed       3.0e-6
=group_time    0.380s
=case          ejabberd_SUITE:init_per_group
=logfile       ejabberd_suite.init_per_group.24227.html
=group_props   [{name,offline_send_all},parallel]
=started       2024-08-23 19:01:12
=ended         2024-08-23 19:01:12
=result        ok
=elapsed       3.0e-6
=case          ejabberd_SUITE:offline_send_all_master
=logfile       ejabberd_suite.offline_send_all_master.24259.html
=started       2024-08-23 19:01:12
=ended         2024-08-23 19:01:26
=result        ok
=elapsed       13.729135
=case          ejabberd_SUITE:offline_send_all_slave
=logfile       ejabberd_suite.offline_send_all_slave.24291.html
=started       2024-08-23 19:01:12
=ended         2024-08-23 19:01:26
=result        ok
=elapsed       13.870801
=case          ejabberd_SUITE:end_per_group
=logfile       ejabberd_suite.end_per_group.24866.html
=group_props   [{name,offline_send_all},parallel]
=started       2024-08-23 19:01:26
=ended         2024-08-23 19:01:26
=result        ok
=elapsed       3.0e-6
=group_time    13.927s
=case          ejabberd_SUITE:init_per_group
=logfile       ejabberd_suite.init_per_group.24898.html
=group_props   [{name,offline_from_mam},parallel]
=started       2024-08-23 19:01:26
=ended         2024-08-23 19:01:26
=result        ok
=elapsed       5.0e-6
=case          ejabberd_SUITE:offline_from_mam_master
=logfile       ejabberd_suite.offline_from_mam_master.24419.html
=started       2024-08-23 19:01:26
=ended         2024-08-23 19:01:40
=result        ok
=elapsed       13.825881
=case          ejabberd_SUITE:offline_from_mam_slave
=logfile       ejabberd_suite.offline_from_mam_slave.24930.html
=started       2024-08-23 19:01:26
=ended         2024-08-23 19:01:40
=result        ok
=elapsed       14.004461
=case          ejabberd_SUITE:end_per_group
=logfile       ejabberd_suite.end_per_group.24994.html
=group_props   [{name,offline_from_mam},parallel]
=started       2024-08-23 19:01:40
=ended         2024-08-23 19:01:40
=result        ok
=elapsed       3.0e-6
=group_time    14.064s
=case          ejabberd_SUITE:init_per_group
=logfile       ejabberd_suite.init_per_group.4517.html
=group_props   [{name,offline_mucsub_mam},parallel]
=started       2024-08-23 19:01:40
=ended         2024-08-23 19:01:40
=result        ok
=elapsed       4.0e-6
=case          ejabberd_SUITE:offline_mucsub_mam_master
=logfile       ejabberd_suite.offline_mucsub_mam_master.4549.html
=started       2024-08-23 19:01:40
=ended         2024-08-23 19:01:40
=result        ok
=elapsed       0.225723
=case          ejabberd_SUITE:offline_mucsub_mam_slave
=logfile       ejabberd_suite.offline_mucsub_mam_slave.24515.html
=started       2024-08-23 19:01:40
=ended         2024-08-23 19:01:40
=result        ok
=elapsed       0.223449
=case          ejabberd_SUITE:end_per_group
=logfile       ejabberd_suite.end_per_group.4677.html
=group_props   [{name,offline_mucsub_mam},parallel]
=started       2024-08-23 19:01:40
=ended         2024-08-23 19:01:40
=result        ok
=elapsed       3.0e-6
=group_time    0.284s
=case          ejabberd_SUITE:end_per_group
=logfile       ejabberd_suite.end_per_group.4709.html
=group_props   [{name,offline_master_slave},sequence]
=started       2024-08-23 19:01:40
=ended         2024-08-23 19:01:40
=result        ok
=elapsed       1.2e-5
=group_time    28.784s
=case          ejabberd_SUITE:init_per_group
=logfile       ejabberd_suite.init_per_group.4741.html
=group_props   [{name,mam_master_slave},sequence]
=started       2024-08-23 19:01:40
=ended         2024-08-23 19:01:40
=result        ok
=elapsed       4.0e-6
=case          ejabberd_SUITE:init_per_group
=logfile       ejabberd_suite.init_per_group.4773.html
=group_props   [{name,mam_archived_and_stanza_id},parallel]
=started       2024-08-23 19:01:40
=ended         2024-08-23 19:01:40
=result        ok
=elapsed       4.0e-6
=case          ejabberd_SUITE:mam_archived_and_stanza_id_master
=logfile       ejabberd_suite.mam_archived_and_stanza_id_master.4805.html
=started       2024-08-23 19:01:40
=ended         2024-08-23 19:01:40
=result        ok
=elapsed       0.150609
=case          ejabberd_SUITE:mam_archived_and_stanza_id_slave
=logfile       ejabberd_suite.mam_archived_and_stanza_id_slave.25090.html
=started       2024-08-23 19:01:40
=ended         2024-08-23 19:01:40
=result        ok
=elapsed       0.150834
=case          ejabberd_SUITE:end_per_group
=logfile       ejabberd_suite.end_per_group.24547.html
=group_props   [{name,mam_archived_and_stanza_id},parallel]
=started       2024-08-23 19:01:40
=ended         2024-08-23 19:01:40
=result        ok
=elapsed       3.0e-6
=group_time    0.210s
=case          ejabberd_SUITE:init_per_group
=logfile       ejabberd_suite.init_per_group.24579.html
=group_props   [{name,mam_query_all},parallel]
=started       2024-08-23 19:01:40
=ended         2024-08-23 19:01:40
=result        ok
=elapsed       3.0e-6
=case          ejabberd_SUITE:mam_query_all_master
=logfile       ejabberd_suite.mam_query_all_master.24611.html
=started       2024-08-23 19:01:40
=ended         2024-08-23 19:01:41
=result        ok
=elapsed       0.173591
=case          ejabberd_SUITE:mam_query_all_slave
=logfile       ejabberd_suite.mam_query_all_slave.24643.html
=started       2024-08-23 19:01:40
=ended         2024-08-23 19:01:41
=result        ok
=elapsed       0.176491
=case          ejabberd_SUITE:end_per_group
=logfile       ejabberd_suite.end_per_group.24739.html
=group_props   [{name,mam_query_all},parallel]
=started       2024-08-23 19:01:41
=ended         2024-08-23 19:01:41
=result        ok
=elapsed       6.0e-6
=group_time    0.235s
=case          ejabberd_SUITE:init_per_group
=logfile       ejabberd_suite.init_per_group.24771.html
=group_props   [{name,mam_query_with},parallel]
=started       2024-08-23 19:01:41
=ended         2024-08-23 19:01:41
=result        ok
=elapsed       4.0e-6
=case          ejabberd_SUITE:mam_query_with_master
=logfile       ejabberd_suite.mam_query_with_master.25186.html
=started       2024-08-23 19:01:41
=ended         2024-08-23 19:01:41
=result        ok
=elapsed       0.190618
=case          ejabberd_SUITE:mam_query_with_slave
=logfile       ejabberd_suite.mam_query_with_slave.17092.html
=started       2024-08-23 19:01:41
=ended         2024-08-23 19:01:41
=result        ok
=elapsed       0.187916
=case          ejabberd_SUITE:end_per_group
=logfile       ejabberd_suite.end_per_group.17124.html
=group_props   [{name,mam_query_with},parallel]
=started       2024-08-23 19:01:41
=ended         2024-08-23 19:01:41
=result        ok
=elapsed       3.0e-6
=group_time    0.250s
=case          ejabberd_SUITE:init_per_group
=logfile       ejabberd_suite.init_per_group.17156.html
=group_props   [{name,mam_query_rsm_max},parallel]
=started       2024-08-23 19:01:41
=ended         2024-08-23 19:01:41
=result        ok
=elapsed       3.0e-6
=case          ejabberd_SUITE:mam_query_rsm_max_master
=logfile       ejabberd_suite.mam_query_rsm_max_master.17188.html
=started       2024-08-23 19:01:41
=ended         2024-08-23 19:01:41
=result        ok
=elapsed       0.221186
=case          ejabberd_SUITE:mam_query_rsm_max_slave
=logfile       ejabberd_suite.mam_query_rsm_max_slave.17220.html
=started       2024-08-23 19:01:41
=ended         2024-08-23 19:01:41
=result        ok
=elapsed       0.237108
=case          ejabberd_SUITE:end_per_group
=logfile       ejabberd_suite.end_per_group.17284.html
=group_props   [{name,mam_query_rsm_max},parallel]
=started       2024-08-23 19:01:41
=ended         2024-08-23 19:01:41
=result        ok
=elapsed       1.3e-5
=group_time    0.296s
=case          ejabberd_SUITE:init_per_group
=logfile       ejabberd_suite.init_per_group.17316.html
=group_props   [{name,mam_query_rsm_after},parallel]
=started       2024-08-23 19:01:41
=ended         2024-08-23 19:01:41
=result        ok
=elapsed       3.0e-6
=case          ejabberd_SUITE:mam_query_rsm_after_master
=logfile       ejabberd_suite.mam_query_rsm_after_master.17348.html
=started       2024-08-23 19:01:41
=ended         2024-08-23 19:01:42
=result        ok
=elapsed       0.21215
=case          ejabberd_SUITE:mam_query_rsm_after_slave
=logfile       ejabberd_suite.mam_query_rsm_after_slave.17380.html
=started       2024-08-23 19:01:41
=ended         2024-08-23 19:01:42
=result        ok
=elapsed       0.209496
=case          ejabberd_SUITE:end_per_group
=logfile       ejabberd_suite.end_per_group.5093.html
=group_props   [{name,mam_query_rsm_after},parallel]
=started       2024-08-23 19:01:42
=ended         2024-08-23 19:01:42
=result        ok
=elapsed       3.0e-6
=group_time    0.272s
=case          ejabberd_SUITE:init_per_group
=logfile       ejabberd_suite.init_per_group.24899.html
=group_props   [{name,mam_query_rsm_before},parallel]
=started       2024-08-23 19:01:42
=ended         2024-08-23 19:01:42
=result        ok
=elapsed       3.0e-6
=case          ejabberd_SUITE:mam_query_rsm_before_master
=logfile       ejabberd_suite.mam_query_rsm_before_master.5125.html
=started       2024-08-23 19:01:42
=ended         2024-08-23 19:01:42
=result        ok
=elapsed       0.232902
=case          ejabberd_SUITE:mam_query_rsm_before_slave
=logfile       ejabberd_suite.mam_query_rsm_before_slave.5157.html
=started       2024-08-23 19:01:42
=ended         2024-08-23 19:01:42
=result        ok
=elapsed       0.224371
=case          ejabberd_SUITE:end_per_group
=logfile       ejabberd_suite.end_per_group.5317.html
=group_props   [{name,mam_query_rsm_before},parallel]
=started       2024-08-23 19:01:42
=ended         2024-08-23 19:01:42
=result        ok
=elapsed       2.0e-6
=group_time    0.292s
=case          ejabberd_SUITE:init_per_group
=logfile       ejabberd_suite.init_per_group.5349.html
=group_props   [{name,mam_muc},parallel]
=started       2024-08-23 19:01:42
=ended         2024-08-23 19:01:42
=result        ok
=elapsed       3.0e-6
=case          ejabberd_SUITE:mam_muc_master
=logfile       ejabberd_suite.mam_muc_master.5381.html
=started       2024-08-23 19:01:42
=ended         2024-08-23 19:01:42
=result        ok
=elapsed       0.146399
=case          ejabberd_SUITE:mam_muc_slave
=logfile       ejabberd_suite.mam_muc_slave.5413.html
=started       2024-08-23 19:01:42
=ended         2024-08-23 19:01:42
=result        ok
=elapsed       0.143654
=case          ejabberd_SUITE:end_per_group
=logfile       ejabberd_suite.end_per_group.5477.html
=group_props   [{name,mam_muc},parallel]
=started       2024-08-23 19:01:42
=ended         2024-08-23 19:01:42
=result        ok
=elapsed       3.0e-6
=group_time    0.206s
=case          ejabberd_SUITE:init_per_group
=logfile       ejabberd_suite.init_per_group.5509.html
=group_props   [{name,mam_mucsub},parallel]
=started       2024-08-23 19:01:42
=ended         2024-08-23 19:01:42
=result        ok
=elapsed       3.0e-6
=case          ejabberd_SUITE:mam_mucsub_master
=logfile       ejabberd_suite.mam_mucsub_master.5541.html
=started       2024-08-23 19:01:42
=ended         2024-08-23 19:01:42
=result        ok
=elapsed       0.126958
=case          ejabberd_SUITE:mam_mucsub_slave
=logfile       ejabberd_suite.mam_mucsub_slave.5573.html
=started       2024-08-23 19:01:42
=ended         2024-08-23 19:01:42
=result        ok
=elapsed       0.12715
=case          ejabberd_SUITE:end_per_group
=logfile       ejabberd_suite.end_per_group.5669.html
=group_props   [{name,mam_mucsub},parallel]
=started       2024-08-23 19:01:42
=ended         2024-08-23 19:01:42
=result        ok
=elapsed       6.0e-6
=group_time    0.186s
=case          ejabberd_SUITE:init_per_group
=logfile       ejabberd_suite.init_per_group.24963.html
=group_props   [{name,mam_mucsub_from_muc},parallel]
=started       2024-08-23 19:01:42
=ended         2024-08-23 19:01:42
=result        ok
=elapsed       3.0e-6
=case          ejabberd_SUITE:mam_mucsub_from_muc_master
=logfile       ejabberd_suite.mam_mucsub_from_muc_master.24995.html
=started       2024-08-23 19:01:42
=ended         2024-08-23 19:01:42
=result        ok
=elapsed       0.128693
=case          ejabberd_SUITE:mam_mucsub_from_muc_slave
=logfile       ejabberd_suite.mam_mucsub_from_muc_slave.5701.html
=started       2024-08-23 19:01:42
=ended         2024-08-23 19:01:42
=result        ok
=elapsed       0.126035
=case          ejabberd_SUITE:end_per_group
=logfile       ejabberd_suite.end_per_group.5829.html
=group_props   [{name,mam_mucsub_from_muc},parallel]
=started       2024-08-23 19:01:42
=ended         2024-08-23 19:01:43
=result        ok
=elapsed       3.0e-6
=group_time    0.188s
=case          ejabberd_SUITE:init_per_group
=logfile       ejabberd_suite.init_per_group.5861.html
=group_props   [{name,mam_mucsub_from_muc_non_persistent},parallel]
=started       2024-08-23 19:01:43
=ended         2024-08-23 19:01:43
=result        ok
=elapsed       4.0e-6
=case          ejabberd_SUITE:mam_mucsub_from_muc_non_persistent_master
=logfile       ejabberd_suite.mam_mucsub_from_muc_non_persistent_master.5893.html
=started       2024-08-23 19:01:43
=ended         2024-08-23 19:01:43
=result        ok
=elapsed       0.122276
=case          ejabberd_SUITE:mam_mucsub_from_muc_non_persistent_slave
=logfile       ejabberd_suite.mam_mucsub_from_muc_non_persistent_slave.5925.html
=started       2024-08-23 19:01:43
=ended         2024-08-23 19:01:43
=result        ok
=elapsed       0.122688
=case          ejabberd_SUITE:end_per_group
=logfile       ejabberd_suite.end_per_group.6021.html
=group_props   [{name,mam_mucsub_from_muc_non_persistent},parallel]
=started       2024-08-23 19:01:43
=ended         2024-08-23 19:01:43
=result        ok
=elapsed       4.0e-6
=group_time    0.184s
=case          ejabberd_SUITE:end_per_group
=logfile       ejabberd_suite.end_per_group.25474.html
=group_props   [{name,mam_master_slave},sequence]
=started       2024-08-23 19:01:43
=ended         2024-08-23 19:01:43
=result        ok
=elapsed       7.0e-6
=group_time    2.601s
=case          ejabberd_SUITE:init_per_group
=logfile       ejabberd_suite.init_per_group.25506.html
=group_props   [{name,announce_master_slave},sequence]
=started       2024-08-23 19:01:43
=ended         2024-08-23 19:01:43
=result        ok
=elapsed       6.0e-6
=case          ejabberd_SUITE:init_per_group
=logfile       ejabberd_suite.init_per_group.25538.html
=group_props   [{name,announce_set_motd},parallel]
=started       2024-08-23 19:01:43
=ended         2024-08-23 19:01:43
=result        ok
=elapsed       4.0e-6
=case          ejabberd_SUITE:announce_set_motd_master
=logfile       ejabberd_suite.announce_set_motd_master.25570.html
=started       2024-08-23 19:01:43
=ended         2024-08-23 19:01:43
=result        ok
=elapsed       0.104386
=case          ejabberd_SUITE:announce_set_motd_slave
=logfile       ejabberd_suite.announce_set_motd_slave.25602.html
=started       2024-08-23 19:01:43
=ended         2024-08-23 19:01:43
=result        ok
=elapsed       0.105629
=case          ejabberd_SUITE:end_per_group
=logfile       ejabberd_suite.end_per_group.25666.html
=group_props   [{name,announce_set_motd},parallel]
=started       2024-08-23 19:01:43
=ended         2024-08-23 19:01:43
=result        ok
=elapsed       3.0e-6
=group_time    0.167s
=case          ejabberd_SUITE:end_per_group
=logfile       ejabberd_suite.end_per_group.25698.html
=group_props   [{name,announce_master_slave},sequence]
=started       2024-08-23 19:01:43
=ended         2024-08-23 19:01:43
=result        ok
=elapsed       1.1e-5
=group_time    0.217s
=case          ejabberd_SUITE:init_per_group
=logfile       ejabberd_suite.init_per_group.25730.html
=group_props   [{name,csi_master_slave},sequence]
=started       2024-08-23 19:01:43
=ended         2024-08-23 19:01:43
=result        ok
=elapsed       4.0e-6
=case          ejabberd_SUITE:init_per_group
=logfile       ejabberd_suite.init_per_group.25762.html
=group_props   [{name,csi_all},parallel]
=started       2024-08-23 19:01:43
=ended         2024-08-23 19:01:43
=result        ok
=elapsed       4.0e-6
=case          ejabberd_SUITE:csi_all_master
=logfile       ejabberd_suite.csi_all_master.25794.html
=started       2024-08-23 19:01:43
=ended         2024-08-23 19:01:43
=result        ok
=elapsed       0.232777
=case          ejabberd_SUITE:csi_all_slave
=logfile       ejabberd_suite.csi_all_slave.6053.html
=started       2024-08-23 19:01:43
=ended         2024-08-23 19:01:43
=result        ok
=elapsed       0.232937
=case          ejabberd_SUITE:end_per_group
=logfile       ejabberd_suite.end_per_group.6117.html
=group_props   [{name,csi_all},parallel]
=started       2024-08-23 19:01:43
=ended         2024-08-23 19:01:43
=result        ok
=elapsed       5.0e-6
=group_time    0.293s
=case          ejabberd_SUITE:end_per_group
=logfile       ejabberd_suite.end_per_group.6149.html
=group_props   [{name,csi_master_slave},sequence]
=started       2024-08-23 19:01:43
=ended         2024-08-23 19:01:43
=result        ok
=elapsed       3.0e-6
=group_time    0.343s
=case          ejabberd_SUITE:init_per_group
=logfile       ejabberd_suite.init_per_group.25283.html
=group_props   [{name,push_master_slave},sequence]
=started       2024-08-23 19:01:43
=ended         2024-08-23 19:01:43
=result        ok
=elapsed       4.0e-6
=case          ejabberd_SUITE:init_per_group
=logfile       ejabberd_suite.init_per_group.25315.html
=group_props   [{name,push_sm},parallel]
=started       2024-08-23 19:01:43
=ended         2024-08-23 19:01:43
=result        ok
=elapsed       3.0e-6
=case          ejabberd_SUITE:push_sm_master
=logfile       ejabberd_suite.push_sm_master.25347.html
=started       2024-08-23 19:01:43
=ended         2024-08-23 19:01:52
=result        ok
=elapsed       8.107021
=case          ejabberd_SUITE:push_sm_slave
=logfile       ejabberd_suite.push_sm_slave.25379.html
=started       2024-08-23 19:01:43
=ended         2024-08-23 19:01:43
=result        ok
=elapsed       0.002555
=case          ejabberd_SUITE:end_per_group
=logfile       ejabberd_suite.end_per_group.25507.html
=group_props   [{name,push_sm},parallel]
=started       2024-08-23 19:01:52
=ended         2024-08-23 19:01:52
=result        ok
=elapsed       4.0e-6
=group_time    8.167s
=case          ejabberd_SUITE:init_per_group
=logfile       ejabberd_suite.init_per_group.6213.html
=group_props   [{name,push_offline},parallel]
=started       2024-08-23 19:01:52
=ended         2024-08-23 19:01:52
=result        ok
=elapsed       3.0e-6
=case          ejabberd_SUITE:push_offline_master
=logfile       ejabberd_suite.push_offline_master.6245.html
=started       2024-08-23 19:01:52
=ended         2024-08-23 19:01:52
=result        ok
=elapsed       0.253493
=case          ejabberd_SUITE:push_offline_slave
=logfile       ejabberd_suite.push_offline_slave.6277.html
=started       2024-08-23 19:01:52
=ended         2024-08-23 19:01:52
=result        ok
=elapsed       0.10485
=case          ejabberd_SUITE:end_per_group
=logfile       ejabberd_suite.end_per_group.6309.html
=group_props   [{name,push_offline},parallel]
=started       2024-08-23 19:01:52
=ended         2024-08-23 19:01:52
=result        ok
=elapsed       9.0e-6
=group_time    0.313s
=case          ejabberd_SUITE:init_per_group
=logfile       ejabberd_suite.init_per_group.25571.html
=group_props   [{name,push_mam},parallel]
=started       2024-08-23 19:01:52
=ended         2024-08-23 19:01:52
=result        ok
=elapsed       5.0e-6
=case          ejabberd_SUITE:push_mam_master
=logfile       ejabberd_suite.push_mam_master.25603.html
=started       2024-08-23 19:01:52
=ended         2024-08-23 19:01:52
=result        ok
=elapsed       0.146851
=case          ejabberd_SUITE:push_mam_slave
=logfile       ejabberd_suite.push_mam_slave.25635.html
=started       2024-08-23 19:01:52
=ended         2024-08-23 19:01:52
=result        ok
=elapsed       0.253595
=case          ejabberd_SUITE:end_per_group
=logfile       ejabberd_suite.end_per_group.25667.html
=group_props   [{name,push_mam},parallel]
=started       2024-08-23 19:01:52
=ended         2024-08-23 19:01:52
=result        ok
=elapsed       9.0e-6
=group_time    0.312s
=case          ejabberd_SUITE:end_per_group
=logfile       ejabberd_suite.end_per_group.25699.html
=group_props   [{name,push_master_slave},sequence]
=started       2024-08-23 19:01:52
=ended         2024-08-23 19:01:52
=result        ok
=elapsed       3.0e-6
=group_time    8.894s
=case          ejabberd_SUITE:end_per_group
=logfile       ejabberd_suite.end_per_group.25731.html
=group_props   [{name,redis},sequence]
=started       2024-08-23 19:01:52
=ended         2024-08-23 19:01:52
=result        ok
=elapsed       0.0
=group_time    96.958s
=case          ejabberd_SUITE:init_per_group
=logfile       ejabberd_suite.init_per_group.25763.html
=group_props   [{name,mysql},sequence]
=started       2024-08-23 19:01:52
=ended         2024-08-23 19:01:52
=result        ok
=elapsed       7.16e-4
=case          ejabberd_SUITE:init_per_group
=logfile       ejabberd_suite.init_per_group.25986.html
=group_props   [{name,single_user},sequence]
=started       2024-08-23 19:01:52
=ended         2024-08-23 19:01:52
=result        ok
=elapsed       4.0e-6
=case          ejabberd_SUITE:test_register
=logfile       ejabberd_suite.test_register.26018.html
=started       2024-08-23 19:01:52
=ended         2024-08-23 19:01:52
=result        ok
=elapsed       0.009426
=case          ejabberd_SUITE:init_per_group
=logfile       ejabberd_suite.init_per_group.26050.html
=group_props   [{name,legacy_auth},parallel]
=started       2024-08-23 19:01:52
=ended         2024-08-23 19:01:52
=result        ok
=elapsed       4.0e-6
=case          ejabberd_SUITE:test_legacy_auth_feature
=logfile       ejabberd_suite.test_legacy_auth_feature.26082.html
=started       2024-08-23 19:01:52
=ended         2024-08-23 19:01:52
=result        ok
=elapsed       8.43e-4
=case          ejabberd_SUITE:test_legacy_auth
=logfile       ejabberd_suite.test_legacy_auth.25827.html
=started       2024-08-23 19:01:52
=ended         2024-08-23 19:01:53
=result        ok
=elapsed       0.116119
=case          ejabberd_SUITE:test_legacy_auth_digest
=logfile       ejabberd_suite.test_legacy_auth_digest.25859.html
=started       2024-08-23 19:01:52
=ended         2024-08-23 19:01:53
=result        ok
=elapsed       0.112606
=case          ejabberd_SUITE:test_legacy_auth_no_resource
=logfile       ejabberd_suite.test_legacy_auth_no_resource.25891.html
=started       2024-08-23 19:01:52
=ended         2024-08-23 19:01:52
=result        ok
=elapsed       0.002054
=case          ejabberd_SUITE:test_legacy_auth_bad_jid
=logfile       ejabberd_suite.test_legacy_auth_bad_jid.25923.html
=started       2024-08-23 19:01:52
=ended         2024-08-23 19:01:52
=result        ok
=elapsed       0.002804
=case          ejabberd_SUITE:test_legacy_auth_fail
=logfile       ejabberd_suite.test_legacy_auth_fail.25955.html
=started       2024-08-23 19:01:52
=ended         2024-08-23 19:01:52
=result        ok
=elapsed       0.006827
=case          ejabberd_SUITE:end_per_group
=logfile       ejabberd_suite.end_per_group.26147.html
=group_props   [{name,legacy_auth},parallel]
=started       2024-08-23 19:01:53
=ended         2024-08-23 19:01:53
=result        ok
=elapsed       1.1e-5
=group_time    0.183s
=case          ejabberd_SUITE:auth_plain
=logfile       ejabberd_suite.auth_plain.26242.html
=started       2024-08-23 19:01:53
=ended         2024-08-23 19:01:53
=result        ok
=elapsed       0.001739
=case          ejabberd_SUITE:auth_md5
=logfile       ejabberd_suite.auth_md5.17700.html
=started       2024-08-23 19:01:53
=ended         2024-08-23 19:01:53
=result        ok
=elapsed       0.002465
=case          ejabberd_SUITE:presence_broadcast
=logfile       ejabberd_suite.presence_broadcast.17764.html
=started       2024-08-23 19:01:53
=ended         2024-08-23 19:01:53
=result        ok
=elapsed       0.21461
=case          ejabberd_SUITE:last
=logfile       ejabberd_suite.last.17796.html
=started       2024-08-23 19:01:53
=ended         2024-08-23 19:01:53
=result        ok
=elapsed       0.104705
=case          ejabberd_SUITE:init_per_group
=logfile       ejabberd_suite.init_per_group.17860.html
=group_props   [{name,webadmin_single},sequence]
=started       2024-08-23 19:01:53
=ended         2024-08-23 19:01:53
=result        ok
=elapsed       3.0e-6
=case          ejabberd_SUITE:webadmin_login_page
=logfile       ejabberd_suite.webadmin_login_page.26306.html
=started       2024-08-23 19:01:53
=ended         2024-08-23 19:01:53
=result        ok
=elapsed       4.43e-4
=case          ejabberd_SUITE:webadmin_welcome_page
=logfile       ejabberd_suite.webadmin_welcome_page.26338.html
=started       2024-08-23 19:01:53
=ended         2024-08-23 19:01:53
=result        ok
=elapsed       0.004446
=case          ejabberd_SUITE:webadmin_user_page
=logfile       ejabberd_suite.webadmin_user_page.26370.html
=started       2024-08-23 19:01:53
=ended         2024-08-23 19:01:53
=result        ok
=elapsed       0.004028
=case          ejabberd_SUITE:webadmin_adduser
=logfile       ejabberd_suite.webadmin_adduser.26402.html
=started       2024-08-23 19:01:53
=ended         2024-08-23 19:01:53
=result        ok
=elapsed       0.009
=case          ejabberd_SUITE:webadmin_changepassword
=logfile       ejabberd_suite.webadmin_changepassword.26434.html
=started       2024-08-23 19:01:53
=ended         2024-08-23 19:01:53
=result        ok
=elapsed       0.004965
=case          ejabberd_SUITE:webadmin_removeuser
=logfile       ejabberd_suite.webadmin_removeuser.26466.html
=started       2024-08-23 19:01:53
=ended         2024-08-23 19:01:53
=result        ok
=elapsed       0.01143
=case          ejabberd_SUITE:end_per_group
=logfile       ejabberd_suite.end_per_group.6469.html
=group_props   [{name,webadmin_single},sequence]
=started       2024-08-23 19:01:53
=ended         2024-08-23 19:01:53
=result        ok
=elapsed       1.0e-5
=group_time    0.215s
=case          ejabberd_SUITE:init_per_group
=logfile       ejabberd_suite.init_per_group.26498.html
=group_props   [{name,roster_single},sequence]
=started       2024-08-23 19:01:53
=ended         2024-08-23 19:01:53
=result        ok
=elapsed       2.0e-6
=case          ejabberd_SUITE:roster_feature_enabled
=logfile       ejabberd_suite.roster_feature_enabled.26530.html
=started       2024-08-23 19:01:53
=ended         2024-08-23 19:01:53
=result        ok
=elapsed       0.104036
=case          ejabberd_SUITE:roster_iq_set_many_items
=logfile       ejabberd_suite.roster_iq_set_many_items.26594.html
=started       2024-08-23 19:01:53
=ended         2024-08-23 19:01:54
=result        ok
=elapsed       0.103624
=case          ejabberd_SUITE:roster_iq_set_duplicated_groups
=logfile       ejabberd_suite.roster_iq_set_duplicated_groups.26658.html
=started       2024-08-23 19:01:54
=ended         2024-08-23 19:01:54
=result        ok
=elapsed       0.104315
=case          ejabberd_SUITE:roster_iq_get_item
=logfile       ejabberd_suite.roster_iq_get_item.26722.html
=started       2024-08-23 19:01:54
=ended         2024-08-23 19:01:54
=result        ok
=elapsed       0.10383
=case          ejabberd_SUITE:roster_iq_unexpected_element
=logfile       ejabberd_suite.roster_iq_unexpected_element.6565.html
=started       2024-08-23 19:01:54
=ended         2024-08-23 19:01:54
=result        ok
=elapsed       0.103647
=case          ejabberd_SUITE:roster_iq_set_ask
=logfile       ejabberd_suite.roster_iq_set_ask.6661.html
=started       2024-08-23 19:01:54
=ended         2024-08-23 19:01:54
=result        ok
=elapsed       0.104052
=case          ejabberd_SUITE:roster_set_item
=logfile       ejabberd_suite.roster_set_item.6725.html
=started       2024-08-23 19:01:54
=ended         2024-08-23 19:01:55
=result        ok
=elapsed       0.344559
=case          ejabberd_SUITE:roster_version
=logfile       ejabberd_suite.roster_version.6821.html
=started       2024-08-23 19:01:55
=ended         2024-08-23 19:01:55
=result        ok
=elapsed       0.156756
=case          ejabberd_SUITE:end_per_group
=logfile       ejabberd_suite.end_per_group.6885.html
=group_props   [{name,roster_single},sequence]
=started       2024-08-23 19:01:55
=ended         2024-08-23 19:01:55
=result        ok
=elapsed       4.0e-6
=group_time    1.410s
=case          ejabberd_SUITE:init_per_group
=logfile       ejabberd_suite.init_per_group.6917.html
=group_props   [{name,private_single},sequence]
=started       2024-08-23 19:01:55
=ended         2024-08-23 19:01:55
=result        ok
=elapsed       3.0e-6
=case          ejabberd_SUITE:private_test_features
=logfile       ejabberd_suite.private_test_features.6949.html
=started       2024-08-23 19:01:55
=ended         2024-08-23 19:01:55
=result        ok
=elapsed       0.10429
=case          ejabberd_SUITE:private_test_no_namespace
=logfile       ejabberd_suite.private_test_no_namespace.7045.html
=started       2024-08-23 19:01:55
=ended         2024-08-23 19:01:55
=result        ok
=elapsed       0.104128
=case          ejabberd_SUITE:private_test_set_get
=logfile       ejabberd_suite.private_test_set_get.7077.html
=started       2024-08-23 19:01:55
=ended         2024-08-23 19:01:55
=result        ok
=elapsed       0.154663
=case          ejabberd_SUITE:private_test_published
=logfile       ejabberd_suite.private_test_published.7109.html
=started       2024-08-23 19:01:55
=ended         2024-08-23 19:01:55
=result        ok
=elapsed       0.112424
=case          ejabberd_SUITE:end_per_group
=logfile       ejabberd_suite.end_per_group.7205.html
=group_props   [{name,private_single},sequence]
=started       2024-08-23 19:01:55
=ended         2024-08-23 19:01:55
=result        ok
=elapsed       3.0e-6
=group_time    0.629s
=case          ejabberd_SUITE:init_per_group
=logfile       ejabberd_suite.init_per_group.7237.html
=group_props   [{name,privacy_single},sequence]
=started       2024-08-23 19:01:55
=ended         2024-08-23 19:01:55
=result        ok
=elapsed       4.0e-6
=case          ejabberd_SUITE:privacy_feature_enabled
=logfile       ejabberd_suite.privacy_feature_enabled.27170.html
=started       2024-08-23 19:01:55
=ended         2024-08-23 19:01:56
=result        ok
=elapsed       0.105314
=case          ejabberd_SUITE:privacy_set_get_list
=logfile       ejabberd_suite.privacy_set_get_list.27266.html
=started       2024-08-23 19:01:56
=ended         2024-08-23 19:01:56
=result        ok
=elapsed       0.152806
=case          ejabberd_SUITE:privacy_get_list_non_existent
=logfile       ejabberd_suite.privacy_get_list_non_existent.27330.html
=started       2024-08-23 19:01:56
=ended         2024-08-23 19:01:56
=result        ok
=elapsed       0.10405
=case          ejabberd_SUITE:privacy_get_empty_lists
=logfile       ejabberd_suite.privacy_get_empty_lists.27426.html
=started       2024-08-23 19:01:56
=ended         2024-08-23 19:01:56
=result        ok
=elapsed       0.104095
=case          ejabberd_SUITE:privacy_set_default
=logfile       ejabberd_suite.privacy_set_default.27522.html
=started       2024-08-23 19:01:56
=ended         2024-08-23 19:01:56
=result        ok
=elapsed       0.154187
=case          ejabberd_SUITE:privacy_del_default
=logfile       ejabberd_suite.privacy_del_default.27586.html
=started       2024-08-23 19:01:56
=ended         2024-08-23 19:01:56
=result        ok
=elapsed       0.158058
=case          ejabberd_SUITE:privacy_set_default_non_existent
=logfile       ejabberd_suite.privacy_set_default_non_existent.27682.html
=started       2024-08-23 19:01:56
=ended         2024-08-23 19:01:57
=result        ok
=elapsed       0.104323
=case          ejabberd_SUITE:privacy_set_active
=logfile       ejabberd_suite.privacy_set_active.27778.html
=started       2024-08-23 19:01:57
=ended         2024-08-23 19:01:57
=result        ok
=elapsed       0.153154
=case          ejabberd_SUITE:privacy_del_active
=logfile       ejabberd_suite.privacy_del_active.27810.html
=started       2024-08-23 19:01:57
=ended         2024-08-23 19:01:57
=result        ok
=elapsed       0.1524
=case          ejabberd_SUITE:privacy_set_active_non_existent
=logfile       ejabberd_suite.privacy_set_active_non_existent.27874.html
=started       2024-08-23 19:01:57
=ended         2024-08-23 19:01:57
=result        ok
=elapsed       0.104047
=case          ejabberd_SUITE:privacy_remove_list
=logfile       ejabberd_suite.privacy_remove_list.26339.html
=started       2024-08-23 19:01:57
=ended         2024-08-23 19:01:57
=result        ok
=elapsed       0.15393
=case          ejabberd_SUITE:privacy_remove_default_list
=logfile       ejabberd_suite.privacy_remove_default_list.26403.html
=started       2024-08-23 19:01:57
=ended         2024-08-23 19:01:57
=result        ok
=elapsed       0.155778
=case          ejabberd_SUITE:privacy_remove_active_list
=logfile       ejabberd_suite.privacy_remove_active_list.26499.html
=started       2024-08-23 19:01:57
=ended         2024-08-23 19:01:58
=result        ok
=elapsed       0.150996
=case          ejabberd_SUITE:privacy_remove_list_non_existent
=logfile       ejabberd_suite.privacy_remove_list_non_existent.26595.html
=started       2024-08-23 19:01:58
=ended         2024-08-23 19:01:58
=result        ok
=elapsed       0.105259
=case          ejabberd_SUITE:privacy_allow_local_server
=logfile       ejabberd_suite.privacy_allow_local_server.27970.html
=started       2024-08-23 19:01:58
=ended         2024-08-23 19:01:58
=result        ok
=elapsed       0.197083
=case          ejabberd_SUITE:privacy_malformed_iq_query
=logfile       ejabberd_suite.privacy_malformed_iq_query.26723.html
=started       2024-08-23 19:01:58
=ended         2024-08-23 19:01:58
=result        ok
=elapsed       0.104463
=case          ejabberd_SUITE:privacy_malformed_get
=logfile       ejabberd_suite.privacy_malformed_get.26787.html
=started       2024-08-23 19:01:58
=ended         2024-08-23 19:01:58
=result        ok
=elapsed       0.106796
=case          ejabberd_SUITE:privacy_malformed_set
=logfile       ejabberd_suite.privacy_malformed_set.26883.html
=started       2024-08-23 19:01:58
=ended         2024-08-23 19:01:58
=result        ok
=elapsed       0.106069
=case          ejabberd_SUITE:privacy_malformed_type_value
=logfile       ejabberd_suite.privacy_malformed_type_value.26979.html
=started       2024-08-23 19:01:58
=ended         2024-08-23 19:01:58
=result        ok
=elapsed       0.105551
=case          ejabberd_SUITE:privacy_set_get_block
=logfile       ejabberd_suite.privacy_set_get_block.27043.html
=started       2024-08-23 19:01:58
=ended         2024-08-23 19:01:59
=result        ok
=elapsed       0.201671
=case          ejabberd_SUITE:end_per_group
=logfile       ejabberd_suite.end_per_group.28130.html
=group_props   [{name,privacy_single},sequence]
=started       2024-08-23 19:01:59
=ended         2024-08-23 19:01:59
=result        ok
=elapsed       4.0e-6
=group_time    3.353s
=case          ejabberd_SUITE:init_per_group
=logfile       ejabberd_suite.init_per_group.28162.html
=group_props   [{name,vcard_single},sequence]
=started       2024-08-23 19:01:59
=ended         2024-08-23 19:01:59
=result        ok
=elapsed       3.0e-6
=case          ejabberd_SUITE:vcard_feature_enabled
=logfile       ejabberd_suite.vcard_feature_enabled.27107.html
=started       2024-08-23 19:01:59
=ended         2024-08-23 19:01:59
=result        ok
=elapsed       0.105656
=case          ejabberd_SUITE:vcard_get_set
=logfile       ejabberd_suite.vcard_get_set.27203.html
=started       2024-08-23 19:01:59
=ended         2024-08-23 19:01:59
=result        ok
=elapsed       0.109391
=case          ejabberd_SUITE:vcard_service_vcard
=logfile       ejabberd_suite.vcard_service_vcard.27235.html
=started       2024-08-23 19:01:59
=ended         2024-08-23 19:01:59
=result        ok
=elapsed       0.104406
=case          ejabberd_SUITE:end_per_group
=logfile       ejabberd_suite.end_per_group.28290.html
=group_props   [{name,vcard_single},sequence]
=started       2024-08-23 19:01:59
=ended         2024-08-23 19:01:59
=result        ok
=elapsed       4.0e-6
=group_time    0.440s
=case          ejabberd_SUITE:init_per_group
=logfile       ejabberd_suite.init_per_group.27299.html
=group_props   [{name,pubsub_single},sequence]
=started       2024-08-23 19:01:59
=ended         2024-08-23 19:01:59
=result        ok
=elapsed       4.0e-6
=case          ejabberd_SUITE:pubsub_test_features
=logfile       ejabberd_suite.pubsub_test_features.27331.html
=started       2024-08-23 19:01:59
=ended         2024-08-23 19:01:59
=result        ok
=elapsed       0.104331
=case          ejabberd_SUITE:pubsub_test_vcard
=logfile       ejabberd_suite.pubsub_test_vcard.27395.html
=started       2024-08-23 19:01:59
=ended         2024-08-23 19:02:00
=result        ok
=elapsed       0.106584
=case          ejabberd_SUITE:pubsub_test_create
=logfile       ejabberd_suite.pubsub_test_create.27427.html
=started       2024-08-23 19:02:00
=ended         2024-08-23 19:02:00
=result        ok
=elapsed       0.109311
=case          ejabberd_SUITE:pubsub_test_configure
=logfile       ejabberd_suite.pubsub_test_configure.27459.html
=started       2024-08-23 19:02:00
=ended         2024-08-23 19:02:00
=result        ok
=elapsed       0.116348
=case          ejabberd_SUITE:pubsub_test_delete
=logfile       ejabberd_suite.pubsub_test_delete.27555.html
=started       2024-08-23 19:02:00
=ended         2024-08-23 19:02:00
=result        ok
=elapsed       0.106623
=case          ejabberd_SUITE:pubsub_test_get_affiliations
=logfile       ejabberd_suite.pubsub_test_get_affiliations.28546.html
=started       2024-08-23 19:02:00
=ended         2024-08-23 19:02:00
=result        ok
=elapsed       0.151326
=case          ejabberd_SUITE:pubsub_test_get_subscriptions
=logfile       ejabberd_suite.pubsub_test_get_subscriptions.28610.html
=started       2024-08-23 19:02:00
=ended         2024-08-23 19:02:00
=result        ok
=elapsed       0.169839
=case          ejabberd_SUITE:pubsub_test_create_instant
=logfile       ejabberd_suite.pubsub_test_create_instant.28674.html
=started       2024-08-23 19:02:00
=ended         2024-08-23 19:02:00
=result        ok
=elapsed       0.112736
=case          ejabberd_SUITE:pubsub_test_default
=logfile       ejabberd_suite.pubsub_test_default.28738.html
=started       2024-08-23 19:02:00
=ended         2024-08-23 19:02:01
=result        ok
=elapsed       0.105043
=case          ejabberd_SUITE:pubsub_test_create_configure
=logfile       ejabberd_suite.pubsub_test_create_configure.28802.html
=started       2024-08-23 19:02:01
=ended         2024-08-23 19:02:01
=result        ok
=elapsed       0.119761
=case          ejabberd_SUITE:pubsub_test_publish
=logfile       ejabberd_suite.pubsub_test_publish.28866.html
=started       2024-08-23 19:02:01
=ended         2024-08-23 19:02:01
=result        ok
=elapsed       0.11653
=case          ejabberd_SUITE:pubsub_test_auto_create
=logfile       ejabberd_suite.pubsub_test_auto_create.28962.html
=started       2024-08-23 19:02:01
=ended         2024-08-23 19:02:01
=result        ok
=elapsed       0.115535
=case          ejabberd_SUITE:pubsub_test_get_items
=logfile       ejabberd_suite.pubsub_test_get_items.29026.html
=started       2024-08-23 19:02:01
=ended         2024-08-23 19:02:01
=result        ok
=elapsed       0.133372
=case          ejabberd_SUITE:pubsub_test_delete_item
=logfile       ejabberd_suite.pubsub_test_delete_item.29090.html
=started       2024-08-23 19:02:01
=ended         2024-08-23 19:02:01
=result        ok
=elapsed       0.122761
=case          ejabberd_SUITE:pubsub_test_purge
=logfile       ejabberd_suite.pubsub_test_purge.29122.html
=started       2024-08-23 19:02:01
=ended         2024-08-23 19:02:02
=result        ok
=elapsed       0.138024
=case          ejabberd_SUITE:pubsub_test_subscribe
=logfile       ejabberd_suite.pubsub_test_subscribe.29218.html
=started       2024-08-23 19:02:02
=ended         2024-08-23 19:02:02
=result        ok
=elapsed       0.117367
=case          ejabberd_SUITE:pubsub_test_subscribe_max_item_1
=logfile       ejabberd_suite.pubsub_test_subscribe_max_item_1.27875.html
=started       2024-08-23 19:02:02
=ended         2024-08-23 19:02:02
=result        ok
=elapsed       0.120037
=case          ejabberd_SUITE:pubsub_test_unsubscribe
=logfile       ejabberd_suite.pubsub_test_unsubscribe.29378.html
=started       2024-08-23 19:02:02
=ended         2024-08-23 19:02:02
=result        ok
=elapsed       0.124865
=case          ejabberd_SUITE:end_per_group
=logfile       ejabberd_suite.end_per_group.27907.html
=group_props   [{name,pubsub_single},sequence]
=started       2024-08-23 19:02:02
=ended         2024-08-23 19:02:02
=result        ok
=elapsed       1.1e-5
=group_time    2.792s
=case          ejabberd_SUITE:init_per_group
=logfile       ejabberd_suite.init_per_group.27939.html
=group_props   [{name,muc_single},sequence]
=started       2024-08-23 19:02:02
=ended         2024-08-23 19:02:02
=result        ok
=elapsed       4.0e-6
=case          ejabberd_SUITE:muc_service_presence_error
=logfile       ejabberd_suite.muc_service_presence_error.27971.html
=started       2024-08-23 19:02:02
=ended         2024-08-23 19:02:02
=result        ok
=elapsed       0.192678
=case          ejabberd_SUITE:muc_service_message_error
=logfile       ejabberd_suite.muc_service_message_error.28035.html
=started       2024-08-23 19:02:02
=ended         2024-08-23 19:02:03
=result        ok
=elapsed       0.192121
=case          ejabberd_SUITE:muc_service_unknown_ns_iq_error
=logfile       ejabberd_suite.muc_service_unknown_ns_iq_error.28067.html
=started       2024-08-23 19:02:03
=ended         2024-08-23 19:02:03
=result        ok
=elapsed       0.190409
=case          ejabberd_SUITE:muc_service_iq_set_error
=logfile       ejabberd_suite.muc_service_iq_set_error.28131.html
=started       2024-08-23 19:02:03
=ended         2024-08-23 19:02:03
=result        ok
=elapsed       0.323967
=case          ejabberd_SUITE:muc_service_improper_iq_error
=logfile       ejabberd_suite.muc_service_improper_iq_error.28195.html
=started       2024-08-23 19:02:03
=ended         2024-08-23 19:02:03
=result        ok
=elapsed       0.281495
=case          ejabberd_SUITE:muc_service_features
=logfile       ejabberd_suite.muc_service_features.28259.html
=started       2024-08-23 19:02:03
=ended         2024-08-23 19:02:04
=result        ok
=elapsed       0.10367
=case          ejabberd_SUITE:muc_service_disco_info_node_error
=logfile       ejabberd_suite.muc_service_disco_info_node_error.28291.html
=started       2024-08-23 19:02:04
=ended         2024-08-23 19:02:04
=result        ok
=elapsed       0.103654
=case          ejabberd_SUITE:muc_service_disco_items
=logfile       ejabberd_suite.muc_service_disco_items.28387.html
=started       2024-08-23 19:02:04
=ended         2024-08-23 19:02:04
=result        ok
=elapsed       0.177572
=case          ejabberd_SUITE:muc_service_unique
=logfile       ejabberd_suite.muc_service_unique.28547.html
=started       2024-08-23 19:02:04
=ended         2024-08-23 19:02:04
=result        ok
=elapsed       0.104182
=case          ejabberd_SUITE:muc_service_vcard
=logfile       ejabberd_suite.muc_service_vcard.28611.html
=started       2024-08-23 19:02:04
=ended         2024-08-23 19:02:04
=result        ok
=elapsed       0.105236
=case          ejabberd_SUITE:muc_configure_non_existent
=logfile       ejabberd_suite.muc_configure_non_existent.28675.html
=started       2024-08-23 19:02:04
=ended         2024-08-23 19:02:04
=result        ok
=elapsed       0.108914
=case          ejabberd_SUITE:muc_cancel_configure_non_existent
=logfile       ejabberd_suite.muc_cancel_configure_non_existent.28771.html
=started       2024-08-23 19:02:04
=ended         2024-08-23 19:02:04
=result        ok
=elapsed       0.107844
=case          ejabberd_SUITE:muc_service_subscriptions
=logfile       ejabberd_suite.muc_service_subscriptions.28835.html
=started       2024-08-23 19:02:04
=ended         2024-08-23 19:02:05
=result        ok
=elapsed       0.224455
=case          ejabberd_SUITE:muc_set_room_affiliation
=logfile       ejabberd_suite.muc_set_room_affiliation.29027.html
=started       2024-08-23 19:02:05
=ended         2024-08-23 19:02:05
=result        ok
=elapsed       0.121046
=case          ejabberd_SUITE:end_per_group
=logfile       ejabberd_suite.end_per_group.18020.html
=group_props   [{name,muc_single},sequence]
=started       2024-08-23 19:02:05
=ended         2024-08-23 19:02:05
=result        ok
=elapsed       1.0e-5
=group_time    2.812s
=case          ejabberd_SUITE:init_per_group
=logfile       ejabberd_suite.init_per_group.18052.html
=group_props   [{name,offline_single},sequence]
=started       2024-08-23 19:02:05
=ended         2024-08-23 19:02:05
=result        ok
=elapsed       4.0e-6
=case          ejabberd_SUITE:offline_feature_enabled
=logfile       ejabberd_suite.offline_feature_enabled.18084.html
=started       2024-08-23 19:02:05
=ended         2024-08-23 19:02:05
=result        ok
=elapsed       0.104849
=case          ejabberd_SUITE:offline_check_identity
=logfile       ejabberd_suite.offline_check_identity.18116.html
=started       2024-08-23 19:02:05
=ended         2024-08-23 19:02:05
=result        ok
=elapsed       0.104618
=case          ejabberd_SUITE:offline_send_non_existent
=logfile       ejabberd_suite.offline_send_non_existent.30146.html
=started       2024-08-23 19:02:05
=ended         2024-08-23 19:02:05
=result        ok
=elapsed       0.104626
=case          ejabberd_SUITE:offline_view_non_existent
=logfile       ejabberd_suite.offline_view_non_existent.30210.html
=started       2024-08-23 19:02:05
=ended         2024-08-23 19:02:05
=result        ok
=elapsed       0.104294
=case          ejabberd_SUITE:offline_remove_non_existent
=logfile       ejabberd_suite.offline_remove_non_existent.30274.html
=started       2024-08-23 19:02:05
=ended         2024-08-23 19:02:06
=result        ok
=elapsed       0.103908
=case          ejabberd_SUITE:offline_view_non_integer
=logfile       ejabberd_suite.offline_view_non_integer.30370.html
=started       2024-08-23 19:02:06
=ended         2024-08-23 19:02:06
=result        ok
=elapsed       0.103881
=case          ejabberd_SUITE:offline_remove_non_integer
=logfile       ejabberd_suite.offline_remove_non_integer.30434.html
=started       2024-08-23 19:02:06
=ended         2024-08-23 19:02:06
=result        ok
=elapsed       0.103623
=case          ejabberd_SUITE:offline_malformed_iq
=logfile       ejabberd_suite.offline_malformed_iq.30466.html
=started       2024-08-23 19:02:06
=ended         2024-08-23 19:02:06
=result        ok
=elapsed       0.107721
=case          ejabberd_SUITE:offline_wrong_user
=logfile       ejabberd_suite.offline_wrong_user.30498.html
=started       2024-08-23 19:02:06
=ended         2024-08-23 19:02:06
=result        ok
=elapsed       0.112456
=case          ejabberd_SUITE:offline_unsupported_iq
=logfile       ejabberd_suite.offline_unsupported_iq.30530.html
=started       2024-08-23 19:02:06
=ended         2024-08-23 19:02:06
=result        ok
=elapsed       0.104284
=case          ejabberd_SUITE:end_per_group
=logfile       ejabberd_suite.end_per_group.30594.html
=group_props   [{name,offline_single},sequence]
=started       2024-08-23 19:02:06
=ended         2024-08-23 19:02:06
=result        ok
=elapsed       1.0e-5
=group_time    1.402s
=case          ejabberd_SUITE:init_per_group
=logfile       ejabberd_suite.init_per_group.30626.html
=group_props   [{name,mam_single},sequence]
=started       2024-08-23 19:02:06
=ended         2024-08-23 19:02:06
=result        ok
=elapsed       5.0e-6
=case          ejabberd_SUITE:mam_feature_enabled
=logfile       ejabberd_suite.mam_feature_enabled.30658.html
=started       2024-08-23 19:02:06
=ended         2024-08-23 19:02:06
=result        ok
=elapsed       0.106665
=case          ejabberd_SUITE:mam_get_set_prefs
=logfile       ejabberd_suite.mam_get_set_prefs.30754.html
=started       2024-08-23 19:02:06
=ended         2024-08-23 19:02:08
=result        ok
=elapsed       1.898207
=case          ejabberd_SUITE:mam_get_form
=logfile       ejabberd_suite.mam_get_form.30786.html
=started       2024-08-23 19:02:08
=ended         2024-08-23 19:02:09
=result        ok
=elapsed       0.107828
=case          ejabberd_SUITE:mam_fake_by
=logfile       ejabberd_suite.mam_fake_by.30882.html
=started       2024-08-23 19:02:09
=ended         2024-08-23 19:02:09
=result        ok
=elapsed       0.105337
=case          ejabberd_SUITE:end_per_group
=logfile       ejabberd_suite.end_per_group.30946.html
=group_props   [{name,mam_single},sequence]
=started       2024-08-23 19:02:09
=ended         2024-08-23 19:02:09
=result        ok
=elapsed       3.0e-6
=group_time    2.369s
=case          ejabberd_SUITE:init_per_group
=logfile       ejabberd_suite.init_per_group.30978.html
=group_props   [{name,push_single},sequence]
=started       2024-08-23 19:02:09
=ended         2024-08-23 19:02:09
=result        ok
=elapsed       4.0e-6
=case          ejabberd_SUITE:push_feature_enabled
=logfile       ejabberd_suite.push_feature_enabled.31010.html
=started       2024-08-23 19:02:09
=ended         2024-08-23 19:02:09
=result        ok
=elapsed       0.1047
=case          ejabberd_SUITE:push_unsupported_iq
=logfile       ejabberd_suite.push_unsupported_iq.31106.html
=started       2024-08-23 19:02:09
=ended         2024-08-23 19:02:09
=result        ok
=elapsed       0.1042
=case          ejabberd_SUITE:end_per_group
=logfile       ejabberd_suite.end_per_group.31170.html
=group_props   [{name,push_single},sequence]
=started       2024-08-23 19:02:09
=ended         2024-08-23 19:02:09
=result        ok
=elapsed       9.0e-6
=group_time    0.297s
=case          ejabberd_SUITE:test_unregister
=logfile       ejabberd_suite.test_unregister.31202.html
=started       2024-08-23 19:02:09
=ended         2024-08-23 19:02:09
=result        ok
=elapsed       0.011105
=case          ejabberd_SUITE:end_per_group
=logfile       ejabberd_suite.end_per_group.31266.html
=group_props   [{name,single_user},sequence]
=started       2024-08-23 19:02:09
=ended         2024-08-23 19:02:09
=result        ok
=elapsed       3.0e-6
=group_time    16.734s
=case          ejabberd_SUITE:init_per_group
=logfile       ejabberd_suite.init_per_group.31298.html
=group_props   [{name,muc_master_slave},sequence]
=started       2024-08-23 19:02:09
=ended         2024-08-23 19:02:09
=result        ok
=elapsed       3.0e-6
=case          ejabberd_SUITE:init_per_group
=logfile       ejabberd_suite.init_per_group.31330.html
=group_props   [{name,muc_register},parallel]
=started       2024-08-23 19:02:09
=ended         2024-08-23 19:02:09
=result        ok
=elapsed       3.0e-6
=case          ejabberd_SUITE:muc_register_master
=logfile       ejabberd_suite.muc_register_master.31362.html
=started       2024-08-23 19:02:09
=ended         2024-08-23 19:02:09
=result        ok
=elapsed       0.124792
=case          ejabberd_SUITE:muc_register_slave
=logfile       ejabberd_suite.muc_register_slave.31394.html
=started       2024-08-23 19:02:09
=ended         2024-08-23 19:02:09
=result        ok
=elapsed       0.124802
=case          ejabberd_SUITE:end_per_group
=logfile       ejabberd_suite.end_per_group.31458.html
=group_props   [{name,muc_register},parallel]
=started       2024-08-23 19:02:09
=ended         2024-08-23 19:02:09
=result        ok
=elapsed       4.0e-6
=group_time    0.190s
=case          ejabberd_SUITE:init_per_group
=logfile       ejabberd_suite.init_per_group.31490.html
=group_props   [{name,muc_groupchat_msg},parallel]
=started       2024-08-23 19:02:09
=ended         2024-08-23 19:02:09
=result        ok
=elapsed       5.0e-6
=case          ejabberd_SUITE:muc_groupchat_msg_master
=logfile       ejabberd_suite.muc_groupchat_msg_master.31522.html
=started       2024-08-23 19:02:09
=ended         2024-08-23 19:02:10
=result        ok
=elapsed       0.131936
=case          ejabberd_SUITE:muc_groupchat_msg_slave
=logfile       ejabberd_suite.muc_groupchat_msg_slave.18532.html
=started       2024-08-23 19:02:09
=ended         2024-08-23 19:02:10
=result        ok
=elapsed       0.127531
=case          ejabberd_SUITE:end_per_group
=logfile       ejabberd_suite.end_per_group.18660.html
=group_props   [{name,muc_groupchat_msg},parallel]
=started       2024-08-23 19:02:10
=ended         2024-08-23 19:02:10
=result        ok
=elapsed       3.0e-6
=group_time    0.193s
=case          ejabberd_SUITE:init_per_group
=logfile       ejabberd_suite.init_per_group.18692.html
=group_props   [{name,muc_private_msg},parallel]
=started       2024-08-23 19:02:10
=ended         2024-08-23 19:02:10
=result        ok
=elapsed       4.0e-6
=case          ejabberd_SUITE:muc_private_msg_master
=logfile       ejabberd_suite.muc_private_msg_master.18724.html
=started       2024-08-23 19:02:10
=ended         2024-08-23 19:02:10
=result        ok
=elapsed       0.173725
=case          ejabberd_SUITE:muc_private_msg_slave
=logfile       ejabberd_suite.muc_private_msg_slave.29379.html
=started       2024-08-23 19:02:10
=ended         2024-08-23 19:02:10
=result        ok
=elapsed       0.166201
=case          ejabberd_SUITE:end_per_group
=logfile       ejabberd_suite.end_per_group.29507.html
=group_props   [{name,muc_private_msg},parallel]
=started       2024-08-23 19:02:10
=ended         2024-08-23 19:02:10
=result        ok
=elapsed       3.0e-6
=group_time    0.238s
=case          ejabberd_SUITE:init_per_group
=logfile       ejabberd_suite.init_per_group.29539.html
=group_props   [{name,muc_set_subject},parallel]
=started       2024-08-23 19:02:10
=ended         2024-08-23 19:02:10
=result        ok
=elapsed       3.0e-6
=case          ejabberd_SUITE:muc_set_subject_master
=logfile       ejabberd_suite.muc_set_subject_master.29571.html
=started       2024-08-23 19:02:10
=ended         2024-08-23 19:02:10
=result        ok
=elapsed       0.14275
=case          ejabberd_SUITE:muc_set_subject_slave
=logfile       ejabberd_suite.muc_set_subject_slave.29603.html
=started       2024-08-23 19:02:10
=ended         2024-08-23 19:02:10
=result        ok
=elapsed       0.136659
=case          ejabberd_SUITE:end_per_group
=logfile       ejabberd_suite.end_per_group.31682.html
=group_props   [{name,muc_set_subject},parallel]
=started       2024-08-23 19:02:10
=ended         2024-08-23 19:02:10
=result        ok
=elapsed       3.0e-6
=group_time    0.205s
=case          ejabberd_SUITE:init_per_group
=logfile       ejabberd_suite.init_per_group.31714.html
=group_props   [{name,muc_history},parallel]
=started       2024-08-23 19:02:10
=ended         2024-08-23 19:02:10
=result        ok
=elapsed       3.0e-6
=case          ejabberd_SUITE:muc_history_master
=logfile       ejabberd_suite.muc_history_master.31746.html
=started       2024-08-23 19:02:10
=ended         2024-08-23 19:02:10
=result        ok
=elapsed       0.173477
=case          ejabberd_SUITE:muc_history_slave
=logfile       ejabberd_suite.muc_history_slave.31778.html
=started       2024-08-23 19:02:10
=ended         2024-08-23 19:02:10
=result        ok
=elapsed       0.166219
=case          ejabberd_SUITE:end_per_group
=logfile       ejabberd_suite.end_per_group.31906.html
=group_props   [{name,muc_history},parallel]
=started       2024-08-23 19:02:10
=ended         2024-08-23 19:02:10
=result        ok
=elapsed       3.0e-6
=group_time    0.235s
=case          ejabberd_SUITE:init_per_group
=logfile       ejabberd_suite.init_per_group.31938.html
=group_props   [{name,muc_invite},parallel]
=started       2024-08-23 19:02:10
=ended         2024-08-23 19:02:10
=result        ok
=elapsed       3.0e-6
=case          ejabberd_SUITE:muc_invite_master
=logfile       ejabberd_suite.muc_invite_master.31970.html
=started       2024-08-23 19:02:10
=ended         2024-08-23 19:02:10
=result        ok
=elapsed       0.120181
=case          ejabberd_SUITE:muc_invite_slave
=logfile       ejabberd_suite.muc_invite_slave.32002.html
=started       2024-08-23 19:02:10
=ended         2024-08-23 19:02:11
=result        ok
=elapsed       0.155728
=case          ejabberd_SUITE:end_per_group
=logfile       ejabberd_suite.end_per_group.32130.html
=group_props   [{name,muc_invite},parallel]
=started       2024-08-23 19:02:11
=ended         2024-08-23 19:02:11
=result        ok
=elapsed       2.0e-6
=group_time    0.216s
=case          ejabberd_SUITE:init_per_group
=logfile       ejabberd_suite.init_per_group.32162.html
=group_props   [{name,muc_invite_members_only},parallel]
=started       2024-08-23 19:02:11
=ended         2024-08-23 19:02:11
=result        ok
=elapsed       5.0e-6
=case          ejabberd_SUITE:muc_invite_members_only_master
=logfile       ejabberd_suite.muc_invite_members_only_master.18820.html
=started       2024-08-23 19:02:11
=ended         2024-08-23 19:02:11
=result        ok
=elapsed       0.12486
=case          ejabberd_SUITE:muc_invite_members_only_slave
=logfile       ejabberd_suite.muc_invite_members_only_slave.18852.html
=started       2024-08-23 19:02:11
=ended         2024-08-23 19:02:11
=result        ok
=elapsed       0.119486
=case          ejabberd_SUITE:end_per_group
=logfile       ejabberd_suite.end_per_group.18884.html
=group_props   [{name,muc_invite_members_only},parallel]
=started       2024-08-23 19:02:11
=ended         2024-08-23 19:02:11
=result        ok
=elapsed       2.0e-6
=group_time    0.188s
=case          ejabberd_SUITE:init_per_group
=logfile       ejabberd_suite.init_per_group.18916.html
=group_props   [{name,muc_invite_password_protected},parallel]
=started       2024-08-23 19:02:11
=ended         2024-08-23 19:02:11
=result        ok
=elapsed       3.0e-6
=case          ejabberd_SUITE:muc_invite_password_protected_master
=logfile       ejabberd_suite.muc_invite_password_protected_master.18948.html
=started       2024-08-23 19:02:11
=ended         2024-08-23 19:02:11
=result        ok
=elapsed       0.163251
=case          ejabberd_SUITE:muc_invite_password_protected_slave
=logfile       ejabberd_suite.muc_invite_password_protected_slave.29891.html
=started       2024-08-23 19:02:11
=ended         2024-08-23 19:02:11
=result        ok
=elapsed       0.11668
=case          ejabberd_SUITE:end_per_group
=logfile       ejabberd_suite.end_per_group.19044.html
=group_props   [{name,muc_invite_password_protected},parallel]
=started       2024-08-23 19:02:11
=ended         2024-08-23 19:02:11
=result        ok
=elapsed       4.0e-6
=group_time    0.224s
=case          ejabberd_SUITE:init_per_group
=logfile       ejabberd_suite.init_per_group.29987.html
=group_props   [{name,muc_voice_request},parallel]
=started       2024-08-23 19:02:11
=ended         2024-08-23 19:02:11
=result        ok
=elapsed       3.0e-6
=case          ejabberd_SUITE:muc_voice_request_master
=logfile       ejabberd_suite.muc_voice_request_master.30019.html
=started       2024-08-23 19:02:11
=ended         2024-08-23 19:02:11
=result        ok
=elapsed       0.135101
=case          ejabberd_SUITE:muc_voice_request_slave
=logfile       ejabberd_suite.muc_voice_request_slave.30051.html
=started       2024-08-23 19:02:11
=ended         2024-08-23 19:02:11
=result        ok
=elapsed       0.122737
=case          ejabberd_SUITE:end_per_group
=logfile       ejabberd_suite.end_per_group.30115.html
=group_props   [{name,muc_voice_request},parallel]
=started       2024-08-23 19:02:11
=ended         2024-08-23 19:02:11
=result        ok
=elapsed       1.1e-5
=group_time    0.196s
=case          ejabberd_SUITE:init_per_group
=logfile       ejabberd_suite.init_per_group.30147.html
=group_props   [{name,muc_change_role},parallel]
=started       2024-08-23 19:02:11
=ended         2024-08-23 19:02:11
=result        ok
=elapsed       3.0e-6
=case          ejabberd_SUITE:muc_change_role_master
=logfile       ejabberd_suite.muc_change_role_master.30179.html
=started       2024-08-23 19:02:11
=ended         2024-08-23 19:02:11
=result        ok
=elapsed       0.15127
=case          ejabberd_SUITE:muc_change_role_slave
=logfile       ejabberd_suite.muc_change_role_slave.30211.html
=started       2024-08-23 19:02:11
=ended         2024-08-23 19:02:11
=result        ok
=elapsed       0.141723
=case          ejabberd_SUITE:end_per_group
=logfile       ejabberd_suite.end_per_group.30275.html
=group_props   [{name,muc_change_role},parallel]
=started       2024-08-23 19:02:11
=ended         2024-08-23 19:02:11
=result        ok
=elapsed       2.0e-6
=group_time    0.209s
=case          ejabberd_SUITE:init_per_group
=logfile       ejabberd_suite.init_per_group.19204.html
=group_props   [{name,muc_kick},parallel]
=started       2024-08-23 19:02:11
=ended         2024-08-23 19:02:11
=result        ok
=elapsed       3.0e-6
=case          ejabberd_SUITE:muc_kick_master
=logfile       ejabberd_suite.muc_kick_master.19236.html
=started       2024-08-23 19:02:11
=ended         2024-08-23 19:02:12
=result        ok
=elapsed       0.133274
=case          ejabberd_SUITE:muc_kick_slave
=logfile       ejabberd_suite.muc_kick_slave.19268.html
=started       2024-08-23 19:02:11
=ended         2024-08-23 19:02:12
=result        ok
=elapsed       0.127087
=case          ejabberd_SUITE:end_per_group
=logfile       ejabberd_suite.end_per_group.19332.html
=group_props   [{name,muc_kick},parallel]
=started       2024-08-23 19:02:12
=ended         2024-08-23 19:02:12
=result        ok
=elapsed       2.0e-6
=group_time    0.196s
=case          ejabberd_SUITE:init_per_group
=logfile       ejabberd_suite.init_per_group.19364.html
=group_props   [{name,muc_change_affiliation},parallel]
=started       2024-08-23 19:02:12
=ended         2024-08-23 19:02:12
=result        ok
=elapsed       3.0e-6
=case          ejabberd_SUITE:muc_change_affiliation_master
=logfile       ejabberd_suite.muc_change_affiliation_master.32482.html
=started       2024-08-23 19:02:12
=ended         2024-08-23 19:02:12
=result        ok
=elapsed       0.1487
=case          ejabberd_SUITE:muc_change_affiliation_slave
=logfile       ejabberd_suite.muc_change_affiliation_slave.19396.html
=started       2024-08-23 19:02:12
=ended         2024-08-23 19:02:12
=result        ok
=elapsed       0.140293
=case          ejabberd_SUITE:end_per_group
=logfile       ejabberd_suite.end_per_group.32546.html
=group_props   [{name,muc_change_affiliation},parallel]
=started       2024-08-23 19:02:12
=ended         2024-08-23 19:02:12
=result        ok
=elapsed       3.0e-6
=group_time    0.209s
=case          ejabberd_SUITE:init_per_group
=logfile       ejabberd_suite.init_per_group.19524.html
=group_props   [{name,muc_destroy},parallel]
=started       2024-08-23 19:02:12
=ended         2024-08-23 19:02:12
=result        ok
=elapsed       4.0e-6
=case          ejabberd_SUITE:muc_destroy_master
=logfile       ejabberd_suite.muc_destroy_master.32578.html
=started       2024-08-23 19:02:12
=ended         2024-08-23 19:02:12
=result        ok
=elapsed       0.126314
=case          ejabberd_SUITE:muc_destroy_slave
=logfile       ejabberd_suite.muc_destroy_slave.19556.html
=started       2024-08-23 19:02:12
=ended         2024-08-23 19:02:12
=result        ok
=elapsed       0.123818
=case          ejabberd_SUITE:end_per_group
=logfile       ejabberd_suite.end_per_group.19652.html
=group_props   [{name,muc_destroy},parallel]
=started       2024-08-23 19:02:12
=ended         2024-08-23 19:02:12
=result        ok
=elapsed       5.0e-6
=group_time    0.188s
=case          ejabberd_SUITE:init_per_group
=logfile       ejabberd_suite.init_per_group.19684.html
=group_props   [{name,muc_vcard},parallel]
=started       2024-08-23 19:02:12
=ended         2024-08-23 19:02:12
=result        ok
=elapsed       3.0e-6
=case          ejabberd_SUITE:muc_vcard_master
=logfile       ejabberd_suite.muc_vcard_master.32674.html
=started       2024-08-23 19:02:12
=ended         2024-08-23 19:02:12
=result        ok
=elapsed       0.135065
=case          ejabberd_SUITE:muc_vcard_slave
=logfile       ejabberd_suite.muc_vcard_slave.32706.html
=started       2024-08-23 19:02:12
=ended         2024-08-23 19:02:12
=result        ok
=elapsed       0.130897
=case          ejabberd_SUITE:end_per_group
=logfile       ejabberd_suite.end_per_group.32770.html
=group_props   [{name,muc_vcard},parallel]
=started       2024-08-23 19:02:12
=ended         2024-08-23 19:02:12
=result        ok
=elapsed       3.0e-6
=group_time    0.195s
=case          ejabberd_SUITE:init_per_group
=logfile       ejabberd_suite.init_per_group.32802.html
=group_props   [{name,muc_nick_change},parallel]
=started       2024-08-23 19:02:12
=ended         2024-08-23 19:02:12
=result        ok
=elapsed       5.0e-6
=case          ejabberd_SUITE:muc_nick_change_master
=logfile       ejabberd_suite.muc_nick_change_master.30531.html
=started       2024-08-23 19:02:12
=ended         2024-08-23 19:02:13
=result        ok
=elapsed       0.126027
=case          ejabberd_SUITE:muc_nick_change_slave
=logfile       ejabberd_suite.muc_nick_change_slave.19748.html
=started       2024-08-23 19:02:12
=ended         2024-08-23 19:02:13
=result        ok
=elapsed       0.121837
=case          ejabberd_SUITE:end_per_group
=logfile       ejabberd_suite.end_per_group.19844.html
=group_props   [{name,muc_nick_change},parallel]
=started       2024-08-23 19:02:13
=ended         2024-08-23 19:02:13
=result        ok
=elapsed       3.0e-6
=group_time    0.186s
=case          ejabberd_SUITE:init_per_group
=logfile       ejabberd_suite.init_per_group.19876.html
=group_props   [{name,muc_config_title_desc},parallel]
=started       2024-08-23 19:02:13
=ended         2024-08-23 19:02:13
=result        ok
=elapsed       4.0e-6
=case          ejabberd_SUITE:muc_config_title_desc_master
=logfile       ejabberd_suite.muc_config_title_desc_master.19908.html
=started       2024-08-23 19:02:13
=ended         2024-08-23 19:02:13
=result        ok
=elapsed       0.129151
=case          ejabberd_SUITE:muc_config_title_desc_slave
=logfile       ejabberd_suite.muc_config_title_desc_slave.19940.html
=started       2024-08-23 19:02:13
=ended         2024-08-23 19:02:13
=result        ok
=elapsed       0.121753
=case          ejabberd_SUITE:end_per_group
=logfile       ejabberd_suite.end_per_group.20004.html
=group_props   [{name,muc_config_title_desc},parallel]
=started       2024-08-23 19:02:13
=ended         2024-08-23 19:02:13
=result        ok
=elapsed       4.0e-6
=group_time    0.190s
=case          ejabberd_SUITE:init_per_group
=logfile       ejabberd_suite.init_per_group.20036.html
=group_props   [{name,muc_config_public_list},parallel]
=started       2024-08-23 19:02:13
=ended         2024-08-23 19:02:13
=result        ok
=elapsed       3.0e-6
=case          ejabberd_SUITE:muc_config_public_list_master
=logfile       ejabberd_suite.muc_config_public_list_master.20068.html
=started       2024-08-23 19:02:13
=ended         2024-08-23 19:02:13
=result        ok
=elapsed       0.131575
=case          ejabberd_SUITE:muc_config_public_list_slave
=logfile       ejabberd_suite.muc_config_public_list_slave.20100.html
=started       2024-08-23 19:02:13
=ended         2024-08-23 19:02:13
=result        ok
=elapsed       0.126329
=case          ejabberd_SUITE:end_per_group
=logfile       ejabberd_suite.end_per_group.20196.html
=group_props   [{name,muc_config_public_list},parallel]
=started       2024-08-23 19:02:13
=ended         2024-08-23 19:02:13
=result        ok
=elapsed       3.0e-6
=group_time    0.194s
=case          ejabberd_SUITE:init_per_group
=logfile       ejabberd_suite.init_per_group.20228.html
=group_props   [{name,muc_config_password},parallel]
=started       2024-08-23 19:02:13
=ended         2024-08-23 19:02:13
=result        ok
=elapsed       3.0e-6
=case          ejabberd_SUITE:muc_config_password_master
=logfile       ejabberd_suite.muc_config_password_master.20260.html
=started       2024-08-23 19:02:13
=ended         2024-08-23 19:02:13
=result        ok
=elapsed       0.134208
=case          ejabberd_SUITE:muc_config_password_slave
=logfile       ejabberd_suite.muc_config_password_slave.30723.html
=started       2024-08-23 19:02:13
=ended         2024-08-23 19:02:13
=result        ok
=elapsed       0.128852
=case          ejabberd_SUITE:end_per_group
=logfile       ejabberd_suite.end_per_group.30819.html
=group_props   [{name,muc_config_password},parallel]
=started       2024-08-23 19:02:13
=ended         2024-08-23 19:02:13
=result        ok
=elapsed       4.0e-6
=group_time    0.194s
=case          ejabberd_SUITE:init_per_group
=logfile       ejabberd_suite.init_per_group.30851.html
=group_props   [{name,muc_config_whois},parallel]
=started       2024-08-23 19:02:13
=ended         2024-08-23 19:02:13
=result        ok
=elapsed       3.0e-6
=case          ejabberd_SUITE:muc_config_whois_master
=logfile       ejabberd_suite.muc_config_whois_master.30883.html
=started       2024-08-23 19:02:13
=ended         2024-08-23 19:02:13
=result        ok
=elapsed       0.140206
=case          ejabberd_SUITE:muc_config_whois_slave
=logfile       ejabberd_suite.muc_config_whois_slave.20388.html
=started       2024-08-23 19:02:13
=ended         2024-08-23 19:02:13
=result        ok
=elapsed       0.132814
=case          ejabberd_SUITE:end_per_group
=logfile       ejabberd_suite.end_per_group.31043.html
=group_props   [{name,muc_config_whois},parallel]
=started       2024-08-23 19:02:13
=ended         2024-08-23 19:02:13
=result        ok
=elapsed       4.0e-6
=group_time    0.201s
=case          ejabberd_SUITE:init_per_group
=logfile       ejabberd_suite.init_per_group.31075.html
=group_props   [{name,muc_config_members_only},parallel]
=started       2024-08-23 19:02:13
=ended         2024-08-23 19:02:13
=result        ok
=elapsed       3.0e-6
=case          ejabberd_SUITE:muc_config_members_only_master
=logfile       ejabberd_suite.muc_config_members_only_master.31107.html
=started       2024-08-23 19:02:13
=ended         2024-08-23 19:02:14
=result        ok
=elapsed       0.142129
=case          ejabberd_SUITE:muc_config_members_only_slave
=logfile       ejabberd_suite.muc_config_members_only_slave.31139.html
=started       2024-08-23 19:02:13
=ended         2024-08-23 19:02:14
=result        ok
=elapsed       0.134546
=case          ejabberd_SUITE:end_per_group
=logfile       ejabberd_suite.end_per_group.31235.html
=group_props   [{name,muc_config_members_only},parallel]
=started       2024-08-23 19:02:14
=ended         2024-08-23 19:02:14
=result        ok
=elapsed       3.0e-6
=group_time    0.203s
=case          ejabberd_SUITE:init_per_group
=logfile       ejabberd_suite.init_per_group.31267.html
=group_props   [{name,muc_config_moderated},parallel]
=started       2024-08-23 19:02:14
=ended         2024-08-23 19:02:14
=result        ok
=elapsed       3.0e-6
=case          ejabberd_SUITE:muc_config_moderated_master
=logfile       ejabberd_suite.muc_config_moderated_master.33058.html
=started       2024-08-23 19:02:14
=ended         2024-08-23 19:02:14
=result        ok
=elapsed       0.132783
=case          ejabberd_SUITE:muc_config_moderated_slave
=logfile       ejabberd_suite.muc_config_moderated_slave.20484.html
=started       2024-08-23 19:02:14
=ended         2024-08-23 19:02:14
=result        ok
=elapsed       0.125259
=case          ejabberd_SUITE:end_per_group
=logfile       ejabberd_suite.end_per_group.20580.html
=group_props   [{name,muc_config_moderated},parallel]
=started       2024-08-23 19:02:14
=ended         2024-08-23 19:02:14
=result        ok
=elapsed       5.0e-6
=group_time    0.194s
=case          ejabberd_SUITE:init_per_group
=logfile       ejabberd_suite.init_per_group.20612.html
=group_props   [{name,muc_config_private_messages},parallel]
=started       2024-08-23 19:02:14
=ended         2024-08-23 19:02:14
=result        ok
=elapsed       4.0e-6
=case          ejabberd_SUITE:muc_config_private_messages_master
=logfile       ejabberd_suite.muc_config_private_messages_master.31331.html
=started       2024-08-23 19:02:14
=ended         2024-08-23 19:02:14
=result        ok
=elapsed       0.146844
=case          ejabberd_SUITE:muc_config_private_messages_slave
=logfile       ejabberd_suite.muc_config_private_messages_slave.20644.html
=started       2024-08-23 19:02:14
=ended         2024-08-23 19:02:14
=result        ok
=elapsed       0.140275
=case          ejabberd_SUITE:end_per_group
=logfile       ejabberd_suite.end_per_group.20772.html
=group_props   [{name,muc_config_private_messages},parallel]
=started       2024-08-23 19:02:14
=ended         2024-08-23 19:02:14
=result        ok
=elapsed       3.0e-6
=group_time    0.209s
=case          ejabberd_SUITE:init_per_group
=logfile       ejabberd_suite.init_per_group.20804.html
=group_props   [{name,muc_config_query},parallel]
=started       2024-08-23 19:02:14
=ended         2024-08-23 19:02:14
=result        ok
=elapsed       3.0e-6
=case          ejabberd_SUITE:muc_config_query_master
=logfile       ejabberd_suite.muc_config_query_master.20836.html
=started       2024-08-23 19:02:14
=ended         2024-08-23 19:02:14
=result        ok
=elapsed       0.173421
=case          ejabberd_SUITE:muc_config_query_slave
=logfile       ejabberd_suite.muc_config_query_slave.20868.html
=started       2024-08-23 19:02:14
=ended         2024-08-23 19:02:14
=result        ok
=elapsed       0.16903
=case          ejabberd_SUITE:end_per_group
=logfile       ejabberd_suite.end_per_group.33218.html
=group_props   [{name,muc_config_query},parallel]
=started       2024-08-23 19:02:14
=ended         2024-08-23 19:02:14
=result        ok
=elapsed       3.0e-6
=group_time    0.238s
=case          ejabberd_SUITE:init_per_group
=logfile       ejabberd_suite.init_per_group.33250.html
=group_props   [{name,muc_config_allow_invites},parallel]
=started       2024-08-23 19:02:14
=ended         2024-08-23 19:02:14
=result        ok
=elapsed       4.0e-6
=case          ejabberd_SUITE:muc_config_allow_invites_master
=logfile       ejabberd_suite.muc_config_allow_invites_master.33282.html
=started       2024-08-23 19:02:14
=ended         2024-08-23 19:02:15
=result        ok
=elapsed       0.139447
=case          ejabberd_SUITE:muc_config_allow_invites_slave
=logfile       ejabberd_suite.muc_config_allow_invites_slave.20964.html
=started       2024-08-23 19:02:14
=ended         2024-08-23 19:02:15
=result        ok
=elapsed       0.133321
=case          ejabberd_SUITE:end_per_group
=logfile       ejabberd_suite.end_per_group.21060.html
=group_props   [{name,muc_config_allow_invites},parallel]
=started       2024-08-23 19:02:15
=ended         2024-08-23 19:02:15
=result        ok
=elapsed       9.0e-6
=group_time    0.202s
=case          ejabberd_SUITE:init_per_group
=logfile       ejabberd_suite.init_per_group.21092.html
=group_props   [{name,muc_config_visitor_status},parallel]
=started       2024-08-23 19:02:15
=ended         2024-08-23 19:02:15
=result        ok
=elapsed       4.0e-6
=case          ejabberd_SUITE:muc_config_visitor_status_master
=logfile       ejabberd_suite.muc_config_visitor_status_master.21124.html
=started       2024-08-23 19:02:15
=ended         2024-08-23 19:02:15
=result        ok
=elapsed       0.137713
=case          ejabberd_SUITE:muc_config_visitor_status_slave
=logfile       ejabberd_suite.muc_config_visitor_status_slave.31523.html
=started       2024-08-23 19:02:15
=ended         2024-08-23 19:02:15
=result        ok
=elapsed       0.133397
=case          ejabberd_SUITE:end_per_group
=logfile       ejabberd_suite.end_per_group.31651.html
=group_props   [{name,muc_config_visitor_status},parallel]
=started       2024-08-23 19:02:15
=ended         2024-08-23 19:02:15
=result        ok
=elapsed       3.0e-6
=group_time    0.198s
=case          ejabberd_SUITE:init_per_group
=logfile       ejabberd_suite.init_per_group.31683.html
=group_props   [{name,muc_config_allow_voice_requests},parallel]
=started       2024-08-23 19:02:15
=ended         2024-08-23 19:02:15
=result        ok
=elapsed       4.0e-6
=case          ejabberd_SUITE:muc_config_allow_voice_requests_master
=logfile       ejabberd_suite.muc_config_allow_voice_requests_master.31715.html
=started       2024-08-23 19:02:15
=ended         2024-08-23 19:02:15
=result        ok
=elapsed       0.131275
=case          ejabberd_SUITE:muc_config_allow_voice_requests_slave
=logfile       ejabberd_suite.muc_config_allow_voice_requests_slave.31747.html
=started       2024-08-23 19:02:15
=ended         2024-08-23 19:02:15
=result        ok
=elapsed       0.128088
=case          ejabberd_SUITE:end_per_group
=logfile       ejabberd_suite.end_per_group.21188.html
=group_props   [{name,muc_config_allow_voice_requests},parallel]
=started       2024-08-23 19:02:15
=ended         2024-08-23 19:02:15
=result        ok
=elapsed       3.0e-6
=group_time    0.192s
=case          ejabberd_SUITE:init_per_group
=logfile       ejabberd_suite.init_per_group.31875.html
=group_props   [{name,muc_config_voice_request_interval},parallel]
=started       2024-08-23 19:02:15
=ended         2024-08-23 19:02:15
=result        ok
=elapsed       3.0e-6
=case          ejabberd_SUITE:muc_config_voice_request_interval_master
=logfile       ejabberd_suite.muc_config_voice_request_interval_master.31907.html
=started       2024-08-23 19:02:15
=ended         2024-08-23 19:02:20
=result        ok
=elapsed       5.218288
=case          ejabberd_SUITE:muc_config_voice_request_interval_slave
=logfile       ejabberd_suite.muc_config_voice_request_interval_slave.31939.html
=started       2024-08-23 19:02:15
=ended         2024-08-23 19:02:20
=result        ok
=elapsed       5.211772
=case          ejabberd_SUITE:end_per_group
=logfile       ejabberd_suite.end_per_group.32003.html
=group_props   [{name,muc_config_voice_request_interval},parallel]
=started       2024-08-23 19:02:20
=ended         2024-08-23 19:02:20
=result        ok
=elapsed       3.0e-6
=group_time    5.281s
=case          ejabberd_SUITE:init_per_group
=logfile       ejabberd_suite.init_per_group.32035.html
=group_props   [{name,muc_config_visitor_nickchange},parallel]
=started       2024-08-23 19:02:20
=ended         2024-08-23 19:02:20
=result        ok
=elapsed       3.0e-6
=case          ejabberd_SUITE:muc_config_visitor_nickchange_master
=logfile       ejabberd_suite.muc_config_visitor_nickchange_master.32067.html
=started       2024-08-23 19:02:20
=ended         2024-08-23 19:02:21
=result        ok
=elapsed       0.130935
=case          ejabberd_SUITE:muc_config_visitor_nickchange_slave
=logfile       ejabberd_suite.muc_config_visitor_nickchange_slave.32099.html
=started       2024-08-23 19:02:20
=ended         2024-08-23 19:02:21
=result        ok
=elapsed       0.1257
=case          ejabberd_SUITE:end_per_group
=logfile       ejabberd_suite.end_per_group.33506.html
=group_props   [{name,muc_config_visitor_nickchange},parallel]
=started       2024-08-23 19:02:21
=ended         2024-08-23 19:02:21
=result        ok
=elapsed       3.0e-6
=group_time    0.195s
=case          ejabberd_SUITE:init_per_group
=logfile       ejabberd_suite.init_per_group.33538.html
=group_props   [{name,muc_join_conflict},parallel]
=started       2024-08-23 19:02:21
=ended         2024-08-23 19:02:21
=result        ok
=elapsed       5.0e-6
=case          ejabberd_SUITE:muc_join_conflict_master
=logfile       ejabberd_suite.muc_join_conflict_master.33570.html
=started       2024-08-23 19:02:21
=ended         2024-08-23 19:02:21
=result        ok
=elapsed       0.121369
=case          ejabberd_SUITE:muc_join_conflict_slave
=logfile       ejabberd_suite.muc_join_conflict_slave.33602.html
=started       2024-08-23 19:02:21
=ended         2024-08-23 19:02:21
=result        ok
=elapsed       0.116031
=case          ejabberd_SUITE:end_per_group
=logfile       ejabberd_suite.end_per_group.33666.html
=group_props   [{name,muc_join_conflict},parallel]
=started       2024-08-23 19:02:21
=ended         2024-08-23 19:02:21
=result        ok
=elapsed       4.0e-6
=group_time    0.183s
=case          ejabberd_SUITE:end_per_group
=logfile       ejabberd_suite.end_per_group.33698.html
=group_props   [{name,muc_master_slave},sequence]
=started       2024-08-23 19:02:21
=ended         2024-08-23 19:02:21
=result        ok
=elapsed       3.0e-6
=group_time    11.699s
=case          ejabberd_SUITE:init_per_group
=logfile       ejabberd_suite.init_per_group.32227.html
=group_props   [{name,privacy_master_slave},sequence]
=started       2024-08-23 19:02:21
=ended         2024-08-23 19:02:21
=result        ok
=elapsed       4.0e-6
=case          ejabberd_SUITE:init_per_group
=logfile       ejabberd_suite.init_per_group.32259.html
=group_props   [{name,privacy_deny_bare_jid},parallel]
=started       2024-08-23 19:02:21
=ended         2024-08-23 19:02:21
=result        ok
=elapsed       3.0e-6
=case          ejabberd_SUITE:privacy_deny_bare_jid_master
=logfile       ejabberd_suite.privacy_deny_bare_jid_master.32291.html
=started       2024-08-23 19:02:21
=ended         2024-08-23 19:02:22
=result        ok
=elapsed       1.168382
=case          ejabberd_SUITE:privacy_deny_bare_jid_slave
=logfile       ejabberd_suite.privacy_deny_bare_jid_slave.32323.html
=started       2024-08-23 19:02:21
=ended         2024-08-23 19:02:22
=result        ok
=elapsed       1.166022
=case          ejabberd_SUITE:end_per_group
=logfile       ejabberd_suite.end_per_group.21476.html
=group_props   [{name,privacy_deny_bare_jid},parallel]
=started       2024-08-23 19:02:22
=ended         2024-08-23 19:02:22
=result        ok
=elapsed       8.0e-6
=group_time    1.230s
=case          ejabberd_SUITE:init_per_group
=logfile       ejabberd_suite.init_per_group.21508.html
=group_props   [{name,privacy_deny_full_jid},parallel]
=started       2024-08-23 19:02:22
=ended         2024-08-23 19:02:22
=result        ok
=elapsed       5.0e-6
=case          ejabberd_SUITE:privacy_deny_full_jid_master
=logfile       ejabberd_suite.privacy_deny_full_jid_master.21540.html
=started       2024-08-23 19:02:22
=ended         2024-08-23 19:02:23
=result        ok
=elapsed       1.164952
=case          ejabberd_SUITE:privacy_deny_full_jid_slave
=logfile       ejabberd_suite.privacy_deny_full_jid_slave.21572.html
=started       2024-08-23 19:02:22
=ended         2024-08-23 19:02:23
=result        ok
=elapsed       1.162921
=case          ejabberd_SUITE:end_per_group
=logfile       ejabberd_suite.end_per_group.21604.html
=group_props   [{name,privacy_deny_full_jid},parallel]
=started       2024-08-23 19:02:23
=ended         2024-08-23 19:02:23
=result        ok
=elapsed       1.2e-5
=group_time    1.227s
=case          ejabberd_SUITE:init_per_group
=logfile       ejabberd_suite.init_per_group.34018.html
=group_props   [{name,privacy_deny_server_bare_jid},parallel]
=started       2024-08-23 19:02:23
=ended         2024-08-23 19:02:23
=result        ok
=elapsed       3.0e-6
=case          ejabberd_SUITE:privacy_deny_server_bare_jid_master
=logfile       ejabberd_suite.privacy_deny_server_bare_jid_master.34050.html
=started       2024-08-23 19:02:23
=ended         2024-08-23 19:02:25
=result        ok
=elapsed       1.156989
=case          ejabberd_SUITE:privacy_deny_server_bare_jid_slave
=logfile       ejabberd_suite.privacy_deny_server_bare_jid_slave.34082.html
=started       2024-08-23 19:02:23
=ended         2024-08-23 19:02:25
=result        ok
=elapsed       1.153757
=case          ejabberd_SUITE:end_per_group
=logfile       ejabberd_suite.end_per_group.34146.html
=group_props   [{name,privacy_deny_server_bare_jid},parallel]
=started       2024-08-23 19:02:25
=ended         2024-08-23 19:02:25
=result        ok
=elapsed       3.0e-6
=group_time    1.219s
=case          ejabberd_SUITE:init_per_group
=logfile       ejabberd_suite.init_per_group.34178.html
=group_props   [{name,privacy_deny_server_full_jid},parallel]
=started       2024-08-23 19:02:25
=ended         2024-08-23 19:02:25
=result        ok
=elapsed       4.0e-6
=case          ejabberd_SUITE:privacy_deny_server_full_jid_master
=logfile       ejabberd_suite.privacy_deny_server_full_jid_master.34210.html
=started       2024-08-23 19:02:25
=ended         2024-08-23 19:02:26
=result        ok
=elapsed       1.157145
=case          ejabberd_SUITE:privacy_deny_server_full_jid_slave
=logfile       ejabberd_suite.privacy_deny_server_full_jid_slave.34242.html
=started       2024-08-23 19:02:25
=ended         2024-08-23 19:02:26
=result        ok
=elapsed       1.15334
=case          ejabberd_SUITE:end_per_group
=logfile       ejabberd_suite.end_per_group.34338.html
=group_props   [{name,privacy_deny_server_full_jid},parallel]
=started       2024-08-23 19:02:26
=ended         2024-08-23 19:02:26
=result        ok
=elapsed       3.0e-6
=group_time    1.219s
=case          ejabberd_SUITE:init_per_group
=logfile       ejabberd_suite.init_per_group.34370.html
=group_props   [{name,privacy_deny_group},parallel]
=started       2024-08-23 19:02:26
=ended         2024-08-23 19:02:26
=result        ok
=elapsed       3.0e-6
=case          ejabberd_SUITE:privacy_deny_group_master
=logfile       ejabberd_suite.privacy_deny_group_master.34402.html
=started       2024-08-23 19:02:26
=ended         2024-08-23 19:02:27
=result        ok
=elapsed       1.169077
=case          ejabberd_SUITE:privacy_deny_group_slave
=logfile       ejabberd_suite.privacy_deny_group_slave.34434.html
=started       2024-08-23 19:02:26
=ended         2024-08-23 19:02:27
=result        ok
=elapsed       1.165496
=case          ejabberd_SUITE:end_per_group
=logfile       ejabberd_suite.end_per_group.34530.html
=group_props   [{name,privacy_deny_group},parallel]
=started       2024-08-23 19:02:27
=ended         2024-08-23 19:02:27
=result        ok
=elapsed       3.0e-6
=group_time    1.229s
=case          ejabberd_SUITE:init_per_group
=logfile       ejabberd_suite.init_per_group.34562.html
=group_props   [{name,privacy_deny_sub_both},parallel]
=started       2024-08-23 19:02:27
=ended         2024-08-23 19:02:27
=result        ok
=elapsed       3.0e-6
=case          ejabberd_SUITE:privacy_deny_sub_both_master
=logfile       ejabberd_suite.privacy_deny_sub_both_master.34594.html
=started       2024-08-23 19:02:27
=ended         2024-08-23 19:02:28
=result        ok
=elapsed       1.167291
=case          ejabberd_SUITE:privacy_deny_sub_both_slave
=logfile       ejabberd_suite.privacy_deny_sub_both_slave.34626.html
=started       2024-08-23 19:02:27
=ended         2024-08-23 19:02:28
=result        ok
=elapsed       1.164204
=case          ejabberd_SUITE:end_per_group
=logfile       ejabberd_suite.end_per_group.34722.html
=group_props   [{name,privacy_deny_sub_both},parallel]
=started       2024-08-23 19:02:28
=ended         2024-08-23 19:02:28
=result        ok
=elapsed       3.0e-6
=group_time    1.229s
=case          ejabberd_SUITE:init_per_group
=logfile       ejabberd_suite.init_per_group.34754.html
=group_props   [{name,privacy_deny_sub_from},parallel]
=started       2024-08-23 19:02:28
=ended         2024-08-23 19:02:28
=result        ok
=elapsed       4.0e-6
=case          ejabberd_SUITE:privacy_deny_sub_from_master
=logfile       ejabberd_suite.privacy_deny_sub_from_master.34786.html
=started       2024-08-23 19:02:28
=ended         2024-08-23 19:02:30
=result        ok
=elapsed       1.179098
=case          ejabberd_SUITE:privacy_deny_sub_from_slave
=logfile       ejabberd_suite.privacy_deny_sub_from_slave.34818.html
=started       2024-08-23 19:02:28
=ended         2024-08-23 19:02:30
=result        ok
=elapsed       1.17356
=case          ejabberd_SUITE:end_per_group
=logfile       ejabberd_suite.end_per_group.34882.html
=group_props   [{name,privacy_deny_sub_from},parallel]
=started       2024-08-23 19:02:30
=ended         2024-08-23 19:02:30
=result        ok
=elapsed       3.0e-6
=group_time    1.239s
=case          ejabberd_SUITE:init_per_group
=logfile       ejabberd_suite.init_per_group.34914.html
=group_props   [{name,privacy_deny_sub_to},parallel]
=started       2024-08-23 19:02:30
=ended         2024-08-23 19:02:30
=result        ok
=elapsed       4.0e-6
=case          ejabberd_SUITE:privacy_deny_sub_to_master
=logfile       ejabberd_suite.privacy_deny_sub_to_master.34946.html
=started       2024-08-23 19:02:30
=ended         2024-08-23 19:02:31
=result        ok
=elapsed       1.185619
=case          ejabberd_SUITE:privacy_deny_sub_to_slave
=logfile       ejabberd_suite.privacy_deny_sub_to_slave.32643.html
=started       2024-08-23 19:02:30
=ended         2024-08-23 19:02:31
=result        ok
=elapsed       1.183184
=case          ejabberd_SUITE:end_per_group
=logfile       ejabberd_suite.end_per_group.32675.html
=group_props   [{name,privacy_deny_sub_to},parallel]
=started       2024-08-23 19:02:31
=ended         2024-08-23 19:02:31
=result        ok
=elapsed       6.0e-6
=group_time    1.247s
=case          ejabberd_SUITE:init_per_group
=logfile       ejabberd_suite.init_per_group.32707.html
=group_props   [{name,privacy_deny_sub_none},parallel]
=started       2024-08-23 19:02:31
=ended         2024-08-23 19:02:31
=result        ok
=elapsed       3.0e-6
=case          ejabberd_SUITE:privacy_deny_sub_none_master
=logfile       ejabberd_suite.privacy_deny_sub_none_master.35202.html
=started       2024-08-23 19:02:31
=ended         2024-08-23 19:02:32
=result        ok
=elapsed       1.161563
=case          ejabberd_SUITE:privacy_deny_sub_none_slave
=logfile       ejabberd_suite.privacy_deny_sub_none_slave.35234.html
=started       2024-08-23 19:02:31
=ended         2024-08-23 19:02:32
=result        ok
=elapsed       1.157883
=case          ejabberd_SUITE:end_per_group
=logfile       ejabberd_suite.end_per_group.32867.html
=group_props   [{name,privacy_deny_sub_none},parallel]
=started       2024-08-23 19:02:32
=ended         2024-08-23 19:02:32
=result        ok
=elapsed       7.0e-6
=group_time    1.223s
=case          ejabberd_SUITE:init_per_group
=logfile       ejabberd_suite.init_per_group.32899.html
=group_props   [{name,privacy_deny_all},parallel]
=started       2024-08-23 19:02:32
=ended         2024-08-23 19:02:32
=result        ok
=elapsed       3.0e-6
=case          ejabberd_SUITE:privacy_deny_all_master
=logfile       ejabberd_suite.privacy_deny_all_master.32931.html
=started       2024-08-23 19:02:32
=ended         2024-08-23 19:02:33
=result        ok
=elapsed       1.171924
=case          ejabberd_SUITE:privacy_deny_all_slave
=logfile       ejabberd_suite.privacy_deny_all_slave.32963.html
=started       2024-08-23 19:02:32
=ended         2024-08-23 19:02:33
=result        ok
=elapsed       1.169725
=case          ejabberd_SUITE:end_per_group
=logfile       ejabberd_suite.end_per_group.22116.html
=group_props   [{name,privacy_deny_all},parallel]
=started       2024-08-23 19:02:33
=ended         2024-08-23 19:02:33
=result        ok
=elapsed       3.0e-6
=group_time    1.233s
=case          ejabberd_SUITE:init_per_group
=logfile       ejabberd_suite.init_per_group.33059.html
=group_props   [{name,privacy_deny_offline},parallel]
=started       2024-08-23 19:02:33
=ended         2024-08-23 19:02:33
=result        ok
=elapsed       4.0e-6
=case          ejabberd_SUITE:privacy_deny_offline_master
=logfile       ejabberd_suite.privacy_deny_offline_master.22148.html
=started       2024-08-23 19:02:33
=ended         2024-08-23 19:02:34
=result        ok
=elapsed       0.250939
=case          ejabberd_SUITE:privacy_deny_offline_slave
=logfile       ejabberd_suite.privacy_deny_offline_slave.22180.html
=started       2024-08-23 19:02:33
=ended         2024-08-23 19:02:34
=result        ok
=elapsed       0.354302
=case          ejabberd_SUITE:end_per_group
=logfile       ejabberd_suite.end_per_group.22212.html
=group_props   [{name,privacy_deny_offline},parallel]
=started       2024-08-23 19:02:34
=ended         2024-08-23 19:02:34
=result        ok
=elapsed       3.0e-6
=group_time    0.416s
=case          ejabberd_SUITE:init_per_group
=logfile       ejabberd_suite.init_per_group.22244.html
=group_props   [{name,privacy_block},parallel]
=started       2024-08-23 19:02:34
=ended         2024-08-23 19:02:34
=result        ok
=elapsed       4.0e-6
=case          ejabberd_SUITE:privacy_block_master
=logfile       ejabberd_suite.privacy_block_master.22276.html
=started       2024-08-23 19:02:34
=ended         2024-08-23 19:02:34
=result        ok
=elapsed       0.445733
=case          ejabberd_SUITE:privacy_block_slave
=logfile       ejabberd_suite.privacy_block_slave.22308.html
=started       2024-08-23 19:02:34
=ended         2024-08-23 19:02:34
=result        ok
=elapsed       0.445445
=case          ejabberd_SUITE:end_per_group
=logfile       ejabberd_suite.end_per_group.22372.html
=group_props   [{name,privacy_block},parallel]
=started       2024-08-23 19:02:34
=ended         2024-08-23 19:02:34
=result        ok
=elapsed       2.0e-6
=group_time    0.507s
=case          ejabberd_SUITE:init_per_group
=logfile       ejabberd_suite.init_per_group.22404.html
=group_props   [{name,privacy_unblock},parallel]
=started       2024-08-23 19:02:34
=ended         2024-08-23 19:02:34
=result        ok
=elapsed       4.0e-6
=case          ejabberd_SUITE:privacy_unblock_master
=logfile       ejabberd_suite.privacy_unblock_master.22436.html
=started       2024-08-23 19:02:34
=ended         2024-08-23 19:02:35
=result        ok
=elapsed       0.210558
=case          ejabberd_SUITE:privacy_unblock_slave
=logfile       ejabberd_suite.privacy_unblock_slave.22468.html
=started       2024-08-23 19:02:34
=ended         2024-08-23 19:02:35
=result        ok
=elapsed       0.209602
=case          ejabberd_SUITE:end_per_group
=logfile       ejabberd_suite.end_per_group.22532.html
=group_props   [{name,privacy_unblock},parallel]
=started       2024-08-23 19:02:35
=ended         2024-08-23 19:02:35
=result        ok
=elapsed       3.0e-6
=group_time    0.273s
=case          ejabberd_SUITE:init_per_group
=logfile       ejabberd_suite.init_per_group.22564.html
=group_props   [{name,privacy_unblock_all},parallel]
=started       2024-08-23 19:02:35
=ended         2024-08-23 19:02:35
=result        ok
=elapsed       3.0e-6
=case          ejabberd_SUITE:privacy_unblock_all_master
=logfile       ejabberd_suite.privacy_unblock_all_master.35522.html
=started       2024-08-23 19:02:35
=ended         2024-08-23 19:02:35
=result        ok
=elapsed       0.205108
=case          ejabberd_SUITE:privacy_unblock_all_slave
=logfile       ejabberd_suite.privacy_unblock_all_slave.35554.html
=started       2024-08-23 19:02:35
=ended         2024-08-23 19:02:35
=result        ok
=elapsed       0.202226
=case          ejabberd_SUITE:end_per_group
=logfile       ejabberd_suite.end_per_group.35618.html
=group_props   [{name,privacy_unblock_all},parallel]
=started       2024-08-23 19:02:35
=ended         2024-08-23 19:02:35
=result        ok
=elapsed       3.0e-6
=group_time    0.267s
=case          ejabberd_SUITE:end_per_group
=logfile       ejabberd_suite.end_per_group.35650.html
=group_props   [{name,privacy_master_slave},sequence]
=started       2024-08-23 19:02:35
=ended         2024-08-23 19:02:35
=result        ok
=elapsed       8.0e-6
=group_time    14.134s
=case          ejabberd_SUITE:init_per_group
=logfile       ejabberd_suite.init_per_group.35682.html
=group_props   [{name,pubsub_master_slave},sequence]
=started       2024-08-23 19:02:35
=ended         2024-08-23 19:02:35
=result        ok
=elapsed       4.0e-6
=case          ejabberd_SUITE:init_per_group
=logfile       ejabberd_suite.init_per_group.22596.html
=group_props   [{name,pubsub_publish},parallel]
=started       2024-08-23 19:02:35
=ended         2024-08-23 19:02:35
=result        ok
=elapsed       3.0e-6
=case          ejabberd_SUITE:pubsub_publish_master
=logfile       ejabberd_suite.pubsub_publish_master.22628.html
=started       2024-08-23 19:02:35
=ended         2024-08-23 19:02:35
=result        ok
=elapsed       0.121777
=case          ejabberd_SUITE:pubsub_publish_slave
=logfile       ejabberd_suite.pubsub_publish_slave.22660.html
=started       2024-08-23 19:02:35
=ended         2024-08-23 19:02:35
=result        ok
=elapsed       0.12025
=case          ejabberd_SUITE:end_per_group
=logfile       ejabberd_suite.end_per_group.33475.html
=group_props   [{name,pubsub_publish},parallel]
=started       2024-08-23 19:02:35
=ended         2024-08-23 19:02:35
=result        ok
=elapsed       3.0e-6
=group_time    0.185s
=case          ejabberd_SUITE:init_per_group
=logfile       ejabberd_suite.init_per_group.33507.html
=group_props   [{name,pubsub_subscriptions},parallel]
=started       2024-08-23 19:02:35
=ended         2024-08-23 19:02:35
=result        ok
=elapsed       4.0e-6
=case          ejabberd_SUITE:pubsub_subscriptions_master
=logfile       ejabberd_suite.pubsub_subscriptions_master.33539.html
=started       2024-08-23 19:02:35
=ended         2024-08-23 19:02:35
=result        ok
=elapsed       0.149066
=case          ejabberd_SUITE:pubsub_subscriptions_slave
=logfile       ejabberd_suite.pubsub_subscriptions_slave.33571.html
=started       2024-08-23 19:02:35
=ended         2024-08-23 19:02:35
=result        ok
=elapsed       0.143496
=case          ejabberd_SUITE:end_per_group
=logfile       ejabberd_suite.end_per_group.33699.html
=group_props   [{name,pubsub_subscriptions},parallel]
=started       2024-08-23 19:02:35
=ended         2024-08-23 19:02:35
=result        ok
=elapsed       3.0e-6
=group_time    0.211s
=case          ejabberd_SUITE:init_per_group
=logfile       ejabberd_suite.init_per_group.35746.html
=group_props   [{name,pubsub_affiliations},parallel]
=started       2024-08-23 19:02:35
=ended         2024-08-23 19:02:35
=result        ok
=elapsed       2.0e-6
=case          ejabberd_SUITE:pubsub_affiliations_master
=logfile       ejabberd_suite.pubsub_affiliations_master.35778.html
=started       2024-08-23 19:02:35
=ended         2024-08-23 19:02:37
=result        ok
=elapsed       1.708773
=case          ejabberd_SUITE:pubsub_affiliations_slave
=logfile       ejabberd_suite.pubsub_affiliations_slave.35810.html
=started       2024-08-23 19:02:35
=ended         2024-08-23 19:02:37
=result        ok
=elapsed       1.723427
=case          ejabberd_SUITE:end_per_group
=logfile       ejabberd_suite.end_per_group.35874.html
=group_props   [{name,pubsub_affiliations},parallel]
=started       2024-08-23 19:02:37
=ended         2024-08-23 19:02:37
=result        ok
=elapsed       4.0e-6
=group_time    1.784s
=case          ejabberd_SUITE:init_per_group
=logfile       ejabberd_suite.init_per_group.22820.html
=group_props   [{name,pubsub_authorize},parallel]
=started       2024-08-23 19:02:37
=ended         2024-08-23 19:02:37
=result        ok
=elapsed       4.0e-6
=case          ejabberd_SUITE:pubsub_authorize_master
=logfile       ejabberd_suite.pubsub_authorize_master.22852.html
=started       2024-08-23 19:02:37
=ended         2024-08-23 19:02:38
=result        ok
=elapsed       0.212186
=case          ejabberd_SUITE:pubsub_authorize_slave
=logfile       ejabberd_suite.pubsub_authorize_slave.22884.html
=started       2024-08-23 19:02:37
=ended         2024-08-23 19:02:37
=result        ok
=elapsed       0.167596
=case          ejabberd_SUITE:end_per_group
=logfile       ejabberd_suite.end_per_group.33795.html
=group_props   [{name,pubsub_authorize},parallel]
=started       2024-08-23 19:02:38
=ended         2024-08-23 19:02:38
=result        ok
=elapsed       3.0e-6
=group_time    0.274s
=case          ejabberd_SUITE:end_per_group
=logfile       ejabberd_suite.end_per_group.35938.html
=group_props   [{name,pubsub_master_slave},sequence]
=started       2024-08-23 19:02:38
=ended         2024-08-23 19:02:38
=result        ok
=elapsed       3.0e-6
=group_time    2.580s
=case          ejabberd_SUITE:init_per_group
=logfile       ejabberd_suite.init_per_group.35970.html
=group_props   [{name,roster_master_slave},sequence]
=started       2024-08-23 19:02:38
=ended         2024-08-23 19:02:38
=result        ok
=elapsed       4.0e-6
=case          ejabberd_SUITE:init_per_group
=logfile       ejabberd_suite.init_per_group.36002.html
=group_props   [{name,roster_subscribe},parallel]
=started       2024-08-23 19:02:38
=ended         2024-08-23 19:02:38
=result        ok
=elapsed       3.0e-6
=case          ejabberd_SUITE:roster_subscribe_master
=logfile       ejabberd_suite.roster_subscribe_master.36034.html
=started       2024-08-23 19:02:38
=ended         2024-08-23 19:02:51
=result        ok
=elapsed       13.059081
=case          ejabberd_SUITE:roster_subscribe_slave
=logfile       ejabberd_suite.roster_subscribe_slave.36066.html
=started       2024-08-23 19:02:38
=ended         2024-08-23 19:02:51
=result        ok
=elapsed       13.05921
=case          ejabberd_SUITE:end_per_group
=logfile       ejabberd_suite.end_per_group.24004.html
=group_props   [{name,roster_subscribe},parallel]
=started       2024-08-23 19:02:51
=ended         2024-08-23 19:02:51
=result        ok
=elapsed       3.0e-6
=group_time    13.121s
=case          ejabberd_SUITE:end_per_group
=logfile       ejabberd_suite.end_per_group.24036.html
=group_props   [{name,roster_master_slave},sequence]
=started       2024-08-23 19:02:51
=ended         2024-08-23 19:02:51
=result        ok
=elapsed       9.0e-6
=group_time    13.171s
=case          ejabberd_SUITE:init_per_group
=logfile       ejabberd_suite.init_per_group.35299.html
=group_props   [{name,offline_master_slave},sequence]
=started       2024-08-23 19:02:51
=ended         2024-08-23 19:02:51
=result        ok
=elapsed       3.0e-6
=case          ejabberd_SUITE:init_per_group
=logfile       ejabberd_suite.init_per_group.38338.html
=group_props   [{name,offline_flex},parallel]
=started       2024-08-23 19:02:51
=ended         2024-08-23 19:02:51
=result        ok
=elapsed       4.0e-6
=case          ejabberd_SUITE:offline_flex_master
=logfile       ejabberd_suite.offline_flex_master.35331.html
=started       2024-08-23 19:02:51
=ended         2024-08-23 19:02:51
=result        ok
=elapsed       0.2066
=case          ejabberd_SUITE:offline_flex_slave
=logfile       ejabberd_suite.offline_flex_slave.35363.html
=started       2024-08-23 19:02:51
=ended         2024-08-23 19:02:51
=result        ok
=elapsed       0.331524
=case          ejabberd_SUITE:end_per_group
=logfile       ejabberd_suite.end_per_group.35459.html
=group_props   [{name,offline_flex},parallel]
=started       2024-08-23 19:02:51
=ended         2024-08-23 19:02:51
=result        ok
=elapsed       3.0e-6
=group_time    0.392s
=case          ejabberd_SUITE:init_per_group
=logfile       ejabberd_suite.init_per_group.24132.html
=group_props   [{name,offline_send_all},parallel]
=started       2024-08-23 19:02:51
=ended         2024-08-23 19:02:51
=result        ok
=elapsed       4.0e-6
=case          ejabberd_SUITE:offline_send_all_master
=logfile       ejabberd_suite.offline_send_all_master.35491.html
=started       2024-08-23 19:02:51
=ended         2024-08-23 19:03:05
=result        ok
=elapsed       13.708324
=case          ejabberd_SUITE:offline_send_all_slave
=logfile       ejabberd_suite.offline_send_all_slave.38370.html
=started       2024-08-23 19:02:51
=ended         2024-08-23 19:03:05
=result        ok
=elapsed       13.861869
=case          ejabberd_SUITE:end_per_group
=logfile       ejabberd_suite.end_per_group.35555.html
=group_props   [{name,offline_send_all},parallel]
=started       2024-08-23 19:03:05
=ended         2024-08-23 19:03:05
=result        ok
=elapsed       2.0e-6
=group_time    13.921s
=case          ejabberd_SUITE:init_per_group
=logfile       ejabberd_suite.init_per_group.35587.html
=group_props   [{name,offline_from_mam},parallel]
=started       2024-08-23 19:03:05
=ended         2024-08-23 19:03:05
=result        ok
=elapsed       3.0e-6
=case          ejabberd_SUITE:offline_from_mam_master
=logfile       ejabberd_suite.offline_from_mam_master.35619.html
=started       2024-08-23 19:03:05
=ended         2024-08-23 19:03:19
=result        ok
=elapsed       13.806661
=case          ejabberd_SUITE:offline_from_mam_slave
=logfile       ejabberd_suite.offline_from_mam_slave.35651.html
=started       2024-08-23 19:03:05
=ended         2024-08-23 19:03:19
=result        ok
=elapsed       14.016539
=case          ejabberd_SUITE:end_per_group
=logfile       ejabberd_suite.end_per_group.7589.html
=group_props   [{name,offline_from_mam},parallel]
=started       2024-08-23 19:03:19
=ended         2024-08-23 19:03:19
=result        ok
=elapsed       3.0e-6
=group_time    14.078s
=case          ejabberd_SUITE:init_per_group
=logfile       ejabberd_suite.init_per_group.7621.html
=group_props   [{name,offline_mucsub_mam},parallel]
=started       2024-08-23 19:03:19
=ended         2024-08-23 19:03:19
=result        ok
=elapsed       3.0e-6
=case          ejabberd_SUITE:offline_mucsub_mam_master
=logfile       ejabberd_suite.offline_mucsub_mam_master.7653.html
=started       2024-08-23 19:03:19
=ended         2024-08-23 19:03:20
=result        ok
=elapsed       0.259099
=case          ejabberd_SUITE:offline_mucsub_mam_slave
=logfile       ejabberd_suite.offline_mucsub_mam_slave.7685.html
=started       2024-08-23 19:03:19
=ended         2024-08-23 19:03:20
=result        ok
=elapsed       0.255079
=case          ejabberd_SUITE:end_per_group
=logfile       ejabberd_suite.end_per_group.7781.html
=group_props   [{name,offline_mucsub_mam},parallel]
=started       2024-08-23 19:03:20
=ended         2024-08-23 19:03:20
=result        ok
=elapsed       3.0e-6
=group_time    0.321s
=case          ejabberd_SUITE:end_per_group
=logfile       ejabberd_suite.end_per_group.7813.html
=group_props   [{name,offline_master_slave},sequence]
=started       2024-08-23 19:03:20
=ended         2024-08-23 19:03:20
=result        ok
=elapsed       9.0e-6
=group_time    28.839s
=case          ejabberd_SUITE:init_per_group
=logfile       ejabberd_suite.init_per_group.7845.html
=group_props   [{name,mam_master_slave},sequence]
=started       2024-08-23 19:03:20
=ended         2024-08-23 19:03:20
=result        ok
=elapsed       5.0e-6
=case          ejabberd_SUITE:init_per_group
=logfile       ejabberd_suite.init_per_group.7877.html
=group_props   [{name,mam_archived_and_stanza_id},parallel]
=started       2024-08-23 19:03:20
=ended         2024-08-23 19:03:20
=result        ok
=elapsed       4.0e-6
=case          ejabberd_SUITE:mam_archived_and_stanza_id_master
=logfile       ejabberd_suite.mam_archived_and_stanza_id_master.38594.html
=started       2024-08-23 19:03:20
=ended         2024-08-23 19:03:20
=result        ok
=elapsed       0.161565
=case          ejabberd_SUITE:mam_archived_and_stanza_id_slave
=logfile       ejabberd_suite.mam_archived_and_stanza_id_slave.38626.html
=started       2024-08-23 19:03:20
=ended         2024-08-23 19:03:20
=result        ok
=elapsed       0.170173
=case          ejabberd_SUITE:end_per_group
=logfile       ejabberd_suite.end_per_group.38690.html
=group_props   [{name,mam_archived_and_stanza_id},parallel]
=started       2024-08-23 19:03:20
=ended         2024-08-23 19:03:20
=result        ok
=elapsed       4.0e-6
=group_time    0.232s
=case          ejabberd_SUITE:init_per_group
=logfile       ejabberd_suite.init_per_group.7973.html
=group_props   [{name,mam_query_all},parallel]
=started       2024-08-23 19:03:20
=ended         2024-08-23 19:03:20
=result        ok
=elapsed       3.0e-6
=case          ejabberd_SUITE:mam_query_all_master
=logfile       ejabberd_suite.mam_query_all_master.8005.html
=started       2024-08-23 19:03:20
=ended         2024-08-23 19:03:20
=result        ok
=elapsed       0.192788
=case          ejabberd_SUITE:mam_query_all_slave
=logfile       ejabberd_suite.mam_query_all_slave.8037.html
=started       2024-08-23 19:03:20
=ended         2024-08-23 19:03:20
=result        ok
=elapsed       0.193938
=case          ejabberd_SUITE:end_per_group
=logfile       ejabberd_suite.end_per_group.8133.html
=group_props   [{name,mam_query_all},parallel]
=started       2024-08-23 19:03:20
=ended         2024-08-23 19:03:20
=result        ok
=elapsed       9.0e-6
=group_time    0.256s
=case          ejabberd_SUITE:init_per_group
=logfile       ejabberd_suite.init_per_group.8165.html
=group_props   [{name,mam_query_with},parallel]
=started       2024-08-23 19:03:20
=ended         2024-08-23 19:03:20
=result        ok
=elapsed       4.0e-6
=case          ejabberd_SUITE:mam_query_with_master
=logfile       ejabberd_suite.mam_query_with_master.24260.html
=started       2024-08-23 19:03:20
=ended         2024-08-23 19:03:20
=result        ok
=elapsed       0.211707
=case          ejabberd_SUITE:mam_query_with_slave
=logfile       ejabberd_suite.mam_query_with_slave.24292.html
=started       2024-08-23 19:03:20
=ended         2024-08-23 19:03:20
=result        ok
=elapsed       0.214521
=case          ejabberd_SUITE:end_per_group
=logfile       ejabberd_suite.end_per_group.38722.html
=group_props   [{name,mam_query_with},parallel]
=started       2024-08-23 19:03:20
=ended         2024-08-23 19:03:21
=result        ok
=elapsed       2.0e-6
=group_time    0.276s
=case          ejabberd_SUITE:init_per_group
=logfile       ejabberd_suite.init_per_group.38754.html
=group_props   [{name,mam_query_rsm_max},parallel]
=started       2024-08-23 19:03:21
=ended         2024-08-23 19:03:21
=result        ok
=elapsed       3.0e-6
=case          ejabberd_SUITE:mam_query_rsm_max_master
=logfile       ejabberd_suite.mam_query_rsm_max_master.38786.html
=started       2024-08-23 19:03:21
=ended         2024-08-23 19:03:21
=result        ok
=elapsed       0.271551
=case          ejabberd_SUITE:mam_query_rsm_max_slave
=logfile       ejabberd_suite.mam_query_rsm_max_slave.38818.html
=started       2024-08-23 19:03:21
=ended         2024-08-23 19:03:21
=result        ok
=elapsed       0.276642
=case          ejabberd_SUITE:end_per_group
=logfile       ejabberd_suite.end_per_group.38882.html
=group_props   [{name,mam_query_rsm_max},parallel]
=started       2024-08-23 19:03:21
=ended         2024-08-23 19:03:21
=result        ok
=elapsed       3.0e-6
=group_time    0.338s
=case          ejabberd_SUITE:init_per_group
=logfile       ejabberd_suite.init_per_group.38914.html
=group_props   [{name,mam_query_rsm_after},parallel]
=started       2024-08-23 19:03:21
=ended         2024-08-23 19:03:21
=result        ok
=elapsed       5.0e-6
=case          ejabberd_SUITE:mam_query_rsm_after_master
=logfile       ejabberd_suite.mam_query_rsm_after_master.38946.html
=started       2024-08-23 19:03:21
=ended         2024-08-23 19:03:21
=result        ok
=elapsed       0.254674
=case          ejabberd_SUITE:mam_query_rsm_after_slave
=logfile       ejabberd_suite.mam_query_rsm_after_slave.38978.html
=started       2024-08-23 19:03:21
=ended         2024-08-23 19:03:21
=result        ok
=elapsed       0.258096
=case          ejabberd_SUITE:end_per_group
=logfile       ejabberd_suite.end_per_group.39042.html
=group_props   [{name,mam_query_rsm_after},parallel]
=started       2024-08-23 19:03:21
=ended         2024-08-23 19:03:21
=result        ok
=elapsed       3.0e-6
=group_time    0.320s
=case          ejabberd_SUITE:init_per_group
=logfile       ejabberd_suite.init_per_group.39074.html
=group_props   [{name,mam_query_rsm_before},parallel]
=started       2024-08-23 19:03:21
=ended         2024-08-23 19:03:21
=result        ok
=elapsed       4.0e-6
=case          ejabberd_SUITE:mam_query_rsm_before_master
=logfile       ejabberd_suite.mam_query_rsm_before_master.24420.html
=started       2024-08-23 19:03:21
=ended         2024-08-23 19:03:22
=result        ok
=elapsed       0.269755
=case          ejabberd_SUITE:mam_query_rsm_before_slave
=logfile       ejabberd_suite.mam_query_rsm_before_slave.24452.html
=started       2024-08-23 19:03:21
=ended         2024-08-23 19:03:22
=result        ok
=elapsed       0.268171
=case          ejabberd_SUITE:end_per_group
=logfile       ejabberd_suite.end_per_group.24548.html
=group_props   [{name,mam_query_rsm_before},parallel]
=started       2024-08-23 19:03:22
=ended         2024-08-23 19:03:22
=result        ok
=elapsed       1.0e-5
=group_time    0.332s
=case          ejabberd_SUITE:init_per_group
=logfile       ejabberd_suite.init_per_group.8293.html
=group_props   [{name,mam_muc},parallel]
=started       2024-08-23 19:03:22
=ended         2024-08-23 19:03:22
=result        ok
=elapsed       5.0e-6
=case          ejabberd_SUITE:mam_muc_master
=logfile       ejabberd_suite.mam_muc_master.8325.html
=started       2024-08-23 19:03:22
=ended         2024-08-23 19:03:22
=result        ok
=elapsed       0.182669
=case          ejabberd_SUITE:mam_muc_slave
=logfile       ejabberd_suite.mam_muc_slave.24580.html
=started       2024-08-23 19:03:22
=ended         2024-08-23 19:03:22
=result        ok
=elapsed       0.175407
=case          ejabberd_SUITE:end_per_group
=logfile       ejabberd_suite.end_per_group.39202.html
=group_props   [{name,mam_muc},parallel]
=started       2024-08-23 19:03:22
=ended         2024-08-23 19:03:22
=result        ok
=elapsed       3.0e-6
=group_time    0.244s
=case          ejabberd_SUITE:init_per_group
=logfile       ejabberd_suite.init_per_group.24644.html
=group_props   [{name,mam_mucsub},parallel]
=started       2024-08-23 19:03:22
=ended         2024-08-23 19:03:22
=result        ok
=elapsed       4.0e-6
=case          ejabberd_SUITE:mam_mucsub_master
=logfile       ejabberd_suite.mam_mucsub_master.24676.html
=started       2024-08-23 19:03:22
=ended         2024-08-23 19:03:22
=result        ok
=elapsed       0.160777
=case          ejabberd_SUITE:mam_mucsub_slave
=logfile       ejabberd_suite.mam_mucsub_slave.24708.html
=started       2024-08-23 19:03:22
=ended         2024-08-23 19:03:22
=result        ok
=elapsed       0.159923
=case          ejabberd_SUITE:end_per_group
=logfile       ejabberd_suite.end_per_group.24804.html
=group_props   [{name,mam_mucsub},parallel]
=started       2024-08-23 19:03:22
=ended         2024-08-23 19:03:22
=result        ok
=elapsed       5.0e-6
=group_time    0.223s
=case          ejabberd_SUITE:init_per_group
=logfile       ejabberd_suite.init_per_group.24836.html
=group_props   [{name,mam_mucsub_from_muc},parallel]
=started       2024-08-23 19:03:22
=ended         2024-08-23 19:03:22
=result        ok
=elapsed       3.0e-6
=case          ejabberd_SUITE:mam_mucsub_from_muc_master
=logfile       ejabberd_suite.mam_mucsub_from_muc_master.24868.html
=started       2024-08-23 19:03:22
=ended         2024-08-23 19:03:22
=result        ok
=elapsed       0.161391
=case          ejabberd_SUITE:mam_mucsub_from_muc_slave
=logfile       ejabberd_suite.mam_mucsub_from_muc_slave.36003.html
=started       2024-08-23 19:03:22
=ended         2024-08-23 19:03:22
=result        ok
=elapsed       0.157618
=case          ejabberd_SUITE:end_per_group
=logfile       ejabberd_suite.end_per_group.36067.html
=group_props   [{name,mam_mucsub_from_muc},parallel]
=started       2024-08-23 19:03:22
=ended         2024-08-23 19:03:22
=result        ok
=elapsed       2.0e-6
=group_time    0.223s
=case          ejabberd_SUITE:init_per_group
=logfile       ejabberd_suite.init_per_group.36099.html
=group_props   [{name,mam_mucsub_from_muc_non_persistent},parallel]
=started       2024-08-23 19:03:22
=ended         2024-08-23 19:03:22
=result        ok
=elapsed       3.0e-6
=case          ejabberd_SUITE:mam_mucsub_from_muc_non_persistent_master
=logfile       ejabberd_suite.mam_mucsub_from_muc_non_persistent_master.36131.html
=started       2024-08-23 19:03:22
=ended         2024-08-23 19:03:23
=result        ok
=elapsed       0.149151
=case          ejabberd_SUITE:mam_mucsub_from_muc_non_persistent_slave
=logfile       ejabberd_suite.mam_mucsub_from_muc_non_persistent_slave.36163.html
=started       2024-08-23 19:03:22
=ended         2024-08-23 19:03:23
=result        ok
=elapsed       0.149149
=case          ejabberd_SUITE:end_per_group
=logfile       ejabberd_suite.end_per_group.36227.html
=group_props   [{name,mam_mucsub_from_muc_non_persistent},parallel]
=started       2024-08-23 19:03:23
=ended         2024-08-23 19:03:23
=result        ok
=elapsed       2.0e-6
=group_time    0.210s
=case          ejabberd_SUITE:end_per_group
=logfile       ejabberd_suite.end_per_group.8421.html
=group_props   [{name,mam_master_slave},sequence]
=started       2024-08-23 19:03:23
=ended         2024-08-23 19:03:23
=result        ok
=elapsed       2.0e-6
=group_time    2.936s
=case          ejabberd_SUITE:init_per_group
=logfile       ejabberd_suite.init_per_group.8453.html
=group_props   [{name,announce_master_slave},sequence]
=started       2024-08-23 19:03:23
=ended         2024-08-23 19:03:23
=result        ok
=elapsed       4.0e-6
=case          ejabberd_SUITE:init_per_group
=logfile       ejabberd_suite.init_per_group.8485.html
=group_props   [{name,announce_set_motd},parallel]
=started       2024-08-23 19:03:23
=ended         2024-08-23 19:03:23
=result        ok
=elapsed       4.0e-6
=case          ejabberd_SUITE:announce_set_motd_master
=logfile       ejabberd_suite.announce_set_motd_master.8517.html
=started       2024-08-23 19:03:23
=ended         2024-08-23 19:03:23
=result        ok
=elapsed       0.118578
=case          ejabberd_SUITE:announce_set_motd_slave
=logfile       ejabberd_suite.announce_set_motd_slave.8549.html
=started       2024-08-23 19:03:23
=ended         2024-08-23 19:03:23
=result        ok
=elapsed       0.120068
=case          ejabberd_SUITE:end_per_group
=logfile       ejabberd_suite.end_per_group.8613.html
=group_props   [{name,announce_set_motd},parallel]
=started       2024-08-23 19:03:23
=ended         2024-08-23 19:03:23
=result        ok
=elapsed       3.0e-6
=group_time    0.182s
=case          ejabberd_SUITE:end_per_group
=logfile       ejabberd_suite.end_per_group.8645.html
=group_props   [{name,announce_master_slave},sequence]
=started       2024-08-23 19:03:23
=ended         2024-08-23 19:03:23
=result        ok
=elapsed       8.0e-6
=group_time    0.232s
=case          ejabberd_SUITE:init_per_group
=logfile       ejabberd_suite.init_per_group.8677.html
=group_props   [{name,push_master_slave},sequence]
=started       2024-08-23 19:03:23
=ended         2024-08-23 19:03:23
=result        ok
=elapsed       5.0e-6
=case          ejabberd_SUITE:init_per_group
=logfile       ejabberd_suite.init_per_group.8709.html
=group_props   [{name,push_sm},parallel]
=started       2024-08-23 19:03:23
=ended         2024-08-23 19:03:23
=result        ok
=elapsed       3.0e-6
=case          ejabberd_SUITE:push_sm_master
=logfile       ejabberd_suite.push_sm_master.39458.html
=started       2024-08-23 19:03:23
=ended         2024-08-23 19:03:31
=result        ok
=elapsed       8.115512
=case          ejabberd_SUITE:push_sm_slave
=logfile       ejabberd_suite.push_sm_slave.39490.html
=started       2024-08-23 19:03:23
=ended         2024-08-23 19:03:23
=result        ok
=elapsed       0.005183
=case          ejabberd_SUITE:end_per_group
=logfile       ejabberd_suite.end_per_group.39586.html
=group_props   [{name,push_sm},parallel]
=started       2024-08-23 19:03:31
=ended         2024-08-23 19:03:31
=result        ok
=elapsed       3.0e-6
=group_time    8.186s
=case          ejabberd_SUITE:init_per_group
=logfile       ejabberd_suite.init_per_group.39618.html
=group_props   [{name,push_offline},parallel]
=started       2024-08-23 19:03:31
=ended         2024-08-23 19:03:31
=result        ok
=elapsed       3.0e-6
=case          ejabberd_SUITE:push_offline_master
=logfile       ejabberd_suite.push_offline_master.39650.html
=started       2024-08-23 19:03:31
=ended         2024-08-23 19:03:31
=result        ok
=elapsed       0.262179
=case          ejabberd_SUITE:push_offline_slave
=logfile       ejabberd_suite.push_offline_slave.39682.html
=started       2024-08-23 19:03:31
=ended         2024-08-23 19:03:31
=result        ok
=elapsed       0.109848
=case          ejabberd_SUITE:end_per_group
=logfile       ejabberd_suite.end_per_group.39746.html
=group_props   [{name,push_offline},parallel]
=started       2024-08-23 19:03:31
=ended         2024-08-23 19:03:31
=result        ok
=elapsed       4.0e-6
=group_time    0.323s
=case          ejabberd_SUITE:init_per_group
=logfile       ejabberd_suite.init_per_group.39778.html
=group_props   [{name,push_mam},parallel]
=started       2024-08-23 19:03:31
=ended         2024-08-23 19:03:31
=result        ok
=elapsed       3.0e-6
=case          ejabberd_SUITE:push_mam_master
=logfile       ejabberd_suite.push_mam_master.39810.html
=started       2024-08-23 19:03:31
=ended         2024-08-23 19:03:32
=result        ok
=elapsed       0.156978
=case          ejabberd_SUITE:push_mam_slave
=logfile       ejabberd_suite.push_mam_slave.39842.html
=started       2024-08-23 19:03:31
=ended         2024-08-23 19:03:32
=result        ok
=elapsed       0.271481
=case          ejabberd_SUITE:end_per_group
=logfile       ejabberd_suite.end_per_group.39938.html
=group_props   [{name,push_mam},parallel]
=started       2024-08-23 19:03:32
=ended         2024-08-23 19:03:32
=result        ok
=elapsed       2.0e-6
=group_time    0.333s
=case          ejabberd_SUITE:end_per_group
=logfile       ejabberd_suite.end_per_group.39970.html
=group_props   [{name,push_master_slave},sequence]
=started       2024-08-23 19:03:32
=ended         2024-08-23 19:03:32
=result        ok
=elapsed       8.0e-6
=group_time    8.945s
=case          ejabberd_SUITE:end_per_group
=logfile       ejabberd_suite.end_per_group.40002.html
=group_props   [{name,mysql},sequence]
=started       2024-08-23 19:03:32
=ended         2024-08-23 19:03:32
=result        ok
=elapsed       9.74e-4
=group_time    99.523s
=case          ejabberd_SUITE:init_per_group
=logfile       ejabberd_suite.init_per_group.40034.html
=group_props   [{name,mssql},sequence]
=started       2024-08-23 19:03:32
=ended         2024-08-23 19:03:32
=result        skipped: {disabled_backend,mssql}
=== *** SKIPPED {ejabberd_SUITE,init_per_group} ***
=== 
=case          ejabberd_SUITE:test_register
=group_props   [{name,"single_user"}]
=started       2024-08-23 19:03:32
=result        skipped: {disabled_backend,mssql}
=== *** Skipping test case #866 {ejabberd_SUITE,test_register} ***
=== 
=case          ejabberd_SUITE:test_legacy_auth_feature
=group_props   [{name,"legacy_auth"}]
=started       2024-08-23 19:03:32
=result        skipped: {disabled_backend,mssql}
=== *** Skipping test case #867 {ejabberd_SUITE,test_legacy_auth_feature} ***
=== 
=case          ejabberd_SUITE:test_legacy_auth
=group_props   [{name,"legacy_auth"}]
=started       2024-08-23 19:03:32
=result        skipped: {disabled_backend,mssql}
=== *** Skipping test case #868 {ejabberd_SUITE,test_legacy_auth} ***
=== 
=case          ejabberd_SUITE:test_legacy_auth_digest
=group_props   [{name,"legacy_auth"}]
=started       2024-08-23 19:03:32
=result        skipped: {disabled_backend,mssql}
=== *** Skipping test case #869 {ejabberd_SUITE,test_legacy_auth_digest} ***
=== 
=case          ejabberd_SUITE:test_legacy_auth_no_resource
=group_props   [{name,"legacy_auth"}]
=started       2024-08-23 19:03:32
=result        skipped: {disabled_backend,mssql}
=== *** Skipping test case #870 {ejabberd_SUITE,test_legacy_auth_no_resource} ***
=== 
=case          ejabberd_SUITE:test_legacy_auth_bad_jid
=group_props   [{name,"legacy_auth"}]
=started       2024-08-23 19:03:32
=result        skipped: {disabled_backend,mssql}
=== *** Skipping test case #871 {ejabberd_SUITE,test_legacy_auth_bad_jid} ***
=== 
=case          ejabberd_SUITE:test_legacy_auth_fail
=group_props   [{name,"legacy_auth"}]
=started       2024-08-23 19:03:32
=result        skipped: {disabled_backend,mssql}
=== *** Skipping test case #872 {ejabberd_SUITE,test_legacy_auth_fail} ***
=== 
=case          ejabberd_SUITE:auth_plain
=group_props   [{name,"single_user"}]
=started       2024-08-23 19:03:32
=result        skipped: {disabled_backend,mssql}
=== *** Skipping test case #873 {ejabberd_SUITE,auth_plain} ***
=== 
=case          ejabberd_SUITE:auth_md5
=group_props   [{name,"single_user"}]
=started       2024-08-23 19:03:32
=result        skipped: {disabled_backend,mssql}
=== *** Skipping test case #874 {ejabberd_SUITE,auth_md5} ***
=== 
=case          ejabberd_SUITE:presence_broadcast
=group_props   [{name,"single_user"}]
=started       2024-08-23 19:03:32
=result        skipped: {disabled_backend,mssql}
=== *** Skipping test case #875 {ejabberd_SUITE,presence_broadcast} ***
=== 
=case          ejabberd_SUITE:last
=group_props   [{name,"single_user"}]
=started       2024-08-23 19:03:32
=result        skipped: {disabled_backend,mssql}
=== *** Skipping test case #876 {ejabberd_SUITE,last} ***
=== 
=case          ejabberd_SUITE:webadmin_login_page
=group_props   [{name,"webadmin_single"}]
=started       2024-08-23 19:03:32
=result        skipped: {disabled_backend,mssql}
=== *** Skipping test case #877 {ejabberd_SUITE,webadmin_login_page} ***
=== 
=case          ejabberd_SUITE:webadmin_welcome_page
=group_props   [{name,"webadmin_single"}]
=started       2024-08-23 19:03:32
=result        skipped: {disabled_backend,mssql}
=== *** Skipping test case #878 {ejabberd_SUITE,webadmin_welcome_page} ***
=== 
=case          ejabberd_SUITE:webadmin_user_page
=group_props   [{name,"webadmin_single"}]
=started       2024-08-23 19:03:32
=result        skipped: {disabled_backend,mssql}
=== *** Skipping test case #879 {ejabberd_SUITE,webadmin_user_page} ***
=== 
=case          ejabberd_SUITE:webadmin_adduser
=group_props   [{name,"webadmin_single"}]
=started       2024-08-23 19:03:32
=result        skipped: {disabled_backend,mssql}
=== *** Skipping test case #880 {ejabberd_SUITE,webadmin_adduser} ***
=== 
=case          ejabberd_SUITE:webadmin_changepassword
=group_props   [{name,"webadmin_single"}]
=started       2024-08-23 19:03:32
=result        skipped: {disabled_backend,mssql}
=== *** Skipping test case #881 {ejabberd_SUITE,webadmin_changepassword} ***
=== 
=case          ejabberd_SUITE:webadmin_removeuser
=group_props   [{name,"webadmin_single"}]
=started       2024-08-23 19:03:32
=result        skipped: {disabled_backend,mssql}
=== *** Skipping test case #882 {ejabberd_SUITE,webadmin_removeuser} ***
=== 
=case          ejabberd_SUITE:roster_feature_enabled
=group_props   [{name,"roster_single"}]
=started       2024-08-23 19:03:32
=result        skipped: {disabled_backend,mssql}
=== *** Skipping test case #883 {ejabberd_SUITE,roster_feature_enabled} ***
=== 
=case          ejabberd_SUITE:roster_iq_set_many_items
=group_props   [{name,"roster_single"}]
=started       2024-08-23 19:03:32
=result        skipped: {disabled_backend,mssql}
=== *** Skipping test case #884 {ejabberd_SUITE,roster_iq_set_many_items} ***
=== 
=case          ejabberd_SUITE:roster_iq_set_duplicated_groups
=group_props   [{name,"roster_single"}]
=started       2024-08-23 19:03:32
=result        skipped: {disabled_backend,mssql}
=== *** Skipping test case #885 {ejabberd_SUITE,roster_iq_set_duplicated_groups} ***
=== 
=case          ejabberd_SUITE:roster_iq_get_item
=group_props   [{name,"roster_single"}]
=started       2024-08-23 19:03:32
=result        skipped: {disabled_backend,mssql}
=== *** Skipping test case #886 {ejabberd_SUITE,roster_iq_get_item} ***
=== 
=case          ejabberd_SUITE:roster_iq_unexpected_element
=group_props   [{name,"roster_single"}]
=started       2024-08-23 19:03:32
=result        skipped: {disabled_backend,mssql}
=== *** Skipping test case #887 {ejabberd_SUITE,roster_iq_unexpected_element} ***
=== 
=case          ejabberd_SUITE:roster_iq_set_ask
=group_props   [{name,"roster_single"}]
=started       2024-08-23 19:03:32
=result        skipped: {disabled_backend,mssql}
=== *** Skipping test case #888 {ejabberd_SUITE,roster_iq_set_ask} ***
=== 
=case          ejabberd_SUITE:roster_set_item
=group_props   [{name,"roster_single"}]
=started       2024-08-23 19:03:32
=result        skipped: {disabled_backend,mssql}
=== *** Skipping test case #889 {ejabberd_SUITE,roster_set_item} ***
=== 
=case          ejabberd_SUITE:roster_version
=group_props   [{name,"roster_single"}]
=started       2024-08-23 19:03:32
=result        skipped: {disabled_backend,mssql}
=== *** Skipping test case #890 {ejabberd_SUITE,roster_version} ***
=== 
=case          ejabberd_SUITE:private_test_features
=group_props   [{name,"private_single"}]
=started       2024-08-23 19:03:32
=result        skipped: {disabled_backend,mssql}
=== *** Skipping test case #891 {ejabberd_SUITE,private_test_features} ***
=== 
=case          ejabberd_SUITE:private_test_no_namespace
=group_props   [{name,"private_single"}]
=started       2024-08-23 19:03:32
=result        skipped: {disabled_backend,mssql}
=== *** Skipping test case #892 {ejabberd_SUITE,private_test_no_namespace} ***
=== 
=case          ejabberd_SUITE:private_test_set_get
=group_props   [{name,"private_single"}]
=started       2024-08-23 19:03:32
=result        skipped: {disabled_backend,mssql}
=== *** Skipping test case #893 {ejabberd_SUITE,private_test_set_get} ***
=== 
=case          ejabberd_SUITE:private_test_published
=group_props   [{name,"private_single"}]
=started       2024-08-23 19:03:32
=result        skipped: {disabled_backend,mssql}
=== *** Skipping test case #894 {ejabberd_SUITE,private_test_published} ***
=== 
=case          ejabberd_SUITE:privacy_feature_enabled
=group_props   [{name,"privacy_single"}]
=started       2024-08-23 19:03:32
=result        skipped: {disabled_backend,mssql}
=== *** Skipping test case #895 {ejabberd_SUITE,privacy_feature_enabled} ***
=== 
=case          ejabberd_SUITE:privacy_set_get_list
=group_props   [{name,"privacy_single"}]
=started       2024-08-23 19:03:32
=result        skipped: {disabled_backend,mssql}
=== *** Skipping test case #896 {ejabberd_SUITE,privacy_set_get_list} ***
=== 
=case          ejabberd_SUITE:privacy_get_list_non_existent
=group_props   [{name,"privacy_single"}]
=started       2024-08-23 19:03:32
=result        skipped: {disabled_backend,mssql}
=== *** Skipping test case #897 {ejabberd_SUITE,privacy_get_list_non_existent} ***
=== 
=case          ejabberd_SUITE:privacy_get_empty_lists
=group_props   [{name,"privacy_single"}]
=started       2024-08-23 19:03:32
=result        skipped: {disabled_backend,mssql}
=== *** Skipping test case #898 {ejabberd_SUITE,privacy_get_empty_lists} ***
=== 
=case          ejabberd_SUITE:privacy_set_default
=group_props   [{name,"privacy_single"}]
=started       2024-08-23 19:03:32
=result        skipped: {disabled_backend,mssql}
=== *** Skipping test case #899 {ejabberd_SUITE,privacy_set_default} ***
=== 
=case          ejabberd_SUITE:privacy_del_default
=group_props   [{name,"privacy_single"}]
=started       2024-08-23 19:03:32
=result        skipped: {disabled_backend,mssql}
=== *** Skipping test case #900 {ejabberd_SUITE,privacy_del_default} ***
=== 
=case          ejabberd_SUITE:privacy_set_default_non_existent
=group_props   [{name,"privacy_single"}]
=started       2024-08-23 19:03:32
=result        skipped: {disabled_backend,mssql}
=== *** Skipping test case #901 {ejabberd_SUITE,privacy_set_default_non_existent} ***
=== 
=case          ejabberd_SUITE:privacy_set_active
=group_props   [{name,"privacy_single"}]
=started       2024-08-23 19:03:32
=result        skipped: {disabled_backend,mssql}
=== *** Skipping test case #902 {ejabberd_SUITE,privacy_set_active} ***
=== 
=case          ejabberd_SUITE:privacy_del_active
=group_props   [{name,"privacy_single"}]
=started       2024-08-23 19:03:32
=result        skipped: {disabled_backend,mssql}
=== *** Skipping test case #903 {ejabberd_SUITE,privacy_del_active} ***
=== 
=case          ejabberd_SUITE:privacy_set_active_non_existent
=group_props   [{name,"privacy_single"}]
=started       2024-08-23 19:03:32
=result        skipped: {disabled_backend,mssql}
=== *** Skipping test case #904 {ejabberd_SUITE,privacy_set_active_non_existent} ***
=== 
=case          ejabberd_SUITE:privacy_remove_list
=group_props   [{name,"privacy_single"}]
=started       2024-08-23 19:03:32
=result        skipped: {disabled_backend,mssql}
=== *** Skipping test case #905 {ejabberd_SUITE,privacy_remove_list} ***
=== 
=case          ejabberd_SUITE:privacy_remove_default_list
=group_props   [{name,"privacy_single"}]
=started       2024-08-23 19:03:32
=result        skipped: {disabled_backend,mssql}
=== *** Skipping test case #906 {ejabberd_SUITE,privacy_remove_default_list} ***
=== 
=case          ejabberd_SUITE:privacy_remove_active_list
=group_props   [{name,"privacy_single"}]
=started       2024-08-23 19:03:32
=result        skipped: {disabled_backend,mssql}
=== *** Skipping test case #907 {ejabberd_SUITE,privacy_remove_active_list} ***
=== 
=case          ejabberd_SUITE:privacy_remove_list_non_existent
=group_props   [{name,"privacy_single"}]
=started       2024-08-23 19:03:32
=result        skipped: {disabled_backend,mssql}
=== *** Skipping test case #908 {ejabberd_SUITE,privacy_remove_list_non_existent} ***
=== 
=case          ejabberd_SUITE:privacy_allow_local_server
=group_props   [{name,"privacy_single"}]
=started       2024-08-23 19:03:32
=result        skipped: {disabled_backend,mssql}
=== *** Skipping test case #909 {ejabberd_SUITE,privacy_allow_local_server} ***
=== 
=case          ejabberd_SUITE:privacy_malformed_iq_query
=group_props   [{name,"privacy_single"}]
=started       2024-08-23 19:03:32
=result        skipped: {disabled_backend,mssql}
=== *** Skipping test case #910 {ejabberd_SUITE,privacy_malformed_iq_query} ***
=== 
=case          ejabberd_SUITE:privacy_malformed_get
=group_props   [{name,"privacy_single"}]
=started       2024-08-23 19:03:32
=result        skipped: {disabled_backend,mssql}
=== *** Skipping test case #911 {ejabberd_SUITE,privacy_malformed_get} ***
=== 
=case          ejabberd_SUITE:privacy_malformed_set
=group_props   [{name,"privacy_single"}]
=started       2024-08-23 19:03:32
=result        skipped: {disabled_backend,mssql}
=== *** Skipping test case #912 {ejabberd_SUITE,privacy_malformed_set} ***
=== 
=case          ejabberd_SUITE:privacy_malformed_type_value
=group_props   [{name,"privacy_single"}]
=started       2024-08-23 19:03:32
=result        skipped: {disabled_backend,mssql}
=== *** Skipping test case #913 {ejabberd_SUITE,privacy_malformed_type_value} ***
=== 
=case          ejabberd_SUITE:privacy_set_get_block
=group_props   [{name,"privacy_single"}]
=started       2024-08-23 19:03:32
=result        skipped: {disabled_backend,mssql}
=== *** Skipping test case #914 {ejabberd_SUITE,privacy_set_get_block} ***
=== 
=case          ejabberd_SUITE:vcard_feature_enabled
=group_props   [{name,"vcard_single"}]
=started       2024-08-23 19:03:32
=result        skipped: {disabled_backend,mssql}
=== *** Skipping test case #915 {ejabberd_SUITE,vcard_feature_enabled} ***
=== 
=case          ejabberd_SUITE:vcard_get_set
=group_props   [{name,"vcard_single"}]
=started       2024-08-23 19:03:32
=result        skipped: {disabled_backend,mssql}
=== *** Skipping test case #916 {ejabberd_SUITE,vcard_get_set} ***
=== 
=case          ejabberd_SUITE:vcard_service_vcard
=group_props   [{name,"vcard_single"}]
=started       2024-08-23 19:03:32
=result        skipped: {disabled_backend,mssql}
=== *** Skipping test case #917 {ejabberd_SUITE,vcard_service_vcard} ***
=== 
=case          ejabberd_SUITE:pubsub_test_features
=group_props   [{name,"pubsub_single"}]
=started       2024-08-23 19:03:32
=result        skipped: {disabled_backend,mssql}
=== *** Skipping test case #918 {ejabberd_SUITE,pubsub_test_features} ***
=== 
=case          ejabberd_SUITE:pubsub_test_vcard
=group_props   [{name,"pubsub_single"}]
=started       2024-08-23 19:03:32
=result        skipped: {disabled_backend,mssql}
=== *** Skipping test case #919 {ejabberd_SUITE,pubsub_test_vcard} ***
=== 
=case          ejabberd_SUITE:pubsub_test_create
=group_props   [{name,"pubsub_single"}]
=started       2024-08-23 19:03:32
=result        skipped: {disabled_backend,mssql}
=== *** Skipping test case #920 {ejabberd_SUITE,pubsub_test_create} ***
=== 
=case          ejabberd_SUITE:pubsub_test_configure
=group_props   [{name,"pubsub_single"}]
=started       2024-08-23 19:03:32
=result        skipped: {disabled_backend,mssql}
=== *** Skipping test case #921 {ejabberd_SUITE,pubsub_test_configure} ***
=== 
=case          ejabberd_SUITE:pubsub_test_delete
=group_props   [{name,"pubsub_single"}]
=started       2024-08-23 19:03:32
=result        skipped: {disabled_backend,mssql}
=== *** Skipping test case #922 {ejabberd_SUITE,pubsub_test_delete} ***
=== 
=case          ejabberd_SUITE:pubsub_test_get_affiliations
=group_props   [{name,"pubsub_single"}]
=started       2024-08-23 19:03:32
=result        skipped: {disabled_backend,mssql}
=== *** Skipping test case #923 {ejabberd_SUITE,pubsub_test_get_affiliations} ***
=== 
=case          ejabberd_SUITE:pubsub_test_get_subscriptions
=group_props   [{name,"pubsub_single"}]
=started       2024-08-23 19:03:32
=result        skipped: {disabled_backend,mssql}
=== *** Skipping test case #924 {ejabberd_SUITE,pubsub_test_get_subscriptions} ***
=== 
=case          ejabberd_SUITE:pubsub_test_create_instant
=group_props   [{name,"pubsub_single"}]
=started       2024-08-23 19:03:32
=result        skipped: {disabled_backend,mssql}
=== *** Skipping test case #925 {ejabberd_SUITE,pubsub_test_create_instant} ***
=== 
=case          ejabberd_SUITE:pubsub_test_default
=group_props   [{name,"pubsub_single"}]
=started       2024-08-23 19:03:32
=result        skipped: {disabled_backend,mssql}
=== *** Skipping test case #926 {ejabberd_SUITE,pubsub_test_default} ***
=== 
=case          ejabberd_SUITE:pubsub_test_create_configure
=group_props   [{name,"pubsub_single"}]
=started       2024-08-23 19:03:32
=result        skipped: {disabled_backend,mssql}
=== *** Skipping test case #927 {ejabberd_SUITE,pubsub_test_create_configure} ***
=== 
=case          ejabberd_SUITE:pubsub_test_publish
=group_props   [{name,"pubsub_single"}]
=started       2024-08-23 19:03:32
=result        skipped: {disabled_backend,mssql}
=== *** Skipping test case #928 {ejabberd_SUITE,pubsub_test_publish} ***
=== 
=case          ejabberd_SUITE:pubsub_test_auto_create
=group_props   [{name,"pubsub_single"}]
=started       2024-08-23 19:03:32
=result        skipped: {disabled_backend,mssql}
=== *** Skipping test case #929 {ejabberd_SUITE,pubsub_test_auto_create} ***
=== 
=case          ejabberd_SUITE:pubsub_test_get_items
=group_props   [{name,"pubsub_single"}]
=started       2024-08-23 19:03:32
=result        skipped: {disabled_backend,mssql}
=== *** Skipping test case #930 {ejabberd_SUITE,pubsub_test_get_items} ***
=== 
=case          ejabberd_SUITE:pubsub_test_delete_item
=group_props   [{name,"pubsub_single"}]
=started       2024-08-23 19:03:32
=result        skipped: {disabled_backend,mssql}
=== *** Skipping test case #931 {ejabberd_SUITE,pubsub_test_delete_item} ***
=== 
=case          ejabberd_SUITE:pubsub_test_purge
=group_props   [{name,"pubsub_single"}]
=started       2024-08-23 19:03:32
=result        skipped: {disabled_backend,mssql}
=== *** Skipping test case #932 {ejabberd_SUITE,pubsub_test_purge} ***
=== 
=case          ejabberd_SUITE:pubsub_test_subscribe
=group_props   [{name,"pubsub_single"}]
=started       2024-08-23 19:03:32
=result        skipped: {disabled_backend,mssql}
=== *** Skipping test case #933 {ejabberd_SUITE,pubsub_test_subscribe} ***
=== 
=case          ejabberd_SUITE:pubsub_test_subscribe_max_item_1
=group_props   [{name,"pubsub_single"}]
=started       2024-08-23 19:03:32
=result        skipped: {disabled_backend,mssql}
=== *** Skipping test case #934 {ejabberd_SUITE,pubsub_test_subscribe_max_item_1} ***
=== 
=case          ejabberd_SUITE:pubsub_test_unsubscribe
=group_props   [{name,"pubsub_single"}]
=started       2024-08-23 19:03:32
=result        skipped: {disabled_backend,mssql}
=== *** Skipping test case #935 {ejabberd_SUITE,pubsub_test_unsubscribe} ***
=== 
=case          ejabberd_SUITE:muc_service_presence_error
=group_props   [{name,"muc_single"}]
=started       2024-08-23 19:03:32
=result        skipped: {disabled_backend,mssql}
=== *** Skipping test case #936 {ejabberd_SUITE,muc_service_presence_error} ***
=== 
=case          ejabberd_SUITE:muc_service_message_error
=group_props   [{name,"muc_single"}]
=started       2024-08-23 19:03:32
=result        skipped: {disabled_backend,mssql}
=== *** Skipping test case #937 {ejabberd_SUITE,muc_service_message_error} ***
=== 
=case          ejabberd_SUITE:muc_service_unknown_ns_iq_error
=group_props   [{name,"muc_single"}]
=started       2024-08-23 19:03:32
=result        skipped: {disabled_backend,mssql}
=== *** Skipping test case #938 {ejabberd_SUITE,muc_service_unknown_ns_iq_error} ***
=== 
=case          ejabberd_SUITE:muc_service_iq_set_error
=group_props   [{name,"muc_single"}]
=started       2024-08-23 19:03:32
=result        skipped: {disabled_backend,mssql}
=== *** Skipping test case #939 {ejabberd_SUITE,muc_service_iq_set_error} ***
=== 
=case          ejabberd_SUITE:muc_service_improper_iq_error
=group_props   [{name,"muc_single"}]
=started       2024-08-23 19:03:32
=result        skipped: {disabled_backend,mssql}
=== *** Skipping test case #940 {ejabberd_SUITE,muc_service_improper_iq_error} ***
=== 
=case          ejabberd_SUITE:muc_service_features
=group_props   [{name,"muc_single"}]
=started       2024-08-23 19:03:32
=result        skipped: {disabled_backend,mssql}
=== *** Skipping test case #941 {ejabberd_SUITE,muc_service_features} ***
=== 
=case          ejabberd_SUITE:muc_service_disco_info_node_error
=group_props   [{name,"muc_single"}]
=started       2024-08-23 19:03:32
=result        skipped: {disabled_backend,mssql}
=== *** Skipping test case #942 {ejabberd_SUITE,muc_service_disco_info_node_error} ***
=== 
=case          ejabberd_SUITE:muc_service_disco_items
=group_props   [{name,"muc_single"}]
=started       2024-08-23 19:03:32
=result        skipped: {disabled_backend,mssql}
=== *** Skipping test case #943 {ejabberd_SUITE,muc_service_disco_items} ***
=== 
=case          ejabberd_SUITE:muc_service_unique
=group_props   [{name,"muc_single"}]
=started       2024-08-23 19:03:32
=result        skipped: {disabled_backend,mssql}
=== *** Skipping test case #944 {ejabberd_SUITE,muc_service_unique} ***
=== 
=case          ejabberd_SUITE:muc_service_vcard
=group_props   [{name,"muc_single"}]
=started       2024-08-23 19:03:32
=result        skipped: {disabled_backend,mssql}
=== *** Skipping test case #945 {ejabberd_SUITE,muc_service_vcard} ***
=== 
=case          ejabberd_SUITE:muc_configure_non_existent
=group_props   [{name,"muc_single"}]
=started       2024-08-23 19:03:32
=result        skipped: {disabled_backend,mssql}
=== *** Skipping test case #946 {ejabberd_SUITE,muc_configure_non_existent} ***
=== 
=case          ejabberd_SUITE:muc_cancel_configure_non_existent
=group_props   [{name,"muc_single"}]
=started       2024-08-23 19:03:32
=result        skipped: {disabled_backend,mssql}
=== *** Skipping test case #947 {ejabberd_SUITE,muc_cancel_configure_non_existent} ***
=== 
=case          ejabberd_SUITE:muc_service_subscriptions
=group_props   [{name,"muc_single"}]
=started       2024-08-23 19:03:32
=result        skipped: {disabled_backend,mssql}
=== *** Skipping test case #948 {ejabberd_SUITE,muc_service_subscriptions} ***
=== 
=case          ejabberd_SUITE:muc_set_room_affiliation
=group_props   [{name,"muc_single"}]
=started       2024-08-23 19:03:32
=result        skipped: {disabled_backend,mssql}
=== *** Skipping test case #949 {ejabberd_SUITE,muc_set_room_affiliation} ***
=== 
=case          ejabberd_SUITE:offline_feature_enabled
=group_props   [{name,"offline_single"}]
=started       2024-08-23 19:03:32
=result        skipped: {disabled_backend,mssql}
=== *** Skipping test case #950 {ejabberd_SUITE,offline_feature_enabled} ***
=== 
=case          ejabberd_SUITE:offline_check_identity
=group_props   [{name,"offline_single"}]
=started       2024-08-23 19:03:32
=result        skipped: {disabled_backend,mssql}
=== *** Skipping test case #951 {ejabberd_SUITE,offline_check_identity} ***
=== 
=case          ejabberd_SUITE:offline_send_non_existent
=group_props   [{name,"offline_single"}]
=started       2024-08-23 19:03:32
=result        skipped: {disabled_backend,mssql}
=== *** Skipping test case #952 {ejabberd_SUITE,offline_send_non_existent} ***
=== 
=case          ejabberd_SUITE:offline_view_non_existent
=group_props   [{name,"offline_single"}]
=started       2024-08-23 19:03:32
=result        skipped: {disabled_backend,mssql}
=== *** Skipping test case #953 {ejabberd_SUITE,offline_view_non_existent} ***
=== 
=case          ejabberd_SUITE:offline_remove_non_existent
=group_props   [{name,"offline_single"}]
=started       2024-08-23 19:03:32
=result        skipped: {disabled_backend,mssql}
=== *** Skipping test case #954 {ejabberd_SUITE,offline_remove_non_existent} ***
=== 
=case          ejabberd_SUITE:offline_view_non_integer
=group_props   [{name,"offline_single"}]
=started       2024-08-23 19:03:32
=result        skipped: {disabled_backend,mssql}
=== *** Skipping test case #955 {ejabberd_SUITE,offline_view_non_integer} ***
=== 
=case          ejabberd_SUITE:offline_remove_non_integer
=group_props   [{name,"offline_single"}]
=started       2024-08-23 19:03:32
=result        skipped: {disabled_backend,mssql}
=== *** Skipping test case #956 {ejabberd_SUITE,offline_remove_non_integer} ***
=== 
=case          ejabberd_SUITE:offline_malformed_iq
=group_props   [{name,"offline_single"}]
=started       2024-08-23 19:03:32
=result        skipped: {disabled_backend,mssql}
=== *** Skipping test case #957 {ejabberd_SUITE,offline_malformed_iq} ***
=== 
=case          ejabberd_SUITE:offline_wrong_user
=group_props   [{name,"offline_single"}]
=started       2024-08-23 19:03:32
=result        skipped: {disabled_backend,mssql}
=== *** Skipping test case #958 {ejabberd_SUITE,offline_wrong_user} ***
=== 
=case          ejabberd_SUITE:offline_unsupported_iq
=group_props   [{name,"offline_single"}]
=started       2024-08-23 19:03:32
=result        skipped: {disabled_backend,mssql}
=== *** Skipping test case #959 {ejabberd_SUITE,offline_unsupported_iq} ***
=== 
=case          ejabberd_SUITE:mam_feature_enabled
=group_props   [{name,"mam_single"}]
=started       2024-08-23 19:03:32
=result        skipped: {disabled_backend,mssql}
=== *** Skipping test case #960 {ejabberd_SUITE,mam_feature_enabled} ***
=== 
=case          ejabberd_SUITE:mam_get_set_prefs
=group_props   [{name,"mam_single"}]
=started       2024-08-23 19:03:32
=result        skipped: {disabled_backend,mssql}
=== *** Skipping test case #961 {ejabberd_SUITE,mam_get_set_prefs} ***
=== 
=case          ejabberd_SUITE:mam_get_form
=group_props   [{name,"mam_single"}]
=started       2024-08-23 19:03:32
=result        skipped: {disabled_backend,mssql}
=== *** Skipping test case #962 {ejabberd_SUITE,mam_get_form} ***
=== 
=case          ejabberd_SUITE:mam_fake_by
=group_props   [{name,"mam_single"}]
=started       2024-08-23 19:03:32
=result        skipped: {disabled_backend,mssql}
=== *** Skipping test case #963 {ejabberd_SUITE,mam_fake_by} ***
=== 
=case          ejabberd_SUITE:push_feature_enabled
=group_props   [{name,"push_single"}]
=started       2024-08-23 19:03:32
=result        skipped: {disabled_backend,mssql}
=== *** Skipping test case #964 {ejabberd_SUITE,push_feature_enabled} ***
=== 
=case          ejabberd_SUITE:push_unsupported_iq
=group_props   [{name,"push_single"}]
=started       2024-08-23 19:03:32
=result        skipped: {disabled_backend,mssql}
=== *** Skipping test case #965 {ejabberd_SUITE,push_unsupported_iq} ***
=== 
=case          ejabberd_SUITE:test_unregister
=group_props   [{name,"single_user"}]
=started       2024-08-23 19:03:32
=result        skipped: {disabled_backend,mssql}
=== *** Skipping test case #966 {ejabberd_SUITE,test_unregister} ***
=== 
=case          ejabberd_SUITE:muc_register_master
=group_props   [{name,"muc_register"}]
=started       2024-08-23 19:03:32
=result        skipped: {disabled_backend,mssql}
=== *** Skipping test case #967 {ejabberd_SUITE,muc_register_master} ***
=== 
=case          ejabberd_SUITE:muc_register_slave
=group_props   [{name,"muc_register"}]
=started       2024-08-23 19:03:32
=result        skipped: {disabled_backend,mssql}
=== *** Skipping test case #968 {ejabberd_SUITE,muc_register_slave} ***
=== 
=case          ejabberd_SUITE:muc_groupchat_msg_master
=group_props   [{name,"muc_groupchat_msg"}]
=started       2024-08-23 19:03:32
=result        skipped: {disabled_backend,mssql}
=== *** Skipping test case #969 {ejabberd_SUITE,muc_groupchat_msg_master} ***
=== 
=case          ejabberd_SUITE:muc_groupchat_msg_slave
=group_props   [{name,"muc_groupchat_msg"}]
=started       2024-08-23 19:03:32
=result        skipped: {disabled_backend,mssql}
=== *** Skipping test case #970 {ejabberd_SUITE,muc_groupchat_msg_slave} ***
=== 
=case          ejabberd_SUITE:muc_private_msg_master
=group_props   [{name,"muc_private_msg"}]
=started       2024-08-23 19:03:32
=result        skipped: {disabled_backend,mssql}
=== *** Skipping test case #971 {ejabberd_SUITE,muc_private_msg_master} ***
=== 
=case          ejabberd_SUITE:muc_private_msg_slave
=group_props   [{name,"muc_private_msg"}]
=started       2024-08-23 19:03:32
=result        skipped: {disabled_backend,mssql}
=== *** Skipping test case #972 {ejabberd_SUITE,muc_private_msg_slave} ***
=== 
=case          ejabberd_SUITE:muc_set_subject_master
=group_props   [{name,"muc_set_subject"}]
=started       2024-08-23 19:03:32
=result        skipped: {disabled_backend,mssql}
=== *** Skipping test case #973 {ejabberd_SUITE,muc_set_subject_master} ***
=== 
=case          ejabberd_SUITE:muc_set_subject_slave
=group_props   [{name,"muc_set_subject"}]
=started       2024-08-23 19:03:32
=result        skipped: {disabled_backend,mssql}
=== *** Skipping test case #974 {ejabberd_SUITE,muc_set_subject_slave} ***
=== 
=case          ejabberd_SUITE:muc_history_master
=group_props   [{name,"muc_history"}]
=started       2024-08-23 19:03:32
=result        skipped: {disabled_backend,mssql}
=== *** Skipping test case #975 {ejabberd_SUITE,muc_history_master} ***
=== 
=case          ejabberd_SUITE:muc_history_slave
=group_props   [{name,"muc_history"}]
=started       2024-08-23 19:03:32
=result        skipped: {disabled_backend,mssql}
=== *** Skipping test case #976 {ejabberd_SUITE,muc_history_slave} ***
=== 
=case          ejabberd_SUITE:muc_invite_master
=group_props   [{name,"muc_invite"}]
=started       2024-08-23 19:03:32
=result        skipped: {disabled_backend,mssql}
=== *** Skipping test case #977 {ejabberd_SUITE,muc_invite_master} ***
=== 
=case          ejabberd_SUITE:muc_invite_slave
=group_props   [{name,"muc_invite"}]
=started       2024-08-23 19:03:32
=result        skipped: {disabled_backend,mssql}
=== *** Skipping test case #978 {ejabberd_SUITE,muc_invite_slave} ***
=== 
=case          ejabberd_SUITE:muc_invite_members_only_master
=group_props   [{name,"muc_invite_members_only"}]
=started       2024-08-23 19:03:32
=result        skipped: {disabled_backend,mssql}
=== *** Skipping test case #979 {ejabberd_SUITE,muc_invite_members_only_master} ***
=== 
=case          ejabberd_SUITE:muc_invite_members_only_slave
=group_props   [{name,"muc_invite_members_only"}]
=started       2024-08-23 19:03:32
=result        skipped: {disabled_backend,mssql}
=== *** Skipping test case #980 {ejabberd_SUITE,muc_invite_members_only_slave} ***
=== 
=case          ejabberd_SUITE:muc_invite_password_protected_master
=group_props   [{name,"muc_invite_password_protected"}]
=started       2024-08-23 19:03:32
=result        skipped: {disabled_backend,mssql}
=== *** Skipping test case #981 {ejabberd_SUITE,muc_invite_password_protected_master} ***
=== 
=case          ejabberd_SUITE:muc_invite_password_protected_slave
=group_props   [{name,"muc_invite_password_protected"}]
=started       2024-08-23 19:03:32
=result        skipped: {disabled_backend,mssql}
=== *** Skipping test case #982 {ejabberd_SUITE,muc_invite_password_protected_slave} ***
=== 
=case          ejabberd_SUITE:muc_voice_request_master
=group_props   [{name,"muc_voice_request"}]
=started       2024-08-23 19:03:32
=result        skipped: {disabled_backend,mssql}
=== *** Skipping test case #983 {ejabberd_SUITE,muc_voice_request_master} ***
=== 
=case          ejabberd_SUITE:muc_voice_request_slave
=group_props   [{name,"muc_voice_request"}]
=started       2024-08-23 19:03:32
=result        skipped: {disabled_backend,mssql}
=== *** Skipping test case #984 {ejabberd_SUITE,muc_voice_request_slave} ***
=== 
=case          ejabberd_SUITE:muc_change_role_master
=group_props   [{name,"muc_change_role"}]
=started       2024-08-23 19:03:32
=result        skipped: {disabled_backend,mssql}
=== *** Skipping test case #985 {ejabberd_SUITE,muc_change_role_master} ***
=== 
=case          ejabberd_SUITE:muc_change_role_slave
=group_props   [{name,"muc_change_role"}]
=started       2024-08-23 19:03:32
=result        skipped: {disabled_backend,mssql}
=== *** Skipping test case #986 {ejabberd_SUITE,muc_change_role_slave} ***
=== 
=case          ejabberd_SUITE:muc_kick_master
=group_props   [{name,"muc_kick"}]
=started       2024-08-23 19:03:32
=result        skipped: {disabled_backend,mssql}
=== *** Skipping test case #987 {ejabberd_SUITE,muc_kick_master} ***
=== 
=case          ejabberd_SUITE:muc_kick_slave
=group_props   [{name,"muc_kick"}]
=started       2024-08-23 19:03:32
=result        skipped: {disabled_backend,mssql}
=== *** Skipping test case #988 {ejabberd_SUITE,muc_kick_slave} ***
=== 
=case          ejabberd_SUITE:muc_change_affiliation_master
=group_props   [{name,"muc_change_affiliation"}]
=started       2024-08-23 19:03:32
=result        skipped: {disabled_backend,mssql}
=== *** Skipping test case #989 {ejabberd_SUITE,muc_change_affiliation_master} ***
=== 
=case          ejabberd_SUITE:muc_change_affiliation_slave
=group_props   [{name,"muc_change_affiliation"}]
=started       2024-08-23 19:03:32
=result        skipped: {disabled_backend,mssql}
=== *** Skipping test case #990 {ejabberd_SUITE,muc_change_affiliation_slave} ***
=== 
=case          ejabberd_SUITE:muc_destroy_master
=group_props   [{name,"muc_destroy"}]
=started       2024-08-23 19:03:32
=result        skipped: {disabled_backend,mssql}
=== *** Skipping test case #991 {ejabberd_SUITE,muc_destroy_master} ***
=== 
=case          ejabberd_SUITE:muc_destroy_slave
=group_props   [{name,"muc_destroy"}]
=started       2024-08-23 19:03:32
=result        skipped: {disabled_backend,mssql}
=== *** Skipping test case #992 {ejabberd_SUITE,muc_destroy_slave} ***
=== 
=case          ejabberd_SUITE:muc_vcard_master
=group_props   [{name,"muc_vcard"}]
=started       2024-08-23 19:03:32
=result        skipped: {disabled_backend,mssql}
=== *** Skipping test case #993 {ejabberd_SUITE,muc_vcard_master} ***
=== 
=case          ejabberd_SUITE:muc_vcard_slave
=group_props   [{name,"muc_vcard"}]
=started       2024-08-23 19:03:32
=result        skipped: {disabled_backend,mssql}
=== *** Skipping test case #994 {ejabberd_SUITE,muc_vcard_slave} ***
=== 
=case          ejabberd_SUITE:muc_nick_change_master
=group_props   [{name,"muc_nick_change"}]
=started       2024-08-23 19:03:32
=result        skipped: {disabled_backend,mssql}
=== *** Skipping test case #995 {ejabberd_SUITE,muc_nick_change_master} ***
=== 
=case          ejabberd_SUITE:muc_nick_change_slave
=group_props   [{name,"muc_nick_change"}]
=started       2024-08-23 19:03:32
=result        skipped: {disabled_backend,mssql}
=== *** Skipping test case #996 {ejabberd_SUITE,muc_nick_change_slave} ***
=== 
=case          ejabberd_SUITE:muc_config_title_desc_master
=group_props   [{name,"muc_config_title_desc"}]
=started       2024-08-23 19:03:32
=result        skipped: {disabled_backend,mssql}
=== *** Skipping test case #997 {ejabberd_SUITE,muc_config_title_desc_master} ***
=== 
=case          ejabberd_SUITE:muc_config_title_desc_slave
=group_props   [{name,"muc_config_title_desc"}]
=started       2024-08-23 19:03:32
=result        skipped: {disabled_backend,mssql}
=== *** Skipping test case #998 {ejabberd_SUITE,muc_config_title_desc_slave} ***
=== 
=case          ejabberd_SUITE:muc_config_public_list_master
=group_props   [{name,"muc_config_public_list"}]
=started       2024-08-23 19:03:32
=result        skipped: {disabled_backend,mssql}
=== *** Skipping test case #999 {ejabberd_SUITE,muc_config_public_list_master} ***
=== 
=case          ejabberd_SUITE:muc_config_public_list_slave
=group_props   [{name,"muc_config_public_list"}]
=started       2024-08-23 19:03:32
=result        skipped: {disabled_backend,mssql}
=== *** Skipping test case #1000 {ejabberd_SUITE,muc_config_public_list_slave} ***
=== 
=case          ejabberd_SUITE:muc_config_password_master
=group_props   [{name,"muc_config_password"}]
=started       2024-08-23 19:03:32
=result        skipped: {disabled_backend,mssql}
=== *** Skipping test case #1001 {ejabberd_SUITE,muc_config_password_master} ***
=== 
=case          ejabberd_SUITE:muc_config_password_slave
=group_props   [{name,"muc_config_password"}]
=started       2024-08-23 19:03:32
=result        skipped: {disabled_backend,mssql}
=== *** Skipping test case #1002 {ejabberd_SUITE,muc_config_password_slave} ***
=== 
=case          ejabberd_SUITE:muc_config_whois_master
=group_props   [{name,"muc_config_whois"}]
=started       2024-08-23 19:03:32
=result        skipped: {disabled_backend,mssql}
=== *** Skipping test case #1003 {ejabberd_SUITE,muc_config_whois_master} ***
=== 
=case          ejabberd_SUITE:muc_config_whois_slave
=group_props   [{name,"muc_config_whois"}]
=started       2024-08-23 19:03:32
=result        skipped: {disabled_backend,mssql}
=== *** Skipping test case #1004 {ejabberd_SUITE,muc_config_whois_slave} ***
=== 
=case          ejabberd_SUITE:muc_config_members_only_master
=group_props   [{name,"muc_config_members_only"}]
=started       2024-08-23 19:03:32
=result        skipped: {disabled_backend,mssql}
=== *** Skipping test case #1005 {ejabberd_SUITE,muc_config_members_only_master} ***
=== 
=case          ejabberd_SUITE:muc_config_members_only_slave
=group_props   [{name,"muc_config_members_only"}]
=started       2024-08-23 19:03:32
=result        skipped: {disabled_backend,mssql}
=== *** Skipping test case #1006 {ejabberd_SUITE,muc_config_members_only_slave} ***
=== 
=case          ejabberd_SUITE:muc_config_moderated_master
=group_props   [{name,"muc_config_moderated"}]
=started       2024-08-23 19:03:32
=result        skipped: {disabled_backend,mssql}
=== *** Skipping test case #1007 {ejabberd_SUITE,muc_config_moderated_master} ***
=== 
=case          ejabberd_SUITE:muc_config_moderated_slave
=group_props   [{name,"muc_config_moderated"}]
=started       2024-08-23 19:03:32
=result        skipped: {disabled_backend,mssql}
=== *** Skipping test case #1008 {ejabberd_SUITE,muc_config_moderated_slave} ***
=== 
=case          ejabberd_SUITE:muc_config_private_messages_master
=group_props   [{name,"muc_config_private_messages"}]
=started       2024-08-23 19:03:32
=result        skipped: {disabled_backend,mssql}
=== *** Skipping test case #1009 {ejabberd_SUITE,muc_config_private_messages_master} ***
=== 
=case          ejabberd_SUITE:muc_config_private_messages_slave
=group_props   [{name,"muc_config_private_messages"}]
=started       2024-08-23 19:03:32
=result        skipped: {disabled_backend,mssql}
=== *** Skipping test case #1010 {ejabberd_SUITE,muc_config_private_messages_slave} ***
=== 
=case          ejabberd_SUITE:muc_config_query_master
=group_props   [{name,"muc_config_query"}]
=started       2024-08-23 19:03:32
=result        skipped: {disabled_backend,mssql}
=== *** Skipping test case #1011 {ejabberd_SUITE,muc_config_query_master} ***
=== 
=case          ejabberd_SUITE:muc_config_query_slave
=group_props   [{name,"muc_config_query"}]
=started       2024-08-23 19:03:32
=result        skipped: {disabled_backend,mssql}
=== *** Skipping test case #1012 {ejabberd_SUITE,muc_config_query_slave} ***
=== 
=case          ejabberd_SUITE:muc_config_allow_invites_master
=group_props   [{name,"muc_config_allow_invites"}]
=started       2024-08-23 19:03:32
=result        skipped: {disabled_backend,mssql}
=== *** Skipping test case #1013 {ejabberd_SUITE,muc_config_allow_invites_master} ***
=== 
=case          ejabberd_SUITE:muc_config_allow_invites_slave
=group_props   [{name,"muc_config_allow_invites"}]
=started       2024-08-23 19:03:32
=result        skipped: {disabled_backend,mssql}
=== *** Skipping test case #1014 {ejabberd_SUITE,muc_config_allow_invites_slave} ***
=== 
=case          ejabberd_SUITE:muc_config_visitor_status_master
=group_props   [{name,"muc_config_visitor_status"}]
=started       2024-08-23 19:03:32
=result        skipped: {disabled_backend,mssql}
=== *** Skipping test case #1015 {ejabberd_SUITE,muc_config_visitor_status_master} ***
=== 
=case          ejabberd_SUITE:muc_config_visitor_status_slave
=group_props   [{name,"muc_config_visitor_status"}]
=started       2024-08-23 19:03:32
=result        skipped: {disabled_backend,mssql}
=== *** Skipping test case #1016 {ejabberd_SUITE,muc_config_visitor_status_slave} ***
=== 
=case          ejabberd_SUITE:muc_config_allow_voice_requests_master
=group_props   [{name,"muc_config_allow_voice_requests"}]
=started       2024-08-23 19:03:32
=result        skipped: {disabled_backend,mssql}
=== *** Skipping test case #1017 {ejabberd_SUITE,muc_config_allow_voice_requests_master} ***
=== 
=case          ejabberd_SUITE:muc_config_allow_voice_requests_slave
=group_props   [{name,"muc_config_allow_voice_requests"}]
=started       2024-08-23 19:03:32
=result        skipped: {disabled_backend,mssql}
=== *** Skipping test case #1018 {ejabberd_SUITE,muc_config_allow_voice_requests_slave} ***
=== 
=case          ejabberd_SUITE:muc_config_voice_request_interval_master
=group_props   [{name,"muc_config_voice_request_interval"}]
=started       2024-08-23 19:03:32
=result        skipped: {disabled_backend,mssql}
=== *** Skipping test case #1019 {ejabberd_SUITE,muc_config_voice_request_interval_master} ***
=== 
=case          ejabberd_SUITE:muc_config_voice_request_interval_slave
=group_props   [{name,"muc_config_voice_request_interval"}]
=started       2024-08-23 19:03:32
=result        skipped: {disabled_backend,mssql}
=== *** Skipping test case #1020 {ejabberd_SUITE,muc_config_voice_request_interval_slave} ***
=== 
=case          ejabberd_SUITE:muc_config_visitor_nickchange_master
=group_props   [{name,"muc_config_visitor_nickchange"}]
=started       2024-08-23 19:03:32
=result        skipped: {disabled_backend,mssql}
=== *** Skipping test case #1021 {ejabberd_SUITE,muc_config_visitor_nickchange_master} ***
=== 
=case          ejabberd_SUITE:muc_config_visitor_nickchange_slave
=group_props   [{name,"muc_config_visitor_nickchange"}]
=started       2024-08-23 19:03:32
=result        skipped: {disabled_backend,mssql}
=== *** Skipping test case #1022 {ejabberd_SUITE,muc_config_visitor_nickchange_slave} ***
=== 
=case          ejabberd_SUITE:muc_join_conflict_master
=group_props   [{name,"muc_join_conflict"}]
=started       2024-08-23 19:03:32
=result        skipped: {disabled_backend,mssql}
=== *** Skipping test case #1023 {ejabberd_SUITE,muc_join_conflict_master} ***
=== 
=case          ejabberd_SUITE:muc_join_conflict_slave
=group_props   [{name,"muc_join_conflict"}]
=started       2024-08-23 19:03:32
=result        skipped: {disabled_backend,mssql}
=== *** Skipping test case #1024 {ejabberd_SUITE,muc_join_conflict_slave} ***
=== 
=case          ejabberd_SUITE:privacy_deny_bare_jid_master
=group_props   [{name,"privacy_deny_bare_jid"}]
=started       2024-08-23 19:03:32
=result        skipped: {disabled_backend,mssql}
=== *** Skipping test case #1025 {ejabberd_SUITE,privacy_deny_bare_jid_master} ***
=== 
=case          ejabberd_SUITE:privacy_deny_bare_jid_slave
=group_props   [{name,"privacy_deny_bare_jid"}]
=started       2024-08-23 19:03:32
=result        skipped: {disabled_backend,mssql}
=== *** Skipping test case #1026 {ejabberd_SUITE,privacy_deny_bare_jid_slave} ***
=== 
=case          ejabberd_SUITE:privacy_deny_full_jid_master
=group_props   [{name,"privacy_deny_full_jid"}]
=started       2024-08-23 19:03:32
=result        skipped: {disabled_backend,mssql}
=== *** Skipping test case #1027 {ejabberd_SUITE,privacy_deny_full_jid_master} ***
=== 
=case          ejabberd_SUITE:privacy_deny_full_jid_slave
=group_props   [{name,"privacy_deny_full_jid"}]
=started       2024-08-23 19:03:32
=result        skipped: {disabled_backend,mssql}
=== *** Skipping test case #1028 {ejabberd_SUITE,privacy_deny_full_jid_slave} ***
=== 
=case          ejabberd_SUITE:privacy_deny_server_bare_jid_master
=group_props   [{name,"privacy_deny_server_bare_jid"}]
=started       2024-08-23 19:03:32
=result        skipped: {disabled_backend,mssql}
=== *** Skipping test case #1029 {ejabberd_SUITE,privacy_deny_server_bare_jid_master} ***
=== 
=case          ejabberd_SUITE:privacy_deny_server_bare_jid_slave
=group_props   [{name,"privacy_deny_server_bare_jid"}]
=started       2024-08-23 19:03:32
=result        skipped: {disabled_backend,mssql}
=== *** Skipping test case #1030 {ejabberd_SUITE,privacy_deny_server_bare_jid_slave} ***
=== 
=case          ejabberd_SUITE:privacy_deny_server_full_jid_master
=group_props   [{name,"privacy_deny_server_full_jid"}]
=started       2024-08-23 19:03:32
=result        skipped: {disabled_backend,mssql}
=== *** Skipping test case #1031 {ejabberd_SUITE,privacy_deny_server_full_jid_master} ***
=== 
=case          ejabberd_SUITE:privacy_deny_server_full_jid_slave
=group_props   [{name,"privacy_deny_server_full_jid"}]
=started       2024-08-23 19:03:32
=result        skipped: {disabled_backend,mssql}
=== *** Skipping test case #1032 {ejabberd_SUITE,privacy_deny_server_full_jid_slave} ***
=== 
=case          ejabberd_SUITE:privacy_deny_group_master
=group_props   [{name,"privacy_deny_group"}]
=started       2024-08-23 19:03:32
=result        skipped: {disabled_backend,mssql}
=== *** Skipping test case #1033 {ejabberd_SUITE,privacy_deny_group_master} ***
=== 
=case          ejabberd_SUITE:privacy_deny_group_slave
=group_props   [{name,"privacy_deny_group"}]
=started       2024-08-23 19:03:32
=result        skipped: {disabled_backend,mssql}
=== *** Skipping test case #1034 {ejabberd_SUITE,privacy_deny_group_slave} ***
=== 
=case          ejabberd_SUITE:privacy_deny_sub_both_master
=group_props   [{name,"privacy_deny_sub_both"}]
=started       2024-08-23 19:03:32
=result        skipped: {disabled_backend,mssql}
=== *** Skipping test case #1035 {ejabberd_SUITE,privacy_deny_sub_both_master} ***
=== 
=case          ejabberd_SUITE:privacy_deny_sub_both_slave
=group_props   [{name,"privacy_deny_sub_both"}]
=started       2024-08-23 19:03:32
=result        skipped: {disabled_backend,mssql}
=== *** Skipping test case #1036 {ejabberd_SUITE,privacy_deny_sub_both_slave} ***
=== 
=case          ejabberd_SUITE:privacy_deny_sub_from_master
=group_props   [{name,"privacy_deny_sub_from"}]
=started       2024-08-23 19:03:32
=result        skipped: {disabled_backend,mssql}
=== *** Skipping test case #1037 {ejabberd_SUITE,privacy_deny_sub_from_master} ***
=== 
=case          ejabberd_SUITE:privacy_deny_sub_from_slave
=group_props   [{name,"privacy_deny_sub_from"}]
=started       2024-08-23 19:03:32
=result        skipped: {disabled_backend,mssql}
=== *** Skipping test case #1038 {ejabberd_SUITE,privacy_deny_sub_from_slave} ***
=== 
=case          ejabberd_SUITE:privacy_deny_sub_to_master
=group_props   [{name,"privacy_deny_sub_to"}]
=started       2024-08-23 19:03:32
=result        skipped: {disabled_backend,mssql}
=== *** Skipping test case #1039 {ejabberd_SUITE,privacy_deny_sub_to_master} ***
=== 
=case          ejabberd_SUITE:privacy_deny_sub_to_slave
=group_props   [{name,"privacy_deny_sub_to"}]
=started       2024-08-23 19:03:32
=result        skipped: {disabled_backend,mssql}
=== *** Skipping test case #1040 {ejabberd_SUITE,privacy_deny_sub_to_slave} ***
=== 
=case          ejabberd_SUITE:privacy_deny_sub_none_master
=group_props   [{name,"privacy_deny_sub_none"}]
=started       2024-08-23 19:03:32
=result        skipped: {disabled_backend,mssql}
=== *** Skipping test case #1041 {ejabberd_SUITE,privacy_deny_sub_none_master} ***
=== 
=case          ejabberd_SUITE:privacy_deny_sub_none_slave
=group_props   [{name,"privacy_deny_sub_none"}]
=started       2024-08-23 19:03:32
=result        skipped: {disabled_backend,mssql}
=== *** Skipping test case #1042 {ejabberd_SUITE,privacy_deny_sub_none_slave} ***
=== 
=case          ejabberd_SUITE:privacy_deny_all_master
=group_props   [{name,"privacy_deny_all"}]
=started       2024-08-23 19:03:32
=result        skipped: {disabled_backend,mssql}
=== *** Skipping test case #1043 {ejabberd_SUITE,privacy_deny_all_master} ***
=== 
=case          ejabberd_SUITE:privacy_deny_all_slave
=group_props   [{name,"privacy_deny_all"}]
=started       2024-08-23 19:03:32
=result        skipped: {disabled_backend,mssql}
=== *** Skipping test case #1044 {ejabberd_SUITE,privacy_deny_all_slave} ***
=== 
=case          ejabberd_SUITE:privacy_deny_offline_master
=group_props   [{name,"privacy_deny_offline"}]
=started       2024-08-23 19:03:32
=result        skipped: {disabled_backend,mssql}
=== *** Skipping test case #1045 {ejabberd_SUITE,privacy_deny_offline_master} ***
=== 
=case          ejabberd_SUITE:privacy_deny_offline_slave
=group_props   [{name,"privacy_deny_offline"}]
=started       2024-08-23 19:03:32
=result        skipped: {disabled_backend,mssql}
=== *** Skipping test case #1046 {ejabberd_SUITE,privacy_deny_offline_slave} ***
=== 
=case          ejabberd_SUITE:privacy_block_master
=group_props   [{name,"privacy_block"}]
=started       2024-08-23 19:03:32
=result        skipped: {disabled_backend,mssql}
=== *** Skipping test case #1047 {ejabberd_SUITE,privacy_block_master} ***
=== 
=case          ejabberd_SUITE:privacy_block_slave
=group_props   [{name,"privacy_block"}]
=started       2024-08-23 19:03:32
=result        skipped: {disabled_backend,mssql}
=== *** Skipping test case #1048 {ejabberd_SUITE,privacy_block_slave} ***
=== 
=case          ejabberd_SUITE:privacy_unblock_master
=group_props   [{name,"privacy_unblock"}]
=started       2024-08-23 19:03:32
=result        skipped: {disabled_backend,mssql}
=== *** Skipping test case #1049 {ejabberd_SUITE,privacy_unblock_master} ***
=== 
=case          ejabberd_SUITE:privacy_unblock_slave
=group_props   [{name,"privacy_unblock"}]
=started       2024-08-23 19:03:32
=result        skipped: {disabled_backend,mssql}
=== *** Skipping test case #1050 {ejabberd_SUITE,privacy_unblock_slave} ***
=== 
=case          ejabberd_SUITE:privacy_unblock_all_master
=group_props   [{name,"privacy_unblock_all"}]
=started       2024-08-23 19:03:32
=result        skipped: {disabled_backend,mssql}
=== *** Skipping test case #1051 {ejabberd_SUITE,privacy_unblock_all_master} ***
=== 
=case          ejabberd_SUITE:privacy_unblock_all_slave
=group_props   [{name,"privacy_unblock_all"}]
=started       2024-08-23 19:03:32
=result        skipped: {disabled_backend,mssql}
=== *** Skipping test case #1052 {ejabberd_SUITE,privacy_unblock_all_slave} ***
=== 
=case          ejabberd_SUITE:pubsub_publish_master
=group_props   [{name,"pubsub_publish"}]
=started       2024-08-23 19:03:32
=result        skipped: {disabled_backend,mssql}
=== *** Skipping test case #1053 {ejabberd_SUITE,pubsub_publish_master} ***
=== 
=case          ejabberd_SUITE:pubsub_publish_slave
=group_props   [{name,"pubsub_publish"}]
=started       2024-08-23 19:03:32
=result        skipped: {disabled_backend,mssql}
=== *** Skipping test case #1054 {ejabberd_SUITE,pubsub_publish_slave} ***
=== 
=case          ejabberd_SUITE:pubsub_subscriptions_master
=group_props   [{name,"pubsub_subscriptions"}]
=started       2024-08-23 19:03:32
=result        skipped: {disabled_backend,mssql}
=== *** Skipping test case #1055 {ejabberd_SUITE,pubsub_subscriptions_master} ***
=== 
=case          ejabberd_SUITE:pubsub_subscriptions_slave
=group_props   [{name,"pubsub_subscriptions"}]
=started       2024-08-23 19:03:32
=result        skipped: {disabled_backend,mssql}
=== *** Skipping test case #1056 {ejabberd_SUITE,pubsub_subscriptions_slave} ***
=== 
=case          ejabberd_SUITE:pubsub_affiliations_master
=group_props   [{name,"pubsub_affiliations"}]
=started       2024-08-23 19:03:32
=result        skipped: {disabled_backend,mssql}
=== *** Skipping test case #1057 {ejabberd_SUITE,pubsub_affiliations_master} ***
=== 
=case          ejabberd_SUITE:pubsub_affiliations_slave
=group_props   [{name,"pubsub_affiliations"}]
=started       2024-08-23 19:03:32
=result        skipped: {disabled_backend,mssql}
=== *** Skipping test case #1058 {ejabberd_SUITE,pubsub_affiliations_slave} ***
=== 
=case          ejabberd_SUITE:pubsub_authorize_master
=group_props   [{name,"pubsub_authorize"}]
=started       2024-08-23 19:03:32
=result        skipped: {disabled_backend,mssql}
=== *** Skipping test case #1059 {ejabberd_SUITE,pubsub_authorize_master} ***
=== 
=case          ejabberd_SUITE:pubsub_authorize_slave
=group_props   [{name,"pubsub_authorize"}]
=started       2024-08-23 19:03:32
=result        skipped: {disabled_backend,mssql}
=== *** Skipping test case #1060 {ejabberd_SUITE,pubsub_authorize_slave} ***
=== 
=case          ejabberd_SUITE:roster_subscribe_master
=group_props   [{name,"roster_subscribe"}]
=started       2024-08-23 19:03:32
=result        skipped: {disabled_backend,mssql}
=== *** Skipping test case #1061 {ejabberd_SUITE,roster_subscribe_master} ***
=== 
=case          ejabberd_SUITE:roster_subscribe_slave
=group_props   [{name,"roster_subscribe"}]
=started       2024-08-23 19:03:32
=result        skipped: {disabled_backend,mssql}
=== *** Skipping test case #1062 {ejabberd_SUITE,roster_subscribe_slave} ***
=== 
=case          ejabberd_SUITE:offline_flex_master
=group_props   [{name,"offline_flex"}]
=started       2024-08-23 19:03:32
=result        skipped: {disabled_backend,mssql}
=== *** Skipping test case #1063 {ejabberd_SUITE,offline_flex_master} ***
=== 
=case          ejabberd_SUITE:offline_flex_slave
=group_props   [{name,"offline_flex"}]
=started       2024-08-23 19:03:32
=result        skipped: {disabled_backend,mssql}
=== *** Skipping test case #1064 {ejabberd_SUITE,offline_flex_slave} ***
=== 
=case          ejabberd_SUITE:offline_send_all_master
=group_props   [{name,"offline_send_all"}]
=started       2024-08-23 19:03:32
=result        skipped: {disabled_backend,mssql}
=== *** Skipping test case #1065 {ejabberd_SUITE,offline_send_all_master} ***
=== 
=case          ejabberd_SUITE:offline_send_all_slave
=group_props   [{name,"offline_send_all"}]
=started       2024-08-23 19:03:32
=result        skipped: {disabled_backend,mssql}
=== *** Skipping test case #1066 {ejabberd_SUITE,offline_send_all_slave} ***
=== 
=case          ejabberd_SUITE:offline_from_mam_master
=group_props   [{name,"offline_from_mam"}]
=started       2024-08-23 19:03:32
=result        skipped: {disabled_backend,mssql}
=== *** Skipping test case #1067 {ejabberd_SUITE,offline_from_mam_master} ***
=== 
=case          ejabberd_SUITE:offline_from_mam_slave
=group_props   [{name,"offline_from_mam"}]
=started       2024-08-23 19:03:32
=result        skipped: {disabled_backend,mssql}
=== *** Skipping test case #1068 {ejabberd_SUITE,offline_from_mam_slave} ***
=== 
=case          ejabberd_SUITE:offline_mucsub_mam_master
=group_props   [{name,"offline_mucsub_mam"}]
=started       2024-08-23 19:03:32
=result        skipped: {disabled_backend,mssql}
=== *** Skipping test case #1069 {ejabberd_SUITE,offline_mucsub_mam_master} ***
=== 
=case          ejabberd_SUITE:offline_mucsub_mam_slave
=group_props   [{name,"offline_mucsub_mam"}]
=started       2024-08-23 19:03:32
=result        skipped: {disabled_backend,mssql}
=== *** Skipping test case #1070 {ejabberd_SUITE,offline_mucsub_mam_slave} ***
=== 
=case          ejabberd_SUITE:mam_archived_and_stanza_id_master
=group_props   [{name,"mam_archived_and_stanza_id"}]
=started       2024-08-23 19:03:32
=result        skipped: {disabled_backend,mssql}
=== *** Skipping test case #1071 {ejabberd_SUITE,mam_archived_and_stanza_id_master} ***
=== 
=case          ejabberd_SUITE:mam_archived_and_stanza_id_slave
=group_props   [{name,"mam_archived_and_stanza_id"}]
=started       2024-08-23 19:03:32
=result        skipped: {disabled_backend,mssql}
=== *** Skipping test case #1072 {ejabberd_SUITE,mam_archived_and_stanza_id_slave} ***
=== 
=case          ejabberd_SUITE:mam_query_all_master
=group_props   [{name,"mam_query_all"}]
=started       2024-08-23 19:03:32
=result        skipped: {disabled_backend,mssql}
=== *** Skipping test case #1073 {ejabberd_SUITE,mam_query_all_master} ***
=== 
=case          ejabberd_SUITE:mam_query_all_slave
=group_props   [{name,"mam_query_all"}]
=started       2024-08-23 19:03:32
=result        skipped: {disabled_backend,mssql}
=== *** Skipping test case #1074 {ejabberd_SUITE,mam_query_all_slave} ***
=== 
=case          ejabberd_SUITE:mam_query_with_master
=group_props   [{name,"mam_query_with"}]
=started       2024-08-23 19:03:32
=result        skipped: {disabled_backend,mssql}
=== *** Skipping test case #1075 {ejabberd_SUITE,mam_query_with_master} ***
=== 
=case          ejabberd_SUITE:mam_query_with_slave
=group_props   [{name,"mam_query_with"}]
=started       2024-08-23 19:03:32
=result        skipped: {disabled_backend,mssql}
=== *** Skipping test case #1076 {ejabberd_SUITE,mam_query_with_slave} ***
=== 
=case          ejabberd_SUITE:mam_query_rsm_max_master
=group_props   [{name,"mam_query_rsm_max"}]
=started       2024-08-23 19:03:32
=result        skipped: {disabled_backend,mssql}
=== *** Skipping test case #1077 {ejabberd_SUITE,mam_query_rsm_max_master} ***
=== 
=case          ejabberd_SUITE:mam_query_rsm_max_slave
=group_props   [{name,"mam_query_rsm_max"}]
=started       2024-08-23 19:03:32
=result        skipped: {disabled_backend,mssql}
=== *** Skipping test case #1078 {ejabberd_SUITE,mam_query_rsm_max_slave} ***
=== 
=case          ejabberd_SUITE:mam_query_rsm_after_master
=group_props   [{name,"mam_query_rsm_after"}]
=started       2024-08-23 19:03:32
=result        skipped: {disabled_backend,mssql}
=== *** Skipping test case #1079 {ejabberd_SUITE,mam_query_rsm_after_master} ***
=== 
=case          ejabberd_SUITE:mam_query_rsm_after_slave
=group_props   [{name,"mam_query_rsm_after"}]
=started       2024-08-23 19:03:32
=result        skipped: {disabled_backend,mssql}
=== *** Skipping test case #1080 {ejabberd_SUITE,mam_query_rsm_after_slave} ***
=== 
=case          ejabberd_SUITE:mam_query_rsm_before_master
=group_props   [{name,"mam_query_rsm_before"}]
=started       2024-08-23 19:03:32
=result        skipped: {disabled_backend,mssql}
=== *** Skipping test case #1081 {ejabberd_SUITE,mam_query_rsm_before_master} ***
=== 
=case          ejabberd_SUITE:mam_query_rsm_before_slave
=group_props   [{name,"mam_query_rsm_before"}]
=started       2024-08-23 19:03:32
=result        skipped: {disabled_backend,mssql}
=== *** Skipping test case #1082 {ejabberd_SUITE,mam_query_rsm_before_slave} ***
=== 
=case          ejabberd_SUITE:mam_muc_master
=group_props   [{name,"mam_muc"}]
=started       2024-08-23 19:03:32
=result        skipped: {disabled_backend,mssql}
=== *** Skipping test case #1083 {ejabberd_SUITE,mam_muc_master} ***
=== 
=case          ejabberd_SUITE:mam_muc_slave
=group_props   [{name,"mam_muc"}]
=started       2024-08-23 19:03:32
=result        skipped: {disabled_backend,mssql}
=== *** Skipping test case #1084 {ejabberd_SUITE,mam_muc_slave} ***
=== 
=case          ejabberd_SUITE:mam_mucsub_master
=group_props   [{name,"mam_mucsub"}]
=started       2024-08-23 19:03:32
=result        skipped: {disabled_backend,mssql}
=== *** Skipping test case #1085 {ejabberd_SUITE,mam_mucsub_master} ***
=== 
=case          ejabberd_SUITE:mam_mucsub_slave
=group_props   [{name,"mam_mucsub"}]
=started       2024-08-23 19:03:32
=result        skipped: {disabled_backend,mssql}
=== *** Skipping test case #1086 {ejabberd_SUITE,mam_mucsub_slave} ***
=== 
=case          ejabberd_SUITE:mam_mucsub_from_muc_master
=group_props   [{name,"mam_mucsub_from_muc"}]
=started       2024-08-23 19:03:32
=result        skipped: {disabled_backend,mssql}
=== *** Skipping test case #1087 {ejabberd_SUITE,mam_mucsub_from_muc_master} ***
=== 
=case          ejabberd_SUITE:mam_mucsub_from_muc_slave
=group_props   [{name,"mam_mucsub_from_muc"}]
=started       2024-08-23 19:03:32
=result        skipped: {disabled_backend,mssql}
=== *** Skipping test case #1088 {ejabberd_SUITE,mam_mucsub_from_muc_slave} ***
=== 
=case          ejabberd_SUITE:mam_mucsub_from_muc_non_persistent_master
=group_props   [{name,"mam_mucsub_from_muc_non_persistent"}]
=started       2024-08-23 19:03:32
=result        skipped: {disabled_backend,mssql}
=== *** Skipping test case #1089 {ejabberd_SUITE,mam_mucsub_from_muc_non_persistent_master} ***
=== 
=case          ejabberd_SUITE:mam_mucsub_from_muc_non_persistent_slave
=group_props   [{name,"mam_mucsub_from_muc_non_persistent"}]
=started       2024-08-23 19:03:32
=result        skipped: {disabled_backend,mssql}
=== *** Skipping test case #1090 {ejabberd_SUITE,mam_mucsub_from_muc_non_persistent_slave} ***
=== 
=case          ejabberd_SUITE:announce_set_motd_master
=group_props   [{name,"announce_set_motd"}]
=started       2024-08-23 19:03:32
=result        skipped: {disabled_backend,mssql}
=== *** Skipping test case #1091 {ejabberd_SUITE,announce_set_motd_master} ***
=== 
=case          ejabberd_SUITE:announce_set_motd_slave
=group_props   [{name,"announce_set_motd"}]
=started       2024-08-23 19:03:32
=result        skipped: {disabled_backend,mssql}
=== *** Skipping test case #1092 {ejabberd_SUITE,announce_set_motd_slave} ***
=== 
=case          ejabberd_SUITE:push_sm_master
=group_props   [{name,"push_sm"}]
=started       2024-08-23 19:03:32
=result        skipped: {disabled_backend,mssql}
=== *** Skipping test case #1093 {ejabberd_SUITE,push_sm_master} ***
=== 
=case          ejabberd_SUITE:push_sm_slave
=group_props   [{name,"push_sm"}]
=started       2024-08-23 19:03:32
=result        skipped: {disabled_backend,mssql}
=== *** Skipping test case #1094 {ejabberd_SUITE,push_sm_slave} ***
=== 
=case          ejabberd_SUITE:push_offline_master
=group_props   [{name,"push_offline"}]
=started       2024-08-23 19:03:32
=result        skipped: {disabled_backend,mssql}
=== *** Skipping test case #1095 {ejabberd_SUITE,push_offline_master} ***
=== 
=case          ejabberd_SUITE:push_offline_slave
=group_props   [{name,"push_offline"}]
=started       2024-08-23 19:03:32
=result        skipped: {disabled_backend,mssql}
=== *** Skipping test case #1096 {ejabberd_SUITE,push_offline_slave} ***
=== 
=case          ejabberd_SUITE:push_mam_master
=group_props   [{name,"push_mam"}]
=started       2024-08-23 19:03:32
=result        skipped: {disabled_backend,mssql}
=== *** Skipping test case #1097 {ejabberd_SUITE,push_mam_master} ***
=== 
=case          ejabberd_SUITE:push_mam_slave
=group_props   [{name,"push_mam"}]
=started       2024-08-23 19:03:32
=result        skipped: {disabled_backend,mssql}
=== *** Skipping test case #1098 {ejabberd_SUITE,push_mam_slave} ***
=== 
=case          ejabberd_SUITE:end_per_group
=group_props   [{name,"mssql"}]
=started       2024-08-23 19:03:32
=result        skipped: {disabled_backend,mssql}
=== *** Skipping {ejabberd_SUITE,end_per_group} ***
=case          ejabberd_SUITE:init_per_group
=logfile       ejabberd_suite.init_per_group.40066.html
=group_props   [{name,pgsql},sequence]
=started       2024-08-23 19:03:32
=ended         2024-08-23 19:03:32
=result        ok
=elapsed       0.043362
=case          ejabberd_SUITE:init_per_group
=logfile       ejabberd_suite.init_per_group.40098.html
=group_props   [{name,single_user},sequence]
=started       2024-08-23 19:03:32
=ended         2024-08-23 19:03:32
=result        ok
=elapsed       4.0e-6
=case          ejabberd_SUITE:test_register
=logfile       ejabberd_suite.test_register.40130.html
=started       2024-08-23 19:03:32
=ended         2024-08-23 19:03:33
=result        ok
=elapsed       0.351581
=case          ejabberd_SUITE:init_per_group
=logfile       ejabberd_suite.init_per_group.40226.html
=group_props   [{name,legacy_auth},parallel]
=started       2024-08-23 19:03:33
=ended         2024-08-23 19:03:33
=result        ok
=elapsed       2.0e-6
=case          ejabberd_SUITE:test_legacy_auth_feature
=logfile       ejabberd_suite.test_legacy_auth_feature.40258.html
=started       2024-08-23 19:03:33
=ended         2024-08-23 19:03:33
=result        ok
=elapsed       7.21e-4
=case          ejabberd_SUITE:test_legacy_auth
=logfile       ejabberd_suite.test_legacy_auth.40290.html
=started       2024-08-23 19:03:33
=ended         2024-08-23 19:03:33
=result        ok
=elapsed       0.280299
=case          ejabberd_SUITE:test_legacy_auth_digest
=logfile       ejabberd_suite.test_legacy_auth_digest.36387.html
=started       2024-08-23 19:03:33
=ended         2024-08-23 19:03:33
=result        ok
=elapsed       0.275227
=case          ejabberd_SUITE:test_legacy_auth_no_resource
=logfile       ejabberd_suite.test_legacy_auth_no_resource.36419.html
=started       2024-08-23 19:03:33
=ended         2024-08-23 19:03:33
=result        ok
=elapsed       0.001487
=case          ejabberd_SUITE:test_legacy_auth_bad_jid
=logfile       ejabberd_suite.test_legacy_auth_bad_jid.40322.html
=started       2024-08-23 19:03:33
=ended         2024-08-23 19:03:33
=result        ok
=elapsed       0.001719
=case          ejabberd_SUITE:test_legacy_auth_fail
=logfile       ejabberd_suite.test_legacy_auth_fail.25188.html
=started       2024-08-23 19:03:33
=ended         2024-08-23 19:03:33
=result        ok
=elapsed       0.082639
=case          ejabberd_SUITE:end_per_group
=logfile       ejabberd_suite.end_per_group.25252.html
=group_props   [{name,legacy_auth},parallel]
=started       2024-08-23 19:03:33
=ended         2024-08-23 19:03:33
=result        ok
=elapsed       3.0e-6
=group_time    0.343s
=case          ejabberd_SUITE:auth_plain
=logfile       ejabberd_suite.auth_plain.40482.html
=started       2024-08-23 19:03:33
=ended         2024-08-23 19:03:33
=result        ok
=elapsed       0.001757
=case          ejabberd_SUITE:auth_md5
=logfile       ejabberd_suite.auth_md5.40514.html
=started       2024-08-23 19:03:33
=ended         2024-08-23 19:03:33
=result        ok
=elapsed       0.002338
=case          ejabberd_SUITE:presence_broadcast
=logfile       ejabberd_suite.presence_broadcast.40578.html
=started       2024-08-23 19:03:33
=ended         2024-08-23 19:03:34
=result        ok
=elapsed       0.643384
=case          ejabberd_SUITE:last
=logfile       ejabberd_suite.last.40610.html
=started       2024-08-23 19:03:34
=ended         2024-08-23 19:03:34
=result        ok
=elapsed       0.105111
=case          ejabberd_SUITE:init_per_group
=logfile       ejabberd_suite.init_per_group.40706.html
=group_props   [{name,webadmin_single},sequence]
=started       2024-08-23 19:03:34
=ended         2024-08-23 19:03:34
=result        ok
=elapsed       3.0e-6
=case          ejabberd_SUITE:webadmin_login_page
=logfile       ejabberd_suite.webadmin_login_page.40738.html
=started       2024-08-23 19:03:34
=ended         2024-08-23 19:03:34
=result        ok
=elapsed       4.13e-4
=case          ejabberd_SUITE:webadmin_welcome_page
=logfile       ejabberd_suite.webadmin_welcome_page.40770.html
=started       2024-08-23 19:03:34
=ended         2024-08-23 19:03:34
=result        ok
=elapsed       0.003096
=case          ejabberd_SUITE:webadmin_user_page
=logfile       ejabberd_suite.webadmin_user_page.40802.html
=started       2024-08-23 19:03:34
=ended         2024-08-23 19:03:34
=result        ok
=elapsed       0.045108
=case          ejabberd_SUITE:webadmin_adduser
=logfile       ejabberd_suite.webadmin_adduser.40834.html
=started       2024-08-23 19:03:34
=ended         2024-08-23 19:03:34
=result        ok
=elapsed       0.053059
=case          ejabberd_SUITE:webadmin_changepassword
=logfile       ejabberd_suite.webadmin_changepassword.40866.html
=started       2024-08-23 19:03:34
=ended         2024-08-23 19:03:34
=result        ok
=elapsed       0.048554
=case          ejabberd_SUITE:webadmin_removeuser
=logfile       ejabberd_suite.webadmin_removeuser.40898.html
=started       2024-08-23 19:03:34
=ended         2024-08-23 19:03:35
=result        ok
=elapsed       0.750172
=case          ejabberd_SUITE:end_per_group
=logfile       ejabberd_suite.end_per_group.40930.html
=group_props   [{name,webadmin_single},sequence]
=started       2024-08-23 19:03:35
=ended         2024-08-23 19:03:35
=result        ok
=elapsed       3.0e-6
=group_time    1.083s
=case          ejabberd_SUITE:init_per_group
=logfile       ejabberd_suite.init_per_group.40962.html
=group_props   [{name,roster_single},sequence]
=started       2024-08-23 19:03:35
=ended         2024-08-23 19:03:35
=result        ok
=elapsed       4.0e-6
=case          ejabberd_SUITE:roster_feature_enabled
=logfile       ejabberd_suite.roster_feature_enabled.40994.html
=started       2024-08-23 19:03:35
=ended         2024-08-23 19:03:35
=result        ok
=elapsed       0.102261
=case          ejabberd_SUITE:roster_iq_set_many_items
=logfile       ejabberd_suite.roster_iq_set_many_items.41090.html
=started       2024-08-23 19:03:35
=ended         2024-08-23 19:03:35
=result        ok
=elapsed       0.102934
=case          ejabberd_SUITE:roster_iq_set_duplicated_groups
=logfile       ejabberd_suite.roster_iq_set_duplicated_groups.41154.html
=started       2024-08-23 19:03:35
=ended         2024-08-23 19:03:35
=result        ok
=elapsed       0.104096
=case          ejabberd_SUITE:roster_iq_get_item
=logfile       ejabberd_suite.roster_iq_get_item.41250.html
=started       2024-08-23 19:03:35
=ended         2024-08-23 19:03:35
=result        ok
=elapsed       0.102759
=case          ejabberd_SUITE:roster_iq_unexpected_element
=logfile       ejabberd_suite.roster_iq_unexpected_element.41314.html
=started       2024-08-23 19:03:35
=ended         2024-08-23 19:03:36
=result        ok
=elapsed       0.103967
=case          ejabberd_SUITE:roster_iq_set_ask
=logfile       ejabberd_suite.roster_iq_set_ask.41378.html
=started       2024-08-23 19:03:36
=ended         2024-08-23 19:03:36
=result        ok
=elapsed       0.103054
=case          ejabberd_SUITE:roster_set_item
=logfile       ejabberd_suite.roster_set_item.41474.html
=started       2024-08-23 19:03:36
=ended         2024-08-23 19:03:36
=result        ok
=elapsed       0.55426
=case          ejabberd_SUITE:roster_version
=logfile       ejabberd_suite.roster_version.36643.html
=started       2024-08-23 19:03:36
=ended         2024-08-23 19:03:37
=result        ok
=elapsed       0.151638
=case          ejabberd_SUITE:end_per_group
=logfile       ejabberd_suite.end_per_group.36707.html
=group_props   [{name,roster_single},sequence]
=started       2024-08-23 19:03:37
=ended         2024-08-23 19:03:37
=result        ok
=elapsed       1.0e-5
=group_time    1.596s
=case          ejabberd_SUITE:init_per_group
=logfile       ejabberd_suite.init_per_group.36739.html
=group_props   [{name,private_single},sequence]
=started       2024-08-23 19:03:37
=ended         2024-08-23 19:03:37
=result        ok
=elapsed       4.0e-6
=case          ejabberd_SUITE:private_test_features
=logfile       ejabberd_suite.private_test_features.36771.html
=started       2024-08-23 19:03:37
=ended         2024-08-23 19:03:37
=result        ok
=elapsed       0.103922
=case          ejabberd_SUITE:private_test_no_namespace
=logfile       ejabberd_suite.private_test_no_namespace.41730.html
=started       2024-08-23 19:03:37
=ended         2024-08-23 19:03:37
=result        ok
=elapsed       0.103626
=case          ejabberd_SUITE:private_test_set_get
=logfile       ejabberd_suite.private_test_set_get.41826.html
=started       2024-08-23 19:03:37
=ended         2024-08-23 19:03:38
=result        ok
=elapsed       0.701315
=case          ejabberd_SUITE:private_test_published
=logfile       ejabberd_suite.private_test_published.41890.html
=started       2024-08-23 19:03:38
=ended         2024-08-23 19:03:38
=result        ok
=elapsed       0.282531
=case          ejabberd_SUITE:end_per_group
=logfile       ejabberd_suite.end_per_group.41986.html
=group_props   [{name,private_single},sequence]
=started       2024-08-23 19:03:38
=ended         2024-08-23 19:03:38
=result        ok
=elapsed       4.0e-6
=group_time    1.342s
=case          ejabberd_SUITE:init_per_group
=logfile       ejabberd_suite.init_per_group.36867.html
=group_props   [{name,privacy_single},sequence]
=started       2024-08-23 19:03:38
=ended         2024-08-23 19:03:38
=result        ok
=elapsed       3.0e-6
=case          ejabberd_SUITE:privacy_feature_enabled
=logfile       ejabberd_suite.privacy_feature_enabled.42018.html
=started       2024-08-23 19:03:38
=ended         2024-08-23 19:03:38
=result        ok
=elapsed       0.104181
=case          ejabberd_SUITE:privacy_set_get_list
=logfile       ejabberd_suite.privacy_set_get_list.42114.html
=started       2024-08-23 19:03:38
=ended         2024-08-23 19:03:38
=result        ok
=elapsed       0.281714
=case          ejabberd_SUITE:privacy_get_list_non_existent
=logfile       ejabberd_suite.privacy_get_list_non_existent.25412.html
=started       2024-08-23 19:03:38
=ended         2024-08-23 19:03:39
=result        ok
=elapsed       0.103918
=case          ejabberd_SUITE:privacy_get_empty_lists
=logfile       ejabberd_suite.privacy_get_empty_lists.25444.html
=started       2024-08-23 19:03:39
=ended         2024-08-23 19:03:39
=result        ok
=elapsed       0.103103
=case          ejabberd_SUITE:privacy_set_default
=logfile       ejabberd_suite.privacy_set_default.25476.html
=started       2024-08-23 19:03:39
=ended         2024-08-23 19:03:39
=result        ok
=elapsed       0.195417
=case          ejabberd_SUITE:privacy_del_default
=logfile       ejabberd_suite.privacy_del_default.42242.html
=started       2024-08-23 19:03:39
=ended         2024-08-23 19:03:39
=result        ok
=elapsed       0.153797
=case          ejabberd_SUITE:privacy_set_default_non_existent
=logfile       ejabberd_suite.privacy_set_default_non_existent.42274.html
=started       2024-08-23 19:03:39
=ended         2024-08-23 19:03:39
=result        ok
=elapsed       0.103908
=case          ejabberd_SUITE:privacy_set_active
=logfile       ejabberd_suite.privacy_set_active.42370.html
=started       2024-08-23 19:03:39
=ended         2024-08-23 19:03:39
=result        ok
=elapsed       0.156449
=case          ejabberd_SUITE:privacy_del_active
=logfile       ejabberd_suite.privacy_del_active.42466.html
=started       2024-08-23 19:03:39
=ended         2024-08-23 19:03:40
=result        ok
=elapsed       0.15309
=case          ejabberd_SUITE:privacy_set_active_non_existent
=logfile       ejabberd_suite.privacy_set_active_non_existent.42498.html
=started       2024-08-23 19:03:40
=ended         2024-08-23 19:03:40
=result        ok
=elapsed       0.104583
=case          ejabberd_SUITE:privacy_remove_list
=logfile       ejabberd_suite.privacy_remove_list.37123.html
=started       2024-08-23 19:03:40
=ended         2024-08-23 19:03:40
=result        ok
=elapsed       0.196653
=case          ejabberd_SUITE:privacy_remove_default_list
=logfile       ejabberd_suite.privacy_remove_default_list.37187.html
=started       2024-08-23 19:03:40
=ended         2024-08-23 19:03:40
=result        ok
=elapsed       0.153653
=case          ejabberd_SUITE:privacy_remove_active_list
=logfile       ejabberd_suite.privacy_remove_active_list.37219.html
=started       2024-08-23 19:03:40
=ended         2024-08-23 19:03:40
=result        ok
=elapsed       0.150718
=case          ejabberd_SUITE:privacy_remove_list_non_existent
=logfile       ejabberd_suite.privacy_remove_list_non_existent.37283.html
=started       2024-08-23 19:03:40
=ended         2024-08-23 19:03:40
=result        ok
=elapsed       0.103821
=case          ejabberd_SUITE:privacy_allow_local_server
=logfile       ejabberd_suite.privacy_allow_local_server.37347.html
=started       2024-08-23 19:03:40
=ended         2024-08-23 19:03:41
=result        ok
=elapsed       0.198397
=case          ejabberd_SUITE:privacy_malformed_iq_query
=logfile       ejabberd_suite.privacy_malformed_iq_query.37411.html
=started       2024-08-23 19:03:41
=ended         2024-08-23 19:03:41
=result        ok
=elapsed       0.103276
=case          ejabberd_SUITE:privacy_malformed_get
=logfile       ejabberd_suite.privacy_malformed_get.37443.html
=started       2024-08-23 19:03:41
=ended         2024-08-23 19:03:41
=result        ok
=elapsed       0.106693
=case          ejabberd_SUITE:privacy_malformed_set
=logfile       ejabberd_suite.privacy_malformed_set.37539.html
=started       2024-08-23 19:03:41
=ended         2024-08-23 19:03:41
=result        ok
=elapsed       0.105083
=case          ejabberd_SUITE:privacy_malformed_type_value
=logfile       ejabberd_suite.privacy_malformed_type_value.37603.html
=started       2024-08-23 19:03:41
=ended         2024-08-23 19:03:41
=result        ok
=elapsed       0.104804
=case          ejabberd_SUITE:privacy_set_get_block
=logfile       ejabberd_suite.privacy_set_get_block.37635.html
=started       2024-08-23 19:03:41
=ended         2024-08-23 19:03:41
=result        ok
=elapsed       0.245563
=case          ejabberd_SUITE:end_per_group
=logfile       ejabberd_suite.end_per_group.37699.html
=group_props   [{name,privacy_single},sequence]
=started       2024-08-23 19:03:41
=ended         2024-08-23 19:03:42
=result        ok
=elapsed       3.0e-6
=group_time    3.578s
=case          ejabberd_SUITE:init_per_group
=logfile       ejabberd_suite.init_per_group.37731.html
=group_props   [{name,vcard_single},sequence]
=started       2024-08-23 19:03:42
=ended         2024-08-23 19:03:42
=result        ok
=elapsed       3.0e-6
=case          ejabberd_SUITE:vcard_feature_enabled
=logfile       ejabberd_suite.vcard_feature_enabled.37763.html
=started       2024-08-23 19:03:42
=ended         2024-08-23 19:03:42
=result        ok
=elapsed       0.105192
=case          ejabberd_SUITE:vcard_get_set
=logfile       ejabberd_suite.vcard_get_set.37795.html
=started       2024-08-23 19:03:42
=ended         2024-08-23 19:03:42
=result        ok
=elapsed       0.190719
=case          ejabberd_SUITE:vcard_service_vcard
=logfile       ejabberd_suite.vcard_service_vcard.37891.html
=started       2024-08-23 19:03:42
=ended         2024-08-23 19:03:42
=result        ok
=elapsed       0.103756
=case          ejabberd_SUITE:end_per_group
=logfile       ejabberd_suite.end_per_group.37955.html
=group_props   [{name,vcard_single},sequence]
=started       2024-08-23 19:03:42
=ended         2024-08-23 19:03:42
=result        ok
=elapsed       3.0e-6
=group_time    0.515s
=case          ejabberd_SUITE:init_per_group
=logfile       ejabberd_suite.init_per_group.37987.html
=group_props   [{name,pubsub_single},sequence]
=started       2024-08-23 19:03:42
=ended         2024-08-23 19:03:42
=result        ok
=elapsed       3.0e-6
=case          ejabberd_SUITE:pubsub_test_features
=logfile       ejabberd_suite.pubsub_test_features.38019.html
=started       2024-08-23 19:03:42
=ended         2024-08-23 19:03:42
=result        ok
=elapsed       0.10337
=case          ejabberd_SUITE:pubsub_test_vcard
=logfile       ejabberd_suite.pubsub_test_vcard.38115.html
=started       2024-08-23 19:03:42
=ended         2024-08-23 19:03:42
=result        ok
=elapsed       0.104036
=case          ejabberd_SUITE:pubsub_test_create
=logfile       ejabberd_suite.pubsub_test_create.38147.html
=started       2024-08-23 19:03:42
=ended         2024-08-23 19:03:42
=result        ok
=elapsed       0.109041
=case          ejabberd_SUITE:pubsub_test_configure
=logfile       ejabberd_suite.pubsub_test_configure.38211.html
=started       2024-08-23 19:03:42
=ended         2024-08-23 19:03:43
=result        ok
=elapsed       0.201301
=case          ejabberd_SUITE:pubsub_test_delete
=logfile       ejabberd_suite.pubsub_test_delete.38275.html
=started       2024-08-23 19:03:43
=ended         2024-08-23 19:03:43
=result        ok
=elapsed       0.105643
=case          ejabberd_SUITE:pubsub_test_get_affiliations
=logfile       ejabberd_suite.pubsub_test_get_affiliations.38371.html
=started       2024-08-23 19:03:43
=ended         2024-08-23 19:03:43
=result        ok
=elapsed       0.148612
=case          ejabberd_SUITE:pubsub_test_get_subscriptions
=logfile       ejabberd_suite.pubsub_test_get_subscriptions.38403.html
=started       2024-08-23 19:03:43
=ended         2024-08-23 19:03:43
=result        ok
=elapsed       0.203184
=case          ejabberd_SUITE:pubsub_test_create_instant
=logfile       ejabberd_suite.pubsub_test_create_instant.38467.html
=started       2024-08-23 19:03:43
=ended         2024-08-23 19:03:43
=result        ok
=elapsed       0.111448
=case          ejabberd_SUITE:pubsub_test_default
=logfile       ejabberd_suite.pubsub_test_default.38531.html
=started       2024-08-23 19:03:43
=ended         2024-08-23 19:03:44
=result        ok
=elapsed       0.10434
=case          ejabberd_SUITE:pubsub_test_create_configure
=logfile       ejabberd_suite.pubsub_test_create_configure.38595.html
=started       2024-08-23 19:03:44
=ended         2024-08-23 19:03:44
=result        ok
=elapsed       0.116069
=case          ejabberd_SUITE:pubsub_test_publish
=logfile       ejabberd_suite.pubsub_test_publish.38659.html
=started       2024-08-23 19:03:44
=ended         2024-08-23 19:03:44
=result        ok
=elapsed       0.113454
=case          ejabberd_SUITE:pubsub_test_auto_create
=logfile       ejabberd_suite.pubsub_test_auto_create.38723.html
=started       2024-08-23 19:03:44
=ended         2024-08-23 19:03:44
=result        ok
=elapsed       0.112237
=case          ejabberd_SUITE:pubsub_test_get_items
=logfile       ejabberd_suite.pubsub_test_get_items.38787.html
=started       2024-08-23 19:03:44
=ended         2024-08-23 19:03:44
=result        ok
=elapsed       0.128008
=case          ejabberd_SUITE:pubsub_test_delete_item
=logfile       ejabberd_suite.pubsub_test_delete_item.38851.html
=started       2024-08-23 19:03:44
=ended         2024-08-23 19:03:44
=result        ok
=elapsed       0.161524
=case          ejabberd_SUITE:pubsub_test_purge
=logfile       ejabberd_suite.pubsub_test_purge.38947.html
=started       2024-08-23 19:03:44
=ended         2024-08-23 19:03:45
=result        ok
=elapsed       0.21683
=case          ejabberd_SUITE:pubsub_test_subscribe
=logfile       ejabberd_suite.pubsub_test_subscribe.39043.html
=started       2024-08-23 19:03:45
=ended         2024-08-23 19:03:45
=result        ok
=elapsed       0.115958
=case          ejabberd_SUITE:pubsub_test_subscribe_max_item_1
=logfile       ejabberd_suite.pubsub_test_subscribe_max_item_1.39107.html
=started       2024-08-23 19:03:45
=ended         2024-08-23 19:03:45
=result        ok
=elapsed       0.118243
=case          ejabberd_SUITE:pubsub_test_unsubscribe
=logfile       ejabberd_suite.pubsub_test_unsubscribe.39171.html
=started       2024-08-23 19:03:45
=ended         2024-08-23 19:03:45
=result        ok
=elapsed       0.1607
=case          ejabberd_SUITE:end_per_group
=logfile       ejabberd_suite.end_per_group.39267.html
=group_props   [{name,pubsub_single},sequence]
=started       2024-08-23 19:03:45
=ended         2024-08-23 19:03:45
=result        ok
=elapsed       3.0e-6
=group_time    3.016s
=case          ejabberd_SUITE:init_per_group
=logfile       ejabberd_suite.init_per_group.39299.html
=group_props   [{name,muc_single},sequence]
=started       2024-08-23 19:03:45
=ended         2024-08-23 19:03:45
=result        ok
=elapsed       4.0e-6
=case          ejabberd_SUITE:muc_service_presence_error
=logfile       ejabberd_suite.muc_service_presence_error.39331.html
=started       2024-08-23 19:03:45
=ended         2024-08-23 19:03:45
=result        ok
=elapsed       0.190517
=case          ejabberd_SUITE:muc_service_message_error
=logfile       ejabberd_suite.muc_service_message_error.39363.html
=started       2024-08-23 19:03:45
=ended         2024-08-23 19:03:46
=result        ok
=elapsed       0.18991
=case          ejabberd_SUITE:muc_service_unknown_ns_iq_error
=logfile       ejabberd_suite.muc_service_unknown_ns_iq_error.39427.html
=started       2024-08-23 19:03:46
=ended         2024-08-23 19:03:46
=result        ok
=elapsed       0.190782
=case          ejabberd_SUITE:muc_service_iq_set_error
=logfile       ejabberd_suite.muc_service_iq_set_error.39491.html
=started       2024-08-23 19:03:46
=ended         2024-08-23 19:03:46
=result        ok
=elapsed       0.323797
=case          ejabberd_SUITE:muc_service_improper_iq_error
=logfile       ejabberd_suite.muc_service_improper_iq_error.39555.html
=started       2024-08-23 19:03:46
=ended         2024-08-23 19:03:46
=result        ok
=elapsed       0.27978
=case          ejabberd_SUITE:muc_service_features
=logfile       ejabberd_suite.muc_service_features.39619.html
=started       2024-08-23 19:03:46
=ended         2024-08-23 19:03:47
=result        ok
=elapsed       0.102961
=case          ejabberd_SUITE:muc_service_disco_info_node_error
=logfile       ejabberd_suite.muc_service_disco_info_node_error.39683.html
=started       2024-08-23 19:03:47
=ended         2024-08-23 19:03:47
=result        ok
=elapsed       0.103041
=case          ejabberd_SUITE:muc_service_disco_items
=logfile       ejabberd_suite.muc_service_disco_items.39747.html
=started       2024-08-23 19:03:47
=ended         2024-08-23 19:03:47
=result        ok
=elapsed       0.723901
=case          ejabberd_SUITE:muc_service_unique
=logfile       ejabberd_suite.muc_service_unique.39811.html
=started       2024-08-23 19:03:47
=ended         2024-08-23 19:03:48
=result        ok
=elapsed       0.103337
=case          ejabberd_SUITE:muc_service_vcard
=logfile       ejabberd_suite.muc_service_vcard.39875.html
=started       2024-08-23 19:03:48
=ended         2024-08-23 19:03:48
=result        ok
=elapsed       0.103321
=case          ejabberd_SUITE:muc_configure_non_existent
=logfile       ejabberd_suite.muc_configure_non_existent.39939.html
=started       2024-08-23 19:03:48
=ended         2024-08-23 19:03:48
=result        ok
=elapsed       0.106663
=case          ejabberd_SUITE:muc_cancel_configure_non_existent
=logfile       ejabberd_suite.muc_cancel_configure_non_existent.25828.html
=started       2024-08-23 19:03:48
=ended         2024-08-23 19:03:48
=result        ok
=elapsed       0.105294
=case          ejabberd_SUITE:muc_service_subscriptions
=logfile       ejabberd_suite.muc_service_subscriptions.25860.html
=started       2024-08-23 19:03:48
=ended         2024-08-23 19:03:48
=result        ok
=elapsed       0.308126
=case          ejabberd_SUITE:muc_set_room_affiliation
=logfile       ejabberd_suite.muc_set_room_affiliation.26052.html
=started       2024-08-23 19:03:48
=ended         2024-08-23 19:03:49
=result        ok
=elapsed       0.114678
=case          ejabberd_SUITE:end_per_group
=logfile       ejabberd_suite.end_per_group.26084.html
=group_props   [{name,muc_single},sequence]
=started       2024-08-23 19:03:49
=ended         2024-08-23 19:03:49
=result        ok
=elapsed       4.0e-6
=group_time    3.412s
=case          ejabberd_SUITE:init_per_group
=logfile       ejabberd_suite.init_per_group.26116.html
=group_props   [{name,offline_single},sequence]
=started       2024-08-23 19:03:49
=ended         2024-08-23 19:03:49
=result        ok
=elapsed       4.0e-6
=case          ejabberd_SUITE:offline_feature_enabled
=logfile       ejabberd_suite.offline_feature_enabled.26148.html
=started       2024-08-23 19:03:49
=ended         2024-08-23 19:03:49
=result        ok
=elapsed       0.103751
=case          ejabberd_SUITE:offline_check_identity
=logfile       ejabberd_suite.offline_check_identity.26244.html
=started       2024-08-23 19:03:49
=ended         2024-08-23 19:03:49
=result        ok
=elapsed       0.104276
=case          ejabberd_SUITE:offline_send_non_existent
=logfile       ejabberd_suite.offline_send_non_existent.43842.html
=started       2024-08-23 19:03:49
=ended         2024-08-23 19:03:49
=result        ok
=elapsed       0.10387
=case          ejabberd_SUITE:offline_view_non_existent
=logfile       ejabberd_suite.offline_view_non_existent.43874.html
=started       2024-08-23 19:03:49
=ended         2024-08-23 19:03:49
=result        ok
=elapsed       0.148068
=case          ejabberd_SUITE:offline_remove_non_existent
=logfile       ejabberd_suite.offline_remove_non_existent.43970.html
=started       2024-08-23 19:03:49
=ended         2024-08-23 19:03:49
=result        ok
=elapsed       0.144931
=case          ejabberd_SUITE:offline_view_non_integer
=logfile       ejabberd_suite.offline_view_non_integer.44002.html
=started       2024-08-23 19:03:49
=ended         2024-08-23 19:03:49
=result        ok
=elapsed       0.103409
=case          ejabberd_SUITE:offline_remove_non_integer
=logfile       ejabberd_suite.offline_remove_non_integer.44098.html
=started       2024-08-23 19:03:49
=ended         2024-08-23 19:03:50
=result        ok
=elapsed       0.102927
=case          ejabberd_SUITE:offline_malformed_iq
=logfile       ejabberd_suite.offline_malformed_iq.44130.html
=started       2024-08-23 19:03:50
=ended         2024-08-23 19:03:50
=result        ok
=elapsed       0.106167
=case          ejabberd_SUITE:offline_wrong_user
=logfile       ejabberd_suite.offline_wrong_user.44226.html
=started       2024-08-23 19:03:50
=ended         2024-08-23 19:03:50
=result        ok
=elapsed       0.109491
=case          ejabberd_SUITE:offline_unsupported_iq
=logfile       ejabberd_suite.offline_unsupported_iq.44290.html
=started       2024-08-23 19:03:50
=ended         2024-08-23 19:03:50
=result        ok
=elapsed       0.103143
=case          ejabberd_SUITE:end_per_group
=logfile       ejabberd_suite.end_per_group.44354.html
=group_props   [{name,offline_single},sequence]
=started       2024-08-23 19:03:50
=ended         2024-08-23 19:03:50
=result        ok
=elapsed       3.0e-6
=group_time    1.472s
=case          ejabberd_SUITE:init_per_group
=logfile       ejabberd_suite.init_per_group.44386.html
=group_props   [{name,mam_single},sequence]
=started       2024-08-23 19:03:50
=ended         2024-08-23 19:03:50
=result        ok
=elapsed       4.0e-6
=case          ejabberd_SUITE:mam_feature_enabled
=logfile       ejabberd_suite.mam_feature_enabled.44418.html
=started       2024-08-23 19:03:50
=ended         2024-08-23 19:03:50
=result        ok
=elapsed       0.105988
=case          ejabberd_SUITE:mam_get_set_prefs
=logfile       ejabberd_suite.mam_get_set_prefs.44514.html
=started       2024-08-23 19:03:50
=ended         2024-08-23 19:03:52
=result        ok
=elapsed       1.905344
=case          ejabberd_SUITE:mam_get_form
=logfile       ejabberd_suite.mam_get_form.44578.html
=started       2024-08-23 19:03:52
=ended         2024-08-23 19:03:52
=result        ok
=elapsed       0.106709
=case          ejabberd_SUITE:mam_fake_by
=logfile       ejabberd_suite.mam_fake_by.44610.html
=started       2024-08-23 19:03:52
=ended         2024-08-23 19:03:52
=result        ok
=elapsed       0.10506
=case          ejabberd_SUITE:end_per_group
=logfile       ejabberd_suite.end_per_group.44674.html
=group_props   [{name,mam_single},sequence]
=started       2024-08-23 19:03:52
=ended         2024-08-23 19:03:52
=result        ok
=elapsed       3.0e-6
=group_time    2.373s
=case          ejabberd_SUITE:init_per_group
=logfile       ejabberd_suite.init_per_group.44706.html
=group_props   [{name,push_single},sequence]
=started       2024-08-23 19:03:52
=ended         2024-08-23 19:03:52
=result        ok
=elapsed       3.0e-6
=case          ejabberd_SUITE:push_feature_enabled
=logfile       ejabberd_suite.push_feature_enabled.44738.html
=started       2024-08-23 19:03:52
=ended         2024-08-23 19:03:53
=result        ok
=elapsed       0.103002
=case          ejabberd_SUITE:push_unsupported_iq
=logfile       ejabberd_suite.push_unsupported_iq.44802.html
=started       2024-08-23 19:03:53
=ended         2024-08-23 19:03:53
=result        ok
=elapsed       0.103816
=case          ejabberd_SUITE:end_per_group
=logfile       ejabberd_suite.end_per_group.44898.html
=group_props   [{name,push_single},sequence]
=started       2024-08-23 19:03:53
=ended         2024-08-23 19:03:53
=result        ok
=elapsed       3.0e-6
=group_time    0.293s
=case          ejabberd_SUITE:test_unregister
=logfile       ejabberd_suite.test_unregister.44930.html
=started       2024-08-23 19:03:53
=ended         2024-08-23 19:03:53
=result        ok
=elapsed       0.008793
=case          ejabberd_SUITE:end_per_group
=logfile       ejabberd_suite.end_per_group.45026.html
=group_props   [{name,single_user},sequence]
=started       2024-08-23 19:03:53
=ended         2024-08-23 19:03:53
=result        ok
=elapsed       3.0e-6
=group_time    20.616s
=case          ejabberd_SUITE:init_per_group
=logfile       ejabberd_suite.init_per_group.45058.html
=group_props   [{name,muc_master_slave},sequence]
=started       2024-08-23 19:03:53
=ended         2024-08-23 19:03:53
=result        ok
=elapsed       4.0e-6
=case          ejabberd_SUITE:init_per_group
=logfile       ejabberd_suite.init_per_group.45090.html
=group_props   [{name,muc_register},parallel]
=started       2024-08-23 19:03:53
=ended         2024-08-23 19:03:53
=result        ok
=elapsed       4.0e-6
=case          ejabberd_SUITE:muc_register_master
=logfile       ejabberd_suite.muc_register_master.45122.html
=started       2024-08-23 19:03:53
=ended         2024-08-23 19:03:53
=result        ok
=elapsed       0.335372
=case          ejabberd_SUITE:muc_register_slave
=logfile       ejabberd_suite.muc_register_slave.45154.html
=started       2024-08-23 19:03:53
=ended         2024-08-23 19:03:53
=result        ok
=elapsed       0.334255
=case          ejabberd_SUITE:end_per_group
=logfile       ejabberd_suite.end_per_group.45186.html
=group_props   [{name,muc_register},parallel]
=started       2024-08-23 19:03:53
=ended         2024-08-23 19:03:53
=result        ok
=elapsed       7.0e-6
=group_time    0.397s
=case          ejabberd_SUITE:init_per_group
=logfile       ejabberd_suite.init_per_group.45218.html
=group_props   [{name,muc_groupchat_msg},parallel]
=started       2024-08-23 19:03:53
=ended         2024-08-23 19:03:53
=result        ok
=elapsed       3.0e-6
=case          ejabberd_SUITE:muc_groupchat_msg_master
=logfile       ejabberd_suite.muc_groupchat_msg_master.26756.html
=started       2024-08-23 19:03:53
=ended         2024-08-23 19:03:53
=result        ok
=elapsed       0.122079
=case          ejabberd_SUITE:muc_groupchat_msg_slave
=logfile       ejabberd_suite.muc_groupchat_msg_slave.26788.html
=started       2024-08-23 19:03:53
=ended         2024-08-23 19:03:53
=result        ok
=elapsed       0.118874
=case          ejabberd_SUITE:end_per_group
=logfile       ejabberd_suite.end_per_group.26852.html
=group_props   [{name,muc_groupchat_msg},parallel]
=started       2024-08-23 19:03:53
=ended         2024-08-23 19:03:53
=result        ok
=elapsed       3.0e-6
=group_time    0.180s
=case          ejabberd_SUITE:init_per_group
=logfile       ejabberd_suite.init_per_group.26884.html
=group_props   [{name,muc_private_msg},parallel]
=started       2024-08-23 19:03:53
=ended         2024-08-23 19:03:53
=result        ok
=elapsed       3.0e-6
=case          ejabberd_SUITE:muc_private_msg_master
=logfile       ejabberd_suite.muc_private_msg_master.26916.html
=started       2024-08-23 19:03:53
=ended         2024-08-23 19:03:54
=result        ok
=elapsed       0.161627
=case          ejabberd_SUITE:muc_private_msg_slave
=logfile       ejabberd_suite.muc_private_msg_slave.26948.html
=started       2024-08-23 19:03:53
=ended         2024-08-23 19:03:54
=result        ok
=elapsed       0.156022
=case          ejabberd_SUITE:end_per_group
=logfile       ejabberd_suite.end_per_group.27012.html
=group_props   [{name,muc_private_msg},parallel]
=started       2024-08-23 19:03:54
=ended         2024-08-23 19:03:54
=result        ok
=elapsed       3.0e-6
=group_time    0.219s
=case          ejabberd_SUITE:init_per_group
=logfile       ejabberd_suite.init_per_group.27044.html
=group_props   [{name,muc_set_subject},parallel]
=started       2024-08-23 19:03:54
=ended         2024-08-23 19:03:54
=result        ok
=elapsed       3.0e-6
=case          ejabberd_SUITE:muc_set_subject_master
=logfile       ejabberd_suite.muc_set_subject_master.27076.html
=started       2024-08-23 19:03:54
=ended         2024-08-23 19:03:54
=result        ok
=elapsed       0.128346
=case          ejabberd_SUITE:muc_set_subject_slave
=logfile       ejabberd_suite.muc_set_subject_slave.27108.html
=started       2024-08-23 19:03:54
=ended         2024-08-23 19:03:54
=result        ok
=elapsed       0.124944
=case          ejabberd_SUITE:end_per_group
=logfile       ejabberd_suite.end_per_group.27204.html
=group_props   [{name,muc_set_subject},parallel]
=started       2024-08-23 19:03:54
=ended         2024-08-23 19:03:54
=result        ok
=elapsed       2.0e-6
=group_time    0.186s
=case          ejabberd_SUITE:init_per_group
=logfile       ejabberd_suite.init_per_group.27236.html
=group_props   [{name,muc_history},parallel]
=started       2024-08-23 19:03:54
=ended         2024-08-23 19:03:54
=result        ok
=elapsed       4.0e-6
=case          ejabberd_SUITE:muc_history_master
=logfile       ejabberd_suite.muc_history_master.27268.html
=started       2024-08-23 19:03:54
=ended         2024-08-23 19:03:54
=result        ok
=elapsed       0.159047
=case          ejabberd_SUITE:muc_history_slave
=logfile       ejabberd_suite.muc_history_slave.27300.html
=started       2024-08-23 19:03:54
=ended         2024-08-23 19:03:54
=result        ok
=elapsed       0.153802
=case          ejabberd_SUITE:end_per_group
=logfile       ejabberd_suite.end_per_group.27364.html
=group_props   [{name,muc_history},parallel]
=started       2024-08-23 19:03:54
=ended         2024-08-23 19:03:54
=result        ok
=elapsed       2.0e-6
=group_time    0.218s
=case          ejabberd_SUITE:init_per_group
=logfile       ejabberd_suite.init_per_group.27396.html
=group_props   [{name,muc_invite},parallel]
=started       2024-08-23 19:03:54
=ended         2024-08-23 19:03:54
=result        ok
=elapsed       3.0e-6
=case          ejabberd_SUITE:muc_invite_master
=logfile       ejabberd_suite.muc_invite_master.27428.html
=started       2024-08-23 19:03:54
=ended         2024-08-23 19:03:54
=result        ok
=elapsed       0.113987
=case          ejabberd_SUITE:muc_invite_slave
=logfile       ejabberd_suite.muc_invite_slave.40611.html
=started       2024-08-23 19:03:54
=ended         2024-08-23 19:03:54
=result        ok
=elapsed       0.156249
=case          ejabberd_SUITE:end_per_group
=logfile       ejabberd_suite.end_per_group.40675.html
=group_props   [{name,muc_invite},parallel]
=started       2024-08-23 19:03:54
=ended         2024-08-23 19:03:54
=result        ok
=elapsed       3.0e-6
=group_time    0.213s
=case          ejabberd_SUITE:init_per_group
=logfile       ejabberd_suite.init_per_group.40707.html
=group_props   [{name,muc_invite_members_only},parallel]
=started       2024-08-23 19:03:54
=ended         2024-08-23 19:03:54
=result        ok
=elapsed       3.0e-6
=case          ejabberd_SUITE:muc_invite_members_only_master
=logfile       ejabberd_suite.muc_invite_members_only_master.40739.html
=started       2024-08-23 19:03:54
=ended         2024-08-23 19:03:55
=result        ok
=elapsed       0.115506
=case          ejabberd_SUITE:muc_invite_members_only_slave
=logfile       ejabberd_suite.muc_invite_members_only_slave.40771.html
=started       2024-08-23 19:03:54
=ended         2024-08-23 19:03:55
=result        ok
=elapsed       0.112458
=case          ejabberd_SUITE:end_per_group
=logfile       ejabberd_suite.end_per_group.40803.html
=group_props   [{name,muc_invite_members_only},parallel]
=started       2024-08-23 19:03:55
=ended         2024-08-23 19:03:55
=result        ok
=elapsed       3.0e-6
=group_time    0.175s
=case          ejabberd_SUITE:init_per_group
=logfile       ejabberd_suite.init_per_group.40835.html
=group_props   [{name,muc_invite_password_protected},parallel]
=started       2024-08-23 19:03:55
=ended         2024-08-23 19:03:55
=result        ok
=elapsed       3.0e-6
=case          ejabberd_SUITE:muc_invite_password_protected_master
=logfile       ejabberd_suite.muc_invite_password_protected_master.27588.html
=started       2024-08-23 19:03:55
=ended         2024-08-23 19:03:55
=result        ok
=elapsed       0.157498
=case          ejabberd_SUITE:muc_invite_password_protected_slave
=logfile       ejabberd_suite.muc_invite_password_protected_slave.40867.html
=started       2024-08-23 19:03:55
=ended         2024-08-23 19:03:55
=result        ok
=elapsed       0.110869
=case          ejabberd_SUITE:end_per_group
=logfile       ejabberd_suite.end_per_group.40995.html
=group_props   [{name,muc_invite_password_protected},parallel]
=started       2024-08-23 19:03:55
=ended         2024-08-23 19:03:55
=result        ok
=elapsed       2.0e-6
=group_time    0.218s
=case          ejabberd_SUITE:init_per_group
=logfile       ejabberd_suite.init_per_group.41027.html
=group_props   [{name,muc_voice_request},parallel]
=started       2024-08-23 19:03:55
=ended         2024-08-23 19:03:55
=result        ok
=elapsed       3.0e-6
=case          ejabberd_SUITE:muc_voice_request_master
=logfile       ejabberd_suite.muc_voice_request_master.45666.html
=started       2024-08-23 19:03:55
=ended         2024-08-23 19:03:55
=result        ok
=elapsed       0.122401
=case          ejabberd_SUITE:muc_voice_request_slave
=logfile       ejabberd_suite.muc_voice_request_slave.45698.html
=started       2024-08-23 19:03:55
=ended         2024-08-23 19:03:55
=result        ok
=elapsed       0.116747
=case          ejabberd_SUITE:end_per_group
=logfile       ejabberd_suite.end_per_group.27684.html
=group_props   [{name,muc_voice_request},parallel]
=started       2024-08-23 19:03:55
=ended         2024-08-23 19:03:55
=result        ok
=elapsed       7.0e-6
=group_time    0.182s
=case          ejabberd_SUITE:init_per_group
=logfile       ejabberd_suite.init_per_group.27716.html
=group_props   [{name,muc_change_role},parallel]
=started       2024-08-23 19:03:55
=ended         2024-08-23 19:03:55
=result        ok
=elapsed       5.0e-6
=case          ejabberd_SUITE:muc_change_role_master
=logfile       ejabberd_suite.muc_change_role_master.8965.html
=started       2024-08-23 19:03:55
=ended         2024-08-23 19:03:55
=result        ok
=elapsed       0.129082
=case          ejabberd_SUITE:muc_change_role_slave
=logfile       ejabberd_suite.muc_change_role_slave.8997.html
=started       2024-08-23 19:03:55
=ended         2024-08-23 19:03:55
=result        ok
=elapsed       0.123655
=case          ejabberd_SUITE:end_per_group
=logfile       ejabberd_suite.end_per_group.27780.html
=group_props   [{name,muc_change_role},parallel]
=started       2024-08-23 19:03:55
=ended         2024-08-23 19:03:55
=result        ok
=elapsed       2.0e-6
=group_time    0.189s
=case          ejabberd_SUITE:init_per_group
=logfile       ejabberd_suite.init_per_group.27812.html
=group_props   [{name,muc_kick},parallel]
=started       2024-08-23 19:03:55
=ended         2024-08-23 19:03:55
=result        ok
=elapsed       3.0e-6
=case          ejabberd_SUITE:muc_kick_master
=logfile       ejabberd_suite.muc_kick_master.27844.html
=started       2024-08-23 19:03:55
=ended         2024-08-23 19:03:55
=result        ok
=elapsed       0.122828
=case          ejabberd_SUITE:muc_kick_slave
=logfile       ejabberd_suite.muc_kick_slave.27876.html
=started       2024-08-23 19:03:55
=ended         2024-08-23 19:03:55
=result        ok
=elapsed       0.11664
=case          ejabberd_SUITE:end_per_group
=logfile       ejabberd_suite.end_per_group.45954.html
=group_props   [{name,muc_kick},parallel]
=started       2024-08-23 19:03:55
=ended         2024-08-23 19:03:55
=result        ok
=elapsed       7.0e-6
=group_time    0.182s
=case          ejabberd_SUITE:init_per_group
=logfile       ejabberd_suite.init_per_group.45986.html
=group_props   [{name,muc_change_affiliation},parallel]
=started       2024-08-23 19:03:55
=ended         2024-08-23 19:03:56
=result        ok
=elapsed       4.0e-6
=case          ejabberd_SUITE:muc_change_affiliation_master
=logfile       ejabberd_suite.muc_change_affiliation_master.46018.html
=started       2024-08-23 19:03:56
=ended         2024-08-23 19:03:56
=result        ok
=elapsed       0.137546
=case          ejabberd_SUITE:muc_change_affiliation_slave
=logfile       ejabberd_suite.muc_change_affiliation_slave.46050.html
=started       2024-08-23 19:03:56
=ended         2024-08-23 19:03:56
=result        ok
=elapsed       0.132019
=case          ejabberd_SUITE:end_per_group
=logfile       ejabberd_suite.end_per_group.46146.html
=group_props   [{name,muc_change_affiliation},parallel]
=started       2024-08-23 19:03:56
=ended         2024-08-23 19:03:56
=result        ok
=elapsed       4.0e-6
=group_time    0.196s
=case          ejabberd_SUITE:init_per_group
=logfile       ejabberd_suite.init_per_group.46178.html
=group_props   [{name,muc_destroy},parallel]
=started       2024-08-23 19:03:56
=ended         2024-08-23 19:03:56
=result        ok
=elapsed       4.0e-6
=case          ejabberd_SUITE:muc_destroy_master
=logfile       ejabberd_suite.muc_destroy_master.46210.html
=started       2024-08-23 19:03:56
=ended         2024-08-23 19:03:56
=result        ok
=elapsed       0.117623
=case          ejabberd_SUITE:muc_destroy_slave
=logfile       ejabberd_suite.muc_destroy_slave.46242.html
=started       2024-08-23 19:03:56
=ended         2024-08-23 19:03:56
=result        ok
=elapsed       0.115088
=case          ejabberd_SUITE:end_per_group
=logfile       ejabberd_suite.end_per_group.46306.html
=group_props   [{name,muc_destroy},parallel]
=started       2024-08-23 19:03:56
=ended         2024-08-23 19:03:56
=result        ok
=elapsed       3.0e-6
=group_time    0.175s
=case          ejabberd_SUITE:init_per_group
=logfile       ejabberd_suite.init_per_group.28100.html
=group_props   [{name,muc_vcard},parallel]
=started       2024-08-23 19:03:56
=ended         2024-08-23 19:03:56
=result        ok
=elapsed       4.0e-6
=case          ejabberd_SUITE:muc_vcard_master
=logfile       ejabberd_suite.muc_vcard_master.28132.html
=started       2024-08-23 19:03:56
=ended         2024-08-23 19:03:56
=result        ok
=elapsed       0.125794
=case          ejabberd_SUITE:muc_vcard_slave
=logfile       ejabberd_suite.muc_vcard_slave.28164.html
=started       2024-08-23 19:03:56
=ended         2024-08-23 19:03:56
=result        ok
=elapsed       0.119166
=case          ejabberd_SUITE:end_per_group
=logfile       ejabberd_suite.end_per_group.28196.html
=group_props   [{name,muc_vcard},parallel]
=started       2024-08-23 19:03:56
=ended         2024-08-23 19:03:56
=result        ok
=elapsed       3.0e-6
=group_time    0.186s
=case          ejabberd_SUITE:init_per_group
=logfile       ejabberd_suite.init_per_group.28228.html
=group_props   [{name,muc_nick_change},parallel]
=started       2024-08-23 19:03:56
=ended         2024-08-23 19:03:56
=result        ok
=elapsed       4.0e-6
=case          ejabberd_SUITE:muc_nick_change_master
=logfile       ejabberd_suite.muc_nick_change_master.28260.html
=started       2024-08-23 19:03:56
=ended         2024-08-23 19:03:56
=result        ok
=elapsed       0.120486
=case          ejabberd_SUITE:muc_nick_change_slave
=logfile       ejabberd_suite.muc_nick_change_slave.28292.html
=started       2024-08-23 19:03:56
=ended         2024-08-23 19:03:56
=result        ok
=elapsed       0.117202
=case          ejabberd_SUITE:end_per_group
=logfile       ejabberd_suite.end_per_group.28356.html
=group_props   [{name,muc_nick_change},parallel]
=started       2024-08-23 19:03:56
=ended         2024-08-23 19:03:56
=result        ok
=elapsed       4.0e-6
=group_time    0.179s
=case          ejabberd_SUITE:init_per_group
=logfile       ejabberd_suite.init_per_group.28388.html
=group_props   [{name,muc_config_title_desc},parallel]
=started       2024-08-23 19:03:56
=ended         2024-08-23 19:03:56
=result        ok
=elapsed       5.0e-6
=case          ejabberd_SUITE:muc_config_title_desc_master
=logfile       ejabberd_suite.muc_config_title_desc_master.28420.html
=started       2024-08-23 19:03:56
=ended         2024-08-23 19:03:57
=result        ok
=elapsed       0.121597
=case          ejabberd_SUITE:muc_config_title_desc_slave
=logfile       ejabberd_suite.muc_config_title_desc_slave.28452.html
=started       2024-08-23 19:03:56
=ended         2024-08-23 19:03:56
=result        ok
=elapsed       0.116327
=case          ejabberd_SUITE:end_per_group
=logfile       ejabberd_suite.end_per_group.28580.html
=group_props   [{name,muc_config_title_desc},parallel]
=started       2024-08-23 19:03:57
=ended         2024-08-23 19:03:57
=result        ok
=elapsed       3.0e-6
=group_time    0.183s
=case          ejabberd_SUITE:init_per_group
=logfile       ejabberd_suite.init_per_group.28612.html
=group_props   [{name,muc_config_public_list},parallel]
=started       2024-08-23 19:03:57
=ended         2024-08-23 19:03:57
=result        ok
=elapsed       3.0e-6
=case          ejabberd_SUITE:muc_config_public_list_master
=logfile       ejabberd_suite.muc_config_public_list_master.41155.html
=started       2024-08-23 19:03:57
=ended         2024-08-23 19:03:57
=result        ok
=elapsed       0.124197
=case          ejabberd_SUITE:muc_config_public_list_slave
=logfile       ejabberd_suite.muc_config_public_list_slave.41187.html
=started       2024-08-23 19:03:57
=ended         2024-08-23 19:03:57
=result        ok
=elapsed       0.120927
=case          ejabberd_SUITE:end_per_group
=logfile       ejabberd_suite.end_per_group.41283.html
=group_props   [{name,muc_config_public_list},parallel]
=started       2024-08-23 19:03:57
=ended         2024-08-23 19:03:57
=result        ok
=elapsed       3.0e-6
=group_time    0.182s
=case          ejabberd_SUITE:init_per_group
=logfile       ejabberd_suite.init_per_group.41315.html
=group_props   [{name,muc_config_password},parallel]
=started       2024-08-23 19:03:57
=ended         2024-08-23 19:03:57
=result        ok
=elapsed       4.0e-6
=case          ejabberd_SUITE:muc_config_password_master
=logfile       ejabberd_suite.muc_config_password_master.41347.html
=started       2024-08-23 19:03:57
=ended         2024-08-23 19:03:57
=result        ok
=elapsed       0.125428
=case          ejabberd_SUITE:muc_config_password_slave
=logfile       ejabberd_suite.muc_config_password_slave.41379.html
=started       2024-08-23 19:03:57
=ended         2024-08-23 19:03:57
=result        ok
=elapsed       0.122008
=case          ejabberd_SUITE:end_per_group
=logfile       ejabberd_suite.end_per_group.41507.html
=group_props   [{name,muc_config_password},parallel]
=started       2024-08-23 19:03:57
=ended         2024-08-23 19:03:57
=result        ok
=elapsed       6.0e-6
=group_time    0.184s
=case          ejabberd_SUITE:init_per_group
=logfile       ejabberd_suite.init_per_group.28740.html
=group_props   [{name,muc_config_whois},parallel]
=started       2024-08-23 19:03:57
=ended         2024-08-23 19:03:57
=result        ok
=elapsed       3.0e-6
=case          ejabberd_SUITE:muc_config_whois_master
=logfile       ejabberd_suite.muc_config_whois_master.28772.html
=started       2024-08-23 19:03:57
=ended         2024-08-23 19:03:57
=result        ok
=elapsed       0.128744
=case          ejabberd_SUITE:muc_config_whois_slave
=logfile       ejabberd_suite.muc_config_whois_slave.28804.html
=started       2024-08-23 19:03:57
=ended         2024-08-23 19:03:57
=result        ok
=elapsed       0.124491
=case          ejabberd_SUITE:end_per_group
=logfile       ejabberd_suite.end_per_group.28900.html
=group_props   [{name,muc_config_whois},parallel]
=started       2024-08-23 19:03:57
=ended         2024-08-23 19:03:57
=result        ok
=elapsed       9.0e-6
=group_time    0.187s
=case          ejabberd_SUITE:init_per_group
=logfile       ejabberd_suite.init_per_group.28932.html
=group_props   [{name,muc_config_members_only},parallel]
=started       2024-08-23 19:03:57
=ended         2024-08-23 19:03:57
=result        ok
=elapsed       5.0e-6
=case          ejabberd_SUITE:muc_config_members_only_master
=logfile       ejabberd_suite.muc_config_members_only_master.28964.html
=started       2024-08-23 19:03:57
=ended         2024-08-23 19:03:57
=result        ok
=elapsed       0.128246
=case          ejabberd_SUITE:muc_config_members_only_slave
=logfile       ejabberd_suite.muc_config_members_only_slave.28996.html
=started       2024-08-23 19:03:57
=ended         2024-08-23 19:03:57
=result        ok
=elapsed       0.125486
=case          ejabberd_SUITE:end_per_group
=logfile       ejabberd_suite.end_per_group.29092.html
=group_props   [{name,muc_config_members_only},parallel]
=started       2024-08-23 19:03:57
=ended         2024-08-23 19:03:57
=result        ok
=elapsed       4.0e-6
=group_time    0.188s
=case          ejabberd_SUITE:init_per_group
=logfile       ejabberd_suite.init_per_group.29124.html
=group_props   [{name,muc_config_moderated},parallel]
=started       2024-08-23 19:03:57
=ended         2024-08-23 19:03:57
=result        ok
=elapsed       4.0e-6
=case          ejabberd_SUITE:muc_config_moderated_master
=logfile       ejabberd_suite.muc_config_moderated_master.29156.html
=started       2024-08-23 19:03:57
=ended         2024-08-23 19:03:58
=result        ok
=elapsed       0.125442
=case          ejabberd_SUITE:muc_config_moderated_slave
=logfile       ejabberd_suite.muc_config_moderated_slave.29188.html
=started       2024-08-23 19:03:57
=ended         2024-08-23 19:03:58
=result        ok
=elapsed       0.12035
=case          ejabberd_SUITE:end_per_group
=logfile       ejabberd_suite.end_per_group.29316.html
=group_props   [{name,muc_config_moderated},parallel]
=started       2024-08-23 19:03:58
=ended         2024-08-23 19:03:58
=result        ok
=elapsed       3.0e-6
=group_time    0.185s
=case          ejabberd_SUITE:init_per_group
=logfile       ejabberd_suite.init_per_group.46914.html
=group_props   [{name,muc_config_private_messages},parallel]
=started       2024-08-23 19:03:58
=ended         2024-08-23 19:03:58
=result        ok
=elapsed       4.0e-6
=case          ejabberd_SUITE:muc_config_private_messages_master
=logfile       ejabberd_suite.muc_config_private_messages_master.46946.html
=started       2024-08-23 19:03:58
=ended         2024-08-23 19:03:58
=result        ok
=elapsed       0.130792
=case          ejabberd_SUITE:muc_config_private_messages_slave
=logfile       ejabberd_suite.muc_config_private_messages_slave.46978.html
=started       2024-08-23 19:03:58
=ended         2024-08-23 19:03:58
=result        ok
=elapsed       0.127534
=case          ejabberd_SUITE:end_per_group
=logfile       ejabberd_suite.end_per_group.47106.html
=group_props   [{name,muc_config_private_messages},parallel]
=started       2024-08-23 19:03:58
=ended         2024-08-23 19:03:58
=result        ok
=elapsed       3.0e-6
=group_time    0.189s
=case          ejabberd_SUITE:init_per_group
=logfile       ejabberd_suite.init_per_group.47138.html
=group_props   [{name,muc_config_query},parallel]
=started       2024-08-23 19:03:58
=ended         2024-08-23 19:03:58
=result        ok
=elapsed       4.0e-6
=case          ejabberd_SUITE:muc_config_query_master
=logfile       ejabberd_suite.muc_config_query_master.41603.html
=started       2024-08-23 19:03:58
=ended         2024-08-23 19:03:58
=result        ok
=elapsed       0.166512
=case          ejabberd_SUITE:muc_config_query_slave
=logfile       ejabberd_suite.muc_config_query_slave.41635.html
=started       2024-08-23 19:03:58
=ended         2024-08-23 19:03:58
=result        ok
=elapsed       0.162303
=case          ejabberd_SUITE:end_per_group
=logfile       ejabberd_suite.end_per_group.41699.html
=group_props   [{name,muc_config_query},parallel]
=started       2024-08-23 19:03:58
=ended         2024-08-23 19:03:58
=result        ok
=elapsed       3.0e-6
=group_time    0.226s
=case          ejabberd_SUITE:init_per_group
=logfile       ejabberd_suite.init_per_group.47298.html
=group_props   [{name,muc_config_allow_invites},parallel]
=started       2024-08-23 19:03:58
=ended         2024-08-23 19:03:58
=result        ok
=elapsed       3.0e-6
=case          ejabberd_SUITE:muc_config_allow_invites_master
=logfile       ejabberd_suite.muc_config_allow_invites_master.47330.html
=started       2024-08-23 19:03:58
=ended         2024-08-23 19:03:58
=result        ok
=elapsed       0.123842
=case          ejabberd_SUITE:muc_config_allow_invites_slave
=logfile       ejabberd_suite.muc_config_allow_invites_slave.47362.html
=started       2024-08-23 19:03:58
=ended         2024-08-23 19:03:58
=result        ok
=elapsed       0.120259
=case          ejabberd_SUITE:end_per_group
=logfile       ejabberd_suite.end_per_group.47426.html
=group_props   [{name,muc_config_allow_invites},parallel]
=started       2024-08-23 19:03:58
=ended         2024-08-23 19:03:58
=result        ok
=elapsed       5.0e-6
=group_time    0.181s
=case          ejabberd_SUITE:init_per_group
=logfile       ejabberd_suite.init_per_group.47458.html
=group_props   [{name,muc_config_visitor_status},parallel]
=started       2024-08-23 19:03:58
=ended         2024-08-23 19:03:58
=result        ok
=elapsed       3.0e-6
=case          ejabberd_SUITE:muc_config_visitor_status_master
=logfile       ejabberd_suite.muc_config_visitor_status_master.47490.html
=started       2024-08-23 19:03:58
=ended         2024-08-23 19:03:58
=result        ok
=elapsed       0.124621
=case          ejabberd_SUITE:muc_config_visitor_status_slave
=logfile       ejabberd_suite.muc_config_visitor_status_slave.47522.html
=started       2024-08-23 19:03:58
=ended         2024-08-23 19:03:58
=result        ok
=elapsed       0.121261
=case          ejabberd_SUITE:end_per_group
=logfile       ejabberd_suite.end_per_group.47554.html
=group_props   [{name,muc_config_visitor_status},parallel]
=started       2024-08-23 19:03:58
=ended         2024-08-23 19:03:58
=result        ok
=elapsed       4.0e-6
=group_time    0.185s
=case          ejabberd_SUITE:init_per_group
=logfile       ejabberd_suite.init_per_group.41891.html
=group_props   [{name,muc_config_allow_voice_requests},parallel]
=started       2024-08-23 19:03:58
=ended         2024-08-23 19:03:58
=result        ok
=elapsed       3.0e-6
=case          ejabberd_SUITE:muc_config_allow_voice_requests_master
=logfile       ejabberd_suite.muc_config_allow_voice_requests_master.29476.html
=started       2024-08-23 19:03:58
=ended         2024-08-23 19:03:59
=result        ok
=elapsed       0.122357
=case          ejabberd_SUITE:muc_config_allow_voice_requests_slave
=logfile       ejabberd_suite.muc_config_allow_voice_requests_slave.41923.html
=started       2024-08-23 19:03:58
=ended         2024-08-23 19:03:59
=result        ok
=elapsed       0.117821
=case          ejabberd_SUITE:end_per_group
=logfile       ejabberd_suite.end_per_group.41987.html
=group_props   [{name,muc_config_allow_voice_requests},parallel]
=started       2024-08-23 19:03:59
=ended         2024-08-23 19:03:59
=result        ok
=elapsed       8.0e-6
=group_time    0.180s
=case          ejabberd_SUITE:init_per_group
=logfile       ejabberd_suite.init_per_group.42019.html
=group_props   [{name,muc_config_voice_request_interval},parallel]
=started       2024-08-23 19:03:59
=ended         2024-08-23 19:03:59
=result        ok
=elapsed       4.0e-6
=case          ejabberd_SUITE:muc_config_voice_request_interval_master
=logfile       ejabberd_suite.muc_config_voice_request_interval_master.42051.html
=started       2024-08-23 19:03:59
=ended         2024-08-23 19:04:04
=result        ok
=elapsed       5.216018
=case          ejabberd_SUITE:muc_config_voice_request_interval_slave
=logfile       ejabberd_suite.muc_config_voice_request_interval_slave.42083.html
=started       2024-08-23 19:03:59
=ended         2024-08-23 19:04:04
=result        ok
=elapsed       5.208738
=case          ejabberd_SUITE:end_per_group
=logfile       ejabberd_suite.end_per_group.29604.html
=group_props   [{name,muc_config_voice_request_interval},parallel]
=started       2024-08-23 19:04:04
=ended         2024-08-23 19:04:04
=result        ok
=elapsed       6.0e-6
=group_time    5.279s
=case          ejabberd_SUITE:init_per_group
=logfile       ejabberd_suite.init_per_group.29636.html
=group_props   [{name,muc_config_visitor_nickchange},parallel]
=started       2024-08-23 19:04:04
=ended         2024-08-23 19:04:04
=result        ok
=elapsed       3.0e-6
=case          ejabberd_SUITE:muc_config_visitor_nickchange_master
=logfile       ejabberd_suite.muc_config_visitor_nickchange_master.29668.html
=started       2024-08-23 19:04:04
=ended         2024-08-23 19:04:04
=result        ok
=elapsed       0.123214
=case          ejabberd_SUITE:muc_config_visitor_nickchange_slave
=logfile       ejabberd_suite.muc_config_visitor_nickchange_slave.29700.html
=started       2024-08-23 19:04:04
=ended         2024-08-23 19:04:04
=result        ok
=elapsed       0.118702
=case          ejabberd_SUITE:end_per_group
=logfile       ejabberd_suite.end_per_group.29764.html
=group_props   [{name,muc_config_visitor_nickchange},parallel]
=started       2024-08-23 19:04:04
=ended         2024-08-23 19:04:04
=result        ok
=elapsed       9.0e-6
=group_time    0.183s
=case          ejabberd_SUITE:init_per_group
=logfile       ejabberd_suite.init_per_group.47778.html
=group_props   [{name,muc_join_conflict},parallel]
=started       2024-08-23 19:04:04
=ended         2024-08-23 19:04:04
=result        ok
=elapsed       5.0e-6
=case          ejabberd_SUITE:muc_join_conflict_master
=logfile       ejabberd_suite.muc_join_conflict_master.47810.html
=started       2024-08-23 19:04:04
=ended         2024-08-23 19:04:04
=result        ok
=elapsed       0.115053
=case          ejabberd_SUITE:muc_join_conflict_slave
=logfile       ejabberd_suite.muc_join_conflict_slave.29796.html
=started       2024-08-23 19:04:04
=ended         2024-08-23 19:04:04
=result        ok
=elapsed       0.109556
=case          ejabberd_SUITE:end_per_group
=logfile       ejabberd_suite.end_per_group.47938.html
=group_props   [{name,muc_join_conflict},parallel]
=started       2024-08-23 19:04:04
=ended         2024-08-23 19:04:04
=result        ok
=elapsed       3.0e-6
=group_time    0.174s
=case          ejabberd_SUITE:end_per_group
=logfile       ejabberd_suite.end_per_group.47970.html
=group_props   [{name,muc_master_slave},sequence]
=started       2024-08-23 19:04:04
=ended         2024-08-23 19:04:04
=result        ok
=elapsed       3.0e-6
=group_time    11.565s
=case          ejabberd_SUITE:init_per_group
=logfile       ejabberd_suite.init_per_group.48002.html
=group_props   [{name,privacy_master_slave},sequence]
=started       2024-08-23 19:04:04
=ended         2024-08-23 19:04:04
=result        ok
=elapsed       4.0e-6
=case          ejabberd_SUITE:init_per_group
=logfile       ejabberd_suite.init_per_group.29892.html
=group_props   [{name,privacy_deny_bare_jid},parallel]
=started       2024-08-23 19:04:04
=ended         2024-08-23 19:04:04
=result        ok
=elapsed       5.0e-6
=case          ejabberd_SUITE:privacy_deny_bare_jid_master
=logfile       ejabberd_suite.privacy_deny_bare_jid_master.29924.html
=started       2024-08-23 19:04:04
=ended         2024-08-23 19:04:06
=result        ok
=elapsed       1.156411
=case          ejabberd_SUITE:privacy_deny_bare_jid_slave
=logfile       ejabberd_suite.privacy_deny_bare_jid_slave.29956.html
=started       2024-08-23 19:04:04
=ended         2024-08-23 19:04:06
=result        ok
=elapsed       1.153022
=case          ejabberd_SUITE:end_per_group
=logfile       ejabberd_suite.end_per_group.30052.html
=group_props   [{name,privacy_deny_bare_jid},parallel]
=started       2024-08-23 19:04:06
=ended         2024-08-23 19:04:06
=result        ok
=elapsed       2.0e-6
=group_time    1.215s
=case          ejabberd_SUITE:init_per_group
=logfile       ejabberd_suite.init_per_group.42339.html
=group_props   [{name,privacy_deny_full_jid},parallel]
=started       2024-08-23 19:04:06
=ended         2024-08-23 19:04:06
=result        ok
=elapsed       3.0e-6
=case          ejabberd_SUITE:privacy_deny_full_jid_master
=logfile       ejabberd_suite.privacy_deny_full_jid_master.42371.html
=started       2024-08-23 19:04:06
=ended         2024-08-23 19:04:07
=result        ok
=elapsed       1.157587
=case          ejabberd_SUITE:privacy_deny_full_jid_slave
=logfile       ejabberd_suite.privacy_deny_full_jid_slave.30084.html
=started       2024-08-23 19:04:06
=ended         2024-08-23 19:04:07
=result        ok
=elapsed       1.155417
=case          ejabberd_SUITE:end_per_group
=logfile       ejabberd_suite.end_per_group.30148.html
=group_props   [{name,privacy_deny_full_jid},parallel]
=started       2024-08-23 19:04:07
=ended         2024-08-23 19:04:07
=result        ok
=elapsed       4.0e-6
=group_time    1.217s
=case          ejabberd_SUITE:init_per_group
=logfile       ejabberd_suite.init_per_group.48226.html
=group_props   [{name,privacy_deny_server_bare_jid},parallel]
=started       2024-08-23 19:04:07
=ended         2024-08-23 19:04:07
=result        ok
=elapsed       3.0e-6
=case          ejabberd_SUITE:privacy_deny_server_bare_jid_master
=logfile       ejabberd_suite.privacy_deny_server_bare_jid_master.48258.html
=started       2024-08-23 19:04:07
=ended         2024-08-23 19:04:08
=result        ok
=elapsed       1.145147
=case          ejabberd_SUITE:privacy_deny_server_bare_jid_slave
=logfile       ejabberd_suite.privacy_deny_server_bare_jid_slave.48290.html
=started       2024-08-23 19:04:07
=ended         2024-08-23 19:04:08
=result        ok
=elapsed       1.144053
=case          ejabberd_SUITE:end_per_group
=logfile       ejabberd_suite.end_per_group.48418.html
=group_props   [{name,privacy_deny_server_bare_jid},parallel]
=started       2024-08-23 19:04:08
=ended         2024-08-23 19:04:08
=result        ok
=elapsed       3.0e-6
=group_time    1.204s
=case          ejabberd_SUITE:init_per_group
=logfile       ejabberd_suite.init_per_group.48450.html
=group_props   [{name,privacy_deny_server_full_jid},parallel]
=started       2024-08-23 19:04:08
=ended         2024-08-23 19:04:08
=result        ok
=elapsed       5.0e-6
=case          ejabberd_SUITE:privacy_deny_server_full_jid_master
=logfile       ejabberd_suite.privacy_deny_server_full_jid_master.48482.html
=started       2024-08-23 19:04:08
=ended         2024-08-23 19:04:09
=result        ok
=elapsed       1.138667
=case          ejabberd_SUITE:privacy_deny_server_full_jid_slave
=logfile       ejabberd_suite.privacy_deny_server_full_jid_slave.48514.html
=started       2024-08-23 19:04:08
=ended         2024-08-23 19:04:09
=result        ok
=elapsed       1.13734
=case          ejabberd_SUITE:end_per_group
=logfile       ejabberd_suite.end_per_group.30180.html
=group_props   [{name,privacy_deny_server_full_jid},parallel]
=started       2024-08-23 19:04:09
=ended         2024-08-23 19:04:09
=result        ok
=elapsed       3.0e-6
=group_time    1.198s
=case          ejabberd_SUITE:init_per_group
=logfile       ejabberd_suite.init_per_group.30212.html
=group_props   [{name,privacy_deny_group},parallel]
=started       2024-08-23 19:04:09
=ended         2024-08-23 19:04:09
=result        ok
=elapsed       3.0e-6
=case          ejabberd_SUITE:privacy_deny_group_master
=logfile       ejabberd_suite.privacy_deny_group_master.30244.html
=started       2024-08-23 19:04:09
=ended         2024-08-23 19:04:11
=result        ok
=elapsed       1.146773
=case          ejabberd_SUITE:privacy_deny_group_slave
=logfile       ejabberd_suite.privacy_deny_group_slave.48578.html
=started       2024-08-23 19:04:09
=ended         2024-08-23 19:04:11
=result        ok
=elapsed       1.144066
=case          ejabberd_SUITE:end_per_group
=logfile       ejabberd_suite.end_per_group.48642.html
=group_props   [{name,privacy_deny_group},parallel]
=started       2024-08-23 19:04:11
=ended         2024-08-23 19:04:11
=result        ok
=elapsed       4.0e-6
=group_time    1.205s
=case          ejabberd_SUITE:init_per_group
=logfile       ejabberd_suite.init_per_group.48674.html
=group_props   [{name,privacy_deny_sub_both},parallel]
=started       2024-08-23 19:04:11
=ended         2024-08-23 19:04:11
=result        ok
=elapsed       4.0e-6
=case          ejabberd_SUITE:privacy_deny_sub_both_master
=logfile       ejabberd_suite.privacy_deny_sub_both_master.48706.html
=started       2024-08-23 19:04:11
=ended         2024-08-23 19:04:12
=result        ok
=elapsed       1.163228
=case          ejabberd_SUITE:privacy_deny_sub_both_slave
=logfile       ejabberd_suite.privacy_deny_sub_both_slave.48738.html
=started       2024-08-23 19:04:11
=ended         2024-08-23 19:04:12
=result        ok
=elapsed       1.16167
=case          ejabberd_SUITE:end_per_group
=logfile       ejabberd_suite.end_per_group.48834.html
=group_props   [{name,privacy_deny_sub_both},parallel]
=started       2024-08-23 19:04:12
=ended         2024-08-23 19:04:12
=result        ok
=elapsed       4.0e-6
=group_time    1.222s
=case          ejabberd_SUITE:init_per_group
=logfile       ejabberd_suite.init_per_group.48866.html
=group_props   [{name,privacy_deny_sub_from},parallel]
=started       2024-08-23 19:04:12
=ended         2024-08-23 19:04:12
=result        ok
=elapsed       4.0e-6
=case          ejabberd_SUITE:privacy_deny_sub_from_master
=logfile       ejabberd_suite.privacy_deny_sub_from_master.48898.html
=started       2024-08-23 19:04:12
=ended         2024-08-23 19:04:13
=result        ok
=elapsed       1.15421
=case          ejabberd_SUITE:privacy_deny_sub_from_slave
=logfile       ejabberd_suite.privacy_deny_sub_from_slave.48930.html
=started       2024-08-23 19:04:12
=ended         2024-08-23 19:04:13
=result        ok
=elapsed       1.152356
=case          ejabberd_SUITE:end_per_group
=logfile       ejabberd_suite.end_per_group.49090.html
=group_props   [{name,privacy_deny_sub_from},parallel]
=started       2024-08-23 19:04:13
=ended         2024-08-23 19:04:13
=result        ok
=elapsed       3.0e-6
=group_time    1.212s
=case          ejabberd_SUITE:init_per_group
=logfile       ejabberd_suite.init_per_group.49122.html
=group_props   [{name,privacy_deny_sub_to},parallel]
=started       2024-08-23 19:04:13
=ended         2024-08-23 19:04:13
=result        ok
=elapsed       4.0e-6
=case          ejabberd_SUITE:privacy_deny_sub_to_master
=logfile       ejabberd_suite.privacy_deny_sub_to_master.49154.html
=started       2024-08-23 19:04:13
=ended         2024-08-23 19:04:14
=result        ok
=elapsed       1.150775
=case          ejabberd_SUITE:privacy_deny_sub_to_slave
=logfile       ejabberd_suite.privacy_deny_sub_to_slave.49186.html
=started       2024-08-23 19:04:13
=ended         2024-08-23 19:04:14
=result        ok
=elapsed       1.148797
=case          ejabberd_SUITE:end_per_group
=logfile       ejabberd_suite.end_per_group.49314.html
=group_props   [{name,privacy_deny_sub_to},parallel]
=started       2024-08-23 19:04:14
=ended         2024-08-23 19:04:14
=result        ok
=elapsed       3.0e-6
=group_time    1.210s
=case          ejabberd_SUITE:init_per_group
=logfile       ejabberd_suite.init_per_group.49346.html
=group_props   [{name,privacy_deny_sub_none},parallel]
=started       2024-08-23 19:04:14
=ended         2024-08-23 19:04:14
=result        ok
=elapsed       4.0e-6
=case          ejabberd_SUITE:privacy_deny_sub_none_master
=logfile       ejabberd_suite.privacy_deny_sub_none_master.49378.html
=started       2024-08-23 19:04:14
=ended         2024-08-23 19:04:16
=result        ok
=elapsed       1.149257
=case          ejabberd_SUITE:privacy_deny_sub_none_slave
=logfile       ejabberd_suite.privacy_deny_sub_none_slave.49410.html
=started       2024-08-23 19:04:14
=ended         2024-08-23 19:04:16
=result        ok
=elapsed       1.147859
=case          ejabberd_SUITE:end_per_group
=logfile       ejabberd_suite.end_per_group.49474.html
=group_props   [{name,privacy_deny_sub_none},parallel]
=started       2024-08-23 19:04:16
=ended         2024-08-23 19:04:16
=result        ok
=elapsed       1.0e-5
=group_time    1.208s
=case          ejabberd_SUITE:init_per_group
=logfile       ejabberd_suite.init_per_group.49506.html
=group_props   [{name,privacy_deny_all},parallel]
=started       2024-08-23 19:04:16
=ended         2024-08-23 19:04:16
=result        ok
=elapsed       3.0e-6
=case          ejabberd_SUITE:privacy_deny_all_master
=logfile       ejabberd_suite.privacy_deny_all_master.49538.html
=started       2024-08-23 19:04:16
=ended         2024-08-23 19:04:17
=result        ok
=elapsed       1.144915
=case          ejabberd_SUITE:privacy_deny_all_slave
=logfile       ejabberd_suite.privacy_deny_all_slave.49570.html
=started       2024-08-23 19:04:16
=ended         2024-08-23 19:04:17
=result        ok
=elapsed       1.143391
=case          ejabberd_SUITE:end_per_group
=logfile       ejabberd_suite.end_per_group.49698.html
=group_props   [{name,privacy_deny_all},parallel]
=started       2024-08-23 19:04:17
=ended         2024-08-23 19:04:17
=result        ok
=elapsed       3.0e-6
=group_time    1.204s
=case          ejabberd_SUITE:init_per_group
=logfile       ejabberd_suite.init_per_group.49730.html
=group_props   [{name,privacy_deny_offline},parallel]
=started       2024-08-23 19:04:17
=ended         2024-08-23 19:04:17
=result        ok
=elapsed       3.0e-6
=case          ejabberd_SUITE:privacy_deny_offline_master
=logfile       ejabberd_suite.privacy_deny_offline_master.30692.html
=started       2024-08-23 19:04:17
=ended         2024-08-23 19:04:17
=result        ok
=elapsed       0.244762
=case          ejabberd_SUITE:privacy_deny_offline_slave
=logfile       ejabberd_suite.privacy_deny_offline_slave.30724.html
=started       2024-08-23 19:04:17
=ended         2024-08-23 19:04:17
=result        ok
=elapsed       0.347161
=case          ejabberd_SUITE:end_per_group
=logfile       ejabberd_suite.end_per_group.30820.html
=group_props   [{name,privacy_deny_offline},parallel]
=started       2024-08-23 19:04:17
=ended         2024-08-23 19:04:17
=result        ok
=elapsed       3.0e-6
=group_time    0.406s
=case          ejabberd_SUITE:init_per_group
=logfile       ejabberd_suite.init_per_group.30852.html
=group_props   [{name,privacy_block},parallel]
=started       2024-08-23 19:04:17
=ended         2024-08-23 19:04:17
=result        ok
=elapsed       4.0e-6
=case          ejabberd_SUITE:privacy_block_master
=logfile       ejabberd_suite.privacy_block_master.30884.html
=started       2024-08-23 19:04:17
=ended         2024-08-23 19:04:18
=result        ok
=elapsed       0.428975
=case          ejabberd_SUITE:privacy_block_slave
=logfile       ejabberd_suite.privacy_block_slave.30916.html
=started       2024-08-23 19:04:17
=ended         2024-08-23 19:04:18
=result        ok
=elapsed       0.428148
=case          ejabberd_SUITE:end_per_group
=logfile       ejabberd_suite.end_per_group.31012.html
=group_props   [{name,privacy_block},parallel]
=started       2024-08-23 19:04:18
=ended         2024-08-23 19:04:18
=result        ok
=elapsed       3.0e-6
=group_time    0.490s
=case          ejabberd_SUITE:init_per_group
=logfile       ejabberd_suite.init_per_group.31044.html
=group_props   [{name,privacy_unblock},parallel]
=started       2024-08-23 19:04:18
=ended         2024-08-23 19:04:18
=result        ok
=elapsed       3.0e-6
=case          ejabberd_SUITE:privacy_unblock_master
=logfile       ejabberd_suite.privacy_unblock_master.31076.html
=started       2024-08-23 19:04:18
=ended         2024-08-23 19:04:18
=result        ok
=elapsed       0.200776
=case          ejabberd_SUITE:privacy_unblock_slave
=logfile       ejabberd_suite.privacy_unblock_slave.49922.html
=started       2024-08-23 19:04:18
=ended         2024-08-23 19:04:18
=result        ok
=elapsed       0.199334
=case          ejabberd_SUITE:end_per_group
=logfile       ejabberd_suite.end_per_group.49986.html
=group_props   [{name,privacy_unblock},parallel]
=started       2024-08-23 19:04:18
=ended         2024-08-23 19:04:18
=result        ok
=elapsed       3.0e-6
=group_time    0.262s
=case          ejabberd_SUITE:init_per_group
=logfile       ejabberd_suite.init_per_group.50018.html
=group_props   [{name,privacy_unblock_all},parallel]
=started       2024-08-23 19:04:18
=ended         2024-08-23 19:04:18
=result        ok
=elapsed       3.0e-6
=case          ejabberd_SUITE:privacy_unblock_all_master
=logfile       ejabberd_suite.privacy_unblock_all_master.50050.html
=started       2024-08-23 19:04:18
=ended         2024-08-23 19:04:18
=result        ok
=elapsed       0.200784
=case          ejabberd_SUITE:privacy_unblock_all_slave
=logfile       ejabberd_suite.privacy_unblock_all_slave.50082.html
=started       2024-08-23 19:04:18
=ended         2024-08-23 19:04:18
=result        ok
=elapsed       0.200441
=case          ejabberd_SUITE:end_per_group
=logfile       ejabberd_suite.end_per_group.50114.html
=group_props   [{name,privacy_unblock_all},parallel]
=started       2024-08-23 19:04:18
=ended         2024-08-23 19:04:18
=result        ok
=elapsed       3.0e-6
=group_time    0.262s
=case          ejabberd_SUITE:end_per_group
=logfile       ejabberd_suite.end_per_group.50146.html
=group_props   [{name,privacy_master_slave},sequence]
=started       2024-08-23 19:04:18
=ended         2024-08-23 19:04:18
=result        ok
=elapsed       9.0e-6
=group_time    13.898s
=case          ejabberd_SUITE:init_per_group
=logfile       ejabberd_suite.init_per_group.50178.html
=group_props   [{name,pubsub_master_slave},sequence]
=started       2024-08-23 19:04:18
=ended         2024-08-23 19:04:18
=result        ok
=elapsed       3.0e-6
=case          ejabberd_SUITE:init_per_group
=logfile       ejabberd_suite.init_per_group.50210.html
=group_props   [{name,pubsub_publish},parallel]
=started       2024-08-23 19:04:18
=ended         2024-08-23 19:04:18
=result        ok
=elapsed       4.0e-6
=case          ejabberd_SUITE:pubsub_publish_master
=logfile       ejabberd_suite.pubsub_publish_master.50242.html
=started       2024-08-23 19:04:18
=ended         2024-08-23 19:04:19
=result        ok
=elapsed       0.118438
=case          ejabberd_SUITE:pubsub_publish_slave
=logfile       ejabberd_suite.pubsub_publish_slave.43363.html
=started       2024-08-23 19:04:18
=ended         2024-08-23 19:04:19
=result        ok
=elapsed       0.117198
=case          ejabberd_SUITE:end_per_group
=logfile       ejabberd_suite.end_per_group.43459.html
=group_props   [{name,pubsub_publish},parallel]
=started       2024-08-23 19:04:19
=ended         2024-08-23 19:04:19
=result        ok
=elapsed       2.0e-6
=group_time    0.178s
=case          ejabberd_SUITE:init_per_group
=logfile       ejabberd_suite.init_per_group.43491.html
=group_props   [{name,pubsub_subscriptions},parallel]
=started       2024-08-23 19:04:19
=ended         2024-08-23 19:04:19
=result        ok
=elapsed       3.0e-6
=case          ejabberd_SUITE:pubsub_subscriptions_master
=logfile       ejabberd_suite.pubsub_subscriptions_master.43523.html
=started       2024-08-23 19:04:19
=ended         2024-08-23 19:04:19
=result        ok
=elapsed       0.182625
=case          ejabberd_SUITE:pubsub_subscriptions_slave
=logfile       ejabberd_suite.pubsub_subscriptions_slave.50306.html
=started       2024-08-23 19:04:19
=ended         2024-08-23 19:04:19
=result        ok
=elapsed       0.177045
=case          ejabberd_SUITE:end_per_group
=logfile       ejabberd_suite.end_per_group.50402.html
=group_props   [{name,pubsub_subscriptions},parallel]
=started       2024-08-23 19:04:19
=ended         2024-08-23 19:04:19
=result        ok
=elapsed       3.0e-6
=group_time    0.242s
=case          ejabberd_SUITE:init_per_group
=logfile       ejabberd_suite.init_per_group.50434.html
=group_props   [{name,pubsub_affiliations},parallel]
=started       2024-08-23 19:04:19
=ended         2024-08-23 19:04:19
=result        ok
=elapsed       4.0e-6
=case          ejabberd_SUITE:pubsub_affiliations_master
=logfile       ejabberd_suite.pubsub_affiliations_master.50466.html
=started       2024-08-23 19:04:19
=ended         2024-08-23 19:04:21
=result        ok
=elapsed       1.732906
=case          ejabberd_SUITE:pubsub_affiliations_slave
=logfile       ejabberd_suite.pubsub_affiliations_slave.50498.html
=started       2024-08-23 19:04:19
=ended         2024-08-23 19:04:21
=result        ok
=elapsed       1.750447
=case          ejabberd_SUITE:end_per_group
=logfile       ejabberd_suite.end_per_group.50562.html
=group_props   [{name,pubsub_affiliations},parallel]
=started       2024-08-23 19:04:21
=ended         2024-08-23 19:04:21
=result        ok
=elapsed       3.0e-6
=group_time    1.809s
=case          ejabberd_SUITE:init_per_group
=logfile       ejabberd_suite.init_per_group.50594.html
=group_props   [{name,pubsub_authorize},parallel]
=started       2024-08-23 19:04:21
=ended         2024-08-23 19:04:21
=result        ok
=elapsed       3.0e-6
=case          ejabberd_SUITE:pubsub_authorize_master
=logfile       ejabberd_suite.pubsub_authorize_master.50626.html
=started       2024-08-23 19:04:21
=ended         2024-08-23 19:04:21
=result        ok
=elapsed       0.209798
=case          ejabberd_SUITE:pubsub_authorize_slave
=logfile       ejabberd_suite.pubsub_authorize_slave.50658.html
=started       2024-08-23 19:04:21
=ended         2024-08-23 19:04:21
=result        ok
=elapsed       0.163908
=case          ejabberd_SUITE:end_per_group
=logfile       ejabberd_suite.end_per_group.50690.html
=group_props   [{name,pubsub_authorize},parallel]
=started       2024-08-23 19:04:21
=ended         2024-08-23 19:04:21
=result        ok
=elapsed       3.0e-6
=group_time    0.267s
=case          ejabberd_SUITE:end_per_group
=logfile       ejabberd_suite.end_per_group.50722.html
=group_props   [{name,pubsub_master_slave},sequence]
=started       2024-08-23 19:04:21
=ended         2024-08-23 19:04:21
=result        ok
=elapsed       3.0e-6
=group_time    2.622s
=case          ejabberd_SUITE:init_per_group
=logfile       ejabberd_suite.init_per_group.50754.html
=group_props   [{name,roster_master_slave},sequence]
=started       2024-08-23 19:04:21
=ended         2024-08-23 19:04:21
=result        ok
=elapsed       4.0e-6
=case          ejabberd_SUITE:init_per_group
=logfile       ejabberd_suite.init_per_group.50786.html
=group_props   [{name,roster_subscribe},parallel]
=started       2024-08-23 19:04:21
=ended         2024-08-23 19:04:21
=result        ok
=elapsed       3.0e-6
=case          ejabberd_SUITE:roster_subscribe_master
=logfile       ejabberd_suite.roster_subscribe_master.50818.html
=started       2024-08-23 19:04:21
=ended         2024-08-23 19:04:34
=result        ok
=elapsed       12.738988
=case          ejabberd_SUITE:roster_subscribe_slave
=logfile       ejabberd_suite.roster_subscribe_slave.50850.html
=started       2024-08-23 19:04:21
=ended         2024-08-23 19:04:34
=result        ok
=elapsed       12.73996
=case          ejabberd_SUITE:end_per_group
=logfile       ejabberd_suite.end_per_group.52194.html
=group_props   [{name,roster_subscribe},parallel]
=started       2024-08-23 19:04:34
=ended         2024-08-23 19:04:34
=result        ok
=elapsed       3.0e-6
=group_time    12.803s
=case          ejabberd_SUITE:end_per_group
=logfile       ejabberd_suite.end_per_group.52226.html
=group_props   [{name,roster_master_slave},sequence]
=started       2024-08-23 19:04:34
=ended         2024-08-23 19:04:34
=result        ok
=elapsed       2.0e-6
=group_time    12.854s
=case          ejabberd_SUITE:init_per_group
=logfile       ejabberd_suite.init_per_group.52258.html
=group_props   [{name,offline_master_slave},sequence]
=started       2024-08-23 19:04:34
=ended         2024-08-23 19:04:34
=result        ok
=elapsed       3.0e-6
=case          ejabberd_SUITE:init_per_group
=logfile       ejabberd_suite.init_per_group.44931.html
=group_props   [{name,offline_flex},parallel]
=started       2024-08-23 19:04:34
=ended         2024-08-23 19:04:34
=result        ok
=elapsed       3.0e-6
=case          ejabberd_SUITE:offline_flex_master
=logfile       ejabberd_suite.offline_flex_master.52290.html
=started       2024-08-23 19:04:34
=ended         2024-08-23 19:04:34
=result        ok
=elapsed       0.205194
=case          ejabberd_SUITE:offline_flex_slave
=logfile       ejabberd_suite.offline_flex_slave.44963.html
=started       2024-08-23 19:04:34
=ended         2024-08-23 19:04:34
=result        ok
=elapsed       0.370333
=case          ejabberd_SUITE:end_per_group
=logfile       ejabberd_suite.end_per_group.45027.html
=group_props   [{name,offline_flex},parallel]
=started       2024-08-23 19:04:34
=ended         2024-08-23 19:04:34
=result        ok
=elapsed       1.0e-5
=group_time    0.431s
=case          ejabberd_SUITE:init_per_group
=logfile       ejabberd_suite.init_per_group.45059.html
=group_props   [{name,offline_send_all},parallel]
=started       2024-08-23 19:04:34
=ended         2024-08-23 19:04:34
=result        ok
=elapsed       5.0e-6
=case          ejabberd_SUITE:offline_send_all_master
=logfile       ejabberd_suite.offline_send_all_master.45091.html
=started       2024-08-23 19:04:34
=ended         2024-08-23 19:04:48
=result        ok
=elapsed       13.730883
=case          ejabberd_SUITE:offline_send_all_slave
=logfile       ejabberd_suite.offline_send_all_slave.45123.html
=started       2024-08-23 19:04:34
=ended         2024-08-23 19:04:48
=result        ok
=elapsed       13.879256
=case          ejabberd_SUITE:end_per_group
=logfile       ejabberd_suite.end_per_group.45187.html
=group_props   [{name,offline_send_all},parallel]
=started       2024-08-23 19:04:48
=ended         2024-08-23 19:04:48
=result        ok
=elapsed       3.0e-6
=group_time    13.937s
=case          ejabberd_SUITE:init_per_group
=logfile       ejabberd_suite.init_per_group.45219.html
=group_props   [{name,offline_from_mam},parallel]
=started       2024-08-23 19:04:48
=ended         2024-08-23 19:04:48
=result        ok
=elapsed       2.0e-6
=case          ejabberd_SUITE:offline_from_mam_master
=logfile       ejabberd_suite.offline_from_mam_master.45251.html
=started       2024-08-23 19:04:48
=ended         2024-08-23 19:05:02
=result        ok
=elapsed       13.826534
=case          ejabberd_SUITE:offline_from_mam_slave
=logfile       ejabberd_suite.offline_from_mam_slave.45283.html
=started       2024-08-23 19:04:48
=ended         2024-08-23 19:05:02
=result        ok
=elapsed       14.014484
=case          ejabberd_SUITE:end_per_group
=logfile       ejabberd_suite.end_per_group.52578.html
=group_props   [{name,offline_from_mam},parallel]
=started       2024-08-23 19:05:02
=ended         2024-08-23 19:05:02
=result        ok
=elapsed       3.0e-6
=group_time    14.075s
=case          ejabberd_SUITE:init_per_group
=logfile       ejabberd_suite.init_per_group.52610.html
=group_props   [{name,offline_mucsub_mam},parallel]
=started       2024-08-23 19:05:02
=ended         2024-08-23 19:05:02
=result        ok
=elapsed       3.0e-6
=case          ejabberd_SUITE:offline_mucsub_mam_master
=logfile       ejabberd_suite.offline_mucsub_mam_master.52642.html
=started       2024-08-23 19:05:02
=ended         2024-08-23 19:05:03
=result        ok
=elapsed       0.241682
=case          ejabberd_SUITE:offline_mucsub_mam_slave
=logfile       ejabberd_suite.offline_mucsub_mam_slave.52674.html
=started       2024-08-23 19:05:02
=ended         2024-08-23 19:05:03
=result        ok
=elapsed       0.238299
=case          ejabberd_SUITE:end_per_group
=logfile       ejabberd_suite.end_per_group.52706.html
=group_props   [{name,offline_mucsub_mam},parallel]
=started       2024-08-23 19:05:03
=ended         2024-08-23 19:05:03
=result        ok
=elapsed       2.0e-6
=group_time    0.302s
=case          ejabberd_SUITE:end_per_group
=logfile       ejabberd_suite.end_per_group.52738.html
=group_props   [{name,offline_master_slave},sequence]
=started       2024-08-23 19:05:03
=ended         2024-08-23 19:05:03
=result        ok
=elapsed       3.0e-6
=group_time    28.870s
=case          ejabberd_SUITE:init_per_group
=logfile       ejabberd_suite.init_per_group.52770.html
=group_props   [{name,mam_master_slave},sequence]
=started       2024-08-23 19:05:03
=ended         2024-08-23 19:05:03
=result        ok
=elapsed       5.0e-6
=case          ejabberd_SUITE:init_per_group
=logfile       ejabberd_suite.init_per_group.52802.html
=group_props   [{name,mam_archived_and_stanza_id},parallel]
=started       2024-08-23 19:05:03
=ended         2024-08-23 19:05:03
=result        ok
=elapsed       3.0e-6
=case          ejabberd_SUITE:mam_archived_and_stanza_id_master
=logfile       ejabberd_suite.mam_archived_and_stanza_id_master.45443.html
=started       2024-08-23 19:05:03
=ended         2024-08-23 19:05:03
=result        ok
=elapsed       0.199103
=case          ejabberd_SUITE:mam_archived_and_stanza_id_slave
=logfile       ejabberd_suite.mam_archived_and_stanza_id_slave.45475.html
=started       2024-08-23 19:05:03
=ended         2024-08-23 19:05:03
=result        ok
=elapsed       0.203291
=case          ejabberd_SUITE:end_per_group
=logfile       ejabberd_suite.end_per_group.45571.html
=group_props   [{name,mam_archived_and_stanza_id},parallel]
=started       2024-08-23 19:05:03
=ended         2024-08-23 19:05:03
=result        ok
=elapsed       8.0e-6
=group_time    0.263s
=case          ejabberd_SUITE:init_per_group
=logfile       ejabberd_suite.init_per_group.45603.html
=group_props   [{name,mam_query_all},parallel]
=started       2024-08-23 19:05:03
=ended         2024-08-23 19:05:03
=result        ok
=elapsed       3.0e-6
=case          ejabberd_SUITE:mam_query_all_master
=logfile       ejabberd_suite.mam_query_all_master.45635.html
=started       2024-08-23 19:05:03
=ended         2024-08-23 19:05:03
=result        ok
=elapsed       0.175894
=case          ejabberd_SUITE:mam_query_all_slave
=logfile       ejabberd_suite.mam_query_all_slave.45667.html
=started       2024-08-23 19:05:03
=ended         2024-08-23 19:05:03
=result        ok
=elapsed       0.176181
=case          ejabberd_SUITE:end_per_group
=logfile       ejabberd_suite.end_per_group.45699.html
=group_props   [{name,mam_query_all},parallel]
=started       2024-08-23 19:05:03
=ended         2024-08-23 19:05:03
=result        ok
=elapsed       8.0e-6
=group_time    0.237s
=case          ejabberd_SUITE:init_per_group
=logfile       ejabberd_suite.init_per_group.45731.html
=group_props   [{name,mam_query_with},parallel]
=started       2024-08-23 19:05:03
=ended         2024-08-23 19:05:03
=result        ok
=elapsed       4.0e-6
=case          ejabberd_SUITE:mam_query_with_master
=logfile       ejabberd_suite.mam_query_with_master.45763.html
=started       2024-08-23 19:05:03
=ended         2024-08-23 19:05:04
=result        ok
=elapsed       0.193155
=case          ejabberd_SUITE:mam_query_with_slave
=logfile       ejabberd_suite.mam_query_with_slave.45795.html
=started       2024-08-23 19:05:03
=ended         2024-08-23 19:05:04
=result        ok
=elapsed       0.196341
=case          ejabberd_SUITE:end_per_group
=logfile       ejabberd_suite.end_per_group.33220.html
=group_props   [{name,mam_query_with},parallel]
=started       2024-08-23 19:05:04
=ended         2024-08-23 19:05:04
=result        ok
=elapsed       3.0e-6
=group_time    0.256s
=case          ejabberd_SUITE:init_per_group
=logfile       ejabberd_suite.init_per_group.33252.html
=group_props   [{name,mam_query_rsm_max},parallel]
=started       2024-08-23 19:05:04
=ended         2024-08-23 19:05:04
=result        ok
=elapsed       4.0e-6
=case          ejabberd_SUITE:mam_query_rsm_max_master
=logfile       ejabberd_suite.mam_query_rsm_max_master.33284.html
=started       2024-08-23 19:05:04
=ended         2024-08-23 19:05:04
=result        ok
=elapsed       0.251251
=case          ejabberd_SUITE:mam_query_rsm_max_slave
=logfile       ejabberd_suite.mam_query_rsm_max_slave.33316.html
=started       2024-08-23 19:05:04
=ended         2024-08-23 19:05:04
=result        ok
=elapsed       0.252529
=case          ejabberd_SUITE:end_per_group
=logfile       ejabberd_suite.end_per_group.33348.html
=group_props   [{name,mam_query_rsm_max},parallel]
=started       2024-08-23 19:05:04
=ended         2024-08-23 19:05:04
=result        ok
=elapsed       3.0e-6
=group_time    0.315s
=case          ejabberd_SUITE:init_per_group
=logfile       ejabberd_suite.init_per_group.33380.html
=group_props   [{name,mam_query_rsm_after},parallel]
=started       2024-08-23 19:05:04
=ended         2024-08-23 19:05:04
=result        ok
=elapsed       3.0e-6
=case          ejabberd_SUITE:mam_query_rsm_after_master
=logfile       ejabberd_suite.mam_query_rsm_after_master.33412.html
=started       2024-08-23 19:05:04
=ended         2024-08-23 19:05:04
=result        ok
=elapsed       0.224089
=case          ejabberd_SUITE:mam_query_rsm_after_slave
=logfile       ejabberd_suite.mam_query_rsm_after_slave.9861.html
=started       2024-08-23 19:05:04
=ended         2024-08-23 19:05:04
=result        ok
=elapsed       0.233046
=case          ejabberd_SUITE:end_per_group
=logfile       ejabberd_suite.end_per_group.9925.html
=group_props   [{name,mam_query_rsm_after},parallel]
=started       2024-08-23 19:05:04
=ended         2024-08-23 19:05:04
=result        ok
=elapsed       3.0e-6
=group_time    0.292s
=case          ejabberd_SUITE:init_per_group
=logfile       ejabberd_suite.init_per_group.33476.html
=group_props   [{name,mam_query_rsm_before},parallel]
=started       2024-08-23 19:05:04
=ended         2024-08-23 19:05:04
=result        ok
=elapsed       3.0e-6
=case          ejabberd_SUITE:mam_query_rsm_before_master
=logfile       ejabberd_suite.mam_query_rsm_before_master.33508.html
=started       2024-08-23 19:05:04
=ended         2024-08-23 19:05:05
=result        ok
=elapsed       0.239829
=case          ejabberd_SUITE:mam_query_rsm_before_slave
=logfile       ejabberd_suite.mam_query_rsm_before_slave.33540.html
=started       2024-08-23 19:05:04
=ended         2024-08-23 19:05:05
=result        ok
=elapsed       0.240527
=case          ejabberd_SUITE:end_per_group
=logfile       ejabberd_suite.end_per_group.33636.html
=group_props   [{name,mam_query_rsm_before},parallel]
=started       2024-08-23 19:05:05
=ended         2024-08-23 19:05:05
=result        ok
=elapsed       9.0e-6
=group_time    0.300s
=case          ejabberd_SUITE:init_per_group
=logfile       ejabberd_suite.init_per_group.33668.html
=group_props   [{name,mam_muc},parallel]
=started       2024-08-23 19:05:05
=ended         2024-08-23 19:05:05
=result        ok
=elapsed       4.0e-6
=case          ejabberd_SUITE:mam_muc_master
=logfile       ejabberd_suite.mam_muc_master.10021.html
=started       2024-08-23 19:05:05
=ended         2024-08-23 19:05:05
=result        ok
=elapsed       0.166841
=case          ejabberd_SUITE:mam_muc_slave
=logfile       ejabberd_suite.mam_muc_slave.10053.html
=started       2024-08-23 19:05:05
=ended         2024-08-23 19:05:05
=result        ok
=elapsed       0.161918
=case          ejabberd_SUITE:end_per_group
=logfile       ejabberd_suite.end_per_group.46083.html
=group_props   [{name,mam_muc},parallel]
=started       2024-08-23 19:05:05
=ended         2024-08-23 19:05:05
=result        ok
=elapsed       3.0e-6
=group_time    0.228s
=case          ejabberd_SUITE:init_per_group
=logfile       ejabberd_suite.init_per_group.46115.html
=group_props   [{name,mam_mucsub},parallel]
=started       2024-08-23 19:05:05
=ended         2024-08-23 19:05:05
=result        ok
=elapsed       3.0e-6
=case          ejabberd_SUITE:mam_mucsub_master
=logfile       ejabberd_suite.mam_mucsub_master.10117.html
=started       2024-08-23 19:05:05
=ended         2024-08-23 19:05:05
=result        ok
=elapsed       0.14389
=case          ejabberd_SUITE:mam_mucsub_slave
=logfile       ejabberd_suite.mam_mucsub_slave.10149.html
=started       2024-08-23 19:05:05
=ended         2024-08-23 19:05:05
=result        ok
=elapsed       0.140314
=case          ejabberd_SUITE:end_per_group
=logfile       ejabberd_suite.end_per_group.10245.html
=group_props   [{name,mam_mucsub},parallel]
=started       2024-08-23 19:05:05
=ended         2024-08-23 19:05:05
=result        ok
=elapsed       3.0e-6
=group_time    0.202s
=case          ejabberd_SUITE:init_per_group
=logfile       ejabberd_suite.init_per_group.10277.html
=group_props   [{name,mam_mucsub_from_muc},parallel]
=started       2024-08-23 19:05:05
=ended         2024-08-23 19:05:05
=result        ok
=elapsed       4.0e-6
=case          ejabberd_SUITE:mam_mucsub_from_muc_master
=logfile       ejabberd_suite.mam_mucsub_from_muc_master.10309.html
=started       2024-08-23 19:05:05
=ended         2024-08-23 19:05:05
=result        ok
=elapsed       0.144094
=case          ejabberd_SUITE:mam_mucsub_from_muc_slave
=logfile       ejabberd_suite.mam_mucsub_from_muc_slave.10341.html
=started       2024-08-23 19:05:05
=ended         2024-08-23 19:05:05
=result        ok
=elapsed       0.139801
=case          ejabberd_SUITE:end_per_group
=logfile       ejabberd_suite.end_per_group.10405.html
=group_props   [{name,mam_mucsub_from_muc},parallel]
=started       2024-08-23 19:05:05
=ended         2024-08-23 19:05:05
=result        ok
=elapsed       8.0e-6
=group_time    0.203s
=case          ejabberd_SUITE:init_per_group
=logfile       ejabberd_suite.init_per_group.10437.html
=group_props   [{name,mam_mucsub_from_muc_non_persistent},parallel]
=started       2024-08-23 19:05:05
=ended         2024-08-23 19:05:05
=result        ok
=elapsed       5.0e-6
=case          ejabberd_SUITE:mam_mucsub_from_muc_non_persistent_master
=logfile       ejabberd_suite.mam_mucsub_from_muc_non_persistent_master.52962.html
=started       2024-08-23 19:05:05
=ended         2024-08-23 19:05:06
=result        ok
=elapsed       0.13822
=case          ejabberd_SUITE:mam_mucsub_from_muc_non_persistent_slave
=logfile       ejabberd_suite.mam_mucsub_from_muc_non_persistent_slave.52994.html
=started       2024-08-23 19:05:05
=ended         2024-08-23 19:05:05
=result        ok
=elapsed       0.137002
=case          ejabberd_SUITE:end_per_group
=logfile       ejabberd_suite.end_per_group.53058.html
=group_props   [{name,mam_mucsub_from_muc_non_persistent},parallel]
=started       2024-08-23 19:05:06
=ended         2024-08-23 19:05:06
=result        ok
=elapsed       7.0e-6
=group_time    0.199s
=case          ejabberd_SUITE:end_per_group
=logfile       ejabberd_suite.end_per_group.53090.html
=group_props   [{name,mam_master_slave},sequence]
=started       2024-08-23 19:05:06
=ended         2024-08-23 19:05:06
=result        ok
=elapsed       4.0e-6
=group_time    2.775s
=case          ejabberd_SUITE:init_per_group
=logfile       ejabberd_suite.init_per_group.53122.html
=group_props   [{name,announce_master_slave},sequence]
=started       2024-08-23 19:05:06
=ended         2024-08-23 19:05:06
=result        ok
=elapsed       4.0e-6
=case          ejabberd_SUITE:init_per_group
=logfile       ejabberd_suite.init_per_group.53154.html
=group_props   [{name,announce_set_motd},parallel]
=started       2024-08-23 19:05:06
=ended         2024-08-23 19:05:06
=result        ok
=elapsed       3.0e-6
=case          ejabberd_SUITE:announce_set_motd_master
=logfile       ejabberd_suite.announce_set_motd_master.53186.html
=started       2024-08-23 19:05:06
=ended         2024-08-23 19:05:06
=result        ok
=elapsed       0.239195
=case          ejabberd_SUITE:announce_set_motd_slave
=logfile       ejabberd_suite.announce_set_motd_slave.53218.html
=started       2024-08-23 19:05:06
=ended         2024-08-23 19:05:06
=result        ok
=elapsed       0.240026
=case          ejabberd_SUITE:end_per_group
=logfile       ejabberd_suite.end_per_group.53346.html
=group_props   [{name,announce_set_motd},parallel]
=started       2024-08-23 19:05:06
=ended         2024-08-23 19:05:06
=result        ok
=elapsed       3.0e-6
=group_time    0.299s
=case          ejabberd_SUITE:end_per_group
=logfile       ejabberd_suite.end_per_group.46275.html
=group_props   [{name,announce_master_slave},sequence]
=started       2024-08-23 19:05:06
=ended         2024-08-23 19:05:06
=result        ok
=elapsed       3.0e-6
=group_time    0.350s
=case          ejabberd_SUITE:init_per_group
=logfile       ejabberd_suite.init_per_group.46307.html
=group_props   [{name,push_master_slave},sequence]
=started       2024-08-23 19:05:06
=ended         2024-08-23 19:05:06
=result        ok
=elapsed       4.0e-6
=case          ejabberd_SUITE:init_per_group
=logfile       ejabberd_suite.init_per_group.46339.html
=group_props   [{name,push_sm},parallel]
=started       2024-08-23 19:05:06
=ended         2024-08-23 19:05:06
=result        ok
=elapsed       3.0e-6
=case          ejabberd_SUITE:push_sm_master
=logfile       ejabberd_suite.push_sm_master.46371.html
=started       2024-08-23 19:05:06
=ended         2024-08-23 19:05:14
=result        ok
=elapsed       8.197183
=case          ejabberd_SUITE:push_sm_slave
=logfile       ejabberd_suite.push_sm_slave.46403.html
=started       2024-08-23 19:05:06
=ended         2024-08-23 19:05:06
=result        ok
=elapsed       0.089334
=case          ejabberd_SUITE:end_per_group
=logfile       ejabberd_suite.end_per_group.46467.html
=group_props   [{name,push_sm},parallel]
=started       2024-08-23 19:05:14
=ended         2024-08-23 19:05:14
=result        ok
=elapsed       3.0e-6
=group_time    8.257s
=case          ejabberd_SUITE:init_per_group
=logfile       ejabberd_suite.init_per_group.34084.html
=group_props   [{name,push_offline},parallel]
=started       2024-08-23 19:05:14
=ended         2024-08-23 19:05:14
=result        ok
=elapsed       4.0e-6
=case          ejabberd_SUITE:push_offline_master
=logfile       ejabberd_suite.push_offline_master.34116.html
=started       2024-08-23 19:05:14
=ended         2024-08-23 19:05:15
=result        ok
=elapsed       0.297934
=case          ejabberd_SUITE:push_offline_slave
=logfile       ejabberd_suite.push_offline_slave.34148.html
=started       2024-08-23 19:05:14
=ended         2024-08-23 19:05:14
=result        ok
=elapsed       0.14955
=case          ejabberd_SUITE:end_per_group
=logfile       ejabberd_suite.end_per_group.34244.html
=group_props   [{name,push_offline},parallel]
=started       2024-08-23 19:05:15
=ended         2024-08-23 19:05:15
=result        ok
=elapsed       2.0e-6
=group_time    0.359s
=case          ejabberd_SUITE:init_per_group
=logfile       ejabberd_suite.init_per_group.34276.html
=group_props   [{name,push_mam},parallel]
=started       2024-08-23 19:05:15
=ended         2024-08-23 19:05:15
=result        ok
=elapsed       3.0e-6
=case          ejabberd_SUITE:push_mam_master
=logfile       ejabberd_suite.push_mam_master.34308.html
=started       2024-08-23 19:05:15
=ended         2024-08-23 19:05:15
=result        ok
=elapsed       0.193813
=case          ejabberd_SUITE:push_mam_slave
=logfile       ejabberd_suite.push_mam_slave.34340.html
=started       2024-08-23 19:05:15
=ended         2024-08-23 19:05:15
=result        ok
=elapsed       0.307084
=case          ejabberd_SUITE:end_per_group
=logfile       ejabberd_suite.end_per_group.34436.html
=group_props   [{name,push_mam},parallel]
=started       2024-08-23 19:05:15
=ended         2024-08-23 19:05:15
=result        ok
=elapsed       2.0e-6
=group_time    0.366s
=case          ejabberd_SUITE:end_per_group
=logfile       ejabberd_suite.end_per_group.34468.html
=group_props   [{name,push_master_slave},sequence]
=started       2024-08-23 19:05:15
=ended         2024-08-23 19:05:15
=result        ok
=elapsed       9.0e-6
=group_time    9.083s
=case          ejabberd_SUITE:end_per_group
=logfile       ejabberd_suite.end_per_group.34500.html
=group_props   [{name,pgsql},sequence]
=started       2024-08-23 19:05:15
=ended         2024-08-23 19:05:15
=result        failed: {test_case_failed,
                           {failed_to_check_table_existence,pgsql,
                               {selected,[<<"exists">>],[[<<"f">>]]}}}, [{ejabberd_SUITE,
                                                                          end_per_group,
                                                                          196},
                                                                         {test_server,
                                                                          ts_tc,
                                                                          1782},
                                                                         {test_server,
                                                                          run_test_case_eval1,
                                                                          1379},
                                                                         {test_server,
                                                                          run_test_case_eval,
                                                                          1223}]
=== *** FAILED {ejabberd_SUITE,end_per_group} ***
=group_time    102.928s
=case          ejabberd_SUITE:init_per_group
=logfile       ejabberd_suite.init_per_group.53506.html
=group_props   [{name,sqlite},sequence]
=started       2024-08-23 19:05:15
=ended         2024-08-23 19:05:15
=result        ok
=elapsed       3.7e-4
=case          ejabberd_SUITE:init_per_group
=logfile       ejabberd_suite.init_per_group.34532.html
=group_props   [{name,single_user},sequence]
=started       2024-08-23 19:05:15
=ended         2024-08-23 19:05:15
=result        ok
=elapsed       4.0e-6
=case          ejabberd_SUITE:test_register
=logfile       ejabberd_suite.test_register.34564.html
=started       2024-08-23 19:05:15
=ended         2024-08-23 19:05:15
=result        ok
=elapsed       0.007331
=case          ejabberd_SUITE:init_per_group
=logfile       ejabberd_suite.init_per_group.53602.html
=group_props   [{name,legacy_auth},parallel]
=started       2024-08-23 19:05:15
=ended         2024-08-23 19:05:15
=result        ok
=elapsed       3.0e-6
=case          ejabberd_SUITE:test_legacy_auth_feature
=logfile       ejabberd_suite.test_legacy_auth_feature.10469.html
=started       2024-08-23 19:05:15
=ended         2024-08-23 19:05:15
=result        ok
=elapsed       4.27e-4
=case          ejabberd_SUITE:test_legacy_auth
=logfile       ejabberd_suite.test_legacy_auth.10533.html
=started       2024-08-23 19:05:15
=ended         2024-08-23 19:05:15
=result        ok
=elapsed       0.108032
=case          ejabberd_SUITE:test_legacy_auth_digest
=logfile       ejabberd_suite.test_legacy_auth_digest.10501.html
=started       2024-08-23 19:05:15
=ended         2024-08-23 19:05:15
=result        ok
=elapsed       0.108942
=case          ejabberd_SUITE:test_legacy_auth_no_resource
=logfile       ejabberd_suite.test_legacy_auth_no_resource.53634.html
=started       2024-08-23 19:05:15
=ended         2024-08-23 19:05:15
=result        ok
=elapsed       0.002838
=case          ejabberd_SUITE:test_legacy_auth_bad_jid
=logfile       ejabberd_suite.test_legacy_auth_bad_jid.10565.html
=started       2024-08-23 19:05:15
=ended         2024-08-23 19:05:15
=result        ok
=elapsed       0.002448
=case          ejabberd_SUITE:test_legacy_auth_fail
=logfile       ejabberd_suite.test_legacy_auth_fail.34596.html
=started       2024-08-23 19:05:15
=ended         2024-08-23 19:05:15
=result        ok
=elapsed       0.002479
=case          ejabberd_SUITE:end_per_group
=logfile       ejabberd_suite.end_per_group.34660.html
=group_props   [{name,legacy_auth},parallel]
=started       2024-08-23 19:05:15
=ended         2024-08-23 19:05:15
=result        ok
=elapsed       2.0e-6
=group_time    0.171s
=case          ejabberd_SUITE:auth_plain
=logfile       ejabberd_suite.auth_plain.46595.html
=started       2024-08-23 19:05:15
=ended         2024-08-23 19:05:15
=result        ok
=elapsed       0.002129
=case          ejabberd_SUITE:auth_md5
=logfile       ejabberd_suite.auth_md5.46627.html
=started       2024-08-23 19:05:15
=ended         2024-08-23 19:05:15
=result        ok
=elapsed       0.002144
=case          ejabberd_SUITE:presence_broadcast
=logfile       ejabberd_suite.presence_broadcast.46691.html
=started       2024-08-23 19:05:15
=ended         2024-08-23 19:05:16
=result        ok
=elapsed       0.21105
=case          ejabberd_SUITE:last
=logfile       ejabberd_suite.last.46723.html
=started       2024-08-23 19:05:16
=ended         2024-08-23 19:05:16
=result        ok
=elapsed       0.109129
=case          ejabberd_SUITE:init_per_group
=logfile       ejabberd_suite.init_per_group.46819.html
=group_props   [{name,webadmin_single},sequence]
=started       2024-08-23 19:05:16
=ended         2024-08-23 19:05:16
=result        ok
=elapsed       4.0e-6
=case          ejabberd_SUITE:webadmin_login_page
=logfile       ejabberd_suite.webadmin_login_page.53922.html
=started       2024-08-23 19:05:16
=ended         2024-08-23 19:05:16
=result        ok
=elapsed       4.77e-4
=case          ejabberd_SUITE:webadmin_welcome_page
=logfile       ejabberd_suite.webadmin_welcome_page.46851.html
=started       2024-08-23 19:05:16
=ended         2024-08-23 19:05:16
=result        ok
=elapsed       0.004258
=case          ejabberd_SUITE:webadmin_user_page
=logfile       ejabberd_suite.webadmin_user_page.46883.html
=started       2024-08-23 19:05:16
=ended         2024-08-23 19:05:16
=result        ok
=elapsed       0.003479
=case          ejabberd_SUITE:webadmin_adduser
=logfile       ejabberd_suite.webadmin_adduser.46915.html
=started       2024-08-23 19:05:16
=ended         2024-08-23 19:05:16
=result        ok
=elapsed       0.008516
=case          ejabberd_SUITE:webadmin_changepassword
=logfile       ejabberd_suite.webadmin_changepassword.46947.html
=started       2024-08-23 19:05:16
=ended         2024-08-23 19:05:16
=result        ok
=elapsed       0.004376
=case          ejabberd_SUITE:webadmin_removeuser
=logfile       ejabberd_suite.webadmin_removeuser.46979.html
=started       2024-08-23 19:05:16
=ended         2024-08-23 19:05:16
=result        ok
=elapsed       0.008172
=case          ejabberd_SUITE:end_per_group
=logfile       ejabberd_suite.end_per_group.47011.html
=group_props   [{name,webadmin_single},sequence]
=started       2024-08-23 19:05:16
=ended         2024-08-23 19:05:16
=result        ok
=elapsed       1.4e-5
=group_time    0.212s
=case          ejabberd_SUITE:init_per_group
=logfile       ejabberd_suite.init_per_group.47043.html
=group_props   [{name,roster_single},sequence]
=started       2024-08-23 19:05:16
=ended         2024-08-23 19:05:16
=result        ok
=elapsed       4.0e-6
=case          ejabberd_SUITE:roster_feature_enabled
=logfile       ejabberd_suite.roster_feature_enabled.47075.html
=started       2024-08-23 19:05:16
=ended         2024-08-23 19:05:16
=result        ok
=elapsed       0.103102
=case          ejabberd_SUITE:roster_iq_set_many_items
=logfile       ejabberd_suite.roster_iq_set_many_items.47139.html
=started       2024-08-23 19:05:16
=ended         2024-08-23 19:05:16
=result        ok
=elapsed       0.103756
=case          ejabberd_SUITE:roster_iq_set_duplicated_groups
=logfile       ejabberd_suite.roster_iq_set_duplicated_groups.47235.html
=started       2024-08-23 19:05:16
=ended         2024-08-23 19:05:16
=result        ok
=elapsed       0.104004
=case          ejabberd_SUITE:roster_iq_get_item
=logfile       ejabberd_suite.roster_iq_get_item.47299.html
=started       2024-08-23 19:05:16
=ended         2024-08-23 19:05:17
=result        ok
=elapsed       0.103998
=case          ejabberd_SUITE:roster_iq_unexpected_element
=logfile       ejabberd_suite.roster_iq_unexpected_element.47395.html
=started       2024-08-23 19:05:17
=ended         2024-08-23 19:05:17
=result        ok
=elapsed       0.104478
=case          ejabberd_SUITE:roster_iq_set_ask
=logfile       ejabberd_suite.roster_iq_set_ask.54082.html
=started       2024-08-23 19:05:17
=ended         2024-08-23 19:05:17
=result        ok
=elapsed       0.103541
=case          ejabberd_SUITE:roster_set_item
=logfile       ejabberd_suite.roster_set_item.54146.html
=started       2024-08-23 19:05:17
=ended         2024-08-23 19:05:17
=result        ok
=elapsed       0.338733
=case          ejabberd_SUITE:roster_version
=logfile       ejabberd_suite.roster_version.54338.html
=started       2024-08-23 19:05:17
=ended         2024-08-23 19:05:17
=result        ok
=elapsed       0.153517
=case          ejabberd_SUITE:end_per_group
=logfile       ejabberd_suite.end_per_group.54434.html
=group_props   [{name,roster_single},sequence]
=started       2024-08-23 19:05:17
=ended         2024-08-23 19:05:17
=result        ok
=elapsed       4.0e-6
=group_time    1.398s
=case          ejabberd_SUITE:init_per_group
=logfile       ejabberd_suite.init_per_group.54466.html
=group_props   [{name,private_single},sequence]
=started       2024-08-23 19:05:17
=ended         2024-08-23 19:05:17
=result        ok
=elapsed       4.0e-6
=case          ejabberd_SUITE:private_test_features
=logfile       ejabberd_suite.private_test_features.54498.html
=started       2024-08-23 19:05:17
=ended         2024-08-23 19:05:18
=result        ok
=elapsed       0.104639
=case          ejabberd_SUITE:private_test_no_namespace
=logfile       ejabberd_suite.private_test_no_namespace.54562.html
=started       2024-08-23 19:05:18
=ended         2024-08-23 19:05:18
=result        ok
=elapsed       0.1035
=case          ejabberd_SUITE:private_test_set_get
=logfile       ejabberd_suite.private_test_set_get.54626.html
=started       2024-08-23 19:05:18
=ended         2024-08-23 19:05:18
=result        ok
=elapsed       0.144382
=case          ejabberd_SUITE:private_test_published
=logfile       ejabberd_suite.private_test_published.54690.html
=started       2024-08-23 19:05:18
=ended         2024-08-23 19:05:18
=result        ok
=elapsed       0.111747
=case          ejabberd_SUITE:end_per_group
=logfile       ejabberd_suite.end_per_group.54786.html
=group_props   [{name,private_single},sequence]
=started       2024-08-23 19:05:18
=ended         2024-08-23 19:05:18
=result        ok
=elapsed       4.0e-6
=group_time    0.621s
=case          ejabberd_SUITE:init_per_group
=logfile       ejabberd_suite.init_per_group.47651.html
=group_props   [{name,privacy_single},sequence]
=started       2024-08-23 19:05:18
=ended         2024-08-23 19:05:18
=result        ok
=elapsed       4.0e-6
=case          ejabberd_SUITE:privacy_feature_enabled
=logfile       ejabberd_suite.privacy_feature_enabled.47683.html
=started       2024-08-23 19:05:18
=ended         2024-08-23 19:05:18
=result        ok
=elapsed       0.104369
=case          ejabberd_SUITE:privacy_set_get_list
=logfile       ejabberd_suite.privacy_set_get_list.47747.html
=started       2024-08-23 19:05:18
=ended         2024-08-23 19:05:18
=result        ok
=elapsed       0.152626
=case          ejabberd_SUITE:privacy_get_list_non_existent
=logfile       ejabberd_suite.privacy_get_list_non_existent.47779.html
=started       2024-08-23 19:05:18
=ended         2024-08-23 19:05:19
=result        ok
=elapsed       0.104237
=case          ejabberd_SUITE:privacy_get_empty_lists
=logfile       ejabberd_suite.privacy_get_empty_lists.47843.html
=started       2024-08-23 19:05:19
=ended         2024-08-23 19:05:19
=result        ok
=elapsed       0.104193
=case          ejabberd_SUITE:privacy_set_default
=logfile       ejabberd_suite.privacy_set_default.54914.html
=started       2024-08-23 19:05:19
=ended         2024-08-23 19:05:19
=result        ok
=elapsed       0.155852
=case          ejabberd_SUITE:privacy_del_default
=logfile       ejabberd_suite.privacy_del_default.54978.html
=started       2024-08-23 19:05:19
=ended         2024-08-23 19:05:19
=result        ok
=elapsed       0.161567
=case          ejabberd_SUITE:privacy_set_default_non_existent
=logfile       ejabberd_suite.privacy_set_default_non_existent.55010.html
=started       2024-08-23 19:05:19
=ended         2024-08-23 19:05:19
=result        ok
=elapsed       0.105604
=case          ejabberd_SUITE:privacy_set_active
=logfile       ejabberd_suite.privacy_set_active.55106.html
=started       2024-08-23 19:05:19
=ended         2024-08-23 19:05:19
=result        ok
=elapsed       0.151894
=case          ejabberd_SUITE:privacy_del_active
=logfile       ejabberd_suite.privacy_del_active.47971.html
=started       2024-08-23 19:05:19
=ended         2024-08-23 19:05:20
=result        ok
=elapsed       0.153265
=case          ejabberd_SUITE:privacy_set_active_non_existent
=logfile       ejabberd_suite.privacy_set_active_non_existent.48067.html
=started       2024-08-23 19:05:20
=ended         2024-08-23 19:05:20
=result        ok
=elapsed       0.103549
=case          ejabberd_SUITE:privacy_remove_list
=logfile       ejabberd_suite.privacy_remove_list.48163.html
=started       2024-08-23 19:05:20
=ended         2024-08-23 19:05:20
=result        ok
=elapsed       0.151344
=case          ejabberd_SUITE:privacy_remove_default_list
=logfile       ejabberd_suite.privacy_remove_default_list.48227.html
=started       2024-08-23 19:05:20
=ended         2024-08-23 19:05:20
=result        ok
=elapsed       0.155895
=case          ejabberd_SUITE:privacy_remove_active_list
=logfile       ejabberd_suite.privacy_remove_active_list.34916.html
=started       2024-08-23 19:05:20
=ended         2024-08-23 19:05:20
=result        ok
=elapsed       0.153388
=case          ejabberd_SUITE:privacy_remove_list_non_existent
=logfile       ejabberd_suite.privacy_remove_list_non_existent.55138.html
=started       2024-08-23 19:05:20
=ended         2024-08-23 19:05:20
=result        ok
=elapsed       0.104696
=case          ejabberd_SUITE:privacy_allow_local_server
=logfile       ejabberd_suite.privacy_allow_local_server.35012.html
=started       2024-08-23 19:05:20
=ended         2024-08-23 19:05:21
=result        ok
=elapsed       0.197373
=case          ejabberd_SUITE:privacy_malformed_iq_query
=logfile       ejabberd_suite.privacy_malformed_iq_query.35076.html
=started       2024-08-23 19:05:21
=ended         2024-08-23 19:05:21
=result        ok
=elapsed       0.103723
=case          ejabberd_SUITE:privacy_malformed_get
=logfile       ejabberd_suite.privacy_malformed_get.35108.html
=started       2024-08-23 19:05:21
=ended         2024-08-23 19:05:21
=result        ok
=elapsed       0.106762
=case          ejabberd_SUITE:privacy_malformed_set
=logfile       ejabberd_suite.privacy_malformed_set.35140.html
=started       2024-08-23 19:05:21
=ended         2024-08-23 19:05:21
=result        ok
=elapsed       0.106259
=case          ejabberd_SUITE:privacy_malformed_type_value
=logfile       ejabberd_suite.privacy_malformed_type_value.35204.html
=started       2024-08-23 19:05:21
=ended         2024-08-23 19:05:21
=result        ok
=elapsed       0.104866
=case          ejabberd_SUITE:privacy_set_get_block
=logfile       ejabberd_suite.privacy_set_get_block.35300.html
=started       2024-08-23 19:05:21
=ended         2024-08-23 19:05:21
=result        ok
=elapsed       0.199217
=case          ejabberd_SUITE:end_per_group
=logfile       ejabberd_suite.end_per_group.35396.html
=group_props   [{name,privacy_single},sequence]
=started       2024-08-23 19:05:21
=ended         2024-08-23 19:05:21
=result        ok
=elapsed       3.0e-6
=group_time    3.356s
=case          ejabberd_SUITE:init_per_group
=logfile       ejabberd_suite.init_per_group.35428.html
=group_props   [{name,vcard_single},sequence]
=started       2024-08-23 19:05:21
=ended         2024-08-23 19:05:22
=result        ok
=elapsed       3.0e-6
=case          ejabberd_SUITE:vcard_feature_enabled
=logfile       ejabberd_suite.vcard_feature_enabled.35460.html
=started       2024-08-23 19:05:22
=ended         2024-08-23 19:05:22
=result        ok
=elapsed       0.105342
=case          ejabberd_SUITE:vcard_get_set
=logfile       ejabberd_suite.vcard_get_set.35524.html
=started       2024-08-23 19:05:22
=ended         2024-08-23 19:05:22
=result        ok
=elapsed       0.107804
=case          ejabberd_SUITE:vcard_service_vcard
=logfile       ejabberd_suite.vcard_service_vcard.35556.html
=started       2024-08-23 19:05:22
=ended         2024-08-23 19:05:22
=result        ok
=elapsed       0.104186
=case          ejabberd_SUITE:end_per_group
=logfile       ejabberd_suite.end_per_group.55330.html
=group_props   [{name,vcard_single},sequence]
=started       2024-08-23 19:05:22
=ended         2024-08-23 19:05:22
=result        ok
=elapsed       3.0e-6
=group_time    0.437s
=case          ejabberd_SUITE:init_per_group
=logfile       ejabberd_suite.init_per_group.48579.html
=group_props   [{name,pubsub_single},sequence]
=started       2024-08-23 19:05:22
=ended         2024-08-23 19:05:22
=result        ok
=elapsed       4.0e-6
=case          ejabberd_SUITE:pubsub_test_features
=logfile       ejabberd_suite.pubsub_test_features.48611.html
=started       2024-08-23 19:05:22
=ended         2024-08-23 19:05:22
=result        ok
=elapsed       0.104645
=case          ejabberd_SUITE:pubsub_test_vcard
=logfile       ejabberd_suite.pubsub_test_vcard.48707.html
=started       2024-08-23 19:05:22
=ended         2024-08-23 19:05:22
=result        ok
=elapsed       0.103866
=case          ejabberd_SUITE:pubsub_test_create
=logfile       ejabberd_suite.pubsub_test_create.55394.html
=started       2024-08-23 19:05:22
=ended         2024-08-23 19:05:22
=result        ok
=elapsed       0.107209
=case          ejabberd_SUITE:pubsub_test_configure
=logfile       ejabberd_suite.pubsub_test_configure.55490.html
=started       2024-08-23 19:05:22
=ended         2024-08-23 19:05:23
=result        ok
=elapsed       0.112681
=case          ejabberd_SUITE:pubsub_test_delete
=logfile       ejabberd_suite.pubsub_test_delete.55554.html
=started       2024-08-23 19:05:23
=ended         2024-08-23 19:05:23
=result        ok
=elapsed       0.106515
=case          ejabberd_SUITE:pubsub_test_get_affiliations
=logfile       ejabberd_suite.pubsub_test_get_affiliations.55650.html
=started       2024-08-23 19:05:23
=ended         2024-08-23 19:05:23
=result        ok
=elapsed       0.139672
=case          ejabberd_SUITE:pubsub_test_get_subscriptions
=logfile       ejabberd_suite.pubsub_test_get_subscriptions.55714.html
=started       2024-08-23 19:05:23
=ended         2024-08-23 19:05:23
=result        ok
=elapsed       0.157249
=case          ejabberd_SUITE:pubsub_test_create_instant
=logfile       ejabberd_suite.pubsub_test_create_instant.55746.html
=started       2024-08-23 19:05:23
=ended         2024-08-23 19:05:23
=result        ok
=elapsed       0.109734
=case          ejabberd_SUITE:pubsub_test_default
=logfile       ejabberd_suite.pubsub_test_default.55810.html
=started       2024-08-23 19:05:23
=ended         2024-08-23 19:05:23
=result        ok
=elapsed       0.104824
=case          ejabberd_SUITE:pubsub_test_create_configure
=logfile       ejabberd_suite.pubsub_test_create_configure.55906.html
=started       2024-08-23 19:05:23
=ended         2024-08-23 19:05:23
=result        ok
=elapsed       0.116411
=case          ejabberd_SUITE:pubsub_test_publish
=logfile       ejabberd_suite.pubsub_test_publish.55970.html
=started       2024-08-23 19:05:23
=ended         2024-08-23 19:05:24
=result        ok
=elapsed       0.11449
=case          ejabberd_SUITE:pubsub_test_auto_create
=logfile       ejabberd_suite.pubsub_test_auto_create.56002.html
=started       2024-08-23 19:05:24
=ended         2024-08-23 19:05:24
=result        ok
=elapsed       0.112959
=case          ejabberd_SUITE:pubsub_test_get_items
=logfile       ejabberd_suite.pubsub_test_get_items.56098.html
=started       2024-08-23 19:05:24
=ended         2024-08-23 19:05:24
=result        ok
=elapsed       0.132851
=case          ejabberd_SUITE:pubsub_test_delete_item
=logfile       ejabberd_suite.pubsub_test_delete_item.56130.html
=started       2024-08-23 19:05:24
=ended         2024-08-23 19:05:24
=result        ok
=elapsed       0.118586
=case          ejabberd_SUITE:pubsub_test_purge
=logfile       ejabberd_suite.pubsub_test_purge.56194.html
=started       2024-08-23 19:05:24
=ended         2024-08-23 19:05:24
=result        ok
=elapsed       0.131896
=case          ejabberd_SUITE:pubsub_test_subscribe
=logfile       ejabberd_suite.pubsub_test_subscribe.56226.html
=started       2024-08-23 19:05:24
=ended         2024-08-23 19:05:24
=result        ok
=elapsed       0.114381
=case          ejabberd_SUITE:pubsub_test_subscribe_max_item_1
=logfile       ejabberd_suite.pubsub_test_subscribe_max_item_1.56290.html
=started       2024-08-23 19:05:24
=ended         2024-08-23 19:05:25
=result        ok
=elapsed       0.118777
=case          ejabberd_SUITE:pubsub_test_unsubscribe
=logfile       ejabberd_suite.pubsub_test_unsubscribe.56354.html
=started       2024-08-23 19:05:25
=ended         2024-08-23 19:05:25
=result        ok
=elapsed       0.118227
=case          ejabberd_SUITE:end_per_group
=logfile       ejabberd_suite.end_per_group.56450.html
=group_props   [{name,pubsub_single},sequence]
=started       2024-08-23 19:05:25
=ended         2024-08-23 19:05:25
=result        ok
=elapsed       9.0e-6
=group_time    2.728s
=case          ejabberd_SUITE:init_per_group
=logfile       ejabberd_suite.init_per_group.56482.html
=group_props   [{name,muc_single},sequence]
=started       2024-08-23 19:05:25
=ended         2024-08-23 19:05:25
=result        ok
=elapsed       3.0e-6
=case          ejabberd_SUITE:muc_service_presence_error
=logfile       ejabberd_suite.muc_service_presence_error.56514.html
=started       2024-08-23 19:05:25
=ended         2024-08-23 19:05:25
=result        ok
=elapsed       0.191054
=case          ejabberd_SUITE:muc_service_message_error
=logfile       ejabberd_suite.muc_service_message_error.56546.html
=started       2024-08-23 19:05:25
=ended         2024-08-23 19:05:25
=result        ok
=elapsed       0.191509
=case          ejabberd_SUITE:muc_service_unknown_ns_iq_error
=logfile       ejabberd_suite.muc_service_unknown_ns_iq_error.56610.html
=started       2024-08-23 19:05:25
=ended         2024-08-23 19:05:25
=result        ok
=elapsed       0.189852
=case          ejabberd_SUITE:muc_service_iq_set_error
=logfile       ejabberd_suite.muc_service_iq_set_error.56642.html
=started       2024-08-23 19:05:25
=ended         2024-08-23 19:05:26
=result        ok
=elapsed       0.321784
=case          ejabberd_SUITE:muc_service_improper_iq_error
=logfile       ejabberd_suite.muc_service_improper_iq_error.56674.html
=started       2024-08-23 19:05:26
=ended         2024-08-23 19:05:26
=result        ok
=elapsed       0.277026
=case          ejabberd_SUITE:muc_service_features
=logfile       ejabberd_suite.muc_service_features.56738.html
=started       2024-08-23 19:05:26
=ended         2024-08-23 19:05:26
=result        ok
=elapsed       0.103938
=case          ejabberd_SUITE:muc_service_disco_info_node_error
=logfile       ejabberd_suite.muc_service_disco_info_node_error.56834.html
=started       2024-08-23 19:05:26
=ended         2024-08-23 19:05:26
=result        ok
=elapsed       0.103795
=case          ejabberd_SUITE:muc_service_disco_items
=logfile       ejabberd_suite.muc_service_disco_items.56898.html
=started       2024-08-23 19:05:26
=ended         2024-08-23 19:05:27
=result        ok
=elapsed       0.177208
=case          ejabberd_SUITE:muc_service_unique
=logfile       ejabberd_suite.muc_service_unique.57058.html
=started       2024-08-23 19:05:27
=ended         2024-08-23 19:05:27
=result        ok
=elapsed       0.104262
=case          ejabberd_SUITE:muc_service_vcard
=logfile       ejabberd_suite.muc_service_vcard.57090.html
=started       2024-08-23 19:05:27
=ended         2024-08-23 19:05:27
=result        ok
=elapsed       0.105067
=case          ejabberd_SUITE:muc_configure_non_existent
=logfile       ejabberd_suite.muc_configure_non_existent.57122.html
=started       2024-08-23 19:05:27
=ended         2024-08-23 19:05:27
=result        ok
=elapsed       0.109786
=case          ejabberd_SUITE:muc_cancel_configure_non_existent
=logfile       ejabberd_suite.muc_cancel_configure_non_existent.57154.html
=started       2024-08-23 19:05:27
=ended         2024-08-23 19:05:27
=result        ok
=elapsed       0.107133
=case          ejabberd_SUITE:muc_service_subscriptions
=logfile       ejabberd_suite.muc_service_subscriptions.57186.html
=started       2024-08-23 19:05:27
=ended         2024-08-23 19:05:27
=result        ok
=elapsed       0.209316
=case          ejabberd_SUITE:muc_set_room_affiliation
=logfile       ejabberd_suite.muc_set_room_affiliation.57282.html
=started       2024-08-23 19:05:27
=ended         2024-08-23 19:05:27
=result        ok
=elapsed       0.121367
=case          ejabberd_SUITE:end_per_group
=logfile       ejabberd_suite.end_per_group.57346.html
=group_props   [{name,muc_single},sequence]
=started       2024-08-23 19:05:28
=ended         2024-08-23 19:05:28
=result        ok
=elapsed       3.0e-6
=group_time    2.797s
=case          ejabberd_SUITE:init_per_group
=logfile       ejabberd_suite.init_per_group.57378.html
=group_props   [{name,offline_single},sequence]
=started       2024-08-23 19:05:28
=ended         2024-08-23 19:05:28
=result        ok
=elapsed       4.0e-6
=case          ejabberd_SUITE:offline_feature_enabled
=logfile       ejabberd_suite.offline_feature_enabled.57410.html
=started       2024-08-23 19:05:28
=ended         2024-08-23 19:05:28
=result        ok
=elapsed       0.105282
=case          ejabberd_SUITE:offline_check_identity
=logfile       ejabberd_suite.offline_check_identity.57474.html
=started       2024-08-23 19:05:28
=ended         2024-08-23 19:05:28
=result        ok
=elapsed       0.103968
=case          ejabberd_SUITE:offline_send_non_existent
=logfile       ejabberd_suite.offline_send_non_existent.57538.html
=started       2024-08-23 19:05:28
=ended         2024-08-23 19:05:28
=result        ok
=elapsed       0.103594
=case          ejabberd_SUITE:offline_view_non_existent
=logfile       ejabberd_suite.offline_view_non_existent.57634.html
=started       2024-08-23 19:05:28
=ended         2024-08-23 19:05:28
=result        ok
=elapsed       0.103765
=case          ejabberd_SUITE:offline_remove_non_existent
=logfile       ejabberd_suite.offline_remove_non_existent.57698.html
=started       2024-08-23 19:05:28
=ended         2024-08-23 19:05:28
=result        ok
=elapsed       0.103663
=case          ejabberd_SUITE:offline_view_non_integer
=logfile       ejabberd_suite.offline_view_non_integer.57794.html
=started       2024-08-23 19:05:28
=ended         2024-08-23 19:05:28
=result        ok
=elapsed       0.103723
=case          ejabberd_SUITE:offline_remove_non_integer
=logfile       ejabberd_suite.offline_remove_non_integer.57890.html
=started       2024-08-23 19:05:28
=ended         2024-08-23 19:05:29
=result        ok
=elapsed       0.103675
=case          ejabberd_SUITE:offline_malformed_iq
=logfile       ejabberd_suite.offline_malformed_iq.57954.html
=started       2024-08-23 19:05:29
=ended         2024-08-23 19:05:29
=result        ok
=elapsed       0.106998
=case          ejabberd_SUITE:offline_wrong_user
=logfile       ejabberd_suite.offline_wrong_user.58018.html
=started       2024-08-23 19:05:29
=ended         2024-08-23 19:05:29
=result        ok
=elapsed       0.110752
=case          ejabberd_SUITE:offline_unsupported_iq
=logfile       ejabberd_suite.offline_unsupported_iq.58114.html
=started       2024-08-23 19:05:29
=ended         2024-08-23 19:05:29
=result        ok
=elapsed       0.104144
=case          ejabberd_SUITE:end_per_group
=logfile       ejabberd_suite.end_per_group.58178.html
=group_props   [{name,offline_single},sequence]
=started       2024-08-23 19:05:29
=ended         2024-08-23 19:05:29
=result        ok
=elapsed       3.0e-6
=group_time    1.396s
=case          ejabberd_SUITE:init_per_group
=logfile       ejabberd_suite.init_per_group.58210.html
=group_props   [{name,mam_single},sequence]
=started       2024-08-23 19:05:29
=ended         2024-08-23 19:05:29
=result        ok
=elapsed       3.0e-6
=case          ejabberd_SUITE:mam_feature_enabled
=logfile       ejabberd_suite.mam_feature_enabled.58242.html
=started       2024-08-23 19:05:29
=ended         2024-08-23 19:05:29
=result        ok
=elapsed       0.106496
=case          ejabberd_SUITE:mam_get_set_prefs
=logfile       ejabberd_suite.mam_get_set_prefs.58306.html
=started       2024-08-23 19:05:29
=ended         2024-08-23 19:05:31
=result        ok
=elapsed       1.894416
=case          ejabberd_SUITE:mam_get_form
=logfile       ejabberd_suite.mam_get_form.58402.html
=started       2024-08-23 19:05:31
=ended         2024-08-23 19:05:31
=result        ok
=elapsed       0.106942
=case          ejabberd_SUITE:mam_fake_by
=logfile       ejabberd_suite.mam_fake_by.49635.html
=started       2024-08-23 19:05:31
=ended         2024-08-23 19:05:31
=result        ok
=elapsed       0.10423
=case          ejabberd_SUITE:end_per_group
=logfile       ejabberd_suite.end_per_group.49731.html
=group_props   [{name,mam_single},sequence]
=started       2024-08-23 19:05:31
=ended         2024-08-23 19:05:31
=result        ok
=elapsed       3.0e-6
=group_time    2.367s
=case          ejabberd_SUITE:init_per_group
=logfile       ejabberd_suite.init_per_group.49763.html
=group_props   [{name,push_single},sequence]
=started       2024-08-23 19:05:31
=ended         2024-08-23 19:05:31
=result        ok
=elapsed       3.0e-6
=case          ejabberd_SUITE:push_feature_enabled
=logfile       ejabberd_suite.push_feature_enabled.49795.html
=started       2024-08-23 19:05:31
=ended         2024-08-23 19:05:31
=result        ok
=elapsed       0.10406
=case          ejabberd_SUITE:push_unsupported_iq
=logfile       ejabberd_suite.push_unsupported_iq.49859.html
=started       2024-08-23 19:05:32
=ended         2024-08-23 19:05:32
=result        ok
=elapsed       0.10373
=case          ejabberd_SUITE:end_per_group
=logfile       ejabberd_suite.end_per_group.49923.html
=group_props   [{name,push_single},sequence]
=started       2024-08-23 19:05:32
=ended         2024-08-23 19:05:32
=result        ok
=elapsed       3.0e-6
=group_time    0.297s
=case          ejabberd_SUITE:test_unregister
=logfile       ejabberd_suite.test_unregister.49955.html
=started       2024-08-23 19:05:32
=ended         2024-08-23 19:05:32
=result        ok
=elapsed       0.009454
=case          ejabberd_SUITE:end_per_group
=logfile       ejabberd_suite.end_per_group.50019.html
=group_props   [{name,single_user},sequence]
=started       2024-08-23 19:05:32
=ended         2024-08-23 19:05:32
=result        ok
=elapsed       3.0e-6
=group_time    16.606s
=case          ejabberd_SUITE:init_per_group
=logfile       ejabberd_suite.init_per_group.58594.html
=group_props   [{name,muc_master_slave},sequence]
=started       2024-08-23 19:05:32
=ended         2024-08-23 19:05:32
=result        ok
=elapsed       4.0e-6
=case          ejabberd_SUITE:init_per_group
=logfile       ejabberd_suite.init_per_group.58626.html
=group_props   [{name,muc_register},parallel]
=started       2024-08-23 19:05:32
=ended         2024-08-23 19:05:32
=result        ok
=elapsed       3.0e-6
=case          ejabberd_SUITE:muc_register_master
=logfile       ejabberd_suite.muc_register_master.58658.html
=started       2024-08-23 19:05:32
=ended         2024-08-23 19:05:32
=result        ok
=elapsed       0.12463
=case          ejabberd_SUITE:muc_register_slave
=logfile       ejabberd_suite.muc_register_slave.58690.html
=started       2024-08-23 19:05:32
=ended         2024-08-23 19:05:32
=result        ok
=elapsed       0.118486
=case          ejabberd_SUITE:end_per_group
=logfile       ejabberd_suite.end_per_group.58754.html
=group_props   [{name,muc_register},parallel]
=started       2024-08-23 19:05:32
=ended         2024-08-23 19:05:32
=result        ok
=elapsed       4.0e-6
=group_time    0.187s
=case          ejabberd_SUITE:init_per_group
=logfile       ejabberd_suite.init_per_group.58786.html
=group_props   [{name,muc_groupchat_msg},parallel]
=started       2024-08-23 19:05:32
=ended         2024-08-23 19:05:32
=result        ok
=elapsed       4.0e-6
=case          ejabberd_SUITE:muc_groupchat_msg_master
=logfile       ejabberd_suite.muc_groupchat_msg_master.58818.html
=started       2024-08-23 19:05:32
=ended         2024-08-23 19:05:32
=result        ok
=elapsed       0.127464
=case          ejabberd_SUITE:muc_groupchat_msg_slave
=logfile       ejabberd_suite.muc_groupchat_msg_slave.58850.html
=started       2024-08-23 19:05:32
=ended         2024-08-23 19:05:32
=result        ok
=elapsed       0.122986
=case          ejabberd_SUITE:end_per_group
=logfile       ejabberd_suite.end_per_group.58978.html
=group_props   [{name,muc_groupchat_msg},parallel]
=started       2024-08-23 19:05:32
=ended         2024-08-23 19:05:32
=result        ok
=elapsed       3.0e-6
=group_time    0.190s
=case          ejabberd_SUITE:init_per_group
=logfile       ejabberd_suite.init_per_group.59010.html
=group_props   [{name,muc_private_msg},parallel]
=started       2024-08-23 19:05:32
=ended         2024-08-23 19:05:32
=result        ok
=elapsed       4.0e-6
=case          ejabberd_SUITE:muc_private_msg_master
=logfile       ejabberd_suite.muc_private_msg_master.59042.html
=started       2024-08-23 19:05:32
=ended         2024-08-23 19:05:32
=result        ok
=elapsed       0.16682
=case          ejabberd_SUITE:muc_private_msg_slave
=logfile       ejabberd_suite.muc_private_msg_slave.59074.html
=started       2024-08-23 19:05:32
=ended         2024-08-23 19:05:32
=result        ok
=elapsed       0.159271
=case          ejabberd_SUITE:end_per_group
=logfile       ejabberd_suite.end_per_group.59170.html
=group_props   [{name,muc_private_msg},parallel]
=started       2024-08-23 19:05:32
=ended         2024-08-23 19:05:32
=result        ok
=elapsed       2.0e-6
=group_time    0.226s
=case          ejabberd_SUITE:init_per_group
=logfile       ejabberd_suite.init_per_group.59202.html
=group_props   [{name,muc_set_subject},parallel]
=started       2024-08-23 19:05:32
=ended         2024-08-23 19:05:32
=result        ok
=elapsed       4.0e-6
=case          ejabberd_SUITE:muc_set_subject_master
=logfile       ejabberd_suite.muc_set_subject_master.59234.html
=started       2024-08-23 19:05:32
=ended         2024-08-23 19:05:33
=result        ok
=elapsed       0.138678
=case          ejabberd_SUITE:muc_set_subject_slave
=logfile       ejabberd_suite.muc_set_subject_slave.36484.html
=started       2024-08-23 19:05:32
=ended         2024-08-23 19:05:33
=result        ok
=elapsed       0.133339
=case          ejabberd_SUITE:end_per_group
=logfile       ejabberd_suite.end_per_group.10725.html
=group_props   [{name,muc_set_subject},parallel]
=started       2024-08-23 19:05:33
=ended         2024-08-23 19:05:33
=result        ok
=elapsed       2.0e-6
=group_time    0.199s
=case          ejabberd_SUITE:init_per_group
=logfile       ejabberd_suite.init_per_group.36580.html
=group_props   [{name,muc_history},parallel]
=started       2024-08-23 19:05:33
=ended         2024-08-23 19:05:33
=result        ok
=elapsed       4.0e-6
=case          ejabberd_SUITE:muc_history_master
=logfile       ejabberd_suite.muc_history_master.36612.html
=started       2024-08-23 19:05:33
=ended         2024-08-23 19:05:33
=result        ok
=elapsed       0.168625
=case          ejabberd_SUITE:muc_history_slave
=logfile       ejabberd_suite.muc_history_slave.36644.html
=started       2024-08-23 19:05:33
=ended         2024-08-23 19:05:33
=result        ok
=elapsed       0.163341
=case          ejabberd_SUITE:end_per_group
=logfile       ejabberd_suite.end_per_group.36708.html
=group_props   [{name,muc_history},parallel]
=started       2024-08-23 19:05:33
=ended         2024-08-23 19:05:33
=result        ok
=elapsed       3.0e-6
=group_time    0.230s
=case          ejabberd_SUITE:init_per_group
=logfile       ejabberd_suite.init_per_group.36740.html
=group_props   [{name,muc_invite},parallel]
=started       2024-08-23 19:05:33
=ended         2024-08-23 19:05:33
=result        ok
=elapsed       3.0e-6
=case          ejabberd_SUITE:muc_invite_master
=logfile       ejabberd_suite.muc_invite_master.50211.html
=started       2024-08-23 19:05:33
=ended         2024-08-23 19:05:33
=result        ok
=elapsed       0.119503
=case          ejabberd_SUITE:muc_invite_slave
=logfile       ejabberd_suite.muc_invite_slave.50243.html
=started       2024-08-23 19:05:33
=ended         2024-08-23 19:05:33
=result        ok
=elapsed       0.154733
=case          ejabberd_SUITE:end_per_group
=logfile       ejabberd_suite.end_per_group.50275.html
=group_props   [{name,muc_invite},parallel]
=started       2024-08-23 19:05:33
=ended         2024-08-23 19:05:33
=result        ok
=elapsed       9.0e-6
=group_time    0.217s
=case          ejabberd_SUITE:init_per_group
=logfile       ejabberd_suite.init_per_group.50307.html
=group_props   [{name,muc_invite_members_only},parallel]
=started       2024-08-23 19:05:33
=ended         2024-08-23 19:05:33
=result        ok
=elapsed       3.0e-6
=case          ejabberd_SUITE:muc_invite_members_only_master
=logfile       ejabberd_suite.muc_invite_members_only_master.50339.html
=started       2024-08-23 19:05:33
=ended         2024-08-23 19:05:33
=result        ok
=elapsed       0.122801
=case          ejabberd_SUITE:muc_invite_members_only_slave
=logfile       ejabberd_suite.muc_invite_members_only_slave.50371.html
=started       2024-08-23 19:05:33
=ended         2024-08-23 19:05:33
=result        ok
=elapsed       0.117486
=case          ejabberd_SUITE:end_per_group
=logfile       ejabberd_suite.end_per_group.36868.html
=group_props   [{name,muc_invite_members_only},parallel]
=started       2024-08-23 19:05:33
=ended         2024-08-23 19:05:33
=result        ok
=elapsed       3.0e-6
=group_time    0.184s
=case          ejabberd_SUITE:init_per_group
=logfile       ejabberd_suite.init_per_group.59586.html
=group_props   [{name,muc_invite_password_protected},parallel]
=started       2024-08-23 19:05:33
=ended         2024-08-23 19:05:33
=result        ok
=elapsed       4.0e-6
=case          ejabberd_SUITE:muc_invite_password_protected_master
=logfile       ejabberd_suite.muc_invite_password_protected_master.59618.html
=started       2024-08-23 19:05:33
=ended         2024-08-23 19:05:34
=result        ok
=elapsed       0.161161
=case          ejabberd_SUITE:muc_invite_password_protected_slave
=logfile       ejabberd_suite.muc_invite_password_protected_slave.36900.html
=started       2024-08-23 19:05:33
=ended         2024-08-23 19:05:34
=result        ok
=elapsed       0.114515
=case          ejabberd_SUITE:end_per_group
=logfile       ejabberd_suite.end_per_group.36932.html
=group_props   [{name,muc_invite_password_protected},parallel]
=started       2024-08-23 19:05:34
=ended         2024-08-23 19:05:34
=result        ok
=elapsed       3.0e-6
=group_time    0.221s
=case          ejabberd_SUITE:init_per_group
=logfile       ejabberd_suite.init_per_group.36964.html
=group_props   [{name,muc_voice_request},parallel]
=started       2024-08-23 19:05:34
=ended         2024-08-23 19:05:34
=result        ok
=elapsed       5.0e-6
=case          ejabberd_SUITE:muc_voice_request_master
=logfile       ejabberd_suite.muc_voice_request_master.36996.html
=started       2024-08-23 19:05:34
=ended         2024-08-23 19:05:34
=result        ok
=elapsed       0.130603
=case          ejabberd_SUITE:muc_voice_request_slave
=logfile       ejabberd_suite.muc_voice_request_slave.37028.html
=started       2024-08-23 19:05:34
=ended         2024-08-23 19:05:34
=result        ok
=elapsed       0.124223
=case          ejabberd_SUITE:end_per_group
=logfile       ejabberd_suite.end_per_group.59778.html
=group_props   [{name,muc_voice_request},parallel]
=started       2024-08-23 19:05:34
=ended         2024-08-23 19:05:34
=result        ok
=elapsed       2.0e-6
=group_time    0.192s
=case          ejabberd_SUITE:init_per_group
=logfile       ejabberd_suite.init_per_group.59810.html
=group_props   [{name,muc_change_role},parallel]
=started       2024-08-23 19:05:34
=ended         2024-08-23 19:05:34
=result        ok
=elapsed       3.0e-6
=case          ejabberd_SUITE:muc_change_role_master
=logfile       ejabberd_suite.muc_change_role_master.59842.html
=started       2024-08-23 19:05:34
=ended         2024-08-23 19:05:34
=result        ok
=elapsed       0.135974
=case          ejabberd_SUITE:muc_change_role_slave
=logfile       ejabberd_suite.muc_change_role_slave.50627.html
=started       2024-08-23 19:05:34
=ended         2024-08-23 19:05:34
=result        ok
=elapsed       0.132495
=case          ejabberd_SUITE:end_per_group
=logfile       ejabberd_suite.end_per_group.50691.html
=group_props   [{name,muc_change_role},parallel]
=started       2024-08-23 19:05:34
=ended         2024-08-23 19:05:34
=result        ok
=elapsed       8.0e-6
=group_time    0.196s
=case          ejabberd_SUITE:init_per_group
=logfile       ejabberd_suite.init_per_group.50723.html
=group_props   [{name,muc_kick},parallel]
=started       2024-08-23 19:05:34
=ended         2024-08-23 19:05:34
=result        ok
=elapsed       4.0e-6
=case          ejabberd_SUITE:muc_kick_master
=logfile       ejabberd_suite.muc_kick_master.50755.html
=started       2024-08-23 19:05:34
=ended         2024-08-23 19:05:34
=result        ok
=elapsed       0.128753
=case          ejabberd_SUITE:muc_kick_slave
=logfile       ejabberd_suite.muc_kick_slave.50787.html
=started       2024-08-23 19:05:34
=ended         2024-08-23 19:05:34
=result        ok
=elapsed       0.119319
=case          ejabberd_SUITE:end_per_group
=logfile       ejabberd_suite.end_per_group.59970.html
=group_props   [{name,muc_kick},parallel]
=started       2024-08-23 19:05:34
=ended         2024-08-23 19:05:34
=result        ok
=elapsed       3.0e-6
=group_time    0.191s
=case          ejabberd_SUITE:init_per_group
=logfile       ejabberd_suite.init_per_group.60002.html
=group_props   [{name,muc_change_affiliation},parallel]
=started       2024-08-23 19:05:34
=ended         2024-08-23 19:05:34
=result        ok
=elapsed       3.0e-6
=case          ejabberd_SUITE:muc_change_affiliation_master
=logfile       ejabberd_suite.muc_change_affiliation_master.60034.html
=started       2024-08-23 19:05:34
=ended         2024-08-23 19:05:34
=result        ok
=elapsed       0.146704
=case          ejabberd_SUITE:muc_change_affiliation_slave
=logfile       ejabberd_suite.muc_change_affiliation_slave.60066.html
=started       2024-08-23 19:05:34
=ended         2024-08-23 19:05:34
=result        ok
=elapsed       0.140238
=case          ejabberd_SUITE:end_per_group
=logfile       ejabberd_suite.end_per_group.50883.html
=group_props   [{name,muc_change_affiliation},parallel]
=started       2024-08-23 19:05:34
=ended         2024-08-23 19:05:34
=result        ok
=elapsed       1.0e-5
=group_time    0.206s
=case          ejabberd_SUITE:init_per_group
=logfile       ejabberd_suite.init_per_group.60162.html
=group_props   [{name,muc_destroy},parallel]
=started       2024-08-23 19:05:34
=ended         2024-08-23 19:05:35
=result        ok
=elapsed       4.0e-6
=case          ejabberd_SUITE:muc_destroy_master
=logfile       ejabberd_suite.muc_destroy_master.60194.html
=started       2024-08-23 19:05:35
=ended         2024-08-23 19:05:35
=result        ok
=elapsed       0.123341
=case          ejabberd_SUITE:muc_destroy_slave
=logfile       ejabberd_suite.muc_destroy_slave.60226.html
=started       2024-08-23 19:05:35
=ended         2024-08-23 19:05:35
=result        ok
=elapsed       0.123695
=case          ejabberd_SUITE:end_per_group
=logfile       ejabberd_suite.end_per_group.60354.html
=group_props   [{name,muc_destroy},parallel]
=started       2024-08-23 19:05:35
=ended         2024-08-23 19:05:35
=result        ok
=elapsed       8.0e-6
=group_time    0.186s
=case          ejabberd_SUITE:init_per_group
=logfile       ejabberd_suite.init_per_group.60386.html
=group_props   [{name,muc_vcard},parallel]
=started       2024-08-23 19:05:35
=ended         2024-08-23 19:05:35
=result        ok
=elapsed       3.0e-6
=case          ejabberd_SUITE:muc_vcard_master
=logfile       ejabberd_suite.muc_vcard_master.37284.html
=started       2024-08-23 19:05:35
=ended         2024-08-23 19:05:35
=result        ok
=elapsed       0.131787
=case          ejabberd_SUITE:muc_vcard_slave
=logfile       ejabberd_suite.muc_vcard_slave.60418.html
=started       2024-08-23 19:05:35
=ended         2024-08-23 19:05:35
=result        ok
=elapsed       0.124173
=case          ejabberd_SUITE:end_per_group
=logfile       ejabberd_suite.end_per_group.60514.html
=group_props   [{name,muc_vcard},parallel]
=started       2024-08-23 19:05:35
=ended         2024-08-23 19:05:35
=result        ok
=elapsed       4.0e-6
=group_time    0.193s
=case          ejabberd_SUITE:init_per_group
=logfile       ejabberd_suite.init_per_group.60546.html
=group_props   [{name,muc_nick_change},parallel]
=started       2024-08-23 19:05:35
=ended         2024-08-23 19:05:35
=result        ok
=elapsed       3.0e-6
=case          ejabberd_SUITE:muc_nick_change_master
=logfile       ejabberd_suite.muc_nick_change_master.60578.html
=started       2024-08-23 19:05:35
=ended         2024-08-23 19:05:35
=result        ok
=elapsed       0.124819
=case          ejabberd_SUITE:muc_nick_change_slave
=logfile       ejabberd_suite.muc_nick_change_slave.37316.html
=started       2024-08-23 19:05:35
=ended         2024-08-23 19:05:35
=result        ok
=elapsed       0.119591
=case          ejabberd_SUITE:end_per_group
=logfile       ejabberd_suite.end_per_group.37412.html
=group_props   [{name,muc_nick_change},parallel]
=started       2024-08-23 19:05:35
=ended         2024-08-23 19:05:35
=result        ok
=elapsed       3.0e-6
=group_time    0.188s
=case          ejabberd_SUITE:init_per_group
=logfile       ejabberd_suite.init_per_group.51107.html
=group_props   [{name,muc_config_title_desc},parallel]
=started       2024-08-23 19:05:35
=ended         2024-08-23 19:05:35
=result        ok
=elapsed       3.0e-6
=case          ejabberd_SUITE:muc_config_title_desc_master
=logfile       ejabberd_suite.muc_config_title_desc_master.37444.html
=started       2024-08-23 19:05:35
=ended         2024-08-23 19:05:35
=result        ok
=elapsed       0.132822
=case          ejabberd_SUITE:muc_config_title_desc_slave
=logfile       ejabberd_suite.muc_config_title_desc_slave.51139.html
=started       2024-08-23 19:05:35
=ended         2024-08-23 19:05:35
=result        ok
=elapsed       0.124406
=case          ejabberd_SUITE:end_per_group
=logfile       ejabberd_suite.end_per_group.37540.html
=group_props   [{name,muc_config_title_desc},parallel]
=started       2024-08-23 19:05:35
=ended         2024-08-23 19:05:35
=result        ok
=elapsed       3.0e-6
=group_time    0.194s
=case          ejabberd_SUITE:init_per_group
=logfile       ejabberd_suite.init_per_group.60738.html
=group_props   [{name,muc_config_public_list},parallel]
=started       2024-08-23 19:05:35
=ended         2024-08-23 19:05:35
=result        ok
=elapsed       5.0e-6
=case          ejabberd_SUITE:muc_config_public_list_master
=logfile       ejabberd_suite.muc_config_public_list_master.60770.html
=started       2024-08-23 19:05:35
=ended         2024-08-23 19:05:36
=result        ok
=elapsed       0.130628
=case          ejabberd_SUITE:muc_config_public_list_slave
=logfile       ejabberd_suite.muc_config_public_list_slave.37572.html
=started       2024-08-23 19:05:35
=ended         2024-08-23 19:05:36
=result        ok
=elapsed       0.124168
=case          ejabberd_SUITE:end_per_group
=logfile       ejabberd_suite.end_per_group.37668.html
=group_props   [{name,muc_config_public_list},parallel]
=started       2024-08-23 19:05:36
=ended         2024-08-23 19:05:36
=result        ok
=elapsed       3.0e-6
=group_time    0.190s
=case          ejabberd_SUITE:init_per_group
=logfile       ejabberd_suite.init_per_group.37700.html
=group_props   [{name,muc_config_password},parallel]
=started       2024-08-23 19:05:36
=ended         2024-08-23 19:05:36
=result        ok
=elapsed       3.0e-6
=case          ejabberd_SUITE:muc_config_password_master
=logfile       ejabberd_suite.muc_config_password_master.37732.html
=started       2024-08-23 19:05:36
=ended         2024-08-23 19:05:36
=result        ok
=elapsed       0.130171
=case          ejabberd_SUITE:muc_config_password_slave
=logfile       ejabberd_suite.muc_config_password_slave.37764.html
=started       2024-08-23 19:05:36
=ended         2024-08-23 19:05:36
=result        ok
=elapsed       0.126782
=case          ejabberd_SUITE:end_per_group
=logfile       ejabberd_suite.end_per_group.60898.html
=group_props   [{name,muc_config_password},parallel]
=started       2024-08-23 19:05:36
=ended         2024-08-23 19:05:36
=result        ok
=elapsed       9.0e-6
=group_time    0.192s
=case          ejabberd_SUITE:init_per_group
=logfile       ejabberd_suite.init_per_group.51235.html
=group_props   [{name,muc_config_whois},parallel]
=started       2024-08-23 19:05:36
=ended         2024-08-23 19:05:36
=result        ok
=elapsed       4.0e-6
=case          ejabberd_SUITE:muc_config_whois_master
=logfile       ejabberd_suite.muc_config_whois_master.51267.html
=started       2024-08-23 19:05:36
=ended         2024-08-23 19:05:36
=result        ok
=elapsed       0.137891
=case          ejabberd_SUITE:muc_config_whois_slave
=logfile       ejabberd_suite.muc_config_whois_slave.51299.html
=started       2024-08-23 19:05:36
=ended         2024-08-23 19:05:36
=result        ok
=elapsed       0.131341
=case          ejabberd_SUITE:end_per_group
=logfile       ejabberd_suite.end_per_group.51331.html
=group_props   [{name,muc_config_whois},parallel]
=started       2024-08-23 19:05:36
=ended         2024-08-23 19:05:36
=result        ok
=elapsed       3.0e-6
=group_time    0.200s
=case          ejabberd_SUITE:init_per_group
=logfile       ejabberd_suite.init_per_group.51363.html
=group_props   [{name,muc_config_members_only},parallel]
=started       2024-08-23 19:05:36
=ended         2024-08-23 19:05:36
=result        ok
=elapsed       3.0e-6
=case          ejabberd_SUITE:muc_config_members_only_master
=logfile       ejabberd_suite.muc_config_members_only_master.60962.html
=started       2024-08-23 19:05:36
=ended         2024-08-23 19:05:36
=result        ok
=elapsed       0.138979
=case          ejabberd_SUITE:muc_config_members_only_slave
=logfile       ejabberd_suite.muc_config_members_only_slave.60994.html
=started       2024-08-23 19:05:36
=ended         2024-08-23 19:05:36
=result        ok
=elapsed       0.132834
=case          ejabberd_SUITE:end_per_group
=logfile       ejabberd_suite.end_per_group.51491.html
=group_props   [{name,muc_config_members_only},parallel]
=started       2024-08-23 19:05:36
=ended         2024-08-23 19:05:36
=result        ok
=elapsed       8.0e-6
=group_time    0.201s
=case          ejabberd_SUITE:init_per_group
=logfile       ejabberd_suite.init_per_group.51523.html
=group_props   [{name,muc_config_moderated},parallel]
=started       2024-08-23 19:05:36
=ended         2024-08-23 19:05:36
=result        ok
=elapsed       4.0e-6
=case          ejabberd_SUITE:muc_config_moderated_master
=logfile       ejabberd_suite.muc_config_moderated_master.51555.html
=started       2024-08-23 19:05:36
=ended         2024-08-23 19:05:36
=result        ok
=elapsed       0.130633
=case          ejabberd_SUITE:muc_config_moderated_slave
=logfile       ejabberd_suite.muc_config_moderated_slave.51587.html
=started       2024-08-23 19:05:36
=ended         2024-08-23 19:05:36
=result        ok
=elapsed       0.124287
=case          ejabberd_SUITE:end_per_group
=logfile       ejabberd_suite.end_per_group.51651.html
=group_props   [{name,muc_config_moderated},parallel]
=started       2024-08-23 19:05:36
=ended         2024-08-23 19:05:36
=result        ok
=elapsed       3.0e-6
=group_time    0.191s
=case          ejabberd_SUITE:init_per_group
=logfile       ejabberd_suite.init_per_group.10917.html
=group_props   [{name,muc_config_private_messages},parallel]
=started       2024-08-23 19:05:36
=ended         2024-08-23 19:05:36
=result        ok
=elapsed       5.0e-6
=case          ejabberd_SUITE:muc_config_private_messages_master
=logfile       ejabberd_suite.muc_config_private_messages_master.10949.html
=started       2024-08-23 19:05:36
=ended         2024-08-23 19:05:37
=result        ok
=elapsed       0.140594
=case          ejabberd_SUITE:muc_config_private_messages_slave
=logfile       ejabberd_suite.muc_config_private_messages_slave.10981.html
=started       2024-08-23 19:05:36
=ended         2024-08-23 19:05:37
=result        ok
=elapsed       0.13743
=case          ejabberd_SUITE:end_per_group
=logfile       ejabberd_suite.end_per_group.11045.html
=group_props   [{name,muc_config_private_messages},parallel]
=started       2024-08-23 19:05:37
=ended         2024-08-23 19:05:37
=result        ok
=elapsed       9.0e-6
=group_time    0.203s
=case          ejabberd_SUITE:init_per_group
=logfile       ejabberd_suite.init_per_group.11077.html
=group_props   [{name,muc_config_query},parallel]
=started       2024-08-23 19:05:37
=ended         2024-08-23 19:05:37
=result        ok
=elapsed       3.0e-6
=case          ejabberd_SUITE:muc_config_query_master
=logfile       ejabberd_suite.muc_config_query_master.61122.html
=started       2024-08-23 19:05:37
=ended         2024-08-23 19:05:37
=result        ok
=elapsed       0.170764
=case          ejabberd_SUITE:muc_config_query_slave
=logfile       ejabberd_suite.muc_config_query_slave.51715.html
=started       2024-08-23 19:05:37
=ended         2024-08-23 19:05:37
=result        ok
=elapsed       0.163463
=case          ejabberd_SUITE:end_per_group
=logfile       ejabberd_suite.end_per_group.61186.html
=group_props   [{name,muc_config_query},parallel]
=started       2024-08-23 19:05:37
=ended         2024-08-23 19:05:37
=result        ok
=elapsed       3.0e-6
=group_time    0.231s
=case          ejabberd_SUITE:init_per_group
=logfile       ejabberd_suite.init_per_group.61218.html
=group_props   [{name,muc_config_allow_invites},parallel]
=started       2024-08-23 19:05:37
=ended         2024-08-23 19:05:37
=result        ok
=elapsed       3.0e-6
=case          ejabberd_SUITE:muc_config_allow_invites_master
=logfile       ejabberd_suite.muc_config_allow_invites_master.61250.html
=started       2024-08-23 19:05:37
=ended         2024-08-23 19:05:37
=result        ok
=elapsed       0.129877
=case          ejabberd_SUITE:muc_config_allow_invites_slave
=logfile       ejabberd_suite.muc_config_allow_invites_slave.61282.html
=started       2024-08-23 19:05:37
=ended         2024-08-23 19:05:37
=result        ok
=elapsed       0.125398
=case          ejabberd_SUITE:end_per_group
=logfile       ejabberd_suite.end_per_group.61378.html
=group_props   [{name,muc_config_allow_invites},parallel]
=started       2024-08-23 19:05:37
=ended         2024-08-23 19:05:37
=result        ok
=elapsed       1.3e-5
=group_time    0.190s
=case          ejabberd_SUITE:init_per_group
=logfile       ejabberd_suite.init_per_group.61410.html
=group_props   [{name,muc_config_visitor_status},parallel]
=started       2024-08-23 19:05:37
=ended         2024-08-23 19:05:37
=result        ok
=elapsed       3.0e-6
=case          ejabberd_SUITE:muc_config_visitor_status_master
=logfile       ejabberd_suite.muc_config_visitor_status_master.38244.html
=started       2024-08-23 19:05:37
=ended         2024-08-23 19:05:37
=result        ok
=elapsed       0.136308
=case          ejabberd_SUITE:muc_config_visitor_status_slave
=logfile       ejabberd_suite.muc_config_visitor_status_slave.38276.html
=started       2024-08-23 19:05:37
=ended         2024-08-23 19:05:37
=result        ok
=elapsed       0.130502
=case          ejabberd_SUITE:end_per_group
=logfile       ejabberd_suite.end_per_group.38340.html
=group_props   [{name,muc_config_visitor_status},parallel]
=started       2024-08-23 19:05:37
=ended         2024-08-23 19:05:37
=result        ok
=elapsed       3.0e-6
=group_time    0.197s
=case          ejabberd_SUITE:init_per_group
=logfile       ejabberd_suite.init_per_group.38372.html
=group_props   [{name,muc_config_allow_voice_requests},parallel]
=started       2024-08-23 19:05:37
=ended         2024-08-23 19:05:37
=result        ok
=elapsed       4.0e-6
=case          ejabberd_SUITE:muc_config_allow_voice_requests_master
=logfile       ejabberd_suite.muc_config_allow_voice_requests_master.38404.html
=started       2024-08-23 19:05:37
=ended         2024-08-23 19:05:38
=result        ok
=elapsed       0.128925
=case          ejabberd_SUITE:muc_config_allow_voice_requests_slave
=logfile       ejabberd_suite.muc_config_allow_voice_requests_slave.38436.html
=started       2024-08-23 19:05:37
=ended         2024-08-23 19:05:38
=result        ok
=elapsed       0.12575
=case          ejabberd_SUITE:end_per_group
=logfile       ejabberd_suite.end_per_group.38500.html
=group_props   [{name,muc_config_allow_voice_requests},parallel]
=started       2024-08-23 19:05:38
=ended         2024-08-23 19:05:38
=result        ok
=elapsed       3.0e-6
=group_time    0.191s
=case          ejabberd_SUITE:init_per_group
=logfile       ejabberd_suite.init_per_group.38532.html
=group_props   [{name,muc_config_voice_request_interval},parallel]
=started       2024-08-23 19:05:38
=ended         2024-08-23 19:05:38
=result        ok
=elapsed       4.0e-6
=case          ejabberd_SUITE:muc_config_voice_request_interval_master
=logfile       ejabberd_suite.muc_config_voice_request_interval_master.51939.html
=started       2024-08-23 19:05:38
=ended         2024-08-23 19:05:43
=result        ok
=elapsed       5.218039
=case          ejabberd_SUITE:muc_config_voice_request_interval_slave
=logfile       ejabberd_suite.muc_config_voice_request_interval_slave.51971.html
=started       2024-08-23 19:05:38
=ended         2024-08-23 19:05:43
=result        ok
=elapsed       5.21236
=case          ejabberd_SUITE:end_per_group
=logfile       ejabberd_suite.end_per_group.52067.html
=group_props   [{name,muc_config_voice_request_interval},parallel]
=started       2024-08-23 19:05:43
=ended         2024-08-23 19:05:43
=result        ok
=elapsed       3.0e-6
=group_time    5.278s
=case          ejabberd_SUITE:init_per_group
=logfile       ejabberd_suite.init_per_group.61634.html
=group_props   [{name,muc_config_visitor_nickchange},parallel]
=started       2024-08-23 19:05:43
=ended         2024-08-23 19:05:43
=result        ok
=elapsed       5.0e-6
=case          ejabberd_SUITE:muc_config_visitor_nickchange_master
=logfile       ejabberd_suite.muc_config_visitor_nickchange_master.61666.html
=started       2024-08-23 19:05:43
=ended         2024-08-23 19:05:43
=result        ok
=elapsed       0.130903
=case          ejabberd_SUITE:muc_config_visitor_nickchange_slave
=logfile       ejabberd_suite.muc_config_visitor_nickchange_slave.61698.html
=started       2024-08-23 19:05:43
=ended         2024-08-23 19:05:43
=result        ok
=elapsed       0.122385
=case          ejabberd_SUITE:end_per_group
=logfile       ejabberd_suite.end_per_group.61826.html
=group_props   [{name,muc_config_visitor_nickchange},parallel]
=started       2024-08-23 19:05:43
=ended         2024-08-23 19:05:43
=result        ok
=elapsed       2.0e-6
=group_time    0.192s
=case          ejabberd_SUITE:init_per_group
=logfile       ejabberd_suite.init_per_group.52131.html
=group_props   [{name,muc_join_conflict},parallel]
=started       2024-08-23 19:05:43
=ended         2024-08-23 19:05:43
=result        ok
=elapsed       3.0e-6
=case          ejabberd_SUITE:muc_join_conflict_master
=logfile       ejabberd_suite.muc_join_conflict_master.61858.html
=started       2024-08-23 19:05:43
=ended         2024-08-23 19:05:43
=result        ok
=elapsed       0.120765
=case          ejabberd_SUITE:muc_join_conflict_slave
=logfile       ejabberd_suite.muc_join_conflict_slave.61890.html
=started       2024-08-23 19:05:43
=ended         2024-08-23 19:05:43
=result        ok
=elapsed       0.114491
=case          ejabberd_SUITE:end_per_group
=logfile       ejabberd_suite.end_per_group.61922.html
=group_props   [{name,muc_join_conflict},parallel]
=started       2024-08-23 19:05:43
=ended         2024-08-23 19:05:43
=result        ok
=elapsed       3.0e-6
=group_time    0.184s
=case          ejabberd_SUITE:end_per_group
=logfile       ejabberd_suite.end_per_group.61954.html
=group_props   [{name,muc_master_slave},sequence]
=started       2024-08-23 19:05:43
=ended         2024-08-23 19:05:43
=result        ok
=elapsed       5.0e-6
=group_time    11.600s
=case          ejabberd_SUITE:init_per_group
=logfile       ejabberd_suite.init_per_group.61986.html
=group_props   [{name,privacy_master_slave},sequence]
=started       2024-08-23 19:05:43
=ended         2024-08-23 19:05:43
=result        ok
=elapsed       5.0e-6
=case          ejabberd_SUITE:init_per_group
=logfile       ejabberd_suite.init_per_group.62018.html
=group_props   [{name,privacy_deny_bare_jid},parallel]
=started       2024-08-23 19:05:43
=ended         2024-08-23 19:05:43
=result        ok
=elapsed       3.0e-6
=case          ejabberd_SUITE:privacy_deny_bare_jid_master
=logfile       ejabberd_suite.privacy_deny_bare_jid_master.62050.html
=started       2024-08-23 19:05:43
=ended         2024-08-23 19:05:45
=result        ok
=elapsed       1.157483
=case          ejabberd_SUITE:privacy_deny_bare_jid_slave
=logfile       ejabberd_suite.privacy_deny_bare_jid_slave.38692.html
=started       2024-08-23 19:05:43
=ended         2024-08-23 19:05:45
=result        ok
=elapsed       1.154543
=case          ejabberd_SUITE:end_per_group
=logfile       ejabberd_suite.end_per_group.38756.html
=group_props   [{name,privacy_deny_bare_jid},parallel]
=started       2024-08-23 19:05:45
=ended         2024-08-23 19:05:45
=result        ok
=elapsed       3.0e-6
=group_time    1.217s
=case          ejabberd_SUITE:init_per_group
=logfile       ejabberd_suite.init_per_group.38788.html
=group_props   [{name,privacy_deny_full_jid},parallel]
=started       2024-08-23 19:05:45
=ended         2024-08-23 19:05:45
=result        ok
=elapsed       3.0e-6
=case          ejabberd_SUITE:privacy_deny_full_jid_master
=logfile       ejabberd_suite.privacy_deny_full_jid_master.38820.html
=started       2024-08-23 19:05:45
=ended         2024-08-23 19:05:46
=result        ok
=elapsed       1.156961
=case          ejabberd_SUITE:privacy_deny_full_jid_slave
=logfile       ejabberd_suite.privacy_deny_full_jid_slave.38852.html
=started       2024-08-23 19:05:45
=ended         2024-08-23 19:05:46
=result        ok
=elapsed       1.154563
=case          ejabberd_SUITE:end_per_group
=logfile       ejabberd_suite.end_per_group.38916.html
=group_props   [{name,privacy_deny_full_jid},parallel]
=started       2024-08-23 19:05:46
=ended         2024-08-23 19:05:46
=result        ok
=elapsed       9.0e-6
=group_time    1.220s
=case          ejabberd_SUITE:init_per_group
=logfile       ejabberd_suite.init_per_group.38948.html
=group_props   [{name,privacy_deny_server_bare_jid},parallel]
=started       2024-08-23 19:05:46
=ended         2024-08-23 19:05:46
=result        ok
=elapsed       3.0e-6
=case          ejabberd_SUITE:privacy_deny_server_bare_jid_master
=logfile       ejabberd_suite.privacy_deny_server_bare_jid_master.38980.html
=started       2024-08-23 19:05:46
=ended         2024-08-23 19:05:47
=result        ok
=elapsed       1.15722
=case          ejabberd_SUITE:privacy_deny_server_bare_jid_slave
=logfile       ejabberd_suite.privacy_deny_server_bare_jid_slave.39012.html
=started       2024-08-23 19:05:46
=ended         2024-08-23 19:05:47
=result        ok
=elapsed       1.154204
=case          ejabberd_SUITE:end_per_group
=logfile       ejabberd_suite.end_per_group.39140.html
=group_props   [{name,privacy_deny_server_bare_jid},parallel]
=started       2024-08-23 19:05:47
=ended         2024-08-23 19:05:47
=result        ok
=elapsed       4.0e-6
=group_time    1.221s
=case          ejabberd_SUITE:init_per_group
=logfile       ejabberd_suite.init_per_group.62274.html
=group_props   [{name,privacy_deny_server_full_jid},parallel]
=started       2024-08-23 19:05:47
=ended         2024-08-23 19:05:47
=result        ok
=elapsed       3.0e-6
=case          ejabberd_SUITE:privacy_deny_server_full_jid_master
=logfile       ejabberd_suite.privacy_deny_server_full_jid_master.62306.html
=started       2024-08-23 19:05:47
=ended         2024-08-23 19:05:48
=result        ok
=elapsed       1.15465
=case          ejabberd_SUITE:privacy_deny_server_full_jid_slave
=logfile       ejabberd_suite.privacy_deny_server_full_jid_slave.62338.html
=started       2024-08-23 19:05:47
=ended         2024-08-23 19:05:48
=result        ok
=elapsed       1.153448
=case          ejabberd_SUITE:end_per_group
=logfile       ejabberd_suite.end_per_group.62402.html
=group_props   [{name,privacy_deny_server_full_jid},parallel]
=started       2024-08-23 19:05:48
=ended         2024-08-23 19:05:48
=result        ok
=elapsed       3.0e-6
=group_time    1.219s
=case          ejabberd_SUITE:init_per_group
=logfile       ejabberd_suite.init_per_group.62434.html
=group_props   [{name,privacy_deny_group},parallel]
=started       2024-08-23 19:05:48
=ended         2024-08-23 19:05:48
=result        ok
=elapsed       4.0e-6
=case          ejabberd_SUITE:privacy_deny_group_master
=logfile       ejabberd_suite.privacy_deny_group_master.62466.html
=started       2024-08-23 19:05:48
=ended         2024-08-23 19:05:50
=result        ok
=elapsed       1.155109
=case          ejabberd_SUITE:privacy_deny_group_slave
=logfile       ejabberd_suite.privacy_deny_group_slave.62498.html
=started       2024-08-23 19:05:48
=ended         2024-08-23 19:05:50
=result        ok
=elapsed       1.153156
=case          ejabberd_SUITE:end_per_group
=logfile       ejabberd_suite.end_per_group.62530.html
=group_props   [{name,privacy_deny_group},parallel]
=started       2024-08-23 19:05:50
=ended         2024-08-23 19:05:50
=result        ok
=elapsed       3.0e-6
=group_time    1.217s
=case          ejabberd_SUITE:init_per_group
=logfile       ejabberd_suite.init_per_group.62562.html
=group_props   [{name,privacy_deny_sub_both},parallel]
=started       2024-08-23 19:05:50
=ended         2024-08-23 19:05:50
=result        ok
=elapsed       4.0e-6
=case          ejabberd_SUITE:privacy_deny_sub_both_master
=logfile       ejabberd_suite.privacy_deny_sub_both_master.62594.html
=started       2024-08-23 19:05:50
=ended         2024-08-23 19:05:51
=result        ok
=elapsed       1.161122
=case          ejabberd_SUITE:privacy_deny_sub_both_slave
=logfile       ejabberd_suite.privacy_deny_sub_both_slave.52579.html
=started       2024-08-23 19:05:50
=ended         2024-08-23 19:05:51
=result        ok
=elapsed       1.159334
=case          ejabberd_SUITE:end_per_group
=logfile       ejabberd_suite.end_per_group.52707.html
=group_props   [{name,privacy_deny_sub_both},parallel]
=started       2024-08-23 19:05:51
=ended         2024-08-23 19:05:51
=result        ok
=elapsed       1.1e-5
=group_time    1.221s
=case          ejabberd_SUITE:init_per_group
=logfile       ejabberd_suite.init_per_group.62754.html
=group_props   [{name,privacy_deny_sub_from},parallel]
=started       2024-08-23 19:05:51
=ended         2024-08-23 19:05:51
=result        ok
=elapsed       3.0e-6
=case          ejabberd_SUITE:privacy_deny_sub_from_master
=logfile       ejabberd_suite.privacy_deny_sub_from_master.62786.html
=started       2024-08-23 19:05:51
=ended         2024-08-23 19:05:52
=result        ok
=elapsed       1.157806
=case          ejabberd_SUITE:privacy_deny_sub_from_slave
=logfile       ejabberd_suite.privacy_deny_sub_from_slave.62818.html
=started       2024-08-23 19:05:51
=ended         2024-08-23 19:05:52
=result        ok
=elapsed       1.156855
=case          ejabberd_SUITE:end_per_group
=logfile       ejabberd_suite.end_per_group.52771.html
=group_props   [{name,privacy_deny_sub_from},parallel]
=started       2024-08-23 19:05:52
=ended         2024-08-23 19:05:52
=result        ok
=elapsed       8.0e-6
=group_time    1.219s
=case          ejabberd_SUITE:init_per_group
=logfile       ejabberd_suite.init_per_group.39524.html
=group_props   [{name,privacy_deny_sub_to},parallel]
=started       2024-08-23 19:05:52
=ended         2024-08-23 19:05:52
=result        ok
=elapsed       4.0e-6
=case          ejabberd_SUITE:privacy_deny_sub_to_master
=logfile       ejabberd_suite.privacy_deny_sub_to_master.39556.html
=started       2024-08-23 19:05:52
=ended         2024-08-23 19:05:53
=result        ok
=elapsed       1.168897
=case          ejabberd_SUITE:privacy_deny_sub_to_slave
=logfile       ejabberd_suite.privacy_deny_sub_to_slave.39588.html
=started       2024-08-23 19:05:52
=ended         2024-08-23 19:05:53
=result        ok
=elapsed       1.167257
=case          ejabberd_SUITE:end_per_group
=logfile       ejabberd_suite.end_per_group.52867.html
=group_props   [{name,privacy_deny_sub_to},parallel]
=started       2024-08-23 19:05:53
=ended         2024-08-23 19:05:53
=result        ok
=elapsed       3.0e-6
=group_time    1.231s
=case          ejabberd_SUITE:init_per_group
=logfile       ejabberd_suite.init_per_group.52899.html
=group_props   [{name,privacy_deny_sub_none},parallel]
=started       2024-08-23 19:05:53
=ended         2024-08-23 19:05:53
=result        ok
=elapsed       3.0e-6
=case          ejabberd_SUITE:privacy_deny_sub_none_master
=logfile       ejabberd_suite.privacy_deny_sub_none_master.52931.html
=started       2024-08-23 19:05:53
=ended         2024-08-23 19:05:55
=result        ok
=elapsed       1.162548
=case          ejabberd_SUITE:privacy_deny_sub_none_slave
=logfile       ejabberd_suite.privacy_deny_sub_none_slave.63138.html
=started       2024-08-23 19:05:53
=ended         2024-08-23 19:05:55
=result        ok
=elapsed       1.161288
=case          ejabberd_SUITE:end_per_group
=logfile       ejabberd_suite.end_per_group.63266.html
=group_props   [{name,privacy_deny_sub_none},parallel]
=started       2024-08-23 19:05:55
=ended         2024-08-23 19:05:55
=result        ok
=elapsed       5.0e-6
=group_time    1.225s
=case          ejabberd_SUITE:init_per_group
=logfile       ejabberd_suite.init_per_group.39748.html
=group_props   [{name,privacy_deny_all},parallel]
=started       2024-08-23 19:05:55
=ended         2024-08-23 19:05:55
=result        ok
=elapsed       4.0e-6
=case          ejabberd_SUITE:privacy_deny_all_master
=logfile       ejabberd_suite.privacy_deny_all_master.39780.html
=started       2024-08-23 19:05:55
=ended         2024-08-23 19:05:56
=result        ok
=elapsed       1.176279
=case          ejabberd_SUITE:privacy_deny_all_slave
=logfile       ejabberd_suite.privacy_deny_all_slave.39812.html
=started       2024-08-23 19:05:55
=ended         2024-08-23 19:05:56
=result        ok
=elapsed       1.173767
=case          ejabberd_SUITE:end_per_group
=logfile       ejabberd_suite.end_per_group.39908.html
=group_props   [{name,privacy_deny_all},parallel]
=started       2024-08-23 19:05:56
=ended         2024-08-23 19:05:56
=result        ok
=elapsed       8.0e-6
=group_time    1.237s
=case          ejabberd_SUITE:init_per_group
=logfile       ejabberd_suite.init_per_group.39940.html
=group_props   [{name,privacy_deny_offline},parallel]
=started       2024-08-23 19:05:56
=ended         2024-08-23 19:05:56
=result        ok
=elapsed       4.0e-6
=case          ejabberd_SUITE:privacy_deny_offline_master
=logfile       ejabberd_suite.privacy_deny_offline_master.39972.html
=started       2024-08-23 19:05:56
=ended         2024-08-23 19:05:56
=result        ok
=elapsed       0.247494
=case          ejabberd_SUITE:privacy_deny_offline_slave
=logfile       ejabberd_suite.privacy_deny_offline_slave.40004.html
=started       2024-08-23 19:05:56
=ended         2024-08-23 19:05:56
=result        ok
=elapsed       0.350312
=case          ejabberd_SUITE:end_per_group
=logfile       ejabberd_suite.end_per_group.40100.html
=group_props   [{name,privacy_deny_offline},parallel]
=started       2024-08-23 19:05:56
=ended         2024-08-23 19:05:56
=result        ok
=elapsed       4.0e-6
=group_time    0.412s
=case          ejabberd_SUITE:init_per_group
=logfile       ejabberd_suite.init_per_group.40132.html
=group_props   [{name,privacy_block},parallel]
=started       2024-08-23 19:05:56
=ended         2024-08-23 19:05:56
=result        ok
=elapsed       3.0e-6
=case          ejabberd_SUITE:privacy_block_master
=logfile       ejabberd_suite.privacy_block_master.53027.html
=started       2024-08-23 19:05:56
=ended         2024-08-23 19:05:57
=result        ok
=elapsed       0.437218
=case          ejabberd_SUITE:privacy_block_slave
=logfile       ejabberd_suite.privacy_block_slave.53059.html
=started       2024-08-23 19:05:56
=ended         2024-08-23 19:05:57
=result        ok
=elapsed       0.436788
=case          ejabberd_SUITE:end_per_group
=logfile       ejabberd_suite.end_per_group.53091.html
=group_props   [{name,privacy_block},parallel]
=started       2024-08-23 19:05:57
=ended         2024-08-23 19:05:57
=result        ok
=elapsed       2.0e-6
=group_time    0.501s
=case          ejabberd_SUITE:init_per_group
=logfile       ejabberd_suite.init_per_group.53123.html
=group_props   [{name,privacy_unblock},parallel]
=started       2024-08-23 19:05:57
=ended         2024-08-23 19:05:57
=result        ok
=elapsed       3.0e-6
=case          ejabberd_SUITE:privacy_unblock_master
=logfile       ejabberd_suite.privacy_unblock_master.53155.html
=started       2024-08-23 19:05:57
=ended         2024-08-23 19:05:57
=result        ok
=elapsed       0.204765
=case          ejabberd_SUITE:privacy_unblock_slave
=logfile       ejabberd_suite.privacy_unblock_slave.63554.html
=started       2024-08-23 19:05:57
=ended         2024-08-23 19:05:57
=result        ok
=elapsed       0.202103
=case          ejabberd_SUITE:end_per_group
=logfile       ejabberd_suite.end_per_group.63650.html
=group_props   [{name,privacy_unblock},parallel]
=started       2024-08-23 19:05:57
=ended         2024-08-23 19:05:57
=result        ok
=elapsed       3.0e-6
=group_time    0.265s
=case          ejabberd_SUITE:init_per_group
=logfile       ejabberd_suite.init_per_group.63682.html
=group_props   [{name,privacy_unblock_all},parallel]
=started       2024-08-23 19:05:57
=ended         2024-08-23 19:05:57
=result        ok
=elapsed       3.0e-6
=case          ejabberd_SUITE:privacy_unblock_all_master
=logfile       ejabberd_suite.privacy_unblock_all_master.63714.html
=started       2024-08-23 19:05:57
=ended         2024-08-23 19:05:57
=result        ok
=elapsed       0.202941
=case          ejabberd_SUITE:privacy_unblock_all_slave
=logfile       ejabberd_suite.privacy_unblock_all_slave.63746.html
=started       2024-08-23 19:05:57
=ended         2024-08-23 19:05:57
=result        ok
=elapsed       0.20009
=case          ejabberd_SUITE:end_per_group
=logfile       ejabberd_suite.end_per_group.63810.html
=group_props   [{name,privacy_unblock_all},parallel]
=started       2024-08-23 19:05:57
=ended         2024-08-23 19:05:57
=result        ok
=elapsed       2.0e-6
=group_time    0.262s
=case          ejabberd_SUITE:end_per_group
=logfile       ejabberd_suite.end_per_group.63842.html
=group_props   [{name,privacy_master_slave},sequence]
=started       2024-08-23 19:05:57
=ended         2024-08-23 19:05:57
=result        ok
=elapsed       7.0e-6
=group_time    14.048s
=case          ejabberd_SUITE:init_per_group
=logfile       ejabberd_suite.init_per_group.63874.html
=group_props   [{name,pubsub_master_slave},sequence]
=started       2024-08-23 19:05:57
=ended         2024-08-23 19:05:57
=result        ok
=elapsed       4.0e-6
=case          ejabberd_SUITE:init_per_group
=logfile       ejabberd_suite.init_per_group.63906.html
=group_props   [{name,pubsub_publish},parallel]
=started       2024-08-23 19:05:57
=ended         2024-08-23 19:05:57
=result        ok
=elapsed       3.0e-6
=case          ejabberd_SUITE:pubsub_publish_master
=logfile       ejabberd_suite.pubsub_publish_master.63938.html
=started       2024-08-23 19:05:57
=ended         2024-08-23 19:05:58
=result        ok
=elapsed       0.118562
=case          ejabberd_SUITE:pubsub_publish_slave
=logfile       ejabberd_suite.pubsub_publish_slave.63970.html
=started       2024-08-23 19:05:57
=ended         2024-08-23 19:05:58
=result        ok
=elapsed       0.117013
=case          ejabberd_SUITE:end_per_group
=logfile       ejabberd_suite.end_per_group.53315.html
=group_props   [{name,pubsub_publish},parallel]
=started       2024-08-23 19:05:58
=ended         2024-08-23 19:05:58
=result        ok
=elapsed       3.0e-6
=group_time    0.179s
=case          ejabberd_SUITE:init_per_group
=logfile       ejabberd_suite.init_per_group.53347.html
=group_props   [{name,pubsub_subscriptions},parallel]
=started       2024-08-23 19:05:58
=ended         2024-08-23 19:05:58
=result        ok
=elapsed       3.0e-6
=case          ejabberd_SUITE:pubsub_subscriptions_master
=logfile       ejabberd_suite.pubsub_subscriptions_master.40324.html
=started       2024-08-23 19:05:58
=ended         2024-08-23 19:05:58
=result        ok
=elapsed       0.138506
=case          ejabberd_SUITE:pubsub_subscriptions_slave
=logfile       ejabberd_suite.pubsub_subscriptions_slave.40356.html
=started       2024-08-23 19:05:58
=ended         2024-08-23 19:05:58
=result        ok
=elapsed       0.132868
=case          ejabberd_SUITE:end_per_group
=logfile       ejabberd_suite.end_per_group.53475.html
=group_props   [{name,pubsub_subscriptions},parallel]
=started       2024-08-23 19:05:58
=ended         2024-08-23 19:05:58
=result        ok
=elapsed       3.0e-6
=group_time    0.199s
=case          ejabberd_SUITE:init_per_group
=logfile       ejabberd_suite.init_per_group.53507.html
=group_props   [{name,pubsub_affiliations},parallel]
=started       2024-08-23 19:05:58
=ended         2024-08-23 19:05:58
=result        ok
=elapsed       4.0e-6
=case          ejabberd_SUITE:pubsub_affiliations_master
=logfile       ejabberd_suite.pubsub_affiliations_master.53539.html
=started       2024-08-23 19:05:58
=ended         2024-08-23 19:06:00
=result        ok
=elapsed       1.716082
=case          ejabberd_SUITE:pubsub_affiliations_slave
=logfile       ejabberd_suite.pubsub_affiliations_slave.40388.html
=started       2024-08-23 19:05:58
=ended         2024-08-23 19:06:00
=result        ok
=elapsed       1.732642
=case          ejabberd_SUITE:end_per_group
=logfile       ejabberd_suite.end_per_group.64130.html
=group_props   [{name,pubsub_affiliations},parallel]
=started       2024-08-23 19:06:00
=ended         2024-08-23 19:06:00
=result        ok
=elapsed       3.0e-6
=group_time    1.792s
=case          ejabberd_SUITE:init_per_group
=logfile       ejabberd_suite.init_per_group.64162.html
=group_props   [{name,pubsub_authorize},parallel]
=started       2024-08-23 19:06:00
=ended         2024-08-23 19:06:00
=result        ok
=elapsed       5.0e-6
=case          ejabberd_SUITE:pubsub_authorize_master
=logfile       ejabberd_suite.pubsub_authorize_master.64194.html
=started       2024-08-23 19:06:00
=ended         2024-08-23 19:06:00
=result        ok
=elapsed       0.210925
=case          ejabberd_SUITE:pubsub_authorize_slave
=logfile       ejabberd_suite.pubsub_authorize_slave.64226.html
=started       2024-08-23 19:06:00
=ended         2024-08-23 19:06:00
=result        ok
=elapsed       0.161306
=case          ejabberd_SUITE:end_per_group
=logfile       ejabberd_suite.end_per_group.64354.html
=group_props   [{name,pubsub_authorize},parallel]
=started       2024-08-23 19:06:00
=ended         2024-08-23 19:06:00
=result        ok
=elapsed       8.0e-6
=group_time    0.272s
=case          ejabberd_SUITE:end_per_group
=logfile       ejabberd_suite.end_per_group.64386.html
=group_props   [{name,pubsub_master_slave},sequence]
=started       2024-08-23 19:06:00
=ended         2024-08-23 19:06:00
=result        ok
=elapsed       1.0e-5
=group_time    2.569s
=case          ejabberd_SUITE:init_per_group
=logfile       ejabberd_suite.init_per_group.64418.html
=group_props   [{name,roster_master_slave},sequence]
=started       2024-08-23 19:06:00
=ended         2024-08-23 19:06:00
=result        ok
=elapsed       4.0e-6
=case          ejabberd_SUITE:init_per_group
=logfile       ejabberd_suite.init_per_group.64450.html
=group_props   [{name,roster_subscribe},parallel]
=started       2024-08-23 19:06:00
=ended         2024-08-23 19:06:00
=result        ok
=elapsed       4.0e-6
=case          ejabberd_SUITE:roster_subscribe_master
=logfile       ejabberd_suite.roster_subscribe_master.40452.html
=started       2024-08-23 19:06:00
=ended         2024-08-23 19:06:13
=result        ok
=elapsed       12.818555
=case          ejabberd_SUITE:roster_subscribe_slave
=logfile       ejabberd_suite.roster_subscribe_slave.64482.html
=started       2024-08-23 19:06:00
=ended         2024-08-23 19:06:13
=result        ok
=elapsed       12.819607
=case          ejabberd_SUITE:end_per_group
=logfile       ejabberd_suite.end_per_group.65154.html
=group_props   [{name,roster_subscribe},parallel]
=started       2024-08-23 19:06:13
=ended         2024-08-23 19:06:13
=result        ok
=elapsed       3.0e-6
=group_time    12.883s
=case          ejabberd_SUITE:end_per_group
=logfile       ejabberd_suite.end_per_group.65186.html
=group_props   [{name,roster_master_slave},sequence]
=started       2024-08-23 19:06:13
=ended         2024-08-23 19:06:13
=result        ok
=elapsed       2.0e-6
=group_time    12.933s
=case          ejabberd_SUITE:init_per_group
=logfile       ejabberd_suite.init_per_group.65218.html
=group_props   [{name,offline_master_slave},sequence]
=started       2024-08-23 19:06:13
=ended         2024-08-23 19:06:13
=result        ok
=elapsed       4.0e-6
=case          ejabberd_SUITE:init_per_group
=logfile       ejabberd_suite.init_per_group.65250.html
=group_props   [{name,offline_flex},parallel]
=started       2024-08-23 19:06:13
=ended         2024-08-23 19:06:13
=result        ok
=elapsed       2.0e-6
=case          ejabberd_SUITE:offline_flex_master
=logfile       ejabberd_suite.offline_flex_master.65282.html
=started       2024-08-23 19:06:13
=ended         2024-08-23 19:06:13
=result        ok
=elapsed       0.20647
=case          ejabberd_SUITE:offline_flex_slave
=logfile       ejabberd_suite.offline_flex_slave.65314.html
=started       2024-08-23 19:06:13
=ended         2024-08-23 19:06:13
=result        ok
=elapsed       0.328433
=case          ejabberd_SUITE:end_per_group
=logfile       ejabberd_suite.end_per_group.65378.html
=group_props   [{name,offline_flex},parallel]
=started       2024-08-23 19:06:13
=ended         2024-08-23 19:06:13
=result        ok
=elapsed       2.0e-6
=group_time    0.388s
=case          ejabberd_SUITE:init_per_group
=logfile       ejabberd_suite.init_per_group.65410.html
=group_props   [{name,offline_send_all},parallel]
=started       2024-08-23 19:06:13
=ended         2024-08-23 19:06:13
=result        ok
=elapsed       4.0e-6
=case          ejabberd_SUITE:offline_send_all_master
=logfile       ejabberd_suite.offline_send_all_master.65442.html
=started       2024-08-23 19:06:13
=ended         2024-08-23 19:06:27
=result        ok
=elapsed       13.929851
=case          ejabberd_SUITE:offline_send_all_slave
=logfile       ejabberd_suite.offline_send_all_slave.65474.html
=started       2024-08-23 19:06:13
=ended         2024-08-23 19:06:28
=result        ok
=elapsed       14.08166
=case          ejabberd_SUITE:end_per_group
=logfile       ejabberd_suite.end_per_group.65506.html
=group_props   [{name,offline_send_all},parallel]
=started       2024-08-23 19:06:28
=ended         2024-08-23 19:06:28
=result        ok
=elapsed       3.0e-6
=group_time    14.144s
=case          ejabberd_SUITE:init_per_group
=logfile       ejabberd_suite.init_per_group.65538.html
=group_props   [{name,offline_from_mam},parallel]
=started       2024-08-23 19:06:28
=ended         2024-08-23 19:06:28
=result        ok
=elapsed       3.0e-6
=case          ejabberd_SUITE:offline_from_mam_master
=logfile       ejabberd_suite.offline_from_mam_master.65570.html
=started       2024-08-23 19:06:28
=ended         2024-08-23 19:06:42
=result        ok
=elapsed       13.893765
=case          ejabberd_SUITE:offline_from_mam_slave
=logfile       ejabberd_suite.offline_from_mam_slave.65602.html
=started       2024-08-23 19:06:28
=ended         2024-08-23 19:06:42
=result        ok
=elapsed       14.076894
=case          ejabberd_SUITE:end_per_group
=logfile       ejabberd_suite.end_per_group.65666.html
=group_props   [{name,offline_from_mam},parallel]
=started       2024-08-23 19:06:42
=ended         2024-08-23 19:06:42
=result        ok
=elapsed       3.0e-6
=group_time    14.139s
=case          ejabberd_SUITE:init_per_group
=logfile       ejabberd_suite.init_per_group.65698.html
=group_props   [{name,offline_mucsub_mam},parallel]
=started       2024-08-23 19:06:42
=ended         2024-08-23 19:06:42
=result        ok
=elapsed       4.0e-6
=case          ejabberd_SUITE:offline_mucsub_mam_master
=logfile       ejabberd_suite.offline_mucsub_mam_master.65730.html
=started       2024-08-23 19:06:42
=ended         2024-08-23 19:06:42
=result        ok
=elapsed       0.255916
=case          ejabberd_SUITE:offline_mucsub_mam_slave
=logfile       ejabberd_suite.offline_mucsub_mam_slave.42564.html
=started       2024-08-23 19:06:42
=ended         2024-08-23 19:06:42
=result        ok
=elapsed       0.251551
=case          ejabberd_SUITE:end_per_group
=logfile       ejabberd_suite.end_per_group.42596.html
=group_props   [{name,offline_mucsub_mam},parallel]
=started       2024-08-23 19:06:42
=ended         2024-08-23 19:06:42
=result        ok
=elapsed       3.0e-6
=group_time    0.320s
=case          ejabberd_SUITE:end_per_group
=logfile       ejabberd_suite.end_per_group.42628.html
=group_props   [{name,offline_master_slave},sequence]
=started       2024-08-23 19:06:42
=ended         2024-08-23 19:06:42
=result        ok
=elapsed       3.0e-6
=group_time    29.117s
=case          ejabberd_SUITE:init_per_group
=logfile       ejabberd_suite.init_per_group.65794.html
=group_props   [{name,mam_master_slave},sequence]
=started       2024-08-23 19:06:42
=ended         2024-08-23 19:06:42
=result        ok
=elapsed       4.0e-6
=case          ejabberd_SUITE:init_per_group
=logfile       ejabberd_suite.init_per_group.65826.html
=group_props   [{name,mam_archived_and_stanza_id},parallel]
=started       2024-08-23 19:06:42
=ended         2024-08-23 19:06:42
=result        ok
=elapsed       3.0e-6
=case          ejabberd_SUITE:mam_archived_and_stanza_id_master
=logfile       ejabberd_suite.mam_archived_and_stanza_id_master.65858.html
=started       2024-08-23 19:06:42
=ended         2024-08-23 19:06:42
=result        ok
=elapsed       0.165657
=case          ejabberd_SUITE:mam_archived_and_stanza_id_slave
=logfile       ejabberd_suite.mam_archived_and_stanza_id_slave.65890.html
=started       2024-08-23 19:06:42
=ended         2024-08-23 19:06:42
=result        ok
=elapsed       0.170646
=case          ejabberd_SUITE:end_per_group
=logfile       ejabberd_suite.end_per_group.65954.html
=group_props   [{name,mam_archived_and_stanza_id},parallel]
=started       2024-08-23 19:06:42
=ended         2024-08-23 19:06:42
=result        ok
=elapsed       3.0e-6
=group_time    0.232s
=case          ejabberd_SUITE:init_per_group
=logfile       ejabberd_suite.init_per_group.65986.html
=group_props   [{name,mam_query_all},parallel]
=started       2024-08-23 19:06:42
=ended         2024-08-23 19:06:42
=result        ok
=elapsed       4.0e-6
=case          ejabberd_SUITE:mam_query_all_master
=logfile       ejabberd_suite.mam_query_all_master.11781.html
=started       2024-08-23 19:06:42
=ended         2024-08-23 19:06:43
=result        ok
=elapsed       0.191027
=case          ejabberd_SUITE:mam_query_all_slave
=logfile       ejabberd_suite.mam_query_all_slave.66018.html
=started       2024-08-23 19:06:42
=ended         2024-08-23 19:06:43
=result        ok
=elapsed       0.195157
=case          ejabberd_SUITE:end_per_group
=logfile       ejabberd_suite.end_per_group.11813.html
=group_props   [{name,mam_query_all},parallel]
=started       2024-08-23 19:06:43
=ended         2024-08-23 19:06:43
=result        ok
=elapsed       4.0e-6
=group_time    0.255s
=case          ejabberd_SUITE:init_per_group
=logfile       ejabberd_suite.init_per_group.55651.html
=group_props   [{name,mam_query_with},parallel]
=started       2024-08-23 19:06:43
=ended         2024-08-23 19:06:43
=result        ok
=elapsed       4.0e-6
=case          ejabberd_SUITE:mam_query_with_master
=logfile       ejabberd_suite.mam_query_with_master.55683.html
=started       2024-08-23 19:06:43
=ended         2024-08-23 19:06:43
=result        ok
=elapsed       0.211063
=case          ejabberd_SUITE:mam_query_with_slave
=logfile       ejabberd_suite.mam_query_with_slave.55715.html
=started       2024-08-23 19:06:43
=ended         2024-08-23 19:06:43
=result        ok
=elapsed       0.216218
=case          ejabberd_SUITE:end_per_group
=logfile       ejabberd_suite.end_per_group.55779.html
=group_props   [{name,mam_query_with},parallel]
=started       2024-08-23 19:06:43
=ended         2024-08-23 19:06:43
=result        ok
=elapsed       3.0e-6
=group_time    0.278s
=case          ejabberd_SUITE:init_per_group
=logfile       ejabberd_suite.init_per_group.42756.html
=group_props   [{name,mam_query_rsm_max},parallel]
=started       2024-08-23 19:06:43
=ended         2024-08-23 19:06:43
=result        ok
=elapsed       4.0e-6
=case          ejabberd_SUITE:mam_query_rsm_max_master
=logfile       ejabberd_suite.mam_query_rsm_max_master.42788.html
=started       2024-08-23 19:06:43
=ended         2024-08-23 19:06:43
=result        ok
=elapsed       0.25161
=case          ejabberd_SUITE:mam_query_rsm_max_slave
=logfile       ejabberd_suite.mam_query_rsm_max_slave.42820.html
=started       2024-08-23 19:06:43
=ended         2024-08-23 19:06:43
=result        ok
=elapsed       0.253295
=case          ejabberd_SUITE:end_per_group
=logfile       ejabberd_suite.end_per_group.66178.html
=group_props   [{name,mam_query_rsm_max},parallel]
=started       2024-08-23 19:06:43
=ended         2024-08-23 19:06:43
=result        ok
=elapsed       3.0e-6
=group_time    0.315s
=case          ejabberd_SUITE:init_per_group
=logfile       ejabberd_suite.init_per_group.66210.html
=group_props   [{name,mam_query_rsm_after},parallel]
=started       2024-08-23 19:06:43
=ended         2024-08-23 19:06:43
=result        ok
=elapsed       4.0e-6
=case          ejabberd_SUITE:mam_query_rsm_after_master
=logfile       ejabberd_suite.mam_query_rsm_after_master.66242.html
=started       2024-08-23 19:06:43
=ended         2024-08-23 19:06:44
=result        ok
=elapsed       0.232185
=case          ejabberd_SUITE:mam_query_rsm_after_slave
=logfile       ejabberd_suite.mam_query_rsm_after_slave.66274.html
=started       2024-08-23 19:06:43
=ended         2024-08-23 19:06:44
=result        ok
=elapsed       0.239545
=case          ejabberd_SUITE:end_per_group
=logfile       ejabberd_suite.end_per_group.42948.html
=group_props   [{name,mam_query_rsm_after},parallel]
=started       2024-08-23 19:06:44
=ended         2024-08-23 19:06:44
=result        ok
=elapsed       3.0e-6
=group_time    0.300s
=case          ejabberd_SUITE:init_per_group
=logfile       ejabberd_suite.init_per_group.11845.html
=group_props   [{name,mam_query_rsm_before},parallel]
=started       2024-08-23 19:06:44
=ended         2024-08-23 19:06:44
=result        ok
=elapsed       3.0e-6
=case          ejabberd_SUITE:mam_query_rsm_before_master
=logfile       ejabberd_suite.mam_query_rsm_before_master.11877.html
=started       2024-08-23 19:06:44
=ended         2024-08-23 19:06:44
=result        ok
=elapsed       0.25634
=case          ejabberd_SUITE:mam_query_rsm_before_slave
=logfile       ejabberd_suite.mam_query_rsm_before_slave.66338.html
=started       2024-08-23 19:06:44
=ended         2024-08-23 19:06:44
=result        ok
=elapsed       0.252082
=case          ejabberd_SUITE:end_per_group
=logfile       ejabberd_suite.end_per_group.66370.html
=group_props   [{name,mam_query_rsm_before},parallel]
=started       2024-08-23 19:06:44
=ended         2024-08-23 19:06:44
=result        ok
=elapsed       3.0e-6
=group_time    0.319s
=case          ejabberd_SUITE:init_per_group
=logfile       ejabberd_suite.init_per_group.66402.html
=group_props   [{name,mam_muc},parallel]
=started       2024-08-23 19:06:44
=ended         2024-08-23 19:06:44
=result        ok
=elapsed       3.0e-6
=case          ejabberd_SUITE:mam_muc_master
=logfile       ejabberd_suite.mam_muc_master.66434.html
=started       2024-08-23 19:06:44
=ended         2024-08-23 19:06:44
=result        ok
=elapsed       0.180082
=case          ejabberd_SUITE:mam_muc_slave
=logfile       ejabberd_suite.mam_muc_slave.66466.html
=started       2024-08-23 19:06:44
=ended         2024-08-23 19:06:44
=result        ok
=elapsed       0.17413
=case          ejabberd_SUITE:end_per_group
=logfile       ejabberd_suite.end_per_group.66562.html
=group_props   [{name,mam_muc},parallel]
=started       2024-08-23 19:06:44
=ended         2024-08-23 19:06:44
=result        ok
=elapsed       8.0e-6
=group_time    0.245s
=case          ejabberd_SUITE:init_per_group
=logfile       ejabberd_suite.init_per_group.66594.html
=group_props   [{name,mam_mucsub},parallel]
=started       2024-08-23 19:06:44
=ended         2024-08-23 19:06:44
=result        ok
=elapsed       6.0e-6
=case          ejabberd_SUITE:mam_mucsub_master
=logfile       ejabberd_suite.mam_mucsub_master.66626.html
=started       2024-08-23 19:06:44
=ended         2024-08-23 19:06:44
=result        ok
=elapsed       0.161693
=case          ejabberd_SUITE:mam_mucsub_slave
=logfile       ejabberd_suite.mam_mucsub_slave.43076.html
=started       2024-08-23 19:06:44
=ended         2024-08-23 19:06:44
=result        ok
=elapsed       0.157596
=case          ejabberd_SUITE:end_per_group
=logfile       ejabberd_suite.end_per_group.43172.html
=group_props   [{name,mam_mucsub},parallel]
=started       2024-08-23 19:06:44
=ended         2024-08-23 19:06:45
=result        ok
=elapsed       4.0e-6
=group_time    0.223s
=case          ejabberd_SUITE:init_per_group
=logfile       ejabberd_suite.init_per_group.11973.html
=group_props   [{name,mam_mucsub_from_muc},parallel]
=started       2024-08-23 19:06:45
=ended         2024-08-23 19:06:45
=result        ok
=elapsed       4.0e-6
=case          ejabberd_SUITE:mam_mucsub_from_muc_master
=logfile       ejabberd_suite.mam_mucsub_from_muc_master.12005.html
=started       2024-08-23 19:06:45
=ended         2024-08-23 19:06:45
=result        ok
=elapsed       0.154972
=case          ejabberd_SUITE:mam_mucsub_from_muc_slave
=logfile       ejabberd_suite.mam_mucsub_from_muc_slave.12037.html
=started       2024-08-23 19:06:45
=ended         2024-08-23 19:06:45
=result        ok
=elapsed       0.15022
=case          ejabberd_SUITE:end_per_group
=logfile       ejabberd_suite.end_per_group.12069.html
=group_props   [{name,mam_mucsub_from_muc},parallel]
=started       2024-08-23 19:06:45
=ended         2024-08-23 19:06:45
=result        ok
=elapsed       8.0e-6
=group_time    0.217s
=case          ejabberd_SUITE:init_per_group
=logfile       ejabberd_suite.init_per_group.12101.html
=group_props   [{name,mam_mucsub_from_muc_non_persistent},parallel]
=started       2024-08-23 19:06:45
=ended         2024-08-23 19:06:45
=result        ok
=elapsed       4.0e-6
=case          ejabberd_SUITE:mam_mucsub_from_muc_non_persistent_master
=logfile       ejabberd_suite.mam_mucsub_from_muc_non_persistent_master.12133.html
=started       2024-08-23 19:06:45
=ended         2024-08-23 19:06:45
=result        ok
=elapsed       0.149468
=case          ejabberd_SUITE:mam_mucsub_from_muc_non_persistent_slave
=logfile       ejabberd_suite.mam_mucsub_from_muc_non_persistent_slave.56067.html
=started       2024-08-23 19:06:45
=ended         2024-08-23 19:06:45
=result        ok
=elapsed       0.148448
=case          ejabberd_SUITE:end_per_group
=logfile       ejabberd_suite.end_per_group.56195.html
=group_props   [{name,mam_mucsub_from_muc_non_persistent},parallel]
=started       2024-08-23 19:06:45
=ended         2024-08-23 19:06:45
=result        ok
=elapsed       1.0e-5
=group_time    0.213s
=case          ejabberd_SUITE:end_per_group
=logfile       ejabberd_suite.end_per_group.56227.html
=group_props   [{name,mam_master_slave},sequence]
=started       2024-08-23 19:06:45
=ended         2024-08-23 19:06:45
=result        ok
=elapsed       1.0e-5
=group_time    2.880s
=case          ejabberd_SUITE:init_per_group
=logfile       ejabberd_suite.init_per_group.56259.html
=group_props   [{name,announce_master_slave},sequence]
=started       2024-08-23 19:06:45
=ended         2024-08-23 19:06:45
=result        ok
=elapsed       4.0e-6
=case          ejabberd_SUITE:init_per_group
=logfile       ejabberd_suite.init_per_group.56291.html
=group_props   [{name,announce_set_motd},parallel]
=started       2024-08-23 19:06:45
=ended         2024-08-23 19:06:45
=result        ok
=elapsed       3.0e-6
=case          ejabberd_SUITE:announce_set_motd_master
=logfile       ejabberd_suite.announce_set_motd_master.56323.html
=started       2024-08-23 19:06:45
=ended         2024-08-23 19:06:45
=result        ok
=elapsed       0.114109
=case          ejabberd_SUITE:announce_set_motd_slave
=logfile       ejabberd_suite.announce_set_motd_slave.56355.html
=started       2024-08-23 19:06:45
=ended         2024-08-23 19:06:45
=result        ok
=elapsed       0.114995
=case          ejabberd_SUITE:end_per_group
=logfile       ejabberd_suite.end_per_group.56451.html
=group_props   [{name,announce_set_motd},parallel]
=started       2024-08-23 19:06:45
=ended         2024-08-23 19:06:45
=result        ok
=elapsed       3.0e-6
=group_time    0.179s
=case          ejabberd_SUITE:end_per_group
=logfile       ejabberd_suite.end_per_group.56483.html
=group_props   [{name,announce_master_slave},sequence]
=started       2024-08-23 19:06:45
=ended         2024-08-23 19:06:45
=result        ok
=elapsed       9.0e-6
=group_time    0.229s
=case          ejabberd_SUITE:init_per_group
=logfile       ejabberd_suite.init_per_group.66850.html
=group_props   [{name,push_master_slave},sequence]
=started       2024-08-23 19:06:45
=ended         2024-08-23 19:06:45
=result        ok
=elapsed       4.0e-6
=case          ejabberd_SUITE:init_per_group
=logfile       ejabberd_suite.init_per_group.66882.html
=group_props   [{name,push_sm},parallel]
=started       2024-08-23 19:06:45
=ended         2024-08-23 19:06:45
=result        ok
=elapsed       5.0e-6
=case          ejabberd_SUITE:push_sm_master
=logfile       ejabberd_suite.push_sm_master.66914.html
=started       2024-08-23 19:06:45
=ended         2024-08-23 19:06:53
=result        ok
=elapsed       8.114151
=case          ejabberd_SUITE:push_sm_slave
=logfile       ejabberd_suite.push_sm_slave.66946.html
=started       2024-08-23 19:06:45
=ended         2024-08-23 19:06:45
=result        ok
=elapsed       0.00527
=case          ejabberd_SUITE:end_per_group
=logfile       ejabberd_suite.end_per_group.67042.html
=group_props   [{name,push_sm},parallel]
=started       2024-08-23 19:06:53
=ended         2024-08-23 19:06:54
=result        ok
=elapsed       3.0e-6
=group_time    8.176s
=case          ejabberd_SUITE:init_per_group
=logfile       ejabberd_suite.init_per_group.67074.html
=group_props   [{name,push_offline},parallel]
=started       2024-08-23 19:06:54
=ended         2024-08-23 19:06:54
=result        ok
=elapsed       3.0e-6
=case          ejabberd_SUITE:push_offline_master
=logfile       ejabberd_suite.push_offline_master.67106.html
=started       2024-08-23 19:06:54
=ended         2024-08-23 19:06:54
=result        ok
=elapsed       0.257614
=case          ejabberd_SUITE:push_offline_slave
=logfile       ejabberd_suite.push_offline_slave.56547.html
=started       2024-08-23 19:06:54
=ended         2024-08-23 19:06:54
=result        ok
=elapsed       0.109502
=case          ejabberd_SUITE:end_per_group
=logfile       ejabberd_suite.end_per_group.56643.html
=group_props   [{name,push_offline},parallel]
=started       2024-08-23 19:06:54
=ended         2024-08-23 19:06:54
=result        ok
=elapsed       2.0e-6
=group_time    0.320s
=case          ejabberd_SUITE:init_per_group
=logfile       ejabberd_suite.init_per_group.56675.html
=group_props   [{name,push_mam},parallel]
=started       2024-08-23 19:06:54
=ended         2024-08-23 19:06:54
=result        ok
=elapsed       3.0e-6
=case          ejabberd_SUITE:push_mam_master
=logfile       ejabberd_suite.push_mam_master.56707.html
=started       2024-08-23 19:06:54
=ended         2024-08-23 19:06:54
=result        ok
=elapsed       0.1533
=case          ejabberd_SUITE:push_mam_slave
=logfile       ejabberd_suite.push_mam_slave.56739.html
=started       2024-08-23 19:06:54
=ended         2024-08-23 19:06:54
=result        ok
=elapsed       0.265903
=case          ejabberd_SUITE:end_per_group
=logfile       ejabberd_suite.end_per_group.56803.html
=group_props   [{name,push_mam},parallel]
=started       2024-08-23 19:06:54
=ended         2024-08-23 19:06:54
=result        ok
=elapsed       3.0e-6
=group_time    0.327s
=case          ejabberd_SUITE:end_per_group
=logfile       ejabberd_suite.end_per_group.56835.html
=group_props   [{name,push_master_slave},sequence]
=started       2024-08-23 19:06:54
=ended         2024-08-23 19:06:54
=result        ok
=elapsed       3.0e-6
=group_time    8.925s
=case          ejabberd_SUITE:end_per_group
=logfile       ejabberd_suite.end_per_group.56867.html
=group_props   [{name,sqlite},sequence]
=started       2024-08-23 19:06:54
=ended         2024-08-23 19:06:54
=result        ok
=elapsed       0.0
=group_time    99.163s
=case          ejabberd_SUITE:init_per_group
=logfile       ejabberd_suite.init_per_group.56899.html
=group_props   [{name,extauth},sequence]
=started       2024-08-23 19:06:54
=ended         2024-08-23 19:06:54
=result        ok
=elapsed       1.0e-6
=case          ejabberd_SUITE:init_per_group
=logfile       ejabberd_suite.init_per_group.56931.html
=group_props   [{name,extauth_tests},sequence]
=started       2024-08-23 19:06:54
=ended         2024-08-23 19:06:54
=result        ok
=elapsed       4.0e-6
=case          ejabberd_SUITE:test_auth
=logfile       ejabberd_suite.test_auth.56963.html
=started       2024-08-23 19:06:54
=ended         2024-08-23 19:06:54
=result        ok
=elapsed       0.001649
=case          ejabberd_SUITE:test_auth_fail
=logfile       ejabberd_suite.test_auth_fail.57027.html
=started       2024-08-23 19:06:54
=ended         2024-08-23 19:06:54
=result        ok
=elapsed       9.38e-4
=case          ejabberd_SUITE:test_unregister
=logfile       ejabberd_suite.test_unregister.57091.html
=started       2024-08-23 19:06:54
=ended         2024-08-23 19:06:54
=result        ok
=elapsed       0.002492
=case          ejabberd_SUITE:end_per_group
=logfile       ejabberd_suite.end_per_group.57155.html
=group_props   [{name,extauth_tests},sequence]
=started       2024-08-23 19:06:54
=ended         2024-08-23 19:06:54
=result        ok
=elapsed       1.0e-5
=group_time    0.117s
=case          ejabberd_SUITE:end_per_group
=logfile       ejabberd_suite.end_per_group.57187.html
=group_props   [{name,extauth},sequence]
=started       2024-08-23 19:06:54
=ended         2024-08-23 19:06:54
=result        ok
=elapsed       0.0
=group_time    0.169s
=case          ejabberd_SUITE:init_per_group
=logfile       ejabberd_suite.init_per_group.12293.html
=group_props   [{name,component},sequence]
=started       2024-08-23 19:06:54
=ended         2024-08-23 19:06:54
=result        ok
=elapsed       3.0e-6
=case          ejabberd_SUITE:init_per_group
=logfile       ejabberd_suite.init_per_group.57219.html
=group_props   [{name,component_connect},parallel]
=started       2024-08-23 19:06:54
=ended         2024-08-23 19:06:55
=result        ok
=elapsed       3.0e-6
=case          ejabberd_SUITE:test_connect_bad_xml
=logfile       ejabberd_suite.test_connect_bad_xml.43300.html
=started       2024-08-23 19:06:55
=ended         2024-08-23 19:06:55
=result        ok
=elapsed       0.00117
=case          ejabberd_SUITE:test_connect_unexpected_xml
=logfile       ejabberd_suite.test_connect_unexpected_xml.43332.html
=started       2024-08-23 19:06:55
=ended         2024-08-23 19:06:55
=result        ok
=elapsed       9.43e-4
=case          ejabberd_SUITE:test_connect_unknown_ns
=logfile       ejabberd_suite.test_connect_unknown_ns.43364.html
=started       2024-08-23 19:06:55
=ended         2024-08-23 19:06:55
=result        ok
=elapsed       0.00178
=case          ejabberd_SUITE:test_connect_bad_xmlns
=logfile       ejabberd_suite.test_connect_bad_xmlns.57251.html
=started       2024-08-23 19:06:55
=ended         2024-08-23 19:06:55
=result        ok
=elapsed       0.00107
=case          ejabberd_SUITE:test_connect_bad_ns_stream
=logfile       ejabberd_suite.test_connect_bad_ns_stream.67234.html
=started       2024-08-23 19:06:55
=ended         2024-08-23 19:06:55
=result        ok
=elapsed       0.001071
=case          ejabberd_SUITE:test_connect_missing_to
=logfile       ejabberd_suite.test_connect_missing_to.67266.html
=started       2024-08-23 19:06:55
=ended         2024-08-23 19:06:55
=result        ok
=elapsed       9.91e-4
=case          ejabberd_SUITE:test_connect
=logfile       ejabberd_suite.test_connect.67298.html
=started       2024-08-23 19:06:55
=ended         2024-08-23 19:06:55
=result        ok
=elapsed       0.001409
=case          ejabberd_SUITE:test_auth
=logfile       ejabberd_suite.test_auth.43396.html
=started       2024-08-23 19:06:55
=ended         2024-08-23 19:06:55
=result        ok
=elapsed       0.012946
=case          ejabberd_SUITE:test_auth_fail
=logfile       ejabberd_suite.test_auth_fail.43428.html
=started       2024-08-23 19:06:55
=ended         2024-08-23 19:06:55
=result        ok
=elapsed       0.011619
=case          ejabberd_SUITE:end_per_group
=logfile       ejabberd_suite.end_per_group.43492.html
=group_props   [{name,component_connect},parallel]
=started       2024-08-23 19:06:55
=ended         2024-08-23 19:06:55
=result        ok
=elapsed       3.0e-6
=group_time    0.092s
=case          ejabberd_SUITE:init_per_group
=logfile       ejabberd_suite.init_per_group.43524.html
=group_props   [{name,component_tests},sequence]
=started       2024-08-23 19:06:55
=ended         2024-08-23 19:06:55
=result        ok
=elapsed       4.0e-6
=case          ejabberd_SUITE:test_missing_from
=logfile       ejabberd_suite.test_missing_from.html
=started       2024-08-23 19:06:55
=ended         2024-08-23 19:06:55
=result        ok
=elapsed       4.9e-4
=case          ejabberd_SUITE:test_missing_to
=logfile       ejabberd_suite.test_missing_to.html
=started       2024-08-23 19:06:55
=ended         2024-08-23 19:06:55
=result        ok
=elapsed       4.68e-4
=case          ejabberd_SUITE:test_invalid_from
=logfile       ejabberd_suite.test_invalid_from.html
=started       2024-08-23 19:06:55
=ended         2024-08-23 19:06:55
=result        ok
=elapsed       5.26e-4
=case          ejabberd_SUITE:test_component_send
=logfile       ejabberd_suite.test_component_send.html
=started       2024-08-23 19:06:55
=ended         2024-08-23 19:06:55
=result        ok
=elapsed       9.05e-4
=case          ejabberd_SUITE:bad_nonza
=logfile       ejabberd_suite.bad_nonza.html
=started       2024-08-23 19:06:55
=ended         2024-08-23 19:06:55
=result        ok
=elapsed       0.044055
=case          ejabberd_SUITE:codec_failure
=logfile       ejabberd_suite.codec_failure.html
=started       2024-08-23 19:06:55
=ended         2024-08-23 19:06:55
=result        ok
=elapsed       8.66e-4
=case          ejabberd_SUITE:end_per_group
=logfile       ejabberd_suite.end_per_group.43716.html
=group_props   [{name,component_tests},sequence]
=started       2024-08-23 19:06:55
=ended         2024-08-23 19:06:55
=result        ok
=elapsed       9.0e-6
=group_time    0.245s
=case          ejabberd_SUITE:end_per_group
=logfile       ejabberd_suite.end_per_group.67586.html
=group_props   [{name,component},sequence]
=started       2024-08-23 19:06:55
=ended         2024-08-23 19:06:55
=result        ok
=elapsed       0.0
=group_time    0.413s
=case          ejabberd_SUITE:init_per_group
=logfile       ejabberd_suite.init_per_group.67618.html
=group_props   [{name,s2s},sequence]
=started       2024-08-23 19:06:55
=ended         2024-08-23 19:06:55
=result        ok
=elapsed       1.1e-5
=case          ejabberd_SUITE:init_per_group
=logfile       ejabberd_suite.init_per_group.67650.html
=group_props   [{name,s2s_connect},parallel]
=started       2024-08-23 19:06:55
=ended         2024-08-23 19:06:55
=result        ok
=elapsed       4.0e-6
=case          ejabberd_SUITE:test_connect_bad_xml
=logfile       ejabberd_suite.test_connect_bad_xml.67682.html
=started       2024-08-23 19:06:55
=ended         2024-08-23 19:06:55
=result        ok
=elapsed       9.76e-4
=case          ejabberd_SUITE:test_connect_unexpected_xml
=logfile       ejabberd_suite.test_connect_unexpected_xml.67714.html
=started       2024-08-23 19:06:55
=ended         2024-08-23 19:06:55
=result        ok
=elapsed       8.49e-4
=case          ejabberd_SUITE:test_connect_unknown_ns
=logfile       ejabberd_suite.test_connect_unknown_ns.67746.html
=started       2024-08-23 19:06:55
=ended         2024-08-23 19:06:55
=result        ok
=elapsed       0.001289
=case          ejabberd_SUITE:test_connect_bad_xmlns
=logfile       ejabberd_suite.test_connect_bad_xmlns.67778.html
=started       2024-08-23 19:06:55
=ended         2024-08-23 19:06:55
=result        ok
=elapsed       0.001057
=case          ejabberd_SUITE:test_connect_bad_ns_stream
=logfile       ejabberd_suite.test_connect_bad_ns_stream.67810.html
=started       2024-08-23 19:06:55
=ended         2024-08-23 19:06:55
=result        ok
=elapsed       0.001053
=case          ejabberd_SUITE:test_connect
=logfile       ejabberd_suite.test_connect.67842.html
=started       2024-08-23 19:06:55
=ended         2024-08-23 19:06:55
=result        ok
=elapsed       0.001631
=case          ejabberd_SUITE:test_connect_s2s_starttls_required
=logfile       ejabberd_suite.test_connect_s2s_starttls_required.67874.html
=started       2024-08-23 19:06:55
=ended         2024-08-23 19:06:55
=result        ok
=elapsed       0.001604
=case          ejabberd_SUITE:test_starttls
=logfile       ejabberd_suite.test_starttls.67906.html
=started       2024-08-23 19:06:55
=ended         2024-08-23 19:06:55
=result        failed: {test_case_failed,starttls_failed}, [{ejabberd_SUITE,
                                                             test_starttls,
                                                             633},
                                                            {test_server,
                                                             ts_tc,1782},
                                                            {test_server,
                                                             run_test_case_eval1,
                                                             1291},
                                                            {test_server,
                                                             run_test_case_eval,
                                                             1223}]
=== *** FAILED test case 1590 of 1598 ***
=case          ejabberd_SUITE:test_connect_s2s_unauthenticated_iq
=logfile       ejabberd_suite.test_connect_s2s_unauthenticated_iq.12357.html
=started       2024-08-23 19:06:55
=ended         2024-08-23 19:06:55
=result        failed: {test_case_failed,starttls_failed}, [{ejabberd_SUITE,
                                                             test_connect_s2s_unauthenticated_iq,
                                                             627},
                                                            {test_server,
                                                             ts_tc,1782},
                                                            {test_server,
                                                             run_test_case_eval1,
                                                             1291},
                                                            {test_server,
                                                             run_test_case_eval,
                                                             1223}]
=== *** FAILED test case 1591 of 1598 ***
=case          ejabberd_SUITE:test_auth_starttls
=logfile       ejabberd_suite.test_auth_starttls.12389.html
=started       2024-08-23 19:06:55
=ended         2024-08-23 19:06:55
=result        failed: {test_case_failed,starttls_failed}, [{ejabberd_SUITE,
                                                             test_auth_starttls,
                                                             865},
                                                            {test_server,
                                                             ts_tc,1782},
                                                            {test_server,
                                                             run_test_case_eval1,
                                                             1291},
                                                            {test_server,
                                                             run_test_case_eval,
                                                             1223}]
=== *** FAILED test case 1592 of 1598 ***
=case          ejabberd_SUITE:end_per_group
=logfile       ejabberd_suite.end_per_group.68034.html
=group_props   [{name,s2s_connect},parallel]
=started       2024-08-23 19:06:55
=ended         2024-08-23 19:06:55
=result        ok
=elapsed       4.0e-6
=group_time    0.095s
=case          ejabberd_SUITE:init_per_group
=logfile       ejabberd_suite.init_per_group.68066.html
=group_props   [{name,s2s_tests},sequence]
=started       2024-08-23 19:06:55
=ended         2024-08-23 19:06:55
=result        ok
=elapsed       4.0e-6
=case          ejabberd_SUITE:test_missing_from
=logfile       ejabberd_suite.test_missing_from.68098.html
=started       2024-08-23 19:06:55
=== ERROR! init_per_testcase crashed!
	Location: [{ejabberd_SUITE,init_per_testcase,335},
                   {test_server,do_init_per_testcase,1552},
                   {test_server,run_test_case_eval1,1253},
                   {test_server,run_test_case_eval,1223}]
	Reason: {{test_case_failed,starttls_failed},
                 [{ejabberd_SUITE,init_per_testcase,2,
                      [{file,
                           "/home/runner/work/ejabberd/ejabberd/test/ejabberd_SUITE.erl"},
                       {line,335}]},
                  {test_server,do_init_per_testcase,2,
                      [{file,"test_server.erl"},{line,1552}]},
                  {test_server,run_test_case_eval1,6,
                      [{file,"test_server.erl"},{line,1253}]},
                  {test_server,run_test_case_eval,9,
                      [{file,"test_server.erl"},{line,1223}]}]}

=ended         2024-08-23 19:06:55
=result        auto_skipped: {failed,
                              {ejabberd_SUITE,init_per_testcase,
                               {{test_case_failed,starttls_failed},
                                [{ejabberd_SUITE,init_per_testcase,2,
                                  [{file,
                                    "/home/runner/work/ejabberd/ejabberd/test/ejabberd_SUITE.erl"},
                                   {line,335}]},
                                 {test_server,do_init_per_testcase,2,
                                  [{file,"test_server.erl"},{line,1552}]},
                                 {test_server,run_test_case_eval1,6,
                                  [{file,"test_server.erl"},{line,1253}]},
                                 {test_server,run_test_case_eval,9,
                                  [{file,"test_server.erl"},{line,1223}]}]}}}
=== *** SKIPPED test case 1593 of 1598 ***
=case          ejabberd_SUITE:test_missing_to
=logfile       ejabberd_suite.test_missing_to.57507.html
=started       2024-08-23 19:06:55
=== ERROR! init_per_testcase crashed!
	Location: [{ejabberd_SUITE,init_per_testcase,335},
                   {test_server,do_init_per_testcase,1552},
                   {test_server,run_test_case_eval1,1253},
                   {test_server,run_test_case_eval,1223}]
	Reason: {{test_case_failed,starttls_failed},
                 [{ejabberd_SUITE,init_per_testcase,2,
                      [{file,
                           "/home/runner/work/ejabberd/ejabberd/test/ejabberd_SUITE.erl"},
                       {line,335}]},
                  {test_server,do_init_per_testcase,2,
                      [{file,"test_server.erl"},{line,1552}]},
                  {test_server,run_test_case_eval1,6,
                      [{file,"test_server.erl"},{line,1253}]},
                  {test_server,run_test_case_eval,9,
                      [{file,"test_server.erl"},{line,1223}]}]}

=ended         2024-08-23 19:06:55
=result        auto_skipped: {failed,
                              {ejabberd_SUITE,init_per_testcase,
                               {{test_case_failed,starttls_failed},
                                [{ejabberd_SUITE,init_per_testcase,2,
                                  [{file,
                                    "/home/runner/work/ejabberd/ejabberd/test/ejabberd_SUITE.erl"},
                                   {line,335}]},
                                 {test_server,do_init_per_testcase,2,
                                  [{file,"test_server.erl"},{line,1552}]},
                                 {test_server,run_test_case_eval1,6,
                                  [{file,"test_server.erl"},{line,1253}]},
                                 {test_server,run_test_case_eval,9,
                                  [{file,"test_server.erl"},{line,1223}]}]}}}
=== *** SKIPPED test case 1594 of 1598 ***
=case          ejabberd_SUITE:test_invalid_from
=logfile       ejabberd_suite.test_invalid_from.57571.html
=started       2024-08-23 19:06:55
=== ERROR! init_per_testcase crashed!
	Location: [{ejabberd_SUITE,init_per_testcase,335},
                   {test_server,do_init_per_testcase,1552},
                   {test_server,run_test_case_eval1,1253},
                   {test_server,run_test_case_eval,1223}]
	Reason: {{test_case_failed,starttls_failed},
                 [{ejabberd_SUITE,init_per_testcase,2,
                      [{file,
                           "/home/runner/work/ejabberd/ejabberd/test/ejabberd_SUITE.erl"},
                       {line,335}]},
                  {test_server,do_init_per_testcase,2,
                      [{file,"test_server.erl"},{line,1552}]},
                  {test_server,run_test_case_eval1,6,
                      [{file,"test_server.erl"},{line,1253}]},
                  {test_server,run_test_case_eval,9,
                      [{file,"test_server.erl"},{line,1223}]}]}

=ended         2024-08-23 19:06:55
=result        auto_skipped: {failed,
                              {ejabberd_SUITE,init_per_testcase,
                               {{test_case_failed,starttls_failed},
                                [{ejabberd_SUITE,init_per_testcase,2,
                                  [{file,
                                    "/home/runner/work/ejabberd/ejabberd/test/ejabberd_SUITE.erl"},
                                   {line,335}]},
                                 {test_server,do_init_per_testcase,2,
                                  [{file,"test_server.erl"},{line,1552}]},
                                 {test_server,run_test_case_eval1,6,
                                  [{file,"test_server.erl"},{line,1253}]},
                                 {test_server,run_test_case_eval,9,
                                  [{file,"test_server.erl"},{line,1223}]}]}}}
=== *** SKIPPED test case 1595 of 1598 ***
=case          ejabberd_SUITE:bad_nonza
=logfile       ejabberd_suite.bad_nonza.57603.html
=started       2024-08-23 19:06:55
=== ERROR! init_per_testcase crashed!
	Location: [{ejabberd_SUITE,init_per_testcase,335},
                   {test_server,do_init_per_testcase,1552},
                   {test_server,run_test_case_eval1,1253},
                   {test_server,run_test_case_eval,1223}]
	Reason: {{test_case_failed,starttls_failed},
                 [{ejabberd_SUITE,init_per_testcase,2,
                      [{file,
                           "/home/runner/work/ejabberd/ejabberd/test/ejabberd_SUITE.erl"},
                       {line,335}]},
                  {test_server,do_init_per_testcase,2,
                      [{file,"test_server.erl"},{line,1552}]},
                  {test_server,run_test_case_eval1,6,
                      [{file,"test_server.erl"},{line,1253}]},
                  {test_server,run_test_case_eval,9,
                      [{file,"test_server.erl"},{line,1223}]}]}

=ended         2024-08-23 19:06:55
=result        auto_skipped: {failed,
                              {ejabberd_SUITE,init_per_testcase,
                               {{test_case_failed,starttls_failed},
                                [{ejabberd_SUITE,init_per_testcase,2,
                                  [{file,
                                    "/home/runner/work/ejabberd/ejabberd/test/ejabberd_SUITE.erl"},
                                   {line,335}]},
                                 {test_server,do_init_per_testcase,2,
                                  [{file,"test_server.erl"},{line,1552}]},
                                 {test_server,run_test_case_eval1,6,
                                  [{file,"test_server.erl"},{line,1253}]},
                                 {test_server,run_test_case_eval,9,
                                  [{file,"test_server.erl"},{line,1223}]}]}}}
=== *** SKIPPED test case 1596 of 1598 ***
=case          ejabberd_SUITE:codec_failure
=logfile       ejabberd_suite.codec_failure.57667.html
=started       2024-08-23 19:06:55
=== ERROR! init_per_testcase crashed!
	Location: [{ejabberd_SUITE,init_per_testcase,335},
                   {test_server,do_init_per_testcase,1552},
                   {test_server,run_test_case_eval1,1253},
                   {test_server,run_test_case_eval,1223}]
	Reason: {{test_case_failed,starttls_failed},
                 [{ejabberd_SUITE,init_per_testcase,2,
                      [{file,
                           "/home/runner/work/ejabberd/ejabberd/test/ejabberd_SUITE.erl"},
                       {line,335}]},
                  {test_server,do_init_per_testcase,2,
                      [{file,"test_server.erl"},{line,1552}]},
                  {test_server,run_test_case_eval1,6,
                      [{file,"test_server.erl"},{line,1253}]},
                  {test_server,run_test_case_eval,9,
                      [{file,"test_server.erl"},{line,1223}]}]}

=ended         2024-08-23 19:06:55
=result        auto_skipped: {failed,
                              {ejabberd_SUITE,init_per_testcase,
                               {{test_case_failed,starttls_failed},
                                [{ejabberd_SUITE,init_per_testcase,2,
                                  [{file,
                                    "/home/runner/work/ejabberd/ejabberd/test/ejabberd_SUITE.erl"},
                                   {line,335}]},
                                 {test_server,do_init_per_testcase,2,
                                  [{file,"test_server.erl"},{line,1552}]},
                                 {test_server,run_test_case_eval1,6,
                                  [{file,"test_server.erl"},{line,1253}]},
                                 {test_server,run_test_case_eval,9,
                                  [{file,"test_server.erl"},{line,1223}]}]}}}
=== *** SKIPPED test case 1597 of 1598 ***
=case          ejabberd_SUITE:end_per_group
=logfile       ejabberd_suite.end_per_group.57699.html
=group_props   [{name,s2s_tests},sequence]
=started       2024-08-23 19:06:55
=ended         2024-08-23 19:06:55
=result        ok
=elapsed       1.2e-5
=group_time    0.175s
=case          ejabberd_SUITE:end_per_group
=logfile       ejabberd_suite.end_per_group.57731.html
=group_props   [{name,s2s},sequence]
=started       2024-08-23 19:06:55
=ended         2024-08-23 19:06:55
=result        ok
=elapsed       7.0e-6
=group_time    0.346s
=case          ejabberd_SUITE:stop_ejabberd
=logfile       ejabberd_suite.stop_ejabberd.html
=started       2024-08-23 19:06:55
=ended         2024-08-23 19:06:55
=result        ok
=elapsed       0.043049
=case          ejabberd_SUITE:end_per_suite
=logfile       ejabberd_suite.end_per_suite.html
=started       2024-08-23 19:06:55
=ended         2024-08-23 19:06:55
=result        ok
=elapsed       8.0e-6
=group_time    502.291s
=== TEST COMPLETE, 1228 ok, 6 failed, 364 skipped of 1598 test cases

=finished      2024-08-23 19:06:55
=failed        6
=successful    1228
=user_skipped  233
=auto_skipped  131
