=== Suite started at 2024-12-18 20:43:21
=== Starting test, 1598 test cases
=cases         1598
=user          runner
=host          878-weiss-master-eaebfc7
=hosts         878-weiss-master-eaebfc7 
=emulator_vsn  15.2
=emulator      beam
=otp_release   27
=started       2024-12-18 20:43:21
=case          ejabberd_SUITE:init_per_suite
=logfile       ejabberd_suite.init_per_suite.html
=started       2024-12-18 20:43:21
=ended         2024-12-18 20:43:24
=result        ok
=elapsed       2.833577s
=case          ejabberd_SUITE:init_per_group
=logfile       ejabberd_suite.init_per_group.html
=group_props   [{name,ldap},sequence]
=started       2024-12-18 20:43:24
=ended         2024-12-18 20:43:24
=result        ok
=elapsed       0.000002s
=case          ejabberd_SUITE:init_per_group
=logfile       ejabberd_suite.init_per_group.1922.html
=group_props   [{name,ldap_tests},sequence]
=started       2024-12-18 20:43:24
=ended         2024-12-18 20:43:24
=result        ok
=elapsed       0.000005s
=case          ejabberd_SUITE:test_auth
=logfile       ejabberd_suite.test_auth.html
=started       2024-12-18 20:43:24
=ended         2024-12-18 20:43:24
=result        ok
=elapsed       0.068705s
=case          ejabberd_SUITE:test_auth_fail
=logfile       ejabberd_suite.test_auth_fail.html
=started       2024-12-18 20:43:24
=ended         2024-12-18 20:43:24
=result        ok
=elapsed       0.027690s
=case          ejabberd_SUITE:vcard_get
=logfile       ejabberd_suite.vcard_get.html
=started       2024-12-18 20:43:24
=ended         2024-12-18 20:43:25
=result        ok
=elapsed       0.202515s
=case          ejabberd_SUITE:ldap_shared_roster_get
=logfile       ejabberd_suite.ldap_shared_roster_get.html
=started       2024-12-18 20:43:25
=ended         2024-12-18 20:43:25
=result        ok
=elapsed       0.123535s
=case          ejabberd_SUITE:end_per_group
=logfile       ejabberd_suite.end_per_group.html
=group_props   [{name,ldap_tests},sequence]
=started       2024-12-18 20:43:25
=ended         2024-12-18 20:43:25
=result        ok
=elapsed       0.000007s
=group_time    0.921s
=case          ejabberd_SUITE:end_per_group
=logfile       ejabberd_suite.end_per_group.517.html
=group_props   [{name,ldap},sequence]
=started       2024-12-18 20:43:25
=ended         2024-12-18 20:43:25
=result        ok
=elapsed       0.000001s
=group_time    1.001s
=case          ejabberd_SUITE:init_per_group
=logfile       ejabberd_suite.init_per_group.549.html
=group_props   [{name,no_db},sequence]
=started       2024-12-18 20:43:25
=ended         2024-12-18 20:43:25
=result        ok
=elapsed       0.000581s
=case          ejabberd_SUITE:init_per_group
=logfile       ejabberd_suite.init_per_group.581.html
=group_props   [{name,anonymous},parallel]
=started       2024-12-18 20:43:25
=ended         2024-12-18 20:43:25
=result        ok
=elapsed       0.000005s
=case          ejabberd_SUITE:test_connect_bad_xml
=logfile       ejabberd_suite.test_connect_bad_xml.2628.html
=started       2024-12-18 20:43:25
=ended         2024-12-18 20:43:25
=result        ok
=elapsed       0.007337s
=case          ejabberd_SUITE:test_connect_unexpected_xml
=logfile       ejabberd_suite.test_connect_unexpected_xml.1954.html
=started       2024-12-18 20:43:25
=ended         2024-12-18 20:43:25
=result        ok
=elapsed       0.068917s
=case          ejabberd_SUITE:test_connect_unknown_ns
=logfile       ejabberd_suite.test_connect_unknown_ns.1986.html
=started       2024-12-18 20:43:25
=ended         2024-12-18 20:43:25
=result        ok
=elapsed       0.077927s
=case          ejabberd_SUITE:test_connect_bad_xmlns
=logfile       ejabberd_suite.test_connect_bad_xmlns.2018.html
=started       2024-12-18 20:43:25
=ended         2024-12-18 20:43:25
=result        ok
=elapsed       0.002070s
=case          ejabberd_SUITE:test_connect_bad_ns_stream
=logfile       ejabberd_suite.test_connect_bad_ns_stream.2050.html
=started       2024-12-18 20:43:25
=ended         2024-12-18 20:43:25
=result        ok
=elapsed       0.003170s
=case          ejabberd_SUITE:test_connect_bad_lang
=logfile       ejabberd_suite.test_connect_bad_lang.2082.html
=started       2024-12-18 20:43:25
=ended         2024-12-18 20:43:25
=result        ok
=elapsed       0.014119s
=case          ejabberd_SUITE:test_connect_bad_to
=logfile       ejabberd_suite.test_connect_bad_to.2114.html
=started       2024-12-18 20:43:25
=ended         2024-12-18 20:43:25
=result        ok
=elapsed       0.001771s
=case          ejabberd_SUITE:test_connect_missing_to
=logfile       ejabberd_suite.test_connect_missing_to.2146.html
=started       2024-12-18 20:43:25
=ended         2024-12-18 20:43:25
=result        ok
=elapsed       0.003436s
=case          ejabberd_SUITE:test_connect
=logfile       ejabberd_suite.test_connect.1347.html
=started       2024-12-18 20:43:25
=ended         2024-12-18 20:43:25
=result        ok
=elapsed       0.004649s
=case          ejabberd_SUITE:unauthenticated_iq
=logfile       ejabberd_suite.unauthenticated_iq.1379.html
=started       2024-12-18 20:43:25
=ended         2024-12-18 20:43:25
=result        ok
=elapsed       0.000937s
=case          ejabberd_SUITE:unauthenticated_message
=logfile       ejabberd_suite.unauthenticated_message.1411.html
=started       2024-12-18 20:43:25
=ended         2024-12-18 20:43:25
=result        ok
=elapsed       0.000966s
=case          ejabberd_SUITE:unauthenticated_presence
=logfile       ejabberd_suite.unauthenticated_presence.1443.html
=started       2024-12-18 20:43:25
=ended         2024-12-18 20:43:25
=result        ok
=elapsed       0.001794s
=case          ejabberd_SUITE:test_starttls
=logfile       ejabberd_suite.test_starttls.1475.html
=started       2024-12-18 20:43:25
=ended         2024-12-18 20:43:25
=result        ok
=elapsed       0.035404s
=case          ejabberd_SUITE:test_auth
=logfile       ejabberd_suite.test_auth.1507.html
=started       2024-12-18 20:43:25
=ended         2024-12-18 20:43:25
=result        ok
=elapsed       0.072877s
=case          ejabberd_SUITE:test_zlib
=logfile       ejabberd_suite.test_zlib.1539.html
=started       2024-12-18 20:43:25
=ended         2024-12-18 20:43:25
=result        ok
=elapsed       0.007340s
=case          ejabberd_SUITE:test_bind
=logfile       ejabberd_suite.test_bind.1571.html
=started       2024-12-18 20:43:25
=ended         2024-12-18 20:43:25
=result        ok
=elapsed       0.107077s
=case          ejabberd_SUITE:test_open_session
=logfile       ejabberd_suite.test_open_session.1603.html
=started       2024-12-18 20:43:25
=ended         2024-12-18 20:43:25
=result        ok
=elapsed       0.107416s
=case          ejabberd_SUITE:codec_failure
=logfile       ejabberd_suite.codec_failure.1635.html
=started       2024-12-18 20:43:25
=ended         2024-12-18 20:43:25
=result        ok
=elapsed       0.118178s
=case          ejabberd_SUITE:unsupported_query
=logfile       ejabberd_suite.unsupported_query.2660.html
=started       2024-12-18 20:43:25
=ended         2024-12-18 20:43:25
=result        ok
=elapsed       0.196140s
=case          ejabberd_SUITE:bad_nonza
=logfile       ejabberd_suite.bad_nonza.2178.html
=started       2024-12-18 20:43:25
=ended         2024-12-18 20:43:25
=result        ok
=elapsed       0.146574s
=case          ejabberd_SUITE:invalid_from
=logfile       ejabberd_suite.invalid_from.2210.html
=started       2024-12-18 20:43:25
=ended         2024-12-18 20:43:25
=result        ok
=elapsed       0.106275s
=case          ejabberd_SUITE:ping
=logfile       ejabberd_suite.ping.2242.html
=started       2024-12-18 20:43:25
=ended         2024-12-18 20:43:25
=result        ok
=elapsed       0.197964s
=case          ejabberd_SUITE:version
=logfile       ejabberd_suite.version.2274.html
=started       2024-12-18 20:43:25
=ended         2024-12-18 20:43:25
=result        ok
=elapsed       0.193797s
=case          ejabberd_SUITE:time
=logfile       ejabberd_suite.time.2338.html
=started       2024-12-18 20:43:25
=ended         2024-12-18 20:43:25
=result        ok
=elapsed       0.244314s
=case          ejabberd_SUITE:stats
=logfile       ejabberd_suite.stats.2306.html
=started       2024-12-18 20:43:25
=ended         2024-12-18 20:43:25
=result        ok
=elapsed       0.293356s
=case          ejabberd_SUITE:disco
=logfile       ejabberd_suite.disco.2370.html
=started       2024-12-18 20:43:25
=ended         2024-12-18 20:43:25
=result        ok
=elapsed       0.173841s
=case          ejabberd_SUITE:end_per_group
=logfile       ejabberd_suite.end_per_group.3236.html
=group_props   [{name,anonymous},parallel]
=started       2024-12-18 20:43:25
=ended         2024-12-18 20:43:25
=result        ok
=elapsed       0.000003s
=group_time    0.643s
=case          ejabberd_SUITE:init_per_group
=logfile       ejabberd_suite.init_per_group.1381.html
=group_props   [{name,presence_and_s2s},sequence]
=started       2024-12-18 20:43:25
=ended         2024-12-18 20:43:25
=result        ok
=elapsed       0.000004s
=case          ejabberd_SUITE:test_auth_fail
=logfile       ejabberd_suite.test_auth_fail.2115.html
=started       2024-12-18 20:43:25
=ended         2024-12-18 20:43:25
=result        ok
=elapsed       0.001027s
=case          ejabberd_SUITE:presence
=logfile       ejabberd_suite.presence.html
=started       2024-12-18 20:43:25
=ended         2024-12-18 20:43:26
=result        ok
=elapsed       0.101461s
=case          ejabberd_SUITE:s2s_dialback
=logfile       ejabberd_suite.s2s_dialback.html
=started       2024-12-18 20:43:26
=ended         2024-12-18 20:43:26
=result        ok
=elapsed       0.148280s
=case          ejabberd_SUITE:s2s_optional
=logfile       ejabberd_suite.s2s_optional.html
=started       2024-12-18 20:43:26
=ended         2024-12-18 20:43:26
=result        ok
=elapsed       0.160891s
=case          ejabberd_SUITE:s2s_required
=logfile       ejabberd_suite.s2s_required.html
=started       2024-12-18 20:43:26
=ended         2024-12-18 20:43:26
=result        ok
=elapsed       0.126542s
=case          ejabberd_SUITE:end_per_group
=logfile       ejabberd_suite.end_per_group.2339.html
=group_props   [{name,presence_and_s2s},sequence]
=started       2024-12-18 20:43:26
=ended         2024-12-18 20:43:26
=result        ok
=elapsed       0.000009s
=group_time    0.714s
=case          ejabberd_SUITE:auth_external
=logfile       ejabberd_suite.auth_external.html
=started       2024-12-18 20:43:26
=ended         2024-12-18 20:43:26
=result        ok
=elapsed       0.006221s
=case          ejabberd_SUITE:auth_external_no_jid
=logfile       ejabberd_suite.auth_external_no_jid.html
=started       2024-12-18 20:43:26
=ended         2024-12-18 20:43:26
=result        ok
=elapsed       0.005594s
=case          ejabberd_SUITE:auth_external_no_user
=logfile       ejabberd_suite.auth_external_no_user.html
=started       2024-12-18 20:43:26
=ended         2024-12-18 20:43:26
=result        ok
=elapsed       0.005531s
=case          ejabberd_SUITE:auth_external_malformed_jid
=logfile       ejabberd_suite.auth_external_malformed_jid.html
=started       2024-12-18 20:43:26
=ended         2024-12-18 20:43:26
=result        ok
=elapsed       0.004734s
=case          ejabberd_SUITE:auth_external_wrong_jid
=logfile       ejabberd_suite.auth_external_wrong_jid.html
=started       2024-12-18 20:43:26
=ended         2024-12-18 20:43:26
=result        ok
=elapsed       0.004468s
=case          ejabberd_SUITE:auth_external_wrong_server
=logfile       ejabberd_suite.auth_external_wrong_server.html
=started       2024-12-18 20:43:26
=ended         2024-12-18 20:43:26
=result        ok
=elapsed       0.004604s
=case          ejabberd_SUITE:auth_external_invalid_cert
=logfile       ejabberd_suite.auth_external_invalid_cert.html
=started       2024-12-18 20:43:26
=ended         2024-12-18 20:43:26
=result        ok
=elapsed       0.005302s
=case          ejabberd_SUITE:init_per_group
=logfile       ejabberd_suite.init_per_group.2403.html
=group_props   [{name,commands_single},sequence]
=started       2024-12-18 20:43:26
=ended         2024-12-18 20:43:26
=result        ok
=elapsed       0.000003s
=case          ejabberd_SUITE:commands_setup
=logfile       ejabberd_suite.commands_setup.html
=started       2024-12-18 20:43:26
=ended         2024-12-18 20:43:27
=result        ok
=elapsed       0.756852s
=case          ejabberd_SUITE:commands_ejabberdctl
=logfile       ejabberd_suite.commands_ejabberdctl.html
=started       2024-12-18 20:43:27
=ended         2024-12-18 20:43:27
=result        ok
=elapsed       0.008057s
=case          ejabberd_SUITE:commands_http_integer
=logfile       ejabberd_suite.commands_http_integer.html
=started       2024-12-18 20:43:27
=ended         2024-12-18 20:43:27
=result        ok
=elapsed       0.011785s
=case          ejabberd_SUITE:commands_http_string
=logfile       ejabberd_suite.commands_http_string.html
=started       2024-12-18 20:43:27
=ended         2024-12-18 20:43:27
=result        ok
=elapsed       0.001336s
=case          ejabberd_SUITE:commands_http_binary
=logfile       ejabberd_suite.commands_http_binary.html
=started       2024-12-18 20:43:27
=ended         2024-12-18 20:43:27
=result        ok
=elapsed       0.000737s
=case          ejabberd_SUITE:commands_http_atom
=logfile       ejabberd_suite.commands_http_atom.html
=started       2024-12-18 20:43:27
=ended         2024-12-18 20:43:27
=result        ok
=elapsed       0.001243s
=case          ejabberd_SUITE:commands_http_rescode
=logfile       ejabberd_suite.commands_http_rescode.html
=started       2024-12-18 20:43:27
=ended         2024-12-18 20:43:27
=result        ok
=elapsed       0.002303s
=case          ejabberd_SUITE:commands_http_restuple
=logfile       ejabberd_suite.commands_http_restuple.html
=started       2024-12-18 20:43:27
=ended         2024-12-18 20:43:27
=result        ok
=elapsed       0.045524s
=case          ejabberd_SUITE:commands_http_list
=logfile       ejabberd_suite.commands_http_list.html
=started       2024-12-18 20:43:27
=ended         2024-12-18 20:43:28
=result        ok
=elapsed       0.001420s
=case          ejabberd_SUITE:commands_http_tuple
=logfile       ejabberd_suite.commands_http_tuple.html
=started       2024-12-18 20:43:28
=ended         2024-12-18 20:43:28
=result        ok
=elapsed       0.001540s
=case          ejabberd_SUITE:commands_http_list_tuple
=logfile       ejabberd_suite.commands_http_list_tuple.html
=started       2024-12-18 20:43:28
=ended         2024-12-18 20:43:28
=result        ok
=elapsed       0.001672s
=case          ejabberd_SUITE:commands_http_list_tuple_map
=logfile       ejabberd_suite.commands_http_list_tuple_map.html
=started       2024-12-18 20:43:28
=ended         2024-12-18 20:43:28
=result        ok
=elapsed       0.000854s
=case          ejabberd_SUITE:end_per_group
=logfile       ejabberd_suite.end_per_group.2819.html
=group_props   [{name,commands_single},sequence]
=started       2024-12-18 20:43:28
=ended         2024-12-18 20:43:28
=result        ok
=elapsed       0.000003s
=group_time    1.200s
=case          ejabberd_SUITE:init_per_group
=logfile       ejabberd_suite.init_per_group.2851.html
=group_props   [{name,jidprep_single},sequence]
=started       2024-12-18 20:43:28
=ended         2024-12-18 20:43:28
=result        ok
=elapsed       0.000004s
=case          ejabberd_SUITE:jidprep_feature_enabled
=logfile       ejabberd_suite.jidprep_feature_enabled.html
=started       2024-12-18 20:43:28
=ended         2024-12-18 20:43:28
=result        ok
=elapsed       0.101983s
=case          ejabberd_SUITE:jidprep_normalize_jid
=logfile       ejabberd_suite.jidprep_normalize_jid.html
=started       2024-12-18 20:43:28
=ended         2024-12-18 20:43:28
=result        ok
=elapsed       0.105534s
=case          ejabberd_SUITE:end_per_group
=logfile       ejabberd_suite.end_per_group.2947.html
=group_props   [{name,jidprep_single},sequence]
=started       2024-12-18 20:43:28
=ended         2024-12-18 20:43:28
=result        ok
=elapsed       0.000004s
=group_time    0.294s
=case          ejabberd_SUITE:init_per_group
=logfile       ejabberd_suite.init_per_group.2979.html
=group_props   [{name,sm_single},sequence]
=started       2024-12-18 20:43:28
=ended         2024-12-18 20:43:28
=result        ok
=elapsed       0.000025s
=case          ejabberd_SUITE:sm_feature_enabled
=logfile       ejabberd_suite.sm_feature_enabled.html
=started       2024-12-18 20:43:28
=ended         2024-12-18 20:43:28
=result        ok
=elapsed       0.100936s
=case          ejabberd_SUITE:sm_enable
=logfile       ejabberd_suite.sm_enable.html
=started       2024-12-18 20:43:28
=ended         2024-12-18 20:43:28
=result        ok
=elapsed       0.044459s
=case          ejabberd_SUITE:sm_resume
=logfile       ejabberd_suite.sm_resume.html
=started       2024-12-18 20:43:28
=ended         2024-12-18 20:43:28
=result        ok
=elapsed       0.062503s
=case          ejabberd_SUITE:sm_resume_failed
=logfile       ejabberd_suite.sm_resume_failed.html
=started       2024-12-18 20:43:28
=ended         2024-12-18 20:43:33
=result        ok
=elapsed       5.001699s
=case          ejabberd_SUITE:end_per_group
=logfile       ejabberd_suite.end_per_group.3139.html
=group_props   [{name,sm_single},sequence]
=started       2024-12-18 20:43:33
=ended         2024-12-18 20:43:33
=result        ok
=elapsed       0.000004s
=group_time    5.356s
=case          ejabberd_SUITE:init_per_group
=logfile       ejabberd_suite.init_per_group.3171.html
=group_props   [{name,sm_master_slave},sequence]
=started       2024-12-18 20:43:33
=ended         2024-12-18 20:43:33
=result        ok
=elapsed       0.000004s
=case          ejabberd_SUITE:init_per_group
=logfile       ejabberd_suite.init_per_group.3203.html
=group_props   [{name,sm_queue_limit},parallel]
=started       2024-12-18 20:43:33
=ended         2024-12-18 20:43:33
=result        ok
=elapsed       0.000003s
=case          ejabberd_SUITE:sm_queue_limit_master
=logfile       ejabberd_suite.sm_queue_limit_master.3586.html
=started       2024-12-18 20:43:33
=ended         2024-12-18 20:43:34
=result        ok
=elapsed       0.249072s
=case          ejabberd_SUITE:sm_queue_limit_slave
=logfile       ejabberd_suite.sm_queue_limit_slave.3618.html
=started       2024-12-18 20:43:33
=ended         2024-12-18 20:43:34
=result        ok
=elapsed       0.146757s
=case          ejabberd_SUITE:end_per_group
=logfile       ejabberd_suite.end_per_group.3682.html
=group_props   [{name,sm_queue_limit},parallel]
=started       2024-12-18 20:43:34
=ended         2024-12-18 20:43:34
=result        ok
=elapsed       0.000003s
=group_time    0.308s
=case          ejabberd_SUITE:init_per_group
=logfile       ejabberd_suite.init_per_group.3714.html
=group_props   [{name,sm_queue_limit_detached},parallel]
=started       2024-12-18 20:43:34
=ended         2024-12-18 20:43:34
=result        ok
=elapsed       0.000003s
=case          ejabberd_SUITE:sm_queue_limit_detached_master
=logfile       ejabberd_suite.sm_queue_limit_detached_master.3331.html
=started       2024-12-18 20:43:34
=ended         2024-12-18 20:43:34
=result        ok
=elapsed       0.147970s
=case          ejabberd_SUITE:sm_queue_limit_detached_slave
=logfile       ejabberd_suite.sm_queue_limit_detached_slave.3363.html
=started       2024-12-18 20:43:34
=ended         2024-12-18 20:43:34
=result        ok
=elapsed       0.001275s
=case          ejabberd_SUITE:end_per_group
=logfile       ejabberd_suite.end_per_group.3427.html
=group_props   [{name,sm_queue_limit_detached},parallel]
=started       2024-12-18 20:43:34
=ended         2024-12-18 20:43:34
=result        ok
=elapsed       0.000003s
=group_time    0.208s
=case          ejabberd_SUITE:end_per_group
=logfile       ejabberd_suite.end_per_group.3459.html
=group_props   [{name,sm_master_slave},sequence]
=started       2024-12-18 20:43:34
=ended         2024-12-18 20:43:34
=result        ok
=elapsed       0.000004s
=group_time    0.592s
=case          ejabberd_SUITE:init_per_group
=logfile       ejabberd_suite.init_per_group.3491.html
=group_props   [{name,muc_single},sequence]
=started       2024-12-18 20:43:34
=ended         2024-12-18 20:43:34
=result        ok
=elapsed       0.000003s
=case          ejabberd_SUITE:muc_service_presence_error
=logfile       ejabberd_suite.muc_service_presence_error.html
=started       2024-12-18 20:43:34
=ended         2024-12-18 20:43:34
=result        ok
=elapsed       0.187944s
=case          ejabberd_SUITE:muc_service_message_error
=logfile       ejabberd_suite.muc_service_message_error.html
=started       2024-12-18 20:43:34
=ended         2024-12-18 20:43:34
=result        ok
=elapsed       0.203071s
=case          ejabberd_SUITE:muc_service_unknown_ns_iq_error
=logfile       ejabberd_suite.muc_service_unknown_ns_iq_error.html
=started       2024-12-18 20:43:34
=ended         2024-12-18 20:43:35
=result        ok
=elapsed       0.188509s
=case          ejabberd_SUITE:muc_service_iq_set_error
=logfile       ejabberd_suite.muc_service_iq_set_error.html
=started       2024-12-18 20:43:35
=ended         2024-12-18 20:43:35
=result        ok
=elapsed       0.325825s
=case          ejabberd_SUITE:muc_service_improper_iq_error
=logfile       ejabberd_suite.muc_service_improper_iq_error.html
=started       2024-12-18 20:43:35
=ended         2024-12-18 20:43:35
=result        ok
=elapsed       0.281520s
=case          ejabberd_SUITE:muc_service_features
=logfile       ejabberd_suite.muc_service_features.html
=started       2024-12-18 20:43:35
=ended         2024-12-18 20:43:35
=result        ok
=elapsed       0.101796s
=case          ejabberd_SUITE:muc_service_disco_info_node_error
=logfile       ejabberd_suite.muc_service_disco_info_node_error.html
=started       2024-12-18 20:43:35
=ended         2024-12-18 20:43:36
=result        ok
=elapsed       0.101982s
=case          ejabberd_SUITE:muc_service_disco_items
=logfile       ejabberd_suite.muc_service_disco_items.html
=started       2024-12-18 20:43:36
=ended         2024-12-18 20:43:36
=result        ok
=elapsed       0.119558s
=case          ejabberd_SUITE:muc_service_unique
=logfile       ejabberd_suite.muc_service_unique.html
=started       2024-12-18 20:43:36
=ended         2024-12-18 20:43:36
=result        ok
=elapsed       0.101552s
=case          ejabberd_SUITE:muc_service_vcard
=logfile       ejabberd_suite.muc_service_vcard.html
=started       2024-12-18 20:43:36
=ended         2024-12-18 20:43:36
=result        ok
=elapsed       0.102621s
=case          ejabberd_SUITE:muc_configure_non_existent
=logfile       ejabberd_suite.muc_configure_non_existent.html
=started       2024-12-18 20:43:36
=ended         2024-12-18 20:43:36
=result        ok
=elapsed       0.109207s
=case          ejabberd_SUITE:muc_cancel_configure_non_existent
=logfile       ejabberd_suite.muc_cancel_configure_non_existent.html
=started       2024-12-18 20:43:36
=ended         2024-12-18 20:43:36
=result        ok
=elapsed       0.102982s
=case          ejabberd_SUITE:muc_service_subscriptions
=logfile       ejabberd_suite.muc_service_subscriptions.html
=started       2024-12-18 20:43:36
=ended         2024-12-18 20:43:36
=result        ok
=elapsed       0.126562s
=case          ejabberd_SUITE:muc_set_room_affiliation
=logfile       ejabberd_suite.muc_set_room_affiliation.html
=started       2024-12-18 20:43:36
=ended         2024-12-18 20:43:37
=result        ok
=elapsed       0.106177s
=case          ejabberd_SUITE:end_per_group
=logfile       ejabberd_suite.end_per_group.4163.html
=group_props   [{name,muc_single},sequence]
=started       2024-12-18 20:43:37
=ended         2024-12-18 20:43:37
=result        ok
=elapsed       0.000004s
=group_time    2.611s
=case          ejabberd_SUITE:init_per_group
=logfile       ejabberd_suite.init_per_group.4195.html
=group_props   [{name,muc_master_slave},sequence]
=started       2024-12-18 20:43:37
=ended         2024-12-18 20:43:37
=result        ok
=elapsed       0.000003s
=case          ejabberd_SUITE:init_per_group
=logfile       ejabberd_suite.init_per_group.4227.html
=group_props   [{name,muc_register},parallel]
=started       2024-12-18 20:43:37
=ended         2024-12-18 20:43:37
=result        ok
=elapsed       0.000003s
=case          ejabberd_SUITE:muc_register_master
=logfile       ejabberd_suite.muc_register_master.4068.html
=started       2024-12-18 20:43:37
=ended         2024-12-18 20:43:37
=result        ok
=elapsed       0.116373s
=case          ejabberd_SUITE:muc_register_slave
=logfile       ejabberd_suite.muc_register_slave.4259.html
=started       2024-12-18 20:43:37
=ended         2024-12-18 20:43:37
=result        ok
=elapsed       0.113681s
=case          ejabberd_SUITE:end_per_group
=logfile       ejabberd_suite.end_per_group.4323.html
=group_props   [{name,muc_register},parallel]
=started       2024-12-18 20:43:37
=ended         2024-12-18 20:43:37
=result        ok
=elapsed       0.000003s
=group_time    0.173s
=case          ejabberd_SUITE:init_per_group
=logfile       ejabberd_suite.init_per_group.4355.html
=group_props   [{name,muc_groupchat_msg},parallel]
=started       2024-12-18 20:43:37
=ended         2024-12-18 20:43:37
=result        ok
=elapsed       0.000003s
=case          ejabberd_SUITE:muc_groupchat_msg_master
=logfile       ejabberd_suite.muc_groupchat_msg_master.4387.html
=started       2024-12-18 20:43:37
=ended         2024-12-18 20:43:37
=result        ok
=elapsed       0.118855s
=case          ejabberd_SUITE:muc_groupchat_msg_slave
=logfile       ejabberd_suite.muc_groupchat_msg_slave.3906.html
=started       2024-12-18 20:43:37
=ended         2024-12-18 20:43:37
=result        ok
=elapsed       0.116471s
=case          ejabberd_SUITE:end_per_group
=logfile       ejabberd_suite.end_per_group.4515.html
=group_props   [{name,muc_groupchat_msg},parallel]
=started       2024-12-18 20:43:37
=ended         2024-12-18 20:43:37
=result        ok
=elapsed       0.000004s
=group_time    0.178s
=case          ejabberd_SUITE:init_per_group
=logfile       ejabberd_suite.init_per_group.4547.html
=group_props   [{name,muc_private_msg},parallel]
=started       2024-12-18 20:43:37
=ended         2024-12-18 20:43:37
=result        ok
=elapsed       0.000004s
=case          ejabberd_SUITE:muc_private_msg_master
=logfile       ejabberd_suite.muc_private_msg_master.4579.html
=started       2024-12-18 20:43:37
=ended         2024-12-18 20:43:37
=result        ok
=elapsed       0.150242s
=case          ejabberd_SUITE:muc_private_msg_slave
=logfile       ejabberd_suite.muc_private_msg_slave.4611.html
=started       2024-12-18 20:43:37
=ended         2024-12-18 20:43:37
=result        ok
=elapsed       0.147547s
=case          ejabberd_SUITE:end_per_group
=logfile       ejabberd_suite.end_per_group.4228.html
=group_props   [{name,muc_private_msg},parallel]
=started       2024-12-18 20:43:37
=ended         2024-12-18 20:43:37
=result        ok
=elapsed       0.000018s
=group_time    0.208s
=case          ejabberd_SUITE:init_per_group
=logfile       ejabberd_suite.init_per_group.4260.html
=group_props   [{name,muc_set_subject},parallel]
=started       2024-12-18 20:43:37
=ended         2024-12-18 20:43:37
=result        ok
=elapsed       0.000003s
=case          ejabberd_SUITE:muc_set_subject_master
=logfile       ejabberd_suite.muc_set_subject_master.4643.html
=started       2024-12-18 20:43:37
=ended         2024-12-18 20:43:37
=result        ok
=elapsed       0.115767s
=case          ejabberd_SUITE:muc_set_subject_slave
=logfile       ejabberd_suite.muc_set_subject_slave.4675.html
=started       2024-12-18 20:43:37
=ended         2024-12-18 20:43:37
=result        ok
=elapsed       0.113568s
=case          ejabberd_SUITE:end_per_group
=logfile       ejabberd_suite.end_per_group.4707.html
=group_props   [{name,muc_set_subject},parallel]
=started       2024-12-18 20:43:37
=ended         2024-12-18 20:43:37
=result        ok
=elapsed       0.000005s
=group_time    0.177s
=case          ejabberd_SUITE:init_per_group
=logfile       ejabberd_suite.init_per_group.4739.html
=group_props   [{name,muc_history},parallel]
=started       2024-12-18 20:43:37
=ended         2024-12-18 20:43:37
=result        ok
=elapsed       0.000003s
=case          ejabberd_SUITE:muc_history_master
=logfile       ejabberd_suite.muc_history_master.4771.html
=started       2024-12-18 20:43:37
=ended         2024-12-18 20:43:38
=result        ok
=elapsed       0.138190s
=case          ejabberd_SUITE:muc_history_slave
=logfile       ejabberd_suite.muc_history_slave.4803.html
=started       2024-12-18 20:43:37
=ended         2024-12-18 20:43:38
=result        ok
=elapsed       0.135358s
=case          ejabberd_SUITE:end_per_group
=logfile       ejabberd_suite.end_per_group.4835.html
=group_props   [{name,muc_history},parallel]
=started       2024-12-18 20:43:38
=ended         2024-12-18 20:43:38
=result        ok
=elapsed       0.000004s
=group_time    0.196s
=case          ejabberd_SUITE:init_per_group
=logfile       ejabberd_suite.init_per_group.4867.html
=group_props   [{name,muc_invite},parallel]
=started       2024-12-18 20:43:38
=ended         2024-12-18 20:43:38
=result        ok
=elapsed       0.000003s
=case          ejabberd_SUITE:muc_invite_master
=logfile       ejabberd_suite.muc_invite_master.1765.html
=started       2024-12-18 20:43:38
=ended         2024-12-18 20:43:38
=result        ok
=elapsed       0.106354s
=case          ejabberd_SUITE:muc_invite_slave
=logfile       ejabberd_suite.muc_invite_slave.4899.html
=started       2024-12-18 20:43:38
=ended         2024-12-18 20:43:38
=result        ok
=elapsed       0.146371s
=case          ejabberd_SUITE:end_per_group
=logfile       ejabberd_suite.end_per_group.4963.html
=group_props   [{name,muc_invite},parallel]
=started       2024-12-18 20:43:38
=ended         2024-12-18 20:43:38
=result        ok
=elapsed       0.000010s
=group_time    0.206s
=case          ejabberd_SUITE:init_per_group
=logfile       ejabberd_suite.init_per_group.4324.html
=group_props   [{name,muc_invite_members_only},parallel]
=started       2024-12-18 20:43:38
=ended         2024-12-18 20:43:38
=result        ok
=elapsed       0.000004s
=case          ejabberd_SUITE:muc_invite_members_only_master
=logfile       ejabberd_suite.muc_invite_members_only_master.4356.html
=started       2024-12-18 20:43:38
=ended         2024-12-18 20:43:38
=result        ok
=elapsed       0.106367s
=case          ejabberd_SUITE:muc_invite_members_only_slave
=logfile       ejabberd_suite.muc_invite_members_only_slave.4388.html
=started       2024-12-18 20:43:38
=ended         2024-12-18 20:43:38
=result        ok
=elapsed       0.102059s
=case          ejabberd_SUITE:end_per_group
=logfile       ejabberd_suite.end_per_group.4484.html
=group_props   [{name,muc_invite_members_only},parallel]
=started       2024-12-18 20:43:38
=ended         2024-12-18 20:43:38
=result        ok
=elapsed       0.000005s
=group_time    0.165s
=case          ejabberd_SUITE:init_per_group
=logfile       ejabberd_suite.init_per_group.4516.html
=group_props   [{name,muc_invite_password_protected},parallel]
=started       2024-12-18 20:43:38
=ended         2024-12-18 20:43:38
=result        ok
=elapsed       0.000003s
=case          ejabberd_SUITE:muc_invite_password_protected_master
=logfile       ejabberd_suite.muc_invite_password_protected_master.4548.html
=started       2024-12-18 20:43:38
=ended         2024-12-18 20:43:38
=result        ok
=elapsed       0.149194s
=case          ejabberd_SUITE:muc_invite_password_protected_slave
=logfile       ejabberd_suite.muc_invite_password_protected_slave.4580.html
=started       2024-12-18 20:43:38
=ended         2024-12-18 20:43:38
=result        ok
=elapsed       0.104234s
=case          ejabberd_SUITE:end_per_group
=logfile       ejabberd_suite.end_per_group.5027.html
=group_props   [{name,muc_invite_password_protected},parallel]
=started       2024-12-18 20:43:38
=ended         2024-12-18 20:43:38
=result        ok
=elapsed       0.000008s
=group_time    0.205s
=case          ejabberd_SUITE:init_per_group
=logfile       ejabberd_suite.init_per_group.4740.html
=group_props   [{name,muc_voice_request},parallel]
=started       2024-12-18 20:43:38
=ended         2024-12-18 20:43:38
=result        ok
=elapsed       0.000005s
=case          ejabberd_SUITE:muc_voice_request_master
=logfile       ejabberd_suite.muc_voice_request_master.4772.html
=started       2024-12-18 20:43:38
=ended         2024-12-18 20:43:39
=result        ok
=elapsed       0.114260s
=case          ejabberd_SUITE:muc_voice_request_slave
=logfile       ejabberd_suite.muc_voice_request_slave.4804.html
=started       2024-12-18 20:43:38
=ended         2024-12-18 20:43:39
=result        ok
=elapsed       0.113445s
=case          ejabberd_SUITE:end_per_group
=logfile       ejabberd_suite.end_per_group.4868.html
=group_props   [{name,muc_voice_request},parallel]
=started       2024-12-18 20:43:39
=ended         2024-12-18 20:43:39
=result        ok
=elapsed       0.000010s
=group_time    0.173s
=case          ejabberd_SUITE:init_per_group
=logfile       ejabberd_suite.init_per_group.4900.html
=group_props   [{name,muc_change_role},parallel]
=started       2024-12-18 20:43:39
=ended         2024-12-18 20:43:39
=result        ok
=elapsed       0.000003s
=case          ejabberd_SUITE:muc_change_role_master
=logfile       ejabberd_suite.muc_change_role_master.4932.html
=started       2024-12-18 20:43:39
=ended         2024-12-18 20:43:39
=result        ok
=elapsed       0.111531s
=case          ejabberd_SUITE:muc_change_role_slave
=logfile       ejabberd_suite.muc_change_role_slave.4964.html
=started       2024-12-18 20:43:39
=ended         2024-12-18 20:43:39
=result        ok
=elapsed       0.112231s
=case          ejabberd_SUITE:end_per_group
=logfile       ejabberd_suite.end_per_group.4996.html
=group_props   [{name,muc_change_role},parallel]
=started       2024-12-18 20:43:39
=ended         2024-12-18 20:43:39
=result        ok
=elapsed       0.000003s
=group_time    0.171s
=case          ejabberd_SUITE:init_per_group
=logfile       ejabberd_suite.init_per_group.5028.html
=group_props   [{name,muc_kick},parallel]
=started       2024-12-18 20:43:39
=ended         2024-12-18 20:43:39
=result        ok
=elapsed       0.000003s
=case          ejabberd_SUITE:muc_kick_master
=logfile       ejabberd_suite.muc_kick_master.5060.html
=started       2024-12-18 20:43:39
=ended         2024-12-18 20:43:39
=result        ok
=elapsed       0.106806s
=case          ejabberd_SUITE:muc_kick_slave
=logfile       ejabberd_suite.muc_kick_slave.4290.html
=started       2024-12-18 20:43:39
=ended         2024-12-18 20:43:39
=result        ok
=elapsed       0.104998s
=case          ejabberd_SUITE:end_per_group
=logfile       ejabberd_suite.end_per_group.5188.html
=group_props   [{name,muc_kick},parallel]
=started       2024-12-18 20:43:39
=ended         2024-12-18 20:43:39
=result        ok
=elapsed       0.000004s
=group_time    0.164s
=case          ejabberd_SUITE:init_per_group
=logfile       ejabberd_suite.init_per_group.4386.html
=group_props   [{name,muc_change_affiliation},parallel]
=started       2024-12-18 20:43:39
=ended         2024-12-18 20:43:39
=result        ok
=elapsed       0.000003s
=case          ejabberd_SUITE:muc_change_affiliation_master
=logfile       ejabberd_suite.muc_change_affiliation_master.4418.html
=started       2024-12-18 20:43:39
=ended         2024-12-18 20:43:39
=result        ok
=elapsed       0.115957s
=case          ejabberd_SUITE:muc_change_affiliation_slave
=logfile       ejabberd_suite.muc_change_affiliation_slave.4450.html
=started       2024-12-18 20:43:39
=ended         2024-12-18 20:43:39
=result        ok
=elapsed       0.116171s
=case          ejabberd_SUITE:end_per_group
=logfile       ejabberd_suite.end_per_group.4514.html
=group_props   [{name,muc_change_affiliation},parallel]
=started       2024-12-18 20:43:39
=ended         2024-12-18 20:43:39
=result        ok
=elapsed       0.000003s
=group_time    0.176s
=case          ejabberd_SUITE:init_per_group
=logfile       ejabberd_suite.init_per_group.4546.html
=group_props   [{name,muc_destroy},parallel]
=started       2024-12-18 20:43:39
=ended         2024-12-18 20:43:39
=result        ok
=elapsed       0.000002s
=case          ejabberd_SUITE:muc_destroy_master
=logfile       ejabberd_suite.muc_destroy_master.4578.html
=started       2024-12-18 20:43:39
=ended         2024-12-18 20:43:39
=result        ok
=elapsed       0.106193s
=case          ejabberd_SUITE:muc_destroy_slave
=logfile       ejabberd_suite.muc_destroy_slave.4610.html
=started       2024-12-18 20:43:39
=ended         2024-12-18 20:43:39
=result        ok
=elapsed       0.105343s
=case          ejabberd_SUITE:end_per_group
=logfile       ejabberd_suite.end_per_group.4706.html
=group_props   [{name,muc_destroy},parallel]
=started       2024-12-18 20:43:39
=ended         2024-12-18 20:43:39
=result        ok
=elapsed       0.000003s
=group_time    0.166s
=case          ejabberd_SUITE:init_per_group
=logfile       ejabberd_suite.init_per_group.5283.html
=group_props   [{name,muc_vcard},parallel]
=started       2024-12-18 20:43:39
=ended         2024-12-18 20:43:39
=result        ok
=elapsed       0.000004s
=case          ejabberd_SUITE:muc_vcard_master
=logfile       ejabberd_suite.muc_vcard_master.5315.html
=started       2024-12-18 20:43:39
=ended         2024-12-18 20:43:39
=result        ok
=elapsed       0.115998s
=case          ejabberd_SUITE:muc_vcard_slave
=logfile       ejabberd_suite.muc_vcard_slave.5347.html
=started       2024-12-18 20:43:39
=ended         2024-12-18 20:43:39
=result        ok
=elapsed       0.113167s
=case          ejabberd_SUITE:end_per_group
=logfile       ejabberd_suite.end_per_group.1989.html
=group_props   [{name,muc_vcard},parallel]
=started       2024-12-18 20:43:39
=ended         2024-12-18 20:43:40
=result        ok
=elapsed       0.000003s
=group_time    0.179s
=case          ejabberd_SUITE:init_per_group
=logfile       ejabberd_suite.init_per_group.2021.html
=group_props   [{name,muc_nick_change},parallel]
=started       2024-12-18 20:43:40
=ended         2024-12-18 20:43:40
=result        ok
=elapsed       0.000003s
=case          ejabberd_SUITE:muc_nick_change_master
=logfile       ejabberd_suite.muc_nick_change_master.2053.html
=started       2024-12-18 20:43:40
=ended         2024-12-18 20:43:40
=result        ok
=elapsed       0.109860s
=case          ejabberd_SUITE:muc_nick_change_slave
=logfile       ejabberd_suite.muc_nick_change_slave.2085.html
=started       2024-12-18 20:43:40
=ended         2024-12-18 20:43:40
=result        ok
=elapsed       0.105506s
=case          ejabberd_SUITE:end_per_group
=logfile       ejabberd_suite.end_per_group.5412.html
=group_props   [{name,muc_nick_change},parallel]
=started       2024-12-18 20:43:40
=ended         2024-12-18 20:43:40
=result        ok
=elapsed       0.000003s
=group_time    0.171s
=case          ejabberd_SUITE:init_per_group
=logfile       ejabberd_suite.init_per_group.5444.html
=group_props   [{name,muc_config_title_desc},parallel]
=started       2024-12-18 20:43:40
=ended         2024-12-18 20:43:40
=result        ok
=elapsed       0.000004s
=case          ejabberd_SUITE:muc_config_title_desc_master
=logfile       ejabberd_suite.muc_config_title_desc_master.5476.html
=started       2024-12-18 20:43:40
=ended         2024-12-18 20:43:40
=result        ok
=elapsed       0.109112s
=case          ejabberd_SUITE:muc_config_title_desc_slave
=logfile       ejabberd_suite.muc_config_title_desc_slave.5508.html
=started       2024-12-18 20:43:40
=ended         2024-12-18 20:43:40
=result        ok
=elapsed       0.105310s
=case          ejabberd_SUITE:end_per_group
=logfile       ejabberd_suite.end_per_group.4834.html
=group_props   [{name,muc_config_title_desc},parallel]
=started       2024-12-18 20:43:40
=ended         2024-12-18 20:43:40
=result        ok
=elapsed       0.000004s
=group_time    0.166s
=case          ejabberd_SUITE:init_per_group
=logfile       ejabberd_suite.init_per_group.5572.html
=group_props   [{name,muc_config_public_list},parallel]
=started       2024-12-18 20:43:40
=ended         2024-12-18 20:43:40
=result        ok
=elapsed       0.000003s
=case          ejabberd_SUITE:muc_config_public_list_master
=logfile       ejabberd_suite.muc_config_public_list_master.5604.html
=started       2024-12-18 20:43:40
=ended         2024-12-18 20:43:40
=result        ok
=elapsed       0.109662s
=case          ejabberd_SUITE:muc_config_public_list_slave
=logfile       ejabberd_suite.muc_config_public_list_slave.5636.html
=started       2024-12-18 20:43:40
=ended         2024-12-18 20:43:40
=result        ok
=elapsed       0.109723s
=case          ejabberd_SUITE:end_per_group
=logfile       ejabberd_suite.end_per_group.5700.html
=group_props   [{name,muc_config_public_list},parallel]
=started       2024-12-18 20:43:40
=ended         2024-12-18 20:43:40
=result        ok
=elapsed       0.000004s
=group_time    0.170s
=case          ejabberd_SUITE:init_per_group
=logfile       ejabberd_suite.init_per_group.5732.html
=group_props   [{name,muc_config_password},parallel]
=started       2024-12-18 20:43:40
=ended         2024-12-18 20:43:40
=result        ok
=elapsed       0.000003s
=case          ejabberd_SUITE:muc_config_password_master
=logfile       ejabberd_suite.muc_config_password_master.5764.html
=started       2024-12-18 20:43:40
=ended         2024-12-18 20:43:40
=result        ok
=elapsed       0.110306s
=case          ejabberd_SUITE:muc_config_password_slave
=logfile       ejabberd_suite.muc_config_password_slave.5796.html
=started       2024-12-18 20:43:40
=ended         2024-12-18 20:43:40
=result        ok
=elapsed       0.109448s
=case          ejabberd_SUITE:end_per_group
=logfile       ejabberd_suite.end_per_group.5828.html
=group_props   [{name,muc_config_password},parallel]
=started       2024-12-18 20:43:40
=ended         2024-12-18 20:43:40
=result        ok
=elapsed       0.000003s
=group_time    0.169s
=case          ejabberd_SUITE:init_per_group
=logfile       ejabberd_suite.init_per_group.4994.html
=group_props   [{name,muc_config_whois},parallel]
=started       2024-12-18 20:43:40
=ended         2024-12-18 20:43:40
=result        ok
=elapsed       0.000003s
=case          ejabberd_SUITE:muc_config_whois_master
=logfile       ejabberd_suite.muc_config_whois_master.5026.html
=started       2024-12-18 20:43:40
=ended         2024-12-18 20:43:40
=result        ok
=elapsed       0.114227s
=case          ejabberd_SUITE:muc_config_whois_slave
=logfile       ejabberd_suite.muc_config_whois_slave.5860.html
=started       2024-12-18 20:43:40
=ended         2024-12-18 20:43:40
=result        ok
=elapsed       0.113046s
=case          ejabberd_SUITE:end_per_group
=logfile       ejabberd_suite.end_per_group.5122.html
=group_props   [{name,muc_config_whois},parallel]
=started       2024-12-18 20:43:40
=ended         2024-12-18 20:43:41
=result        ok
=elapsed       0.000009s
=group_time    0.180s
=case          ejabberd_SUITE:init_per_group
=logfile       ejabberd_suite.init_per_group.5154.html
=group_props   [{name,muc_config_members_only},parallel]
=started       2024-12-18 20:43:41
=ended         2024-12-18 20:43:41
=result        ok
=elapsed       0.000003s
=case          ejabberd_SUITE:muc_config_members_only_master
=logfile       ejabberd_suite.muc_config_members_only_master.2437.html
=started       2024-12-18 20:43:41
=ended         2024-12-18 20:43:41
=result        ok
=elapsed       0.112620s
=case          ejabberd_SUITE:muc_config_members_only_slave
=logfile       ejabberd_suite.muc_config_members_only_slave.5186.html
=started       2024-12-18 20:43:41
=ended         2024-12-18 20:43:41
=result        ok
=elapsed       0.113312s
=case          ejabberd_SUITE:end_per_group
=logfile       ejabberd_suite.end_per_group.5218.html
=group_props   [{name,muc_config_members_only},parallel]
=started       2024-12-18 20:43:41
=ended         2024-12-18 20:43:41
=result        ok
=elapsed       0.000003s
=group_time    0.173s
=case          ejabberd_SUITE:init_per_group
=logfile       ejabberd_suite.init_per_group.5250.html
=group_props   [{name,muc_config_moderated},parallel]
=started       2024-12-18 20:43:41
=ended         2024-12-18 20:43:41
=result        ok
=elapsed       0.000005s
=case          ejabberd_SUITE:muc_config_moderated_master
=logfile       ejabberd_suite.muc_config_moderated_master.5282.html
=started       2024-12-18 20:43:41
=ended         2024-12-18 20:43:41
=result        ok
=elapsed       0.110938s
=case          ejabberd_SUITE:muc_config_moderated_slave
=logfile       ejabberd_suite.muc_config_moderated_slave.5314.html
=started       2024-12-18 20:43:41
=ended         2024-12-18 20:43:41
=result        ok
=elapsed       0.109283s
=case          ejabberd_SUITE:end_per_group
=logfile       ejabberd_suite.end_per_group.5378.html
=group_props   [{name,muc_config_moderated},parallel]
=started       2024-12-18 20:43:41
=ended         2024-12-18 20:43:41
=result        ok
=elapsed       0.000003s
=group_time    0.171s
=case          ejabberd_SUITE:init_per_group
=logfile       ejabberd_suite.init_per_group.5956.html
=group_props   [{name,muc_config_private_messages},parallel]
=started       2024-12-18 20:43:41
=ended         2024-12-18 20:43:41
=result        ok
=elapsed       0.000004s
=case          ejabberd_SUITE:muc_config_private_messages_master
=logfile       ejabberd_suite.muc_config_private_messages_master.5988.html
=started       2024-12-18 20:43:41
=ended         2024-12-18 20:43:41
=result        ok
=elapsed       0.114436s
=case          ejabberd_SUITE:muc_config_private_messages_slave
=logfile       ejabberd_suite.muc_config_private_messages_slave.2565.html
=started       2024-12-18 20:43:41
=ended         2024-12-18 20:43:41
=result        ok
=elapsed       0.112681s
=case          ejabberd_SUITE:end_per_group
=logfile       ejabberd_suite.end_per_group.2693.html
=group_props   [{name,muc_config_private_messages},parallel]
=started       2024-12-18 20:43:41
=ended         2024-12-18 20:43:41
=result        ok
=elapsed       0.000007s
=group_time    0.173s
=case          ejabberd_SUITE:init_per_group
=logfile       ejabberd_suite.init_per_group.2725.html
=group_props   [{name,muc_config_query},parallel]
=started       2024-12-18 20:43:41
=ended         2024-12-18 20:43:41
=result        ok
=elapsed       0.000003s
=case          ejabberd_SUITE:muc_config_query_master
=logfile       ejabberd_suite.muc_config_query_master.2757.html
=started       2024-12-18 20:43:41
=ended         2024-12-18 20:43:41
=result        ok
=elapsed       0.156230s
=case          ejabberd_SUITE:muc_config_query_slave
=logfile       ejabberd_suite.muc_config_query_slave.2789.html
=started       2024-12-18 20:43:41
=ended         2024-12-18 20:43:41
=result        ok
=elapsed       0.155959s
=case          ejabberd_SUITE:end_per_group
=logfile       ejabberd_suite.end_per_group.2885.html
=group_props   [{name,muc_config_query},parallel]
=started       2024-12-18 20:43:41
=ended         2024-12-18 20:43:41
=result        ok
=elapsed       0.000007s
=group_time    0.215s
=case          ejabberd_SUITE:init_per_group
=logfile       ejabberd_suite.init_per_group.2917.html
=group_props   [{name,muc_config_allow_invites},parallel]
=started       2024-12-18 20:43:41
=ended         2024-12-18 20:43:41
=result        ok
=elapsed       0.000003s
=case          ejabberd_SUITE:muc_config_allow_invites_master
=logfile       ejabberd_suite.muc_config_allow_invites_master.2949.html
=started       2024-12-18 20:43:41
=ended         2024-12-18 20:43:42
=result        ok
=elapsed       0.110037s
=case          ejabberd_SUITE:muc_config_allow_invites_slave
=logfile       ejabberd_suite.muc_config_allow_invites_slave.2981.html
=started       2024-12-18 20:43:41
=ended         2024-12-18 20:43:42
=result        ok
=elapsed       0.109174s
=case          ejabberd_SUITE:end_per_group
=logfile       ejabberd_suite.end_per_group.3077.html
=group_props   [{name,muc_config_allow_invites},parallel]
=started       2024-12-18 20:43:42
=ended         2024-12-18 20:43:42
=result        ok
=elapsed       0.000003s
=group_time    0.169s
=case          ejabberd_SUITE:init_per_group
=logfile       ejabberd_suite.init_per_group.3109.html
=group_props   [{name,muc_config_visitor_status},parallel]
=started       2024-12-18 20:43:42
=ended         2024-12-18 20:43:42
=result        ok
=elapsed       0.000003s
=case          ejabberd_SUITE:muc_config_visitor_status_master
=logfile       ejabberd_suite.muc_config_visitor_status_master.3141.html
=started       2024-12-18 20:43:42
=ended         2024-12-18 20:43:42
=result        ok
=elapsed       0.109680s
=case          ejabberd_SUITE:muc_config_visitor_status_slave
=logfile       ejabberd_suite.muc_config_visitor_status_slave.3173.html
=started       2024-12-18 20:43:42
=ended         2024-12-18 20:43:42
=result        ok
=elapsed       0.110576s
=case          ejabberd_SUITE:end_per_group
=logfile       ejabberd_suite.end_per_group.5442.html
=group_props   [{name,muc_config_visitor_status},parallel]
=started       2024-12-18 20:43:42
=ended         2024-12-18 20:43:42
=result        ok
=elapsed       0.000004s
=group_time    0.170s
=case          ejabberd_SUITE:init_per_group
=logfile       ejabberd_suite.init_per_group.3269.html
=group_props   [{name,muc_config_allow_voice_requests},parallel]
=started       2024-12-18 20:43:42
=ended         2024-12-18 20:43:42
=result        ok
=elapsed       0.000003s
=case          ejabberd_SUITE:muc_config_allow_voice_requests_master
=logfile       ejabberd_suite.muc_config_allow_voice_requests_master.3301.html
=started       2024-12-18 20:43:42
=ended         2024-12-18 20:43:42
=result        ok
=elapsed       0.109233s
=case          ejabberd_SUITE:muc_config_allow_voice_requests_slave
=logfile       ejabberd_suite.muc_config_allow_voice_requests_slave.5474.html
=started       2024-12-18 20:43:42
=ended         2024-12-18 20:43:42
=result        ok
=elapsed       0.106586s
=case          ejabberd_SUITE:end_per_group
=logfile       ejabberd_suite.end_per_group.6244.html
=group_props   [{name,muc_config_allow_voice_requests},parallel]
=started       2024-12-18 20:43:42
=ended         2024-12-18 20:43:42
=result        ok
=elapsed       0.000005s
=group_time    0.169s
=case          ejabberd_SUITE:init_per_group
=logfile       ejabberd_suite.init_per_group.6276.html
=group_props   [{name,muc_config_voice_request_interval},parallel]
=started       2024-12-18 20:43:42
=ended         2024-12-18 20:43:42
=result        ok
=elapsed       0.000004s
=case          ejabberd_SUITE:muc_config_voice_request_interval_master
=logfile       ejabberd_suite.muc_config_voice_request_interval_master.5923.html
=started       2024-12-18 20:43:42
=ended         2024-12-18 20:43:47
=result        ok
=elapsed       5.193025s
=case          ejabberd_SUITE:muc_config_voice_request_interval_slave
=logfile       ejabberd_suite.muc_config_voice_request_interval_slave.6308.html
=started       2024-12-18 20:43:42
=ended         2024-12-18 20:43:47
=result        ok
=elapsed       5.191348s
=case          ejabberd_SUITE:end_per_group
=logfile       ejabberd_suite.end_per_group.6372.html
=group_props   [{name,muc_config_voice_request_interval},parallel]
=started       2024-12-18 20:43:47
=ended         2024-12-18 20:43:47
=result        ok
=elapsed       0.000004s
=group_time    5.253s
=case          ejabberd_SUITE:init_per_group
=logfile       ejabberd_suite.init_per_group.5987.html
=group_props   [{name,muc_config_visitor_nickchange},parallel]
=started       2024-12-18 20:43:47
=ended         2024-12-18 20:43:47
=result        ok
=elapsed       0.000004s
=case          ejabberd_SUITE:muc_config_visitor_nickchange_master
=logfile       ejabberd_suite.muc_config_visitor_nickchange_master.6019.html
=started       2024-12-18 20:43:47
=ended         2024-12-18 20:43:47
=result        ok
=elapsed       0.107820s
=case          ejabberd_SUITE:muc_config_visitor_nickchange_slave
=logfile       ejabberd_suite.muc_config_visitor_nickchange_slave.6051.html
=started       2024-12-18 20:43:47
=ended         2024-12-18 20:43:47
=result        ok
=elapsed       0.108053s
=case          ejabberd_SUITE:end_per_group
=logfile       ejabberd_suite.end_per_group.6179.html
=group_props   [{name,muc_config_visitor_nickchange},parallel]
=started       2024-12-18 20:43:47
=ended         2024-12-18 20:43:47
=result        ok
=elapsed       0.000004s
=group_time    0.169s
=case          ejabberd_SUITE:init_per_group
=logfile       ejabberd_suite.init_per_group.6211.html
=group_props   [{name,muc_join_conflict},parallel]
=started       2024-12-18 20:43:47
=ended         2024-12-18 20:43:47
=result        ok
=elapsed       0.000003s
=case          ejabberd_SUITE:muc_join_conflict_master
=logfile       ejabberd_suite.muc_join_conflict_master.6243.html
=started       2024-12-18 20:43:47
=ended         2024-12-18 20:43:48
=result        ok
=elapsed       0.105009s
=case          ejabberd_SUITE:muc_join_conflict_slave
=logfile       ejabberd_suite.muc_join_conflict_slave.6275.html
=started       2024-12-18 20:43:47
=ended         2024-12-18 20:43:48
=result        ok
=elapsed       0.104901s
=case          ejabberd_SUITE:end_per_group
=logfile       ejabberd_suite.end_per_group.6339.html
=group_props   [{name,muc_join_conflict},parallel]
=started       2024-12-18 20:43:48
=ended         2024-12-18 20:43:48
=result        ok
=elapsed       0.000004s
=group_time    0.163s
=case          ejabberd_SUITE:end_per_group
=logfile       ejabberd_suite.end_per_group.6371.html
=group_props   [{name,muc_master_slave},sequence]
=started       2024-12-18 20:43:48
=ended         2024-12-18 20:43:48
=result        ok
=elapsed       0.000009s
=group_time    10.996s
=case          ejabberd_SUITE:init_per_group
=logfile       ejabberd_suite.init_per_group.6403.html
=group_props   [{name,proxy65_single},sequence]
=started       2024-12-18 20:43:48
=ended         2024-12-18 20:43:48
=result        ok
=elapsed       0.000004s
=case          ejabberd_SUITE:proxy65_feature_enabled
=logfile       ejabberd_suite.proxy65_feature_enabled.html
=started       2024-12-18 20:43:48
=ended         2024-12-18 20:43:48
=result        ok
=elapsed       0.101897s
=case          ejabberd_SUITE:proxy65_service_vcard
=logfile       ejabberd_suite.proxy65_service_vcard.html
=started       2024-12-18 20:43:48
=ended         2024-12-18 20:43:48
=result        ok
=elapsed       0.102256s
=case          ejabberd_SUITE:end_per_group
=logfile       ejabberd_suite.end_per_group.5666.html
=group_props   [{name,proxy65_single},sequence]
=started       2024-12-18 20:43:48
=ended         2024-12-18 20:43:48
=result        ok
=elapsed       0.000003s
=group_time    0.291s
=case          ejabberd_SUITE:init_per_group
=logfile       ejabberd_suite.init_per_group.5698.html
=group_props   [{name,proxy65_master_slave},sequence]
=started       2024-12-18 20:43:48
=ended         2024-12-18 20:43:48
=result        ok
=elapsed       0.000004s
=case          ejabberd_SUITE:init_per_group
=logfile       ejabberd_suite.init_per_group.5730.html
=group_props   [{name,proxy65_all},parallel]
=started       2024-12-18 20:43:48
=ended         2024-12-18 20:43:48
=result        ok
=elapsed       0.000003s
=case          ejabberd_SUITE:proxy65_all_master
=logfile       ejabberd_suite.proxy65_all_master.5762.html
=started       2024-12-18 20:43:48
=ended         2024-12-18 20:43:48
=result        ok
=elapsed       0.114326s
=case          ejabberd_SUITE:proxy65_all_slave
=logfile       ejabberd_suite.proxy65_all_slave.5794.html
=started       2024-12-18 20:43:48
=ended         2024-12-18 20:43:48
=result        ok
=elapsed       0.116237s
=case          ejabberd_SUITE:end_per_group
=logfile       ejabberd_suite.end_per_group.5858.html
=group_props   [{name,proxy65_all},parallel]
=started       2024-12-18 20:43:48
=ended         2024-12-18 20:43:48
=result        ok
=elapsed       0.000011s
=group_time    0.174s
=case          ejabberd_SUITE:end_per_group
=logfile       ejabberd_suite.end_per_group.5890.html
=group_props   [{name,proxy65_master_slave},sequence]
=started       2024-12-18 20:43:48
=ended         2024-12-18 20:43:48
=result        ok
=elapsed       0.000003s
=group_time    0.224s
=case          ejabberd_SUITE:init_per_group
=logfile       ejabberd_suite.init_per_group.5922.html
=group_props   [{name,stundisco_single},sequence]
=started       2024-12-18 20:43:48
=ended         2024-12-18 20:43:48
=result        ok
=elapsed       0.000003s
=case          ejabberd_SUITE:stundisco_feature_enabled
=logfile       ejabberd_suite.stundisco_feature_enabled.html
=started       2024-12-18 20:43:48
=ended         2024-12-18 20:43:48
=result        ok
=elapsed       0.102622s
=case          ejabberd_SUITE:stundisco_stun_service
=logfile       ejabberd_suite.stundisco_stun_service.html
=started       2024-12-18 20:43:48
=ended         2024-12-18 20:43:48
=result        ok
=elapsed       0.107010s
=case          ejabberd_SUITE:stundisco_turn_service
=logfile       ejabberd_suite.stundisco_turn_service.html
=started       2024-12-18 20:43:48
=ended         2024-12-18 20:43:49
=result        ok
=elapsed       0.102447s
=case          ejabberd_SUITE:stundisco_turns_service
=logfile       ejabberd_suite.stundisco_turns_service.html
=started       2024-12-18 20:43:49
=ended         2024-12-18 20:43:49
=result        ok
=elapsed       0.102424s
=case          ejabberd_SUITE:stundisco_turn_credentials
=logfile       ejabberd_suite.stundisco_turn_credentials.html
=started       2024-12-18 20:43:49
=ended         2024-12-18 20:43:49
=result        ok
=elapsed       0.101857s
=case          ejabberd_SUITE:stundisco_turns_credentials
=logfile       ejabberd_suite.stundisco_turns_credentials.html
=started       2024-12-18 20:43:49
=ended         2024-12-18 20:43:49
=result        failed: {{badmatch,
                         {iq,<<"716746645117953293">>,result,<<"en">>,
                          {jid,<<>>,<<"localhost">>,<<>>,<<>>,
                           <<"localhost">>,<<>>},
                          {jid,<<"test_single!#$%^*()`~+-;_=[]{}|\\">>,
                           <<"localhost">>,
                           <<"resource!@#$%^&*()'\"`~<>+-/;:_=[]{}|\\">>,
                           <<"test_single!#$%^*()`~+-;_=[]{}|\\">>,
                           <<"localhost">>,
                           <<"resource!@#$%^&*()'\"`~<>+-/;:_=[]{}|\\">>},
                          [{credentials,
                            [{service,undefined,
                              {1734,597829,0},
                              <<"example.com">>,<<>>,
                              <<"YnhhoYmWE5cp/TngUzO5M7mn6mc=">>,5349,true,
                              tcp,turns,<<"1734597829:fa0f772133438904">>,
                              undefined}]}],
                          #{}}},
                        [{stundisco_tests,turns_credentials,1,
                          [{file,
                            "/home/runner/work/ejabberd/ejabberd/test/stundisco_tests.erl"},
                           {line,160}]},
                         {test_server,ts_tc,3,
                          [{file,"test_server.erl"},{line,1794}]},
                         {test_server,run_test_case_eval1,6,
                          [{file,"test_server.erl"},{line,1303}]},
                         {test_server,run_test_case_eval,9,
                          [{file,"test_server.erl"},{line,1235}]}]}, [{stundisco_tests,
                                                                       turns_credentials,
                                                                       160},
                                                                      {test_server,
                                                                       ts_tc,
                                                                       1794},
                                                                      {test_server,
                                                                       run_test_case_eval1,
                                                                       1303},
                                                                      {test_server,
                                                                       run_test_case_eval,
                                                                       1235}]
=elapsed       0.000765s
=== *** FAILED test case 146 of 1598 ***
=case          ejabberd_SUITE:end_per_group
=logfile       ejabberd_suite.end_per_group.6852.html
=group_props   [{name,stundisco_single},sequence]
=started       2024-12-18 20:43:49
=ended         2024-12-18 20:43:49
=result        ok
=elapsed       0.000003s
=group_time    0.735s
=case          ejabberd_SUITE:init_per_group
=logfile       ejabberd_suite.init_per_group.6884.html
=group_props   [{name,replaced_master_slave},sequence]
=started       2024-12-18 20:43:49
=ended         2024-12-18 20:43:49
=result        ok
=elapsed       0.000003s
=case          ejabberd_SUITE:init_per_group
=logfile       ejabberd_suite.init_per_group.6916.html
=group_props   [{name,replaced_conflict},parallel]
=started       2024-12-18 20:43:49
=ended         2024-12-18 20:43:49
=result        ok
=elapsed       0.000003s
=case          ejabberd_SUITE:replaced_conflict_master
=logfile       ejabberd_suite.replaced_conflict_master.6948.html
=started       2024-12-18 20:43:49
=ended         2024-12-18 20:43:49
=result        ok
=elapsed       0.102080s
=case          ejabberd_SUITE:replaced_conflict_slave
=logfile       ejabberd_suite.replaced_conflict_slave.6980.html
=started       2024-12-18 20:43:49
=ended         2024-12-18 20:43:49
=result        ok
=elapsed       0.102873s
=case          ejabberd_SUITE:end_per_group
=logfile       ejabberd_suite.end_per_group.7044.html
=group_props   [{name,replaced_conflict},parallel]
=started       2024-12-18 20:43:49
=ended         2024-12-18 20:43:49
=result        ok
=elapsed       0.000004s
=group_time    0.162s
=case          ejabberd_SUITE:end_per_group
=logfile       ejabberd_suite.end_per_group.7076.html
=group_props   [{name,replaced_master_slave},sequence]
=started       2024-12-18 20:43:49
=ended         2024-12-18 20:43:49
=result        ok
=elapsed       0.000003s
=group_time    0.212s
=case          ejabberd_SUITE:init_per_group
=logfile       ejabberd_suite.init_per_group.7108.html
=group_props   [{name,upload_single},sequence]
=started       2024-12-18 20:43:49
=ended         2024-12-18 20:43:49
=result        ok
=elapsed       0.000003s
=case          ejabberd_SUITE:upload_feature_enabled
=logfile       ejabberd_suite.upload_feature_enabled.html
=started       2024-12-18 20:43:49
=ended         2024-12-18 20:43:49
=result        ok
=elapsed       0.103477s
=case          ejabberd_SUITE:upload_service_vcard
=logfile       ejabberd_suite.upload_service_vcard.html
=started       2024-12-18 20:43:49
=ended         2024-12-18 20:43:49
=result        ok
=elapsed       0.101934s
=case          ejabberd_SUITE:upload_get_max_size
=logfile       ejabberd_suite.upload_get_max_size.html
=started       2024-12-18 20:43:49
=ended         2024-12-18 20:43:50
=result        ok
=elapsed       0.104554s
=case          ejabberd_SUITE:upload_slot_request
=logfile       ejabberd_suite.upload_slot_request.html
=started       2024-12-18 20:43:50
=ended         2024-12-18 20:43:50
=result        ok
=elapsed       0.108553s
=case          ejabberd_SUITE:upload_put_get_request
=logfile       ejabberd_suite.upload_put_get_request.html
=started       2024-12-18 20:43:50
=ended         2024-12-18 20:43:50
=result        ok
=elapsed       0.108278s
=case          ejabberd_SUITE:upload_max_size_exceed
=logfile       ejabberd_suite.upload_max_size_exceed.html
=started       2024-12-18 20:43:50
=ended         2024-12-18 20:43:50
=result        ok
=elapsed       0.103157s
=case          ejabberd_SUITE:end_per_group
=logfile       ejabberd_suite.end_per_group.7268.html
=group_props   [{name,upload_single},sequence]
=started       2024-12-18 20:43:50
=ended         2024-12-18 20:43:50
=result        ok
=elapsed       0.000003s
=group_time    0.838s
=case          ejabberd_SUITE:init_per_group
=logfile       ejabberd_suite.init_per_group.6691.html
=group_props   [{name,carbons_single},sequence]
=started       2024-12-18 20:43:50
=ended         2024-12-18 20:43:50
=result        ok
=elapsed       0.000006s
=case          ejabberd_SUITE:carbons_feature_enabled
=logfile       ejabberd_suite.carbons_feature_enabled.html
=started       2024-12-18 20:43:50
=ended         2024-12-18 20:43:50
=result        ok
=elapsed       0.101608s
=case          ejabberd_SUITE:carbons_unsupported_iq
=logfile       ejabberd_suite.carbons_unsupported_iq.html
=started       2024-12-18 20:43:50
=ended         2024-12-18 20:43:50
=result        ok
=elapsed       0.109305s
=case          ejabberd_SUITE:end_per_group
=logfile       ejabberd_suite.end_per_group.6306.html
=group_props   [{name,carbons_single},sequence]
=started       2024-12-18 20:43:50
=ended         2024-12-18 20:43:50
=result        ok
=elapsed       0.000010s
=group_time    0.295s
=case          ejabberd_SUITE:init_per_group
=logfile       ejabberd_suite.init_per_group.6338.html
=group_props   [{name,carbons_master_slave},sequence]
=started       2024-12-18 20:43:50
=ended         2024-12-18 20:43:50
=result        ok
=elapsed       0.000004s
=case          ejabberd_SUITE:init_per_group
=logfile       ejabberd_suite.init_per_group.6370.html
=group_props   [{name,carbons_send_recv},parallel]
=started       2024-12-18 20:43:50
=ended         2024-12-18 20:43:50
=result        ok
=elapsed       0.000003s
=case          ejabberd_SUITE:carbons_send_recv_master
=logfile       ejabberd_suite.carbons_send_recv_master.6402.html
=started       2024-12-18 20:43:50
=ended         2024-12-18 20:43:51
=result        ok
=elapsed       0.163487s
=case          ejabberd_SUITE:carbons_send_recv_slave
=logfile       ejabberd_suite.carbons_send_recv_slave.6819.html
=started       2024-12-18 20:43:50
=ended         2024-12-18 20:43:51
=result        ok
=elapsed       0.161216s
=case          ejabberd_SUITE:end_per_group
=logfile       ejabberd_suite.end_per_group.6851.html
=group_props   [{name,carbons_send_recv},parallel]
=started       2024-12-18 20:43:51
=ended         2024-12-18 20:43:51
=result        ok
=elapsed       0.000003s
=group_time    0.222s
=case          ejabberd_SUITE:init_per_group
=logfile       ejabberd_suite.init_per_group.6883.html
=group_props   [{name,carbons_enable_disable},parallel]
=started       2024-12-18 20:43:51
=ended         2024-12-18 20:43:51
=result        ok
=elapsed       0.000003s
=case          ejabberd_SUITE:carbons_enable_disable_master
=logfile       ejabberd_suite.carbons_enable_disable_master.6915.html
=started       2024-12-18 20:43:51
=ended         2024-12-18 20:43:51
=result        ok
=elapsed       0.162970s
=case          ejabberd_SUITE:carbons_enable_disable_slave
=logfile       ejabberd_suite.carbons_enable_disable_slave.6947.html
=started       2024-12-18 20:43:51
=ended         2024-12-18 20:43:51
=result        ok
=elapsed       0.162361s
=case          ejabberd_SUITE:end_per_group
=logfile       ejabberd_suite.end_per_group.7011.html
=group_props   [{name,carbons_enable_disable},parallel]
=started       2024-12-18 20:43:51
=ended         2024-12-18 20:43:51
=result        ok
=elapsed       0.000003s
=group_time    0.221s
=case          ejabberd_SUITE:end_per_group
=logfile       ejabberd_suite.end_per_group.7043.html
=group_props   [{name,carbons_master_slave},sequence]
=started       2024-12-18 20:43:51
=ended         2024-12-18 20:43:51
=result        ok
=elapsed       0.000005s
=group_time    0.521s
=case          ejabberd_SUITE:end_per_group
=logfile       ejabberd_suite.end_per_group.7075.html
=group_props   [{name,no_db},sequence]
=started       2024-12-18 20:43:51
=ended         2024-12-18 20:43:51
=result        ok
=elapsed       0.000000s
=group_time    26.168s
=case          ejabberd_SUITE:init_per_group
=logfile       ejabberd_suite.init_per_group.7107.html
=group_props   [{name,mnesia},sequence]
=started       2024-12-18 20:43:51
=ended         2024-12-18 20:43:51
=result        ok
=elapsed       0.000035s
=case          ejabberd_SUITE:init_per_group
=logfile       ejabberd_suite.init_per_group.7139.html
=group_props   [{name,single_user},sequence]
=started       2024-12-18 20:43:51
=ended         2024-12-18 20:43:51
=result        ok
=elapsed       0.000004s
=case          ejabberd_SUITE:test_register
=logfile       ejabberd_suite.test_register.html
=started       2024-12-18 20:43:51
=ended         2024-12-18 20:43:51
=result        ok
=elapsed       0.013376s
=case          ejabberd_SUITE:init_per_group
=logfile       ejabberd_suite.init_per_group.6658.html
=group_props   [{name,legacy_auth},parallel]
=started       2024-12-18 20:43:51
=ended         2024-12-18 20:43:51
=result        ok
=elapsed       0.000004s
=case          ejabberd_SUITE:test_legacy_auth_feature
=logfile       ejabberd_suite.test_legacy_auth_feature.6690.html
=started       2024-12-18 20:43:51
=ended         2024-12-18 20:43:51
=result        ok
=elapsed       0.000749s
=case          ejabberd_SUITE:test_legacy_auth
=logfile       ejabberd_suite.test_legacy_auth.6786.html
=started       2024-12-18 20:43:51
=ended         2024-12-18 20:43:51
=result        ok
=elapsed       0.103014s
=case          ejabberd_SUITE:test_legacy_auth_digest
=logfile       ejabberd_suite.test_legacy_auth_digest.6850.html
=started       2024-12-18 20:43:51
=ended         2024-12-18 20:43:51
=result        ok
=elapsed       0.104007s
=case          ejabberd_SUITE:test_legacy_auth_no_resource
=logfile       ejabberd_suite.test_legacy_auth_no_resource.6754.html
=started       2024-12-18 20:43:51
=ended         2024-12-18 20:43:51
=result        ok
=elapsed       0.001459s
=case          ejabberd_SUITE:test_legacy_auth_bad_jid
=logfile       ejabberd_suite.test_legacy_auth_bad_jid.6722.html
=started       2024-12-18 20:43:51
=ended         2024-12-18 20:43:51
=result        ok
=elapsed       0.001568s
=case          ejabberd_SUITE:test_legacy_auth_fail
=logfile       ejabberd_suite.test_legacy_auth_fail.6818.html
=started       2024-12-18 20:43:51
=ended         2024-12-18 20:43:51
=result        ok
=elapsed       0.001567s
=case          ejabberd_SUITE:end_per_group
=logfile       ejabberd_suite.end_per_group.7363.html
=group_props   [{name,legacy_auth},parallel]
=started       2024-12-18 20:43:51
=ended         2024-12-18 20:43:51
=result        ok
=elapsed       0.000004s
=group_time    0.167s
=case          ejabberd_SUITE:auth_plain
=logfile       ejabberd_suite.auth_plain.html
=started       2024-12-18 20:43:51
=ended         2024-12-18 20:43:51
=result        ok
=elapsed       0.005752s
=case          ejabberd_SUITE:auth_md5
=logfile       ejabberd_suite.auth_md5.html
=started       2024-12-18 20:43:51
=ended         2024-12-18 20:43:51
=result        ok
=elapsed       0.005991s
=case          ejabberd_SUITE:presence_broadcast
=logfile       ejabberd_suite.presence_broadcast.html
=started       2024-12-18 20:43:51
=ended         2024-12-18 20:43:52
=result        ok
=elapsed       0.203886s
=case          ejabberd_SUITE:last
=logfile       ejabberd_suite.last.html
=started       2024-12-18 20:43:52
=ended         2024-12-18 20:43:52
=result        ok
=elapsed       0.103908s
=case          ejabberd_SUITE:init_per_group
=logfile       ejabberd_suite.init_per_group.7138.html
=group_props   [{name,webadmin_single},sequence]
=started       2024-12-18 20:43:52
=ended         2024-12-18 20:43:52
=result        ok
=elapsed       0.000004s
=case          ejabberd_SUITE:webadmin_login_page
=logfile       ejabberd_suite.webadmin_login_page.html
=started       2024-12-18 20:43:52
=ended         2024-12-18 20:43:52
=result        ok
=elapsed       0.000434s
=case          ejabberd_SUITE:webadmin_welcome_page
=logfile       ejabberd_suite.webadmin_welcome_page.html
=started       2024-12-18 20:43:52
=ended         2024-12-18 20:43:52
=result        ok
=elapsed       0.001710s
=case          ejabberd_SUITE:webadmin_user_page
=logfile       ejabberd_suite.webadmin_user_page.html
=started       2024-12-18 20:43:52
=ended         2024-12-18 20:43:52
=result        ok
=elapsed       0.002735s
=case          ejabberd_SUITE:webadmin_adduser
=logfile       ejabberd_suite.webadmin_adduser.html
=started       2024-12-18 20:43:52
=ended         2024-12-18 20:43:52
=result        ok
=elapsed       0.005809s
=case          ejabberd_SUITE:webadmin_changepassword
=logfile       ejabberd_suite.webadmin_changepassword.html
=started       2024-12-18 20:43:52
=ended         2024-12-18 20:43:52
=result        ok
=elapsed       0.002691s
=case          ejabberd_SUITE:webadmin_removeuser
=logfile       ejabberd_suite.webadmin_removeuser.html
=started       2024-12-18 20:43:52
=ended         2024-12-18 20:43:52
=result        ok
=elapsed       0.003930s
=case          ejabberd_SUITE:end_per_group
=logfile       ejabberd_suite.end_per_group.7170.html
=group_props   [{name,webadmin_single},sequence]
=started       2024-12-18 20:43:52
=ended         2024-12-18 20:43:52
=result        ok
=elapsed       0.000003s
=group_time    0.200s
=case          ejabberd_SUITE:init_per_group
=logfile       ejabberd_suite.init_per_group.7202.html
=group_props   [{name,roster_single},sequence]
=started       2024-12-18 20:43:52
=ended         2024-12-18 20:43:52
=result        ok
=elapsed       0.000003s
=case          ejabberd_SUITE:roster_feature_enabled
=logfile       ejabberd_suite.roster_feature_enabled.html
=started       2024-12-18 20:43:52
=ended         2024-12-18 20:43:52
=result        ok
=elapsed       0.101401s
=case          ejabberd_SUITE:roster_iq_set_many_items
=logfile       ejabberd_suite.roster_iq_set_many_items.html
=started       2024-12-18 20:43:52
=ended         2024-12-18 20:43:52
=result        ok
=elapsed       0.102158s
=case          ejabberd_SUITE:roster_iq_set_duplicated_groups
=logfile       ejabberd_suite.roster_iq_set_duplicated_groups.html
=started       2024-12-18 20:43:52
=ended         2024-12-18 20:43:52
=result        ok
=elapsed       0.101534s
=case          ejabberd_SUITE:roster_iq_get_item
=logfile       ejabberd_suite.roster_iq_get_item.html
=started       2024-12-18 20:43:52
=ended         2024-12-18 20:43:52
=result        ok
=elapsed       0.102185s
=case          ejabberd_SUITE:roster_iq_unexpected_element
=logfile       ejabberd_suite.roster_iq_unexpected_element.html
=started       2024-12-18 20:43:52
=ended         2024-12-18 20:43:53
=result        ok
=elapsed       0.102680s
=case          ejabberd_SUITE:roster_iq_set_ask
=logfile       ejabberd_suite.roster_iq_set_ask.html
=started       2024-12-18 20:43:53
=ended         2024-12-18 20:43:53
=result        ok
=elapsed       0.101946s
=case          ejabberd_SUITE:roster_set_item
=logfile       ejabberd_suite.roster_set_item.html
=started       2024-12-18 20:43:53
=ended         2024-12-18 20:43:53
=result        ok
=elapsed       0.323813s
=case          ejabberd_SUITE:roster_version
=logfile       ejabberd_suite.roster_version.html
=started       2024-12-18 20:43:53
=ended         2024-12-18 20:43:53
=result        ok
=elapsed       0.146268s
=case          ejabberd_SUITE:end_per_group
=logfile       ejabberd_suite.end_per_group.7554.html
=group_props   [{name,roster_single},sequence]
=started       2024-12-18 20:43:53
=ended         2024-12-18 20:43:53
=result        ok
=elapsed       0.000007s
=group_time    1.349s
=case          ejabberd_SUITE:init_per_group
=logfile       ejabberd_suite.init_per_group.7523.html
=group_props   [{name,private_single},sequence]
=started       2024-12-18 20:43:53
=ended         2024-12-18 20:43:53
=result        ok
=elapsed       0.000003s
=case          ejabberd_SUITE:private_test_features
=logfile       ejabberd_suite.private_test_features.html
=started       2024-12-18 20:43:53
=ended         2024-12-18 20:43:53
=result        ok
=elapsed       0.102496s
=case          ejabberd_SUITE:private_test_no_namespace
=logfile       ejabberd_suite.private_test_no_namespace.html
=started       2024-12-18 20:43:53
=ended         2024-12-18 20:43:54
=result        ok
=elapsed       0.106106s
=case          ejabberd_SUITE:private_test_set_get
=logfile       ejabberd_suite.private_test_set_get.html
=started       2024-12-18 20:43:54
=ended         2024-12-18 20:43:54
=result        ok
=elapsed       0.120178s
=case          ejabberd_SUITE:private_test_published
=logfile       ejabberd_suite.private_test_published.html
=started       2024-12-18 20:43:54
=ended         2024-12-18 20:43:54
=result        ok
=elapsed       0.104471s
=case          ejabberd_SUITE:end_per_group
=logfile       ejabberd_suite.end_per_group.7682.html
=group_props   [{name,private_single},sequence]
=started       2024-12-18 20:43:54
=ended         2024-12-18 20:43:54
=result        ok
=elapsed       0.000003s
=group_time    0.579s
=case          ejabberd_SUITE:init_per_group
=logfile       ejabberd_suite.init_per_group.7714.html
=group_props   [{name,privacy_single},sequence]
=started       2024-12-18 20:43:54
=ended         2024-12-18 20:43:54
=result        ok
=elapsed       0.000003s
=case          ejabberd_SUITE:privacy_feature_enabled
=logfile       ejabberd_suite.privacy_feature_enabled.html
=started       2024-12-18 20:43:54
=ended         2024-12-18 20:43:54
=result        ok
=elapsed       0.101860s
=case          ejabberd_SUITE:privacy_set_get_list
=logfile       ejabberd_suite.privacy_set_get_list.html
=started       2024-12-18 20:43:54
=ended         2024-12-18 20:43:54
=result        ok
=elapsed       0.147222s
=case          ejabberd_SUITE:privacy_get_list_non_existent
=logfile       ejabberd_suite.privacy_get_list_non_existent.html
=started       2024-12-18 20:43:54
=ended         2024-12-18 20:43:54
=result        ok
=elapsed       0.102272s
=case          ejabberd_SUITE:privacy_get_empty_lists
=logfile       ejabberd_suite.privacy_get_empty_lists.html
=started       2024-12-18 20:43:54
=ended         2024-12-18 20:43:54
=result        ok
=elapsed       0.101667s
=case          ejabberd_SUITE:privacy_set_default
=logfile       ejabberd_suite.privacy_set_default.html
=started       2024-12-18 20:43:54
=ended         2024-12-18 20:43:55
=result        ok
=elapsed       0.146158s
=case          ejabberd_SUITE:privacy_del_default
=logfile       ejabberd_suite.privacy_del_default.html
=started       2024-12-18 20:43:55
=ended         2024-12-18 20:43:55
=result        ok
=elapsed       0.146411s
=case          ejabberd_SUITE:privacy_set_default_non_existent
=logfile       ejabberd_suite.privacy_set_default_non_existent.html
=started       2024-12-18 20:43:55
=ended         2024-12-18 20:43:55
=result        ok
=elapsed       0.101792s
=case          ejabberd_SUITE:privacy_set_active
=logfile       ejabberd_suite.privacy_set_active.html
=started       2024-12-18 20:43:55
=ended         2024-12-18 20:43:55
=result        ok
=elapsed       0.144786s
=case          ejabberd_SUITE:privacy_del_active
=logfile       ejabberd_suite.privacy_del_active.html
=started       2024-12-18 20:43:55
=ended         2024-12-18 20:43:55
=result        ok
=elapsed       0.147061s
=case          ejabberd_SUITE:privacy_set_active_non_existent
=logfile       ejabberd_suite.privacy_set_active_non_existent.html
=started       2024-12-18 20:43:55
=ended         2024-12-18 20:43:55
=result        ok
=elapsed       0.102306s
=case          ejabberd_SUITE:privacy_remove_list
=logfile       ejabberd_suite.privacy_remove_list.html
=started       2024-12-18 20:43:55
=ended         2024-12-18 20:43:56
=result        ok
=elapsed       0.147927s
=case          ejabberd_SUITE:privacy_remove_default_list
=logfile       ejabberd_suite.privacy_remove_default_list.html
=started       2024-12-18 20:43:56
=ended         2024-12-18 20:43:56
=result        ok
=elapsed       0.146786s
=case          ejabberd_SUITE:privacy_remove_active_list
=logfile       ejabberd_suite.privacy_remove_active_list.html
=started       2024-12-18 20:43:56
=ended         2024-12-18 20:43:56
=result        ok
=elapsed       0.147761s
=case          ejabberd_SUITE:privacy_remove_list_non_existent
=logfile       ejabberd_suite.privacy_remove_list_non_existent.html
=started       2024-12-18 20:43:56
=ended         2024-12-18 20:43:56
=result        ok
=elapsed       0.101594s
=case          ejabberd_SUITE:privacy_allow_local_server
=logfile       ejabberd_suite.privacy_allow_local_server.html
=started       2024-12-18 20:43:56
=ended         2024-12-18 20:43:56
=result        ok
=elapsed       0.193415s
=case          ejabberd_SUITE:privacy_malformed_iq_query
=logfile       ejabberd_suite.privacy_malformed_iq_query.html
=started       2024-12-18 20:43:56
=ended         2024-12-18 20:43:56
=result        ok
=elapsed       0.102874s
=case          ejabberd_SUITE:privacy_malformed_get
=logfile       ejabberd_suite.privacy_malformed_get.html
=started       2024-12-18 20:43:56
=ended         2024-12-18 20:43:57
=result        ok
=elapsed       0.109365s
=case          ejabberd_SUITE:privacy_malformed_set
=logfile       ejabberd_suite.privacy_malformed_set.html
=started       2024-12-18 20:43:57
=ended         2024-12-18 20:43:57
=result        ok
=elapsed       0.104427s
=case          ejabberd_SUITE:privacy_malformed_type_value
=logfile       ejabberd_suite.privacy_malformed_type_value.html
=started       2024-12-18 20:43:57
=ended         2024-12-18 20:43:57
=result        ok
=elapsed       0.103788s
=case          ejabberd_SUITE:privacy_set_get_block
=logfile       ejabberd_suite.privacy_set_get_block.html
=started       2024-12-18 20:43:57
=ended         2024-12-18 20:43:57
=result        ok
=elapsed       0.192232s
=case          ejabberd_SUITE:end_per_group
=logfile       ejabberd_suite.end_per_group.8482.html
=group_props   [{name,privacy_single},sequence]
=started       2024-12-18 20:43:57
=ended         2024-12-18 20:43:57
=result        ok
=elapsed       0.000003s
=group_time    3.226s
=case          ejabberd_SUITE:init_per_group
=logfile       ejabberd_suite.init_per_group.8514.html
=group_props   [{name,vcard_single},sequence]
=started       2024-12-18 20:43:57
=ended         2024-12-18 20:43:57
=result        ok
=elapsed       0.000003s
=case          ejabberd_SUITE:vcard_feature_enabled
=logfile       ejabberd_suite.vcard_feature_enabled.html
=started       2024-12-18 20:43:57
=ended         2024-12-18 20:43:57
=result        ok
=elapsed       0.103282s
=case          ejabberd_SUITE:vcard_get_set
=logfile       ejabberd_suite.vcard_get_set.html
=started       2024-12-18 20:43:57
=ended         2024-12-18 20:43:57
=result        ok
=elapsed       0.103950s
=case          ejabberd_SUITE:vcard_service_vcard
=logfile       ejabberd_suite.vcard_service_vcard.html
=started       2024-12-18 20:43:57
=ended         2024-12-18 20:43:58
=result        ok
=elapsed       0.102445s
=case          ejabberd_SUITE:end_per_group
=logfile       ejabberd_suite.end_per_group.8674.html
=group_props   [{name,vcard_single},sequence]
=started       2024-12-18 20:43:58
=ended         2024-12-18 20:43:58
=result        ok
=elapsed       0.000004s
=group_time    0.425s
=case          ejabberd_SUITE:init_per_group
=logfile       ejabberd_suite.init_per_group.8706.html
=group_props   [{name,pubsub_single},sequence]
=started       2024-12-18 20:43:58
=ended         2024-12-18 20:43:58
=result        ok
=elapsed       0.000003s
=case          ejabberd_SUITE:pubsub_test_features
=logfile       ejabberd_suite.pubsub_test_features.html
=started       2024-12-18 20:43:58
=ended         2024-12-18 20:43:58
=result        ok
=elapsed       0.103086s
=case          ejabberd_SUITE:pubsub_test_vcard
=logfile       ejabberd_suite.pubsub_test_vcard.html
=started       2024-12-18 20:43:58
=ended         2024-12-18 20:43:58
=result        ok
=elapsed       0.102230s
=case          ejabberd_SUITE:pubsub_test_create
=logfile       ejabberd_suite.pubsub_test_create.html
=started       2024-12-18 20:43:58
=ended         2024-12-18 20:43:58
=result        ok
=elapsed       0.101956s
=case          ejabberd_SUITE:pubsub_test_configure
=logfile       ejabberd_suite.pubsub_test_configure.html
=started       2024-12-18 20:43:58
=ended         2024-12-18 20:43:58
=result        ok
=elapsed       0.112257s
=case          ejabberd_SUITE:pubsub_test_delete
=logfile       ejabberd_suite.pubsub_test_delete.html
=started       2024-12-18 20:43:58
=ended         2024-12-18 20:43:58
=result        ok
=elapsed       0.102261s
=case          ejabberd_SUITE:pubsub_test_get_affiliations
=logfile       ejabberd_suite.pubsub_test_get_affiliations.html
=started       2024-12-18 20:43:58
=ended         2024-12-18 20:43:58
=result        ok
=elapsed       0.110081s
=case          ejabberd_SUITE:pubsub_test_get_subscriptions
=logfile       ejabberd_suite.pubsub_test_get_subscriptions.html
=started       2024-12-18 20:43:58
=ended         2024-12-18 20:43:59
=result        ok
=elapsed       0.114328s
=case          ejabberd_SUITE:pubsub_test_create_instant
=logfile       ejabberd_suite.pubsub_test_create_instant.html
=started       2024-12-18 20:43:59
=ended         2024-12-18 20:43:59
=result        ok
=elapsed       0.103573s
=case          ejabberd_SUITE:pubsub_test_default
=logfile       ejabberd_suite.pubsub_test_default.html
=started       2024-12-18 20:43:59
=ended         2024-12-18 20:43:59
=result        ok
=elapsed       0.102590s
=case          ejabberd_SUITE:pubsub_test_create_configure
=logfile       ejabberd_suite.pubsub_test_create_configure.html
=started       2024-12-18 20:43:59
=ended         2024-12-18 20:43:59
=result        ok
=elapsed       0.105877s
=case          ejabberd_SUITE:pubsub_test_publish
=logfile       ejabberd_suite.pubsub_test_publish.html
=started       2024-12-18 20:43:59
=ended         2024-12-18 20:43:59
=result        ok
=elapsed       0.104341s
=case          ejabberd_SUITE:pubsub_test_auto_create
=logfile       ejabberd_suite.pubsub_test_auto_create.html
=started       2024-12-18 20:43:59
=ended         2024-12-18 20:43:59
=result        ok
=elapsed       0.102988s
=case          ejabberd_SUITE:pubsub_test_get_items
=logfile       ejabberd_suite.pubsub_test_get_items.html
=started       2024-12-18 20:43:59
=ended         2024-12-18 20:43:59
=result        ok
=elapsed       0.108550s
=case          ejabberd_SUITE:pubsub_test_delete_item
=logfile       ejabberd_suite.pubsub_test_delete_item.html
=started       2024-12-18 20:43:59
=ended         2024-12-18 20:43:59
=result        ok
=elapsed       0.106171s
=case          ejabberd_SUITE:pubsub_test_purge
=logfile       ejabberd_suite.pubsub_test_purge.html
=started       2024-12-18 20:43:59
=ended         2024-12-18 20:44:00
=result        ok
=elapsed       0.110170s
=case          ejabberd_SUITE:pubsub_test_subscribe
=logfile       ejabberd_suite.pubsub_test_subscribe.html
=started       2024-12-18 20:44:00
=ended         2024-12-18 20:44:00
=result        ok
=elapsed       0.104649s
=case          ejabberd_SUITE:pubsub_test_subscribe_max_item_1
=logfile       ejabberd_suite.pubsub_test_subscribe_max_item_1.html
=started       2024-12-18 20:44:00
=ended         2024-12-18 20:44:00
=result        ok
=elapsed       0.105282s
=case          ejabberd_SUITE:pubsub_test_unsubscribe
=logfile       ejabberd_suite.pubsub_test_unsubscribe.html
=started       2024-12-18 20:44:00
=ended         2024-12-18 20:44:00
=result        ok
=elapsed       0.105000s
=case          ejabberd_SUITE:end_per_group
=logfile       ejabberd_suite.end_per_group.9314.html
=group_props   [{name,pubsub_single},sequence]
=started       2024-12-18 20:44:00
=ended         2024-12-18 20:44:00
=result        ok
=elapsed       0.000004s
=group_time    2.485s
=case          ejabberd_SUITE:init_per_group
=logfile       ejabberd_suite.init_per_group.8771.html
=group_props   [{name,muc_single},sequence]
=started       2024-12-18 20:44:00
=ended         2024-12-18 20:44:00
=result        ok
=elapsed       0.000003s
=case          ejabberd_SUITE:muc_service_presence_error
=logfile       ejabberd_suite.muc_service_presence_error.8803.html
=started       2024-12-18 20:44:00
=ended         2024-12-18 20:44:00
=result        ok
=elapsed       0.188595s
=case          ejabberd_SUITE:muc_service_message_error
=logfile       ejabberd_suite.muc_service_message_error.8899.html
=started       2024-12-18 20:44:00
=ended         2024-12-18 20:44:01
=result        ok
=elapsed       0.190902s
=case          ejabberd_SUITE:muc_service_unknown_ns_iq_error
=logfile       ejabberd_suite.muc_service_unknown_ns_iq_error.8963.html
=started       2024-12-18 20:44:01
=ended         2024-12-18 20:44:01
=result        ok
=elapsed       0.188826s
=case          ejabberd_SUITE:muc_service_iq_set_error
=logfile       ejabberd_suite.muc_service_iq_set_error.9027.html
=started       2024-12-18 20:44:01
=ended         2024-12-18 20:44:01
=result        ok
=elapsed       0.326267s
=case          ejabberd_SUITE:muc_service_improper_iq_error
=logfile       ejabberd_suite.muc_service_improper_iq_error.9091.html
=started       2024-12-18 20:44:01
=ended         2024-12-18 20:44:01
=result        ok
=elapsed       0.277751s
=case          ejabberd_SUITE:muc_service_features
=logfile       ejabberd_suite.muc_service_features.9123.html
=started       2024-12-18 20:44:01
=ended         2024-12-18 20:44:02
=result        ok
=elapsed       0.102531s
=case          ejabberd_SUITE:muc_service_disco_info_node_error
=logfile       ejabberd_suite.muc_service_disco_info_node_error.9219.html
=started       2024-12-18 20:44:02
=ended         2024-12-18 20:44:02
=result        ok
=elapsed       0.102172s
=case          ejabberd_SUITE:muc_service_disco_items
=logfile       ejabberd_suite.muc_service_disco_items.9315.html
=started       2024-12-18 20:44:02
=ended         2024-12-18 20:44:02
=result        ok
=elapsed       0.125820s
=case          ejabberd_SUITE:muc_service_unique
=logfile       ejabberd_suite.muc_service_unique.9475.html
=started       2024-12-18 20:44:02
=ended         2024-12-18 20:44:02
=result        ok
=elapsed       0.102489s
=case          ejabberd_SUITE:muc_service_vcard
=logfile       ejabberd_suite.muc_service_vcard.9571.html
=started       2024-12-18 20:44:02
=ended         2024-12-18 20:44:02
=result        ok
=elapsed       0.102713s
=case          ejabberd_SUITE:muc_configure_non_existent
=logfile       ejabberd_suite.muc_configure_non_existent.9603.html
=started       2024-12-18 20:44:02
=ended         2024-12-18 20:44:02
=result        ok
=elapsed       0.104312s
=case          ejabberd_SUITE:muc_cancel_configure_non_existent
=logfile       ejabberd_suite.muc_cancel_configure_non_existent.9667.html
=started       2024-12-18 20:44:02
=ended         2024-12-18 20:44:02
=result        ok
=elapsed       0.102142s
=case          ejabberd_SUITE:muc_service_subscriptions
=logfile       ejabberd_suite.muc_service_subscriptions.9731.html
=started       2024-12-18 20:44:02
=ended         2024-12-18 20:44:03
=result        ok
=elapsed       0.134520s
=case          ejabberd_SUITE:muc_set_room_affiliation
=logfile       ejabberd_suite.muc_set_room_affiliation.9795.html
=started       2024-12-18 20:44:03
=ended         2024-12-18 20:44:03
=result        ok
=elapsed       0.107200s
=case          ejabberd_SUITE:end_per_group
=logfile       ejabberd_suite.end_per_group.9859.html
=group_props   [{name,muc_single},sequence]
=started       2024-12-18 20:44:03
=ended         2024-12-18 20:44:03
=result        ok
=elapsed       0.000008s
=group_time    2.613s
=case          ejabberd_SUITE:init_per_group
=logfile       ejabberd_suite.init_per_group.9891.html
=group_props   [{name,offline_single},sequence]
=started       2024-12-18 20:44:03
=ended         2024-12-18 20:44:03
=result        ok
=elapsed       0.000004s
=case          ejabberd_SUITE:offline_feature_enabled
=logfile       ejabberd_suite.offline_feature_enabled.html
=started       2024-12-18 20:44:03
=ended         2024-12-18 20:44:03
=result        ok
=elapsed       0.102842s
=case          ejabberd_SUITE:offline_check_identity
=logfile       ejabberd_suite.offline_check_identity.html
=started       2024-12-18 20:44:03
=ended         2024-12-18 20:44:03
=result        ok
=elapsed       0.106120s
=case          ejabberd_SUITE:offline_send_non_existent
=logfile       ejabberd_suite.offline_send_non_existent.html
=started       2024-12-18 20:44:03
=ended         2024-12-18 20:44:03
=result        ok
=elapsed       0.102019s
=case          ejabberd_SUITE:offline_view_non_existent
=logfile       ejabberd_suite.offline_view_non_existent.html
=started       2024-12-18 20:44:03
=ended         2024-12-18 20:44:03
=result        ok
=elapsed       0.101851s
=case          ejabberd_SUITE:offline_remove_non_existent
=logfile       ejabberd_suite.offline_remove_non_existent.html
=started       2024-12-18 20:44:03
=ended         2024-12-18 20:44:03
=result        ok
=elapsed       0.102004s
=case          ejabberd_SUITE:offline_view_non_integer
=logfile       ejabberd_suite.offline_view_non_integer.html
=started       2024-12-18 20:44:03
=ended         2024-12-18 20:44:04
=result        ok
=elapsed       0.101983s
=case          ejabberd_SUITE:offline_remove_non_integer
=logfile       ejabberd_suite.offline_remove_non_integer.html
=started       2024-12-18 20:44:04
=ended         2024-12-18 20:44:04
=result        ok
=elapsed       0.101606s
=case          ejabberd_SUITE:offline_malformed_iq
=logfile       ejabberd_suite.offline_malformed_iq.html
=started       2024-12-18 20:44:04
=ended         2024-12-18 20:44:04
=result        ok
=elapsed       0.105320s
=case          ejabberd_SUITE:offline_wrong_user
=logfile       ejabberd_suite.offline_wrong_user.html
=started       2024-12-18 20:44:04
=ended         2024-12-18 20:44:04
=result        ok
=elapsed       0.107586s
=case          ejabberd_SUITE:offline_unsupported_iq
=logfile       ejabberd_suite.offline_unsupported_iq.html
=started       2024-12-18 20:44:04
=ended         2024-12-18 20:44:04
=result        ok
=elapsed       0.102504s
=case          ejabberd_SUITE:end_per_group
=logfile       ejabberd_suite.end_per_group.10179.html
=group_props   [{name,offline_single},sequence]
=started       2024-12-18 20:44:04
=ended         2024-12-18 20:44:04
=result        ok
=elapsed       0.000003s
=group_time    1.364s
=case          ejabberd_SUITE:init_per_group
=logfile       ejabberd_suite.init_per_group.10211.html
=group_props   [{name,mam_single},sequence]
=started       2024-12-18 20:44:04
=ended         2024-12-18 20:44:04
=result        ok
=elapsed       0.000004s
=case          ejabberd_SUITE:mam_feature_enabled
=logfile       ejabberd_suite.mam_feature_enabled.html
=started       2024-12-18 20:44:04
=ended         2024-12-18 20:44:04
=result        ok
=elapsed       0.104778s
=case          ejabberd_SUITE:mam_get_set_prefs
=logfile       ejabberd_suite.mam_get_set_prefs.html
=started       2024-12-18 20:44:04
=ended         2024-12-18 20:44:06
=result        ok
=elapsed       1.896877s
=case          ejabberd_SUITE:mam_get_form
=logfile       ejabberd_suite.mam_get_form.html
=started       2024-12-18 20:44:06
=ended         2024-12-18 20:44:06
=result        ok
=elapsed       0.110002s
=case          ejabberd_SUITE:mam_fake_by
=logfile       ejabberd_suite.mam_fake_by.html
=started       2024-12-18 20:44:06
=ended         2024-12-18 20:44:06
=result        ok
=elapsed       0.102082s
=case          ejabberd_SUITE:end_per_group
=logfile       ejabberd_suite.end_per_group.10114.html
=group_props   [{name,mam_single},sequence]
=started       2024-12-18 20:44:06
=ended         2024-12-18 20:44:06
=result        ok
=elapsed       0.000010s
=group_time    2.361s
=case          ejabberd_SUITE:init_per_group
=logfile       ejabberd_suite.init_per_group.10146.html
=group_props   [{name,csi_single},sequence]
=started       2024-12-18 20:44:06
=ended         2024-12-18 20:44:07
=result        ok
=elapsed       0.000003s
=case          ejabberd_SUITE:csi_feature_enabled
=logfile       ejabberd_suite.csi_feature_enabled.html
=started       2024-12-18 20:44:07
=ended         2024-12-18 20:44:07
=result        ok
=elapsed       0.101726s
=case          ejabberd_SUITE:end_per_group
=logfile       ejabberd_suite.end_per_group.10242.html
=group_props   [{name,csi_single},sequence]
=started       2024-12-18 20:44:07
=ended         2024-12-18 20:44:07
=result        ok
=elapsed       0.000003s
=group_time    0.156s
=case          ejabberd_SUITE:init_per_group
=logfile       ejabberd_suite.init_per_group.10274.html
=group_props   [{name,push_single},sequence]
=started       2024-12-18 20:44:07
=ended         2024-12-18 20:44:07
=result        ok
=elapsed       0.000003s
=case          ejabberd_SUITE:push_feature_enabled
=logfile       ejabberd_suite.push_feature_enabled.html
=started       2024-12-18 20:44:07
=ended         2024-12-18 20:44:07
=result        ok
=elapsed       0.102115s
=case          ejabberd_SUITE:push_unsupported_iq
=logfile       ejabberd_suite.push_unsupported_iq.html
=started       2024-12-18 20:44:07
=ended         2024-12-18 20:44:07
=result        ok
=elapsed       0.106181s
=case          ejabberd_SUITE:end_per_group
=logfile       ejabberd_suite.end_per_group.10306.html
=group_props   [{name,push_single},sequence]
=started       2024-12-18 20:44:07
=ended         2024-12-18 20:44:07
=result        ok
=elapsed       0.000004s
=group_time    0.294s
=case          ejabberd_SUITE:test_unregister
=logfile       ejabberd_suite.test_unregister.html
=started       2024-12-18 20:44:07
=ended         2024-12-18 20:44:07
=result        ok
=elapsed       0.003244s
=case          ejabberd_SUITE:end_per_group
=logfile       ejabberd_suite.end_per_group.10499.html
=group_props   [{name,single_user},sequence]
=started       2024-12-18 20:44:07
=ended         2024-12-18 20:44:07
=result        ok
=elapsed       0.000003s
=group_time    16.064s
=case          ejabberd_SUITE:init_per_group
=logfile       ejabberd_suite.init_per_group.10531.html
=group_props   [{name,muc_master_slave},sequence]
=started       2024-12-18 20:44:07
=ended         2024-12-18 20:44:07
=result        ok
=elapsed       0.000004s
=case          ejabberd_SUITE:init_per_group
=logfile       ejabberd_suite.init_per_group.10563.html
=group_props   [{name,muc_register},parallel]
=started       2024-12-18 20:44:07
=ended         2024-12-18 20:44:07
=result        ok
=elapsed       0.000003s
=case          ejabberd_SUITE:muc_register_master
=logfile       ejabberd_suite.muc_register_master.10595.html
=started       2024-12-18 20:44:07
=ended         2024-12-18 20:44:07
=result        ok
=elapsed       0.111412s
=case          ejabberd_SUITE:muc_register_slave
=logfile       ejabberd_suite.muc_register_slave.10627.html
=started       2024-12-18 20:44:07
=ended         2024-12-18 20:44:07
=result        ok
=elapsed       0.108495s
=case          ejabberd_SUITE:end_per_group
=logfile       ejabberd_suite.end_per_group.10691.html
=group_props   [{name,muc_register},parallel]
=started       2024-12-18 20:44:07
=ended         2024-12-18 20:44:07
=result        ok
=elapsed       0.000003s
=group_time    0.168s
=case          ejabberd_SUITE:init_per_group
=logfile       ejabberd_suite.init_per_group.10723.html
=group_props   [{name,muc_groupchat_msg},parallel]
=started       2024-12-18 20:44:07
=ended         2024-12-18 20:44:07
=result        ok
=elapsed       0.000003s
=case          ejabberd_SUITE:muc_groupchat_msg_master
=logfile       ejabberd_suite.muc_groupchat_msg_master.10755.html
=started       2024-12-18 20:44:07
=ended         2024-12-18 20:44:07
=result        ok
=elapsed       0.112030s
=case          ejabberd_SUITE:muc_groupchat_msg_slave
=logfile       ejabberd_suite.muc_groupchat_msg_slave.10787.html
=started       2024-12-18 20:44:07
=ended         2024-12-18 20:44:07
=result        ok
=elapsed       0.109368s
=case          ejabberd_SUITE:end_per_group
=logfile       ejabberd_suite.end_per_group.10915.html
=group_props   [{name,muc_groupchat_msg},parallel]
=started       2024-12-18 20:44:07
=ended         2024-12-18 20:44:07
=result        ok
=elapsed       0.000003s
=group_time    0.170s
=case          ejabberd_SUITE:init_per_group
=logfile       ejabberd_suite.init_per_group.10947.html
=group_props   [{name,muc_private_msg},parallel]
=started       2024-12-18 20:44:07
=ended         2024-12-18 20:44:07
=result        ok
=elapsed       0.000003s
=case          ejabberd_SUITE:muc_private_msg_master
=logfile       ejabberd_suite.muc_private_msg_master.10498.html
=started       2024-12-18 20:44:07
=ended         2024-12-18 20:44:08
=result        ok
=elapsed       0.152081s
=case          ejabberd_SUITE:muc_private_msg_slave
=logfile       ejabberd_suite.muc_private_msg_slave.10530.html
=started       2024-12-18 20:44:07
=ended         2024-12-18 20:44:08
=result        ok
=elapsed       0.148283s
=case          ejabberd_SUITE:end_per_group
=logfile       ejabberd_suite.end_per_group.10626.html
=group_props   [{name,muc_private_msg},parallel]
=started       2024-12-18 20:44:08
=ended         2024-12-18 20:44:08
=result        ok
=elapsed       0.000010s
=group_time    0.212s
=case          ejabberd_SUITE:init_per_group
=logfile       ejabberd_suite.init_per_group.10658.html
=group_props   [{name,muc_set_subject},parallel]
=started       2024-12-18 20:44:08
=ended         2024-12-18 20:44:08
=result        ok
=elapsed       0.000004s
=case          ejabberd_SUITE:muc_set_subject_master
=logfile       ejabberd_suite.muc_set_subject_master.10690.html
=started       2024-12-18 20:44:08
=ended         2024-12-18 20:44:08
=result        ok
=elapsed       0.116189s
=case          ejabberd_SUITE:muc_set_subject_slave
=logfile       ejabberd_suite.muc_set_subject_slave.3621.html
=started       2024-12-18 20:44:08
=ended         2024-12-18 20:44:08
=result        ok
=elapsed       0.111634s
=case          ejabberd_SUITE:end_per_group
=logfile       ejabberd_suite.end_per_group.3685.html
=group_props   [{name,muc_set_subject},parallel]
=started       2024-12-18 20:44:08
=ended         2024-12-18 20:44:08
=result        ok
=elapsed       0.000012s
=group_time    0.173s
=case          ejabberd_SUITE:init_per_group
=logfile       ejabberd_suite.init_per_group.3717.html
=group_props   [{name,muc_history},parallel]
=started       2024-12-18 20:44:08
=ended         2024-12-18 20:44:08
=result        ok
=elapsed       0.000003s
=case          ejabberd_SUITE:muc_history_master
=logfile       ejabberd_suite.muc_history_master.3749.html
=started       2024-12-18 20:44:08
=ended         2024-12-18 20:44:08
=result        ok
=elapsed       0.141295s
=case          ejabberd_SUITE:muc_history_slave
=logfile       ejabberd_suite.muc_history_slave.3781.html
=started       2024-12-18 20:44:08
=ended         2024-12-18 20:44:08
=result        ok
=elapsed       0.136888s
=case          ejabberd_SUITE:end_per_group
=logfile       ejabberd_suite.end_per_group.3845.html
=group_props   [{name,muc_history},parallel]
=started       2024-12-18 20:44:08
=ended         2024-12-18 20:44:08
=result        ok
=elapsed       0.000003s
=group_time    0.200s
=case          ejabberd_SUITE:init_per_group
=logfile       ejabberd_suite.init_per_group.3877.html
=group_props   [{name,muc_invite},parallel]
=started       2024-12-18 20:44:08
=ended         2024-12-18 20:44:08
=result        ok
=elapsed       0.000003s
=case          ejabberd_SUITE:muc_invite_master
=logfile       ejabberd_suite.muc_invite_master.8420.html
=started       2024-12-18 20:44:08
=ended         2024-12-18 20:44:08
=result        ok
=elapsed       0.108348s
=case          ejabberd_SUITE:muc_invite_slave
=logfile       ejabberd_suite.muc_invite_slave.8388.html
=started       2024-12-18 20:44:08
=ended         2024-12-18 20:44:08
=result        ok
=elapsed       0.145367s
=case          ejabberd_SUITE:end_per_group
=logfile       ejabberd_suite.end_per_group.8484.html
=group_props   [{name,muc_invite},parallel]
=started       2024-12-18 20:44:08
=ended         2024-12-18 20:44:08
=result        ok
=elapsed       0.000003s
=group_time    0.205s
=case          ejabberd_SUITE:init_per_group
=logfile       ejabberd_suite.init_per_group.8516.html
=group_props   [{name,muc_invite_members_only},parallel]
=started       2024-12-18 20:44:08
=ended         2024-12-18 20:44:08
=result        ok
=elapsed       0.000003s
=case          ejabberd_SUITE:muc_invite_members_only_master
=logfile       ejabberd_suite.muc_invite_members_only_master.11011.html
=started       2024-12-18 20:44:08
=ended         2024-12-18 20:44:09
=result        ok
=elapsed       0.107311s
=case          ejabberd_SUITE:muc_invite_members_only_slave
=logfile       ejabberd_suite.muc_invite_members_only_slave.8548.html
=started       2024-12-18 20:44:08
=ended         2024-12-18 20:44:09
=result        ok
=elapsed       0.106506s
=case          ejabberd_SUITE:end_per_group
=logfile       ejabberd_suite.end_per_group.8644.html
=group_props   [{name,muc_invite_members_only},parallel]
=started       2024-12-18 20:44:09
=ended         2024-12-18 20:44:09
=result        ok
=elapsed       0.000003s
=group_time    0.164s
=case          ejabberd_SUITE:init_per_group
=logfile       ejabberd_suite.init_per_group.8676.html
=group_props   [{name,muc_invite_password_protected},parallel]
=started       2024-12-18 20:44:09
=ended         2024-12-18 20:44:09
=result        ok
=elapsed       0.000003s
=case          ejabberd_SUITE:muc_invite_password_protected_master
=logfile       ejabberd_suite.muc_invite_password_protected_master.8708.html
=started       2024-12-18 20:44:09
=ended         2024-12-18 20:44:09
=result        ok
=elapsed       0.155155s
=case          ejabberd_SUITE:muc_invite_password_protected_slave
=logfile       ejabberd_suite.muc_invite_password_protected_slave.10978.html
=started       2024-12-18 20:44:09
=ended         2024-12-18 20:44:09
=result        ok
=elapsed       0.105164s
=case          ejabberd_SUITE:end_per_group
=logfile       ejabberd_suite.end_per_group.11074.html
=group_props   [{name,muc_invite_password_protected},parallel]
=started       2024-12-18 20:44:09
=ended         2024-12-18 20:44:09
=result        ok
=elapsed       0.000003s
=group_time    0.214s
=case          ejabberd_SUITE:init_per_group
=logfile       ejabberd_suite.init_per_group.11106.html
=group_props   [{name,muc_voice_request},parallel]
=started       2024-12-18 20:44:09
=ended         2024-12-18 20:44:09
=result        ok
=elapsed       0.000003s
=case          ejabberd_SUITE:muc_voice_request_master
=logfile       ejabberd_suite.muc_voice_request_master.11138.html
=started       2024-12-18 20:44:09
=ended         2024-12-18 20:44:09
=result        ok
=elapsed       0.111670s
=case          ejabberd_SUITE:muc_voice_request_slave
=logfile       ejabberd_suite.muc_voice_request_slave.11170.html
=started       2024-12-18 20:44:09
=ended         2024-12-18 20:44:09
=result        ok
=elapsed       0.108932s
=case          ejabberd_SUITE:end_per_group
=logfile       ejabberd_suite.end_per_group.11266.html
=group_props   [{name,muc_voice_request},parallel]
=started       2024-12-18 20:44:09
=ended         2024-12-18 20:44:09
=result        ok
=elapsed       0.000003s
=group_time    0.170s
=case          ejabberd_SUITE:init_per_group
=logfile       ejabberd_suite.init_per_group.11298.html
=group_props   [{name,muc_change_role},parallel]
=started       2024-12-18 20:44:09
=ended         2024-12-18 20:44:09
=result        ok
=elapsed       0.000004s
=case          ejabberd_SUITE:muc_change_role_master
=logfile       ejabberd_suite.muc_change_role_master.11330.html
=started       2024-12-18 20:44:09
=ended         2024-12-18 20:44:09
=result        ok
=elapsed       0.115147s
=case          ejabberd_SUITE:muc_change_role_slave
=logfile       ejabberd_suite.muc_change_role_slave.11362.html
=started       2024-12-18 20:44:09
=ended         2024-12-18 20:44:09
=result        ok
=elapsed       0.113923s
=case          ejabberd_SUITE:end_per_group
=logfile       ejabberd_suite.end_per_group.8868.html
=group_props   [{name,muc_change_role},parallel]
=started       2024-12-18 20:44:09
=ended         2024-12-18 20:44:09
=result        ok
=elapsed       0.000007s
=group_time    0.174s
=case          ejabberd_SUITE:init_per_group
=logfile       ejabberd_suite.init_per_group.8900.html
=group_props   [{name,muc_kick},parallel]
=started       2024-12-18 20:44:09
=ended         2024-12-18 20:44:09
=result        ok
=elapsed       0.000003s
=case          ejabberd_SUITE:muc_kick_master
=logfile       ejabberd_suite.muc_kick_master.8932.html
=started       2024-12-18 20:44:09
=ended         2024-12-18 20:44:09
=result        ok
=elapsed       0.110371s
=case          ejabberd_SUITE:muc_kick_slave
=logfile       ejabberd_suite.muc_kick_slave.8964.html
=started       2024-12-18 20:44:09
=ended         2024-12-18 20:44:09
=result        ok
=elapsed       0.107311s
=case          ejabberd_SUITE:end_per_group
=logfile       ejabberd_suite.end_per_group.9092.html
=group_props   [{name,muc_kick},parallel]
=started       2024-12-18 20:44:09
=ended         2024-12-18 20:44:09
=result        ok
=elapsed       0.000007s
=group_time    0.168s
=case          ejabberd_SUITE:init_per_group
=logfile       ejabberd_suite.init_per_group.9124.html
=group_props   [{name,muc_change_affiliation},parallel]
=started       2024-12-18 20:44:09
=ended         2024-12-18 20:44:09
=result        ok
=elapsed       0.000003s
=case          ejabberd_SUITE:muc_change_affiliation_master
=logfile       ejabberd_suite.muc_change_affiliation_master.9156.html
=started       2024-12-18 20:44:09
=ended         2024-12-18 20:44:10
=result        ok
=elapsed       0.118827s
=case          ejabberd_SUITE:muc_change_affiliation_slave
=logfile       ejabberd_suite.muc_change_affiliation_slave.9188.html
=started       2024-12-18 20:44:09
=ended         2024-12-18 20:44:10
=result        ok
=elapsed       0.114351s
=case          ejabberd_SUITE:end_per_group
=logfile       ejabberd_suite.end_per_group.9220.html
=group_props   [{name,muc_change_affiliation},parallel]
=started       2024-12-18 20:44:10
=ended         2024-12-18 20:44:10
=result        ok
=elapsed       0.000003s
=group_time    0.174s
=case          ejabberd_SUITE:init_per_group
=logfile       ejabberd_suite.init_per_group.9252.html
=group_props   [{name,muc_destroy},parallel]
=started       2024-12-18 20:44:10
=ended         2024-12-18 20:44:10
=result        ok
=elapsed       0.000003s
=case          ejabberd_SUITE:muc_destroy_master
=logfile       ejabberd_suite.muc_destroy_master.9284.html
=started       2024-12-18 20:44:10
=ended         2024-12-18 20:44:10
=result        ok
=elapsed       0.107525s
=case          ejabberd_SUITE:muc_destroy_slave
=logfile       ejabberd_suite.muc_destroy_slave.9316.html
=started       2024-12-18 20:44:10
=ended         2024-12-18 20:44:10
=result        ok
=elapsed       0.106751s
=case          ejabberd_SUITE:end_per_group
=logfile       ejabberd_suite.end_per_group.11363.html
=group_props   [{name,muc_destroy},parallel]
=started       2024-12-18 20:44:10
=ended         2024-12-18 20:44:10
=result        ok
=elapsed       0.000004s
=group_time    0.166s
=case          ejabberd_SUITE:init_per_group
=logfile       ejabberd_suite.init_per_group.11395.html
=group_props   [{name,muc_vcard},parallel]
=started       2024-12-18 20:44:10
=ended         2024-12-18 20:44:10
=result        ok
=elapsed       0.000003s
=case          ejabberd_SUITE:muc_vcard_master
=logfile       ejabberd_suite.muc_vcard_master.11427.html
=started       2024-12-18 20:44:10
=ended         2024-12-18 20:44:10
=result        ok
=elapsed       0.112361s
=case          ejabberd_SUITE:muc_vcard_slave
=logfile       ejabberd_suite.muc_vcard_slave.11459.html
=started       2024-12-18 20:44:10
=ended         2024-12-18 20:44:10
=result        ok
=elapsed       0.111278s
=case          ejabberd_SUITE:end_per_group
=logfile       ejabberd_suite.end_per_group.9380.html
=group_props   [{name,muc_vcard},parallel]
=started       2024-12-18 20:44:10
=ended         2024-12-18 20:44:10
=result        ok
=elapsed       0.000008s
=group_time    0.170s
=case          ejabberd_SUITE:init_per_group
=logfile       ejabberd_suite.init_per_group.9412.html
=group_props   [{name,muc_nick_change},parallel]
=started       2024-12-18 20:44:10
=ended         2024-12-18 20:44:10
=result        ok
=elapsed       0.000004s
=case          ejabberd_SUITE:muc_nick_change_master
=logfile       ejabberd_suite.muc_nick_change_master.9444.html
=started       2024-12-18 20:44:10
=ended         2024-12-18 20:44:10
=result        ok
=elapsed       0.109344s
=case          ejabberd_SUITE:muc_nick_change_slave
=logfile       ejabberd_suite.muc_nick_change_slave.11587.html
=started       2024-12-18 20:44:10
=ended         2024-12-18 20:44:10
=result        ok
=elapsed       0.108054s
=case          ejabberd_SUITE:end_per_group
=logfile       ejabberd_suite.end_per_group.11683.html
=group_props   [{name,muc_nick_change},parallel]
=started       2024-12-18 20:44:10
=ended         2024-12-18 20:44:10
=result        ok
=elapsed       0.000003s
=group_time    0.168s
=case          ejabberd_SUITE:init_per_group
=logfile       ejabberd_suite.init_per_group.11715.html
=group_props   [{name,muc_config_title_desc},parallel]
=started       2024-12-18 20:44:10
=ended         2024-12-18 20:44:10
=result        ok
=elapsed       0.000003s
=case          ejabberd_SUITE:muc_config_title_desc_master
=logfile       ejabberd_suite.muc_config_title_desc_master.11747.html
=started       2024-12-18 20:44:10
=ended         2024-12-18 20:44:10
=result        ok
=elapsed       0.110692s
=case          ejabberd_SUITE:muc_config_title_desc_slave
=logfile       ejabberd_suite.muc_config_title_desc_slave.11779.html
=started       2024-12-18 20:44:10
=ended         2024-12-18 20:44:10
=result        ok
=elapsed       0.108593s
=case          ejabberd_SUITE:end_per_group
=logfile       ejabberd_suite.end_per_group.11843.html
=group_props   [{name,muc_config_title_desc},parallel]
=started       2024-12-18 20:44:10
=ended         2024-12-18 20:44:10
=result        ok
=elapsed       0.000002s
=group_time    0.170s
=case          ejabberd_SUITE:init_per_group
=logfile       ejabberd_suite.init_per_group.11875.html
=group_props   [{name,muc_config_public_list},parallel]
=started       2024-12-18 20:44:10
=ended         2024-12-18 20:44:10
=result        ok
=elapsed       0.000004s
=case          ejabberd_SUITE:muc_config_public_list_master
=logfile       ejabberd_suite.muc_config_public_list_master.11907.html
=started       2024-12-18 20:44:10
=ended         2024-12-18 20:44:11
=result        ok
=elapsed       0.111892s
=case          ejabberd_SUITE:muc_config_public_list_slave
=logfile       ejabberd_suite.muc_config_public_list_slave.11939.html
=started       2024-12-18 20:44:10
=ended         2024-12-18 20:44:11
=result        ok
=elapsed       0.111856s
=case          ejabberd_SUITE:end_per_group
=logfile       ejabberd_suite.end_per_group.11971.html
=group_props   [{name,muc_config_public_list},parallel]
=started       2024-12-18 20:44:11
=ended         2024-12-18 20:44:11
=result        ok
=elapsed       0.000009s
=group_time    0.171s
=case          ejabberd_SUITE:init_per_group
=logfile       ejabberd_suite.init_per_group.12003.html
=group_props   [{name,muc_config_password},parallel]
=started       2024-12-18 20:44:11
=ended         2024-12-18 20:44:11
=result        ok
=elapsed       0.000003s
=case          ejabberd_SUITE:muc_config_password_master
=logfile       ejabberd_suite.muc_config_password_master.12035.html
=started       2024-12-18 20:44:11
=ended         2024-12-18 20:44:11
=result        ok
=elapsed       0.112018s
=case          ejabberd_SUITE:muc_config_password_slave
=logfile       ejabberd_suite.muc_config_password_slave.12067.html
=started       2024-12-18 20:44:11
=ended         2024-12-18 20:44:11
=result        ok
=elapsed       0.110207s
=case          ejabberd_SUITE:end_per_group
=logfile       ejabberd_suite.end_per_group.12131.html
=group_props   [{name,muc_config_password},parallel]
=started       2024-12-18 20:44:11
=ended         2024-12-18 20:44:11
=result        ok
=elapsed       0.000003s
=group_time    0.171s
=case          ejabberd_SUITE:init_per_group
=logfile       ejabberd_suite.init_per_group.9764.html
=group_props   [{name,muc_config_whois},parallel]
=started       2024-12-18 20:44:11
=ended         2024-12-18 20:44:11
=result        ok
=elapsed       0.000004s
=case          ejabberd_SUITE:muc_config_whois_master
=logfile       ejabberd_suite.muc_config_whois_master.9796.html
=started       2024-12-18 20:44:11
=ended         2024-12-18 20:44:11
=result        ok
=elapsed       0.116227s
=case          ejabberd_SUITE:muc_config_whois_slave
=logfile       ejabberd_suite.muc_config_whois_slave.9828.html
=started       2024-12-18 20:44:11
=ended         2024-12-18 20:44:11
=result        ok
=elapsed       0.115142s
=case          ejabberd_SUITE:end_per_group
=logfile       ejabberd_suite.end_per_group.12195.html
=group_props   [{name,muc_config_whois},parallel]
=started       2024-12-18 20:44:11
=ended         2024-12-18 20:44:11
=result        ok
=elapsed       0.000003s
=group_time    0.176s
=case          ejabberd_SUITE:init_per_group
=logfile       ejabberd_suite.init_per_group.12227.html
=group_props   [{name,muc_config_members_only},parallel]
=started       2024-12-18 20:44:11
=ended         2024-12-18 20:44:11
=result        ok
=elapsed       0.000004s
=case          ejabberd_SUITE:muc_config_members_only_master
=logfile       ejabberd_suite.muc_config_members_only_master.12259.html
=started       2024-12-18 20:44:11
=ended         2024-12-18 20:44:11
=result        ok
=elapsed       0.114273s
=case          ejabberd_SUITE:muc_config_members_only_slave
=logfile       ejabberd_suite.muc_config_members_only_slave.12291.html
=started       2024-12-18 20:44:11
=ended         2024-12-18 20:44:11
=result        ok
=elapsed       0.113016s
=case          ejabberd_SUITE:end_per_group
=logfile       ejabberd_suite.end_per_group.12355.html
=group_props   [{name,muc_config_members_only},parallel]
=started       2024-12-18 20:44:11
=ended         2024-12-18 20:44:11
=result        ok
=elapsed       0.000004s
=group_time    0.173s
=case          ejabberd_SUITE:init_per_group
=logfile       ejabberd_suite.init_per_group.9988.html
=group_props   [{name,muc_config_moderated},parallel]
=started       2024-12-18 20:44:11
=ended         2024-12-18 20:44:11
=result        ok
=elapsed       0.000003s
=case          ejabberd_SUITE:muc_config_moderated_master
=logfile       ejabberd_suite.muc_config_moderated_master.10020.html
=started       2024-12-18 20:44:11
=ended         2024-12-18 20:44:11
=result        ok
=elapsed       0.113536s
=case          ejabberd_SUITE:muc_config_moderated_slave
=logfile       ejabberd_suite.muc_config_moderated_slave.10052.html
=started       2024-12-18 20:44:11
=ended         2024-12-18 20:44:11
=result        ok
=elapsed       0.111436s
=case          ejabberd_SUITE:end_per_group
=logfile       ejabberd_suite.end_per_group.4133.html
=group_props   [{name,muc_config_moderated},parallel]
=started       2024-12-18 20:44:11
=ended         2024-12-18 20:44:11
=result        ok
=elapsed       0.000004s
=group_time    0.173s
=case          ejabberd_SUITE:init_per_group
=logfile       ejabberd_suite.init_per_group.12066.html
=group_props   [{name,muc_config_private_messages},parallel]
=started       2024-12-18 20:44:11
=ended         2024-12-18 20:44:11
=result        ok
=elapsed       0.000006s
=case          ejabberd_SUITE:muc_config_private_messages_master
=logfile       ejabberd_suite.muc_config_private_messages_master.12098.html
=started       2024-12-18 20:44:11
=ended         2024-12-18 20:44:12
=result        ok
=elapsed       0.118729s
=case          ejabberd_SUITE:muc_config_private_messages_slave
=logfile       ejabberd_suite.muc_config_private_messages_slave.12130.html
=started       2024-12-18 20:44:11
=ended         2024-12-18 20:44:12
=result        ok
=elapsed       0.116550s
=case          ejabberd_SUITE:end_per_group
=logfile       ejabberd_suite.end_per_group.12162.html
=group_props   [{name,muc_config_private_messages},parallel]
=started       2024-12-18 20:44:12
=ended         2024-12-18 20:44:12
=result        ok
=elapsed       0.000004s
=group_time    0.177s
=case          ejabberd_SUITE:init_per_group
=logfile       ejabberd_suite.init_per_group.12194.html
=group_props   [{name,muc_config_query},parallel]
=started       2024-12-18 20:44:12
=ended         2024-12-18 20:44:12
=result        ok
=elapsed       0.000004s
=case          ejabberd_SUITE:muc_config_query_master
=logfile       ejabberd_suite.muc_config_query_master.10148.html
=started       2024-12-18 20:44:12
=ended         2024-12-18 20:44:12
=result        ok
=elapsed       0.152538s
=case          ejabberd_SUITE:muc_config_query_slave
=logfile       ejabberd_suite.muc_config_query_slave.12451.html
=started       2024-12-18 20:44:12
=ended         2024-12-18 20:44:12
=result        ok
=elapsed       0.152180s
=case          ejabberd_SUITE:end_per_group
=logfile       ejabberd_suite.end_per_group.12515.html
=group_props   [{name,muc_config_query},parallel]
=started       2024-12-18 20:44:12
=ended         2024-12-18 20:44:12
=result        ok
=elapsed       0.000005s
=group_time    0.213s
=case          ejabberd_SUITE:init_per_group
=logfile       ejabberd_suite.init_per_group.12547.html
=group_props   [{name,muc_config_allow_invites},parallel]
=started       2024-12-18 20:44:12
=ended         2024-12-18 20:44:12
=result        ok
=elapsed       0.000004s
=case          ejabberd_SUITE:muc_config_allow_invites_master
=logfile       ejabberd_suite.muc_config_allow_invites_master.12579.html
=started       2024-12-18 20:44:12
=ended         2024-12-18 20:44:12
=result        ok
=elapsed       0.112905s
=case          ejabberd_SUITE:muc_config_allow_invites_slave
=logfile       ejabberd_suite.muc_config_allow_invites_slave.4261.html
=started       2024-12-18 20:44:12
=ended         2024-12-18 20:44:12
=result        ok
=elapsed       0.114435s
=case          ejabberd_SUITE:end_per_group
=logfile       ejabberd_suite.end_per_group.4421.html
=group_props   [{name,muc_config_allow_invites},parallel]
=started       2024-12-18 20:44:12
=ended         2024-12-18 20:44:12
=result        ok
=elapsed       0.000007s
=group_time    0.179s
=case          ejabberd_SUITE:init_per_group
=logfile       ejabberd_suite.init_per_group.4453.html
=group_props   [{name,muc_config_visitor_status},parallel]
=started       2024-12-18 20:44:12
=ended         2024-12-18 20:44:12
=result        ok
=elapsed       0.000003s
=case          ejabberd_SUITE:muc_config_visitor_status_master
=logfile       ejabberd_suite.muc_config_visitor_status_master.12611.html
=started       2024-12-18 20:44:12
=ended         2024-12-18 20:44:12
=result        ok
=elapsed       0.111933s
=case          ejabberd_SUITE:muc_config_visitor_status_slave
=logfile       ejabberd_suite.muc_config_visitor_status_slave.4485.html
=started       2024-12-18 20:44:12
=ended         2024-12-18 20:44:12
=result        ok
=elapsed       0.109527s
=case          ejabberd_SUITE:end_per_group
=logfile       ejabberd_suite.end_per_group.10436.html
=group_props   [{name,muc_config_visitor_status},parallel]
=started       2024-12-18 20:44:12
=ended         2024-12-18 20:44:12
=result        ok
=elapsed       0.000012s
=group_time    0.171s
=case          ejabberd_SUITE:init_per_group
=logfile       ejabberd_suite.init_per_group.10468.html
=group_props   [{name,muc_config_allow_voice_requests},parallel]
=started       2024-12-18 20:44:12
=ended         2024-12-18 20:44:12
=result        ok
=elapsed       0.000003s
=case          ejabberd_SUITE:muc_config_allow_voice_requests_master
=logfile       ejabberd_suite.muc_config_allow_voice_requests_master.10500.html
=started       2024-12-18 20:44:12
=ended         2024-12-18 20:44:12
=result        ok
=elapsed       0.111852s
=case          ejabberd_SUITE:muc_config_allow_voice_requests_slave
=logfile       ejabberd_suite.muc_config_allow_voice_requests_slave.10532.html
=started       2024-12-18 20:44:12
=ended         2024-12-18 20:44:12
=result        ok
=elapsed       0.110561s
=case          ejabberd_SUITE:end_per_group
=logfile       ejabberd_suite.end_per_group.10596.html
=group_props   [{name,muc_config_allow_voice_requests},parallel]
=started       2024-12-18 20:44:12
=ended         2024-12-18 20:44:12
=result        ok
=elapsed       0.000009s
=group_time    0.170s
=case          ejabberd_SUITE:init_per_group
=logfile       ejabberd_suite.init_per_group.10628.html
=group_props   [{name,muc_config_voice_request_interval},parallel]
=started       2024-12-18 20:44:12
=ended         2024-12-18 20:44:12
=result        ok
=elapsed       0.000004s
=case          ejabberd_SUITE:muc_config_voice_request_interval_master
=logfile       ejabberd_suite.muc_config_voice_request_interval_master.10660.html
=started       2024-12-18 20:44:12
=ended         2024-12-18 20:44:18
=result        ok
=elapsed       5.195344s
=case          ejabberd_SUITE:muc_config_voice_request_interval_slave
=logfile       ejabberd_suite.muc_config_voice_request_interval_slave.10692.html
=started       2024-12-18 20:44:12
=ended         2024-12-18 20:44:18
=result        ok
=elapsed       5.194121s
=case          ejabberd_SUITE:end_per_group
=logfile       ejabberd_suite.end_per_group.10756.html
=group_props   [{name,muc_config_voice_request_interval},parallel]
=started       2024-12-18 20:44:18
=ended         2024-12-18 20:44:18
=result        ok
=elapsed       0.000004s
=group_time    5.254s
=case          ejabberd_SUITE:init_per_group
=logfile       ejabberd_suite.init_per_group.10788.html
=group_props   [{name,muc_config_visitor_nickchange},parallel]
=started       2024-12-18 20:44:18
=ended         2024-12-18 20:44:18
=result        ok
=elapsed       0.000003s
=case          ejabberd_SUITE:muc_config_visitor_nickchange_master
=logfile       ejabberd_suite.muc_config_visitor_nickchange_master.10820.html
=started       2024-12-18 20:44:18
=ended         2024-12-18 20:44:18
=result        ok
=elapsed       0.111256s
=case          ejabberd_SUITE:muc_config_visitor_nickchange_slave
=logfile       ejabberd_suite.muc_config_visitor_nickchange_slave.12803.html
=started       2024-12-18 20:44:18
=ended         2024-12-18 20:44:18
=result        ok
=elapsed       0.109823s
=case          ejabberd_SUITE:end_per_group
=logfile       ejabberd_suite.end_per_group.12899.html
=group_props   [{name,muc_config_visitor_nickchange},parallel]
=started       2024-12-18 20:44:18
=ended         2024-12-18 20:44:18
=result        ok
=elapsed       0.000003s
=group_time    0.171s
=case          ejabberd_SUITE:init_per_group
=logfile       ejabberd_suite.init_per_group.12931.html
=group_props   [{name,muc_join_conflict},parallel]
=started       2024-12-18 20:44:18
=ended         2024-12-18 20:44:18
=result        ok
=elapsed       0.000003s
=case          ejabberd_SUITE:muc_join_conflict_master
=logfile       ejabberd_suite.muc_join_conflict_master.10884.html
=started       2024-12-18 20:44:18
=ended         2024-12-18 20:44:18
=result        ok
=elapsed       0.107157s
=case          ejabberd_SUITE:muc_join_conflict_slave
=logfile       ejabberd_suite.muc_join_conflict_slave.10916.html
=started       2024-12-18 20:44:18
=ended         2024-12-18 20:44:18
=result        ok
=elapsed       0.103992s
=case          ejabberd_SUITE:end_per_group
=logfile       ejabberd_suite.end_per_group.11044.html
=group_props   [{name,muc_join_conflict},parallel]
=started       2024-12-18 20:44:18
=ended         2024-12-18 20:44:18
=result        ok
=elapsed       0.000004s
=group_time    0.165s
=case          ejabberd_SUITE:end_per_group
=logfile       ejabberd_suite.end_per_group.12995.html
=group_props   [{name,muc_master_slave},sequence]
=started       2024-12-18 20:44:18
=ended         2024-12-18 20:44:18
=result        ok
=elapsed       0.000003s
=group_time    11.002s
=case          ejabberd_SUITE:init_per_group
=logfile       ejabberd_suite.init_per_group.13027.html
=group_props   [{name,privacy_master_slave},sequence]
=started       2024-12-18 20:44:18
=ended         2024-12-18 20:44:18
=result        ok
=elapsed       0.000003s
=case          ejabberd_SUITE:init_per_group
=logfile       ejabberd_suite.init_per_group.13059.html
=group_props   [{name,privacy_deny_bare_jid},parallel]
=started       2024-12-18 20:44:18
=ended         2024-12-18 20:44:18
=result        ok
=elapsed       0.000011s
=case          ejabberd_SUITE:privacy_deny_bare_jid_master
=logfile       ejabberd_suite.privacy_deny_bare_jid_master.13091.html
=started       2024-12-18 20:44:18
=ended         2024-12-18 20:44:19
=result        ok
=elapsed       1.118872s
=case          ejabberd_SUITE:privacy_deny_bare_jid_slave
=logfile       ejabberd_suite.privacy_deny_bare_jid_slave.13123.html
=started       2024-12-18 20:44:18
=ended         2024-12-18 20:44:19
=result        ok
=elapsed       1.119630s
=case          ejabberd_SUITE:end_per_group
=logfile       ejabberd_suite.end_per_group.13187.html
=group_props   [{name,privacy_deny_bare_jid},parallel]
=started       2024-12-18 20:44:19
=ended         2024-12-18 20:44:19
=result        ok
=elapsed       0.000003s
=group_time    1.178s
=case          ejabberd_SUITE:init_per_group
=logfile       ejabberd_suite.init_per_group.13219.html
=group_props   [{name,privacy_deny_full_jid},parallel]
=started       2024-12-18 20:44:19
=ended         2024-12-18 20:44:19
=result        ok
=elapsed       0.000003s
=case          ejabberd_SUITE:privacy_deny_full_jid_master
=logfile       ejabberd_suite.privacy_deny_full_jid_master.13251.html
=started       2024-12-18 20:44:19
=ended         2024-12-18 20:44:20
=result        ok
=elapsed       1.121859s
=case          ejabberd_SUITE:privacy_deny_full_jid_slave
=logfile       ejabberd_suite.privacy_deny_full_jid_slave.13283.html
=started       2024-12-18 20:44:19
=ended         2024-12-18 20:44:20
=result        ok
=elapsed       1.123537s
=case          ejabberd_SUITE:end_per_group
=logfile       ejabberd_suite.end_per_group.13379.html
=group_props   [{name,privacy_deny_full_jid},parallel]
=started       2024-12-18 20:44:20
=ended         2024-12-18 20:44:21
=result        ok
=elapsed       0.000003s
=group_time    1.182s
=case          ejabberd_SUITE:init_per_group
=logfile       ejabberd_suite.init_per_group.13411.html
=group_props   [{name,privacy_deny_server_bare_jid},parallel]
=started       2024-12-18 20:44:21
=ended         2024-12-18 20:44:21
=result        ok
=elapsed       0.000005s
=case          ejabberd_SUITE:privacy_deny_server_bare_jid_master
=logfile       ejabberd_suite.privacy_deny_server_bare_jid_master.13443.html
=started       2024-12-18 20:44:21
=ended         2024-12-18 20:44:22
=result        ok
=elapsed       1.119575s
=case          ejabberd_SUITE:privacy_deny_server_bare_jid_slave
=logfile       ejabberd_suite.privacy_deny_server_bare_jid_slave.13475.html
=started       2024-12-18 20:44:21
=ended         2024-12-18 20:44:22
=result        ok
=elapsed       1.120127s
=case          ejabberd_SUITE:end_per_group
=logfile       ejabberd_suite.end_per_group.13571.html
=group_props   [{name,privacy_deny_server_bare_jid},parallel]
=started       2024-12-18 20:44:22
=ended         2024-12-18 20:44:22
=result        ok
=elapsed       0.000003s
=group_time    1.180s
=case          ejabberd_SUITE:init_per_group
=logfile       ejabberd_suite.init_per_group.13603.html
=group_props   [{name,privacy_deny_server_full_jid},parallel]
=started       2024-12-18 20:44:22
=ended         2024-12-18 20:44:22
=result        ok
=elapsed       0.000003s
=case          ejabberd_SUITE:privacy_deny_server_full_jid_master
=logfile       ejabberd_suite.privacy_deny_server_full_jid_master.13635.html
=started       2024-12-18 20:44:22
=ended         2024-12-18 20:44:23
=result        ok
=elapsed       1.117119s
=case          ejabberd_SUITE:privacy_deny_server_full_jid_slave
=logfile       ejabberd_suite.privacy_deny_server_full_jid_slave.13667.html
=started       2024-12-18 20:44:22
=ended         2024-12-18 20:44:23
=result        ok
=elapsed       1.118001s
=case          ejabberd_SUITE:end_per_group
=logfile       ejabberd_suite.end_per_group.13827.html
=group_props   [{name,privacy_deny_server_full_jid},parallel]
=started       2024-12-18 20:44:23
=ended         2024-12-18 20:44:23
=result        ok
=elapsed       0.000003s
=group_time    1.177s
=case          ejabberd_SUITE:init_per_group
=logfile       ejabberd_suite.init_per_group.13859.html
=group_props   [{name,privacy_deny_group},parallel]
=started       2024-12-18 20:44:23
=ended         2024-12-18 20:44:23
=result        ok
=elapsed       0.000003s
=case          ejabberd_SUITE:privacy_deny_group_master
=logfile       ejabberd_suite.privacy_deny_group_master.13891.html
=started       2024-12-18 20:44:23
=ended         2024-12-18 20:44:24
=result        ok
=elapsed       1.126410s
=case          ejabberd_SUITE:privacy_deny_group_slave
=logfile       ejabberd_suite.privacy_deny_group_slave.13923.html
=started       2024-12-18 20:44:23
=ended         2024-12-18 20:44:24
=result        ok
=elapsed       1.127050s
=case          ejabberd_SUITE:end_per_group
=logfile       ejabberd_suite.end_per_group.14051.html
=group_props   [{name,privacy_deny_group},parallel]
=started       2024-12-18 20:44:24
=ended         2024-12-18 20:44:24
=result        ok
=elapsed       0.000009s
=group_time    1.187s
=case          ejabberd_SUITE:init_per_group
=logfile       ejabberd_suite.init_per_group.14083.html
=group_props   [{name,privacy_deny_sub_both},parallel]
=started       2024-12-18 20:44:24
=ended         2024-12-18 20:44:24
=result        ok
=elapsed       0.000003s
=case          ejabberd_SUITE:privacy_deny_sub_both_master
=logfile       ejabberd_suite.privacy_deny_sub_both_master.14115.html
=started       2024-12-18 20:44:24
=ended         2024-12-18 20:44:25
=result        ok
=elapsed       1.123819s
=case          ejabberd_SUITE:privacy_deny_sub_both_slave
=logfile       ejabberd_suite.privacy_deny_sub_both_slave.14147.html
=started       2024-12-18 20:44:24
=ended         2024-12-18 20:44:25
=result        ok
=elapsed       1.122734s
=case          ejabberd_SUITE:end_per_group
=logfile       ejabberd_suite.end_per_group.14243.html
=group_props   [{name,privacy_deny_sub_both},parallel]
=started       2024-12-18 20:44:25
=ended         2024-12-18 20:44:25
=result        ok
=elapsed       0.000003s
=group_time    1.182s
=case          ejabberd_SUITE:init_per_group
=logfile       ejabberd_suite.init_per_group.14275.html
=group_props   [{name,privacy_deny_sub_from},parallel]
=started       2024-12-18 20:44:25
=ended         2024-12-18 20:44:25
=result        ok
=elapsed       0.000004s
=case          ejabberd_SUITE:privacy_deny_sub_from_master
=logfile       ejabberd_suite.privacy_deny_sub_from_master.14307.html
=started       2024-12-18 20:44:25
=ended         2024-12-18 20:44:27
=result        ok
=elapsed       1.131916s
=case          ejabberd_SUITE:privacy_deny_sub_from_slave
=logfile       ejabberd_suite.privacy_deny_sub_from_slave.14339.html
=started       2024-12-18 20:44:25
=ended         2024-12-18 20:44:27
=result        ok
=elapsed       1.130700s
=case          ejabberd_SUITE:end_per_group
=logfile       ejabberd_suite.end_per_group.14467.html
=group_props   [{name,privacy_deny_sub_from},parallel]
=started       2024-12-18 20:44:27
=ended         2024-12-18 20:44:27
=result        ok
=elapsed       0.000003s
=group_time    1.191s
=case          ejabberd_SUITE:init_per_group
=logfile       ejabberd_suite.init_per_group.14499.html
=group_props   [{name,privacy_deny_sub_to},parallel]
=started       2024-12-18 20:44:27
=ended         2024-12-18 20:44:27
=result        ok
=elapsed       0.000003s
=case          ejabberd_SUITE:privacy_deny_sub_to_master
=logfile       ejabberd_suite.privacy_deny_sub_to_master.14531.html
=started       2024-12-18 20:44:27
=ended         2024-12-18 20:44:28
=result        ok
=elapsed       1.118231s
=case          ejabberd_SUITE:privacy_deny_sub_to_slave
=logfile       ejabberd_suite.privacy_deny_sub_to_slave.14563.html
=started       2024-12-18 20:44:27
=ended         2024-12-18 20:44:28
=result        ok
=elapsed       1.119127s
=case          ejabberd_SUITE:end_per_group
=logfile       ejabberd_suite.end_per_group.14723.html
=group_props   [{name,privacy_deny_sub_to},parallel]
=started       2024-12-18 20:44:28
=ended         2024-12-18 20:44:28
=result        ok
=elapsed       0.000003s
=group_time    1.177s
=case          ejabberd_SUITE:init_per_group
=logfile       ejabberd_suite.init_per_group.14755.html
=group_props   [{name,privacy_deny_sub_none},parallel]
=started       2024-12-18 20:44:28
=ended         2024-12-18 20:44:28
=result        ok
=elapsed       0.000002s
=case          ejabberd_SUITE:privacy_deny_sub_none_master
=logfile       ejabberd_suite.privacy_deny_sub_none_master.13122.html
=started       2024-12-18 20:44:28
=ended         2024-12-18 20:44:29
=result        ok
=elapsed       1.125495s
=case          ejabberd_SUITE:privacy_deny_sub_none_slave
=logfile       ejabberd_suite.privacy_deny_sub_none_slave.13154.html
=started       2024-12-18 20:44:28
=ended         2024-12-18 20:44:29
=result        ok
=elapsed       1.126354s
=case          ejabberd_SUITE:end_per_group
=logfile       ejabberd_suite.end_per_group.13378.html
=group_props   [{name,privacy_deny_sub_none},parallel]
=started       2024-12-18 20:44:29
=ended         2024-12-18 20:44:29
=result        ok
=elapsed       0.000004s
=group_time    1.183s
=case          ejabberd_SUITE:init_per_group
=logfile       ejabberd_suite.init_per_group.13410.html
=group_props   [{name,privacy_deny_all},parallel]
=started       2024-12-18 20:44:29
=ended         2024-12-18 20:44:29
=result        ok
=elapsed       0.000003s
=case          ejabberd_SUITE:privacy_deny_all_master
=logfile       ejabberd_suite.privacy_deny_all_master.13442.html
=started       2024-12-18 20:44:29
=ended         2024-12-18 20:44:30
=result        ok
=elapsed       1.120327s
=case          ejabberd_SUITE:privacy_deny_all_slave
=logfile       ejabberd_suite.privacy_deny_all_slave.13474.html
=started       2024-12-18 20:44:29
=ended         2024-12-18 20:44:30
=result        ok
=elapsed       1.122652s
=case          ejabberd_SUITE:end_per_group
=logfile       ejabberd_suite.end_per_group.13570.html
=group_props   [{name,privacy_deny_all},parallel]
=started       2024-12-18 20:44:30
=ended         2024-12-18 20:44:30
=result        ok
=elapsed       0.000003s
=group_time    1.181s
=case          ejabberd_SUITE:init_per_group
=logfile       ejabberd_suite.init_per_group.13602.html
=group_props   [{name,privacy_deny_offline},parallel]
=started       2024-12-18 20:44:30
=ended         2024-12-18 20:44:30
=result        ok
=elapsed       0.000003s
=case          ejabberd_SUITE:privacy_deny_offline_master
=logfile       ejabberd_suite.privacy_deny_offline_master.13634.html
=started       2024-12-18 20:44:30
=ended         2024-12-18 20:44:30
=result        ok
=elapsed       0.233274s
=case          ejabberd_SUITE:privacy_deny_offline_slave
=logfile       ejabberd_suite.privacy_deny_offline_slave.13666.html
=started       2024-12-18 20:44:30
=ended         2024-12-18 20:44:31
=result        ok
=elapsed       0.335510s
=case          ejabberd_SUITE:end_per_group
=logfile       ejabberd_suite.end_per_group.13730.html
=group_props   [{name,privacy_deny_offline},parallel]
=started       2024-12-18 20:44:31
=ended         2024-12-18 20:44:31
=result        ok
=elapsed       0.000009s
=group_time    0.395s
=case          ejabberd_SUITE:init_per_group
=logfile       ejabberd_suite.init_per_group.14947.html
=group_props   [{name,privacy_block},parallel]
=started       2024-12-18 20:44:31
=ended         2024-12-18 20:44:31
=result        ok
=elapsed       0.000003s
=case          ejabberd_SUITE:privacy_block_master
=logfile       ejabberd_suite.privacy_block_master.14979.html
=started       2024-12-18 20:44:31
=ended         2024-12-18 20:44:31
=result        ok
=elapsed       0.417346s
=case          ejabberd_SUITE:privacy_block_slave
=logfile       ejabberd_suite.privacy_block_slave.13762.html
=started       2024-12-18 20:44:31
=ended         2024-12-18 20:44:31
=result        ok
=elapsed       0.416769s
=case          ejabberd_SUITE:end_per_group
=logfile       ejabberd_suite.end_per_group.13922.html
=group_props   [{name,privacy_block},parallel]
=started       2024-12-18 20:44:31
=ended         2024-12-18 20:44:31
=result        ok
=elapsed       0.000003s
=group_time    0.477s
=case          ejabberd_SUITE:init_per_group
=logfile       ejabberd_suite.init_per_group.13954.html
=group_props   [{name,privacy_unblock},parallel]
=started       2024-12-18 20:44:31
=ended         2024-12-18 20:44:31
=result        ok
=elapsed       0.000003s
=case          ejabberd_SUITE:privacy_unblock_master
=logfile       ejabberd_suite.privacy_unblock_master.13986.html
=started       2024-12-18 20:44:31
=ended         2024-12-18 20:44:31
=result        ok
=elapsed       0.191129s
=case          ejabberd_SUITE:privacy_unblock_slave
=logfile       ejabberd_suite.privacy_unblock_slave.14018.html
=started       2024-12-18 20:44:31
=ended         2024-12-18 20:44:31
=result        ok
=elapsed       0.189782s
=case          ejabberd_SUITE:end_per_group
=logfile       ejabberd_suite.end_per_group.14146.html
=group_props   [{name,privacy_unblock},parallel]
=started       2024-12-18 20:44:31
=ended         2024-12-18 20:44:31
=result        ok
=elapsed       0.000003s
=group_time    0.251s
=case          ejabberd_SUITE:init_per_group
=logfile       ejabberd_suite.init_per_group.11492.html
=group_props   [{name,privacy_unblock_all},parallel]
=started       2024-12-18 20:44:31
=ended         2024-12-18 20:44:31
=result        ok
=elapsed       0.000004s
=case          ejabberd_SUITE:privacy_unblock_all_master
=logfile       ejabberd_suite.privacy_unblock_all_master.11524.html
=started       2024-12-18 20:44:31
=ended         2024-12-18 20:44:32
=result        ok
=elapsed       0.189767s
=case          ejabberd_SUITE:privacy_unblock_all_slave
=logfile       ejabberd_suite.privacy_unblock_all_slave.11556.html
=started       2024-12-18 20:44:31
=ended         2024-12-18 20:44:32
=result        ok
=elapsed       0.189909s
=case          ejabberd_SUITE:end_per_group
=logfile       ejabberd_suite.end_per_group.11652.html
=group_props   [{name,privacy_unblock_all},parallel]
=started       2024-12-18 20:44:32
=ended         2024-12-18 20:44:32
=result        ok
=elapsed       0.000004s
=group_time    0.250s
=case          ejabberd_SUITE:end_per_group
=logfile       ejabberd_suite.end_per_group.11684.html
=group_props   [{name,privacy_master_slave},sequence]
=started       2024-12-18 20:44:32
=ended         2024-12-18 20:44:32
=result        ok
=elapsed       0.000008s
=group_time    13.570s
=case          ejabberd_SUITE:init_per_group
=logfile       ejabberd_suite.init_per_group.11716.html
=group_props   [{name,pubsub_master_slave},sequence]
=started       2024-12-18 20:44:32
=ended         2024-12-18 20:44:32
=result        ok
=elapsed       0.000004s
=case          ejabberd_SUITE:init_per_group
=logfile       ejabberd_suite.init_per_group.11748.html
=group_props   [{name,pubsub_publish},parallel]
=started       2024-12-18 20:44:32
=ended         2024-12-18 20:44:32
=result        ok
=elapsed       0.000003s
=case          ejabberd_SUITE:pubsub_publish_master
=logfile       ejabberd_suite.pubsub_publish_master.11780.html
=started       2024-12-18 20:44:32
=ended         2024-12-18 20:44:32
=result        ok
=elapsed       0.107707s
=case          ejabberd_SUITE:pubsub_publish_slave
=logfile       ejabberd_suite.pubsub_publish_slave.15107.html
=started       2024-12-18 20:44:32
=ended         2024-12-18 20:44:32
=result        ok
=elapsed       0.102874s
=case          ejabberd_SUITE:end_per_group
=logfile       ejabberd_suite.end_per_group.11876.html
=group_props   [{name,pubsub_publish},parallel]
=started       2024-12-18 20:44:32
=ended         2024-12-18 20:44:32
=result        ok
=elapsed       0.000002s
=group_time    0.163s
=case          ejabberd_SUITE:init_per_group
=logfile       ejabberd_suite.init_per_group.15171.html
=group_props   [{name,pubsub_subscriptions},parallel]
=started       2024-12-18 20:44:32
=ended         2024-12-18 20:44:32
=result        ok
=elapsed       0.000003s
=case          ejabberd_SUITE:pubsub_subscriptions_master
=logfile       ejabberd_suite.pubsub_subscriptions_master.15203.html
=started       2024-12-18 20:44:32
=ended         2024-12-18 20:44:32
=result        ok
=elapsed       0.113004s
=case          ejabberd_SUITE:pubsub_subscriptions_slave
=logfile       ejabberd_suite.pubsub_subscriptions_slave.15235.html
=started       2024-12-18 20:44:32
=ended         2024-12-18 20:44:32
=result        ok
=elapsed       0.109907s
=case          ejabberd_SUITE:end_per_group
=logfile       ejabberd_suite.end_per_group.11940.html
=group_props   [{name,pubsub_subscriptions},parallel]
=started       2024-12-18 20:44:32
=ended         2024-12-18 20:44:32
=result        ok
=elapsed       0.000003s
=group_time    0.172s
=case          ejabberd_SUITE:init_per_group
=logfile       ejabberd_suite.init_per_group.14306.html
=group_props   [{name,pubsub_affiliations},parallel]
=started       2024-12-18 20:44:32
=ended         2024-12-18 20:44:32
=result        ok
=elapsed       0.000003s
=case          ejabberd_SUITE:pubsub_affiliations_master
=logfile       ejabberd_suite.pubsub_affiliations_master.14338.html
=started       2024-12-18 20:44:32
=ended         2024-12-18 20:44:34
=result        ok
=elapsed       1.712222s
=case          ejabberd_SUITE:pubsub_affiliations_slave
=logfile       ejabberd_suite.pubsub_affiliations_slave.14370.html
=started       2024-12-18 20:44:32
=ended         2024-12-18 20:44:34
=result        ok
=elapsed       1.732193s
=case          ejabberd_SUITE:end_per_group
=logfile       ejabberd_suite.end_per_group.14466.html
=group_props   [{name,pubsub_affiliations},parallel]
=started       2024-12-18 20:44:34
=ended         2024-12-18 20:44:34
=result        ok
=elapsed       0.000003s
=group_time    1.791s
=case          ejabberd_SUITE:init_per_group
=logfile       ejabberd_suite.init_per_group.14498.html
=group_props   [{name,pubsub_authorize},parallel]
=started       2024-12-18 20:44:34
=ended         2024-12-18 20:44:34
=result        ok
=elapsed       0.000003s
=case          ejabberd_SUITE:pubsub_authorize_master
=logfile       ejabberd_suite.pubsub_authorize_master.12004.html
=started       2024-12-18 20:44:34
=ended         2024-12-18 20:44:34
=result        ok
=elapsed       0.197709s
=case          ejabberd_SUITE:pubsub_authorize_slave
=logfile       ejabberd_suite.pubsub_authorize_slave.12036.html
=started       2024-12-18 20:44:34
=ended         2024-12-18 20:44:34
=result        ok
=elapsed       0.155809s
=case          ejabberd_SUITE:end_per_group
=logfile       ejabberd_suite.end_per_group.14594.html
=group_props   [{name,pubsub_authorize},parallel]
=started       2024-12-18 20:44:34
=ended         2024-12-18 20:44:34
=result        ok
=elapsed       0.000002s
=group_time    0.255s
=case          ejabberd_SUITE:end_per_group
=logfile       ejabberd_suite.end_per_group.14626.html
=group_props   [{name,pubsub_master_slave},sequence]
=started       2024-12-18 20:44:34
=ended         2024-12-18 20:44:34
=result        ok
=elapsed       0.000002s
=group_time    2.503s
=case          ejabberd_SUITE:init_per_group
=logfile       ejabberd_suite.init_per_group.14658.html
=group_props   [{name,roster_master_slave},sequence]
=started       2024-12-18 20:44:34
=ended         2024-12-18 20:44:34
=result        ok
=elapsed       0.000003s
=case          ejabberd_SUITE:init_per_group
=logfile       ejabberd_suite.init_per_group.14690.html
=group_props   [{name,roster_subscribe},parallel]
=started       2024-12-18 20:44:34
=ended         2024-12-18 20:44:34
=result        ok
=elapsed       0.000002s
=case          ejabberd_SUITE:roster_subscribe_master
=logfile       ejabberd_suite.roster_subscribe_master.14722.html
=started       2024-12-18 20:44:34
=ended         2024-12-18 20:44:47
=result        ok
=elapsed       12.300028s
=case          ejabberd_SUITE:roster_subscribe_slave
=logfile       ejabberd_suite.roster_subscribe_slave.14754.html
=started       2024-12-18 20:44:34
=ended         2024-12-18 20:44:47
=result        ok
=elapsed       12.301063s
=case          ejabberd_SUITE:end_per_group
=logfile       ejabberd_suite.end_per_group.15970.html
=group_props   [{name,roster_subscribe},parallel]
=started       2024-12-18 20:44:47
=ended         2024-12-18 20:44:47
=result        ok
=elapsed       0.000003s
=group_time    12.358s
=case          ejabberd_SUITE:end_per_group
=logfile       ejabberd_suite.end_per_group.16002.html
=group_props   [{name,roster_master_slave},sequence]
=started       2024-12-18 20:44:47
=ended         2024-12-18 20:44:47
=result        ok
=elapsed       0.000002s
=group_time    12.407s
=case          ejabberd_SUITE:init_per_group
=logfile       ejabberd_suite.init_per_group.16034.html
=group_props   [{name,offline_master_slave},sequence]
=started       2024-12-18 20:44:47
=ended         2024-12-18 20:44:47
=result        ok
=elapsed       0.000003s
=case          ejabberd_SUITE:init_per_group
=logfile       ejabberd_suite.init_per_group.16066.html
=group_props   [{name,offline_flex},parallel]
=started       2024-12-18 20:44:47
=ended         2024-12-18 20:44:47
=result        ok
=elapsed       0.000002s
=case          ejabberd_SUITE:offline_flex_master
=logfile       ejabberd_suite.offline_flex_master.16098.html
=started       2024-12-18 20:44:47
=ended         2024-12-18 20:44:47
=result        ok
=elapsed       0.203366s
=case          ejabberd_SUITE:offline_flex_slave
=logfile       ejabberd_suite.offline_flex_slave.16130.html
=started       2024-12-18 20:44:47
=ended         2024-12-18 20:44:47
=result        ok
=elapsed       0.316120s
=case          ejabberd_SUITE:end_per_group
=logfile       ejabberd_suite.end_per_group.16226.html
=group_props   [{name,offline_flex},parallel]
=started       2024-12-18 20:44:47
=ended         2024-12-18 20:44:47
=result        ok
=elapsed       0.000003s
=group_time    0.374s
=case          ejabberd_SUITE:init_per_group
=logfile       ejabberd_suite.init_per_group.16258.html
=group_props   [{name,offline_send_all},parallel]
=started       2024-12-18 20:44:47
=ended         2024-12-18 20:44:47
=result        ok
=elapsed       0.000003s
=case          ejabberd_SUITE:offline_send_all_master
=logfile       ejabberd_suite.offline_send_all_master.16290.html
=started       2024-12-18 20:44:47
=ended         2024-12-18 20:45:01
=result        ok
=elapsed       13.932249s
=case          ejabberd_SUITE:offline_send_all_slave
=logfile       ejabberd_suite.offline_send_all_slave.16322.html
=started       2024-12-18 20:44:47
=ended         2024-12-18 20:45:01
=result        ok
=elapsed       14.071665s
=case          ejabberd_SUITE:end_per_group
=logfile       ejabberd_suite.end_per_group.16354.html
=group_props   [{name,offline_send_all},parallel]
=started       2024-12-18 20:45:01
=ended         2024-12-18 20:45:01
=result        ok
=elapsed       0.000003s
=group_time    14.133s
=case          ejabberd_SUITE:init_per_group
=logfile       ejabberd_suite.init_per_group.14052.html
=group_props   [{name,offline_from_mam},parallel]
=started       2024-12-18 20:45:01
=ended         2024-12-18 20:45:01
=result        ok
=elapsed       0.000003s
=case          ejabberd_SUITE:offline_from_mam_master
=logfile       ejabberd_suite.offline_from_mam_master.17155.html
=started       2024-12-18 20:45:01
=ended         2024-12-18 20:45:15
=result        ok
=elapsed       13.883265s
=case          ejabberd_SUITE:offline_from_mam_slave
=logfile       ejabberd_suite.offline_from_mam_slave.17187.html
=started       2024-12-18 20:45:01
=ended         2024-12-18 20:45:15
=result        ok
=elapsed       14.050537s
=case          ejabberd_SUITE:end_per_group
=logfile       ejabberd_suite.end_per_group.17219.html
=group_props   [{name,offline_from_mam},parallel]
=started       2024-12-18 20:45:15
=ended         2024-12-18 20:45:15
=result        ok
=elapsed       0.000003s
=group_time    14.107s
=case          ejabberd_SUITE:init_per_group
=logfile       ejabberd_suite.init_per_group.17251.html
=group_props   [{name,offline_mucsub_mam},parallel]
=started       2024-12-18 20:45:15
=ended         2024-12-18 20:45:15
=result        ok
=elapsed       0.000005s
=case          ejabberd_SUITE:offline_mucsub_mam_master
=logfile       ejabberd_suite.offline_mucsub_mam_master.17283.html
=started       2024-12-18 20:45:15
=ended         2024-12-18 20:45:16
=result        ok
=elapsed       0.220263s
=case          ejabberd_SUITE:offline_mucsub_mam_slave
=logfile       ejabberd_suite.offline_mucsub_mam_slave.17315.html
=started       2024-12-18 20:45:15
=ended         2024-12-18 20:45:16
=result        ok
=elapsed       0.219516s
=case          ejabberd_SUITE:end_per_group
=logfile       ejabberd_suite.end_per_group.16450.html
=group_props   [{name,offline_mucsub_mam},parallel]
=started       2024-12-18 20:45:16
=ended         2024-12-18 20:45:16
=result        ok
=elapsed       0.000004s
=group_time    0.279s
=case          ejabberd_SUITE:end_per_group
=logfile       ejabberd_suite.end_per_group.16482.html
=group_props   [{name,offline_master_slave},sequence]
=started       2024-12-18 20:45:16
=ended         2024-12-18 20:45:16
=result        ok
=elapsed       0.000003s
=group_time    29.019s
=case          ejabberd_SUITE:init_per_group
=logfile       ejabberd_suite.init_per_group.14148.html
=group_props   [{name,mam_master_slave},sequence]
=started       2024-12-18 20:45:16
=ended         2024-12-18 20:45:16
=result        ok
=elapsed       0.000004s
=case          ejabberd_SUITE:init_per_group
=logfile       ejabberd_suite.init_per_group.14180.html
=group_props   [{name,mam_archived_and_stanza_id},parallel]
=started       2024-12-18 20:45:16
=ended         2024-12-18 20:45:16
=result        ok
=elapsed       0.000005s
=case          ejabberd_SUITE:mam_archived_and_stanza_id_master
=logfile       ejabberd_suite.mam_archived_and_stanza_id_master.14212.html
=started       2024-12-18 20:45:16
=ended         2024-12-18 20:45:16
=result        ok
=elapsed       0.149487s
=case          ejabberd_SUITE:mam_archived_and_stanza_id_slave
=logfile       ejabberd_suite.mam_archived_and_stanza_id_slave.14244.html
=started       2024-12-18 20:45:16
=ended         2024-12-18 20:45:16
=result        ok
=elapsed       0.151309s
=case          ejabberd_SUITE:end_per_group
=logfile       ejabberd_suite.end_per_group.16546.html
=group_props   [{name,mam_archived_and_stanza_id},parallel]
=started       2024-12-18 20:45:16
=ended         2024-12-18 20:45:16
=result        ok
=elapsed       0.000011s
=group_time    0.209s
=case          ejabberd_SUITE:init_per_group
=logfile       ejabberd_suite.init_per_group.16578.html
=group_props   [{name,mam_query_all},parallel]
=started       2024-12-18 20:45:16
=ended         2024-12-18 20:45:16
=result        ok
=elapsed       0.000003s
=case          ejabberd_SUITE:mam_query_all_master
=logfile       ejabberd_suite.mam_query_all_master.14308.html
=started       2024-12-18 20:45:16
=ended         2024-12-18 20:45:16
=result        ok
=elapsed       0.176057s
=case          ejabberd_SUITE:mam_query_all_slave
=logfile       ejabberd_suite.mam_query_all_slave.14340.html
=started       2024-12-18 20:45:16
=ended         2024-12-18 20:45:16
=result        ok
=elapsed       0.176709s
=case          ejabberd_SUITE:end_per_group
=logfile       ejabberd_suite.end_per_group.14436.html
=group_props   [{name,mam_query_all},parallel]
=started       2024-12-18 20:45:16
=ended         2024-12-18 20:45:16
=result        ok
=elapsed       0.000003s
=group_time    0.236s
=case          ejabberd_SUITE:init_per_group
=logfile       ejabberd_suite.init_per_group.14468.html
=group_props   [{name,mam_query_with},parallel]
=started       2024-12-18 20:45:16
=ended         2024-12-18 20:45:16
=result        ok
=elapsed       0.000003s
=case          ejabberd_SUITE:mam_query_with_master
=logfile       ejabberd_suite.mam_query_with_master.14500.html
=started       2024-12-18 20:45:16
=ended         2024-12-18 20:45:16
=result        ok
=elapsed       0.191260s
=case          ejabberd_SUITE:mam_query_with_slave
=logfile       ejabberd_suite.mam_query_with_slave.16642.html
=started       2024-12-18 20:45:16
=ended         2024-12-18 20:45:16
=result        ok
=elapsed       0.191109s
=case          ejabberd_SUITE:end_per_group
=logfile       ejabberd_suite.end_per_group.14564.html
=group_props   [{name,mam_query_with},parallel]
=started       2024-12-18 20:45:16
=ended         2024-12-18 20:45:16
=result        ok
=elapsed       0.000009s
=group_time    0.251s
=case          ejabberd_SUITE:init_per_group
=logfile       ejabberd_suite.init_per_group.14596.html
=group_props   [{name,mam_query_rsm_max},parallel]
=started       2024-12-18 20:45:16
=ended         2024-12-18 20:45:16
=result        ok
=elapsed       0.000003s
=case          ejabberd_SUITE:mam_query_rsm_max_master
=logfile       ejabberd_suite.mam_query_rsm_max_master.17571.html
=started       2024-12-18 20:45:17
=ended         2024-12-18 20:45:17
=result        ok
=elapsed       0.221865s
=case          ejabberd_SUITE:mam_query_rsm_max_slave
=logfile       ejabberd_suite.mam_query_rsm_max_slave.14628.html
=started       2024-12-18 20:45:17
=ended         2024-12-18 20:45:17
=result        ok
=elapsed       0.228056s
=case          ejabberd_SUITE:end_per_group
=logfile       ejabberd_suite.end_per_group.14724.html
=group_props   [{name,mam_query_rsm_max},parallel]
=started       2024-12-18 20:45:17
=ended         2024-12-18 20:45:17
=result        ok
=elapsed       0.000003s
=group_time    0.287s
=case          ejabberd_SUITE:init_per_group
=logfile       ejabberd_suite.init_per_group.14756.html
=group_props   [{name,mam_query_rsm_after},parallel]
=started       2024-12-18 20:45:17
=ended         2024-12-18 20:45:17
=result        ok
=elapsed       0.000003s
=case          ejabberd_SUITE:mam_query_rsm_after_master
=logfile       ejabberd_suite.mam_query_rsm_after_master.14788.html
=started       2024-12-18 20:45:17
=ended         2024-12-18 20:45:17
=result        ok
=elapsed       0.205729s
=case          ejabberd_SUITE:mam_query_rsm_after_slave
=logfile       ejabberd_suite.mam_query_rsm_after_slave.14820.html
=started       2024-12-18 20:45:17
=ended         2024-12-18 20:45:17
=result        ok
=elapsed       0.206599s
=case          ejabberd_SUITE:end_per_group
=logfile       ejabberd_suite.end_per_group.14916.html
=group_props   [{name,mam_query_rsm_after},parallel]
=started       2024-12-18 20:45:17
=ended         2024-12-18 20:45:17
=result        ok
=elapsed       0.000003s
=group_time    0.267s
=case          ejabberd_SUITE:init_per_group
=logfile       ejabberd_suite.init_per_group.14948.html
=group_props   [{name,mam_query_rsm_before},parallel]
=started       2024-12-18 20:45:17
=ended         2024-12-18 20:45:17
=result        ok
=elapsed       0.000003s
=case          ejabberd_SUITE:mam_query_rsm_before_master
=logfile       ejabberd_suite.mam_query_rsm_before_master.14980.html
=started       2024-12-18 20:45:17
=ended         2024-12-18 20:45:17
=result        ok
=elapsed       0.217064s
=case          ejabberd_SUITE:mam_query_rsm_before_slave
=logfile       ejabberd_suite.mam_query_rsm_before_slave.17731.html
=started       2024-12-18 20:45:17
=ended         2024-12-18 20:45:17
=result        ok
=elapsed       0.215211s
=case          ejabberd_SUITE:end_per_group
=logfile       ejabberd_suite.end_per_group.17763.html
=group_props   [{name,mam_query_rsm_before},parallel]
=started       2024-12-18 20:45:17
=ended         2024-12-18 20:45:17
=result        ok
=elapsed       0.000010s
=group_time    0.274s
=case          ejabberd_SUITE:init_per_group
=logfile       ejabberd_suite.init_per_group.17795.html
=group_props   [{name,mam_muc},parallel]
=started       2024-12-18 20:45:17
=ended         2024-12-18 20:45:17
=result        ok
=elapsed       0.000003s
=case          ejabberd_SUITE:mam_muc_master
=logfile       ejabberd_suite.mam_muc_master.17827.html
=started       2024-12-18 20:45:17
=ended         2024-12-18 20:45:18
=result        ok
=elapsed       0.139076s
=case          ejabberd_SUITE:mam_muc_slave
=logfile       ejabberd_suite.mam_muc_slave.17859.html
=started       2024-12-18 20:45:17
=ended         2024-12-18 20:45:18
=result        ok
=elapsed       0.136544s
=case          ejabberd_SUITE:end_per_group
=logfile       ejabberd_suite.end_per_group.17955.html
=group_props   [{name,mam_muc},parallel]
=started       2024-12-18 20:45:18
=ended         2024-12-18 20:45:18
=result        ok
=elapsed       0.000008s
=group_time    0.198s
=case          ejabberd_SUITE:init_per_group
=logfile       ejabberd_suite.init_per_group.17987.html
=group_props   [{name,mam_mucsub},parallel]
=started       2024-12-18 20:45:18
=ended         2024-12-18 20:45:18
=result        ok
=elapsed       0.000003s
=case          ejabberd_SUITE:mam_mucsub_master
=logfile       ejabberd_suite.mam_mucsub_master.4709.html
=started       2024-12-18 20:45:18
=ended         2024-12-18 20:45:18
=result        ok
=elapsed       0.123632s
=case          ejabberd_SUITE:mam_mucsub_slave
=logfile       ejabberd_suite.mam_mucsub_slave.4741.html
=started       2024-12-18 20:45:18
=ended         2024-12-18 20:45:18
=result        ok
=elapsed       0.120677s
=case          ejabberd_SUITE:end_per_group
=logfile       ejabberd_suite.end_per_group.16866.html
=group_props   [{name,mam_mucsub},parallel]
=started       2024-12-18 20:45:18
=ended         2024-12-18 20:45:18
=result        ok
=elapsed       0.000004s
=group_time    0.180s
=case          ejabberd_SUITE:init_per_group
=logfile       ejabberd_suite.init_per_group.18051.html
=group_props   [{name,mam_mucsub_from_muc},parallel]
=started       2024-12-18 20:45:18
=ended         2024-12-18 20:45:18
=result        ok
=elapsed       0.000003s
=case          ejabberd_SUITE:mam_mucsub_from_muc_master
=logfile       ejabberd_suite.mam_mucsub_from_muc_master.4837.html
=started       2024-12-18 20:45:18
=ended         2024-12-18 20:45:18
=result        ok
=elapsed       0.120421s
=case          ejabberd_SUITE:mam_mucsub_from_muc_slave
=logfile       ejabberd_suite.mam_mucsub_from_muc_slave.4869.html
=started       2024-12-18 20:45:18
=ended         2024-12-18 20:45:18
=result        ok
=elapsed       0.122578s
=case          ejabberd_SUITE:end_per_group
=logfile       ejabberd_suite.end_per_group.4901.html
=group_props   [{name,mam_mucsub_from_muc},parallel]
=started       2024-12-18 20:45:18
=ended         2024-12-18 20:45:18
=result        ok
=elapsed       0.000003s
=group_time    0.182s
=case          ejabberd_SUITE:init_per_group
=logfile       ejabberd_suite.init_per_group.18083.html
=group_props   [{name,mam_mucsub_from_muc_non_persistent},parallel]
=started       2024-12-18 20:45:18
=ended         2024-12-18 20:45:18
=result        ok
=elapsed       0.000004s
=case          ejabberd_SUITE:mam_mucsub_from_muc_non_persistent_master
=logfile       ejabberd_suite.mam_mucsub_from_muc_non_persistent_master.18115.html
=started       2024-12-18 20:45:18
=ended         2024-12-18 20:45:18
=result        ok
=elapsed       0.122478s
=case          ejabberd_SUITE:mam_mucsub_from_muc_non_persistent_slave
=logfile       ejabberd_suite.mam_mucsub_from_muc_non_persistent_slave.18147.html
=started       2024-12-18 20:45:18
=ended         2024-12-18 20:45:18
=result        ok
=elapsed       0.121674s
=case          ejabberd_SUITE:end_per_group
=logfile       ejabberd_suite.end_per_group.4965.html
=group_props   [{name,mam_mucsub_from_muc_non_persistent},parallel]
=started       2024-12-18 20:45:18
=ended         2024-12-18 20:45:18
=result        ok
=elapsed       0.000006s
=group_time    0.183s
=case          ejabberd_SUITE:end_per_group
=logfile       ejabberd_suite.end_per_group.15396.html
=group_props   [{name,mam_master_slave},sequence]
=started       2024-12-18 20:45:18
=ended         2024-12-18 20:45:18
=result        ok
=elapsed       0.000002s
=group_time    2.553s
=case          ejabberd_SUITE:init_per_group
=logfile       ejabberd_suite.init_per_group.15428.html
=group_props   [{name,announce_master_slave},sequence]
=started       2024-12-18 20:45:18
=ended         2024-12-18 20:45:18
=result        ok
=elapsed       0.000003s
=case          ejabberd_SUITE:init_per_group
=logfile       ejabberd_suite.init_per_group.15460.html
=group_props   [{name,announce_set_motd},parallel]
=started       2024-12-18 20:45:18
=ended         2024-12-18 20:45:18
=result        ok
=elapsed       0.000002s
=case          ejabberd_SUITE:announce_set_motd_master
=logfile       ejabberd_suite.announce_set_motd_master.15492.html
=started       2024-12-18 20:45:18
=ended         2024-12-18 20:45:18
=result        ok
=elapsed       0.103674s
=case          ejabberd_SUITE:announce_set_motd_slave
=logfile       ejabberd_suite.announce_set_motd_slave.15524.html
=started       2024-12-18 20:45:18
=ended         2024-12-18 20:45:18
=result        ok
=elapsed       0.102939s
=case          ejabberd_SUITE:end_per_group
=logfile       ejabberd_suite.end_per_group.15620.html
=group_props   [{name,announce_set_motd},parallel]
=started       2024-12-18 20:45:18
=ended         2024-12-18 20:45:18
=result        ok
=elapsed       0.000003s
=group_time    0.162s
=case          ejabberd_SUITE:end_per_group
=logfile       ejabberd_suite.end_per_group.15652.html
=group_props   [{name,announce_master_slave},sequence]
=started       2024-12-18 20:45:18
=ended         2024-12-18 20:45:18
=result        ok
=elapsed       0.000003s
=group_time    0.211s
=case          ejabberd_SUITE:init_per_group
=logfile       ejabberd_suite.init_per_group.15684.html
=group_props   [{name,csi_master_slave},sequence]
=started       2024-12-18 20:45:18
=ended         2024-12-18 20:45:19
=result        ok
=elapsed       0.000003s
=case          ejabberd_SUITE:init_per_group
=logfile       ejabberd_suite.init_per_group.15716.html
=group_props   [{name,csi_all},parallel]
=started       2024-12-18 20:45:19
=ended         2024-12-18 20:45:19
=result        ok
=elapsed       0.000003s
=case          ejabberd_SUITE:csi_all_master
=logfile       ejabberd_suite.csi_all_master.15748.html
=started       2024-12-18 20:45:19
=ended         2024-12-18 20:45:19
=result        ok
=elapsed       0.232518s
=case          ejabberd_SUITE:csi_all_slave
=logfile       ejabberd_suite.csi_all_slave.15780.html
=started       2024-12-18 20:45:19
=ended         2024-12-18 20:45:19
=result        ok
=elapsed       0.231677s
=case          ejabberd_SUITE:end_per_group
=logfile       ejabberd_suite.end_per_group.15876.html
=group_props   [{name,csi_all},parallel]
=started       2024-12-18 20:45:19
=ended         2024-12-18 20:45:19
=result        ok
=elapsed       0.000003s
=group_time    0.292s
=case          ejabberd_SUITE:end_per_group
=logfile       ejabberd_suite.end_per_group.15908.html
=group_props   [{name,csi_master_slave},sequence]
=started       2024-12-18 20:45:19
=ended         2024-12-18 20:45:19
=result        ok
=elapsed       0.000004s
=group_time    0.341s
=case          ejabberd_SUITE:init_per_group
=logfile       ejabberd_suite.init_per_group.15940.html
=group_props   [{name,push_master_slave},sequence]
=started       2024-12-18 20:45:19
=ended         2024-12-18 20:45:19
=result        ok
=elapsed       0.000004s
=case          ejabberd_SUITE:init_per_group
=logfile       ejabberd_suite.init_per_group.15972.html
=group_props   [{name,push_sm},parallel]
=started       2024-12-18 20:45:19
=ended         2024-12-18 20:45:19
=result        ok
=elapsed       0.000002s
=case          ejabberd_SUITE:push_sm_master
=logfile       ejabberd_suite.push_sm_master.16930.html
=started       2024-12-18 20:45:19
=ended         2024-12-18 20:45:27
=result        ok
=elapsed       8.109216s
=case          ejabberd_SUITE:push_sm_slave
=logfile       ejabberd_suite.push_sm_slave.16004.html
=started       2024-12-18 20:45:19
=ended         2024-12-18 20:45:19
=result        ok
=elapsed       0.001620s
=case          ejabberd_SUITE:end_per_group
=logfile       ejabberd_suite.end_per_group.16100.html
=group_props   [{name,push_sm},parallel]
=started       2024-12-18 20:45:27
=ended         2024-12-18 20:45:27
=result        ok
=elapsed       0.000003s
=group_time    8.166s
=case          ejabberd_SUITE:init_per_group
=logfile       ejabberd_suite.init_per_group.16132.html
=group_props   [{name,push_offline},parallel]
=started       2024-12-18 20:45:27
=ended         2024-12-18 20:45:27
=result        ok
=elapsed       0.000003s
=case          ejabberd_SUITE:push_offline_master
=logfile       ejabberd_suite.push_offline_master.17026.html
=started       2024-12-18 20:45:27
=ended         2024-12-18 20:45:27
=result        ok
=elapsed       0.249102s
=case          ejabberd_SUITE:push_offline_slave
=logfile       ejabberd_suite.push_offline_slave.16164.html
=started       2024-12-18 20:45:27
=ended         2024-12-18 20:45:27
=result        ok
=elapsed       0.102997s
=case          ejabberd_SUITE:end_per_group
=logfile       ejabberd_suite.end_per_group.16260.html
=group_props   [{name,push_offline},parallel]
=started       2024-12-18 20:45:27
=ended         2024-12-18 20:45:27
=result        ok
=elapsed       0.000006s
=group_time    0.306s
=case          ejabberd_SUITE:init_per_group
=logfile       ejabberd_suite.init_per_group.16292.html
=group_props   [{name,push_mam},parallel]
=started       2024-12-18 20:45:27
=ended         2024-12-18 20:45:27
=result        ok
=elapsed       0.000004s
=case          ejabberd_SUITE:push_mam_master
=logfile       ejabberd_suite.push_mam_master.16356.html
=started       2024-12-18 20:45:27
=ended         2024-12-18 20:45:28
=result        ok
=elapsed       0.145908s
=case          ejabberd_SUITE:push_mam_slave
=logfile       ejabberd_suite.push_mam_slave.16324.html
=started       2024-12-18 20:45:27
=ended         2024-12-18 20:45:28
=result        ok
=elapsed       0.251045s
=case          ejabberd_SUITE:end_per_group
=logfile       ejabberd_suite.end_per_group.16484.html
=group_props   [{name,push_mam},parallel]
=started       2024-12-18 20:45:28
=ended         2024-12-18 20:45:28
=result        ok
=elapsed       0.000003s
=group_time    0.309s
=case          ejabberd_SUITE:end_per_group
=logfile       ejabberd_suite.end_per_group.18243.html
=group_props   [{name,push_master_slave},sequence]
=started       2024-12-18 20:45:28
=ended         2024-12-18 20:45:28
=result        ok
=elapsed       0.000004s
=group_time    8.882s
=case          ejabberd_SUITE:end_per_group
=logfile       ejabberd_suite.end_per_group.18275.html
=group_props   [{name,mnesia},sequence]
=started       2024-12-18 20:45:28
=ended         2024-12-18 20:45:28
=result        ok
=elapsed       0.000000s
=group_time    96.827s
=case          ejabberd_SUITE:init_per_group
=logfile       ejabberd_suite.init_per_group.18307.html
=group_props   [{name,redis},sequence]
=started       2024-12-18 20:45:28
=ended         2024-12-18 20:45:28
=result        ok
=elapsed       0.000032s
=case          ejabberd_SUITE:init_per_group
=logfile       ejabberd_suite.init_per_group.18339.html
=group_props   [{name,single_user},sequence]
=started       2024-12-18 20:45:28
=ended         2024-12-18 20:45:28
=result        ok
=elapsed       0.000003s
=case          ejabberd_SUITE:test_register
=logfile       ejabberd_suite.test_register.18371.html
=started       2024-12-18 20:45:28
=ended         2024-12-18 20:45:28
=result        ok
=elapsed       0.002311s
=case          ejabberd_SUITE:init_per_group
=logfile       ejabberd_suite.init_per_group.18467.html
=group_props   [{name,legacy_auth},parallel]
=started       2024-12-18 20:45:28
=ended         2024-12-18 20:45:28
=result        ok
=elapsed       0.000004s
=case          ejabberd_SUITE:test_legacy_auth_feature
=logfile       ejabberd_suite.test_legacy_auth_feature.18499.html
=started       2024-12-18 20:45:28
=ended         2024-12-18 20:45:28
=result        ok
=elapsed       0.000800s
=case          ejabberd_SUITE:test_legacy_auth
=logfile       ejabberd_suite.test_legacy_auth.17122.html
=started       2024-12-18 20:45:28
=ended         2024-12-18 20:45:28
=result        ok
=elapsed       0.103561s
=case          ejabberd_SUITE:test_legacy_auth_digest
=logfile       ejabberd_suite.test_legacy_auth_digest.18563.html
=started       2024-12-18 20:45:28
=ended         2024-12-18 20:45:28
=result        ok
=elapsed       0.105098s
=case          ejabberd_SUITE:test_legacy_auth_no_resource
=logfile       ejabberd_suite.test_legacy_auth_no_resource.18531.html
=started       2024-12-18 20:45:28
=ended         2024-12-18 20:45:28
=result        ok
=elapsed       0.002346s
=case          ejabberd_SUITE:test_legacy_auth_bad_jid
=logfile       ejabberd_suite.test_legacy_auth_bad_jid.18595.html
=started       2024-12-18 20:45:28
=ended         2024-12-18 20:45:28
=result        ok
=elapsed       0.001118s
=case          ejabberd_SUITE:test_legacy_auth_fail
=logfile       ejabberd_suite.test_legacy_auth_fail.17154.html
=started       2024-12-18 20:45:28
=ended         2024-12-18 20:45:28
=result        ok
=elapsed       0.001270s
=case          ejabberd_SUITE:end_per_group
=logfile       ejabberd_suite.end_per_group.17346.html
=group_props   [{name,legacy_auth},parallel]
=started       2024-12-18 20:45:28
=ended         2024-12-18 20:45:28
=result        ok
=elapsed       0.000003s
=group_time    0.176s
=case          ejabberd_SUITE:auth_plain
=logfile       ejabberd_suite.auth_plain.18627.html
=started       2024-12-18 20:45:28
=ended         2024-12-18 20:45:28
=result        ok
=elapsed       0.001861s
=case          ejabberd_SUITE:auth_md5
=logfile       ejabberd_suite.auth_md5.18659.html
=started       2024-12-18 20:45:28
=ended         2024-12-18 20:45:28
=result        ok
=elapsed       0.002439s
=case          ejabberd_SUITE:presence_broadcast
=logfile       ejabberd_suite.presence_broadcast.16612.html
=started       2024-12-18 20:45:28
=ended         2024-12-18 20:45:28
=result        ok
=elapsed       0.205536s
=case          ejabberd_SUITE:last
=logfile       ejabberd_suite.last.16708.html
=started       2024-12-18 20:45:28
=ended         2024-12-18 20:45:29
=result        ok
=elapsed       0.103704s
=case          ejabberd_SUITE:init_per_group
=logfile       ejabberd_suite.init_per_group.16740.html
=group_props   [{name,webadmin_single},sequence]
=started       2024-12-18 20:45:29
=ended         2024-12-18 20:45:29
=result        ok
=elapsed       0.000003s
=case          ejabberd_SUITE:webadmin_login_page
=logfile       ejabberd_suite.webadmin_login_page.16772.html
=started       2024-12-18 20:45:29
=ended         2024-12-18 20:45:29
=result        ok
=elapsed       0.000379s
=case          ejabberd_SUITE:webadmin_welcome_page
=logfile       ejabberd_suite.webadmin_welcome_page.16804.html
=started       2024-12-18 20:45:29
=ended         2024-12-18 20:45:29
=result        ok
=elapsed       0.001663s
=case          ejabberd_SUITE:webadmin_user_page
=logfile       ejabberd_suite.webadmin_user_page.16836.html
=started       2024-12-18 20:45:29
=ended         2024-12-18 20:45:29
=result        ok
=elapsed       0.003231s
=case          ejabberd_SUITE:webadmin_adduser
=logfile       ejabberd_suite.webadmin_adduser.16868.html
=started       2024-12-18 20:45:29
=ended         2024-12-18 20:45:29
=result        ok
=elapsed       0.006100s
=case          ejabberd_SUITE:webadmin_changepassword
=logfile       ejabberd_suite.webadmin_changepassword.16900.html
=started       2024-12-18 20:45:29
=ended         2024-12-18 20:45:29
=result        ok
=elapsed       0.003327s
=case          ejabberd_SUITE:webadmin_removeuser
=logfile       ejabberd_suite.webadmin_removeuser.16932.html
=started       2024-12-18 20:45:29
=ended         2024-12-18 20:45:29
=result        ok
=elapsed       0.004362s
=case          ejabberd_SUITE:end_per_group
=logfile       ejabberd_suite.end_per_group.16964.html
=group_props   [{name,webadmin_single},sequence]
=started       2024-12-18 20:45:29
=ended         2024-12-18 20:45:29
=result        ok
=elapsed       0.000008s
=group_time    0.200s
=case          ejabberd_SUITE:init_per_group
=logfile       ejabberd_suite.init_per_group.16996.html
=group_props   [{name,roster_single},sequence]
=started       2024-12-18 20:45:29
=ended         2024-12-18 20:45:29
=result        ok
=elapsed       0.000004s
=case          ejabberd_SUITE:roster_feature_enabled
=logfile       ejabberd_suite.roster_feature_enabled.17028.html
=started       2024-12-18 20:45:29
=ended         2024-12-18 20:45:29
=result        ok
=elapsed       0.102221s
=case          ejabberd_SUITE:roster_iq_set_many_items
=logfile       ejabberd_suite.roster_iq_set_many_items.17474.html
=started       2024-12-18 20:45:29
=ended         2024-12-18 20:45:29
=result        ok
=elapsed       0.102430s
=case          ejabberd_SUITE:roster_iq_set_duplicated_groups
=logfile       ejabberd_suite.roster_iq_set_duplicated_groups.17538.html
=started       2024-12-18 20:45:29
=ended         2024-12-18 20:45:29
=result        ok
=elapsed       0.102469s
=case          ejabberd_SUITE:roster_iq_get_item
=logfile       ejabberd_suite.roster_iq_get_item.17602.html
=started       2024-12-18 20:45:29
=ended         2024-12-18 20:45:29
=result        ok
=elapsed       0.102136s
=case          ejabberd_SUITE:roster_iq_unexpected_element
=logfile       ejabberd_suite.roster_iq_unexpected_element.17634.html
=started       2024-12-18 20:45:29
=ended         2024-12-18 20:45:29
=result        ok
=elapsed       0.102947s
=case          ejabberd_SUITE:roster_iq_set_ask
=logfile       ejabberd_suite.roster_iq_set_ask.17666.html
=started       2024-12-18 20:45:29
=ended         2024-12-18 20:45:30
=result        ok
=elapsed       0.102350s
=case          ejabberd_SUITE:roster_set_item
=logfile       ejabberd_suite.roster_set_item.17698.html
=started       2024-12-18 20:45:30
=ended         2024-12-18 20:45:30
=result        ok
=elapsed       0.320785s
=case          ejabberd_SUITE:roster_version
=logfile       ejabberd_suite.roster_version.17890.html
=started       2024-12-18 20:45:30
=ended         2024-12-18 20:45:30
=result        ok
=elapsed       0.148169s
=case          ejabberd_SUITE:end_per_group
=logfile       ejabberd_suite.end_per_group.17986.html
=group_props   [{name,roster_single},sequence]
=started       2024-12-18 20:45:30
=ended         2024-12-18 20:45:30
=result        ok
=elapsed       0.000004s
=group_time    1.354s
=case          ejabberd_SUITE:init_per_group
=logfile       ejabberd_suite.init_per_group.18018.html
=group_props   [{name,private_single},sequence]
=started       2024-12-18 20:45:30
=ended         2024-12-18 20:45:30
=result        ok
=elapsed       0.000003s
=case          ejabberd_SUITE:private_test_features
=logfile       ejabberd_suite.private_test_features.18050.html
=started       2024-12-18 20:45:30
=ended         2024-12-18 20:45:30
=result        ok
=elapsed       0.103270s
=case          ejabberd_SUITE:private_test_no_namespace
=logfile       ejabberd_suite.private_test_no_namespace.19075.html
=started       2024-12-18 20:45:30
=ended         2024-12-18 20:45:30
=result        ok
=elapsed       0.102582s
=case          ejabberd_SUITE:private_test_set_get
=logfile       ejabberd_suite.private_test_set_get.19171.html
=started       2024-12-18 20:45:30
=ended         2024-12-18 20:45:31
=result        ok
=elapsed       0.104733s
=case          ejabberd_SUITE:private_test_published
=logfile       ejabberd_suite.private_test_published.19203.html
=started       2024-12-18 20:45:31
=ended         2024-12-18 20:45:31
=result        ok
=elapsed       0.104625s
=case          ejabberd_SUITE:end_per_group
=logfile       ejabberd_suite.end_per_group.19267.html
=group_props   [{name,private_single},sequence]
=started       2024-12-18 20:45:31
=ended         2024-12-18 20:45:31
=result        ok
=elapsed       0.000010s
=group_time    0.564s
=case          ejabberd_SUITE:init_per_group
=logfile       ejabberd_suite.init_per_group.18210.html
=group_props   [{name,privacy_single},sequence]
=started       2024-12-18 20:45:31
=ended         2024-12-18 20:45:31
=result        ok
=elapsed       0.000003s
=case          ejabberd_SUITE:privacy_feature_enabled
=logfile       ejabberd_suite.privacy_feature_enabled.18242.html
=started       2024-12-18 20:45:31
=ended         2024-12-18 20:45:31
=result        ok
=elapsed       0.102613s
=case          ejabberd_SUITE:privacy_set_get_list
=logfile       ejabberd_suite.privacy_set_get_list.18274.html
=started       2024-12-18 20:45:31
=ended         2024-12-18 20:45:31
=result        ok
=elapsed       0.144330s
=case          ejabberd_SUITE:privacy_get_list_non_existent
=logfile       ejabberd_suite.privacy_get_list_non_existent.18338.html
=started       2024-12-18 20:45:31
=ended         2024-12-18 20:45:31
=result        ok
=elapsed       0.102097s
=case          ejabberd_SUITE:privacy_get_empty_lists
=logfile       ejabberd_suite.privacy_get_empty_lists.18402.html
=started       2024-12-18 20:45:31
=ended         2024-12-18 20:45:31
=result        ok
=elapsed       0.102678s
=case          ejabberd_SUITE:privacy_set_default
=logfile       ejabberd_suite.privacy_set_default.18466.html
=started       2024-12-18 20:45:31
=ended         2024-12-18 20:45:31
=result        ok
=elapsed       0.147628s
=case          ejabberd_SUITE:privacy_del_default
=logfile       ejabberd_suite.privacy_del_default.18562.html
=started       2024-12-18 20:45:31
=ended         2024-12-18 20:45:32
=result        ok
=elapsed       0.148511s
=case          ejabberd_SUITE:privacy_set_default_non_existent
=logfile       ejabberd_suite.privacy_set_default_non_existent.18626.html
=started       2024-12-18 20:45:32
=ended         2024-12-18 20:45:32
=result        ok
=elapsed       0.102227s
=case          ejabberd_SUITE:privacy_set_active
=logfile       ejabberd_suite.privacy_set_active.18722.html
=started       2024-12-18 20:45:32
=ended         2024-12-18 20:45:32
=result        ok
=elapsed       0.148129s
=case          ejabberd_SUITE:privacy_del_active
=logfile       ejabberd_suite.privacy_del_active.18786.html
=started       2024-12-18 20:45:32
=ended         2024-12-18 20:45:32
=result        ok
=elapsed       0.145270s
=case          ejabberd_SUITE:privacy_set_active_non_existent
=logfile       ejabberd_suite.privacy_set_active_non_existent.18850.html
=started       2024-12-18 20:45:32
=ended         2024-12-18 20:45:32
=result        ok
=elapsed       0.103250s
=case          ejabberd_SUITE:privacy_remove_list
=logfile       ejabberd_suite.privacy_remove_list.18914.html
=started       2024-12-18 20:45:32
=ended         2024-12-18 20:45:32
=result        ok
=elapsed       0.147900s
=case          ejabberd_SUITE:privacy_remove_default_list
=logfile       ejabberd_suite.privacy_remove_default_list.18978.html
=started       2024-12-18 20:45:32
=ended         2024-12-18 20:45:33
=result        ok
=elapsed       0.148404s
=case          ejabberd_SUITE:privacy_remove_active_list
=logfile       ejabberd_suite.privacy_remove_active_list.19042.html
=started       2024-12-18 20:45:33
=ended         2024-12-18 20:45:33
=result        ok
=elapsed       0.148845s
=case          ejabberd_SUITE:privacy_remove_list_non_existent
=logfile       ejabberd_suite.privacy_remove_list_non_existent.19106.html
=started       2024-12-18 20:45:33
=ended         2024-12-18 20:45:33
=result        ok
=elapsed       0.102093s
=case          ejabberd_SUITE:privacy_allow_local_server
=logfile       ejabberd_suite.privacy_allow_local_server.19170.html
=started       2024-12-18 20:45:33
=ended         2024-12-18 20:45:33
=result        ok
=elapsed       0.193411s
=case          ejabberd_SUITE:privacy_malformed_iq_query
=logfile       ejabberd_suite.privacy_malformed_iq_query.19234.html
=started       2024-12-18 20:45:33
=ended         2024-12-18 20:45:33
=result        ok
=elapsed       0.102502s
=case          ejabberd_SUITE:privacy_malformed_get
=logfile       ejabberd_suite.privacy_malformed_get.19266.html
=started       2024-12-18 20:45:33
=ended         2024-12-18 20:45:33
=result        ok
=elapsed       0.104747s
=case          ejabberd_SUITE:privacy_malformed_set
=logfile       ejabberd_suite.privacy_malformed_set.19330.html
=started       2024-12-18 20:45:33
=ended         2024-12-18 20:45:34
=result        ok
=elapsed       0.104568s
=case          ejabberd_SUITE:privacy_malformed_type_value
=logfile       ejabberd_suite.privacy_malformed_type_value.19426.html
=started       2024-12-18 20:45:34
=ended         2024-12-18 20:45:34
=result        ok
=elapsed       0.103897s
=case          ejabberd_SUITE:privacy_set_get_block
=logfile       ejabberd_suite.privacy_set_get_block.19522.html
=started       2024-12-18 20:45:34
=ended         2024-12-18 20:45:34
=result        ok
=elapsed       0.188580s
=case          ejabberd_SUITE:end_per_group
=logfile       ejabberd_suite.end_per_group.19554.html
=group_props   [{name,privacy_single},sequence]
=started       2024-12-18 20:45:34
=ended         2024-12-18 20:45:34
=result        ok
=elapsed       0.000005s
=group_time    3.240s
=case          ejabberd_SUITE:init_per_group
=logfile       ejabberd_suite.init_per_group.19586.html
=group_props   [{name,vcard_single},sequence]
=started       2024-12-18 20:45:34
=ended         2024-12-18 20:45:34
=result        ok
=elapsed       0.000003s
=case          ejabberd_SUITE:vcard_feature_enabled
=logfile       ejabberd_suite.vcard_feature_enabled.19618.html
=started       2024-12-18 20:45:34
=ended         2024-12-18 20:45:34
=result        ok
=elapsed       0.104244s
=case          ejabberd_SUITE:vcard_get_set
=logfile       ejabberd_suite.vcard_get_set.19714.html
=started       2024-12-18 20:45:34
=ended         2024-12-18 20:45:34
=result        ok
=elapsed       0.103990s
=case          ejabberd_SUITE:vcard_service_vcard
=logfile       ejabberd_suite.vcard_service_vcard.19810.html
=started       2024-12-18 20:45:34
=ended         2024-12-18 20:45:34
=result        ok
=elapsed       0.102790s
=case          ejabberd_SUITE:end_per_group
=logfile       ejabberd_suite.end_per_group.19874.html
=group_props   [{name,vcard_single},sequence]
=started       2024-12-18 20:45:34
=ended         2024-12-18 20:45:34
=result        ok
=elapsed       0.000003s
=group_time    0.430s
=case          ejabberd_SUITE:init_per_group
=logfile       ejabberd_suite.init_per_group.19906.html
=group_props   [{name,pubsub_single},sequence]
=started       2024-12-18 20:45:34
=ended         2024-12-18 20:45:34
=result        ok
=elapsed       0.000003s
=case          ejabberd_SUITE:pubsub_test_features
=logfile       ejabberd_suite.pubsub_test_features.19843.html
=started       2024-12-18 20:45:34
=ended         2024-12-18 20:45:35
=result        ok
=elapsed       0.102732s
=case          ejabberd_SUITE:pubsub_test_vcard
=logfile       ejabberd_suite.pubsub_test_vcard.19907.html
=started       2024-12-18 20:45:35
=ended         2024-12-18 20:45:35
=result        ok
=elapsed       0.103301s
=case          ejabberd_SUITE:pubsub_test_create
=logfile       ejabberd_suite.pubsub_test_create.20034.html
=started       2024-12-18 20:45:35
=ended         2024-12-18 20:45:35
=result        ok
=elapsed       0.103559s
=case          ejabberd_SUITE:pubsub_test_configure
=logfile       ejabberd_suite.pubsub_test_configure.20098.html
=started       2024-12-18 20:45:35
=ended         2024-12-18 20:45:35
=result        ok
=elapsed       0.106357s
=case          ejabberd_SUITE:pubsub_test_delete
=logfile       ejabberd_suite.pubsub_test_delete.20130.html
=started       2024-12-18 20:45:35
=ended         2024-12-18 20:45:35
=result        ok
=elapsed       0.102243s
=case          ejabberd_SUITE:pubsub_test_get_affiliations
=logfile       ejabberd_suite.pubsub_test_get_affiliations.20194.html
=started       2024-12-18 20:45:35
=ended         2024-12-18 20:45:35
=result        ok
=elapsed       0.108804s
=case          ejabberd_SUITE:pubsub_test_get_subscriptions
=logfile       ejabberd_suite.pubsub_test_get_subscriptions.20258.html
=started       2024-12-18 20:45:35
=ended         2024-12-18 20:45:35
=result        ok
=elapsed       0.112242s
=case          ejabberd_SUITE:pubsub_test_create_instant
=logfile       ejabberd_suite.pubsub_test_create_instant.20322.html
=started       2024-12-18 20:45:35
=ended         2024-12-18 20:45:36
=result        ok
=elapsed       0.103155s
=case          ejabberd_SUITE:pubsub_test_default
=logfile       ejabberd_suite.pubsub_test_default.20354.html
=started       2024-12-18 20:45:36
=ended         2024-12-18 20:45:36
=result        ok
=elapsed       0.103593s
=case          ejabberd_SUITE:pubsub_test_create_configure
=logfile       ejabberd_suite.pubsub_test_create_configure.20418.html
=started       2024-12-18 20:45:36
=ended         2024-12-18 20:45:36
=result        ok
=elapsed       0.107361s
=case          ejabberd_SUITE:pubsub_test_publish
=logfile       ejabberd_suite.pubsub_test_publish.20514.html
=started       2024-12-18 20:45:36
=ended         2024-12-18 20:45:36
=result        ok
=elapsed       0.104286s
=case          ejabberd_SUITE:pubsub_test_auto_create
=logfile       ejabberd_suite.pubsub_test_auto_create.20578.html
=started       2024-12-18 20:45:36
=ended         2024-12-18 20:45:36
=result        ok
=elapsed       0.104077s
=case          ejabberd_SUITE:pubsub_test_get_items
=logfile       ejabberd_suite.pubsub_test_get_items.20642.html
=started       2024-12-18 20:45:36
=ended         2024-12-18 20:45:36
=result        ok
=elapsed       0.108794s
=case          ejabberd_SUITE:pubsub_test_delete_item
=logfile       ejabberd_suite.pubsub_test_delete_item.20291.html
=started       2024-12-18 20:45:36
=ended         2024-12-18 20:45:36
=result        ok
=elapsed       0.106423s
=case          ejabberd_SUITE:pubsub_test_purge
=logfile       ejabberd_suite.pubsub_test_purge.20323.html
=started       2024-12-18 20:45:36
=ended         2024-12-18 20:45:36
=result        ok
=elapsed       0.110737s
=case          ejabberd_SUITE:pubsub_test_subscribe
=logfile       ejabberd_suite.pubsub_test_subscribe.20802.html
=started       2024-12-18 20:45:36
=ended         2024-12-18 20:45:37
=result        ok
=elapsed       0.104075s
=case          ejabberd_SUITE:pubsub_test_subscribe_max_item_1
=logfile       ejabberd_suite.pubsub_test_subscribe_max_item_1.20866.html
=started       2024-12-18 20:45:37
=ended         2024-12-18 20:45:37
=result        ok
=elapsed       0.106704s
=case          ejabberd_SUITE:pubsub_test_unsubscribe
=logfile       ejabberd_suite.pubsub_test_unsubscribe.20898.html
=started       2024-12-18 20:45:37
=ended         2024-12-18 20:45:37
=result        ok
=elapsed       0.106589s
=case          ejabberd_SUITE:end_per_group
=logfile       ejabberd_suite.end_per_group.20962.html
=group_props   [{name,pubsub_single},sequence]
=started       2024-12-18 20:45:37
=ended         2024-12-18 20:45:37
=result        ok
=elapsed       0.000003s
=group_time    2.489s
=case          ejabberd_SUITE:init_per_group
=logfile       ejabberd_suite.init_per_group.20994.html
=group_props   [{name,muc_single},sequence]
=started       2024-12-18 20:45:37
=ended         2024-12-18 20:45:37
=result        ok
=elapsed       0.000004s
=case          ejabberd_SUITE:muc_service_presence_error
=logfile       ejabberd_suite.muc_service_presence_error.21026.html
=started       2024-12-18 20:45:37
=ended         2024-12-18 20:45:37
=result        ok
=elapsed       0.189107s
=case          ejabberd_SUITE:muc_service_message_error
=logfile       ejabberd_suite.muc_service_message_error.21122.html
=started       2024-12-18 20:45:37
=ended         2024-12-18 20:45:37
=result        ok
=elapsed       0.188559s
=case          ejabberd_SUITE:muc_service_unknown_ns_iq_error
=logfile       ejabberd_suite.muc_service_unknown_ns_iq_error.21154.html
=started       2024-12-18 20:45:37
=ended         2024-12-18 20:45:38
=result        ok
=elapsed       0.189061s
=case          ejabberd_SUITE:muc_service_iq_set_error
=logfile       ejabberd_suite.muc_service_iq_set_error.21186.html
=started       2024-12-18 20:45:38
=ended         2024-12-18 20:45:38
=result        ok
=elapsed       0.320594s
=case          ejabberd_SUITE:muc_service_improper_iq_error
=logfile       ejabberd_suite.muc_service_improper_iq_error.20675.html
=started       2024-12-18 20:45:38
=ended         2024-12-18 20:45:38
=result        ok
=elapsed       0.282736s
=case          ejabberd_SUITE:muc_service_features
=logfile       ejabberd_suite.muc_service_features.20707.html
=started       2024-12-18 20:45:38
=ended         2024-12-18 20:45:38
=result        ok
=elapsed       0.102155s
=case          ejabberd_SUITE:muc_service_disco_info_node_error
=logfile       ejabberd_suite.muc_service_disco_info_node_error.21282.html
=started       2024-12-18 20:45:38
=ended         2024-12-18 20:45:39
=result        ok
=elapsed       0.102661s
=case          ejabberd_SUITE:muc_service_disco_items
=logfile       ejabberd_suite.muc_service_disco_items.21346.html
=started       2024-12-18 20:45:39
=ended         2024-12-18 20:45:39
=result        ok
=elapsed       0.124423s
=case          ejabberd_SUITE:muc_service_unique
=logfile       ejabberd_suite.muc_service_unique.21410.html
=started       2024-12-18 20:45:39
=ended         2024-12-18 20:45:39
=result        ok
=elapsed       0.102404s
=case          ejabberd_SUITE:muc_service_vcard
=logfile       ejabberd_suite.muc_service_vcard.21474.html
=started       2024-12-18 20:45:39
=ended         2024-12-18 20:45:39
=result        ok
=elapsed       0.103072s
=case          ejabberd_SUITE:muc_configure_non_existent
=logfile       ejabberd_suite.muc_configure_non_existent.21538.html
=started       2024-12-18 20:45:39
=ended         2024-12-18 20:45:39
=result        ok
=elapsed       0.104958s
=case          ejabberd_SUITE:muc_cancel_configure_non_existent
=logfile       ejabberd_suite.muc_cancel_configure_non_existent.21570.html
=started       2024-12-18 20:45:39
=ended         2024-12-18 20:45:39
=result        ok
=elapsed       0.102669s
=case          ejabberd_SUITE:muc_service_subscriptions
=logfile       ejabberd_suite.muc_service_subscriptions.17380.html
=started       2024-12-18 20:45:39
=ended         2024-12-18 20:45:39
=result        ok
=elapsed       0.134254s
=case          ejabberd_SUITE:muc_set_room_affiliation
=logfile       ejabberd_suite.muc_set_room_affiliation.17572.html
=started       2024-12-18 20:45:39
=ended         2024-12-18 20:45:40
=result        ok
=elapsed       0.107301s
=case          ejabberd_SUITE:end_per_group
=logfile       ejabberd_suite.end_per_group.17636.html
=group_props   [{name,muc_single},sequence]
=started       2024-12-18 20:45:40
=ended         2024-12-18 20:45:40
=result        ok
=elapsed       0.000002s
=group_time    2.611s
=case          ejabberd_SUITE:init_per_group
=logfile       ejabberd_suite.init_per_group.17668.html
=group_props   [{name,offline_single},sequence]
=started       2024-12-18 20:45:40
=ended         2024-12-18 20:45:40
=result        ok
=elapsed       0.000003s
=case          ejabberd_SUITE:offline_feature_enabled
=logfile       ejabberd_suite.offline_feature_enabled.17700.html
=started       2024-12-18 20:45:40
=ended         2024-12-18 20:45:40
=result        ok
=elapsed       0.103049s
=case          ejabberd_SUITE:offline_check_identity
=logfile       ejabberd_suite.offline_check_identity.17732.html
=started       2024-12-18 20:45:40
=ended         2024-12-18 20:45:40
=result        ok
=elapsed       0.102744s
=case          ejabberd_SUITE:offline_send_non_existent
=logfile       ejabberd_suite.offline_send_non_existent.21155.html
=started       2024-12-18 20:45:40
=ended         2024-12-18 20:45:40
=result        ok
=elapsed       0.102586s
=case          ejabberd_SUITE:offline_view_non_existent
=logfile       ejabberd_suite.offline_view_non_existent.21219.html
=started       2024-12-18 20:45:40
=ended         2024-12-18 20:45:40
=result        ok
=elapsed       0.102859s
=case          ejabberd_SUITE:offline_remove_non_existent
=logfile       ejabberd_suite.offline_remove_non_existent.21315.html
=started       2024-12-18 20:45:40
=ended         2024-12-18 20:45:40
=result        ok
=elapsed       0.101889s
=case          ejabberd_SUITE:offline_view_non_integer
=logfile       ejabberd_suite.offline_view_non_integer.21826.html
=started       2024-12-18 20:45:40
=ended         2024-12-18 20:45:40
=result        ok
=elapsed       0.102854s
=case          ejabberd_SUITE:offline_remove_non_integer
=logfile       ejabberd_suite.offline_remove_non_integer.21858.html
=started       2024-12-18 20:45:40
=ended         2024-12-18 20:45:41
=result        ok
=elapsed       0.102537s
=case          ejabberd_SUITE:offline_malformed_iq
=logfile       ejabberd_suite.offline_malformed_iq.21954.html
=started       2024-12-18 20:45:41
=ended         2024-12-18 20:45:41
=result        ok
=elapsed       0.105418s
=case          ejabberd_SUITE:offline_wrong_user
=logfile       ejabberd_suite.offline_wrong_user.21475.html
=started       2024-12-18 20:45:41
=ended         2024-12-18 20:45:41
=result        ok
=elapsed       0.109111s
=case          ejabberd_SUITE:offline_unsupported_iq
=logfile       ejabberd_suite.offline_unsupported_iq.21539.html
=started       2024-12-18 20:45:41
=ended         2024-12-18 20:45:41
=result        ok
=elapsed       0.103573s
=case          ejabberd_SUITE:end_per_group
=logfile       ejabberd_suite.end_per_group.21603.html
=group_props   [{name,offline_single},sequence]
=started       2024-12-18 20:45:41
=ended         2024-12-18 20:45:41
=result        ok
=elapsed       0.000013s
=group_time    1.366s
=case          ejabberd_SUITE:init_per_group
=logfile       ejabberd_suite.init_per_group.22050.html
=group_props   [{name,mam_single},sequence]
=started       2024-12-18 20:45:41
=ended         2024-12-18 20:45:41
=result        ok
=elapsed       0.000003s
=case          ejabberd_SUITE:mam_feature_enabled
=logfile       ejabberd_suite.mam_feature_enabled.22082.html
=started       2024-12-18 20:45:41
=ended         2024-12-18 20:45:41
=result        ok
=elapsed       0.104467s
=case          ejabberd_SUITE:mam_get_set_prefs
=logfile       ejabberd_suite.mam_get_set_prefs.22146.html
=started       2024-12-18 20:45:41
=ended         2024-12-18 20:45:43
=result        ok
=elapsed       1.886708s
=case          ejabberd_SUITE:mam_get_form
=logfile       ejabberd_suite.mam_get_form.22210.html
=started       2024-12-18 20:45:43
=ended         2024-12-18 20:45:43
=result        ok
=elapsed       0.105815s
=case          ejabberd_SUITE:mam_fake_by
=logfile       ejabberd_suite.mam_fake_by.22242.html
=started       2024-12-18 20:45:43
=ended         2024-12-18 20:45:43
=result        ok
=elapsed       0.102878s
=case          ejabberd_SUITE:end_per_group
=logfile       ejabberd_suite.end_per_group.22306.html
=group_props   [{name,mam_single},sequence]
=started       2024-12-18 20:45:43
=ended         2024-12-18 20:45:43
=result        ok
=elapsed       0.000003s
=group_time    2.344s
=case          ejabberd_SUITE:init_per_group
=logfile       ejabberd_suite.init_per_group.22338.html
=group_props   [{name,csi_single},sequence]
=started       2024-12-18 20:45:43
=ended         2024-12-18 20:45:43
=result        ok
=elapsed       0.000002s
=case          ejabberd_SUITE:csi_feature_enabled
=logfile       ejabberd_suite.csi_feature_enabled.22370.html
=started       2024-12-18 20:45:43
=ended         2024-12-18 20:45:43
=result        ok
=elapsed       0.101421s
=case          ejabberd_SUITE:end_per_group
=logfile       ejabberd_suite.end_per_group.22434.html
=group_props   [{name,csi_single},sequence]
=started       2024-12-18 20:45:43
=ended         2024-12-18 20:45:44
=result        ok
=elapsed       0.000003s
=group_time    0.156s
=case          ejabberd_SUITE:init_per_group
=logfile       ejabberd_suite.init_per_group.22466.html
=group_props   [{name,push_single},sequence]
=started       2024-12-18 20:45:44
=ended         2024-12-18 20:45:44
=result        ok
=elapsed       0.000003s
=case          ejabberd_SUITE:push_feature_enabled
=logfile       ejabberd_suite.push_feature_enabled.21827.html
=started       2024-12-18 20:45:44
=ended         2024-12-18 20:45:44
=result        ok
=elapsed       0.102622s
=case          ejabberd_SUITE:push_unsupported_iq
=logfile       ejabberd_suite.push_unsupported_iq.21891.html
=started       2024-12-18 20:45:44
=ended         2024-12-18 20:45:44
=result        ok
=elapsed       0.102753s
=case          ejabberd_SUITE:end_per_group
=logfile       ejabberd_suite.end_per_group.21955.html
=group_props   [{name,push_single},sequence]
=started       2024-12-18 20:45:44
=ended         2024-12-18 20:45:44
=result        ok
=elapsed       0.000003s
=group_time    0.291s
=case          ejabberd_SUITE:test_unregister
=logfile       ejabberd_suite.test_unregister.22562.html
=started       2024-12-18 20:45:44
=ended         2024-12-18 20:45:44
=result        ok
=elapsed       0.003400s
=case          ejabberd_SUITE:end_per_group
=logfile       ejabberd_suite.end_per_group.22594.html
=group_props   [{name,single_user},sequence]
=started       2024-12-18 20:45:44
=ended         2024-12-18 20:45:44
=result        ok
=elapsed       0.000008s
=group_time    16.048s
=case          ejabberd_SUITE:init_per_group
=logfile       ejabberd_suite.init_per_group.22626.html
=group_props   [{name,muc_master_slave},sequence]
=started       2024-12-18 20:45:44
=ended         2024-12-18 20:45:44
=result        ok
=elapsed       0.000003s
=case          ejabberd_SUITE:init_per_group
=logfile       ejabberd_suite.init_per_group.22658.html
=group_props   [{name,muc_register},parallel]
=started       2024-12-18 20:45:44
=ended         2024-12-18 20:45:44
=result        ok
=elapsed       0.000002s
=case          ejabberd_SUITE:muc_register_master
=logfile       ejabberd_suite.muc_register_master.22690.html
=started       2024-12-18 20:45:44
=ended         2024-12-18 20:45:44
=result        ok
=elapsed       0.111184s
=case          ejabberd_SUITE:muc_register_slave
=logfile       ejabberd_suite.muc_register_slave.22722.html
=started       2024-12-18 20:45:44
=ended         2024-12-18 20:45:44
=result        ok
=elapsed       0.108578s
=case          ejabberd_SUITE:end_per_group
=logfile       ejabberd_suite.end_per_group.22818.html
=group_props   [{name,muc_register},parallel]
=started       2024-12-18 20:45:44
=ended         2024-12-18 20:45:44
=result        ok
=elapsed       0.000003s
=group_time    0.170s
=case          ejabberd_SUITE:init_per_group
=logfile       ejabberd_suite.init_per_group.22115.html
=group_props   [{name,muc_groupchat_msg},parallel]
=started       2024-12-18 20:45:44
=ended         2024-12-18 20:45:44
=result        ok
=elapsed       0.000004s
=case          ejabberd_SUITE:muc_groupchat_msg_master
=logfile       ejabberd_suite.muc_groupchat_msg_master.22147.html
=started       2024-12-18 20:45:44
=ended         2024-12-18 20:45:44
=result        ok
=elapsed       0.112097s
=case          ejabberd_SUITE:muc_groupchat_msg_slave
=logfile       ejabberd_suite.muc_groupchat_msg_slave.22179.html
=started       2024-12-18 20:45:44
=ended         2024-12-18 20:45:44
=result        ok
=elapsed       0.109344s
=case          ejabberd_SUITE:end_per_group
=logfile       ejabberd_suite.end_per_group.22243.html
=group_props   [{name,muc_groupchat_msg},parallel]
=started       2024-12-18 20:45:44
=ended         2024-12-18 20:45:44
=result        ok
=elapsed       0.000008s
=group_time    0.171s
=case          ejabberd_SUITE:init_per_group
=logfile       ejabberd_suite.init_per_group.22275.html
=group_props   [{name,muc_private_msg},parallel]
=started       2024-12-18 20:45:44
=ended         2024-12-18 20:45:44
=result        ok
=elapsed       0.000004s
=case          ejabberd_SUITE:muc_private_msg_master
=logfile       ejabberd_suite.muc_private_msg_master.22307.html
=started       2024-12-18 20:45:44
=ended         2024-12-18 20:45:45
=result        ok
=elapsed       0.154528s
=case          ejabberd_SUITE:muc_private_msg_slave
=logfile       ejabberd_suite.muc_private_msg_slave.22339.html
=started       2024-12-18 20:45:44
=ended         2024-12-18 20:45:45
=result        ok
=elapsed       0.153546s
=case          ejabberd_SUITE:end_per_group
=logfile       ejabberd_suite.end_per_group.22371.html
=group_props   [{name,muc_private_msg},parallel]
=started       2024-12-18 20:45:45
=ended         2024-12-18 20:45:45
=result        ok
=elapsed       0.000002s
=group_time    0.215s
=case          ejabberd_SUITE:init_per_group
=logfile       ejabberd_suite.init_per_group.22403.html
=group_props   [{name,muc_set_subject},parallel]
=started       2024-12-18 20:45:45
=ended         2024-12-18 20:45:45
=result        ok
=elapsed       0.000003s
=case          ejabberd_SUITE:muc_set_subject_master
=logfile       ejabberd_suite.muc_set_subject_master.22435.html
=started       2024-12-18 20:45:45
=ended         2024-12-18 20:45:45
=result        ok
=elapsed       0.114228s
=case          ejabberd_SUITE:muc_set_subject_slave
=logfile       ejabberd_suite.muc_set_subject_slave.22467.html
=started       2024-12-18 20:45:45
=ended         2024-12-18 20:45:45
=result        ok
=elapsed       0.112273s
=case          ejabberd_SUITE:end_per_group
=logfile       ejabberd_suite.end_per_group.22499.html
=group_props   [{name,muc_set_subject},parallel]
=started       2024-12-18 20:45:45
=ended         2024-12-18 20:45:45
=result        ok
=elapsed       0.000011s
=group_time    0.173s
=case          ejabberd_SUITE:init_per_group
=logfile       ejabberd_suite.init_per_group.22531.html
=group_props   [{name,muc_history},parallel]
=started       2024-12-18 20:45:45
=ended         2024-12-18 20:45:45
=result        ok
=elapsed       0.000003s
=case          ejabberd_SUITE:muc_history_master
=logfile       ejabberd_suite.muc_history_master.22563.html
=started       2024-12-18 20:45:45
=ended         2024-12-18 20:45:45
=result        ok
=elapsed       0.139382s
=case          ejabberd_SUITE:muc_history_slave
=logfile       ejabberd_suite.muc_history_slave.22595.html
=started       2024-12-18 20:45:45
=ended         2024-12-18 20:45:45
=result        ok
=elapsed       0.137199s
=case          ejabberd_SUITE:end_per_group
=logfile       ejabberd_suite.end_per_group.22691.html
=group_props   [{name,muc_history},parallel]
=started       2024-12-18 20:45:45
=ended         2024-12-18 20:45:45
=result        ok
=elapsed       0.000005s
=group_time    0.198s
=case          ejabberd_SUITE:init_per_group
=logfile       ejabberd_suite.init_per_group.18052.html
=group_props   [{name,muc_invite},parallel]
=started       2024-12-18 20:45:45
=ended         2024-12-18 20:45:45
=result        ok
=elapsed       0.000003s
=case          ejabberd_SUITE:muc_invite_master
=logfile       ejabberd_suite.muc_invite_master.18084.html
=started       2024-12-18 20:45:45
=ended         2024-12-18 20:45:45
=result        ok
=elapsed       0.107874s
=case          ejabberd_SUITE:muc_invite_slave
=logfile       ejabberd_suite.muc_invite_slave.18116.html
=started       2024-12-18 20:45:45
=ended         2024-12-18 20:45:45
=result        ok
=elapsed       0.149092s
=case          ejabberd_SUITE:end_per_group
=logfile       ejabberd_suite.end_per_group.18244.html
=group_props   [{name,muc_invite},parallel]
=started       2024-12-18 20:45:45
=ended         2024-12-18 20:45:45
=result        ok
=elapsed       0.000002s
=group_time    0.207s
=case          ejabberd_SUITE:init_per_group
=logfile       ejabberd_suite.init_per_group.18276.html
=group_props   [{name,muc_invite_members_only},parallel]
=started       2024-12-18 20:45:45
=ended         2024-12-18 20:45:45
=result        ok
=elapsed       0.000003s
=case          ejabberd_SUITE:muc_invite_members_only_master
=logfile       ejabberd_suite.muc_invite_members_only_master.18308.html
=started       2024-12-18 20:45:45
=ended         2024-12-18 20:45:45
=result        ok
=elapsed       0.107819s
=case          ejabberd_SUITE:muc_invite_members_only_slave
=logfile       ejabberd_suite.muc_invite_members_only_slave.18340.html
=started       2024-12-18 20:45:45
=ended         2024-12-18 20:45:45
=result        ok
=elapsed       0.107164s
=case          ejabberd_SUITE:end_per_group
=logfile       ejabberd_suite.end_per_group.23266.html
=group_props   [{name,muc_invite_members_only},parallel]
=started       2024-12-18 20:45:45
=ended         2024-12-18 20:45:45
=result        ok
=elapsed       0.000003s
=group_time    0.168s
=case          ejabberd_SUITE:init_per_group
=logfile       ejabberd_suite.init_per_group.23298.html
=group_props   [{name,muc_invite_password_protected},parallel]
=started       2024-12-18 20:45:45
=ended         2024-12-18 20:45:45
=result        ok
=elapsed       0.000003s
=case          ejabberd_SUITE:muc_invite_password_protected_master
=logfile       ejabberd_suite.muc_invite_password_protected_master.23330.html
=started       2024-12-18 20:45:45
=ended         2024-12-18 20:45:46
=result        ok
=elapsed       0.149392s
=case          ejabberd_SUITE:muc_invite_password_protected_slave
=logfile       ejabberd_suite.muc_invite_password_protected_slave.23362.html
=started       2024-12-18 20:45:45
=ended         2024-12-18 20:45:46
=result        ok
=elapsed       0.106589s
=case          ejabberd_SUITE:end_per_group
=logfile       ejabberd_suite.end_per_group.23490.html
=group_props   [{name,muc_invite_password_protected},parallel]
=started       2024-12-18 20:45:46
=ended         2024-12-18 20:45:46
=result        ok
=elapsed       0.000007s
=group_time    0.209s
=case          ejabberd_SUITE:init_per_group
=logfile       ejabberd_suite.init_per_group.23522.html
=group_props   [{name,muc_voice_request},parallel]
=started       2024-12-18 20:45:46
=ended         2024-12-18 20:45:46
=result        ok
=elapsed       0.000003s
=case          ejabberd_SUITE:muc_voice_request_master
=logfile       ejabberd_suite.muc_voice_request_master.23554.html
=started       2024-12-18 20:45:46
=ended         2024-12-18 20:45:46
=result        ok
=elapsed       0.111387s
=case          ejabberd_SUITE:muc_voice_request_slave
=logfile       ejabberd_suite.muc_voice_request_slave.23586.html
=started       2024-12-18 20:45:46
=ended         2024-12-18 20:45:46
=result        ok
=elapsed       0.107474s
=case          ejabberd_SUITE:end_per_group
=logfile       ejabberd_suite.end_per_group.23618.html
=group_props   [{name,muc_voice_request},parallel]
=started       2024-12-18 20:45:46
=ended         2024-12-18 20:45:46
=result        ok
=elapsed       0.000003s
=group_time    0.169s
=case          ejabberd_SUITE:init_per_group
=logfile       ejabberd_suite.init_per_group.23650.html
=group_props   [{name,muc_change_role},parallel]
=started       2024-12-18 20:45:46
=ended         2024-12-18 20:45:46
=result        ok
=elapsed       0.000003s
=case          ejabberd_SUITE:muc_change_role_master
=logfile       ejabberd_suite.muc_change_role_master.23682.html
=started       2024-12-18 20:45:46
=ended         2024-12-18 20:45:46
=result        ok
=elapsed       0.115100s
=case          ejabberd_SUITE:muc_change_role_slave
=logfile       ejabberd_suite.muc_change_role_slave.22851.html
=started       2024-12-18 20:45:46
=ended         2024-12-18 20:45:46
=result        ok
=elapsed       0.114123s
=case          ejabberd_SUITE:end_per_group
=logfile       ejabberd_suite.end_per_group.23746.html
=group_props   [{name,muc_change_role},parallel]
=started       2024-12-18 20:45:46
=ended         2024-12-18 20:45:46
=result        ok
=elapsed       0.000003s
=group_time    0.173s
=case          ejabberd_SUITE:init_per_group
=logfile       ejabberd_suite.init_per_group.23778.html
=group_props   [{name,muc_kick},parallel]
=started       2024-12-18 20:45:46
=ended         2024-12-18 20:45:46
=result        ok
=elapsed       0.000003s
=case          ejabberd_SUITE:muc_kick_master
=logfile       ejabberd_suite.muc_kick_master.23810.html
=started       2024-12-18 20:45:46
=ended         2024-12-18 20:45:46
=result        ok
=elapsed       0.109833s
=case          ejabberd_SUITE:muc_kick_slave
=logfile       ejabberd_suite.muc_kick_slave.22947.html
=started       2024-12-18 20:45:46
=ended         2024-12-18 20:45:46
=result        ok
=elapsed       0.107168s
=case          ejabberd_SUITE:end_per_group
=logfile       ejabberd_suite.end_per_group.23107.html
=group_props   [{name,muc_kick},parallel]
=started       2024-12-18 20:45:46
=ended         2024-12-18 20:45:46
=result        ok
=elapsed       0.000002s
=group_time    0.167s
=case          ejabberd_SUITE:init_per_group
=logfile       ejabberd_suite.init_per_group.23139.html
=group_props   [{name,muc_change_affiliation},parallel]
=started       2024-12-18 20:45:46
=ended         2024-12-18 20:45:46
=result        ok
=elapsed       0.000002s
=case          ejabberd_SUITE:muc_change_affiliation_master
=logfile       ejabberd_suite.muc_change_affiliation_master.23171.html
=started       2024-12-18 20:45:46
=ended         2024-12-18 20:45:46
=result        ok
=elapsed       0.119056s
=case          ejabberd_SUITE:muc_change_affiliation_slave
=logfile       ejabberd_suite.muc_change_affiliation_slave.23203.html
=started       2024-12-18 20:45:46
=ended         2024-12-18 20:45:46
=result        ok
=elapsed       0.117904s
=case          ejabberd_SUITE:end_per_group
=logfile       ejabberd_suite.end_per_group.23299.html
=group_props   [{name,muc_change_affiliation},parallel]
=started       2024-12-18 20:45:46
=ended         2024-12-18 20:45:46
=result        ok
=elapsed       0.000002s
=group_time    0.177s
=case          ejabberd_SUITE:init_per_group
=logfile       ejabberd_suite.init_per_group.23331.html
=group_props   [{name,muc_destroy},parallel]
=started       2024-12-18 20:45:46
=ended         2024-12-18 20:45:46
=result        ok
=elapsed       0.000003s
=case          ejabberd_SUITE:muc_destroy_master
=logfile       ejabberd_suite.muc_destroy_master.23363.html
=started       2024-12-18 20:45:46
=ended         2024-12-18 20:45:47
=result        ok
=elapsed       0.108550s
=case          ejabberd_SUITE:muc_destroy_slave
=logfile       ejabberd_suite.muc_destroy_slave.23842.html
=started       2024-12-18 20:45:46
=ended         2024-12-18 20:45:47
=result        ok
=elapsed       0.109540s
=case          ejabberd_SUITE:end_per_group
=logfile       ejabberd_suite.end_per_group.23491.html
=group_props   [{name,muc_destroy},parallel]
=started       2024-12-18 20:45:47
=ended         2024-12-18 20:45:47
=result        ok
=elapsed       0.000003s
=group_time    0.170s
=case          ejabberd_SUITE:init_per_group
=logfile       ejabberd_suite.init_per_group.23938.html
=group_props   [{name,muc_vcard},parallel]
=started       2024-12-18 20:45:47
=ended         2024-12-18 20:45:47
=result        ok
=elapsed       0.000003s
=case          ejabberd_SUITE:muc_vcard_master
=logfile       ejabberd_suite.muc_vcard_master.23970.html
=started       2024-12-18 20:45:47
=ended         2024-12-18 20:45:47
=result        ok
=elapsed       0.112262s
=case          ejabberd_SUITE:muc_vcard_slave
=logfile       ejabberd_suite.muc_vcard_slave.24002.html
=started       2024-12-18 20:45:47
=ended         2024-12-18 20:45:47
=result        ok
=elapsed       0.110825s
=case          ejabberd_SUITE:end_per_group
=logfile       ejabberd_suite.end_per_group.24098.html
=group_props   [{name,muc_vcard},parallel]
=started       2024-12-18 20:45:47
=ended         2024-12-18 20:45:47
=result        ok
=elapsed       0.000004s
=group_time    0.171s
=case          ejabberd_SUITE:init_per_group
=logfile       ejabberd_suite.init_per_group.24130.html
=group_props   [{name,muc_nick_change},parallel]
=started       2024-12-18 20:45:47
=ended         2024-12-18 20:45:47
=result        ok
=elapsed       0.000004s
=case          ejabberd_SUITE:muc_nick_change_master
=logfile       ejabberd_suite.muc_nick_change_master.24162.html
=started       2024-12-18 20:45:47
=ended         2024-12-18 20:45:47
=result        ok
=elapsed       0.110317s
=case          ejabberd_SUITE:muc_nick_change_slave
=logfile       ejabberd_suite.muc_nick_change_slave.24194.html
=started       2024-12-18 20:45:47
=ended         2024-12-18 20:45:47
=result        ok
=elapsed       0.107786s
=case          ejabberd_SUITE:end_per_group
=logfile       ejabberd_suite.end_per_group.24226.html
=group_props   [{name,muc_nick_change},parallel]
=started       2024-12-18 20:45:47
=ended         2024-12-18 20:45:47
=result        ok
=elapsed       0.000003s
=group_time    0.170s
=case          ejabberd_SUITE:init_per_group
=logfile       ejabberd_suite.init_per_group.24258.html
=group_props   [{name,muc_config_title_desc},parallel]
=started       2024-12-18 20:45:47
=ended         2024-12-18 20:45:47
=result        ok
=elapsed       0.000002s
=case          ejabberd_SUITE:muc_config_title_desc_master
=logfile       ejabberd_suite.muc_config_title_desc_master.24290.html
=started       2024-12-18 20:45:47
=ended         2024-12-18 20:45:47
=result        ok
=elapsed       0.111221s
=case          ejabberd_SUITE:muc_config_title_desc_slave
=logfile       ejabberd_suite.muc_config_title_desc_slave.24322.html
=started       2024-12-18 20:45:47
=ended         2024-12-18 20:45:47
=result        ok
=elapsed       0.109004s
=case          ejabberd_SUITE:end_per_group
=logfile       ejabberd_suite.end_per_group.24450.html
=group_props   [{name,muc_config_title_desc},parallel]
=started       2024-12-18 20:45:47
=ended         2024-12-18 20:45:47
=result        ok
=elapsed       0.000003s
=group_time    0.170s
=case          ejabberd_SUITE:init_per_group
=logfile       ejabberd_suite.init_per_group.24482.html
=group_props   [{name,muc_config_public_list},parallel]
=started       2024-12-18 20:45:47
=ended         2024-12-18 20:45:47
=result        ok
=elapsed       0.000002s
=case          ejabberd_SUITE:muc_config_public_list_master
=logfile       ejabberd_suite.muc_config_public_list_master.24514.html
=started       2024-12-18 20:45:47
=ended         2024-12-18 20:45:47
=result        ok
=elapsed       0.112995s
=case          ejabberd_SUITE:muc_config_public_list_slave
=logfile       ejabberd_suite.muc_config_public_list_slave.24546.html
=started       2024-12-18 20:45:47
=ended         2024-12-18 20:45:47
=result        ok
=elapsed       0.110464s
=case          ejabberd_SUITE:end_per_group
=logfile       ejabberd_suite.end_per_group.24610.html
=group_props   [{name,muc_config_public_list},parallel]
=started       2024-12-18 20:45:47
=ended         2024-12-18 20:45:47
=result        ok
=elapsed       0.000003s
=group_time    0.170s
=case          ejabberd_SUITE:init_per_group
=logfile       ejabberd_suite.init_per_group.24642.html
=group_props   [{name,muc_config_password},parallel]
=started       2024-12-18 20:45:47
=ended         2024-12-18 20:45:47
=result        ok
=elapsed       0.000003s
=case          ejabberd_SUITE:muc_config_password_master
=logfile       ejabberd_suite.muc_config_password_master.24674.html
=started       2024-12-18 20:45:47
=ended         2024-12-18 20:45:48
=result        ok
=elapsed       0.112588s
=case          ejabberd_SUITE:muc_config_password_slave
=logfile       ejabberd_suite.muc_config_password_slave.24706.html
=started       2024-12-18 20:45:47
=ended         2024-12-18 20:45:48
=result        ok
=elapsed       0.112626s
=case          ejabberd_SUITE:end_per_group
=logfile       ejabberd_suite.end_per_group.19108.html
=group_props   [{name,muc_config_password},parallel]
=started       2024-12-18 20:45:48
=ended         2024-12-18 20:45:48
=result        ok
=elapsed       0.000004s
=group_time    0.171s
=case          ejabberd_SUITE:init_per_group
=logfile       ejabberd_suite.init_per_group.19140.html
=group_props   [{name,muc_config_whois},parallel]
=started       2024-12-18 20:45:48
=ended         2024-12-18 20:45:48
=result        ok
=elapsed       0.000003s
=case          ejabberd_SUITE:muc_config_whois_master
=logfile       ejabberd_suite.muc_config_whois_master.23715.html
=started       2024-12-18 20:45:48
=ended         2024-12-18 20:45:48
=result        ok
=elapsed       0.113957s
=case          ejabberd_SUITE:muc_config_whois_slave
=logfile       ejabberd_suite.muc_config_whois_slave.19172.html
=started       2024-12-18 20:45:48
=ended         2024-12-18 20:45:48
=result        ok
=elapsed       0.113128s
=case          ejabberd_SUITE:end_per_group
=logfile       ejabberd_suite.end_per_group.19300.html
=group_props   [{name,muc_config_whois},parallel]
=started       2024-12-18 20:45:48
=ended         2024-12-18 20:45:48
=result        ok
=elapsed       0.000007s
=group_time    0.172s
=case          ejabberd_SUITE:init_per_group
=logfile       ejabberd_suite.init_per_group.23779.html
=group_props   [{name,muc_config_members_only},parallel]
=started       2024-12-18 20:45:48
=ended         2024-12-18 20:45:48
=result        ok
=elapsed       0.000003s
=case          ejabberd_SUITE:muc_config_members_only_master
=logfile       ejabberd_suite.muc_config_members_only_master.23811.html
=started       2024-12-18 20:45:48
=ended         2024-12-18 20:45:48
=result        ok
=elapsed       0.114988s
=case          ejabberd_SUITE:muc_config_members_only_slave
=logfile       ejabberd_suite.muc_config_members_only_slave.23843.html
=started       2024-12-18 20:45:48
=ended         2024-12-18 20:45:48
=result        ok
=elapsed       0.113986s
=case          ejabberd_SUITE:end_per_group
=logfile       ejabberd_suite.end_per_group.23939.html
=group_props   [{name,muc_config_members_only},parallel]
=started       2024-12-18 20:45:48
=ended         2024-12-18 20:45:48
=result        ok
=elapsed       0.000003s
=group_time    0.174s
=case          ejabberd_SUITE:init_per_group
=logfile       ejabberd_suite.init_per_group.23971.html
=group_props   [{name,muc_config_moderated},parallel]
=started       2024-12-18 20:45:48
=ended         2024-12-18 20:45:48
=result        ok
=elapsed       0.000003s
=case          ejabberd_SUITE:muc_config_moderated_master
=logfile       ejabberd_suite.muc_config_moderated_master.24003.html
=started       2024-12-18 20:45:48
=ended         2024-12-18 20:45:48
=result        ok
=elapsed       0.114002s
=case          ejabberd_SUITE:muc_config_moderated_slave
=logfile       ejabberd_suite.muc_config_moderated_slave.24035.html
=started       2024-12-18 20:45:48
=ended         2024-12-18 20:45:48
=result        ok
=elapsed       0.111158s
=case          ejabberd_SUITE:end_per_group
=logfile       ejabberd_suite.end_per_group.24163.html
=group_props   [{name,muc_config_moderated},parallel]
=started       2024-12-18 20:45:48
=ended         2024-12-18 20:45:48
=result        ok
=elapsed       0.000003s
=group_time    0.173s
=case          ejabberd_SUITE:init_per_group
=logfile       ejabberd_suite.init_per_group.24195.html
=group_props   [{name,muc_config_private_messages},parallel]
=started       2024-12-18 20:45:48
=ended         2024-12-18 20:45:48
=result        ok
=elapsed       0.000003s
=case          ejabberd_SUITE:muc_config_private_messages_master
=logfile       ejabberd_suite.muc_config_private_messages_master.24227.html
=started       2024-12-18 20:45:48
=ended         2024-12-18 20:45:48
=result        ok
=elapsed       0.117787s
=case          ejabberd_SUITE:muc_config_private_messages_slave
=logfile       ejabberd_suite.muc_config_private_messages_slave.24259.html
=started       2024-12-18 20:45:48
=ended         2024-12-18 20:45:48
=result        ok
=elapsed       0.115141s
=case          ejabberd_SUITE:end_per_group
=logfile       ejabberd_suite.end_per_group.24291.html
=group_props   [{name,muc_config_private_messages},parallel]
=started       2024-12-18 20:45:48
=ended         2024-12-18 20:45:48
=result        ok
=elapsed       0.000003s
=group_time    0.176s
=case          ejabberd_SUITE:init_per_group
=logfile       ejabberd_suite.init_per_group.24323.html
=group_props   [{name,muc_config_query},parallel]
=started       2024-12-18 20:45:48
=ended         2024-12-18 20:45:48
=result        ok
=elapsed       0.000002s
=case          ejabberd_SUITE:muc_config_query_master
=logfile       ejabberd_suite.muc_config_query_master.24355.html
=started       2024-12-18 20:45:48
=ended         2024-12-18 20:45:49
=result        ok
=elapsed       0.151383s
=case          ejabberd_SUITE:muc_config_query_slave
=logfile       ejabberd_suite.muc_config_query_slave.24387.html
=started       2024-12-18 20:45:48
=ended         2024-12-18 20:45:49
=result        ok
=elapsed       0.150063s
=case          ejabberd_SUITE:end_per_group
=logfile       ejabberd_suite.end_per_group.24451.html
=group_props   [{name,muc_config_query},parallel]
=started       2024-12-18 20:45:49
=ended         2024-12-18 20:45:49
=result        ok
=elapsed       0.000003s
=group_time    0.210s
=case          ejabberd_SUITE:init_per_group
=logfile       ejabberd_suite.init_per_group.24483.html
=group_props   [{name,muc_config_allow_invites},parallel]
=started       2024-12-18 20:45:49
=ended         2024-12-18 20:45:49
=result        ok
=elapsed       0.000003s
=case          ejabberd_SUITE:muc_config_allow_invites_master
=logfile       ejabberd_suite.muc_config_allow_invites_master.24515.html
=started       2024-12-18 20:45:49
=ended         2024-12-18 20:45:49
=result        ok
=elapsed       0.112679s
=case          ejabberd_SUITE:muc_config_allow_invites_slave
=logfile       ejabberd_suite.muc_config_allow_invites_slave.24547.html
=started       2024-12-18 20:45:49
=ended         2024-12-18 20:45:49
=result        ok
=elapsed       0.110724s
=case          ejabberd_SUITE:end_per_group
=logfile       ejabberd_suite.end_per_group.24643.html
=group_props   [{name,muc_config_allow_invites},parallel]
=started       2024-12-18 20:45:49
=ended         2024-12-18 20:45:49
=result        ok
=elapsed       0.000010s
=group_time    0.173s
=case          ejabberd_SUITE:init_per_group
=logfile       ejabberd_suite.init_per_group.24675.html
=group_props   [{name,muc_config_visitor_status},parallel]
=started       2024-12-18 20:45:49
=ended         2024-12-18 20:45:49
=result        ok
=elapsed       0.000003s
=case          ejabberd_SUITE:muc_config_visitor_status_master
=logfile       ejabberd_suite.muc_config_visitor_status_master.25122.html
=started       2024-12-18 20:45:49
=ended         2024-12-18 20:45:49
=result        ok
=elapsed       0.112394s
=case          ejabberd_SUITE:muc_config_visitor_status_slave
=logfile       ejabberd_suite.muc_config_visitor_status_slave.25154.html
=started       2024-12-18 20:45:49
=ended         2024-12-18 20:45:49
=result        ok
=elapsed       0.109519s
=case          ejabberd_SUITE:end_per_group
=logfile       ejabberd_suite.end_per_group.25250.html
=group_props   [{name,muc_config_visitor_status},parallel]
=started       2024-12-18 20:45:49
=ended         2024-12-18 20:45:49
=result        ok
=elapsed       0.000003s
=group_time    0.171s
=case          ejabberd_SUITE:init_per_group
=logfile       ejabberd_suite.init_per_group.25282.html
=group_props   [{name,muc_config_allow_voice_requests},parallel]
=started       2024-12-18 20:45:49
=ended         2024-12-18 20:45:49
=result        ok
=elapsed       0.000004s
=case          ejabberd_SUITE:muc_config_allow_voice_requests_master
=logfile       ejabberd_suite.muc_config_allow_voice_requests_master.25314.html
=started       2024-12-18 20:45:49
=ended         2024-12-18 20:45:49
=result        ok
=elapsed       0.111451s
=case          ejabberd_SUITE:muc_config_allow_voice_requests_slave
=logfile       ejabberd_suite.muc_config_allow_voice_requests_slave.5445.html
=started       2024-12-18 20:45:49
=ended         2024-12-18 20:45:49
=result        ok
=elapsed       0.108222s
=case          ejabberd_SUITE:end_per_group
=logfile       ejabberd_suite.end_per_group.5477.html
=group_props   [{name,muc_config_allow_voice_requests},parallel]
=started       2024-12-18 20:45:49
=ended         2024-12-18 20:45:49
=result        ok
=elapsed       0.000004s
=group_time    0.173s
=case          ejabberd_SUITE:init_per_group
=logfile       ejabberd_suite.init_per_group.5509.html
=group_props   [{name,muc_config_voice_request_interval},parallel]
=started       2024-12-18 20:45:49
=ended         2024-12-18 20:45:49
=result        ok
=elapsed       0.000003s
=case          ejabberd_SUITE:muc_config_voice_request_interval_master
=logfile       ejabberd_suite.muc_config_voice_request_interval_master.25378.html
=started       2024-12-18 20:45:49
=ended         2024-12-18 20:45:54
=result        ok
=elapsed       5.197484s
=case          ejabberd_SUITE:muc_config_voice_request_interval_slave
=logfile       ejabberd_suite.muc_config_voice_request_interval_slave.25410.html
=started       2024-12-18 20:45:49
=ended         2024-12-18 20:45:54
=result        ok
=elapsed       5.194355s
=case          ejabberd_SUITE:end_per_group
=logfile       ejabberd_suite.end_per_group.25474.html
=group_props   [{name,muc_config_voice_request_interval},parallel]
=started       2024-12-18 20:45:54
=ended         2024-12-18 20:45:54
=result        ok
=elapsed       0.000008s
=group_time    5.255s
=case          ejabberd_SUITE:init_per_group
=logfile       ejabberd_suite.init_per_group.25506.html
=group_props   [{name,muc_config_visitor_nickchange},parallel]
=started       2024-12-18 20:45:54
=ended         2024-12-18 20:45:55
=result        ok
=elapsed       0.000003s
=case          ejabberd_SUITE:muc_config_visitor_nickchange_master
=logfile       ejabberd_suite.muc_config_visitor_nickchange_master.25538.html
=started       2024-12-18 20:45:55
=ended         2024-12-18 20:45:55
=result        ok
=elapsed       0.111562s
=case          ejabberd_SUITE:muc_config_visitor_nickchange_slave
=logfile       ejabberd_suite.muc_config_visitor_nickchange_slave.25570.html
=started       2024-12-18 20:45:55
=ended         2024-12-18 20:45:55
=result        ok
=elapsed       0.110328s
=case          ejabberd_SUITE:end_per_group
=logfile       ejabberd_suite.end_per_group.25634.html
=group_props   [{name,muc_config_visitor_nickchange},parallel]
=started       2024-12-18 20:45:55
=ended         2024-12-18 20:45:55
=result        ok
=elapsed       0.000003s
=group_time    0.171s
=case          ejabberd_SUITE:init_per_group
=logfile       ejabberd_suite.init_per_group.25666.html
=group_props   [{name,muc_join_conflict},parallel]
=started       2024-12-18 20:45:55
=ended         2024-12-18 20:45:55
=result        ok
=elapsed       0.000002s
=case          ejabberd_SUITE:muc_join_conflict_master
=logfile       ejabberd_suite.muc_join_conflict_master.25698.html
=started       2024-12-18 20:45:55
=ended         2024-12-18 20:45:55
=result        ok
=elapsed       0.106764s
=case          ejabberd_SUITE:muc_join_conflict_slave
=logfile       ejabberd_suite.muc_join_conflict_slave.25730.html
=started       2024-12-18 20:45:55
=ended         2024-12-18 20:45:55
=result        ok
=elapsed       0.106739s
=case          ejabberd_SUITE:end_per_group
=logfile       ejabberd_suite.end_per_group.25794.html
=group_props   [{name,muc_join_conflict},parallel]
=started       2024-12-18 20:45:55
=ended         2024-12-18 20:45:55
=result        ok
=elapsed       0.000008s
=group_time    0.166s
=case          ejabberd_SUITE:end_per_group
=logfile       ejabberd_suite.end_per_group.25826.html
=group_props   [{name,muc_master_slave},sequence]
=started       2024-12-18 20:45:55
=ended         2024-12-18 20:45:55
=result        ok
=elapsed       0.000003s
=group_time    10.991s
=case          ejabberd_SUITE:init_per_group
=logfile       ejabberd_suite.init_per_group.25858.html
=group_props   [{name,privacy_master_slave},sequence]
=started       2024-12-18 20:45:55
=ended         2024-12-18 20:45:55
=result        ok
=elapsed       0.000004s
=case          ejabberd_SUITE:init_per_group
=logfile       ejabberd_suite.init_per_group.25890.html
=group_props   [{name,privacy_deny_bare_jid},parallel]
=started       2024-12-18 20:45:55
=ended         2024-12-18 20:45:55
=result        ok
=elapsed       0.000002s
=case          ejabberd_SUITE:privacy_deny_bare_jid_master
=logfile       ejabberd_suite.privacy_deny_bare_jid_master.25922.html
=started       2024-12-18 20:45:55
=ended         2024-12-18 20:45:56
=result        ok
=elapsed       1.115574s
=case          ejabberd_SUITE:privacy_deny_bare_jid_slave
=logfile       ejabberd_suite.privacy_deny_bare_jid_slave.24963.html
=started       2024-12-18 20:45:55
=ended         2024-12-18 20:45:56
=result        ok
=elapsed       1.116271s
=case          ejabberd_SUITE:end_per_group
=logfile       ejabberd_suite.end_per_group.24995.html
=group_props   [{name,privacy_deny_bare_jid},parallel]
=started       2024-12-18 20:45:56
=ended         2024-12-18 20:45:56
=result        ok
=elapsed       0.000003s
=group_time    1.175s
=case          ejabberd_SUITE:init_per_group
=logfile       ejabberd_suite.init_per_group.25027.html
=group_props   [{name,privacy_deny_full_jid},parallel]
=started       2024-12-18 20:45:56
=ended         2024-12-18 20:45:56
=result        ok
=elapsed       0.000003s
=case          ejabberd_SUITE:privacy_deny_full_jid_master
=logfile       ejabberd_suite.privacy_deny_full_jid_master.25059.html
=started       2024-12-18 20:45:56
=ended         2024-12-18 20:45:57
=result        ok
=elapsed       1.131168s
=case          ejabberd_SUITE:privacy_deny_full_jid_slave
=logfile       ejabberd_suite.privacy_deny_full_jid_slave.25091.html
=started       2024-12-18 20:45:56
=ended         2024-12-18 20:45:57
=result        ok
=elapsed       1.131911s
=case          ejabberd_SUITE:end_per_group
=logfile       ejabberd_suite.end_per_group.20036.html
=group_props   [{name,privacy_deny_full_jid},parallel]
=started       2024-12-18 20:45:57
=ended         2024-12-18 20:45:57
=result        ok
=elapsed       0.000005s
=group_time    1.192s
=case          ejabberd_SUITE:init_per_group
=logfile       ejabberd_suite.init_per_group.20068.html
=group_props   [{name,privacy_deny_server_bare_jid},parallel]
=started       2024-12-18 20:45:57
=ended         2024-12-18 20:45:57
=result        ok
=elapsed       0.000004s
=case          ejabberd_SUITE:privacy_deny_server_bare_jid_master
=logfile       ejabberd_suite.privacy_deny_server_bare_jid_master.20100.html
=started       2024-12-18 20:45:57
=ended         2024-12-18 20:45:59
=result        ok
=elapsed       1.118257s
=case          ejabberd_SUITE:privacy_deny_server_bare_jid_slave
=logfile       ejabberd_suite.privacy_deny_server_bare_jid_slave.20132.html
=started       2024-12-18 20:45:57
=ended         2024-12-18 20:45:59
=result        ok
=elapsed       1.119736s
=case          ejabberd_SUITE:end_per_group
=logfile       ejabberd_suite.end_per_group.20196.html
=group_props   [{name,privacy_deny_server_bare_jid},parallel]
=started       2024-12-18 20:45:59
=ended         2024-12-18 20:45:59
=result        ok
=elapsed       0.000003s
=group_time    1.178s
=case          ejabberd_SUITE:init_per_group
=logfile       ejabberd_suite.init_per_group.20228.html
=group_props   [{name,privacy_deny_server_full_jid},parallel]
=started       2024-12-18 20:45:59
=ended         2024-12-18 20:45:59
=result        ok
=elapsed       0.000003s
=case          ejabberd_SUITE:privacy_deny_server_full_jid_master
=logfile       ejabberd_suite.privacy_deny_server_full_jid_master.20260.html
=started       2024-12-18 20:45:59
=ended         2024-12-18 20:46:00
=result        ok
=elapsed       1.122264s
=case          ejabberd_SUITE:privacy_deny_server_full_jid_slave
=logfile       ejabberd_suite.privacy_deny_server_full_jid_slave.25187.html
=started       2024-12-18 20:45:59
=ended         2024-12-18 20:46:00
=result        ok
=elapsed       1.120924s
=case          ejabberd_SUITE:end_per_group
=logfile       ejabberd_suite.end_per_group.25283.html
=group_props   [{name,privacy_deny_server_full_jid},parallel]
=started       2024-12-18 20:46:00
=ended         2024-12-18 20:46:00
=result        ok
=elapsed       0.000003s
=group_time    1.183s
=case          ejabberd_SUITE:init_per_group
=logfile       ejabberd_suite.init_per_group.25315.html
=group_props   [{name,privacy_deny_group},parallel]
=started       2024-12-18 20:46:00
=ended         2024-12-18 20:46:00
=result        ok
=elapsed       0.000003s
=case          ejabberd_SUITE:privacy_deny_group_master
=logfile       ejabberd_suite.privacy_deny_group_master.25347.html
=started       2024-12-18 20:46:00
=ended         2024-12-18 20:46:01
=result        ok
=elapsed       1.127022s
=case          ejabberd_SUITE:privacy_deny_group_slave
=logfile       ejabberd_suite.privacy_deny_group_slave.25379.html
=started       2024-12-18 20:46:00
=ended         2024-12-18 20:46:01
=result        ok
=elapsed       1.127153s
=case          ejabberd_SUITE:end_per_group
=logfile       ejabberd_suite.end_per_group.25475.html
=group_props   [{name,privacy_deny_group},parallel]
=started       2024-12-18 20:46:01
=ended         2024-12-18 20:46:01
=result        ok
=elapsed       0.000010s
=group_time    1.187s
=case          ejabberd_SUITE:init_per_group
=logfile       ejabberd_suite.init_per_group.25507.html
=group_props   [{name,privacy_deny_sub_both},parallel]
=started       2024-12-18 20:46:01
=ended         2024-12-18 20:46:01
=result        ok
=elapsed       0.000004s
=case          ejabberd_SUITE:privacy_deny_sub_both_master
=logfile       ejabberd_suite.privacy_deny_sub_both_master.25539.html
=started       2024-12-18 20:46:01
=ended         2024-12-18 20:46:02
=result        ok
=elapsed       1.125663s
=case          ejabberd_SUITE:privacy_deny_sub_both_slave
=logfile       ejabberd_suite.privacy_deny_sub_both_slave.25571.html
=started       2024-12-18 20:46:01
=ended         2024-12-18 20:46:02
=result        ok
=elapsed       1.124765s
=case          ejabberd_SUITE:end_per_group
=logfile       ejabberd_suite.end_per_group.25699.html
=group_props   [{name,privacy_deny_sub_both},parallel]
=started       2024-12-18 20:46:02
=ended         2024-12-18 20:46:02
=result        ok
=elapsed       0.000003s
=group_time    1.185s
=case          ejabberd_SUITE:init_per_group
=logfile       ejabberd_suite.init_per_group.25731.html
=group_props   [{name,privacy_deny_sub_from},parallel]
=started       2024-12-18 20:46:02
=ended         2024-12-18 20:46:02
=result        ok
=elapsed       0.000003s
=case          ejabberd_SUITE:privacy_deny_sub_from_master
=logfile       ejabberd_suite.privacy_deny_sub_from_master.26434.html
=started       2024-12-18 20:46:02
=ended         2024-12-18 20:46:03
=result        ok
=elapsed       1.126269s
=case          ejabberd_SUITE:privacy_deny_sub_from_slave
=logfile       ejabberd_suite.privacy_deny_sub_from_slave.26466.html
=started       2024-12-18 20:46:02
=ended         2024-12-18 20:46:03
=result        ok
=elapsed       1.125397s
=case          ejabberd_SUITE:end_per_group
=logfile       ejabberd_suite.end_per_group.26594.html
=group_props   [{name,privacy_deny_sub_from},parallel]
=started       2024-12-18 20:46:03
=ended         2024-12-18 20:46:03
=result        ok
=elapsed       0.000003s
=group_time    1.186s
=case          ejabberd_SUITE:init_per_group
=logfile       ejabberd_suite.init_per_group.26626.html
=group_props   [{name,privacy_deny_sub_to},parallel]
=started       2024-12-18 20:46:03
=ended         2024-12-18 20:46:03
=result        ok
=elapsed       0.000004s
=case          ejabberd_SUITE:privacy_deny_sub_to_master
=logfile       ejabberd_suite.privacy_deny_sub_to_master.26658.html
=started       2024-12-18 20:46:03
=ended         2024-12-18 20:46:05
=result        ok
=elapsed       1.121080s
=case          ejabberd_SUITE:privacy_deny_sub_to_slave
=logfile       ejabberd_suite.privacy_deny_sub_to_slave.26690.html
=started       2024-12-18 20:46:03
=ended         2024-12-18 20:46:05
=result        ok
=elapsed       1.121646s
=case          ejabberd_SUITE:end_per_group
=logfile       ejabberd_suite.end_per_group.25859.html
=group_props   [{name,privacy_deny_sub_to},parallel]
=started       2024-12-18 20:46:05
=ended         2024-12-18 20:46:05
=result        ok
=elapsed       0.000008s
=group_time    1.182s
=case          ejabberd_SUITE:init_per_group
=logfile       ejabberd_suite.init_per_group.25891.html
=group_props   [{name,privacy_deny_sub_none},parallel]
=started       2024-12-18 20:46:05
=ended         2024-12-18 20:46:05
=result        ok
=elapsed       0.000003s
=case          ejabberd_SUITE:privacy_deny_sub_none_master
=logfile       ejabberd_suite.privacy_deny_sub_none_master.25923.html
=started       2024-12-18 20:46:05
=ended         2024-12-18 20:46:06
=result        ok
=elapsed       1.118672s
=case          ejabberd_SUITE:privacy_deny_sub_none_slave
=logfile       ejabberd_suite.privacy_deny_sub_none_slave.5733.html
=started       2024-12-18 20:46:05
=ended         2024-12-18 20:46:06
=result        ok
=elapsed       1.120410s
=case          ejabberd_SUITE:end_per_group
=logfile       ejabberd_suite.end_per_group.26818.html
=group_props   [{name,privacy_deny_sub_none},parallel]
=started       2024-12-18 20:46:06
=ended         2024-12-18 20:46:06
=result        ok
=elapsed       0.000007s
=group_time    1.179s
=case          ejabberd_SUITE:init_per_group
=logfile       ejabberd_suite.init_per_group.26850.html
=group_props   [{name,privacy_deny_all},parallel]
=started       2024-12-18 20:46:06
=ended         2024-12-18 20:46:06
=result        ok
=elapsed       0.000003s
=case          ejabberd_SUITE:privacy_deny_all_master
=logfile       ejabberd_suite.privacy_deny_all_master.26882.html
=started       2024-12-18 20:46:06
=ended         2024-12-18 20:46:07
=result        ok
=elapsed       1.116702s
=case          ejabberd_SUITE:privacy_deny_all_slave
=logfile       ejabberd_suite.privacy_deny_all_slave.26914.html
=started       2024-12-18 20:46:06
=ended         2024-12-18 20:46:07
=result        ok
=elapsed       1.117594s
=case          ejabberd_SUITE:end_per_group
=logfile       ejabberd_suite.end_per_group.27010.html
=group_props   [{name,privacy_deny_all},parallel]
=started       2024-12-18 20:46:07
=ended         2024-12-18 20:46:07
=result        ok
=elapsed       0.000003s
=group_time    1.177s
=case          ejabberd_SUITE:init_per_group
=logfile       ejabberd_suite.init_per_group.27042.html
=group_props   [{name,privacy_deny_offline},parallel]
=started       2024-12-18 20:46:07
=ended         2024-12-18 20:46:07
=result        ok
=elapsed       0.000003s
=case          ejabberd_SUITE:privacy_deny_offline_master
=logfile       ejabberd_suite.privacy_deny_offline_master.20740.html
=started       2024-12-18 20:46:07
=ended         2024-12-18 20:46:07
=result        ok
=elapsed       0.234184s
=case          ejabberd_SUITE:privacy_deny_offline_slave
=logfile       ejabberd_suite.privacy_deny_offline_slave.20772.html
=started       2024-12-18 20:46:07
=ended         2024-12-18 20:46:07
=result        ok
=elapsed       0.336637s
=case          ejabberd_SUITE:end_per_group
=logfile       ejabberd_suite.end_per_group.20804.html
=group_props   [{name,privacy_deny_offline},parallel]
=started       2024-12-18 20:46:07
=ended         2024-12-18 20:46:07
=result        ok
=elapsed       0.000008s
=group_time    0.393s
=case          ejabberd_SUITE:init_per_group
=logfile       ejabberd_suite.init_per_group.27170.html
=group_props   [{name,privacy_block},parallel]
=started       2024-12-18 20:46:07
=ended         2024-12-18 20:46:07
=result        ok
=elapsed       0.000003s
=case          ejabberd_SUITE:privacy_block_master
=logfile       ejabberd_suite.privacy_block_master.27202.html
=started       2024-12-18 20:46:07
=ended         2024-12-18 20:46:08
=result        ok
=elapsed       0.423763s
=case          ejabberd_SUITE:privacy_block_slave
=logfile       ejabberd_suite.privacy_block_slave.27234.html
=started       2024-12-18 20:46:07
=ended         2024-12-18 20:46:08
=result        ok
=elapsed       0.424785s
=case          ejabberd_SUITE:end_per_group
=logfile       ejabberd_suite.end_per_group.27298.html
=group_props   [{name,privacy_block},parallel]
=started       2024-12-18 20:46:08
=ended         2024-12-18 20:46:08
=result        ok
=elapsed       0.000003s
=group_time    0.485s
=case          ejabberd_SUITE:init_per_group
=logfile       ejabberd_suite.init_per_group.27330.html
=group_props   [{name,privacy_unblock},parallel]
=started       2024-12-18 20:46:08
=ended         2024-12-18 20:46:08
=result        ok
=elapsed       0.000003s
=case          ejabberd_SUITE:privacy_unblock_master
=logfile       ejabberd_suite.privacy_unblock_master.27362.html
=started       2024-12-18 20:46:08
=ended         2024-12-18 20:46:08
=result        ok
=elapsed       0.189410s
=case          ejabberd_SUITE:privacy_unblock_slave
=logfile       ejabberd_suite.privacy_unblock_slave.20868.html
=started       2024-12-18 20:46:08
=ended         2024-12-18 20:46:08
=result        ok
=elapsed       0.190260s
=case          ejabberd_SUITE:end_per_group
=logfile       ejabberd_suite.end_per_group.20900.html
=group_props   [{name,privacy_unblock},parallel]
=started       2024-12-18 20:46:08
=ended         2024-12-18 20:46:08
=result        ok
=elapsed       0.000003s
=group_time    0.250s
=case          ejabberd_SUITE:init_per_group
=logfile       ejabberd_suite.init_per_group.20932.html
=group_props   [{name,privacy_unblock_all},parallel]
=started       2024-12-18 20:46:08
=ended         2024-12-18 20:46:08
=result        ok
=elapsed       0.000003s
=case          ejabberd_SUITE:privacy_unblock_all_master
=logfile       ejabberd_suite.privacy_unblock_all_master.20964.html
=started       2024-12-18 20:46:08
=ended         2024-12-18 20:46:08
=result        ok
=elapsed       0.193291s
=case          ejabberd_SUITE:privacy_unblock_all_slave
=logfile       ejabberd_suite.privacy_unblock_all_slave.20996.html
=started       2024-12-18 20:46:08
=ended         2024-12-18 20:46:08
=result        ok
=elapsed       0.195186s
=case          ejabberd_SUITE:end_per_group
=logfile       ejabberd_suite.end_per_group.21092.html
=group_props   [{name,privacy_unblock_all},parallel]
=started       2024-12-18 20:46:08
=ended         2024-12-18 20:46:08
=result        ok
=elapsed       0.000010s
=group_time    0.255s
=case          ejabberd_SUITE:end_per_group
=logfile       ejabberd_suite.end_per_group.21124.html
=group_props   [{name,privacy_master_slave},sequence]
=started       2024-12-18 20:46:08
=ended         2024-12-18 20:46:09
=result        ok
=elapsed       0.000003s
=group_time    13.592s
=case          ejabberd_SUITE:init_per_group
=logfile       ejabberd_suite.init_per_group.21156.html
=group_props   [{name,pubsub_master_slave},sequence]
=started       2024-12-18 20:46:09
=ended         2024-12-18 20:46:09
=result        ok
=elapsed       0.000003s
=case          ejabberd_SUITE:init_per_group
=logfile       ejabberd_suite.init_per_group.21188.html
=group_props   [{name,pubsub_publish},parallel]
=started       2024-12-18 20:46:09
=ended         2024-12-18 20:46:09
=result        ok
=elapsed       0.000003s
=case          ejabberd_SUITE:pubsub_publish_master
=logfile       ejabberd_suite.pubsub_publish_master.21220.html
=started       2024-12-18 20:46:09
=ended         2024-12-18 20:46:09
=result        ok
=elapsed       0.104910s
=case          ejabberd_SUITE:pubsub_publish_slave
=logfile       ejabberd_suite.pubsub_publish_slave.21252.html
=started       2024-12-18 20:46:09
=ended         2024-12-18 20:46:09
=result        ok
=elapsed       0.104992s
=case          ejabberd_SUITE:end_per_group
=logfile       ejabberd_suite.end_per_group.21316.html
=group_props   [{name,pubsub_publish},parallel]
=started       2024-12-18 20:46:09
=ended         2024-12-18 20:46:09
=result        ok
=elapsed       0.000004s
=group_time    0.164s
=case          ejabberd_SUITE:init_per_group
=logfile       ejabberd_suite.init_per_group.21348.html
=group_props   [{name,pubsub_subscriptions},parallel]
=started       2024-12-18 20:46:09
=ended         2024-12-18 20:46:09
=result        ok
=elapsed       0.000004s
=case          ejabberd_SUITE:pubsub_subscriptions_master
=logfile       ejabberd_suite.pubsub_subscriptions_master.21380.html
=started       2024-12-18 20:46:09
=ended         2024-12-18 20:46:09
=result        ok
=elapsed       0.113510s
=case          ejabberd_SUITE:pubsub_subscriptions_slave
=logfile       ejabberd_suite.pubsub_subscriptions_slave.26371.html
=started       2024-12-18 20:46:09
=ended         2024-12-18 20:46:09
=result        ok
=elapsed       0.111271s
=case          ejabberd_SUITE:end_per_group
=logfile       ejabberd_suite.end_per_group.26435.html
=group_props   [{name,pubsub_subscriptions},parallel]
=started       2024-12-18 20:46:09
=ended         2024-12-18 20:46:09
=result        ok
=elapsed       0.000003s
=group_time    0.171s
=case          ejabberd_SUITE:init_per_group
=logfile       ejabberd_suite.init_per_group.26467.html
=group_props   [{name,pubsub_affiliations},parallel]
=started       2024-12-18 20:46:09
=ended         2024-12-18 20:46:09
=result        ok
=elapsed       0.000003s
=case          ejabberd_SUITE:pubsub_affiliations_master
=logfile       ejabberd_suite.pubsub_affiliations_master.26499.html
=started       2024-12-18 20:46:09
=ended         2024-12-18 20:46:11
=result        ok
=elapsed       1.708496s
=case          ejabberd_SUITE:pubsub_affiliations_slave
=logfile       ejabberd_suite.pubsub_affiliations_slave.26531.html
=started       2024-12-18 20:46:09
=ended         2024-12-18 20:46:11
=result        ok
=elapsed       1.729106s
=case          ejabberd_SUITE:end_per_group
=logfile       ejabberd_suite.end_per_group.26627.html
=group_props   [{name,pubsub_affiliations},parallel]
=started       2024-12-18 20:46:11
=ended         2024-12-18 20:46:11
=result        ok
=elapsed       0.000002s
=group_time    1.788s
=case          ejabberd_SUITE:init_per_group
=logfile       ejabberd_suite.init_per_group.26659.html
=group_props   [{name,pubsub_authorize},parallel]
=started       2024-12-18 20:46:11
=ended         2024-12-18 20:46:11
=result        ok
=elapsed       0.000003s
=case          ejabberd_SUITE:pubsub_authorize_master
=logfile       ejabberd_suite.pubsub_authorize_master.26691.html
=started       2024-12-18 20:46:11
=ended         2024-12-18 20:46:11
=result        ok
=elapsed       0.194368s
=case          ejabberd_SUITE:pubsub_authorize_slave
=logfile       ejabberd_suite.pubsub_authorize_slave.26723.html
=started       2024-12-18 20:46:11
=ended         2024-12-18 20:46:11
=result        ok
=elapsed       0.150337s
=case          ejabberd_SUITE:end_per_group
=logfile       ejabberd_suite.end_per_group.26851.html
=group_props   [{name,pubsub_authorize},parallel]
=started       2024-12-18 20:46:11
=ended         2024-12-18 20:46:11
=result        ok
=elapsed       0.000002s
=group_time    0.252s
=case          ejabberd_SUITE:end_per_group
=logfile       ejabberd_suite.end_per_group.26883.html
=group_props   [{name,pubsub_master_slave},sequence]
=started       2024-12-18 20:46:11
=ended         2024-12-18 20:46:11
=result        ok
=elapsed       0.000007s
=group_time    2.501s
=case          ejabberd_SUITE:init_per_group
=logfile       ejabberd_suite.init_per_group.26915.html
=group_props   [{name,roster_master_slave},sequence]
=started       2024-12-18 20:46:11
=ended         2024-12-18 20:46:11
=result        ok
=elapsed       0.000004s
=case          ejabberd_SUITE:init_per_group
=logfile       ejabberd_suite.init_per_group.26947.html
=group_props   [{name,roster_subscribe},parallel]
=started       2024-12-18 20:46:11
=ended         2024-12-18 20:46:11
=result        ok
=elapsed       0.000003s
=case          ejabberd_SUITE:roster_subscribe_master
=logfile       ejabberd_suite.roster_subscribe_master.27650.html
=started       2024-12-18 20:46:11
=ended         2024-12-18 20:46:23
=result        ok
=elapsed       12.234061s
=case          ejabberd_SUITE:roster_subscribe_slave
=logfile       ejabberd_suite.roster_subscribe_slave.27682.html
=started       2024-12-18 20:46:11
=ended         2024-12-18 20:46:23
=result        ok
=elapsed       12.233097s
=case          ejabberd_SUITE:end_per_group
=logfile       ejabberd_suite.end_per_group.29698.html
=group_props   [{name,roster_subscribe},parallel]
=started       2024-12-18 20:46:23
=ended         2024-12-18 20:46:23
=result        ok
=elapsed       0.000003s
=group_time    12.292s
=case          ejabberd_SUITE:end_per_group
=logfile       ejabberd_suite.end_per_group.29730.html
=group_props   [{name,roster_master_slave},sequence]
=started       2024-12-18 20:46:23
=ended         2024-12-18 20:46:23
=result        ok
=elapsed       0.000008s
=group_time    12.342s
=case          ejabberd_SUITE:init_per_group
=logfile       ejabberd_suite.init_per_group.22788.html
=group_props   [{name,offline_master_slave},sequence]
=started       2024-12-18 20:46:23
=ended         2024-12-18 20:46:23
=result        ok
=elapsed       0.000003s
=case          ejabberd_SUITE:init_per_group
=logfile       ejabberd_suite.init_per_group.22820.html
=group_props   [{name,offline_flex},parallel]
=started       2024-12-18 20:46:23
=ended         2024-12-18 20:46:23
=result        ok
=elapsed       0.000002s
=case          ejabberd_SUITE:offline_flex_master
=logfile       ejabberd_suite.offline_flex_master.22852.html
=started       2024-12-18 20:46:23
=ended         2024-12-18 20:46:24
=result        ok
=elapsed       0.203379s
=case          ejabberd_SUITE:offline_flex_slave
=logfile       ejabberd_suite.offline_flex_slave.22884.html
=started       2024-12-18 20:46:23
=ended         2024-12-18 20:46:24
=result        ok
=elapsed       0.320449s
=case          ejabberd_SUITE:end_per_group
=logfile       ejabberd_suite.end_per_group.28451.html
=group_props   [{name,offline_flex},parallel]
=started       2024-12-18 20:46:24
=ended         2024-12-18 20:46:24
=result        ok
=elapsed       0.000003s
=group_time    0.379s
=case          ejabberd_SUITE:init_per_group
=logfile       ejabberd_suite.init_per_group.28483.html
=group_props   [{name,offline_send_all},parallel]
=started       2024-12-18 20:46:24
=ended         2024-12-18 20:46:24
=result        ok
=elapsed       0.000003s
=case          ejabberd_SUITE:offline_send_all_master
=logfile       ejabberd_suite.offline_send_all_master.28515.html
=started       2024-12-18 20:46:24
=ended         2024-12-18 20:46:38
=result        ok
=elapsed       13.709103s
=case          ejabberd_SUITE:offline_send_all_slave
=logfile       ejabberd_suite.offline_send_all_slave.28547.html
=started       2024-12-18 20:46:24
=ended         2024-12-18 20:46:38
=result        ok
=elapsed       13.850719s
=case          ejabberd_SUITE:end_per_group
=logfile       ejabberd_suite.end_per_group.28611.html
=group_props   [{name,offline_send_all},parallel]
=started       2024-12-18 20:46:38
=ended         2024-12-18 20:46:38
=result        ok
=elapsed       0.000004s
=group_time    13.910s
=case          ejabberd_SUITE:init_per_group
=logfile       ejabberd_suite.init_per_group.28643.html
=group_props   [{name,offline_from_mam},parallel]
=started       2024-12-18 20:46:38
=ended         2024-12-18 20:46:38
=result        ok
=elapsed       0.000004s
=case          ejabberd_SUITE:offline_from_mam_master
=logfile       ejabberd_suite.offline_from_mam_master.28675.html
=started       2024-12-18 20:46:38
=ended         2024-12-18 20:46:52
=result        ok
=elapsed       13.825470s
=case          ejabberd_SUITE:offline_from_mam_slave
=logfile       ejabberd_suite.offline_from_mam_slave.28707.html
=started       2024-12-18 20:46:38
=ended         2024-12-18 20:46:52
=result        ok
=elapsed       13.993468s
=case          ejabberd_SUITE:end_per_group
=logfile       ejabberd_suite.end_per_group.28803.html
=group_props   [{name,offline_from_mam},parallel]
=started       2024-12-18 20:46:52
=ended         2024-12-18 20:46:52
=result        ok
=elapsed       0.000003s
=group_time    14.052s
=case          ejabberd_SUITE:init_per_group
=logfile       ejabberd_suite.init_per_group.28835.html
=group_props   [{name,offline_mucsub_mam},parallel]
=started       2024-12-18 20:46:52
=ended         2024-12-18 20:46:52
=result        ok
=elapsed       0.000003s
=case          ejabberd_SUITE:offline_mucsub_mam_master
=logfile       ejabberd_suite.offline_mucsub_mam_master.28867.html
=started       2024-12-18 20:46:52
=ended         2024-12-18 20:46:52
=result        ok
=elapsed       0.221440s
=case          ejabberd_SUITE:offline_mucsub_mam_slave
=logfile       ejabberd_suite.offline_mucsub_mam_slave.28899.html
=started       2024-12-18 20:46:52
=ended         2024-12-18 20:46:52
=result        ok
=elapsed       0.221788s
=case          ejabberd_SUITE:end_per_group
=logfile       ejabberd_suite.end_per_group.29954.html
=group_props   [{name,offline_mucsub_mam},parallel]
=started       2024-12-18 20:46:52
=ended         2024-12-18 20:46:52
=result        ok
=elapsed       0.000009s
=group_time    0.281s
=case          ejabberd_SUITE:end_per_group
=logfile       ejabberd_suite.end_per_group.29986.html
=group_props   [{name,offline_master_slave},sequence]
=started       2024-12-18 20:46:52
=ended         2024-12-18 20:46:52
=result        ok
=elapsed       0.000002s
=group_time    28.749s
=case          ejabberd_SUITE:init_per_group
=logfile       ejabberd_suite.init_per_group.30018.html
=group_props   [{name,mam_master_slave},sequence]
=started       2024-12-18 20:46:52
=ended         2024-12-18 20:46:52
=result        ok
=elapsed       0.000004s
=case          ejabberd_SUITE:init_per_group
=logfile       ejabberd_suite.init_per_group.23076.html
=group_props   [{name,mam_archived_and_stanza_id},parallel]
=started       2024-12-18 20:46:52
=ended         2024-12-18 20:46:52
=result        ok
=elapsed       0.000003s
=case          ejabberd_SUITE:mam_archived_and_stanza_id_master
=logfile       ejabberd_suite.mam_archived_and_stanza_id_master.23108.html
=started       2024-12-18 20:46:52
=ended         2024-12-18 20:46:52
=result        ok
=elapsed       0.148868s
=case          ejabberd_SUITE:mam_archived_and_stanza_id_slave
=logfile       ejabberd_suite.mam_archived_and_stanza_id_slave.30050.html
=started       2024-12-18 20:46:52
=ended         2024-12-18 20:46:52
=result        ok
=elapsed       0.150724s
=case          ejabberd_SUITE:end_per_group
=logfile       ejabberd_suite.end_per_group.30114.html
=group_props   [{name,mam_archived_and_stanza_id},parallel]
=started       2024-12-18 20:46:52
=ended         2024-12-18 20:46:52
=result        ok
=elapsed       0.000003s
=group_time    0.207s
=case          ejabberd_SUITE:init_per_group
=logfile       ejabberd_suite.init_per_group.30146.html
=group_props   [{name,mam_query_all},parallel]
=started       2024-12-18 20:46:52
=ended         2024-12-18 20:46:52
=result        ok
=elapsed       0.000003s
=case          ejabberd_SUITE:mam_query_all_master
=logfile       ejabberd_suite.mam_query_all_master.30178.html
=started       2024-12-18 20:46:52
=ended         2024-12-18 20:46:53
=result        ok
=elapsed       0.172822s
=case          ejabberd_SUITE:mam_query_all_slave
=logfile       ejabberd_suite.mam_query_all_slave.30210.html
=started       2024-12-18 20:46:52
=ended         2024-12-18 20:46:53
=result        ok
=elapsed       0.173749s
=case          ejabberd_SUITE:end_per_group
=logfile       ejabberd_suite.end_per_group.30370.html
=group_props   [{name,mam_query_all},parallel]
=started       2024-12-18 20:46:53
=ended         2024-12-18 20:46:53
=result        ok
=elapsed       0.000002s
=group_time    0.232s
=case          ejabberd_SUITE:init_per_group
=logfile       ejabberd_suite.init_per_group.30402.html
=group_props   [{name,mam_query_with},parallel]
=started       2024-12-18 20:46:53
=ended         2024-12-18 20:46:53
=result        ok
=elapsed       0.000002s
=case          ejabberd_SUITE:mam_query_with_master
=logfile       ejabberd_suite.mam_query_with_master.30434.html
=started       2024-12-18 20:46:53
=ended         2024-12-18 20:46:53
=result        ok
=elapsed       0.176389s
=case          ejabberd_SUITE:mam_query_with_slave
=logfile       ejabberd_suite.mam_query_with_slave.30466.html
=started       2024-12-18 20:46:53
=ended         2024-12-18 20:46:53
=result        ok
=elapsed       0.178688s
=case          ejabberd_SUITE:end_per_group
=logfile       ejabberd_suite.end_per_group.30530.html
=group_props   [{name,mam_query_with},parallel]
=started       2024-12-18 20:46:53
=ended         2024-12-18 20:46:53
=result        ok
=elapsed       0.000002s
=group_time    0.235s
=case          ejabberd_SUITE:init_per_group
=logfile       ejabberd_suite.init_per_group.30562.html
=group_props   [{name,mam_query_rsm_max},parallel]
=started       2024-12-18 20:46:53
=ended         2024-12-18 20:46:53
=result        ok
=elapsed       0.000003s
=case          ejabberd_SUITE:mam_query_rsm_max_master
=logfile       ejabberd_suite.mam_query_rsm_max_master.23268.html
=started       2024-12-18 20:46:53
=ended         2024-12-18 20:46:53
=result        ok
=elapsed       0.241455s
=case          ejabberd_SUITE:mam_query_rsm_max_slave
=logfile       ejabberd_suite.mam_query_rsm_max_slave.30594.html
=started       2024-12-18 20:46:53
=ended         2024-12-18 20:46:53
=result        ok
=elapsed       0.227165s
=case          ejabberd_SUITE:end_per_group
=logfile       ejabberd_suite.end_per_group.5893.html
=group_props   [{name,mam_query_rsm_max},parallel]
=started       2024-12-18 20:46:53
=ended         2024-12-18 20:46:53
=result        ok
=elapsed       0.000003s
=group_time    0.299s
=case          ejabberd_SUITE:init_per_group
=logfile       ejabberd_suite.init_per_group.5925.html
=group_props   [{name,mam_query_rsm_after},parallel]
=started       2024-12-18 20:46:53
=ended         2024-12-18 20:46:53
=result        ok
=elapsed       0.000004s
=case          ejabberd_SUITE:mam_query_rsm_after_master
=logfile       ejabberd_suite.mam_query_rsm_after_master.5957.html
=started       2024-12-18 20:46:53
=ended         2024-12-18 20:46:54
=result        ok
=elapsed       0.213832s
=case          ejabberd_SUITE:mam_query_rsm_after_slave
=logfile       ejabberd_suite.mam_query_rsm_after_slave.5989.html
=started       2024-12-18 20:46:53
=ended         2024-12-18 20:46:54
=result        ok
=elapsed       0.212385s
=case          ejabberd_SUITE:end_per_group
=logfile       ejabberd_suite.end_per_group.23332.html
=group_props   [{name,mam_query_rsm_after},parallel]
=started       2024-12-18 20:46:54
=ended         2024-12-18 20:46:54
=result        ok
=elapsed       0.000003s
=group_time    0.276s
=case          ejabberd_SUITE:init_per_group
=logfile       ejabberd_suite.init_per_group.23364.html
=group_props   [{name,mam_query_rsm_before},parallel]
=started       2024-12-18 20:46:54
=ended         2024-12-18 20:46:54
=result        ok
=elapsed       0.000003s
=case          ejabberd_SUITE:mam_query_rsm_before_master
=logfile       ejabberd_suite.mam_query_rsm_before_master.30786.html
=started       2024-12-18 20:46:54
=ended         2024-12-18 20:46:54
=result        ok
=elapsed       0.223991s
=case          ejabberd_SUITE:mam_query_rsm_before_slave
=logfile       ejabberd_suite.mam_query_rsm_before_slave.30754.html
=started       2024-12-18 20:46:54
=ended         2024-12-18 20:46:54
=result        ok
=elapsed       0.229078s
=case          ejabberd_SUITE:end_per_group
=logfile       ejabberd_suite.end_per_group.30882.html
=group_props   [{name,mam_query_rsm_before},parallel]
=started       2024-12-18 20:46:54
=ended         2024-12-18 20:46:54
=result        ok
=elapsed       0.000011s
=group_time    0.286s
=case          ejabberd_SUITE:init_per_group
=logfile       ejabberd_suite.init_per_group.30914.html
=group_props   [{name,mam_muc},parallel]
=started       2024-12-18 20:46:54
=ended         2024-12-18 20:46:54
=result        ok
=elapsed       0.000003s
=case          ejabberd_SUITE:mam_muc_master
=logfile       ejabberd_suite.mam_muc_master.30946.html
=started       2024-12-18 20:46:54
=ended         2024-12-18 20:46:54
=result        ok
=elapsed       0.142175s
=case          ejabberd_SUITE:mam_muc_slave
=logfile       ejabberd_suite.mam_muc_slave.30978.html
=started       2024-12-18 20:46:54
=ended         2024-12-18 20:46:54
=result        ok
=elapsed       0.139613s
=case          ejabberd_SUITE:end_per_group
=logfile       ejabberd_suite.end_per_group.31074.html
=group_props   [{name,mam_muc},parallel]
=started       2024-12-18 20:46:54
=ended         2024-12-18 20:46:54
=result        ok
=elapsed       0.000002s
=group_time    0.201s
=case          ejabberd_SUITE:init_per_group
=logfile       ejabberd_suite.init_per_group.31106.html
=group_props   [{name,mam_mucsub},parallel]
=started       2024-12-18 20:46:54
=ended         2024-12-18 20:46:54
=result        ok
=elapsed       0.000002s
=case          ejabberd_SUITE:mam_mucsub_master
=logfile       ejabberd_suite.mam_mucsub_master.31138.html
=started       2024-12-18 20:46:54
=ended         2024-12-18 20:46:54
=result        ok
=elapsed       0.126498s
=case          ejabberd_SUITE:mam_mucsub_slave
=logfile       ejabberd_suite.mam_mucsub_slave.29155.html
=started       2024-12-18 20:46:54
=ended         2024-12-18 20:46:54
=result        ok
=elapsed       0.125428s
=case          ejabberd_SUITE:end_per_group
=logfile       ejabberd_suite.end_per_group.29187.html
=group_props   [{name,mam_mucsub},parallel]
=started       2024-12-18 20:46:54
=ended         2024-12-18 20:46:54
=result        ok
=elapsed       0.000003s
=group_time    0.186s
=case          ejabberd_SUITE:init_per_group
=logfile       ejabberd_suite.init_per_group.29219.html
=group_props   [{name,mam_mucsub_from_muc},parallel]
=started       2024-12-18 20:46:54
=ended         2024-12-18 20:46:54
=result        ok
=elapsed       0.000003s
=case          ejabberd_SUITE:mam_mucsub_from_muc_master
=logfile       ejabberd_suite.mam_mucsub_from_muc_master.31202.html
=started       2024-12-18 20:46:54
=ended         2024-12-18 20:46:55
=result        ok
=elapsed       0.125950s
=case          ejabberd_SUITE:mam_mucsub_from_muc_slave
=logfile       ejabberd_suite.mam_mucsub_from_muc_slave.31234.html
=started       2024-12-18 20:46:54
=ended         2024-12-18 20:46:55
=result        ok
=elapsed       0.121593s
=case          ejabberd_SUITE:end_per_group
=logfile       ejabberd_suite.end_per_group.6181.html
=group_props   [{name,mam_mucsub_from_muc},parallel]
=started       2024-12-18 20:46:55
=ended         2024-12-18 20:46:55
=result        ok
=elapsed       0.000002s
=group_time    0.184s
=case          ejabberd_SUITE:init_per_group
=logfile       ejabberd_suite.init_per_group.6213.html
=group_props   [{name,mam_mucsub_from_muc_non_persistent},parallel]
=started       2024-12-18 20:46:55
=ended         2024-12-18 20:46:55
=result        ok
=elapsed       0.000004s
=case          ejabberd_SUITE:mam_mucsub_from_muc_non_persistent_master
=logfile       ejabberd_suite.mam_mucsub_from_muc_non_persistent_master.23556.html
=started       2024-12-18 20:46:55
=ended         2024-12-18 20:46:55
=result        ok
=elapsed       0.120634s
=case          ejabberd_SUITE:mam_mucsub_from_muc_non_persistent_slave
=logfile       ejabberd_suite.mam_mucsub_from_muc_non_persistent_slave.31362.html
=started       2024-12-18 20:46:55
=ended         2024-12-18 20:46:55
=result        ok
=elapsed       0.122971s
=case          ejabberd_SUITE:end_per_group
=logfile       ejabberd_suite.end_per_group.31426.html
=group_props   [{name,mam_mucsub_from_muc_non_persistent},parallel]
=started       2024-12-18 20:46:55
=ended         2024-12-18 20:46:55
=result        ok
=elapsed       0.000002s
=group_time    0.181s
=case          ejabberd_SUITE:end_per_group
=logfile       ejabberd_suite.end_per_group.31458.html
=group_props   [{name,mam_master_slave},sequence]
=started       2024-12-18 20:46:55
=ended         2024-12-18 20:46:55
=result        ok
=elapsed       0.000003s
=group_time    2.565s
=case          ejabberd_SUITE:init_per_group
=logfile       ejabberd_suite.init_per_group.31490.html
=group_props   [{name,announce_master_slave},sequence]
=started       2024-12-18 20:46:55
=ended         2024-12-18 20:46:55
=result        ok
=elapsed       0.000003s
=case          ejabberd_SUITE:init_per_group
=logfile       ejabberd_suite.init_per_group.31522.html
=group_props   [{name,announce_set_motd},parallel]
=started       2024-12-18 20:46:55
=ended         2024-12-18 20:46:55
=result        ok
=elapsed       0.000003s
=case          ejabberd_SUITE:announce_set_motd_master
=logfile       ejabberd_suite.announce_set_motd_master.31554.html
=started       2024-12-18 20:46:55
=ended         2024-12-18 20:46:55
=result        ok
=elapsed       0.104507s
=case          ejabberd_SUITE:announce_set_motd_slave
=logfile       ejabberd_suite.announce_set_motd_slave.31586.html
=started       2024-12-18 20:46:55
=ended         2024-12-18 20:46:55
=result        ok
=elapsed       0.105467s
=case          ejabberd_SUITE:end_per_group
=logfile       ejabberd_suite.end_per_group.23684.html
=group_props   [{name,announce_set_motd},parallel]
=started       2024-12-18 20:46:55
=ended         2024-12-18 20:46:55
=result        ok
=elapsed       0.000003s
=group_time    0.164s
=case          ejabberd_SUITE:end_per_group
=logfile       ejabberd_suite.end_per_group.23716.html
=group_props   [{name,announce_master_slave},sequence]
=started       2024-12-18 20:46:55
=ended         2024-12-18 20:46:55
=result        ok
=elapsed       0.000003s
=group_time    0.213s
=case          ejabberd_SUITE:init_per_group
=logfile       ejabberd_suite.init_per_group.23748.html
=group_props   [{name,csi_master_slave},sequence]
=started       2024-12-18 20:46:55
=ended         2024-12-18 20:46:55
=result        ok
=elapsed       0.000003s
=case          ejabberd_SUITE:init_per_group
=logfile       ejabberd_suite.init_per_group.31682.html
=group_props   [{name,csi_all},parallel]
=started       2024-12-18 20:46:55
=ended         2024-12-18 20:46:55
=result        ok
=elapsed       0.000003s
=case          ejabberd_SUITE:csi_all_master
=logfile       ejabberd_suite.csi_all_master.31714.html
=started       2024-12-18 20:46:55
=ended         2024-12-18 20:46:55
=result        ok
=elapsed       0.234862s
=case          ejabberd_SUITE:csi_all_slave
=logfile       ejabberd_suite.csi_all_slave.31746.html
=started       2024-12-18 20:46:55
=ended         2024-12-18 20:46:55
=result        ok
=elapsed       0.235413s
=case          ejabberd_SUITE:end_per_group
=logfile       ejabberd_suite.end_per_group.31842.html
=group_props   [{name,csi_all},parallel]
=started       2024-12-18 20:46:55
=ended         2024-12-18 20:46:55
=result        ok
=elapsed       0.000003s
=group_time    0.296s
=case          ejabberd_SUITE:end_per_group
=logfile       ejabberd_suite.end_per_group.23812.html
=group_props   [{name,csi_master_slave},sequence]
=started       2024-12-18 20:46:55
=ended         2024-12-18 20:46:55
=result        ok
=elapsed       0.000009s
=group_time    0.346s
=case          ejabberd_SUITE:init_per_group
=logfile       ejabberd_suite.init_per_group.23844.html
=group_props   [{name,push_master_slave},sequence]
=started       2024-12-18 20:46:55
=ended         2024-12-18 20:46:55
=result        ok
=elapsed       0.000004s
=case          ejabberd_SUITE:init_per_group
=logfile       ejabberd_suite.init_per_group.29347.html
=group_props   [{name,push_sm},parallel]
=started       2024-12-18 20:46:55
=ended         2024-12-18 20:46:55
=result        ok
=elapsed       0.000003s
=case          ejabberd_SUITE:push_sm_master
=logfile       ejabberd_suite.push_sm_master.29379.html
=started       2024-12-18 20:46:55
=ended         2024-12-18 20:47:04
=result        ok
=elapsed       8.108890s
=case          ejabberd_SUITE:push_sm_slave
=logfile       ejabberd_suite.push_sm_slave.29411.html
=started       2024-12-18 20:46:55
=ended         2024-12-18 20:46:55
=result        ok
=elapsed       0.002106s
=case          ejabberd_SUITE:end_per_group
=logfile       ejabberd_suite.end_per_group.23940.html
=group_props   [{name,push_sm},parallel]
=started       2024-12-18 20:47:04
=ended         2024-12-18 20:47:04
=result        ok
=elapsed       0.000003s
=group_time    8.167s
=case          ejabberd_SUITE:init_per_group
=logfile       ejabberd_suite.init_per_group.23972.html
=group_props   [{name,push_offline},parallel]
=started       2024-12-18 20:47:04
=ended         2024-12-18 20:47:04
=result        ok
=elapsed       0.000003s
=case          ejabberd_SUITE:push_offline_master
=logfile       ejabberd_suite.push_offline_master.24004.html
=started       2024-12-18 20:47:04
=ended         2024-12-18 20:47:04
=result        ok
=elapsed       0.252250s
=case          ejabberd_SUITE:push_offline_slave
=logfile       ejabberd_suite.push_offline_slave.24036.html
=started       2024-12-18 20:47:04
=ended         2024-12-18 20:47:04
=result        ok
=elapsed       0.104009s
=case          ejabberd_SUITE:end_per_group
=logfile       ejabberd_suite.end_per_group.24100.html
=group_props   [{name,push_offline},parallel]
=started       2024-12-18 20:47:04
=ended         2024-12-18 20:47:04
=result        ok
=elapsed       0.000004s
=group_time    0.311s
=case          ejabberd_SUITE:init_per_group
=logfile       ejabberd_suite.init_per_group.32002.html
=group_props   [{name,push_mam},parallel]
=started       2024-12-18 20:47:04
=ended         2024-12-18 20:47:04
=result        ok
=elapsed       0.000003s
=case          ejabberd_SUITE:push_mam_master
=logfile       ejabberd_suite.push_mam_master.32034.html
=started       2024-12-18 20:47:04
=ended         2024-12-18 20:47:04
=result        ok
=elapsed       0.147083s
=case          ejabberd_SUITE:push_mam_slave
=logfile       ejabberd_suite.push_mam_slave.32066.html
=started       2024-12-18 20:47:04
=ended         2024-12-18 20:47:04
=result        ok
=elapsed       0.251706s
=case          ejabberd_SUITE:end_per_group
=logfile       ejabberd_suite.end_per_group.32162.html
=group_props   [{name,push_mam},parallel]
=started       2024-12-18 20:47:04
=ended         2024-12-18 20:47:04
=result        ok
=elapsed       0.000006s
=group_time    0.310s
=case          ejabberd_SUITE:end_per_group
=logfile       ejabberd_suite.end_per_group.32194.html
=group_props   [{name,push_master_slave},sequence]
=started       2024-12-18 20:47:04
=ended         2024-12-18 20:47:04
=result        ok
=elapsed       0.000010s
=group_time    8.891s
=case          ejabberd_SUITE:end_per_group
=logfile       ejabberd_suite.end_per_group.32226.html
=group_props   [{name,redis},sequence]
=started       2024-12-18 20:47:04
=ended         2024-12-18 20:47:04
=result        ok
=elapsed       0.000000s
=group_time    96.511s
=case          ejabberd_SUITE:init_per_group
=logfile       ejabberd_suite.init_per_group.32258.html
=group_props   [{name,mysql},sequence]
=started       2024-12-18 20:47:04
=ended         2024-12-18 20:47:04
=result        ok
=elapsed       0.000719s
=case          ejabberd_SUITE:init_per_group
=logfile       ejabberd_suite.init_per_group.32290.html
=group_props   [{name,single_user},sequence]
=started       2024-12-18 20:47:04
=ended         2024-12-18 20:47:04
=result        ok
=elapsed       0.000004s
=case          ejabberd_SUITE:test_register
=logfile       ejabberd_suite.test_register.32322.html
=started       2024-12-18 20:47:04
=ended         2024-12-18 20:47:04
=result        ok
=elapsed       0.011360s
=case          ejabberd_SUITE:init_per_group
=logfile       ejabberd_suite.init_per_group.32386.html
=group_props   [{name,legacy_auth},parallel]
=started       2024-12-18 20:47:04
=ended         2024-12-18 20:47:04
=result        ok
=elapsed       0.000002s
=case          ejabberd_SUITE:test_legacy_auth_feature
=logfile       ejabberd_suite.test_legacy_auth_feature.24196.html
=started       2024-12-18 20:47:04
=ended         2024-12-18 20:47:04
=result        ok
=elapsed       0.000716s
=case          ejabberd_SUITE:test_legacy_auth
=logfile       ejabberd_suite.test_legacy_auth.24164.html
=started       2024-12-18 20:47:04
=ended         2024-12-18 20:47:05
=result        ok
=elapsed       0.114728s
=case          ejabberd_SUITE:test_legacy_auth_digest
=logfile       ejabberd_suite.test_legacy_auth_digest.24292.html
=started       2024-12-18 20:47:04
=ended         2024-12-18 20:47:05
=result        ok
=elapsed       0.112768s
=case          ejabberd_SUITE:test_legacy_auth_no_resource
=logfile       ejabberd_suite.test_legacy_auth_no_resource.24228.html
=started       2024-12-18 20:47:04
=ended         2024-12-18 20:47:04
=result        ok
=elapsed       0.001734s
=case          ejabberd_SUITE:test_legacy_auth_bad_jid
=logfile       ejabberd_suite.test_legacy_auth_bad_jid.24260.html
=started       2024-12-18 20:47:04
=ended         2024-12-18 20:47:04
=result        ok
=elapsed       0.002154s
=case          ejabberd_SUITE:test_legacy_auth_fail
=logfile       ejabberd_suite.test_legacy_auth_fail.32418.html
=started       2024-12-18 20:47:04
=ended         2024-12-18 20:47:04
=result        ok
=elapsed       0.004687s
=case          ejabberd_SUITE:end_per_group
=logfile       ejabberd_suite.end_per_group.32546.html
=group_props   [{name,legacy_auth},parallel]
=started       2024-12-18 20:47:05
=ended         2024-12-18 20:47:05
=result        ok
=elapsed       0.000003s
=group_time    0.179s
=case          ejabberd_SUITE:auth_plain
=logfile       ejabberd_suite.auth_plain.32578.html
=started       2024-12-18 20:47:05
=ended         2024-12-18 20:47:05
=result        ok
=elapsed       0.001672s
=case          ejabberd_SUITE:auth_md5
=logfile       ejabberd_suite.auth_md5.32642.html
=started       2024-12-18 20:47:05
=ended         2024-12-18 20:47:05
=result        ok
=elapsed       0.001835s
=case          ejabberd_SUITE:presence_broadcast
=logfile       ejabberd_suite.presence_broadcast.32706.html
=started       2024-12-18 20:47:05
=ended         2024-12-18 20:47:05
=result        ok
=elapsed       0.217662s
=case          ejabberd_SUITE:last
=logfile       ejabberd_suite.last.32738.html
=started       2024-12-18 20:47:05
=ended         2024-12-18 20:47:05
=result        ok
=elapsed       0.104410s
=case          ejabberd_SUITE:init_per_group
=logfile       ejabberd_suite.init_per_group.32834.html
=group_props   [{name,webadmin_single},sequence]
=started       2024-12-18 20:47:05
=ended         2024-12-18 20:47:05
=result        ok
=elapsed       0.000002s
=case          ejabberd_SUITE:webadmin_login_page
=logfile       ejabberd_suite.webadmin_login_page.32866.html
=started       2024-12-18 20:47:05
=ended         2024-12-18 20:47:05
=result        ok
=elapsed       0.000408s
=case          ejabberd_SUITE:webadmin_welcome_page
=logfile       ejabberd_suite.webadmin_welcome_page.32898.html
=started       2024-12-18 20:47:05
=ended         2024-12-18 20:47:05
=result        ok
=elapsed       0.004434s
=case          ejabberd_SUITE:webadmin_user_page
=logfile       ejabberd_suite.webadmin_user_page.32930.html
=started       2024-12-18 20:47:05
=ended         2024-12-18 20:47:05
=result        ok
=elapsed       0.003389s
=case          ejabberd_SUITE:webadmin_adduser
=logfile       ejabberd_suite.webadmin_adduser.32962.html
=started       2024-12-18 20:47:05
=ended         2024-12-18 20:47:05
=result        ok
=elapsed       0.010241s
=case          ejabberd_SUITE:webadmin_changepassword
=logfile       ejabberd_suite.webadmin_changepassword.32994.html
=started       2024-12-18 20:47:05
=ended         2024-12-18 20:47:05
=result        ok
=elapsed       0.005054s
=case          ejabberd_SUITE:webadmin_removeuser
=logfile       ejabberd_suite.webadmin_removeuser.33026.html
=started       2024-12-18 20:47:05
=ended         2024-12-18 20:47:05
=result        ok
=elapsed       0.013326s
=case          ejabberd_SUITE:end_per_group
=logfile       ejabberd_suite.end_per_group.33058.html
=group_props   [{name,webadmin_single},sequence]
=started       2024-12-18 20:47:05
=ended         2024-12-18 20:47:05
=result        ok
=elapsed       0.000003s
=group_time    0.215s
=case          ejabberd_SUITE:init_per_group
=logfile       ejabberd_suite.init_per_group.33090.html
=group_props   [{name,roster_single},sequence]
=started       2024-12-18 20:47:05
=ended         2024-12-18 20:47:05
=result        ok
=elapsed       0.000003s
=case          ejabberd_SUITE:roster_feature_enabled
=logfile       ejabberd_suite.roster_feature_enabled.33122.html
=started       2024-12-18 20:47:05
=ended         2024-12-18 20:47:05
=result        ok
=elapsed       0.103430s
=case          ejabberd_SUITE:roster_iq_set_many_items
=logfile       ejabberd_suite.roster_iq_set_many_items.33154.html
=started       2024-12-18 20:47:05
=ended         2024-12-18 20:47:06
=result        ok
=elapsed       0.104728s
=case          ejabberd_SUITE:roster_iq_set_duplicated_groups
=logfile       ejabberd_suite.roster_iq_set_duplicated_groups.33250.html
=started       2024-12-18 20:47:06
=ended         2024-12-18 20:47:06
=result        ok
=elapsed       0.103857s
=case          ejabberd_SUITE:roster_iq_get_item
=logfile       ejabberd_suite.roster_iq_get_item.24580.html
=started       2024-12-18 20:47:06
=ended         2024-12-18 20:47:06
=result        ok
=elapsed       0.104164s
=case          ejabberd_SUITE:roster_iq_unexpected_element
=logfile       ejabberd_suite.roster_iq_unexpected_element.33346.html
=started       2024-12-18 20:47:06
=ended         2024-12-18 20:47:06
=result        ok
=elapsed       0.103718s
=case          ejabberd_SUITE:roster_iq_set_ask
=logfile       ejabberd_suite.roster_iq_set_ask.33442.html
=started       2024-12-18 20:47:06
=ended         2024-12-18 20:47:06
=result        ok
=elapsed       0.107587s
=case          ejabberd_SUITE:roster_set_item
=logfile       ejabberd_suite.roster_set_item.33506.html
=started       2024-12-18 20:47:06
=ended         2024-12-18 20:47:07
=result        ok
=elapsed       0.353055s
=case          ejabberd_SUITE:roster_version
=logfile       ejabberd_suite.roster_version.33634.html
=started       2024-12-18 20:47:07
=ended         2024-12-18 20:47:07
=result        ok
=elapsed       0.155211s
=case          ejabberd_SUITE:end_per_group
=logfile       ejabberd_suite.end_per_group.33730.html
=group_props   [{name,roster_single},sequence]
=started       2024-12-18 20:47:07
=ended         2024-12-18 20:47:07
=result        ok
=elapsed       0.000002s
=group_time    1.415s
=case          ejabberd_SUITE:init_per_group
=logfile       ejabberd_suite.init_per_group.33762.html
=group_props   [{name,private_single},sequence]
=started       2024-12-18 20:47:07
=ended         2024-12-18 20:47:07
=result        ok
=elapsed       0.000003s
=case          ejabberd_SUITE:private_test_features
=logfile       ejabberd_suite.private_test_features.33794.html
=started       2024-12-18 20:47:07
=ended         2024-12-18 20:47:07
=result        ok
=elapsed       0.104764s
=case          ejabberd_SUITE:private_test_no_namespace
=logfile       ejabberd_suite.private_test_no_namespace.29571.html
=started       2024-12-18 20:47:07
=ended         2024-12-18 20:47:07
=result        ok
=elapsed       0.103694s
=case          ejabberd_SUITE:private_test_set_get
=logfile       ejabberd_suite.private_test_set_get.33954.html
=started       2024-12-18 20:47:07
=ended         2024-12-18 20:47:07
=result        ok
=elapsed       0.156461s
=case          ejabberd_SUITE:private_test_published
=logfile       ejabberd_suite.private_test_published.34018.html
=started       2024-12-18 20:47:07
=ended         2024-12-18 20:47:07
=result        ok
=elapsed       0.114308s
=case          ejabberd_SUITE:end_per_group
=logfile       ejabberd_suite.end_per_group.29667.html
=group_props   [{name,private_single},sequence]
=started       2024-12-18 20:47:07
=ended         2024-12-18 20:47:07
=result        ok
=elapsed       0.000002s
=group_time    0.633s
=case          ejabberd_SUITE:init_per_group
=logfile       ejabberd_suite.init_per_group.34082.html
=group_props   [{name,privacy_single},sequence]
=started       2024-12-18 20:47:07
=ended         2024-12-18 20:47:07
=result        ok
=elapsed       0.000003s
=case          ejabberd_SUITE:privacy_feature_enabled
=logfile       ejabberd_suite.privacy_feature_enabled.34114.html
=started       2024-12-18 20:47:07
=ended         2024-12-18 20:47:08
=result        ok
=elapsed       0.104943s
=case          ejabberd_SUITE:privacy_set_get_list
=logfile       ejabberd_suite.privacy_set_get_list.29763.html
=started       2024-12-18 20:47:08
=ended         2024-12-18 20:47:08
=result        ok
=elapsed       0.152730s
=case          ejabberd_SUITE:privacy_get_list_non_existent
=logfile       ejabberd_suite.privacy_get_list_non_existent.34210.html
=started       2024-12-18 20:47:08
=ended         2024-12-18 20:47:08
=result        ok
=elapsed       0.105428s
=case          ejabberd_SUITE:privacy_get_empty_lists
=logfile       ejabberd_suite.privacy_get_empty_lists.29795.html
=started       2024-12-18 20:47:08
=ended         2024-12-18 20:47:08
=result        ok
=elapsed       0.104289s
=case          ejabberd_SUITE:privacy_set_default
=logfile       ejabberd_suite.privacy_set_default.29891.html
=started       2024-12-18 20:47:08
=ended         2024-12-18 20:47:08
=result        ok
=elapsed       0.161260s
=case          ejabberd_SUITE:privacy_del_default
=logfile       ejabberd_suite.privacy_del_default.29987.html
=started       2024-12-18 20:47:08
=ended         2024-12-18 20:47:08
=result        ok
=elapsed       0.162467s
=case          ejabberd_SUITE:privacy_set_default_non_existent
=logfile       ejabberd_suite.privacy_set_default_non_existent.34306.html
=started       2024-12-18 20:47:08
=ended         2024-12-18 20:47:09
=result        ok
=elapsed       0.105020s
=case          ejabberd_SUITE:privacy_set_active
=logfile       ejabberd_suite.privacy_set_active.30115.html
=started       2024-12-18 20:47:09
=ended         2024-12-18 20:47:09
=result        ok
=elapsed       0.152062s
=case          ejabberd_SUITE:privacy_del_active
=logfile       ejabberd_suite.privacy_del_active.34370.html
=started       2024-12-18 20:47:09
=ended         2024-12-18 20:47:09
=result        ok
=elapsed       0.152488s
=case          ejabberd_SUITE:privacy_set_active_non_existent
=logfile       ejabberd_suite.privacy_set_active_non_existent.34434.html
=started       2024-12-18 20:47:09
=ended         2024-12-18 20:47:09
=result        ok
=elapsed       0.105086s
=case          ejabberd_SUITE:privacy_remove_list
=logfile       ejabberd_suite.privacy_remove_list.34498.html
=started       2024-12-18 20:47:09
=ended         2024-12-18 20:47:09
=result        ok
=elapsed       0.155611s
=case          ejabberd_SUITE:privacy_remove_default_list
=logfile       ejabberd_suite.privacy_remove_default_list.34562.html
=started       2024-12-18 20:47:09
=ended         2024-12-18 20:47:09
=result        ok
=elapsed       0.161042s
=case          ejabberd_SUITE:privacy_remove_active_list
=logfile       ejabberd_suite.privacy_remove_active_list.34626.html
=started       2024-12-18 20:47:09
=ended         2024-12-18 20:47:10
=result        ok
=elapsed       0.153400s
=case          ejabberd_SUITE:privacy_remove_list_non_existent
=logfile       ejabberd_suite.privacy_remove_list_non_existent.34722.html
=started       2024-12-18 20:47:10
=ended         2024-12-18 20:47:10
=result        ok
=elapsed       0.105104s
=case          ejabberd_SUITE:privacy_allow_local_server
=logfile       ejabberd_suite.privacy_allow_local_server.34818.html
=started       2024-12-18 20:47:10
=ended         2024-12-18 20:47:10
=result        ok
=elapsed       0.198586s
=case          ejabberd_SUITE:privacy_malformed_iq_query
=logfile       ejabberd_suite.privacy_malformed_iq_query.34914.html
=started       2024-12-18 20:47:10
=ended         2024-12-18 20:47:10
=result        ok
=elapsed       0.104511s
=case          ejabberd_SUITE:privacy_malformed_get
=logfile       ejabberd_suite.privacy_malformed_get.35010.html
=started       2024-12-18 20:47:10
=ended         2024-12-18 20:47:10
=result        ok
=elapsed       0.107473s
=case          ejabberd_SUITE:privacy_malformed_set
=logfile       ejabberd_suite.privacy_malformed_set.35106.html
=started       2024-12-18 20:47:10
=ended         2024-12-18 20:47:10
=result        ok
=elapsed       0.106876s
=case          ejabberd_SUITE:privacy_malformed_type_value
=logfile       ejabberd_suite.privacy_malformed_type_value.35170.html
=started       2024-12-18 20:47:10
=ended         2024-12-18 20:47:11
=result        ok
=elapsed       0.105071s
=case          ejabberd_SUITE:privacy_set_get_block
=logfile       ejabberd_suite.privacy_set_get_block.35234.html
=started       2024-12-18 20:47:11
=ended         2024-12-18 20:47:11
=result        ok
=elapsed       0.204564s
=case          ejabberd_SUITE:end_per_group
=logfile       ejabberd_suite.end_per_group.30339.html
=group_props   [{name,privacy_single},sequence]
=started       2024-12-18 20:47:11
=ended         2024-12-18 20:47:11
=result        ok
=elapsed       0.000007s
=group_time    3.372s
=case          ejabberd_SUITE:init_per_group
=logfile       ejabberd_suite.init_per_group.35298.html
=group_props   [{name,vcard_single},sequence]
=started       2024-12-18 20:47:11
=ended         2024-12-18 20:47:11
=result        ok
=elapsed       0.000002s
=case          ejabberd_SUITE:vcard_feature_enabled
=logfile       ejabberd_suite.vcard_feature_enabled.30371.html
=started       2024-12-18 20:47:11
=ended         2024-12-18 20:47:11
=result        ok
=elapsed       0.106567s
=case          ejabberd_SUITE:vcard_get_set
=logfile       ejabberd_suite.vcard_get_set.35330.html
=started       2024-12-18 20:47:11
=ended         2024-12-18 20:47:11
=result        ok
=elapsed       0.107836s
=case          ejabberd_SUITE:vcard_service_vcard
=logfile       ejabberd_suite.vcard_service_vcard.35394.html
=started       2024-12-18 20:47:11
=ended         2024-12-18 20:47:11
=result        ok
=elapsed       0.105243s
=case          ejabberd_SUITE:end_per_group
=logfile       ejabberd_suite.end_per_group.30531.html
=group_props   [{name,vcard_single},sequence]
=started       2024-12-18 20:47:11
=ended         2024-12-18 20:47:11
=result        ok
=elapsed       0.000006s
=group_time    0.440s
=case          ejabberd_SUITE:init_per_group
=logfile       ejabberd_suite.init_per_group.30563.html
=group_props   [{name,pubsub_single},sequence]
=started       2024-12-18 20:47:11
=ended         2024-12-18 20:47:11
=result        ok
=elapsed       0.000003s
=case          ejabberd_SUITE:pubsub_test_features
=logfile       ejabberd_suite.pubsub_test_features.35458.html
=started       2024-12-18 20:47:11
=ended         2024-12-18 20:47:11
=result        ok
=elapsed       0.104452s
=case          ejabberd_SUITE:pubsub_test_vcard
=logfile       ejabberd_suite.pubsub_test_vcard.30627.html
=started       2024-12-18 20:47:11
=ended         2024-12-18 20:47:12
=result        ok
=elapsed       0.105297s
=case          ejabberd_SUITE:pubsub_test_create
=logfile       ejabberd_suite.pubsub_test_create.30659.html
=started       2024-12-18 20:47:12
=ended         2024-12-18 20:47:12
=result        ok
=elapsed       0.109020s
=case          ejabberd_SUITE:pubsub_test_configure
=logfile       ejabberd_suite.pubsub_test_configure.35618.html
=started       2024-12-18 20:47:12
=ended         2024-12-18 20:47:12
=result        ok
=elapsed       0.115370s
=case          ejabberd_SUITE:pubsub_test_delete
=logfile       ejabberd_suite.pubsub_test_delete.35682.html
=started       2024-12-18 20:47:12
=ended         2024-12-18 20:47:12
=result        ok
=elapsed       0.108432s
=case          ejabberd_SUITE:pubsub_test_get_affiliations
=logfile       ejabberd_suite.pubsub_test_get_affiliations.30787.html
=started       2024-12-18 20:47:12
=ended         2024-12-18 20:47:12
=result        ok
=elapsed       0.153244s
=case          ejabberd_SUITE:pubsub_test_get_subscriptions
=logfile       ejabberd_suite.pubsub_test_get_subscriptions.30883.html
=started       2024-12-18 20:47:12
=ended         2024-12-18 20:47:12
=result        ok
=elapsed       0.172812s
=case          ejabberd_SUITE:pubsub_test_create_instant
=logfile       ejabberd_suite.pubsub_test_create_instant.35778.html
=started       2024-12-18 20:47:12
=ended         2024-12-18 20:47:13
=result        ok
=elapsed       0.112491s
=case          ejabberd_SUITE:pubsub_test_default
=logfile       ejabberd_suite.pubsub_test_default.35842.html
=started       2024-12-18 20:47:13
=ended         2024-12-18 20:47:13
=result        ok
=elapsed       0.106299s
=case          ejabberd_SUITE:pubsub_test_create_configure
=logfile       ejabberd_suite.pubsub_test_create_configure.35906.html
=started       2024-12-18 20:47:13
=ended         2024-12-18 20:47:13
=result        ok
=elapsed       0.119718s
=case          ejabberd_SUITE:pubsub_test_publish
=logfile       ejabberd_suite.pubsub_test_publish.35970.html
=started       2024-12-18 20:47:13
=ended         2024-12-18 20:47:13
=result        ok
=elapsed       0.116167s
=case          ejabberd_SUITE:pubsub_test_auto_create
=logfile       ejabberd_suite.pubsub_test_auto_create.36034.html
=started       2024-12-18 20:47:13
=ended         2024-12-18 20:47:13
=result        ok
=elapsed       0.115157s
=case          ejabberd_SUITE:pubsub_test_get_items
=logfile       ejabberd_suite.pubsub_test_get_items.36130.html
=started       2024-12-18 20:47:13
=ended         2024-12-18 20:47:13
=result        ok
=elapsed       0.133528s
=case          ejabberd_SUITE:pubsub_test_delete_item
=logfile       ejabberd_suite.pubsub_test_delete_item.31107.html
=started       2024-12-18 20:47:13
=ended         2024-12-18 20:47:13
=result        ok
=elapsed       0.123026s
=case          ejabberd_SUITE:pubsub_test_purge
=logfile       ejabberd_suite.pubsub_test_purge.36226.html
=started       2024-12-18 20:47:13
=ended         2024-12-18 20:47:14
=result        ok
=elapsed       0.138894s
=case          ejabberd_SUITE:pubsub_test_subscribe
=logfile       ejabberd_suite.pubsub_test_subscribe.36290.html
=started       2024-12-18 20:47:14
=ended         2024-12-18 20:47:14
=result        ok
=elapsed       0.116708s
=case          ejabberd_SUITE:pubsub_test_subscribe_max_item_1
=logfile       ejabberd_suite.pubsub_test_subscribe_max_item_1.36354.html
=started       2024-12-18 20:47:14
=ended         2024-12-18 20:47:14
=result        ok
=elapsed       0.122989s
=case          ejabberd_SUITE:pubsub_test_unsubscribe
=logfile       ejabberd_suite.pubsub_test_unsubscribe.36450.html
=started       2024-12-18 20:47:14
=ended         2024-12-18 20:47:14
=result        ok
=elapsed       0.122271s
=case          ejabberd_SUITE:end_per_group
=logfile       ejabberd_suite.end_per_group.36514.html
=group_props   [{name,pubsub_single},sequence]
=started       2024-12-18 20:47:14
=ended         2024-12-18 20:47:14
=result        ok
=elapsed       0.000003s
=group_time    2.784s
=case          ejabberd_SUITE:init_per_group
=logfile       ejabberd_suite.init_per_group.36546.html
=group_props   [{name,muc_single},sequence]
=started       2024-12-18 20:47:14
=ended         2024-12-18 20:47:14
=result        ok
=elapsed       0.000003s
=case          ejabberd_SUITE:muc_service_presence_error
=logfile       ejabberd_suite.muc_service_presence_error.36578.html
=started       2024-12-18 20:47:14
=ended         2024-12-18 20:47:14
=result        ok
=elapsed       0.189516s
=case          ejabberd_SUITE:muc_service_message_error
=logfile       ejabberd_suite.muc_service_message_error.36674.html
=started       2024-12-18 20:47:14
=ended         2024-12-18 20:47:15
=result        ok
=elapsed       0.190724s
=case          ejabberd_SUITE:muc_service_unknown_ns_iq_error
=logfile       ejabberd_suite.muc_service_unknown_ns_iq_error.36770.html
=started       2024-12-18 20:47:15
=ended         2024-12-18 20:47:15
=result        ok
=elapsed       0.189829s
=case          ejabberd_SUITE:muc_service_iq_set_error
=logfile       ejabberd_suite.muc_service_iq_set_error.31267.html
=started       2024-12-18 20:47:15
=ended         2024-12-18 20:47:15
=result        ok
=elapsed       0.325248s
=case          ejabberd_SUITE:muc_service_improper_iq_error
=logfile       ejabberd_suite.muc_service_improper_iq_error.31363.html
=started       2024-12-18 20:47:15
=ended         2024-12-18 20:47:15
=result        ok
=elapsed       0.279576s
=case          ejabberd_SUITE:muc_service_features
=logfile       ejabberd_suite.muc_service_features.31459.html
=started       2024-12-18 20:47:15
=ended         2024-12-18 20:47:16
=result        ok
=elapsed       0.104935s
=case          ejabberd_SUITE:muc_service_disco_info_node_error
=logfile       ejabberd_suite.muc_service_disco_info_node_error.31491.html
=started       2024-12-18 20:47:16
=ended         2024-12-18 20:47:16
=result        ok
=elapsed       0.103598s
=case          ejabberd_SUITE:muc_service_disco_items
=logfile       ejabberd_suite.muc_service_disco_items.31587.html
=started       2024-12-18 20:47:16
=ended         2024-12-18 20:47:16
=result        ok
=elapsed       0.180497s
=case          ejabberd_SUITE:muc_service_unique
=logfile       ejabberd_suite.muc_service_unique.25124.html
=started       2024-12-18 20:47:16
=ended         2024-12-18 20:47:16
=result        ok
=elapsed       0.104517s
=case          ejabberd_SUITE:muc_service_vcard
=logfile       ejabberd_suite.muc_service_vcard.25220.html
=started       2024-12-18 20:47:16
=ended         2024-12-18 20:47:16
=result        ok
=elapsed       0.104245s
=case          ejabberd_SUITE:muc_configure_non_existent
=logfile       ejabberd_suite.muc_configure_non_existent.25252.html
=started       2024-12-18 20:47:16
=ended         2024-12-18 20:47:16
=result        ok
=elapsed       0.108992s
=case          ejabberd_SUITE:muc_cancel_configure_non_existent
=logfile       ejabberd_suite.muc_cancel_configure_non_existent.25316.html
=started       2024-12-18 20:47:16
=ended         2024-12-18 20:47:16
=result        ok
=elapsed       0.108172s
=case          ejabberd_SUITE:muc_service_subscriptions
=logfile       ejabberd_suite.muc_service_subscriptions.25380.html
=started       2024-12-18 20:47:16
=ended         2024-12-18 20:47:17
=result        ok
=elapsed       0.222496s
=case          ejabberd_SUITE:muc_set_room_affiliation
=logfile       ejabberd_suite.muc_set_room_affiliation.25508.html
=started       2024-12-18 20:47:17
=ended         2024-12-18 20:47:17
=result        ok
=elapsed       0.120843s
=case          ejabberd_SUITE:end_per_group
=logfile       ejabberd_suite.end_per_group.37154.html
=group_props   [{name,muc_single},sequence]
=started       2024-12-18 20:47:17
=ended         2024-12-18 20:47:17
=result        ok
=elapsed       0.000002s
=group_time    2.815s
=case          ejabberd_SUITE:init_per_group
=logfile       ejabberd_suite.init_per_group.37186.html
=group_props   [{name,offline_single},sequence]
=started       2024-12-18 20:47:17
=ended         2024-12-18 20:47:17
=result        ok
=elapsed       0.000003s
=case          ejabberd_SUITE:offline_feature_enabled
=logfile       ejabberd_suite.offline_feature_enabled.37218.html
=started       2024-12-18 20:47:17
=ended         2024-12-18 20:47:17
=result        ok
=elapsed       0.104340s
=case          ejabberd_SUITE:offline_check_identity
=logfile       ejabberd_suite.offline_check_identity.37282.html
=started       2024-12-18 20:47:17
=ended         2024-12-18 20:47:17
=result        ok
=elapsed       0.104360s
=case          ejabberd_SUITE:offline_send_non_existent
=logfile       ejabberd_suite.offline_send_non_existent.31811.html
=started       2024-12-18 20:47:17
=ended         2024-12-18 20:47:17
=result        ok
=elapsed       0.104168s
=case          ejabberd_SUITE:offline_view_non_existent
=logfile       ejabberd_suite.offline_view_non_existent.31875.html
=started       2024-12-18 20:47:17
=ended         2024-12-18 20:47:17
=result        ok
=elapsed       0.103778s
=case          ejabberd_SUITE:offline_remove_non_existent
=logfile       ejabberd_suite.offline_remove_non_existent.31939.html
=started       2024-12-18 20:47:17
=ended         2024-12-18 20:47:18
=result        ok
=elapsed       0.104062s
=case          ejabberd_SUITE:offline_view_non_integer
=logfile       ejabberd_suite.offline_view_non_integer.32035.html
=started       2024-12-18 20:47:18
=ended         2024-12-18 20:47:18
=result        ok
=elapsed       0.103978s
=case          ejabberd_SUITE:offline_remove_non_integer
=logfile       ejabberd_suite.offline_remove_non_integer.37442.html
=started       2024-12-18 20:47:18
=ended         2024-12-18 20:47:18
=result        ok
=elapsed       0.104558s
=case          ejabberd_SUITE:offline_malformed_iq
=logfile       ejabberd_suite.offline_malformed_iq.37474.html
=started       2024-12-18 20:47:18
=ended         2024-12-18 20:47:18
=result        ok
=elapsed       0.106743s
=case          ejabberd_SUITE:offline_wrong_user
=logfile       ejabberd_suite.offline_wrong_user.37538.html
=started       2024-12-18 20:47:18
=ended         2024-12-18 20:47:18
=result        ok
=elapsed       0.110684s
=case          ejabberd_SUITE:offline_unsupported_iq
=logfile       ejabberd_suite.offline_unsupported_iq.37634.html
=started       2024-12-18 20:47:18
=ended         2024-12-18 20:47:18
=result        ok
=elapsed       0.104413s
=case          ejabberd_SUITE:end_per_group
=logfile       ejabberd_suite.end_per_group.37730.html
=group_props   [{name,offline_single},sequence]
=started       2024-12-18 20:47:18
=ended         2024-12-18 20:47:18
=result        ok
=elapsed       0.000003s
=group_time    1.394s
=case          ejabberd_SUITE:init_per_group
=logfile       ejabberd_suite.init_per_group.37762.html
=group_props   [{name,mam_single},sequence]
=started       2024-12-18 20:47:18
=ended         2024-12-18 20:47:18
=result        ok
=elapsed       0.000003s
=case          ejabberd_SUITE:mam_feature_enabled
=logfile       ejabberd_suite.mam_feature_enabled.37794.html
=started       2024-12-18 20:47:18
=ended         2024-12-18 20:47:18
=result        ok
=elapsed       0.107309s
=case          ejabberd_SUITE:mam_get_set_prefs
=logfile       ejabberd_suite.mam_get_set_prefs.37858.html
=started       2024-12-18 20:47:18
=ended         2024-12-18 20:47:20
=result        ok
=elapsed       1.885254s
=case          ejabberd_SUITE:mam_get_form
=logfile       ejabberd_suite.mam_get_form.37922.html
=started       2024-12-18 20:47:20
=ended         2024-12-18 20:47:21
=result        ok
=elapsed       0.107895s
=case          ejabberd_SUITE:mam_fake_by
=logfile       ejabberd_suite.mam_fake_by.32259.html
=started       2024-12-18 20:47:21
=ended         2024-12-18 20:47:21
=result        ok
=elapsed       0.107879s
=case          ejabberd_SUITE:end_per_group
=logfile       ejabberd_suite.end_per_group.38018.html
=group_props   [{name,mam_single},sequence]
=started       2024-12-18 20:47:21
=ended         2024-12-18 20:47:21
=result        ok
=elapsed       0.000003s
=group_time    2.361s
=case          ejabberd_SUITE:init_per_group
=logfile       ejabberd_suite.init_per_group.38050.html
=group_props   [{name,push_single},sequence]
=started       2024-12-18 20:47:21
=ended         2024-12-18 20:47:21
=result        ok
=elapsed       0.000003s
=case          ejabberd_SUITE:push_feature_enabled
=logfile       ejabberd_suite.push_feature_enabled.38082.html
=started       2024-12-18 20:47:21
=ended         2024-12-18 20:47:21
=result        ok
=elapsed       0.104751s
=case          ejabberd_SUITE:push_unsupported_iq
=logfile       ejabberd_suite.push_unsupported_iq.38178.html
=started       2024-12-18 20:47:21
=ended         2024-12-18 20:47:21
=result        ok
=elapsed       0.104758s
=case          ejabberd_SUITE:end_per_group
=logfile       ejabberd_suite.end_per_group.32387.html
=group_props   [{name,push_single},sequence]
=started       2024-12-18 20:47:21
=ended         2024-12-18 20:47:21
=result        ok
=elapsed       0.000003s
=group_time    0.296s
=case          ejabberd_SUITE:test_unregister
=logfile       ejabberd_suite.test_unregister.38242.html
=started       2024-12-18 20:47:21
=ended         2024-12-18 20:47:21
=result        ok
=elapsed       0.011919s
=case          ejabberd_SUITE:end_per_group
=logfile       ejabberd_suite.end_per_group.38338.html
=group_props   [{name,single_user},sequence]
=started       2024-12-18 20:47:21
=ended         2024-12-18 20:47:21
=result        ok
=elapsed       0.000003s
=group_time    16.728s
=case          ejabberd_SUITE:init_per_group
=logfile       ejabberd_suite.init_per_group.38370.html
=group_props   [{name,muc_master_slave},sequence]
=started       2024-12-18 20:47:21
=ended         2024-12-18 20:47:21
=result        ok
=elapsed       0.000004s
=case          ejabberd_SUITE:init_per_group
=logfile       ejabberd_suite.init_per_group.38402.html
=group_props   [{name,muc_register},parallel]
=started       2024-12-18 20:47:21
=ended         2024-12-18 20:47:21
=result        ok
=elapsed       0.000002s
=case          ejabberd_SUITE:muc_register_master
=logfile       ejabberd_suite.muc_register_master.38434.html
=started       2024-12-18 20:47:21
=ended         2024-12-18 20:47:21
=result        ok
=elapsed       0.126021s
=case          ejabberd_SUITE:muc_register_slave
=logfile       ejabberd_suite.muc_register_slave.38466.html
=started       2024-12-18 20:47:21
=ended         2024-12-18 20:47:21
=result        ok
=elapsed       0.121241s
=case          ejabberd_SUITE:end_per_group
=logfile       ejabberd_suite.end_per_group.38562.html
=group_props   [{name,muc_register},parallel]
=started       2024-12-18 20:47:21
=ended         2024-12-18 20:47:21
=result        ok
=elapsed       0.000004s
=group_time    0.189s
=case          ejabberd_SUITE:init_per_group
=logfile       ejabberd_suite.init_per_group.38594.html
=group_props   [{name,muc_groupchat_msg},parallel]
=started       2024-12-18 20:47:21
=ended         2024-12-18 20:47:21
=result        ok
=elapsed       0.000004s
=case          ejabberd_SUITE:muc_groupchat_msg_master
=logfile       ejabberd_suite.muc_groupchat_msg_master.38626.html
=started       2024-12-18 20:47:21
=ended         2024-12-18 20:47:22
=result        ok
=elapsed       0.137382s
=case          ejabberd_SUITE:muc_groupchat_msg_slave
=logfile       ejabberd_suite.muc_groupchat_msg_slave.38658.html
=started       2024-12-18 20:47:21
=ended         2024-12-18 20:47:22
=result        ok
=elapsed       0.127492s
=case          ejabberd_SUITE:end_per_group
=logfile       ejabberd_suite.end_per_group.38722.html
=group_props   [{name,muc_groupchat_msg},parallel]
=started       2024-12-18 20:47:22
=ended         2024-12-18 20:47:22
=result        ok
=elapsed       0.000009s
=group_time    0.197s
=case          ejabberd_SUITE:init_per_group
=logfile       ejabberd_suite.init_per_group.38754.html
=group_props   [{name,muc_private_msg},parallel]
=started       2024-12-18 20:47:22
=ended         2024-12-18 20:47:22
=result        ok
=elapsed       0.000003s
=case          ejabberd_SUITE:muc_private_msg_master
=logfile       ejabberd_suite.muc_private_msg_master.38786.html
=started       2024-12-18 20:47:22
=ended         2024-12-18 20:47:22
=result        ok
=elapsed       0.169412s
=case          ejabberd_SUITE:muc_private_msg_slave
=logfile       ejabberd_suite.muc_private_msg_slave.38818.html
=started       2024-12-18 20:47:22
=ended         2024-12-18 20:47:22
=result        ok
=elapsed       0.163025s
=case          ejabberd_SUITE:end_per_group
=logfile       ejabberd_suite.end_per_group.38914.html
=group_props   [{name,muc_private_msg},parallel]
=started       2024-12-18 20:47:22
=ended         2024-12-18 20:47:22
=result        ok
=elapsed       0.000003s
=group_time    0.231s
=case          ejabberd_SUITE:init_per_group
=logfile       ejabberd_suite.init_per_group.32643.html
=group_props   [{name,muc_set_subject},parallel]
=started       2024-12-18 20:47:22
=ended         2024-12-18 20:47:22
=result        ok
=elapsed       0.000003s
=case          ejabberd_SUITE:muc_set_subject_master
=logfile       ejabberd_suite.muc_set_subject_master.32675.html
=started       2024-12-18 20:47:22
=ended         2024-12-18 20:47:22
=result        ok
=elapsed       0.141260s
=case          ejabberd_SUITE:muc_set_subject_slave
=logfile       ejabberd_suite.muc_set_subject_slave.32707.html
=started       2024-12-18 20:47:22
=ended         2024-12-18 20:47:22
=result        ok
=elapsed       0.137998s
=case          ejabberd_SUITE:end_per_group
=logfile       ejabberd_suite.end_per_group.32835.html
=group_props   [{name,muc_set_subject},parallel]
=started       2024-12-18 20:47:22
=ended         2024-12-18 20:47:22
=result        ok
=elapsed       0.000003s
=group_time    0.201s
=case          ejabberd_SUITE:init_per_group
=logfile       ejabberd_suite.init_per_group.32867.html
=group_props   [{name,muc_history},parallel]
=started       2024-12-18 20:47:22
=ended         2024-12-18 20:47:22
=result        ok
=elapsed       0.000003s
=case          ejabberd_SUITE:muc_history_master
=logfile       ejabberd_suite.muc_history_master.32899.html
=started       2024-12-18 20:47:22
=ended         2024-12-18 20:47:22
=result        ok
=elapsed       0.175284s
=case          ejabberd_SUITE:muc_history_slave
=logfile       ejabberd_suite.muc_history_slave.32931.html
=started       2024-12-18 20:47:22
=ended         2024-12-18 20:47:22
=result        ok
=elapsed       0.170042s
=case          ejabberd_SUITE:end_per_group
=logfile       ejabberd_suite.end_per_group.32995.html
=group_props   [{name,muc_history},parallel]
=started       2024-12-18 20:47:22
=ended         2024-12-18 20:47:22
=result        ok
=elapsed       0.000002s
=group_time    0.237s
=case          ejabberd_SUITE:init_per_group
=logfile       ejabberd_suite.init_per_group.33027.html
=group_props   [{name,muc_invite},parallel]
=started       2024-12-18 20:47:22
=ended         2024-12-18 20:47:22
=result        ok
=elapsed       0.000008s
=case          ejabberd_SUITE:muc_invite_master
=logfile       ejabberd_suite.muc_invite_master.33059.html
=started       2024-12-18 20:47:22
=ended         2024-12-18 20:47:22
=result        ok
=elapsed       0.119649s
=case          ejabberd_SUITE:muc_invite_slave
=logfile       ejabberd_suite.muc_invite_slave.33091.html
=started       2024-12-18 20:47:22
=ended         2024-12-18 20:47:23
=result        ok
=elapsed       0.155112s
=case          ejabberd_SUITE:end_per_group
=logfile       ejabberd_suite.end_per_group.33155.html
=group_props   [{name,muc_invite},parallel]
=started       2024-12-18 20:47:23
=ended         2024-12-18 20:47:23
=result        ok
=elapsed       0.000003s
=group_time    0.216s
=case          ejabberd_SUITE:init_per_group
=logfile       ejabberd_suite.init_per_group.33187.html
=group_props   [{name,muc_invite_members_only},parallel]
=started       2024-12-18 20:47:23
=ended         2024-12-18 20:47:23
=result        ok
=elapsed       0.000005s
=case          ejabberd_SUITE:muc_invite_members_only_master
=logfile       ejabberd_suite.muc_invite_members_only_master.33219.html
=started       2024-12-18 20:47:23
=ended         2024-12-18 20:47:23
=result        ok
=elapsed       0.126262s
=case          ejabberd_SUITE:muc_invite_members_only_slave
=logfile       ejabberd_suite.muc_invite_members_only_slave.33251.html
=started       2024-12-18 20:47:23
=ended         2024-12-18 20:47:23
=result        ok
=elapsed       0.119968s
=case          ejabberd_SUITE:end_per_group
=logfile       ejabberd_suite.end_per_group.39234.html
=group_props   [{name,muc_invite_members_only},parallel]
=started       2024-12-18 20:47:23
=ended         2024-12-18 20:47:23
=result        ok
=elapsed       0.000003s
=group_time    0.189s
=case          ejabberd_SUITE:init_per_group
=logfile       ejabberd_suite.init_per_group.39266.html
=group_props   [{name,muc_invite_password_protected},parallel]
=started       2024-12-18 20:47:23
=ended         2024-12-18 20:47:23
=result        ok
=elapsed       0.000003s
=case          ejabberd_SUITE:muc_invite_password_protected_master
=logfile       ejabberd_suite.muc_invite_password_protected_master.39298.html
=started       2024-12-18 20:47:23
=ended         2024-12-18 20:47:23
=result        ok
=elapsed       0.165434s
=case          ejabberd_SUITE:muc_invite_password_protected_slave
=logfile       ejabberd_suite.muc_invite_password_protected_slave.39330.html
=started       2024-12-18 20:47:23
=ended         2024-12-18 20:47:23
=result        ok
=elapsed       0.115825s
=case          ejabberd_SUITE:end_per_group
=logfile       ejabberd_suite.end_per_group.39458.html
=group_props   [{name,muc_invite_password_protected},parallel]
=started       2024-12-18 20:47:23
=ended         2024-12-18 20:47:23
=result        ok
=elapsed       0.000003s
=group_time    0.227s
=case          ejabberd_SUITE:init_per_group
=logfile       ejabberd_suite.init_per_group.39490.html
=group_props   [{name,muc_voice_request},parallel]
=started       2024-12-18 20:47:23
=ended         2024-12-18 20:47:23
=result        ok
=elapsed       0.000003s
=case          ejabberd_SUITE:muc_voice_request_master
=logfile       ejabberd_suite.muc_voice_request_master.39522.html
=started       2024-12-18 20:47:23
=ended         2024-12-18 20:47:23
=result        ok
=elapsed       0.129921s
=case          ejabberd_SUITE:muc_voice_request_slave
=logfile       ejabberd_suite.muc_voice_request_slave.39554.html
=started       2024-12-18 20:47:23
=ended         2024-12-18 20:47:23
=result        ok
=elapsed       0.124962s
=case          ejabberd_SUITE:end_per_group
=logfile       ejabberd_suite.end_per_group.39618.html
=group_props   [{name,muc_voice_request},parallel]
=started       2024-12-18 20:47:23
=ended         2024-12-18 20:47:23
=result        ok
=elapsed       0.000002s
=group_time    0.190s
=case          ejabberd_SUITE:init_per_group
=logfile       ejabberd_suite.init_per_group.25892.html
=group_props   [{name,muc_change_role},parallel]
=started       2024-12-18 20:47:23
=ended         2024-12-18 20:47:23
=result        ok
=elapsed       0.000003s
=case          ejabberd_SUITE:muc_change_role_master
=logfile       ejabberd_suite.muc_change_role_master.33379.html
=started       2024-12-18 20:47:23
=ended         2024-12-18 20:47:23
=result        ok
=elapsed       0.140566s
=case          ejabberd_SUITE:muc_change_role_slave
=logfile       ejabberd_suite.muc_change_role_slave.33411.html
=started       2024-12-18 20:47:23
=ended         2024-12-18 20:47:23
=result        ok
=elapsed       0.136603s
=case          ejabberd_SUITE:end_per_group
=logfile       ejabberd_suite.end_per_group.39682.html
=group_props   [{name,muc_change_role},parallel]
=started       2024-12-18 20:47:23
=ended         2024-12-18 20:47:23
=result        ok
=elapsed       0.000004s
=group_time    0.203s
=case          ejabberd_SUITE:init_per_group
=logfile       ejabberd_suite.init_per_group.39714.html
=group_props   [{name,muc_kick},parallel]
=started       2024-12-18 20:47:23
=ended         2024-12-18 20:47:23
=result        ok
=elapsed       0.000003s
=case          ejabberd_SUITE:muc_kick_master
=logfile       ejabberd_suite.muc_kick_master.33539.html
=started       2024-12-18 20:47:23
=ended         2024-12-18 20:47:24
=result        ok
=elapsed       0.130390s
=case          ejabberd_SUITE:muc_kick_slave
=logfile       ejabberd_suite.muc_kick_slave.33571.html
=started       2024-12-18 20:47:23
=ended         2024-12-18 20:47:24
=result        ok
=elapsed       0.121684s
=case          ejabberd_SUITE:end_per_group
=logfile       ejabberd_suite.end_per_group.39746.html
=group_props   [{name,muc_kick},parallel]
=started       2024-12-18 20:47:24
=ended         2024-12-18 20:47:24
=result        ok
=elapsed       0.000003s
=group_time    0.192s
=case          ejabberd_SUITE:init_per_group
=logfile       ejabberd_suite.init_per_group.39778.html
=group_props   [{name,muc_change_affiliation},parallel]
=started       2024-12-18 20:47:24
=ended         2024-12-18 20:47:24
=result        ok
=elapsed       0.000003s
=case          ejabberd_SUITE:muc_change_affiliation_master
=logfile       ejabberd_suite.muc_change_affiliation_master.39810.html
=started       2024-12-18 20:47:24
=ended         2024-12-18 20:47:24
=result        ok
=elapsed       0.159093s
=case          ejabberd_SUITE:muc_change_affiliation_slave
=logfile       ejabberd_suite.muc_change_affiliation_slave.26084.html
=started       2024-12-18 20:47:24
=ended         2024-12-18 20:47:24
=result        ok
=elapsed       0.153854s
=case          ejabberd_SUITE:end_per_group
=logfile       ejabberd_suite.end_per_group.33699.html
=group_props   [{name,muc_change_affiliation},parallel]
=started       2024-12-18 20:47:24
=ended         2024-12-18 20:47:24
=result        ok
=elapsed       0.000003s
=group_time    0.219s
=case          ejabberd_SUITE:init_per_group
=logfile       ejabberd_suite.init_per_group.33731.html
=group_props   [{name,muc_destroy},parallel]
=started       2024-12-18 20:47:24
=ended         2024-12-18 20:47:24
=result        ok
=elapsed       0.000003s
=case          ejabberd_SUITE:muc_destroy_master
=logfile       ejabberd_suite.muc_destroy_master.33763.html
=started       2024-12-18 20:47:24
=ended         2024-12-18 20:47:24
=result        ok
=elapsed       0.126009s
=case          ejabberd_SUITE:muc_destroy_slave
=logfile       ejabberd_suite.muc_destroy_slave.33795.html
=started       2024-12-18 20:47:24
=ended         2024-12-18 20:47:24
=result        ok
=elapsed       0.125047s
=case          ejabberd_SUITE:end_per_group
=logfile       ejabberd_suite.end_per_group.33859.html
=group_props   [{name,muc_destroy},parallel]
=started       2024-12-18 20:47:24
=ended         2024-12-18 20:47:24
=result        ok
=elapsed       0.000015s
=group_time    0.190s
=case          ejabberd_SUITE:init_per_group
=logfile       ejabberd_suite.init_per_group.33891.html
=group_props   [{name,muc_vcard},parallel]
=started       2024-12-18 20:47:24
=ended         2024-12-18 20:47:24
=result        ok
=elapsed       0.000002s
=case          ejabberd_SUITE:muc_vcard_master
=logfile       ejabberd_suite.muc_vcard_master.33923.html
=started       2024-12-18 20:47:24
=ended         2024-12-18 20:47:24
=result        ok
=elapsed       0.130953s
=case          ejabberd_SUITE:muc_vcard_slave
=logfile       ejabberd_suite.muc_vcard_slave.33955.html
=started       2024-12-18 20:47:24
=ended         2024-12-18 20:47:24
=result        ok
=elapsed       0.125938s
=case          ejabberd_SUITE:end_per_group
=logfile       ejabberd_suite.end_per_group.39970.html
=group_props   [{name,muc_vcard},parallel]
=started       2024-12-18 20:47:24
=ended         2024-12-18 20:47:24
=result        ok
=elapsed       0.000002s
=group_time    0.190s
=case          ejabberd_SUITE:init_per_group
=logfile       ejabberd_suite.init_per_group.34051.html
=group_props   [{name,muc_nick_change},parallel]
=started       2024-12-18 20:47:24
=ended         2024-12-18 20:47:24
=result        ok
=elapsed       0.000003s
=case          ejabberd_SUITE:muc_nick_change_master
=logfile       ejabberd_suite.muc_nick_change_master.34083.html
=started       2024-12-18 20:47:24
=ended         2024-12-18 20:47:25
=result        ok
=elapsed       0.129543s
=case          ejabberd_SUITE:muc_nick_change_slave
=logfile       ejabberd_suite.muc_nick_change_slave.34115.html
=started       2024-12-18 20:47:24
=ended         2024-12-18 20:47:25
=result        ok
=elapsed       0.124003s
=case          ejabberd_SUITE:end_per_group
=logfile       ejabberd_suite.end_per_group.34211.html
=group_props   [{name,muc_nick_change},parallel]
=started       2024-12-18 20:47:25
=ended         2024-12-18 20:47:25
=result        ok
=elapsed       0.000003s
=group_time    0.189s
=case          ejabberd_SUITE:init_per_group
=logfile       ejabberd_suite.init_per_group.26372.html
=group_props   [{name,muc_config_title_desc},parallel]
=started       2024-12-18 20:47:25
=ended         2024-12-18 20:47:25
=result        ok
=elapsed       0.000002s
=case          ejabberd_SUITE:muc_config_title_desc_master
=logfile       ejabberd_suite.muc_config_title_desc_master.26404.html
=started       2024-12-18 20:47:25
=ended         2024-12-18 20:47:25
=result        ok
=elapsed       0.130454s
=case          ejabberd_SUITE:muc_config_title_desc_slave
=logfile       ejabberd_suite.muc_config_title_desc_slave.26436.html
=started       2024-12-18 20:47:25
=ended         2024-12-18 20:47:25
=result        ok
=elapsed       0.120956s
=case          ejabberd_SUITE:end_per_group
=logfile       ejabberd_suite.end_per_group.34339.html
=group_props   [{name,muc_config_title_desc},parallel]
=started       2024-12-18 20:47:25
=ended         2024-12-18 20:47:25
=result        ok
=elapsed       0.000008s
=group_time    0.193s
=case          ejabberd_SUITE:init_per_group
=logfile       ejabberd_suite.init_per_group.40034.html
=group_props   [{name,muc_config_public_list},parallel]
=started       2024-12-18 20:47:25
=ended         2024-12-18 20:47:25
=result        ok
=elapsed       0.000003s
=case          ejabberd_SUITE:muc_config_public_list_master
=logfile       ejabberd_suite.muc_config_public_list_master.40066.html
=started       2024-12-18 20:47:25
=ended         2024-12-18 20:47:25
=result        ok
=elapsed       0.134114s
=case          ejabberd_SUITE:muc_config_public_list_slave
=logfile       ejabberd_suite.muc_config_public_list_slave.40098.html
=started       2024-12-18 20:47:25
=ended         2024-12-18 20:47:25
=result        ok
=elapsed       0.127054s
=case          ejabberd_SUITE:end_per_group
=logfile       ejabberd_suite.end_per_group.40194.html
=group_props   [{name,muc_config_public_list},parallel]
=started       2024-12-18 20:47:25
=ended         2024-12-18 20:47:25
=result        ok
=elapsed       0.000002s
=group_time    0.196s
=case          ejabberd_SUITE:init_per_group
=logfile       ejabberd_suite.init_per_group.40226.html
=group_props   [{name,muc_config_password},parallel]
=started       2024-12-18 20:47:25
=ended         2024-12-18 20:47:25
=result        ok
=elapsed       0.000003s
=case          ejabberd_SUITE:muc_config_password_master
=logfile       ejabberd_suite.muc_config_password_master.40258.html
=started       2024-12-18 20:47:25
=ended         2024-12-18 20:47:25
=result        ok
=elapsed       0.135374s
=case          ejabberd_SUITE:muc_config_password_slave
=logfile       ejabberd_suite.muc_config_password_slave.40290.html
=started       2024-12-18 20:47:25
=ended         2024-12-18 20:47:25
=result        ok
=elapsed       0.130129s
=case          ejabberd_SUITE:end_per_group
=logfile       ejabberd_suite.end_per_group.40354.html
=group_props   [{name,muc_config_password},parallel]
=started       2024-12-18 20:47:25
=ended         2024-12-18 20:47:25
=result        ok
=elapsed       0.000009s
=group_time    0.196s
=case          ejabberd_SUITE:init_per_group
=logfile       ejabberd_suite.init_per_group.40386.html
=group_props   [{name,muc_config_whois},parallel]
=started       2024-12-18 20:47:25
=ended         2024-12-18 20:47:25
=result        ok
=elapsed       0.000003s
=case          ejabberd_SUITE:muc_config_whois_master
=logfile       ejabberd_suite.muc_config_whois_master.40418.html
=started       2024-12-18 20:47:25
=ended         2024-12-18 20:47:25
=result        ok
=elapsed       0.142144s
=case          ejabberd_SUITE:muc_config_whois_slave
=logfile       ejabberd_suite.muc_config_whois_slave.40450.html
=started       2024-12-18 20:47:25
=ended         2024-12-18 20:47:25
=result        ok
=elapsed       0.137986s
=case          ejabberd_SUITE:end_per_group
=logfile       ejabberd_suite.end_per_group.6533.html
=group_props   [{name,muc_config_whois},parallel]
=started       2024-12-18 20:47:25
=ended         2024-12-18 20:47:25
=result        ok
=elapsed       0.000002s
=group_time    0.205s
=case          ejabberd_SUITE:init_per_group
=logfile       ejabberd_suite.init_per_group.40482.html
=group_props   [{name,muc_config_members_only},parallel]
=started       2024-12-18 20:47:25
=ended         2024-12-18 20:47:25
=result        ok
=elapsed       0.000002s
=case          ejabberd_SUITE:muc_config_members_only_master
=logfile       ejabberd_suite.muc_config_members_only_master.40514.html
=started       2024-12-18 20:47:25
=ended         2024-12-18 20:47:26
=result        ok
=elapsed       0.140560s
=case          ejabberd_SUITE:muc_config_members_only_slave
=logfile       ejabberd_suite.muc_config_members_only_slave.40546.html
=started       2024-12-18 20:47:25
=ended         2024-12-18 20:47:26
=result        ok
=elapsed       0.134202s
=case          ejabberd_SUITE:end_per_group
=logfile       ejabberd_suite.end_per_group.6597.html
=group_props   [{name,muc_config_members_only},parallel]
=started       2024-12-18 20:47:26
=ended         2024-12-18 20:47:26
=result        ok
=elapsed       0.000002s
=group_time    0.201s
=case          ejabberd_SUITE:init_per_group
=logfile       ejabberd_suite.init_per_group.6629.html
=group_props   [{name,muc_config_moderated},parallel]
=started       2024-12-18 20:47:26
=ended         2024-12-18 20:47:26
=result        ok
=elapsed       0.000003s
=case          ejabberd_SUITE:muc_config_moderated_master
=logfile       ejabberd_suite.muc_config_moderated_master.40642.html
=started       2024-12-18 20:47:26
=ended         2024-12-18 20:47:26
=result        ok
=elapsed       0.137507s
=case          ejabberd_SUITE:muc_config_moderated_slave
=logfile       ejabberd_suite.muc_config_moderated_slave.40674.html
=started       2024-12-18 20:47:26
=ended         2024-12-18 20:47:26
=result        ok
=elapsed       0.131113s
=case          ejabberd_SUITE:end_per_group
=logfile       ejabberd_suite.end_per_group.40802.html
=group_props   [{name,muc_config_moderated},parallel]
=started       2024-12-18 20:47:26
=ended         2024-12-18 20:47:26
=result        ok
=elapsed       0.000008s
=group_time    0.199s
=case          ejabberd_SUITE:init_per_group
=logfile       ejabberd_suite.init_per_group.40834.html
=group_props   [{name,muc_config_private_messages},parallel]
=started       2024-12-18 20:47:26
=ended         2024-12-18 20:47:26
=result        ok
=elapsed       0.000003s
=case          ejabberd_SUITE:muc_config_private_messages_master
=logfile       ejabberd_suite.muc_config_private_messages_master.40866.html
=started       2024-12-18 20:47:26
=ended         2024-12-18 20:47:26
=result        ok
=elapsed       0.145093s
=case          ejabberd_SUITE:muc_config_private_messages_slave
=logfile       ejabberd_suite.muc_config_private_messages_slave.40898.html
=started       2024-12-18 20:47:26
=ended         2024-12-18 20:47:26
=result        ok
=elapsed       0.143154s
=case          ejabberd_SUITE:end_per_group
=logfile       ejabberd_suite.end_per_group.40994.html
=group_props   [{name,muc_config_private_messages},parallel]
=started       2024-12-18 20:47:26
=ended         2024-12-18 20:47:26
=result        ok
=elapsed       0.000002s
=group_time    0.208s
=case          ejabberd_SUITE:init_per_group
=logfile       ejabberd_suite.init_per_group.41026.html
=group_props   [{name,muc_config_query},parallel]
=started       2024-12-18 20:47:26
=ended         2024-12-18 20:47:26
=result        ok
=elapsed       0.000003s
=case          ejabberd_SUITE:muc_config_query_master
=logfile       ejabberd_suite.muc_config_query_master.41058.html
=started       2024-12-18 20:47:26
=ended         2024-12-18 20:47:26
=result        ok
=elapsed       0.180430s
=case          ejabberd_SUITE:muc_config_query_slave
=logfile       ejabberd_suite.muc_config_query_slave.41090.html
=started       2024-12-18 20:47:26
=ended         2024-12-18 20:47:26
=result        ok
=elapsed       0.167185s
=case          ejabberd_SUITE:end_per_group
=logfile       ejabberd_suite.end_per_group.41186.html
=group_props   [{name,muc_config_query},parallel]
=started       2024-12-18 20:47:26
=ended         2024-12-18 20:47:26
=result        ok
=elapsed       0.000008s
=group_time    0.241s
=case          ejabberd_SUITE:init_per_group
=logfile       ejabberd_suite.init_per_group.41218.html
=group_props   [{name,muc_config_allow_invites},parallel]
=started       2024-12-18 20:47:26
=ended         2024-12-18 20:47:26
=result        ok
=elapsed       0.000002s
=case          ejabberd_SUITE:muc_config_allow_invites_master
=logfile       ejabberd_suite.muc_config_allow_invites_master.41250.html
=started       2024-12-18 20:47:26
=ended         2024-12-18 20:47:27
=result        ok
=elapsed       0.135340s
=case          ejabberd_SUITE:muc_config_allow_invites_slave
=logfile       ejabberd_suite.muc_config_allow_invites_slave.41282.html
=started       2024-12-18 20:47:26
=ended         2024-12-18 20:47:27
=result        ok
=elapsed       0.129094s
=case          ejabberd_SUITE:end_per_group
=logfile       ejabberd_suite.end_per_group.41410.html
=group_props   [{name,muc_config_allow_invites},parallel]
=started       2024-12-18 20:47:27
=ended         2024-12-18 20:47:27
=result        ok
=elapsed       0.000003s
=group_time    0.198s
=case          ejabberd_SUITE:init_per_group
=logfile       ejabberd_suite.init_per_group.34819.html
=group_props   [{name,muc_config_visitor_status},parallel]
=started       2024-12-18 20:47:27
=ended         2024-12-18 20:47:27
=result        ok
=elapsed       0.000003s
=case          ejabberd_SUITE:muc_config_visitor_status_master
=logfile       ejabberd_suite.muc_config_visitor_status_master.34851.html
=started       2024-12-18 20:47:27
=ended         2024-12-18 20:47:27
=result        ok
=elapsed       0.136251s
=case          ejabberd_SUITE:muc_config_visitor_status_slave
=logfile       ejabberd_suite.muc_config_visitor_status_slave.41442.html
=started       2024-12-18 20:47:27
=ended         2024-12-18 20:47:27
=result        ok
=elapsed       0.129690s
=case          ejabberd_SUITE:end_per_group
=logfile       ejabberd_suite.end_per_group.41506.html
=group_props   [{name,muc_config_visitor_status},parallel]
=started       2024-12-18 20:47:27
=ended         2024-12-18 20:47:27
=result        ok
=elapsed       0.000003s
=group_time    0.197s
=case          ejabberd_SUITE:init_per_group
=logfile       ejabberd_suite.init_per_group.41538.html
=group_props   [{name,muc_config_allow_voice_requests},parallel]
=started       2024-12-18 20:47:27
=ended         2024-12-18 20:47:27
=result        ok
=elapsed       0.000003s
=case          ejabberd_SUITE:muc_config_allow_voice_requests_master
=logfile       ejabberd_suite.muc_config_allow_voice_requests_master.41570.html
=started       2024-12-18 20:47:27
=ended         2024-12-18 20:47:27
=result        ok
=elapsed       0.131524s
=case          ejabberd_SUITE:muc_config_allow_voice_requests_slave
=logfile       ejabberd_suite.muc_config_allow_voice_requests_slave.41602.html
=started       2024-12-18 20:47:27
=ended         2024-12-18 20:47:27
=result        ok
=elapsed       0.127742s
=case          ejabberd_SUITE:end_per_group
=logfile       ejabberd_suite.end_per_group.41698.html
=group_props   [{name,muc_config_allow_voice_requests},parallel]
=started       2024-12-18 20:47:27
=ended         2024-12-18 20:47:27
=result        ok
=elapsed       0.000008s
=group_time    0.192s
=case          ejabberd_SUITE:init_per_group
=logfile       ejabberd_suite.init_per_group.26820.html
=group_props   [{name,muc_config_voice_request_interval},parallel]
=started       2024-12-18 20:47:27
=ended         2024-12-18 20:47:27
=result        ok
=elapsed       0.000004s
=case          ejabberd_SUITE:muc_config_voice_request_interval_master
=logfile       ejabberd_suite.muc_config_voice_request_interval_master.41730.html
=started       2024-12-18 20:47:27
=ended         2024-12-18 20:47:32
=result        ok
=elapsed       5.222594s
=case          ejabberd_SUITE:muc_config_voice_request_interval_slave
=logfile       ejabberd_suite.muc_config_voice_request_interval_slave.26852.html
=started       2024-12-18 20:47:27
=ended         2024-12-18 20:47:32
=result        ok
=elapsed       5.216152s
=case          ejabberd_SUITE:end_per_group
=logfile       ejabberd_suite.end_per_group.26948.html
=group_props   [{name,muc_config_voice_request_interval},parallel]
=started       2024-12-18 20:47:32
=ended         2024-12-18 20:47:32
=result        ok
=elapsed       0.000003s
=group_time    5.284s
=case          ejabberd_SUITE:init_per_group
=logfile       ejabberd_suite.init_per_group.41794.html
=group_props   [{name,muc_config_visitor_nickchange},parallel]
=started       2024-12-18 20:47:32
=ended         2024-12-18 20:47:32
=result        ok
=elapsed       0.000003s
=case          ejabberd_SUITE:muc_config_visitor_nickchange_master
=logfile       ejabberd_suite.muc_config_visitor_nickchange_master.41826.html
=started       2024-12-18 20:47:32
=ended         2024-12-18 20:47:33
=result        ok
=elapsed       0.130284s
=case          ejabberd_SUITE:muc_config_visitor_nickchange_slave
=logfile       ejabberd_suite.muc_config_visitor_nickchange_slave.41858.html
=started       2024-12-18 20:47:32
=ended         2024-12-18 20:47:33
=result        ok
=elapsed       0.126829s
=case          ejabberd_SUITE:end_per_group
=logfile       ejabberd_suite.end_per_group.41986.html
=group_props   [{name,muc_config_visitor_nickchange},parallel]
=started       2024-12-18 20:47:33
=ended         2024-12-18 20:47:33
=result        ok
=elapsed       0.000003s
=group_time    0.192s
=case          ejabberd_SUITE:init_per_group
=logfile       ejabberd_suite.init_per_group.42018.html
=group_props   [{name,muc_join_conflict},parallel]
=started       2024-12-18 20:47:33
=ended         2024-12-18 20:47:33
=result        ok
=elapsed       0.000003s
=case          ejabberd_SUITE:muc_join_conflict_master
=logfile       ejabberd_suite.muc_join_conflict_master.42050.html
=started       2024-12-18 20:47:33
=ended         2024-12-18 20:47:33
=result        ok
=elapsed       0.121960s
=case          ejabberd_SUITE:muc_join_conflict_slave
=logfile       ejabberd_suite.muc_join_conflict_slave.27012.html
=started       2024-12-18 20:47:33
=ended         2024-12-18 20:47:33
=result        ok
=elapsed       0.115746s
=case          ejabberd_SUITE:end_per_group
=logfile       ejabberd_suite.end_per_group.27140.html
=group_props   [{name,muc_join_conflict},parallel]
=started       2024-12-18 20:47:33
=ended         2024-12-18 20:47:33
=result        ok
=elapsed       0.000003s
=group_time    0.181s
=case          ejabberd_SUITE:end_per_group
=logfile       ejabberd_suite.end_per_group.27172.html
=group_props   [{name,muc_master_slave},sequence]
=started       2024-12-18 20:47:33
=ended         2024-12-18 20:47:33
=result        ok
=elapsed       0.000003s
=group_time    11.703s
=case          ejabberd_SUITE:init_per_group
=logfile       ejabberd_suite.init_per_group.35107.html
=group_props   [{name,privacy_master_slave},sequence]
=started       2024-12-18 20:47:33
=ended         2024-12-18 20:47:33
=result        ok
=elapsed       0.000003s
=case          ejabberd_SUITE:init_per_group
=logfile       ejabberd_suite.init_per_group.35139.html
=group_props   [{name,privacy_deny_bare_jid},parallel]
=started       2024-12-18 20:47:33
=ended         2024-12-18 20:47:33
=result        ok
=elapsed       0.000004s
=case          ejabberd_SUITE:privacy_deny_bare_jid_master
=logfile       ejabberd_suite.privacy_deny_bare_jid_master.35171.html
=started       2024-12-18 20:47:33
=ended         2024-12-18 20:47:34
=result        ok
=elapsed       1.165317s
=case          ejabberd_SUITE:privacy_deny_bare_jid_slave
=logfile       ejabberd_suite.privacy_deny_bare_jid_slave.27204.html
=started       2024-12-18 20:47:33
=ended         2024-12-18 20:47:34
=result        ok
=elapsed       1.161429s
=case          ejabberd_SUITE:end_per_group
=logfile       ejabberd_suite.end_per_group.27300.html
=group_props   [{name,privacy_deny_bare_jid},parallel]
=started       2024-12-18 20:47:34
=ended         2024-12-18 20:47:34
=result        ok
=elapsed       0.000003s
=group_time    1.228s
=case          ejabberd_SUITE:init_per_group
=logfile       ejabberd_suite.init_per_group.35267.html
=group_props   [{name,privacy_deny_full_jid},parallel]
=started       2024-12-18 20:47:34
=ended         2024-12-18 20:47:34
=result        ok
=elapsed       0.000004s
=case          ejabberd_SUITE:privacy_deny_full_jid_master
=logfile       ejabberd_suite.privacy_deny_full_jid_master.35299.html
=started       2024-12-18 20:47:34
=ended         2024-12-18 20:47:35
=result        ok
=elapsed       1.163113s
=case          ejabberd_SUITE:privacy_deny_full_jid_slave
=logfile       ejabberd_suite.privacy_deny_full_jid_slave.42114.html
=started       2024-12-18 20:47:34
=ended         2024-12-18 20:47:35
=result        ok
=elapsed       1.158772s
=case          ejabberd_SUITE:end_per_group
=logfile       ejabberd_suite.end_per_group.42178.html
=group_props   [{name,privacy_deny_full_jid},parallel]
=started       2024-12-18 20:47:35
=ended         2024-12-18 20:47:35
=result        ok
=elapsed       0.000008s
=group_time    1.226s
=case          ejabberd_SUITE:init_per_group
=logfile       ejabberd_suite.init_per_group.42210.html
=group_props   [{name,privacy_deny_server_bare_jid},parallel]
=started       2024-12-18 20:47:35
=ended         2024-12-18 20:47:35
=result        ok
=elapsed       0.000002s
=case          ejabberd_SUITE:privacy_deny_server_bare_jid_master
=logfile       ejabberd_suite.privacy_deny_server_bare_jid_master.35427.html
=started       2024-12-18 20:47:35
=ended         2024-12-18 20:47:37
=result        ok
=elapsed       1.164888s
=case          ejabberd_SUITE:privacy_deny_server_bare_jid_slave
=logfile       ejabberd_suite.privacy_deny_server_bare_jid_slave.35459.html
=started       2024-12-18 20:47:35
=ended         2024-12-18 20:47:37
=result        ok
=elapsed       1.162389s
=case          ejabberd_SUITE:end_per_group
=logfile       ejabberd_suite.end_per_group.35555.html
=group_props   [{name,privacy_deny_server_bare_jid},parallel]
=started       2024-12-18 20:47:37
=ended         2024-12-18 20:47:37
=result        ok
=elapsed       0.000003s
=group_time    1.226s
=case          ejabberd_SUITE:init_per_group
=logfile       ejabberd_suite.init_per_group.35587.html
=group_props   [{name,privacy_deny_server_full_jid},parallel]
=started       2024-12-18 20:47:37
=ended         2024-12-18 20:47:37
=result        ok
=elapsed       0.000004s
=case          ejabberd_SUITE:privacy_deny_server_full_jid_master
=logfile       ejabberd_suite.privacy_deny_server_full_jid_master.35619.html
=started       2024-12-18 20:47:37
=ended         2024-12-18 20:47:38
=result        ok
=elapsed       1.157395s
=case          ejabberd_SUITE:privacy_deny_server_full_jid_slave
=logfile       ejabberd_suite.privacy_deny_server_full_jid_slave.35651.html
=started       2024-12-18 20:47:37
=ended         2024-12-18 20:47:38
=result        ok
=elapsed       1.154647s
=case          ejabberd_SUITE:end_per_group
=logfile       ejabberd_suite.end_per_group.6981.html
=group_props   [{name,privacy_deny_server_full_jid},parallel]
=started       2024-12-18 20:47:38
=ended         2024-12-18 20:47:38
=result        ok
=elapsed       0.000010s
=group_time    1.218s
=case          ejabberd_SUITE:init_per_group
=logfile       ejabberd_suite.init_per_group.7013.html
=group_props   [{name,privacy_deny_group},parallel]
=started       2024-12-18 20:47:38
=ended         2024-12-18 20:47:38
=result        ok
=elapsed       0.000003s
=case          ejabberd_SUITE:privacy_deny_group_master
=logfile       ejabberd_suite.privacy_deny_group_master.7045.html
=started       2024-12-18 20:47:38
=ended         2024-12-18 20:47:39
=result        ok
=elapsed       1.170492s
=case          ejabberd_SUITE:privacy_deny_group_slave
=logfile       ejabberd_suite.privacy_deny_group_slave.35747.html
=started       2024-12-18 20:47:38
=ended         2024-12-18 20:47:39
=result        ok
=elapsed       1.166622s
=case          ejabberd_SUITE:end_per_group
=logfile       ejabberd_suite.end_per_group.35779.html
=group_props   [{name,privacy_deny_group},parallel]
=started       2024-12-18 20:47:39
=ended         2024-12-18 20:47:39
=result        ok
=elapsed       0.000003s
=group_time    1.233s
=case          ejabberd_SUITE:init_per_group
=logfile       ejabberd_suite.init_per_group.35811.html
=group_props   [{name,privacy_deny_sub_both},parallel]
=started       2024-12-18 20:47:39
=ended         2024-12-18 20:47:39
=result        ok
=elapsed       0.000003s
=case          ejabberd_SUITE:privacy_deny_sub_both_master
=logfile       ejabberd_suite.privacy_deny_sub_both_master.35843.html
=started       2024-12-18 20:47:39
=ended         2024-12-18 20:47:40
=result        ok
=elapsed       1.173450s
=case          ejabberd_SUITE:privacy_deny_sub_both_slave
=logfile       ejabberd_suite.privacy_deny_sub_both_slave.42434.html
=started       2024-12-18 20:47:39
=ended         2024-12-18 20:47:40
=result        ok
=elapsed       1.170641s
=case          ejabberd_SUITE:end_per_group
=logfile       ejabberd_suite.end_per_group.42498.html
=group_props   [{name,privacy_deny_sub_both},parallel]
=started       2024-12-18 20:47:40
=ended         2024-12-18 20:47:40
=result        ok
=elapsed       0.000004s
=group_time    1.234s
=case          ejabberd_SUITE:init_per_group
=logfile       ejabberd_suite.init_per_group.36035.html
=group_props   [{name,privacy_deny_sub_from},parallel]
=started       2024-12-18 20:47:40
=ended         2024-12-18 20:47:40
=result        ok
=elapsed       0.000003s
=case          ejabberd_SUITE:privacy_deny_sub_from_master
=logfile       ejabberd_suite.privacy_deny_sub_from_master.36067.html
=started       2024-12-18 20:47:40
=ended         2024-12-18 20:47:42
=result        ok
=elapsed       1.164210s
=case          ejabberd_SUITE:privacy_deny_sub_from_slave
=logfile       ejabberd_suite.privacy_deny_sub_from_slave.36099.html
=started       2024-12-18 20:47:40
=ended         2024-12-18 20:47:42
=result        ok
=elapsed       1.159414s
=case          ejabberd_SUITE:end_per_group
=logfile       ejabberd_suite.end_per_group.42722.html
=group_props   [{name,privacy_deny_sub_from},parallel]
=started       2024-12-18 20:47:42
=ended         2024-12-18 20:47:42
=result        ok
=elapsed       0.000002s
=group_time    1.224s
=case          ejabberd_SUITE:init_per_group
=logfile       ejabberd_suite.init_per_group.42754.html
=group_props   [{name,privacy_deny_sub_to},parallel]
=started       2024-12-18 20:47:42
=ended         2024-12-18 20:47:42
=result        ok
=elapsed       0.000002s
=case          ejabberd_SUITE:privacy_deny_sub_to_master
=logfile       ejabberd_suite.privacy_deny_sub_to_master.42786.html
=started       2024-12-18 20:47:42
=ended         2024-12-18 20:47:43
=result        ok
=elapsed       1.172856s
=case          ejabberd_SUITE:privacy_deny_sub_to_slave
=logfile       ejabberd_suite.privacy_deny_sub_to_slave.42818.html
=started       2024-12-18 20:47:42
=ended         2024-12-18 20:47:43
=result        ok
=elapsed       1.170818s
=case          ejabberd_SUITE:end_per_group
=logfile       ejabberd_suite.end_per_group.27684.html
=group_props   [{name,privacy_deny_sub_to},parallel]
=started       2024-12-18 20:47:43
=ended         2024-12-18 20:47:43
=result        ok
=elapsed       0.000003s
=group_time    1.234s
=case          ejabberd_SUITE:init_per_group
=logfile       ejabberd_suite.init_per_group.7173.html
=group_props   [{name,privacy_deny_sub_none},parallel]
=started       2024-12-18 20:47:43
=ended         2024-12-18 20:47:43
=result        ok
=elapsed       0.000003s
=case          ejabberd_SUITE:privacy_deny_sub_none_master
=logfile       ejabberd_suite.privacy_deny_sub_none_master.7205.html
=started       2024-12-18 20:47:43
=ended         2024-12-18 20:47:44
=result        ok
=elapsed       1.162622s
=case          ejabberd_SUITE:privacy_deny_sub_none_slave
=logfile       ejabberd_suite.privacy_deny_sub_none_slave.7237.html
=started       2024-12-18 20:47:43
=ended         2024-12-18 20:47:44
=result        ok
=elapsed       1.158907s
=case          ejabberd_SUITE:end_per_group
=logfile       ejabberd_suite.end_per_group.27716.html
=group_props   [{name,privacy_deny_sub_none},parallel]
=started       2024-12-18 20:47:44
=ended         2024-12-18 20:47:44
=result        ok
=elapsed       0.000003s
=group_time    1.224s
=case          ejabberd_SUITE:init_per_group
=logfile       ejabberd_suite.init_per_group.27748.html
=group_props   [{name,privacy_deny_all},parallel]
=started       2024-12-18 20:47:44
=ended         2024-12-18 20:47:44
=result        ok
=elapsed       0.000003s
=case          ejabberd_SUITE:privacy_deny_all_master
=logfile       ejabberd_suite.privacy_deny_all_master.27780.html
=started       2024-12-18 20:47:44
=ended         2024-12-18 20:47:45
=result        ok
=elapsed       1.165540s
=case          ejabberd_SUITE:privacy_deny_all_slave
=logfile       ejabberd_suite.privacy_deny_all_slave.27812.html
=started       2024-12-18 20:47:44
=ended         2024-12-18 20:47:45
=result        ok
=elapsed       1.162939s
=case          ejabberd_SUITE:end_per_group
=logfile       ejabberd_suite.end_per_group.27908.html
=group_props   [{name,privacy_deny_all},parallel]
=started       2024-12-18 20:47:45
=ended         2024-12-18 20:47:45
=result        ok
=elapsed       0.000002s
=group_time    1.226s
=case          ejabberd_SUITE:init_per_group
=logfile       ejabberd_suite.init_per_group.27940.html
=group_props   [{name,privacy_deny_offline},parallel]
=started       2024-12-18 20:47:45
=ended         2024-12-18 20:47:45
=result        ok
=elapsed       0.000003s
=case          ejabberd_SUITE:privacy_deny_offline_master
=logfile       ejabberd_suite.privacy_deny_offline_master.27972.html
=started       2024-12-18 20:47:45
=ended         2024-12-18 20:47:46
=result        ok
=elapsed       0.250786s
=case          ejabberd_SUITE:privacy_deny_offline_slave
=logfile       ejabberd_suite.privacy_deny_offline_slave.28004.html
=started       2024-12-18 20:47:45
=ended         2024-12-18 20:47:46
=result        ok
=elapsed       0.352452s
=case          ejabberd_SUITE:end_per_group
=logfile       ejabberd_suite.end_per_group.36419.html
=group_props   [{name,privacy_deny_offline},parallel]
=started       2024-12-18 20:47:46
=ended         2024-12-18 20:47:46
=result        ok
=elapsed       0.000003s
=group_time    0.414s
=case          ejabberd_SUITE:init_per_group
=logfile       ejabberd_suite.init_per_group.36451.html
=group_props   [{name,privacy_block},parallel]
=started       2024-12-18 20:47:46
=ended         2024-12-18 20:47:46
=result        ok
=elapsed       0.000003s
=case          ejabberd_SUITE:privacy_block_master
=logfile       ejabberd_suite.privacy_block_master.36483.html
=started       2024-12-18 20:47:46
=ended         2024-12-18 20:47:46
=result        ok
=elapsed       0.437484s
=case          ejabberd_SUITE:privacy_block_slave
=logfile       ejabberd_suite.privacy_block_slave.36515.html
=started       2024-12-18 20:47:46
=ended         2024-12-18 20:47:46
=result        ok
=elapsed       0.435710s
=case          ejabberd_SUITE:end_per_group
=logfile       ejabberd_suite.end_per_group.36643.html
=group_props   [{name,privacy_block},parallel]
=started       2024-12-18 20:47:46
=ended         2024-12-18 20:47:46
=result        ok
=elapsed       0.000003s
=group_time    0.498s
=case          ejabberd_SUITE:init_per_group
=logfile       ejabberd_suite.init_per_group.36675.html
=group_props   [{name,privacy_unblock},parallel]
=started       2024-12-18 20:47:46
=ended         2024-12-18 20:47:46
=result        ok
=elapsed       0.000003s
=case          ejabberd_SUITE:privacy_unblock_master
=logfile       ejabberd_suite.privacy_unblock_master.36707.html
=started       2024-12-18 20:47:46
=ended         2024-12-18 20:47:47
=result        ok
=elapsed       0.216153s
=case          ejabberd_SUITE:privacy_unblock_slave
=logfile       ejabberd_suite.privacy_unblock_slave.7493.html
=started       2024-12-18 20:47:46
=ended         2024-12-18 20:47:47
=result        ok
=elapsed       0.213103s
=case          ejabberd_SUITE:end_per_group
=logfile       ejabberd_suite.end_per_group.7557.html
=group_props   [{name,privacy_unblock},parallel]
=started       2024-12-18 20:47:47
=ended         2024-12-18 20:47:47
=result        ok
=elapsed       0.000002s
=group_time    0.278s
=case          ejabberd_SUITE:init_per_group
=logfile       ejabberd_suite.init_per_group.7589.html
=group_props   [{name,privacy_unblock_all},parallel]
=started       2024-12-18 20:47:47
=ended         2024-12-18 20:47:47
=result        ok
=elapsed       0.000003s
=case          ejabberd_SUITE:privacy_unblock_all_master
=logfile       ejabberd_suite.privacy_unblock_all_master.7621.html
=started       2024-12-18 20:47:47
=ended         2024-12-18 20:47:47
=result        ok
=elapsed       0.207700s
=case          ejabberd_SUITE:privacy_unblock_all_slave
=logfile       ejabberd_suite.privacy_unblock_all_slave.7653.html
=started       2024-12-18 20:47:47
=ended         2024-12-18 20:47:47
=result        ok
=elapsed       0.204711s
=case          ejabberd_SUITE:end_per_group
=logfile       ejabberd_suite.end_per_group.7749.html
=group_props   [{name,privacy_unblock_all},parallel]
=started       2024-12-18 20:47:47
=ended         2024-12-18 20:47:47
=result        ok
=elapsed       0.000003s
=group_time    0.269s
=case          ejabberd_SUITE:end_per_group
=logfile       ejabberd_suite.end_per_group.7781.html
=group_props   [{name,privacy_master_slave},sequence]
=started       2024-12-18 20:47:47
=ended         2024-12-18 20:47:47
=result        ok
=elapsed       0.000003s
=group_time    14.108s
=case          ejabberd_SUITE:init_per_group
=logfile       ejabberd_suite.init_per_group.7813.html
=group_props   [{name,pubsub_master_slave},sequence]
=started       2024-12-18 20:47:47
=ended         2024-12-18 20:47:47
=result        ok
=elapsed       0.000003s
=case          ejabberd_SUITE:init_per_group
=logfile       ejabberd_suite.init_per_group.7845.html
=group_props   [{name,pubsub_publish},parallel]
=started       2024-12-18 20:47:47
=ended         2024-12-18 20:47:47
=result        ok
=elapsed       0.000001s
=case          ejabberd_SUITE:pubsub_publish_master
=logfile       ejabberd_suite.pubsub_publish_master.7877.html
=started       2024-12-18 20:47:47
=ended         2024-12-18 20:47:47
=result        ok
=elapsed       0.126151s
=case          ejabberd_SUITE:pubsub_publish_slave
=logfile       ejabberd_suite.pubsub_publish_slave.28132.html
=started       2024-12-18 20:47:47
=ended         2024-12-18 20:47:47
=result        ok
=elapsed       0.123210s
=case          ejabberd_SUITE:end_per_group
=logfile       ejabberd_suite.end_per_group.7941.html
=group_props   [{name,pubsub_publish},parallel]
=started       2024-12-18 20:47:47
=ended         2024-12-18 20:47:47
=result        ok
=elapsed       0.000002s
=group_time    0.187s
=case          ejabberd_SUITE:init_per_group
=logfile       ejabberd_suite.init_per_group.7973.html
=group_props   [{name,pubsub_subscriptions},parallel]
=started       2024-12-18 20:47:47
=ended         2024-12-18 20:47:47
=result        ok
=elapsed       0.000003s
=case          ejabberd_SUITE:pubsub_subscriptions_master
=logfile       ejabberd_suite.pubsub_subscriptions_master.8005.html
=started       2024-12-18 20:47:47
=ended         2024-12-18 20:47:47
=result        ok
=elapsed       0.147028s
=case          ejabberd_SUITE:pubsub_subscriptions_slave
=logfile       ejabberd_suite.pubsub_subscriptions_slave.8037.html
=started       2024-12-18 20:47:47
=ended         2024-12-18 20:47:47
=result        ok
=elapsed       0.142878s
=case          ejabberd_SUITE:end_per_group
=logfile       ejabberd_suite.end_per_group.8133.html
=group_props   [{name,pubsub_subscriptions},parallel]
=started       2024-12-18 20:47:47
=ended         2024-12-18 20:47:47
=result        ok
=elapsed       0.000005s
=group_time    0.211s
=case          ejabberd_SUITE:init_per_group
=logfile       ejabberd_suite.init_per_group.28260.html
=group_props   [{name,pubsub_affiliations},parallel]
=started       2024-12-18 20:47:47
=ended         2024-12-18 20:47:47
=result        ok
=elapsed       0.000003s
=case          ejabberd_SUITE:pubsub_affiliations_master
=logfile       ejabberd_suite.pubsub_affiliations_master.28292.html
=started       2024-12-18 20:47:47
=ended         2024-12-18 20:47:49
=result        ok
=elapsed       1.709740s
=case          ejabberd_SUITE:pubsub_affiliations_slave
=logfile       ejabberd_suite.pubsub_affiliations_slave.28324.html
=started       2024-12-18 20:47:47
=ended         2024-12-18 20:47:49
=result        ok
=elapsed       1.724799s
=case          ejabberd_SUITE:end_per_group
=logfile       ejabberd_suite.end_per_group.28388.html
=group_props   [{name,pubsub_affiliations},parallel]
=started       2024-12-18 20:47:49
=ended         2024-12-18 20:47:49
=result        ok
=elapsed       0.000007s
=group_time    1.787s
=case          ejabberd_SUITE:init_per_group
=logfile       ejabberd_suite.init_per_group.43074.html
=group_props   [{name,pubsub_authorize},parallel]
=started       2024-12-18 20:47:49
=ended         2024-12-18 20:47:49
=result        ok
=elapsed       0.000004s
=case          ejabberd_SUITE:pubsub_authorize_master
=logfile       ejabberd_suite.pubsub_authorize_master.43106.html
=started       2024-12-18 20:47:49
=ended         2024-12-18 20:47:50
=result        ok
=elapsed       0.212295s
=case          ejabberd_SUITE:pubsub_authorize_slave
=logfile       ejabberd_suite.pubsub_authorize_slave.8261.html
=started       2024-12-18 20:47:49
=ended         2024-12-18 20:47:49
=result        ok
=elapsed       0.166571s
=case          ejabberd_SUITE:end_per_group
=logfile       ejabberd_suite.end_per_group.8357.html
=group_props   [{name,pubsub_authorize},parallel]
=started       2024-12-18 20:47:50
=ended         2024-12-18 20:47:50
=result        ok
=elapsed       0.000007s
=group_time    0.274s
=case          ejabberd_SUITE:end_per_group
=logfile       ejabberd_suite.end_per_group.43138.html
=group_props   [{name,pubsub_master_slave},sequence]
=started       2024-12-18 20:47:50
=ended         2024-12-18 20:47:50
=result        ok
=elapsed       0.000008s
=group_time    2.583s
=case          ejabberd_SUITE:init_per_group
=logfile       ejabberd_suite.init_per_group.43170.html
=group_props   [{name,roster_master_slave},sequence]
=started       2024-12-18 20:47:50
=ended         2024-12-18 20:47:50
=result        ok
=elapsed       0.000004s
=case          ejabberd_SUITE:init_per_group
=logfile       ejabberd_suite.init_per_group.43202.html
=group_props   [{name,roster_subscribe},parallel]
=started       2024-12-18 20:47:50
=ended         2024-12-18 20:47:50
=result        ok
=elapsed       0.000003s
=case          ejabberd_SUITE:roster_subscribe_master
=logfile       ejabberd_suite.roster_subscribe_master.43234.html
=started       2024-12-18 20:47:50
=ended         2024-12-18 20:48:03
=result        ok
=elapsed       13.019398s
=case          ejabberd_SUITE:roster_subscribe_slave
=logfile       ejabberd_suite.roster_subscribe_slave.43266.html
=started       2024-12-18 20:47:50
=ended         2024-12-18 20:48:03
=result        ok
=elapsed       13.018949s
=case          ejabberd_SUITE:end_per_group
=logfile       ejabberd_suite.end_per_group.38499.html
=group_props   [{name,roster_subscribe},parallel]
=started       2024-12-18 20:48:03
=ended         2024-12-18 20:48:03
=result        ok
=elapsed       0.000010s
=group_time    13.082s
=case          ejabberd_SUITE:end_per_group
=logfile       ejabberd_suite.end_per_group.38531.html
=group_props   [{name,roster_master_slave},sequence]
=started       2024-12-18 20:48:03
=ended         2024-12-18 20:48:03
=result        ok
=elapsed       0.000008s
=group_time    13.133s
=case          ejabberd_SUITE:init_per_group
=logfile       ejabberd_suite.init_per_group.44290.html
=group_props   [{name,offline_master_slave},sequence]
=started       2024-12-18 20:48:03
=ended         2024-12-18 20:48:03
=result        ok
=elapsed       0.000004s
=case          ejabberd_SUITE:init_per_group
=logfile       ejabberd_suite.init_per_group.44322.html
=group_props   [{name,offline_flex},parallel]
=started       2024-12-18 20:48:03
=ended         2024-12-18 20:48:03
=result        ok
=elapsed       0.000002s
=case          ejabberd_SUITE:offline_flex_master
=logfile       ejabberd_suite.offline_flex_master.29348.html
=started       2024-12-18 20:48:03
=ended         2024-12-18 20:48:03
=result        ok
=elapsed       0.206327s
=case          ejabberd_SUITE:offline_flex_slave
=logfile       ejabberd_suite.offline_flex_slave.29380.html
=started       2024-12-18 20:48:03
=ended         2024-12-18 20:48:03
=result        ok
=elapsed       0.332893s
=case          ejabberd_SUITE:end_per_group
=logfile       ejabberd_suite.end_per_group.29444.html
=group_props   [{name,offline_flex},parallel]
=started       2024-12-18 20:48:03
=ended         2024-12-18 20:48:03
=result        ok
=elapsed       0.000003s
=group_time    0.394s
=case          ejabberd_SUITE:init_per_group
=logfile       ejabberd_suite.init_per_group.44418.html
=group_props   [{name,offline_send_all},parallel]
=started       2024-12-18 20:48:03
=ended         2024-12-18 20:48:03
=result        ok
=elapsed       0.000003s
=case          ejabberd_SUITE:offline_send_all_master
=logfile       ejabberd_suite.offline_send_all_master.44450.html
=started       2024-12-18 20:48:03
=ended         2024-12-18 20:48:17
=result        ok
=elapsed       13.708512s
=case          ejabberd_SUITE:offline_send_all_slave
=logfile       ejabberd_suite.offline_send_all_slave.44482.html
=started       2024-12-18 20:48:03
=ended         2024-12-18 20:48:17
=result        ok
=elapsed       13.859285s
=case          ejabberd_SUITE:end_per_group
=logfile       ejabberd_suite.end_per_group.38595.html
=group_props   [{name,offline_send_all},parallel]
=started       2024-12-18 20:48:17
=ended         2024-12-18 20:48:17
=result        ok
=elapsed       0.000004s
=group_time    13.921s
=case          ejabberd_SUITE:init_per_group
=logfile       ejabberd_suite.init_per_group.38627.html
=group_props   [{name,offline_from_mam},parallel]
=started       2024-12-18 20:48:17
=ended         2024-12-18 20:48:17
=result        ok
=elapsed       0.000003s
=case          ejabberd_SUITE:offline_from_mam_master
=logfile       ejabberd_suite.offline_from_mam_master.38659.html
=started       2024-12-18 20:48:17
=ended         2024-12-18 20:48:31
=result        ok
=elapsed       13.804250s
=case          ejabberd_SUITE:offline_from_mam_slave
=logfile       ejabberd_suite.offline_from_mam_slave.38691.html
=started       2024-12-18 20:48:17
=ended         2024-12-18 20:48:31
=result        ok
=elapsed       13.990810s
=case          ejabberd_SUITE:end_per_group
=logfile       ejabberd_suite.end_per_group.44674.html
=group_props   [{name,offline_from_mam},parallel]
=started       2024-12-18 20:48:31
=ended         2024-12-18 20:48:31
=result        ok
=elapsed       0.000003s
=group_time    14.053s
=case          ejabberd_SUITE:init_per_group
=logfile       ejabberd_suite.init_per_group.44706.html
=group_props   [{name,offline_mucsub_mam},parallel]
=started       2024-12-18 20:48:31
=ended         2024-12-18 20:48:31
=result        ok
=elapsed       0.000003s
=case          ejabberd_SUITE:offline_mucsub_mam_master
=logfile       ejabberd_suite.offline_mucsub_mam_master.44738.html
=started       2024-12-18 20:48:31
=ended         2024-12-18 20:48:32
=result        ok
=elapsed       0.259103s
=case          ejabberd_SUITE:offline_mucsub_mam_slave
=logfile       ejabberd_suite.offline_mucsub_mam_slave.44770.html
=started       2024-12-18 20:48:31
=ended         2024-12-18 20:48:32
=result        ok
=elapsed       0.257442s
=case          ejabberd_SUITE:end_per_group
=logfile       ejabberd_suite.end_per_group.29636.html
=group_props   [{name,offline_mucsub_mam},parallel]
=started       2024-12-18 20:48:32
=ended         2024-12-18 20:48:32
=result        ok
=elapsed       0.000003s
=group_time    0.322s
=case          ejabberd_SUITE:end_per_group
=logfile       ejabberd_suite.end_per_group.38755.html
=group_props   [{name,offline_master_slave},sequence]
=started       2024-12-18 20:48:32
=ended         2024-12-18 20:48:32
=result        ok
=elapsed       0.000003s
=group_time    28.814s
=case          ejabberd_SUITE:init_per_group
=logfile       ejabberd_suite.init_per_group.38787.html
=group_props   [{name,mam_master_slave},sequence]
=started       2024-12-18 20:48:32
=ended         2024-12-18 20:48:32
=result        ok
=elapsed       0.000025s
=case          ejabberd_SUITE:init_per_group
=logfile       ejabberd_suite.init_per_group.38819.html
=group_props   [{name,mam_archived_and_stanza_id},parallel]
=started       2024-12-18 20:48:32
=ended         2024-12-18 20:48:32
=result        ok
=elapsed       0.000003s
=case          ejabberd_SUITE:mam_archived_and_stanza_id_master
=logfile       ejabberd_suite.mam_archived_and_stanza_id_master.38851.html
=started       2024-12-18 20:48:32
=ended         2024-12-18 20:48:32
=result        ok
=elapsed       0.162522s
=case          ejabberd_SUITE:mam_archived_and_stanza_id_slave
=logfile       ejabberd_suite.mam_archived_and_stanza_id_slave.38883.html
=started       2024-12-18 20:48:32
=ended         2024-12-18 20:48:32
=result        ok
=elapsed       0.169537s
=case          ejabberd_SUITE:end_per_group
=logfile       ejabberd_suite.end_per_group.9669.html
=group_props   [{name,mam_archived_and_stanza_id},parallel]
=started       2024-12-18 20:48:32
=ended         2024-12-18 20:48:32
=result        ok
=elapsed       0.000009s
=group_time    0.231s
=case          ejabberd_SUITE:init_per_group
=logfile       ejabberd_suite.init_per_group.9701.html
=group_props   [{name,mam_query_all},parallel]
=started       2024-12-18 20:48:32
=ended         2024-12-18 20:48:32
=result        ok
=elapsed       0.000006s
=case          ejabberd_SUITE:mam_query_all_master
=logfile       ejabberd_suite.mam_query_all_master.9733.html
=started       2024-12-18 20:48:32
=ended         2024-12-18 20:48:32
=result        ok
=elapsed       0.195583s
=case          ejabberd_SUITE:mam_query_all_slave
=logfile       ejabberd_suite.mam_query_all_slave.38915.html
=started       2024-12-18 20:48:32
=ended         2024-12-18 20:48:32
=result        ok
=elapsed       0.197451s
=case          ejabberd_SUITE:end_per_group
=logfile       ejabberd_suite.end_per_group.38979.html
=group_props   [{name,mam_query_all},parallel]
=started       2024-12-18 20:48:32
=ended         2024-12-18 20:48:32
=result        ok
=elapsed       0.000010s
=group_time    0.259s
=case          ejabberd_SUITE:init_per_group
=logfile       ejabberd_suite.init_per_group.39011.html
=group_props   [{name,mam_query_with},parallel]
=started       2024-12-18 20:48:32
=ended         2024-12-18 20:48:32
=result        ok
=elapsed       0.000002s
=case          ejabberd_SUITE:mam_query_with_master
=logfile       ejabberd_suite.mam_query_with_master.39043.html
=started       2024-12-18 20:48:32
=ended         2024-12-18 20:48:32
=result        ok
=elapsed       0.210300s
=case          ejabberd_SUITE:mam_query_with_slave
=logfile       ejabberd_suite.mam_query_with_slave.39075.html
=started       2024-12-18 20:48:32
=ended         2024-12-18 20:48:32
=result        ok
=elapsed       0.213638s
=case          ejabberd_SUITE:end_per_group
=logfile       ejabberd_suite.end_per_group.39171.html
=group_props   [{name,mam_query_with},parallel]
=started       2024-12-18 20:48:32
=ended         2024-12-18 20:48:32
=result        ok
=elapsed       0.000003s
=group_time    0.272s
=case          ejabberd_SUITE:init_per_group
=logfile       ejabberd_suite.init_per_group.39203.html
=group_props   [{name,mam_query_rsm_max},parallel]
=started       2024-12-18 20:48:32
=ended         2024-12-18 20:48:32
=result        ok
=elapsed       0.000003s
=case          ejabberd_SUITE:mam_query_rsm_max_master
=logfile       ejabberd_suite.mam_query_rsm_max_master.44930.html
=started       2024-12-18 20:48:32
=ended         2024-12-18 20:48:33
=result        ok
=elapsed       0.261797s
=case          ejabberd_SUITE:mam_query_rsm_max_slave
=logfile       ejabberd_suite.mam_query_rsm_max_slave.44962.html
=started       2024-12-18 20:48:32
=ended         2024-12-18 20:48:33
=result        ok
=elapsed       0.272196s
=case          ejabberd_SUITE:end_per_group
=logfile       ejabberd_suite.end_per_group.45026.html
=group_props   [{name,mam_query_rsm_max},parallel]
=started       2024-12-18 20:48:33
=ended         2024-12-18 20:48:33
=result        ok
=elapsed       0.000009s
=group_time    0.332s
=case          ejabberd_SUITE:init_per_group
=logfile       ejabberd_suite.init_per_group.45058.html
=group_props   [{name,mam_query_rsm_after},parallel]
=started       2024-12-18 20:48:33
=ended         2024-12-18 20:48:33
=result        ok
=elapsed       0.000003s
=case          ejabberd_SUITE:mam_query_rsm_after_master
=logfile       ejabberd_suite.mam_query_rsm_after_master.39299.html
=started       2024-12-18 20:48:33
=ended         2024-12-18 20:48:33
=result        ok
=elapsed       0.242121s
=case          ejabberd_SUITE:mam_query_rsm_after_slave
=logfile       ejabberd_suite.mam_query_rsm_after_slave.39331.html
=started       2024-12-18 20:48:33
=ended         2024-12-18 20:48:33
=result        ok
=elapsed       0.242047s
=case          ejabberd_SUITE:end_per_group
=logfile       ejabberd_suite.end_per_group.45154.html
=group_props   [{name,mam_query_rsm_after},parallel]
=started       2024-12-18 20:48:33
=ended         2024-12-18 20:48:33
=result        ok
=elapsed       0.000009s
=group_time    0.305s
=case          ejabberd_SUITE:init_per_group
=logfile       ejabberd_suite.init_per_group.45186.html
=group_props   [{name,mam_query_rsm_before},parallel]
=started       2024-12-18 20:48:33
=ended         2024-12-18 20:48:33
=result        ok
=elapsed       0.000003s
=case          ejabberd_SUITE:mam_query_rsm_before_master
=logfile       ejabberd_suite.mam_query_rsm_before_master.45218.html
=started       2024-12-18 20:48:33
=ended         2024-12-18 20:48:33
=result        ok
=elapsed       0.263970s
=case          ejabberd_SUITE:mam_query_rsm_before_slave
=logfile       ejabberd_suite.mam_query_rsm_before_slave.45250.html
=started       2024-12-18 20:48:33
=ended         2024-12-18 20:48:33
=result        ok
=elapsed       0.258221s
=case          ejabberd_SUITE:end_per_group
=logfile       ejabberd_suite.end_per_group.45314.html
=group_props   [{name,mam_query_rsm_before},parallel]
=started       2024-12-18 20:48:33
=ended         2024-12-18 20:48:33
=result        ok
=elapsed       0.000008s
=group_time    0.325s
=case          ejabberd_SUITE:init_per_group
=logfile       ejabberd_suite.init_per_group.45346.html
=group_props   [{name,mam_muc},parallel]
=started       2024-12-18 20:48:33
=ended         2024-12-18 20:48:33
=result        ok
=elapsed       0.000003s
=case          ejabberd_SUITE:mam_muc_master
=logfile       ejabberd_suite.mam_muc_master.45378.html
=started       2024-12-18 20:48:33
=ended         2024-12-18 20:48:34
=result        ok
=elapsed       0.169072s
=case          ejabberd_SUITE:mam_muc_slave
=logfile       ejabberd_suite.mam_muc_slave.45410.html
=started       2024-12-18 20:48:33
=ended         2024-12-18 20:48:34
=result        ok
=elapsed       0.164428s
=case          ejabberd_SUITE:end_per_group
=logfile       ejabberd_suite.end_per_group.39491.html
=group_props   [{name,mam_muc},parallel]
=started       2024-12-18 20:48:34
=ended         2024-12-18 20:48:34
=result        ok
=elapsed       0.000003s
=group_time    0.230s
=case          ejabberd_SUITE:init_per_group
=logfile       ejabberd_suite.init_per_group.39523.html
=group_props   [{name,mam_mucsub},parallel]
=started       2024-12-18 20:48:34
=ended         2024-12-18 20:48:34
=result        ok
=elapsed       0.000003s
=case          ejabberd_SUITE:mam_mucsub_master
=logfile       ejabberd_suite.mam_mucsub_master.9893.html
=started       2024-12-18 20:48:34
=ended         2024-12-18 20:48:34
=result        ok
=elapsed       0.160362s
=case          ejabberd_SUITE:mam_mucsub_slave
=logfile       ejabberd_suite.mam_mucsub_slave.9925.html
=started       2024-12-18 20:48:34
=ended         2024-12-18 20:48:34
=result        ok
=elapsed       0.159156s
=case          ejabberd_SUITE:end_per_group
=logfile       ejabberd_suite.end_per_group.9957.html
=group_props   [{name,mam_mucsub},parallel]
=started       2024-12-18 20:48:34
=ended         2024-12-18 20:48:34
=result        ok
=elapsed       0.000003s
=group_time    0.222s
=case          ejabberd_SUITE:init_per_group
=logfile       ejabberd_suite.init_per_group.9989.html
=group_props   [{name,mam_mucsub_from_muc},parallel]
=started       2024-12-18 20:48:34
=ended         2024-12-18 20:48:34
=result        ok
=elapsed       0.000003s
=case          ejabberd_SUITE:mam_mucsub_from_muc_master
=logfile       ejabberd_suite.mam_mucsub_from_muc_master.10021.html
=started       2024-12-18 20:48:34
=ended         2024-12-18 20:48:34
=result        ok
=elapsed       0.153581s
=case          ejabberd_SUITE:mam_mucsub_from_muc_slave
=logfile       ejabberd_suite.mam_mucsub_from_muc_slave.45602.html
=started       2024-12-18 20:48:34
=ended         2024-12-18 20:48:34
=result        ok
=elapsed       0.149086s
=case          ejabberd_SUITE:end_per_group
=logfile       ejabberd_suite.end_per_group.10085.html
=group_props   [{name,mam_mucsub_from_muc},parallel]
=started       2024-12-18 20:48:34
=ended         2024-12-18 20:48:34
=result        ok
=elapsed       0.000006s
=group_time    0.214s
=case          ejabberd_SUITE:init_per_group
=logfile       ejabberd_suite.init_per_group.45698.html
=group_props   [{name,mam_mucsub_from_muc_non_persistent},parallel]
=started       2024-12-18 20:48:34
=ended         2024-12-18 20:48:34
=result        ok
=elapsed       0.000003s
=case          ejabberd_SUITE:mam_mucsub_from_muc_non_persistent_master
=logfile       ejabberd_suite.mam_mucsub_from_muc_non_persistent_master.45730.html
=started       2024-12-18 20:48:34
=ended         2024-12-18 20:48:34
=result        ok
=elapsed       0.147426s
=case          ejabberd_SUITE:mam_mucsub_from_muc_non_persistent_slave
=logfile       ejabberd_suite.mam_mucsub_from_muc_non_persistent_slave.45762.html
=started       2024-12-18 20:48:34
=ended         2024-12-18 20:48:34
=result        ok
=elapsed       0.147917s
=case          ejabberd_SUITE:end_per_group
=logfile       ejabberd_suite.end_per_group.45858.html
=group_props   [{name,mam_mucsub_from_muc_non_persistent},parallel]
=started       2024-12-18 20:48:34
=ended         2024-12-18 20:48:34
=result        ok
=elapsed       0.000011s
=group_time    0.213s
=case          ejabberd_SUITE:end_per_group
=logfile       ejabberd_suite.end_per_group.45890.html
=group_props   [{name,mam_master_slave},sequence]
=started       2024-12-18 20:48:34
=ended         2024-12-18 20:48:34
=result        ok
=elapsed       0.000003s
=group_time    2.880s
=case          ejabberd_SUITE:init_per_group
=logfile       ejabberd_suite.init_per_group.45922.html
=group_props   [{name,announce_master_slave},sequence]
=started       2024-12-18 20:48:34
=ended         2024-12-18 20:48:34
=result        ok
=elapsed       0.000003s
=case          ejabberd_SUITE:init_per_group
=logfile       ejabberd_suite.init_per_group.10213.html
=group_props   [{name,announce_set_motd},parallel]
=started       2024-12-18 20:48:34
=ended         2024-12-18 20:48:35
=result        ok
=elapsed       0.000002s
=case          ejabberd_SUITE:announce_set_motd_master
=logfile       ejabberd_suite.announce_set_motd_master.10277.html
=started       2024-12-18 20:48:35
=ended         2024-12-18 20:48:35
=result        ok
=elapsed       0.116462s
=case          ejabberd_SUITE:announce_set_motd_slave
=logfile       ejabberd_suite.announce_set_motd_slave.10245.html
=started       2024-12-18 20:48:35
=ended         2024-12-18 20:48:35
=result        ok
=elapsed       0.117082s
=case          ejabberd_SUITE:end_per_group
=logfile       ejabberd_suite.end_per_group.10341.html
=group_props   [{name,announce_set_motd},parallel]
=started       2024-12-18 20:48:35
=ended         2024-12-18 20:48:35
=result        ok
=elapsed       0.000003s
=group_time    0.179s
=case          ejabberd_SUITE:end_per_group
=logfile       ejabberd_suite.end_per_group.10373.html
=group_props   [{name,announce_master_slave},sequence]
=started       2024-12-18 20:48:35
=ended         2024-12-18 20:48:35
=result        ok
=elapsed       0.000002s
=group_time    0.229s
=case          ejabberd_SUITE:init_per_group
=logfile       ejabberd_suite.init_per_group.10405.html
=group_props   [{name,push_master_slave},sequence]
=started       2024-12-18 20:48:35
=ended         2024-12-18 20:48:35
=result        ok
=elapsed       0.000003s
=case          ejabberd_SUITE:init_per_group
=logfile       ejabberd_suite.init_per_group.10437.html
=group_props   [{name,push_sm},parallel]
=started       2024-12-18 20:48:35
=ended         2024-12-18 20:48:35
=result        ok
=elapsed       0.000002s
=case          ejabberd_SUITE:push_sm_master
=logfile       ejabberd_suite.push_sm_master.10469.html
=started       2024-12-18 20:48:35
=ended         2024-12-18 20:48:43
=result        ok
=elapsed       8.116323s
=case          ejabberd_SUITE:push_sm_slave
=logfile       ejabberd_suite.push_sm_slave.10501.html
=started       2024-12-18 20:48:35
=ended         2024-12-18 20:48:35
=result        ok
=elapsed       0.005720s
=case          ejabberd_SUITE:end_per_group
=logfile       ejabberd_suite.end_per_group.10533.html
=group_props   [{name,push_sm},parallel]
=started       2024-12-18 20:48:43
=ended         2024-12-18 20:48:43
=result        ok
=elapsed       0.000003s
=group_time    8.177s
=case          ejabberd_SUITE:init_per_group
=logfile       ejabberd_suite.init_per_group.39779.html
=group_props   [{name,push_offline},parallel]
=started       2024-12-18 20:48:43
=ended         2024-12-18 20:48:43
=result        ok
=elapsed       0.000003s
=case          ejabberd_SUITE:push_offline_master
=logfile       ejabberd_suite.push_offline_master.39811.html
=started       2024-12-18 20:48:43
=ended         2024-12-18 20:48:43
=result        ok
=elapsed       0.267551s
=case          ejabberd_SUITE:push_offline_slave
=logfile       ejabberd_suite.push_offline_slave.39843.html
=started       2024-12-18 20:48:43
=ended         2024-12-18 20:48:43
=result        ok
=elapsed       0.110846s
=case          ejabberd_SUITE:end_per_group
=logfile       ejabberd_suite.end_per_group.10597.html
=group_props   [{name,push_offline},parallel]
=started       2024-12-18 20:48:43
=ended         2024-12-18 20:48:43
=result        ok
=elapsed       0.000003s
=group_time    0.329s
=case          ejabberd_SUITE:init_per_group
=logfile       ejabberd_suite.init_per_group.10629.html
=group_props   [{name,push_mam},parallel]
=started       2024-12-18 20:48:43
=ended         2024-12-18 20:48:43
=result        ok
=elapsed       0.000003s
=case          ejabberd_SUITE:push_mam_master
=logfile       ejabberd_suite.push_mam_master.10661.html
=started       2024-12-18 20:48:43
=ended         2024-12-18 20:48:44
=result        ok
=elapsed       0.151761s
=case          ejabberd_SUITE:push_mam_slave
=logfile       ejabberd_suite.push_mam_slave.10693.html
=started       2024-12-18 20:48:43
=ended         2024-12-18 20:48:44
=result        ok
=elapsed       0.266382s
=case          ejabberd_SUITE:end_per_group
=logfile       ejabberd_suite.end_per_group.10725.html
=group_props   [{name,push_mam},parallel]
=started       2024-12-18 20:48:44
=ended         2024-12-18 20:48:44
=result        ok
=elapsed       0.000003s
=group_time    0.327s
=case          ejabberd_SUITE:end_per_group
=logfile       ejabberd_suite.end_per_group.10757.html
=group_props   [{name,push_master_slave},sequence]
=started       2024-12-18 20:48:44
=ended         2024-12-18 20:48:44
=result        ok
=elapsed       0.000003s
=group_time    8.934s
=case          ejabberd_SUITE:end_per_group
=logfile       ejabberd_suite.end_per_group.10789.html
=group_props   [{name,mysql},sequence]
=started       2024-12-18 20:48:44
=ended         2024-12-18 20:48:44
=result        ok
=elapsed       0.000992s
=group_time    99.362s
=case          ejabberd_SUITE:init_per_group
=logfile       ejabberd_suite.init_per_group.10821.html
=group_props   [{name,mssql},sequence]
=started       2024-12-18 20:48:44
=ended         2024-12-18 20:48:44
=result        skipped: {disabled_backend,mssql}
=elapsed       0.000001s
=== *** SKIPPED {ejabberd_SUITE,init_per_group} ***
=== 
=case          ejabberd_SUITE:test_register
=group_props   [{name,"single_user"}]
=started       2024-12-18 20:48:44
=result        skipped: {disabled_backend,mssql}
=== *** Skipping test case #866 {ejabberd_SUITE,test_register} ***
=== 
=case          ejabberd_SUITE:test_legacy_auth_feature
=group_props   [{name,"legacy_auth"}]
=started       2024-12-18 20:48:44
=result        skipped: {disabled_backend,mssql}
=== *** Skipping test case #867 {ejabberd_SUITE,test_legacy_auth_feature} ***
=== 
=case          ejabberd_SUITE:test_legacy_auth
=group_props   [{name,"legacy_auth"}]
=started       2024-12-18 20:48:44
=result        skipped: {disabled_backend,mssql}
=== *** Skipping test case #868 {ejabberd_SUITE,test_legacy_auth} ***
=== 
=case          ejabberd_SUITE:test_legacy_auth_digest
=group_props   [{name,"legacy_auth"}]
=started       2024-12-18 20:48:44
=result        skipped: {disabled_backend,mssql}
=== *** Skipping test case #869 {ejabberd_SUITE,test_legacy_auth_digest} ***
=== 
=case          ejabberd_SUITE:test_legacy_auth_no_resource
=group_props   [{name,"legacy_auth"}]
=started       2024-12-18 20:48:44
=result        skipped: {disabled_backend,mssql}
=== *** Skipping test case #870 {ejabberd_SUITE,test_legacy_auth_no_resource} ***
=== 
=case          ejabberd_SUITE:test_legacy_auth_bad_jid
=group_props   [{name,"legacy_auth"}]
=started       2024-12-18 20:48:44
=result        skipped: {disabled_backend,mssql}
=== *** Skipping test case #871 {ejabberd_SUITE,test_legacy_auth_bad_jid} ***
=== 
=case          ejabberd_SUITE:test_legacy_auth_fail
=group_props   [{name,"legacy_auth"}]
=started       2024-12-18 20:48:44
=result        skipped: {disabled_backend,mssql}
=== *** Skipping test case #872 {ejabberd_SUITE,test_legacy_auth_fail} ***
=== 
=case          ejabberd_SUITE:auth_plain
=group_props   [{name,"single_user"}]
=started       2024-12-18 20:48:44
=result        skipped: {disabled_backend,mssql}
=== *** Skipping test case #873 {ejabberd_SUITE,auth_plain} ***
=== 
=case          ejabberd_SUITE:auth_md5
=group_props   [{name,"single_user"}]
=started       2024-12-18 20:48:44
=result        skipped: {disabled_backend,mssql}
=== *** Skipping test case #874 {ejabberd_SUITE,auth_md5} ***
=== 
=case          ejabberd_SUITE:presence_broadcast
=group_props   [{name,"single_user"}]
=started       2024-12-18 20:48:44
=result        skipped: {disabled_backend,mssql}
=== *** Skipping test case #875 {ejabberd_SUITE,presence_broadcast} ***
=== 
=case          ejabberd_SUITE:last
=group_props   [{name,"single_user"}]
=started       2024-12-18 20:48:44
=result        skipped: {disabled_backend,mssql}
=== *** Skipping test case #876 {ejabberd_SUITE,last} ***
=== 
=case          ejabberd_SUITE:webadmin_login_page
=group_props   [{name,"webadmin_single"}]
=started       2024-12-18 20:48:44
=result        skipped: {disabled_backend,mssql}
=== *** Skipping test case #877 {ejabberd_SUITE,webadmin_login_page} ***
=== 
=case          ejabberd_SUITE:webadmin_welcome_page
=group_props   [{name,"webadmin_single"}]
=started       2024-12-18 20:48:44
=result        skipped: {disabled_backend,mssql}
=== *** Skipping test case #878 {ejabberd_SUITE,webadmin_welcome_page} ***
=== 
=case          ejabberd_SUITE:webadmin_user_page
=group_props   [{name,"webadmin_single"}]
=started       2024-12-18 20:48:44
=result        skipped: {disabled_backend,mssql}
=== *** Skipping test case #879 {ejabberd_SUITE,webadmin_user_page} ***
=== 
=case          ejabberd_SUITE:webadmin_adduser
=group_props   [{name,"webadmin_single"}]
=started       2024-12-18 20:48:44
=result        skipped: {disabled_backend,mssql}
=== *** Skipping test case #880 {ejabberd_SUITE,webadmin_adduser} ***
=== 
=case          ejabberd_SUITE:webadmin_changepassword
=group_props   [{name,"webadmin_single"}]
=started       2024-12-18 20:48:44
=result        skipped: {disabled_backend,mssql}
=== *** Skipping test case #881 {ejabberd_SUITE,webadmin_changepassword} ***
=== 
=case          ejabberd_SUITE:webadmin_removeuser
=group_props   [{name,"webadmin_single"}]
=started       2024-12-18 20:48:44
=result        skipped: {disabled_backend,mssql}
=== *** Skipping test case #882 {ejabberd_SUITE,webadmin_removeuser} ***
=== 
=case          ejabberd_SUITE:roster_feature_enabled
=group_props   [{name,"roster_single"}]
=started       2024-12-18 20:48:44
=result        skipped: {disabled_backend,mssql}
=== *** Skipping test case #883 {ejabberd_SUITE,roster_feature_enabled} ***
=== 
=case          ejabberd_SUITE:roster_iq_set_many_items
=group_props   [{name,"roster_single"}]
=started       2024-12-18 20:48:44
=result        skipped: {disabled_backend,mssql}
=== *** Skipping test case #884 {ejabberd_SUITE,roster_iq_set_many_items} ***
=== 
=case          ejabberd_SUITE:roster_iq_set_duplicated_groups
=group_props   [{name,"roster_single"}]
=started       2024-12-18 20:48:44
=result        skipped: {disabled_backend,mssql}
=== *** Skipping test case #885 {ejabberd_SUITE,roster_iq_set_duplicated_groups} ***
=== 
=case          ejabberd_SUITE:roster_iq_get_item
=group_props   [{name,"roster_single"}]
=started       2024-12-18 20:48:44
=result        skipped: {disabled_backend,mssql}
=== *** Skipping test case #886 {ejabberd_SUITE,roster_iq_get_item} ***
=== 
=case          ejabberd_SUITE:roster_iq_unexpected_element
=group_props   [{name,"roster_single"}]
=started       2024-12-18 20:48:44
=result        skipped: {disabled_backend,mssql}
=== *** Skipping test case #887 {ejabberd_SUITE,roster_iq_unexpected_element} ***
=== 
=case          ejabberd_SUITE:roster_iq_set_ask
=group_props   [{name,"roster_single"}]
=started       2024-12-18 20:48:44
=result        skipped: {disabled_backend,mssql}
=== *** Skipping test case #888 {ejabberd_SUITE,roster_iq_set_ask} ***
=== 
=case          ejabberd_SUITE:roster_set_item
=group_props   [{name,"roster_single"}]
=started       2024-12-18 20:48:44
=result        skipped: {disabled_backend,mssql}
=== *** Skipping test case #889 {ejabberd_SUITE,roster_set_item} ***
=== 
=case          ejabberd_SUITE:roster_version
=group_props   [{name,"roster_single"}]
=started       2024-12-18 20:48:44
=result        skipped: {disabled_backend,mssql}
=== *** Skipping test case #890 {ejabberd_SUITE,roster_version} ***
=== 
=case          ejabberd_SUITE:private_test_features
=group_props   [{name,"private_single"}]
=started       2024-12-18 20:48:44
=result        skipped: {disabled_backend,mssql}
=== *** Skipping test case #891 {ejabberd_SUITE,private_test_features} ***
=== 
=case          ejabberd_SUITE:private_test_no_namespace
=group_props   [{name,"private_single"}]
=started       2024-12-18 20:48:44
=result        skipped: {disabled_backend,mssql}
=== *** Skipping test case #892 {ejabberd_SUITE,private_test_no_namespace} ***
=== 
=case          ejabberd_SUITE:private_test_set_get
=group_props   [{name,"private_single"}]
=started       2024-12-18 20:48:44
=result        skipped: {disabled_backend,mssql}
=== *** Skipping test case #893 {ejabberd_SUITE,private_test_set_get} ***
=== 
=case          ejabberd_SUITE:private_test_published
=group_props   [{name,"private_single"}]
=started       2024-12-18 20:48:44
=result        skipped: {disabled_backend,mssql}
=== *** Skipping test case #894 {ejabberd_SUITE,private_test_published} ***
=== 
=case          ejabberd_SUITE:privacy_feature_enabled
=group_props   [{name,"privacy_single"}]
=started       2024-12-18 20:48:44
=result        skipped: {disabled_backend,mssql}
=== *** Skipping test case #895 {ejabberd_SUITE,privacy_feature_enabled} ***
=== 
=case          ejabberd_SUITE:privacy_set_get_list
=group_props   [{name,"privacy_single"}]
=started       2024-12-18 20:48:44
=result        skipped: {disabled_backend,mssql}
=== *** Skipping test case #896 {ejabberd_SUITE,privacy_set_get_list} ***
=== 
=case          ejabberd_SUITE:privacy_get_list_non_existent
=group_props   [{name,"privacy_single"}]
=started       2024-12-18 20:48:44
=result        skipped: {disabled_backend,mssql}
=== *** Skipping test case #897 {ejabberd_SUITE,privacy_get_list_non_existent} ***
=== 
=case          ejabberd_SUITE:privacy_get_empty_lists
=group_props   [{name,"privacy_single"}]
=started       2024-12-18 20:48:44
=result        skipped: {disabled_backend,mssql}
=== *** Skipping test case #898 {ejabberd_SUITE,privacy_get_empty_lists} ***
=== 
=case          ejabberd_SUITE:privacy_set_default
=group_props   [{name,"privacy_single"}]
=started       2024-12-18 20:48:44
=result        skipped: {disabled_backend,mssql}
=== *** Skipping test case #899 {ejabberd_SUITE,privacy_set_default} ***
=== 
=case          ejabberd_SUITE:privacy_del_default
=group_props   [{name,"privacy_single"}]
=started       2024-12-18 20:48:44
=result        skipped: {disabled_backend,mssql}
=== *** Skipping test case #900 {ejabberd_SUITE,privacy_del_default} ***
=== 
=case          ejabberd_SUITE:privacy_set_default_non_existent
=group_props   [{name,"privacy_single"}]
=started       2024-12-18 20:48:44
=result        skipped: {disabled_backend,mssql}
=== *** Skipping test case #901 {ejabberd_SUITE,privacy_set_default_non_existent} ***
=== 
=case          ejabberd_SUITE:privacy_set_active
=group_props   [{name,"privacy_single"}]
=started       2024-12-18 20:48:44
=result        skipped: {disabled_backend,mssql}
=== *** Skipping test case #902 {ejabberd_SUITE,privacy_set_active} ***
=== 
=case          ejabberd_SUITE:privacy_del_active
=group_props   [{name,"privacy_single"}]
=started       2024-12-18 20:48:44
=result        skipped: {disabled_backend,mssql}
=== *** Skipping test case #903 {ejabberd_SUITE,privacy_del_active} ***
=== 
=case          ejabberd_SUITE:privacy_set_active_non_existent
=group_props   [{name,"privacy_single"}]
=started       2024-12-18 20:48:44
=result        skipped: {disabled_backend,mssql}
=== *** Skipping test case #904 {ejabberd_SUITE,privacy_set_active_non_existent} ***
=== 
=case          ejabberd_SUITE:privacy_remove_list
=group_props   [{name,"privacy_single"}]
=started       2024-12-18 20:48:44
=result        skipped: {disabled_backend,mssql}
=== *** Skipping test case #905 {ejabberd_SUITE,privacy_remove_list} ***
=== 
=case          ejabberd_SUITE:privacy_remove_default_list
=group_props   [{name,"privacy_single"}]
=started       2024-12-18 20:48:44
=result        skipped: {disabled_backend,mssql}
=== *** Skipping test case #906 {ejabberd_SUITE,privacy_remove_default_list} ***
=== 
=case          ejabberd_SUITE:privacy_remove_active_list
=group_props   [{name,"privacy_single"}]
=started       2024-12-18 20:48:44
=result        skipped: {disabled_backend,mssql}
=== *** Skipping test case #907 {ejabberd_SUITE,privacy_remove_active_list} ***
=== 
=case          ejabberd_SUITE:privacy_remove_list_non_existent
=group_props   [{name,"privacy_single"}]
=started       2024-12-18 20:48:44
=result        skipped: {disabled_backend,mssql}
=== *** Skipping test case #908 {ejabberd_SUITE,privacy_remove_list_non_existent} ***
=== 
=case          ejabberd_SUITE:privacy_allow_local_server
=group_props   [{name,"privacy_single"}]
=started       2024-12-18 20:48:44
=result        skipped: {disabled_backend,mssql}
=== *** Skipping test case #909 {ejabberd_SUITE,privacy_allow_local_server} ***
=== 
=case          ejabberd_SUITE:privacy_malformed_iq_query
=group_props   [{name,"privacy_single"}]
=started       2024-12-18 20:48:44
=result        skipped: {disabled_backend,mssql}
=== *** Skipping test case #910 {ejabberd_SUITE,privacy_malformed_iq_query} ***
=== 
=case          ejabberd_SUITE:privacy_malformed_get
=group_props   [{name,"privacy_single"}]
=started       2024-12-18 20:48:44
=result        skipped: {disabled_backend,mssql}
=== *** Skipping test case #911 {ejabberd_SUITE,privacy_malformed_get} ***
=== 
=case          ejabberd_SUITE:privacy_malformed_set
=group_props   [{name,"privacy_single"}]
=started       2024-12-18 20:48:44
=result        skipped: {disabled_backend,mssql}
=== *** Skipping test case #912 {ejabberd_SUITE,privacy_malformed_set} ***
=== 
=case          ejabberd_SUITE:privacy_malformed_type_value
=group_props   [{name,"privacy_single"}]
=started       2024-12-18 20:48:44
=result        skipped: {disabled_backend,mssql}
=== *** Skipping test case #913 {ejabberd_SUITE,privacy_malformed_type_value} ***
=== 
=case          ejabberd_SUITE:privacy_set_get_block
=group_props   [{name,"privacy_single"}]
=started       2024-12-18 20:48:44
=result        skipped: {disabled_backend,mssql}
=== *** Skipping test case #914 {ejabberd_SUITE,privacy_set_get_block} ***
=== 
=case          ejabberd_SUITE:vcard_feature_enabled
=group_props   [{name,"vcard_single"}]
=started       2024-12-18 20:48:44
=result        skipped: {disabled_backend,mssql}
=== *** Skipping test case #915 {ejabberd_SUITE,vcard_feature_enabled} ***
=== 
=case          ejabberd_SUITE:vcard_get_set
=group_props   [{name,"vcard_single"}]
=started       2024-12-18 20:48:44
=result        skipped: {disabled_backend,mssql}
=== *** Skipping test case #916 {ejabberd_SUITE,vcard_get_set} ***
=== 
=case          ejabberd_SUITE:vcard_service_vcard
=group_props   [{name,"vcard_single"}]
=started       2024-12-18 20:48:44
=result        skipped: {disabled_backend,mssql}
=== *** Skipping test case #917 {ejabberd_SUITE,vcard_service_vcard} ***
=== 
=case          ejabberd_SUITE:pubsub_test_features
=group_props   [{name,"pubsub_single"}]
=started       2024-12-18 20:48:44
=result        skipped: {disabled_backend,mssql}
=== *** Skipping test case #918 {ejabberd_SUITE,pubsub_test_features} ***
=== 
=case          ejabberd_SUITE:pubsub_test_vcard
=group_props   [{name,"pubsub_single"}]
=started       2024-12-18 20:48:44
=result        skipped: {disabled_backend,mssql}
=== *** Skipping test case #919 {ejabberd_SUITE,pubsub_test_vcard} ***
=== 
=case          ejabberd_SUITE:pubsub_test_create
=group_props   [{name,"pubsub_single"}]
=started       2024-12-18 20:48:44
=result        skipped: {disabled_backend,mssql}
=== *** Skipping test case #920 {ejabberd_SUITE,pubsub_test_create} ***
=== 
=case          ejabberd_SUITE:pubsub_test_configure
=group_props   [{name,"pubsub_single"}]
=started       2024-12-18 20:48:44
=result        skipped: {disabled_backend,mssql}
=== *** Skipping test case #921 {ejabberd_SUITE,pubsub_test_configure} ***
=== 
=case          ejabberd_SUITE:pubsub_test_delete
=group_props   [{name,"pubsub_single"}]
=started       2024-12-18 20:48:44
=result        skipped: {disabled_backend,mssql}
=== *** Skipping test case #922 {ejabberd_SUITE,pubsub_test_delete} ***
=== 
=case          ejabberd_SUITE:pubsub_test_get_affiliations
=group_props   [{name,"pubsub_single"}]
=started       2024-12-18 20:48:44
=result        skipped: {disabled_backend,mssql}
=== *** Skipping test case #923 {ejabberd_SUITE,pubsub_test_get_affiliations} ***
=== 
=case          ejabberd_SUITE:pubsub_test_get_subscriptions
=group_props   [{name,"pubsub_single"}]
=started       2024-12-18 20:48:44
=result        skipped: {disabled_backend,mssql}
=== *** Skipping test case #924 {ejabberd_SUITE,pubsub_test_get_subscriptions} ***
=== 
=case          ejabberd_SUITE:pubsub_test_create_instant
=group_props   [{name,"pubsub_single"}]
=started       2024-12-18 20:48:44
=result        skipped: {disabled_backend,mssql}
=== *** Skipping test case #925 {ejabberd_SUITE,pubsub_test_create_instant} ***
=== 
=case          ejabberd_SUITE:pubsub_test_default
=group_props   [{name,"pubsub_single"}]
=started       2024-12-18 20:48:44
=result        skipped: {disabled_backend,mssql}
=== *** Skipping test case #926 {ejabberd_SUITE,pubsub_test_default} ***
=== 
=case          ejabberd_SUITE:pubsub_test_create_configure
=group_props   [{name,"pubsub_single"}]
=started       2024-12-18 20:48:44
=result        skipped: {disabled_backend,mssql}
=== *** Skipping test case #927 {ejabberd_SUITE,pubsub_test_create_configure} ***
=== 
=case          ejabberd_SUITE:pubsub_test_publish
=group_props   [{name,"pubsub_single"}]
=started       2024-12-18 20:48:44
=result        skipped: {disabled_backend,mssql}
=== *** Skipping test case #928 {ejabberd_SUITE,pubsub_test_publish} ***
=== 
=case          ejabberd_SUITE:pubsub_test_auto_create
=group_props   [{name,"pubsub_single"}]
=started       2024-12-18 20:48:44
=result        skipped: {disabled_backend,mssql}
=== *** Skipping test case #929 {ejabberd_SUITE,pubsub_test_auto_create} ***
=== 
=case          ejabberd_SUITE:pubsub_test_get_items
=group_props   [{name,"pubsub_single"}]
=started       2024-12-18 20:48:44
=result        skipped: {disabled_backend,mssql}
=== *** Skipping test case #930 {ejabberd_SUITE,pubsub_test_get_items} ***
=== 
=case          ejabberd_SUITE:pubsub_test_delete_item
=group_props   [{name,"pubsub_single"}]
=started       2024-12-18 20:48:44
=result        skipped: {disabled_backend,mssql}
=== *** Skipping test case #931 {ejabberd_SUITE,pubsub_test_delete_item} ***
=== 
=case          ejabberd_SUITE:pubsub_test_purge
=group_props   [{name,"pubsub_single"}]
=started       2024-12-18 20:48:44
=result        skipped: {disabled_backend,mssql}
=== *** Skipping test case #932 {ejabberd_SUITE,pubsub_test_purge} ***
=== 
=case          ejabberd_SUITE:pubsub_test_subscribe
=group_props   [{name,"pubsub_single"}]
=started       2024-12-18 20:48:44
=result        skipped: {disabled_backend,mssql}
=== *** Skipping test case #933 {ejabberd_SUITE,pubsub_test_subscribe} ***
=== 
=case          ejabberd_SUITE:pubsub_test_subscribe_max_item_1
=group_props   [{name,"pubsub_single"}]
=started       2024-12-18 20:48:44
=result        skipped: {disabled_backend,mssql}
=== *** Skipping test case #934 {ejabberd_SUITE,pubsub_test_subscribe_max_item_1} ***
=== 
=case          ejabberd_SUITE:pubsub_test_unsubscribe
=group_props   [{name,"pubsub_single"}]
=started       2024-12-18 20:48:44
=result        skipped: {disabled_backend,mssql}
=== *** Skipping test case #935 {ejabberd_SUITE,pubsub_test_unsubscribe} ***
=== 
=case          ejabberd_SUITE:muc_service_presence_error
=group_props   [{name,"muc_single"}]
=started       2024-12-18 20:48:44
=result        skipped: {disabled_backend,mssql}
=== *** Skipping test case #936 {ejabberd_SUITE,muc_service_presence_error} ***
=== 
=case          ejabberd_SUITE:muc_service_message_error
=group_props   [{name,"muc_single"}]
=started       2024-12-18 20:48:44
=result        skipped: {disabled_backend,mssql}
=== *** Skipping test case #937 {ejabberd_SUITE,muc_service_message_error} ***
=== 
=case          ejabberd_SUITE:muc_service_unknown_ns_iq_error
=group_props   [{name,"muc_single"}]
=started       2024-12-18 20:48:44
=result        skipped: {disabled_backend,mssql}
=== *** Skipping test case #938 {ejabberd_SUITE,muc_service_unknown_ns_iq_error} ***
=== 
=case          ejabberd_SUITE:muc_service_iq_set_error
=group_props   [{name,"muc_single"}]
=started       2024-12-18 20:48:44
=result        skipped: {disabled_backend,mssql}
=== *** Skipping test case #939 {ejabberd_SUITE,muc_service_iq_set_error} ***
=== 
=case          ejabberd_SUITE:muc_service_improper_iq_error
=group_props   [{name,"muc_single"}]
=started       2024-12-18 20:48:44
=result        skipped: {disabled_backend,mssql}
=== *** Skipping test case #940 {ejabberd_SUITE,muc_service_improper_iq_error} ***
=== 
=case          ejabberd_SUITE:muc_service_features
=group_props   [{name,"muc_single"}]
=started       2024-12-18 20:48:44
=result        skipped: {disabled_backend,mssql}
=== *** Skipping test case #941 {ejabberd_SUITE,muc_service_features} ***
=== 
=case          ejabberd_SUITE:muc_service_disco_info_node_error
=group_props   [{name,"muc_single"}]
=started       2024-12-18 20:48:44
=result        skipped: {disabled_backend,mssql}
=== *** Skipping test case #942 {ejabberd_SUITE,muc_service_disco_info_node_error} ***
=== 
=case          ejabberd_SUITE:muc_service_disco_items
=group_props   [{name,"muc_single"}]
=started       2024-12-18 20:48:44
=result        skipped: {disabled_backend,mssql}
=== *** Skipping test case #943 {ejabberd_SUITE,muc_service_disco_items} ***
=== 
=case          ejabberd_SUITE:muc_service_unique
=group_props   [{name,"muc_single"}]
=started       2024-12-18 20:48:44
=result        skipped: {disabled_backend,mssql}
=== *** Skipping test case #944 {ejabberd_SUITE,muc_service_unique} ***
=== 
=case          ejabberd_SUITE:muc_service_vcard
=group_props   [{name,"muc_single"}]
=started       2024-12-18 20:48:44
=result        skipped: {disabled_backend,mssql}
=== *** Skipping test case #945 {ejabberd_SUITE,muc_service_vcard} ***
=== 
=case          ejabberd_SUITE:muc_configure_non_existent
=group_props   [{name,"muc_single"}]
=started       2024-12-18 20:48:44
=result        skipped: {disabled_backend,mssql}
=== *** Skipping test case #946 {ejabberd_SUITE,muc_configure_non_existent} ***
=== 
=case          ejabberd_SUITE:muc_cancel_configure_non_existent
=group_props   [{name,"muc_single"}]
=started       2024-12-18 20:48:44
=result        skipped: {disabled_backend,mssql}
=== *** Skipping test case #947 {ejabberd_SUITE,muc_cancel_configure_non_existent} ***
=== 
=case          ejabberd_SUITE:muc_service_subscriptions
=group_props   [{name,"muc_single"}]
=started       2024-12-18 20:48:44
=result        skipped: {disabled_backend,mssql}
=== *** Skipping test case #948 {ejabberd_SUITE,muc_service_subscriptions} ***
=== 
=case          ejabberd_SUITE:muc_set_room_affiliation
=group_props   [{name,"muc_single"}]
=started       2024-12-18 20:48:44
=result        skipped: {disabled_backend,mssql}
=== *** Skipping test case #949 {ejabberd_SUITE,muc_set_room_affiliation} ***
=== 
=case          ejabberd_SUITE:offline_feature_enabled
=group_props   [{name,"offline_single"}]
=started       2024-12-18 20:48:44
=result        skipped: {disabled_backend,mssql}
=== *** Skipping test case #950 {ejabberd_SUITE,offline_feature_enabled} ***
=== 
=case          ejabberd_SUITE:offline_check_identity
=group_props   [{name,"offline_single"}]
=started       2024-12-18 20:48:44
=result        skipped: {disabled_backend,mssql}
=== *** Skipping test case #951 {ejabberd_SUITE,offline_check_identity} ***
=== 
=case          ejabberd_SUITE:offline_send_non_existent
=group_props   [{name,"offline_single"}]
=started       2024-12-18 20:48:44
=result        skipped: {disabled_backend,mssql}
=== *** Skipping test case #952 {ejabberd_SUITE,offline_send_non_existent} ***
=== 
=case          ejabberd_SUITE:offline_view_non_existent
=group_props   [{name,"offline_single"}]
=started       2024-12-18 20:48:44
=result        skipped: {disabled_backend,mssql}
=== *** Skipping test case #953 {ejabberd_SUITE,offline_view_non_existent} ***
=== 
=case          ejabberd_SUITE:offline_remove_non_existent
=group_props   [{name,"offline_single"}]
=started       2024-12-18 20:48:44
=result        skipped: {disabled_backend,mssql}
=== *** Skipping test case #954 {ejabberd_SUITE,offline_remove_non_existent} ***
=== 
=case          ejabberd_SUITE:offline_view_non_integer
=group_props   [{name,"offline_single"}]
=started       2024-12-18 20:48:44
=result        skipped: {disabled_backend,mssql}
=== *** Skipping test case #955 {ejabberd_SUITE,offline_view_non_integer} ***
=== 
=case          ejabberd_SUITE:offline_remove_non_integer
=group_props   [{name,"offline_single"}]
=started       2024-12-18 20:48:44
=result        skipped: {disabled_backend,mssql}
=== *** Skipping test case #956 {ejabberd_SUITE,offline_remove_non_integer} ***
=== 
=case          ejabberd_SUITE:offline_malformed_iq
=group_props   [{name,"offline_single"}]
=started       2024-12-18 20:48:44
=result        skipped: {disabled_backend,mssql}
=== *** Skipping test case #957 {ejabberd_SUITE,offline_malformed_iq} ***
=== 
=case          ejabberd_SUITE:offline_wrong_user
=group_props   [{name,"offline_single"}]
=started       2024-12-18 20:48:44
=result        skipped: {disabled_backend,mssql}
=== *** Skipping test case #958 {ejabberd_SUITE,offline_wrong_user} ***
=== 
=case          ejabberd_SUITE:offline_unsupported_iq
=group_props   [{name,"offline_single"}]
=started       2024-12-18 20:48:44
=result        skipped: {disabled_backend,mssql}
=== *** Skipping test case #959 {ejabberd_SUITE,offline_unsupported_iq} ***
=== 
=case          ejabberd_SUITE:mam_feature_enabled
=group_props   [{name,"mam_single"}]
=started       2024-12-18 20:48:44
=result        skipped: {disabled_backend,mssql}
=== *** Skipping test case #960 {ejabberd_SUITE,mam_feature_enabled} ***
=== 
=case          ejabberd_SUITE:mam_get_set_prefs
=group_props   [{name,"mam_single"}]
=started       2024-12-18 20:48:44
=result        skipped: {disabled_backend,mssql}
=== *** Skipping test case #961 {ejabberd_SUITE,mam_get_set_prefs} ***
=== 
=case          ejabberd_SUITE:mam_get_form
=group_props   [{name,"mam_single"}]
=started       2024-12-18 20:48:44
=result        skipped: {disabled_backend,mssql}
=== *** Skipping test case #962 {ejabberd_SUITE,mam_get_form} ***
=== 
=case          ejabberd_SUITE:mam_fake_by
=group_props   [{name,"mam_single"}]
=started       2024-12-18 20:48:44
=result        skipped: {disabled_backend,mssql}
=== *** Skipping test case #963 {ejabberd_SUITE,mam_fake_by} ***
=== 
=case          ejabberd_SUITE:push_feature_enabled
=group_props   [{name,"push_single"}]
=started       2024-12-18 20:48:44
=result        skipped: {disabled_backend,mssql}
=== *** Skipping test case #964 {ejabberd_SUITE,push_feature_enabled} ***
=== 
=case          ejabberd_SUITE:push_unsupported_iq
=group_props   [{name,"push_single"}]
=started       2024-12-18 20:48:44
=result        skipped: {disabled_backend,mssql}
=== *** Skipping test case #965 {ejabberd_SUITE,push_unsupported_iq} ***
=== 
=case          ejabberd_SUITE:test_unregister
=group_props   [{name,"single_user"}]
=started       2024-12-18 20:48:44
=result        skipped: {disabled_backend,mssql}
=== *** Skipping test case #966 {ejabberd_SUITE,test_unregister} ***
=== 
=case          ejabberd_SUITE:muc_register_master
=group_props   [{name,"muc_register"}]
=started       2024-12-18 20:48:44
=result        skipped: {disabled_backend,mssql}
=== *** Skipping test case #967 {ejabberd_SUITE,muc_register_master} ***
=== 
=case          ejabberd_SUITE:muc_register_slave
=group_props   [{name,"muc_register"}]
=started       2024-12-18 20:48:44
=result        skipped: {disabled_backend,mssql}
=== *** Skipping test case #968 {ejabberd_SUITE,muc_register_slave} ***
=== 
=case          ejabberd_SUITE:muc_groupchat_msg_master
=group_props   [{name,"muc_groupchat_msg"}]
=started       2024-12-18 20:48:44
=result        skipped: {disabled_backend,mssql}
=== *** Skipping test case #969 {ejabberd_SUITE,muc_groupchat_msg_master} ***
=== 
=case          ejabberd_SUITE:muc_groupchat_msg_slave
=group_props   [{name,"muc_groupchat_msg"}]
=started       2024-12-18 20:48:44
=result        skipped: {disabled_backend,mssql}
=== *** Skipping test case #970 {ejabberd_SUITE,muc_groupchat_msg_slave} ***
=== 
=case          ejabberd_SUITE:muc_private_msg_master
=group_props   [{name,"muc_private_msg"}]
=started       2024-12-18 20:48:44
=result        skipped: {disabled_backend,mssql}
=== *** Skipping test case #971 {ejabberd_SUITE,muc_private_msg_master} ***
=== 
=case          ejabberd_SUITE:muc_private_msg_slave
=group_props   [{name,"muc_private_msg"}]
=started       2024-12-18 20:48:44
=result        skipped: {disabled_backend,mssql}
=== *** Skipping test case #972 {ejabberd_SUITE,muc_private_msg_slave} ***
=== 
=case          ejabberd_SUITE:muc_set_subject_master
=group_props   [{name,"muc_set_subject"}]
=started       2024-12-18 20:48:44
=result        skipped: {disabled_backend,mssql}
=== *** Skipping test case #973 {ejabberd_SUITE,muc_set_subject_master} ***
=== 
=case          ejabberd_SUITE:muc_set_subject_slave
=group_props   [{name,"muc_set_subject"}]
=started       2024-12-18 20:48:44
=result        skipped: {disabled_backend,mssql}
=== *** Skipping test case #974 {ejabberd_SUITE,muc_set_subject_slave} ***
=== 
=case          ejabberd_SUITE:muc_history_master
=group_props   [{name,"muc_history"}]
=started       2024-12-18 20:48:44
=result        skipped: {disabled_backend,mssql}
=== *** Skipping test case #975 {ejabberd_SUITE,muc_history_master} ***
=== 
=case          ejabberd_SUITE:muc_history_slave
=group_props   [{name,"muc_history"}]
=started       2024-12-18 20:48:44
=result        skipped: {disabled_backend,mssql}
=== *** Skipping test case #976 {ejabberd_SUITE,muc_history_slave} ***
=== 
=case          ejabberd_SUITE:muc_invite_master
=group_props   [{name,"muc_invite"}]
=started       2024-12-18 20:48:44
=result        skipped: {disabled_backend,mssql}
=== *** Skipping test case #977 {ejabberd_SUITE,muc_invite_master} ***
=== 
=case          ejabberd_SUITE:muc_invite_slave
=group_props   [{name,"muc_invite"}]
=started       2024-12-18 20:48:44
=result        skipped: {disabled_backend,mssql}
=== *** Skipping test case #978 {ejabberd_SUITE,muc_invite_slave} ***
=== 
=case          ejabberd_SUITE:muc_invite_members_only_master
=group_props   [{name,"muc_invite_members_only"}]
=started       2024-12-18 20:48:44
=result        skipped: {disabled_backend,mssql}
=== *** Skipping test case #979 {ejabberd_SUITE,muc_invite_members_only_master} ***
=== 
=case          ejabberd_SUITE:muc_invite_members_only_slave
=group_props   [{name,"muc_invite_members_only"}]
=started       2024-12-18 20:48:44
=result        skipped: {disabled_backend,mssql}
=== *** Skipping test case #980 {ejabberd_SUITE,muc_invite_members_only_slave} ***
=== 
=case          ejabberd_SUITE:muc_invite_password_protected_master
=group_props   [{name,"muc_invite_password_protected"}]
=started       2024-12-18 20:48:44
=result        skipped: {disabled_backend,mssql}
=== *** Skipping test case #981 {ejabberd_SUITE,muc_invite_password_protected_master} ***
=== 
=case          ejabberd_SUITE:muc_invite_password_protected_slave
=group_props   [{name,"muc_invite_password_protected"}]
=started       2024-12-18 20:48:44
=result        skipped: {disabled_backend,mssql}
=== *** Skipping test case #982 {ejabberd_SUITE,muc_invite_password_protected_slave} ***
=== 
=case          ejabberd_SUITE:muc_voice_request_master
=group_props   [{name,"muc_voice_request"}]
=started       2024-12-18 20:48:44
=result        skipped: {disabled_backend,mssql}
=== *** Skipping test case #983 {ejabberd_SUITE,muc_voice_request_master} ***
=== 
=case          ejabberd_SUITE:muc_voice_request_slave
=group_props   [{name,"muc_voice_request"}]
=started       2024-12-18 20:48:44
=result        skipped: {disabled_backend,mssql}
=== *** Skipping test case #984 {ejabberd_SUITE,muc_voice_request_slave} ***
=== 
=case          ejabberd_SUITE:muc_change_role_master
=group_props   [{name,"muc_change_role"}]
=started       2024-12-18 20:48:44
=result        skipped: {disabled_backend,mssql}
=== *** Skipping test case #985 {ejabberd_SUITE,muc_change_role_master} ***
=== 
=case          ejabberd_SUITE:muc_change_role_slave
=group_props   [{name,"muc_change_role"}]
=started       2024-12-18 20:48:44
=result        skipped: {disabled_backend,mssql}
=== *** Skipping test case #986 {ejabberd_SUITE,muc_change_role_slave} ***
=== 
=case          ejabberd_SUITE:muc_kick_master
=group_props   [{name,"muc_kick"}]
=started       2024-12-18 20:48:44
=result        skipped: {disabled_backend,mssql}
=== *** Skipping test case #987 {ejabberd_SUITE,muc_kick_master} ***
=== 
=case          ejabberd_SUITE:muc_kick_slave
=group_props   [{name,"muc_kick"}]
=started       2024-12-18 20:48:44
=result        skipped: {disabled_backend,mssql}
=== *** Skipping test case #988 {ejabberd_SUITE,muc_kick_slave} ***
=== 
=case          ejabberd_SUITE:muc_change_affiliation_master
=group_props   [{name,"muc_change_affiliation"}]
=started       2024-12-18 20:48:44
=result        skipped: {disabled_backend,mssql}
=== *** Skipping test case #989 {ejabberd_SUITE,muc_change_affiliation_master} ***
=== 
=case          ejabberd_SUITE:muc_change_affiliation_slave
=group_props   [{name,"muc_change_affiliation"}]
=started       2024-12-18 20:48:44
=result        skipped: {disabled_backend,mssql}
=== *** Skipping test case #990 {ejabberd_SUITE,muc_change_affiliation_slave} ***
=== 
=case          ejabberd_SUITE:muc_destroy_master
=group_props   [{name,"muc_destroy"}]
=started       2024-12-18 20:48:44
=result        skipped: {disabled_backend,mssql}
=== *** Skipping test case #991 {ejabberd_SUITE,muc_destroy_master} ***
=== 
=case          ejabberd_SUITE:muc_destroy_slave
=group_props   [{name,"muc_destroy"}]
=started       2024-12-18 20:48:44
=result        skipped: {disabled_backend,mssql}
=== *** Skipping test case #992 {ejabberd_SUITE,muc_destroy_slave} ***
=== 
=case          ejabberd_SUITE:muc_vcard_master
=group_props   [{name,"muc_vcard"}]
=started       2024-12-18 20:48:44
=result        skipped: {disabled_backend,mssql}
=== *** Skipping test case #993 {ejabberd_SUITE,muc_vcard_master} ***
=== 
=case          ejabberd_SUITE:muc_vcard_slave
=group_props   [{name,"muc_vcard"}]
=started       2024-12-18 20:48:44
=result        skipped: {disabled_backend,mssql}
=== *** Skipping test case #994 {ejabberd_SUITE,muc_vcard_slave} ***
=== 
=case          ejabberd_SUITE:muc_nick_change_master
=group_props   [{name,"muc_nick_change"}]
=started       2024-12-18 20:48:44
=result        skipped: {disabled_backend,mssql}
=== *** Skipping test case #995 {ejabberd_SUITE,muc_nick_change_master} ***
=== 
=case          ejabberd_SUITE:muc_nick_change_slave
=group_props   [{name,"muc_nick_change"}]
=started       2024-12-18 20:48:44
=result        skipped: {disabled_backend,mssql}
=== *** Skipping test case #996 {ejabberd_SUITE,muc_nick_change_slave} ***
=== 
=case          ejabberd_SUITE:muc_config_title_desc_master
=group_props   [{name,"muc_config_title_desc"}]
=started       2024-12-18 20:48:44
=result        skipped: {disabled_backend,mssql}
=== *** Skipping test case #997 {ejabberd_SUITE,muc_config_title_desc_master} ***
=== 
=case          ejabberd_SUITE:muc_config_title_desc_slave
=group_props   [{name,"muc_config_title_desc"}]
=started       2024-12-18 20:48:44
=result        skipped: {disabled_backend,mssql}
=== *** Skipping test case #998 {ejabberd_SUITE,muc_config_title_desc_slave} ***
=== 
=case          ejabberd_SUITE:muc_config_public_list_master
=group_props   [{name,"muc_config_public_list"}]
=started       2024-12-18 20:48:44
=result        skipped: {disabled_backend,mssql}
=== *** Skipping test case #999 {ejabberd_SUITE,muc_config_public_list_master} ***
=== 
=case          ejabberd_SUITE:muc_config_public_list_slave
=group_props   [{name,"muc_config_public_list"}]
=started       2024-12-18 20:48:44
=result        skipped: {disabled_backend,mssql}
=== *** Skipping test case #1000 {ejabberd_SUITE,muc_config_public_list_slave} ***
=== 
=case          ejabberd_SUITE:muc_config_password_master
=group_props   [{name,"muc_config_password"}]
=started       2024-12-18 20:48:44
=result        skipped: {disabled_backend,mssql}
=== *** Skipping test case #1001 {ejabberd_SUITE,muc_config_password_master} ***
=== 
=case          ejabberd_SUITE:muc_config_password_slave
=group_props   [{name,"muc_config_password"}]
=started       2024-12-18 20:48:44
=result        skipped: {disabled_backend,mssql}
=== *** Skipping test case #1002 {ejabberd_SUITE,muc_config_password_slave} ***
=== 
=case          ejabberd_SUITE:muc_config_whois_master
=group_props   [{name,"muc_config_whois"}]
=started       2024-12-18 20:48:44
=result        skipped: {disabled_backend,mssql}
=== *** Skipping test case #1003 {ejabberd_SUITE,muc_config_whois_master} ***
=== 
=case          ejabberd_SUITE:muc_config_whois_slave
=group_props   [{name,"muc_config_whois"}]
=started       2024-12-18 20:48:44
=result        skipped: {disabled_backend,mssql}
=== *** Skipping test case #1004 {ejabberd_SUITE,muc_config_whois_slave} ***
=== 
=case          ejabberd_SUITE:muc_config_members_only_master
=group_props   [{name,"muc_config_members_only"}]
=started       2024-12-18 20:48:44
=result        skipped: {disabled_backend,mssql}
=== *** Skipping test case #1005 {ejabberd_SUITE,muc_config_members_only_master} ***
=== 
=case          ejabberd_SUITE:muc_config_members_only_slave
=group_props   [{name,"muc_config_members_only"}]
=started       2024-12-18 20:48:44
=result        skipped: {disabled_backend,mssql}
=== *** Skipping test case #1006 {ejabberd_SUITE,muc_config_members_only_slave} ***
=== 
=case          ejabberd_SUITE:muc_config_moderated_master
=group_props   [{name,"muc_config_moderated"}]
=started       2024-12-18 20:48:44
=result        skipped: {disabled_backend,mssql}
=== *** Skipping test case #1007 {ejabberd_SUITE,muc_config_moderated_master} ***
=== 
=case          ejabberd_SUITE:muc_config_moderated_slave
=group_props   [{name,"muc_config_moderated"}]
=started       2024-12-18 20:48:44
=result        skipped: {disabled_backend,mssql}
=== *** Skipping test case #1008 {ejabberd_SUITE,muc_config_moderated_slave} ***
=== 
=case          ejabberd_SUITE:muc_config_private_messages_master
=group_props   [{name,"muc_config_private_messages"}]
=started       2024-12-18 20:48:44
=result        skipped: {disabled_backend,mssql}
=== *** Skipping test case #1009 {ejabberd_SUITE,muc_config_private_messages_master} ***
=== 
=case          ejabberd_SUITE:muc_config_private_messages_slave
=group_props   [{name,"muc_config_private_messages"}]
=started       2024-12-18 20:48:44
=result        skipped: {disabled_backend,mssql}
=== *** Skipping test case #1010 {ejabberd_SUITE,muc_config_private_messages_slave} ***
=== 
=case          ejabberd_SUITE:muc_config_query_master
=group_props   [{name,"muc_config_query"}]
=started       2024-12-18 20:48:44
=result        skipped: {disabled_backend,mssql}
=== *** Skipping test case #1011 {ejabberd_SUITE,muc_config_query_master} ***
=== 
=case          ejabberd_SUITE:muc_config_query_slave
=group_props   [{name,"muc_config_query"}]
=started       2024-12-18 20:48:44
=result        skipped: {disabled_backend,mssql}
=== *** Skipping test case #1012 {ejabberd_SUITE,muc_config_query_slave} ***
=== 
=case          ejabberd_SUITE:muc_config_allow_invites_master
=group_props   [{name,"muc_config_allow_invites"}]
=started       2024-12-18 20:48:44
=result        skipped: {disabled_backend,mssql}
=== *** Skipping test case #1013 {ejabberd_SUITE,muc_config_allow_invites_master} ***
=== 
=case          ejabberd_SUITE:muc_config_allow_invites_slave
=group_props   [{name,"muc_config_allow_invites"}]
=started       2024-12-18 20:48:44
=result        skipped: {disabled_backend,mssql}
=== *** Skipping test case #1014 {ejabberd_SUITE,muc_config_allow_invites_slave} ***
=== 
=case          ejabberd_SUITE:muc_config_visitor_status_master
=group_props   [{name,"muc_config_visitor_status"}]
=started       2024-12-18 20:48:44
=result        skipped: {disabled_backend,mssql}
=== *** Skipping test case #1015 {ejabberd_SUITE,muc_config_visitor_status_master} ***
=== 
=case          ejabberd_SUITE:muc_config_visitor_status_slave
=group_props   [{name,"muc_config_visitor_status"}]
=started       2024-12-18 20:48:44
=result        skipped: {disabled_backend,mssql}
=== *** Skipping test case #1016 {ejabberd_SUITE,muc_config_visitor_status_slave} ***
=== 
=case          ejabberd_SUITE:muc_config_allow_voice_requests_master
=group_props   [{name,"muc_config_allow_voice_requests"}]
=started       2024-12-18 20:48:44
=result        skipped: {disabled_backend,mssql}
=== *** Skipping test case #1017 {ejabberd_SUITE,muc_config_allow_voice_requests_master} ***
=== 
=case          ejabberd_SUITE:muc_config_allow_voice_requests_slave
=group_props   [{name,"muc_config_allow_voice_requests"}]
=started       2024-12-18 20:48:44
=result        skipped: {disabled_backend,mssql}
=== *** Skipping test case #1018 {ejabberd_SUITE,muc_config_allow_voice_requests_slave} ***
=== 
=case          ejabberd_SUITE:muc_config_voice_request_interval_master
=group_props   [{name,"muc_config_voice_request_interval"}]
=started       2024-12-18 20:48:44
=result        skipped: {disabled_backend,mssql}
=== *** Skipping test case #1019 {ejabberd_SUITE,muc_config_voice_request_interval_master} ***
=== 
=case          ejabberd_SUITE:muc_config_voice_request_interval_slave
=group_props   [{name,"muc_config_voice_request_interval"}]
=started       2024-12-18 20:48:44
=result        skipped: {disabled_backend,mssql}
=== *** Skipping test case #1020 {ejabberd_SUITE,muc_config_voice_request_interval_slave} ***
=== 
=case          ejabberd_SUITE:muc_config_visitor_nickchange_master
=group_props   [{name,"muc_config_visitor_nickchange"}]
=started       2024-12-18 20:48:44
=result        skipped: {disabled_backend,mssql}
=== *** Skipping test case #1021 {ejabberd_SUITE,muc_config_visitor_nickchange_master} ***
=== 
=case          ejabberd_SUITE:muc_config_visitor_nickchange_slave
=group_props   [{name,"muc_config_visitor_nickchange"}]
=started       2024-12-18 20:48:44
=result        skipped: {disabled_backend,mssql}
=== *** Skipping test case #1022 {ejabberd_SUITE,muc_config_visitor_nickchange_slave} ***
=== 
=case          ejabberd_SUITE:muc_join_conflict_master
=group_props   [{name,"muc_join_conflict"}]
=started       2024-12-18 20:48:44
=result        skipped: {disabled_backend,mssql}
=== *** Skipping test case #1023 {ejabberd_SUITE,muc_join_conflict_master} ***
=== 
=case          ejabberd_SUITE:muc_join_conflict_slave
=group_props   [{name,"muc_join_conflict"}]
=started       2024-12-18 20:48:44
=result        skipped: {disabled_backend,mssql}
=== *** Skipping test case #1024 {ejabberd_SUITE,muc_join_conflict_slave} ***
=== 
=case          ejabberd_SUITE:privacy_deny_bare_jid_master
=group_props   [{name,"privacy_deny_bare_jid"}]
=started       2024-12-18 20:48:44
=result        skipped: {disabled_backend,mssql}
=== *** Skipping test case #1025 {ejabberd_SUITE,privacy_deny_bare_jid_master} ***
=== 
=case          ejabberd_SUITE:privacy_deny_bare_jid_slave
=group_props   [{name,"privacy_deny_bare_jid"}]
=started       2024-12-18 20:48:44
=result        skipped: {disabled_backend,mssql}
=== *** Skipping test case #1026 {ejabberd_SUITE,privacy_deny_bare_jid_slave} ***
=== 
=case          ejabberd_SUITE:privacy_deny_full_jid_master
=group_props   [{name,"privacy_deny_full_jid"}]
=started       2024-12-18 20:48:44
=result        skipped: {disabled_backend,mssql}
=== *** Skipping test case #1027 {ejabberd_SUITE,privacy_deny_full_jid_master} ***
=== 
=case          ejabberd_SUITE:privacy_deny_full_jid_slave
=group_props   [{name,"privacy_deny_full_jid"}]
=started       2024-12-18 20:48:44
=result        skipped: {disabled_backend,mssql}
=== *** Skipping test case #1028 {ejabberd_SUITE,privacy_deny_full_jid_slave} ***
=== 
=case          ejabberd_SUITE:privacy_deny_server_bare_jid_master
=group_props   [{name,"privacy_deny_server_bare_jid"}]
=started       2024-12-18 20:48:44
=result        skipped: {disabled_backend,mssql}
=== *** Skipping test case #1029 {ejabberd_SUITE,privacy_deny_server_bare_jid_master} ***
=== 
=case          ejabberd_SUITE:privacy_deny_server_bare_jid_slave
=group_props   [{name,"privacy_deny_server_bare_jid"}]
=started       2024-12-18 20:48:44
=result        skipped: {disabled_backend,mssql}
=== *** Skipping test case #1030 {ejabberd_SUITE,privacy_deny_server_bare_jid_slave} ***
=== 
=case          ejabberd_SUITE:privacy_deny_server_full_jid_master
=group_props   [{name,"privacy_deny_server_full_jid"}]
=started       2024-12-18 20:48:44
=result        skipped: {disabled_backend,mssql}
=== *** Skipping test case #1031 {ejabberd_SUITE,privacy_deny_server_full_jid_master} ***
=== 
=case          ejabberd_SUITE:privacy_deny_server_full_jid_slave
=group_props   [{name,"privacy_deny_server_full_jid"}]
=started       2024-12-18 20:48:44
=result        skipped: {disabled_backend,mssql}
=== *** Skipping test case #1032 {ejabberd_SUITE,privacy_deny_server_full_jid_slave} ***
=== 
=case          ejabberd_SUITE:privacy_deny_group_master
=group_props   [{name,"privacy_deny_group"}]
=started       2024-12-18 20:48:44
=result        skipped: {disabled_backend,mssql}
=== *** Skipping test case #1033 {ejabberd_SUITE,privacy_deny_group_master} ***
=== 
=case          ejabberd_SUITE:privacy_deny_group_slave
=group_props   [{name,"privacy_deny_group"}]
=started       2024-12-18 20:48:44
=result        skipped: {disabled_backend,mssql}
=== *** Skipping test case #1034 {ejabberd_SUITE,privacy_deny_group_slave} ***
=== 
=case          ejabberd_SUITE:privacy_deny_sub_both_master
=group_props   [{name,"privacy_deny_sub_both"}]
=started       2024-12-18 20:48:44
=result        skipped: {disabled_backend,mssql}
=== *** Skipping test case #1035 {ejabberd_SUITE,privacy_deny_sub_both_master} ***
=== 
=case          ejabberd_SUITE:privacy_deny_sub_both_slave
=group_props   [{name,"privacy_deny_sub_both"}]
=started       2024-12-18 20:48:44
=result        skipped: {disabled_backend,mssql}
=== *** Skipping test case #1036 {ejabberd_SUITE,privacy_deny_sub_both_slave} ***
=== 
=case          ejabberd_SUITE:privacy_deny_sub_from_master
=group_props   [{name,"privacy_deny_sub_from"}]
=started       2024-12-18 20:48:44
=result        skipped: {disabled_backend,mssql}
=== *** Skipping test case #1037 {ejabberd_SUITE,privacy_deny_sub_from_master} ***
=== 
=case          ejabberd_SUITE:privacy_deny_sub_from_slave
=group_props   [{name,"privacy_deny_sub_from"}]
=started       2024-12-18 20:48:44
=result        skipped: {disabled_backend,mssql}
=== *** Skipping test case #1038 {ejabberd_SUITE,privacy_deny_sub_from_slave} ***
=== 
=case          ejabberd_SUITE:privacy_deny_sub_to_master
=group_props   [{name,"privacy_deny_sub_to"}]
=started       2024-12-18 20:48:44
=result        skipped: {disabled_backend,mssql}
=== *** Skipping test case #1039 {ejabberd_SUITE,privacy_deny_sub_to_master} ***
=== 
=case          ejabberd_SUITE:privacy_deny_sub_to_slave
=group_props   [{name,"privacy_deny_sub_to"}]
=started       2024-12-18 20:48:44
=result        skipped: {disabled_backend,mssql}
=== *** Skipping test case #1040 {ejabberd_SUITE,privacy_deny_sub_to_slave} ***
=== 
=case          ejabberd_SUITE:privacy_deny_sub_none_master
=group_props   [{name,"privacy_deny_sub_none"}]
=started       2024-12-18 20:48:44
=result        skipped: {disabled_backend,mssql}
=== *** Skipping test case #1041 {ejabberd_SUITE,privacy_deny_sub_none_master} ***
=== 
=case          ejabberd_SUITE:privacy_deny_sub_none_slave
=group_props   [{name,"privacy_deny_sub_none"}]
=started       2024-12-18 20:48:44
=result        skipped: {disabled_backend,mssql}
=== *** Skipping test case #1042 {ejabberd_SUITE,privacy_deny_sub_none_slave} ***
=== 
=case          ejabberd_SUITE:privacy_deny_all_master
=group_props   [{name,"privacy_deny_all"}]
=started       2024-12-18 20:48:44
=result        skipped: {disabled_backend,mssql}
=== *** Skipping test case #1043 {ejabberd_SUITE,privacy_deny_all_master} ***
=== 
=case          ejabberd_SUITE:privacy_deny_all_slave
=group_props   [{name,"privacy_deny_all"}]
=started       2024-12-18 20:48:44
=result        skipped: {disabled_backend,mssql}
=== *** Skipping test case #1044 {ejabberd_SUITE,privacy_deny_all_slave} ***
=== 
=case          ejabberd_SUITE:privacy_deny_offline_master
=group_props   [{name,"privacy_deny_offline"}]
=started       2024-12-18 20:48:44
=result        skipped: {disabled_backend,mssql}
=== *** Skipping test case #1045 {ejabberd_SUITE,privacy_deny_offline_master} ***
=== 
=case          ejabberd_SUITE:privacy_deny_offline_slave
=group_props   [{name,"privacy_deny_offline"}]
=started       2024-12-18 20:48:44
=result        skipped: {disabled_backend,mssql}
=== *** Skipping test case #1046 {ejabberd_SUITE,privacy_deny_offline_slave} ***
=== 
=case          ejabberd_SUITE:privacy_block_master
=group_props   [{name,"privacy_block"}]
=started       2024-12-18 20:48:44
=result        skipped: {disabled_backend,mssql}
=== *** Skipping test case #1047 {ejabberd_SUITE,privacy_block_master} ***
=== 
=case          ejabberd_SUITE:privacy_block_slave
=group_props   [{name,"privacy_block"}]
=started       2024-12-18 20:48:44
=result        skipped: {disabled_backend,mssql}
=== *** Skipping test case #1048 {ejabberd_SUITE,privacy_block_slave} ***
=== 
=case          ejabberd_SUITE:privacy_unblock_master
=group_props   [{name,"privacy_unblock"}]
=started       2024-12-18 20:48:44
=result        skipped: {disabled_backend,mssql}
=== *** Skipping test case #1049 {ejabberd_SUITE,privacy_unblock_master} ***
=== 
=case          ejabberd_SUITE:privacy_unblock_slave
=group_props   [{name,"privacy_unblock"}]
=started       2024-12-18 20:48:44
=result        skipped: {disabled_backend,mssql}
=== *** Skipping test case #1050 {ejabberd_SUITE,privacy_unblock_slave} ***
=== 
=case          ejabberd_SUITE:privacy_unblock_all_master
=group_props   [{name,"privacy_unblock_all"}]
=started       2024-12-18 20:48:44
=result        skipped: {disabled_backend,mssql}
=== *** Skipping test case #1051 {ejabberd_SUITE,privacy_unblock_all_master} ***
=== 
=case          ejabberd_SUITE:privacy_unblock_all_slave
=group_props   [{name,"privacy_unblock_all"}]
=started       2024-12-18 20:48:44
=result        skipped: {disabled_backend,mssql}
=== *** Skipping test case #1052 {ejabberd_SUITE,privacy_unblock_all_slave} ***
=== 
=case          ejabberd_SUITE:pubsub_publish_master
=group_props   [{name,"pubsub_publish"}]
=started       2024-12-18 20:48:44
=result        skipped: {disabled_backend,mssql}
=== *** Skipping test case #1053 {ejabberd_SUITE,pubsub_publish_master} ***
=== 
=case          ejabberd_SUITE:pubsub_publish_slave
=group_props   [{name,"pubsub_publish"}]
=started       2024-12-18 20:48:44
=result        skipped: {disabled_backend,mssql}
=== *** Skipping test case #1054 {ejabberd_SUITE,pubsub_publish_slave} ***
=== 
=case          ejabberd_SUITE:pubsub_subscriptions_master
=group_props   [{name,"pubsub_subscriptions"}]
=started       2024-12-18 20:48:44
=result        skipped: {disabled_backend,mssql}
=== *** Skipping test case #1055 {ejabberd_SUITE,pubsub_subscriptions_master} ***
=== 
=case          ejabberd_SUITE:pubsub_subscriptions_slave
=group_props   [{name,"pubsub_subscriptions"}]
=started       2024-12-18 20:48:44
=result        skipped: {disabled_backend,mssql}
=== *** Skipping test case #1056 {ejabberd_SUITE,pubsub_subscriptions_slave} ***
=== 
=case          ejabberd_SUITE:pubsub_affiliations_master
=group_props   [{name,"pubsub_affiliations"}]
=started       2024-12-18 20:48:44
=result        skipped: {disabled_backend,mssql}
=== *** Skipping test case #1057 {ejabberd_SUITE,pubsub_affiliations_master} ***
=== 
=case          ejabberd_SUITE:pubsub_affiliations_slave
=group_props   [{name,"pubsub_affiliations"}]
=started       2024-12-18 20:48:44
=result        skipped: {disabled_backend,mssql}
=== *** Skipping test case #1058 {ejabberd_SUITE,pubsub_affiliations_slave} ***
=== 
=case          ejabberd_SUITE:pubsub_authorize_master
=group_props   [{name,"pubsub_authorize"}]
=started       2024-12-18 20:48:44
=result        skipped: {disabled_backend,mssql}
=== *** Skipping test case #1059 {ejabberd_SUITE,pubsub_authorize_master} ***
=== 
=case          ejabberd_SUITE:pubsub_authorize_slave
=group_props   [{name,"pubsub_authorize"}]
=started       2024-12-18 20:48:44
=result        skipped: {disabled_backend,mssql}
=== *** Skipping test case #1060 {ejabberd_SUITE,pubsub_authorize_slave} ***
=== 
=case          ejabberd_SUITE:roster_subscribe_master
=group_props   [{name,"roster_subscribe"}]
=started       2024-12-18 20:48:44
=result        skipped: {disabled_backend,mssql}
=== *** Skipping test case #1061 {ejabberd_SUITE,roster_subscribe_master} ***
=== 
=case          ejabberd_SUITE:roster_subscribe_slave
=group_props   [{name,"roster_subscribe"}]
=started       2024-12-18 20:48:44
=result        skipped: {disabled_backend,mssql}
=== *** Skipping test case #1062 {ejabberd_SUITE,roster_subscribe_slave} ***
=== 
=case          ejabberd_SUITE:offline_flex_master
=group_props   [{name,"offline_flex"}]
=started       2024-12-18 20:48:44
=result        skipped: {disabled_backend,mssql}
=== *** Skipping test case #1063 {ejabberd_SUITE,offline_flex_master} ***
=== 
=case          ejabberd_SUITE:offline_flex_slave
=group_props   [{name,"offline_flex"}]
=started       2024-12-18 20:48:44
=result        skipped: {disabled_backend,mssql}
=== *** Skipping test case #1064 {ejabberd_SUITE,offline_flex_slave} ***
=== 
=case          ejabberd_SUITE:offline_send_all_master
=group_props   [{name,"offline_send_all"}]
=started       2024-12-18 20:48:44
=result        skipped: {disabled_backend,mssql}
=== *** Skipping test case #1065 {ejabberd_SUITE,offline_send_all_master} ***
=== 
=case          ejabberd_SUITE:offline_send_all_slave
=group_props   [{name,"offline_send_all"}]
=started       2024-12-18 20:48:44
=result        skipped: {disabled_backend,mssql}
=== *** Skipping test case #1066 {ejabberd_SUITE,offline_send_all_slave} ***
=== 
=case          ejabberd_SUITE:offline_from_mam_master
=group_props   [{name,"offline_from_mam"}]
=started       2024-12-18 20:48:44
=result        skipped: {disabled_backend,mssql}
=== *** Skipping test case #1067 {ejabberd_SUITE,offline_from_mam_master} ***
=== 
=case          ejabberd_SUITE:offline_from_mam_slave
=group_props   [{name,"offline_from_mam"}]
=started       2024-12-18 20:48:44
=result        skipped: {disabled_backend,mssql}
=== *** Skipping test case #1068 {ejabberd_SUITE,offline_from_mam_slave} ***
=== 
=case          ejabberd_SUITE:offline_mucsub_mam_master
=group_props   [{name,"offline_mucsub_mam"}]
=started       2024-12-18 20:48:44
=result        skipped: {disabled_backend,mssql}
=== *** Skipping test case #1069 {ejabberd_SUITE,offline_mucsub_mam_master} ***
=== 
=case          ejabberd_SUITE:offline_mucsub_mam_slave
=group_props   [{name,"offline_mucsub_mam"}]
=started       2024-12-18 20:48:44
=result        skipped: {disabled_backend,mssql}
=== *** Skipping test case #1070 {ejabberd_SUITE,offline_mucsub_mam_slave} ***
=== 
=case          ejabberd_SUITE:mam_archived_and_stanza_id_master
=group_props   [{name,"mam_archived_and_stanza_id"}]
=started       2024-12-18 20:48:44
=result        skipped: {disabled_backend,mssql}
=== *** Skipping test case #1071 {ejabberd_SUITE,mam_archived_and_stanza_id_master} ***
=== 
=case          ejabberd_SUITE:mam_archived_and_stanza_id_slave
=group_props   [{name,"mam_archived_and_stanza_id"}]
=started       2024-12-18 20:48:44
=result        skipped: {disabled_backend,mssql}
=== *** Skipping test case #1072 {ejabberd_SUITE,mam_archived_and_stanza_id_slave} ***
=== 
=case          ejabberd_SUITE:mam_query_all_master
=group_props   [{name,"mam_query_all"}]
=started       2024-12-18 20:48:44
=result        skipped: {disabled_backend,mssql}
=== *** Skipping test case #1073 {ejabberd_SUITE,mam_query_all_master} ***
=== 
=case          ejabberd_SUITE:mam_query_all_slave
=group_props   [{name,"mam_query_all"}]
=started       2024-12-18 20:48:44
=result        skipped: {disabled_backend,mssql}
=== *** Skipping test case #1074 {ejabberd_SUITE,mam_query_all_slave} ***
=== 
=case          ejabberd_SUITE:mam_query_with_master
=group_props   [{name,"mam_query_with"}]
=started       2024-12-18 20:48:44
=result        skipped: {disabled_backend,mssql}
=== *** Skipping test case #1075 {ejabberd_SUITE,mam_query_with_master} ***
=== 
=case          ejabberd_SUITE:mam_query_with_slave
=group_props   [{name,"mam_query_with"}]
=started       2024-12-18 20:48:44
=result        skipped: {disabled_backend,mssql}
=== *** Skipping test case #1076 {ejabberd_SUITE,mam_query_with_slave} ***
=== 
=case          ejabberd_SUITE:mam_query_rsm_max_master
=group_props   [{name,"mam_query_rsm_max"}]
=started       2024-12-18 20:48:44
=result        skipped: {disabled_backend,mssql}
=== *** Skipping test case #1077 {ejabberd_SUITE,mam_query_rsm_max_master} ***
=== 
=case          ejabberd_SUITE:mam_query_rsm_max_slave
=group_props   [{name,"mam_query_rsm_max"}]
=started       2024-12-18 20:48:44
=result        skipped: {disabled_backend,mssql}
=== *** Skipping test case #1078 {ejabberd_SUITE,mam_query_rsm_max_slave} ***
=== 
=case          ejabberd_SUITE:mam_query_rsm_after_master
=group_props   [{name,"mam_query_rsm_after"}]
=started       2024-12-18 20:48:44
=result        skipped: {disabled_backend,mssql}
=== *** Skipping test case #1079 {ejabberd_SUITE,mam_query_rsm_after_master} ***
=== 
=case          ejabberd_SUITE:mam_query_rsm_after_slave
=group_props   [{name,"mam_query_rsm_after"}]
=started       2024-12-18 20:48:44
=result        skipped: {disabled_backend,mssql}
=== *** Skipping test case #1080 {ejabberd_SUITE,mam_query_rsm_after_slave} ***
=== 
=case          ejabberd_SUITE:mam_query_rsm_before_master
=group_props   [{name,"mam_query_rsm_before"}]
=started       2024-12-18 20:48:44
=result        skipped: {disabled_backend,mssql}
=== *** Skipping test case #1081 {ejabberd_SUITE,mam_query_rsm_before_master} ***
=== 
=case          ejabberd_SUITE:mam_query_rsm_before_slave
=group_props   [{name,"mam_query_rsm_before"}]
=started       2024-12-18 20:48:44
=result        skipped: {disabled_backend,mssql}
=== *** Skipping test case #1082 {ejabberd_SUITE,mam_query_rsm_before_slave} ***
=== 
=case          ejabberd_SUITE:mam_muc_master
=group_props   [{name,"mam_muc"}]
=started       2024-12-18 20:48:44
=result        skipped: {disabled_backend,mssql}
=== *** Skipping test case #1083 {ejabberd_SUITE,mam_muc_master} ***
=== 
=case          ejabberd_SUITE:mam_muc_slave
=group_props   [{name,"mam_muc"}]
=started       2024-12-18 20:48:44
=result        skipped: {disabled_backend,mssql}
=== *** Skipping test case #1084 {ejabberd_SUITE,mam_muc_slave} ***
=== 
=case          ejabberd_SUITE:mam_mucsub_master
=group_props   [{name,"mam_mucsub"}]
=started       2024-12-18 20:48:44
=result        skipped: {disabled_backend,mssql}
=== *** Skipping test case #1085 {ejabberd_SUITE,mam_mucsub_master} ***
=== 
=case          ejabberd_SUITE:mam_mucsub_slave
=group_props   [{name,"mam_mucsub"}]
=started       2024-12-18 20:48:44
=result        skipped: {disabled_backend,mssql}
=== *** Skipping test case #1086 {ejabberd_SUITE,mam_mucsub_slave} ***
=== 
=case          ejabberd_SUITE:mam_mucsub_from_muc_master
=group_props   [{name,"mam_mucsub_from_muc"}]
=started       2024-12-18 20:48:44
=result        skipped: {disabled_backend,mssql}
=== *** Skipping test case #1087 {ejabberd_SUITE,mam_mucsub_from_muc_master} ***
=== 
=case          ejabberd_SUITE:mam_mucsub_from_muc_slave
=group_props   [{name,"mam_mucsub_from_muc"}]
=started       2024-12-18 20:48:44
=result        skipped: {disabled_backend,mssql}
=== *** Skipping test case #1088 {ejabberd_SUITE,mam_mucsub_from_muc_slave} ***
=== 
=case          ejabberd_SUITE:mam_mucsub_from_muc_non_persistent_master
=group_props   [{name,"mam_mucsub_from_muc_non_persistent"}]
=started       2024-12-18 20:48:44
=result        skipped: {disabled_backend,mssql}
=== *** Skipping test case #1089 {ejabberd_SUITE,mam_mucsub_from_muc_non_persistent_master} ***
=== 
=case          ejabberd_SUITE:mam_mucsub_from_muc_non_persistent_slave
=group_props   [{name,"mam_mucsub_from_muc_non_persistent"}]
=started       2024-12-18 20:48:44
=result        skipped: {disabled_backend,mssql}
=== *** Skipping test case #1090 {ejabberd_SUITE,mam_mucsub_from_muc_non_persistent_slave} ***
=== 
=case          ejabberd_SUITE:announce_set_motd_master
=group_props   [{name,"announce_set_motd"}]
=started       2024-12-18 20:48:44
=result        skipped: {disabled_backend,mssql}
=== *** Skipping test case #1091 {ejabberd_SUITE,announce_set_motd_master} ***
=== 
=case          ejabberd_SUITE:announce_set_motd_slave
=group_props   [{name,"announce_set_motd"}]
=started       2024-12-18 20:48:44
=result        skipped: {disabled_backend,mssql}
=== *** Skipping test case #1092 {ejabberd_SUITE,announce_set_motd_slave} ***
=== 
=case          ejabberd_SUITE:push_sm_master
=group_props   [{name,"push_sm"}]
=started       2024-12-18 20:48:44
=result        skipped: {disabled_backend,mssql}
=== *** Skipping test case #1093 {ejabberd_SUITE,push_sm_master} ***
=== 
=case          ejabberd_SUITE:push_sm_slave
=group_props   [{name,"push_sm"}]
=started       2024-12-18 20:48:44
=result        skipped: {disabled_backend,mssql}
=== *** Skipping test case #1094 {ejabberd_SUITE,push_sm_slave} ***
=== 
=case          ejabberd_SUITE:push_offline_master
=group_props   [{name,"push_offline"}]
=started       2024-12-18 20:48:44
=result        skipped: {disabled_backend,mssql}
=== *** Skipping test case #1095 {ejabberd_SUITE,push_offline_master} ***
=== 
=case          ejabberd_SUITE:push_offline_slave
=group_props   [{name,"push_offline"}]
=started       2024-12-18 20:48:44
=result        skipped: {disabled_backend,mssql}
=== *** Skipping test case #1096 {ejabberd_SUITE,push_offline_slave} ***
=== 
=case          ejabberd_SUITE:push_mam_master
=group_props   [{name,"push_mam"}]
=started       2024-12-18 20:48:44
=result        skipped: {disabled_backend,mssql}
=== *** Skipping test case #1097 {ejabberd_SUITE,push_mam_master} ***
=== 
=case          ejabberd_SUITE:push_mam_slave
=group_props   [{name,"push_mam"}]
=started       2024-12-18 20:48:44
=result        skipped: {disabled_backend,mssql}
=== *** Skipping test case #1098 {ejabberd_SUITE,push_mam_slave} ***
=== 
=case          ejabberd_SUITE:end_per_group
=group_props   [{name,"mssql"}]
=started       2024-12-18 20:48:44
=result        skipped: {disabled_backend,mssql}
=== *** Skipping {ejabberd_SUITE,end_per_group} ***
=case          ejabberd_SUITE:init_per_group
=logfile       ejabberd_suite.init_per_group.46146.html
=group_props   [{name,pgsql},sequence]
=started       2024-12-18 20:48:44
=ended         2024-12-18 20:48:44
=result        ok
=elapsed       0.044785s
=case          ejabberd_SUITE:init_per_group
=logfile       ejabberd_suite.init_per_group.46178.html
=group_props   [{name,single_user},sequence]
=started       2024-12-18 20:48:44
=ended         2024-12-18 20:48:44
=result        ok
=elapsed       0.000003s
=case          ejabberd_SUITE:test_register
=logfile       ejabberd_suite.test_register.46210.html
=started       2024-12-18 20:48:44
=ended         2024-12-18 20:48:44
=result        ok
=elapsed       0.353811s
=case          ejabberd_SUITE:init_per_group
=logfile       ejabberd_suite.init_per_group.39971.html
=group_props   [{name,legacy_auth},parallel]
=started       2024-12-18 20:48:44
=ended         2024-12-18 20:48:45
=result        ok
=elapsed       0.000003s
=case          ejabberd_SUITE:test_legacy_auth_feature
=logfile       ejabberd_suite.test_legacy_auth_feature.46306.html
=started       2024-12-18 20:48:45
=ended         2024-12-18 20:48:45
=result        ok
=elapsed       0.000673s
=case          ejabberd_SUITE:test_legacy_auth
=logfile       ejabberd_suite.test_legacy_auth.46338.html
=started       2024-12-18 20:48:45
=ended         2024-12-18 20:48:45
=result        ok
=elapsed       0.273384s
=case          ejabberd_SUITE:test_legacy_auth_digest
=logfile       ejabberd_suite.test_legacy_auth_digest.46402.html
=started       2024-12-18 20:48:45
=ended         2024-12-18 20:48:45
=result        ok
=elapsed       0.278143s
=case          ejabberd_SUITE:test_legacy_auth_no_resource
=logfile       ejabberd_suite.test_legacy_auth_no_resource.46370.html
=started       2024-12-18 20:48:45
=ended         2024-12-18 20:48:45
=result        ok
=elapsed       0.001525s
=case          ejabberd_SUITE:test_legacy_auth_bad_jid
=logfile       ejabberd_suite.test_legacy_auth_bad_jid.40035.html
=started       2024-12-18 20:48:45
=ended         2024-12-18 20:48:45
=result        ok
=elapsed       0.001898s
=case          ejabberd_SUITE:test_legacy_auth_fail
=logfile       ejabberd_suite.test_legacy_auth_fail.40003.html
=started       2024-12-18 20:48:45
=ended         2024-12-18 20:48:45
=result        ok
=elapsed       0.042021s
=case          ejabberd_SUITE:end_per_group
=logfile       ejabberd_suite.end_per_group.30116.html
=group_props   [{name,legacy_auth},parallel]
=started       2024-12-18 20:48:45
=ended         2024-12-18 20:48:45
=result        ok
=elapsed       0.000009s
=group_time    0.340s
=case          ejabberd_SUITE:auth_plain
=logfile       ejabberd_suite.auth_plain.30148.html
=started       2024-12-18 20:48:45
=ended         2024-12-18 20:48:45
=result        ok
=elapsed       0.001322s
=case          ejabberd_SUITE:auth_md5
=logfile       ejabberd_suite.auth_md5.30180.html
=started       2024-12-18 20:48:45
=ended         2024-12-18 20:48:45
=result        ok
=elapsed       0.001998s
=case          ejabberd_SUITE:presence_broadcast
=logfile       ejabberd_suite.presence_broadcast.30244.html
=started       2024-12-18 20:48:45
=ended         2024-12-18 20:48:46
=result        ok
=elapsed       0.645520s
=case          ejabberd_SUITE:last
=logfile       ejabberd_suite.last.30340.html
=started       2024-12-18 20:48:46
=ended         2024-12-18 20:48:46
=result        ok
=elapsed       0.104277s
=case          ejabberd_SUITE:init_per_group
=logfile       ejabberd_suite.init_per_group.30404.html
=group_props   [{name,webadmin_single},sequence]
=started       2024-12-18 20:48:46
=ended         2024-12-18 20:48:46
=result        ok
=elapsed       0.000003s
=case          ejabberd_SUITE:webadmin_login_page
=logfile       ejabberd_suite.webadmin_login_page.30436.html
=started       2024-12-18 20:48:46
=ended         2024-12-18 20:48:46
=result        ok
=elapsed       0.000360s
=case          ejabberd_SUITE:webadmin_welcome_page
=logfile       ejabberd_suite.webadmin_welcome_page.30468.html
=started       2024-12-18 20:48:46
=ended         2024-12-18 20:48:46
=result        ok
=elapsed       0.003051s
=case          ejabberd_SUITE:webadmin_user_page
=logfile       ejabberd_suite.webadmin_user_page.30500.html
=started       2024-12-18 20:48:46
=ended         2024-12-18 20:48:46
=result        ok
=elapsed       0.045138s
=case          ejabberd_SUITE:webadmin_adduser
=logfile       ejabberd_suite.webadmin_adduser.46498.html
=started       2024-12-18 20:48:46
=ended         2024-12-18 20:48:46
=result        ok
=elapsed       0.008231s
=case          ejabberd_SUITE:webadmin_changepassword
=logfile       ejabberd_suite.webadmin_changepassword.46530.html
=started       2024-12-18 20:48:46
=ended         2024-12-18 20:48:46
=result        ok
=elapsed       0.047147s
=case          ejabberd_SUITE:webadmin_removeuser
=logfile       ejabberd_suite.webadmin_removeuser.46562.html
=started       2024-12-18 20:48:46
=ended         2024-12-18 20:48:47
=result        ok
=elapsed       0.751619s
=case          ejabberd_SUITE:end_per_group
=logfile       ejabberd_suite.end_per_group.46594.html
=group_props   [{name,webadmin_single},sequence]
=started       2024-12-18 20:48:47
=ended         2024-12-18 20:48:47
=result        ok
=elapsed       0.000011s
=group_time    1.035s
=case          ejabberd_SUITE:init_per_group
=logfile       ejabberd_suite.init_per_group.46626.html
=group_props   [{name,roster_single},sequence]
=started       2024-12-18 20:48:47
=ended         2024-12-18 20:48:47
=result        ok
=elapsed       0.000003s
=case          ejabberd_SUITE:roster_feature_enabled
=logfile       ejabberd_suite.roster_feature_enabled.46658.html
=started       2024-12-18 20:48:47
=ended         2024-12-18 20:48:47
=result        ok
=elapsed       0.102772s
=case          ejabberd_SUITE:roster_iq_set_many_items
=logfile       ejabberd_suite.roster_iq_set_many_items.46722.html
=started       2024-12-18 20:48:47
=ended         2024-12-18 20:48:47
=result        ok
=elapsed       0.102678s
=case          ejabberd_SUITE:roster_iq_set_duplicated_groups
=logfile       ejabberd_suite.roster_iq_set_duplicated_groups.46754.html
=started       2024-12-18 20:48:47
=ended         2024-12-18 20:48:47
=result        ok
=elapsed       0.103732s
=case          ejabberd_SUITE:roster_iq_get_item
=logfile       ejabberd_suite.roster_iq_get_item.46818.html
=started       2024-12-18 20:48:47
=ended         2024-12-18 20:48:47
=result        ok
=elapsed       0.103593s
=case          ejabberd_SUITE:roster_iq_unexpected_element
=logfile       ejabberd_suite.roster_iq_unexpected_element.46882.html
=started       2024-12-18 20:48:47
=ended         2024-12-18 20:48:47
=result        ok
=elapsed       0.104099s
=case          ejabberd_SUITE:roster_iq_set_ask
=logfile       ejabberd_suite.roster_iq_set_ask.46914.html
=started       2024-12-18 20:48:47
=ended         2024-12-18 20:48:48
=result        ok
=elapsed       0.103248s
=case          ejabberd_SUITE:roster_set_item
=logfile       ejabberd_suite.roster_set_item.46946.html
=started       2024-12-18 20:48:48
=ended         2024-12-18 20:48:48
=result        ok
=elapsed       0.553416s
=case          ejabberd_SUITE:roster_version
=logfile       ejabberd_suite.roster_version.40483.html
=started       2024-12-18 20:48:48
=ended         2024-12-18 20:48:48
=result        ok
=elapsed       0.150035s
=case          ejabberd_SUITE:end_per_group
=logfile       ejabberd_suite.end_per_group.40515.html
=group_props   [{name,roster_single},sequence]
=started       2024-12-18 20:48:48
=ended         2024-12-18 20:48:48
=result        ok
=elapsed       0.000003s
=group_time    1.597s
=case          ejabberd_SUITE:init_per_group
=logfile       ejabberd_suite.init_per_group.47202.html
=group_props   [{name,private_single},sequence]
=started       2024-12-18 20:48:48
=ended         2024-12-18 20:48:48
=result        ok
=elapsed       0.000002s
=case          ejabberd_SUITE:private_test_features
=logfile       ejabberd_suite.private_test_features.40547.html
=started       2024-12-18 20:48:48
=ended         2024-12-18 20:48:49
=result        ok
=elapsed       0.103482s
=case          ejabberd_SUITE:private_test_no_namespace
=logfile       ejabberd_suite.private_test_no_namespace.47234.html
=started       2024-12-18 20:48:49
=ended         2024-12-18 20:48:49
=result        ok
=elapsed       0.102995s
=case          ejabberd_SUITE:private_test_set_get
=logfile       ejabberd_suite.private_test_set_get.47266.html
=started       2024-12-18 20:48:49
=ended         2024-12-18 20:48:49
=result        ok
=elapsed       0.701007s
=case          ejabberd_SUITE:private_test_published
=logfile       ejabberd_suite.private_test_published.47330.html
=started       2024-12-18 20:48:49
=ended         2024-12-18 20:48:50
=result        ok
=elapsed       0.281339s
=case          ejabberd_SUITE:end_per_group
=logfile       ejabberd_suite.end_per_group.47426.html
=group_props   [{name,private_single},sequence]
=started       2024-12-18 20:48:50
=ended         2024-12-18 20:48:50
=result        ok
=elapsed       0.000008s
=group_time    1.334s
=case          ejabberd_SUITE:init_per_group
=logfile       ejabberd_suite.init_per_group.47458.html
=group_props   [{name,privacy_single},sequence]
=started       2024-12-18 20:48:50
=ended         2024-12-18 20:48:50
=result        ok
=elapsed       0.000003s
=case          ejabberd_SUITE:privacy_feature_enabled
=logfile       ejabberd_suite.privacy_feature_enabled.47490.html
=started       2024-12-18 20:48:50
=ended         2024-12-18 20:48:50
=result        ok
=elapsed       0.103705s
=case          ejabberd_SUITE:privacy_set_get_list
=logfile       ejabberd_suite.privacy_set_get_list.47554.html
=started       2024-12-18 20:48:50
=ended         2024-12-18 20:48:50
=result        ok
=elapsed       0.280998s
=case          ejabberd_SUITE:privacy_get_list_non_existent
=logfile       ejabberd_suite.privacy_get_list_non_existent.47586.html
=started       2024-12-18 20:48:50
=ended         2024-12-18 20:48:50
=result        ok
=elapsed       0.103706s
=case          ejabberd_SUITE:privacy_get_empty_lists
=logfile       ejabberd_suite.privacy_get_empty_lists.47682.html
=started       2024-12-18 20:48:50
=ended         2024-12-18 20:48:51
=result        ok
=elapsed       0.103184s
=case          ejabberd_SUITE:privacy_set_default
=logfile       ejabberd_suite.privacy_set_default.47746.html
=started       2024-12-18 20:48:51
=ended         2024-12-18 20:48:51
=result        ok
=elapsed       0.197994s
=case          ejabberd_SUITE:privacy_del_default
=logfile       ejabberd_suite.privacy_del_default.47810.html
=started       2024-12-18 20:48:51
=ended         2024-12-18 20:48:51
=result        ok
=elapsed       0.151024s
=case          ejabberd_SUITE:privacy_set_default_non_existent
=logfile       ejabberd_suite.privacy_set_default_non_existent.47906.html
=started       2024-12-18 20:48:51
=ended         2024-12-18 20:48:51
=result        ok
=elapsed       0.103320s
=case          ejabberd_SUITE:privacy_set_active
=logfile       ejabberd_suite.privacy_set_active.48002.html
=started       2024-12-18 20:48:51
=ended         2024-12-18 20:48:51
=result        ok
=elapsed       0.149688s
=case          ejabberd_SUITE:privacy_del_active
=logfile       ejabberd_suite.privacy_del_active.48098.html
=started       2024-12-18 20:48:51
=ended         2024-12-18 20:48:51
=result        ok
=elapsed       0.150442s
=case          ejabberd_SUITE:privacy_set_active_non_existent
=logfile       ejabberd_suite.privacy_set_active_non_existent.48162.html
=started       2024-12-18 20:48:51
=ended         2024-12-18 20:48:52
=result        ok
=elapsed       0.103628s
=case          ejabberd_SUITE:privacy_remove_list
=logfile       ejabberd_suite.privacy_remove_list.48258.html
=started       2024-12-18 20:48:52
=ended         2024-12-18 20:48:52
=result        ok
=elapsed       0.194199s
=case          ejabberd_SUITE:privacy_remove_default_list
=logfile       ejabberd_suite.privacy_remove_default_list.48354.html
=started       2024-12-18 20:48:52
=ended         2024-12-18 20:48:52
=result        ok
=elapsed       0.150720s
=case          ejabberd_SUITE:privacy_remove_active_list
=logfile       ejabberd_suite.privacy_remove_active_list.48418.html
=started       2024-12-18 20:48:52
=ended         2024-12-18 20:48:52
=result        ok
=elapsed       0.151917s
=case          ejabberd_SUITE:privacy_remove_list_non_existent
=logfile       ejabberd_suite.privacy_remove_list_non_existent.48514.html
=started       2024-12-18 20:48:52
=ended         2024-12-18 20:48:52
=result        ok
=elapsed       0.103425s
=case          ejabberd_SUITE:privacy_allow_local_server
=logfile       ejabberd_suite.privacy_allow_local_server.48578.html
=started       2024-12-18 20:48:52
=ended         2024-12-18 20:48:52
=result        ok
=elapsed       0.197724s
=case          ejabberd_SUITE:privacy_malformed_iq_query
=logfile       ejabberd_suite.privacy_malformed_iq_query.48642.html
=started       2024-12-18 20:48:52
=ended         2024-12-18 20:48:53
=result        ok
=elapsed       0.103272s
=case          ejabberd_SUITE:privacy_malformed_get
=logfile       ejabberd_suite.privacy_malformed_get.48674.html
=started       2024-12-18 20:48:53
=ended         2024-12-18 20:48:53
=result        ok
=elapsed       0.106387s
=case          ejabberd_SUITE:privacy_malformed_set
=logfile       ejabberd_suite.privacy_malformed_set.48738.html
=started       2024-12-18 20:48:53
=ended         2024-12-18 20:48:53
=result        ok
=elapsed       0.104901s
=case          ejabberd_SUITE:privacy_malformed_type_value
=logfile       ejabberd_suite.privacy_malformed_type_value.41059.html
=started       2024-12-18 20:48:53
=ended         2024-12-18 20:48:53
=result        ok
=elapsed       0.104580s
=case          ejabberd_SUITE:privacy_set_get_block
=logfile       ejabberd_suite.privacy_set_get_block.48834.html
=started       2024-12-18 20:48:53
=ended         2024-12-18 20:48:53
=result        ok
=elapsed       0.239306s
=case          ejabberd_SUITE:end_per_group
=logfile       ejabberd_suite.end_per_group.48898.html
=group_props   [{name,privacy_single},sequence]
=started       2024-12-18 20:48:53
=ended         2024-12-18 20:48:53
=result        ok
=elapsed       0.000003s
=group_time    3.546s
=case          ejabberd_SUITE:init_per_group
=logfile       ejabberd_suite.init_per_group.48930.html
=group_props   [{name,vcard_single},sequence]
=started       2024-12-18 20:48:53
=ended         2024-12-18 20:48:53
=result        ok
=elapsed       0.000004s
=case          ejabberd_SUITE:vcard_feature_enabled
=logfile       ejabberd_suite.vcard_feature_enabled.48962.html
=started       2024-12-18 20:48:53
=ended         2024-12-18 20:48:53
=result        ok
=elapsed       0.104387s
=case          ejabberd_SUITE:vcard_get_set
=logfile       ejabberd_suite.vcard_get_set.49026.html
=started       2024-12-18 20:48:53
=ended         2024-12-18 20:48:54
=result        ok
=elapsed       0.192150s
=case          ejabberd_SUITE:vcard_service_vcard
=logfile       ejabberd_suite.vcard_service_vcard.49090.html
=started       2024-12-18 20:48:54
=ended         2024-12-18 20:48:54
=result        ok
=elapsed       0.103384s
=case          ejabberd_SUITE:end_per_group
=logfile       ejabberd_suite.end_per_group.49154.html
=group_props   [{name,vcard_single},sequence]
=started       2024-12-18 20:48:54
=ended         2024-12-18 20:48:54
=result        ok
=elapsed       0.000008s
=group_time    0.516s
=case          ejabberd_SUITE:init_per_group
=logfile       ejabberd_suite.init_per_group.49186.html
=group_props   [{name,pubsub_single},sequence]
=started       2024-12-18 20:48:54
=ended         2024-12-18 20:48:54
=result        ok
=elapsed       0.000003s
=case          ejabberd_SUITE:pubsub_test_features
=logfile       ejabberd_suite.pubsub_test_features.49218.html
=started       2024-12-18 20:48:54
=ended         2024-12-18 20:48:54
=result        ok
=elapsed       0.103484s
=case          ejabberd_SUITE:pubsub_test_vcard
=logfile       ejabberd_suite.pubsub_test_vcard.49282.html
=started       2024-12-18 20:48:54
=ended         2024-12-18 20:48:54
=result        ok
=elapsed       0.103371s
=case          ejabberd_SUITE:pubsub_test_create
=logfile       ejabberd_suite.pubsub_test_create.49346.html
=started       2024-12-18 20:48:54
=ended         2024-12-18 20:48:54
=result        ok
=elapsed       0.107564s
=case          ejabberd_SUITE:pubsub_test_configure
=logfile       ejabberd_suite.pubsub_test_configure.49442.html
=started       2024-12-18 20:48:54
=ended         2024-12-18 20:48:55
=result        ok
=elapsed       0.197537s
=case          ejabberd_SUITE:pubsub_test_delete
=logfile       ejabberd_suite.pubsub_test_delete.49538.html
=started       2024-12-18 20:48:55
=ended         2024-12-18 20:48:55
=result        ok
=elapsed       0.105558s
=case          ejabberd_SUITE:pubsub_test_get_affiliations
=logfile       ejabberd_suite.pubsub_test_get_affiliations.49602.html
=started       2024-12-18 20:48:55
=ended         2024-12-18 20:48:55
=result        ok
=elapsed       0.148748s
=case          ejabberd_SUITE:pubsub_test_get_subscriptions
=logfile       ejabberd_suite.pubsub_test_get_subscriptions.49634.html
=started       2024-12-18 20:48:55
=ended         2024-12-18 20:48:55
=result        ok
=elapsed       0.201913s
=case          ejabberd_SUITE:pubsub_test_create_instant
=logfile       ejabberd_suite.pubsub_test_create_instant.49698.html
=started       2024-12-18 20:48:55
=ended         2024-12-18 20:48:55
=result        ok
=elapsed       0.111476s
=case          ejabberd_SUITE:pubsub_test_default
=logfile       ejabberd_suite.pubsub_test_default.49762.html
=started       2024-12-18 20:48:55
=ended         2024-12-18 20:48:55
=result        ok
=elapsed       0.104329s
=case          ejabberd_SUITE:pubsub_test_create_configure
=logfile       ejabberd_suite.pubsub_test_create_configure.49826.html
=started       2024-12-18 20:48:55
=ended         2024-12-18 20:48:56
=result        ok
=elapsed       0.116045s
=case          ejabberd_SUITE:pubsub_test_publish
=logfile       ejabberd_suite.pubsub_test_publish.49890.html
=started       2024-12-18 20:48:56
=ended         2024-12-18 20:48:56
=result        ok
=elapsed       0.114187s
=case          ejabberd_SUITE:pubsub_test_auto_create
=logfile       ejabberd_suite.pubsub_test_auto_create.49954.html
=started       2024-12-18 20:48:56
=ended         2024-12-18 20:48:56
=result        ok
=elapsed       0.113483s
=case          ejabberd_SUITE:pubsub_test_get_items
=logfile       ejabberd_suite.pubsub_test_get_items.49986.html
=started       2024-12-18 20:48:56
=ended         2024-12-18 20:48:56
=result        ok
=elapsed       0.125730s
=case          ejabberd_SUITE:pubsub_test_delete_item
=logfile       ejabberd_suite.pubsub_test_delete_item.50082.html
=started       2024-12-18 20:48:56
=ended         2024-12-18 20:48:56
=result        ok
=elapsed       0.165321s
=case          ejabberd_SUITE:pubsub_test_purge
=logfile       ejabberd_suite.pubsub_test_purge.50114.html
=started       2024-12-18 20:48:56
=ended         2024-12-18 20:48:56
=result        ok
=elapsed       0.218108s
=case          ejabberd_SUITE:pubsub_test_subscribe
=logfile       ejabberd_suite.pubsub_test_subscribe.50210.html
=started       2024-12-18 20:48:56
=ended         2024-12-18 20:48:57
=result        ok
=elapsed       0.115768s
=case          ejabberd_SUITE:pubsub_test_subscribe_max_item_1
=logfile       ejabberd_suite.pubsub_test_subscribe_max_item_1.50306.html
=started       2024-12-18 20:48:57
=ended         2024-12-18 20:48:57
=result        ok
=elapsed       0.116224s
=case          ejabberd_SUITE:pubsub_test_unsubscribe
=logfile       ejabberd_suite.pubsub_test_unsubscribe.50338.html
=started       2024-12-18 20:48:57
=ended         2024-12-18 20:48:57
=result        ok
=elapsed       0.161971s
=case          ejabberd_SUITE:end_per_group
=logfile       ejabberd_suite.end_per_group.50402.html
=group_props   [{name,pubsub_single},sequence]
=started       2024-12-18 20:48:57
=ended         2024-12-18 20:48:57
=result        ok
=elapsed       0.000003s
=group_time    3.007s
=case          ejabberd_SUITE:init_per_group
=logfile       ejabberd_suite.init_per_group.50434.html
=group_props   [{name,muc_single},sequence]
=started       2024-12-18 20:48:57
=ended         2024-12-18 20:48:57
=result        ok
=elapsed       0.000003s
=case          ejabberd_SUITE:muc_service_presence_error
=logfile       ejabberd_suite.muc_service_presence_error.50466.html
=started       2024-12-18 20:48:57
=ended         2024-12-18 20:48:57
=result        ok
=elapsed       0.193211s
=case          ejabberd_SUITE:muc_service_message_error
=logfile       ejabberd_suite.muc_service_message_error.50562.html
=started       2024-12-18 20:48:57
=ended         2024-12-18 20:48:57
=result        ok
=elapsed       0.191064s
=case          ejabberd_SUITE:muc_service_unknown_ns_iq_error
=logfile       ejabberd_suite.muc_service_unknown_ns_iq_error.50626.html
=started       2024-12-18 20:48:57
=ended         2024-12-18 20:48:58
=result        ok
=elapsed       0.191144s
=case          ejabberd_SUITE:muc_service_iq_set_error
=logfile       ejabberd_suite.muc_service_iq_set_error.50690.html
=started       2024-12-18 20:48:58
=ended         2024-12-18 20:48:58
=result        ok
=elapsed       0.320521s
=case          ejabberd_SUITE:muc_service_improper_iq_error
=logfile       ejabberd_suite.muc_service_improper_iq_error.50722.html
=started       2024-12-18 20:48:58
=ended         2024-12-18 20:48:58
=result        ok
=elapsed       0.286898s
=case          ejabberd_SUITE:muc_service_features
=logfile       ejabberd_suite.muc_service_features.50786.html
=started       2024-12-18 20:48:58
=ended         2024-12-18 20:48:58
=result        ok
=elapsed       0.102828s
=case          ejabberd_SUITE:muc_service_disco_info_node_error
=logfile       ejabberd_suite.muc_service_disco_info_node_error.50850.html
=started       2024-12-18 20:48:58
=ended         2024-12-18 20:48:59
=result        ok
=elapsed       0.102401s
=case          ejabberd_SUITE:muc_service_disco_items
=logfile       ejabberd_suite.muc_service_disco_items.50946.html
=started       2024-12-18 20:48:59
=ended         2024-12-18 20:48:59
=result        ok
=elapsed       0.712351s
=case          ejabberd_SUITE:muc_service_unique
=logfile       ejabberd_suite.muc_service_unique.51074.html
=started       2024-12-18 20:48:59
=ended         2024-12-18 20:48:59
=result        ok
=elapsed       0.103317s
=case          ejabberd_SUITE:muc_service_vcard
=logfile       ejabberd_suite.muc_service_vcard.51138.html
=started       2024-12-18 20:48:59
=ended         2024-12-18 20:49:00
=result        ok
=elapsed       0.103364s
=case          ejabberd_SUITE:muc_configure_non_existent
=logfile       ejabberd_suite.muc_configure_non_existent.51202.html
=started       2024-12-18 20:49:00
=ended         2024-12-18 20:49:00
=result        ok
=elapsed       0.106992s
=case          ejabberd_SUITE:muc_cancel_configure_non_existent
=logfile       ejabberd_suite.muc_cancel_configure_non_existent.51234.html
=started       2024-12-18 20:49:00
=ended         2024-12-18 20:49:00
=result        ok
=elapsed       0.105256s
=case          ejabberd_SUITE:muc_service_subscriptions
=logfile       ejabberd_suite.muc_service_subscriptions.51266.html
=started       2024-12-18 20:49:00
=ended         2024-12-18 20:49:00
=result        ok
=elapsed       0.307379s
=case          ejabberd_SUITE:muc_set_room_affiliation
=logfile       ejabberd_suite.muc_set_room_affiliation.51394.html
=started       2024-12-18 20:49:00
=ended         2024-12-18 20:49:00
=result        ok
=elapsed       0.114713s
=case          ejabberd_SUITE:end_per_group
=logfile       ejabberd_suite.end_per_group.31108.html
=group_props   [{name,muc_single},sequence]
=started       2024-12-18 20:49:00
=ended         2024-12-18 20:49:00
=result        ok
=elapsed       0.000004s
=group_time    3.401s
=case          ejabberd_SUITE:init_per_group
=logfile       ejabberd_suite.init_per_group.31140.html
=group_props   [{name,offline_single},sequence]
=started       2024-12-18 20:49:00
=ended         2024-12-18 20:49:00
=result        ok
=elapsed       0.000003s
=case          ejabberd_SUITE:offline_feature_enabled
=logfile       ejabberd_suite.offline_feature_enabled.31172.html
=started       2024-12-18 20:49:00
=ended         2024-12-18 20:49:00
=result        ok
=elapsed       0.103421s
=case          ejabberd_SUITE:offline_check_identity
=logfile       ejabberd_suite.offline_check_identity.31236.html
=started       2024-12-18 20:49:00
=ended         2024-12-18 20:49:01
=result        ok
=elapsed       0.103915s
=case          ejabberd_SUITE:offline_send_non_existent
=logfile       ejabberd_suite.offline_send_non_existent.31332.html
=started       2024-12-18 20:49:01
=ended         2024-12-18 20:49:01
=result        ok
=elapsed       0.103389s
=case          ejabberd_SUITE:offline_view_non_existent
=logfile       ejabberd_suite.offline_view_non_existent.31396.html
=started       2024-12-18 20:49:01
=ended         2024-12-18 20:49:01
=result        ok
=elapsed       0.145528s
=case          ejabberd_SUITE:offline_remove_non_existent
=logfile       ejabberd_suite.offline_remove_non_existent.31460.html
=started       2024-12-18 20:49:01
=ended         2024-12-18 20:49:01
=result        ok
=elapsed       0.145679s
=case          ejabberd_SUITE:offline_view_non_integer
=logfile       ejabberd_suite.offline_view_non_integer.51586.html
=started       2024-12-18 20:49:01
=ended         2024-12-18 20:49:01
=result        ok
=elapsed       0.103442s
=case          ejabberd_SUITE:offline_remove_non_integer
=logfile       ejabberd_suite.offline_remove_non_integer.31556.html
=started       2024-12-18 20:49:01
=ended         2024-12-18 20:49:01
=result        ok
=elapsed       0.102415s
=case          ejabberd_SUITE:offline_malformed_iq
=logfile       ejabberd_suite.offline_malformed_iq.31620.html
=started       2024-12-18 20:49:01
=ended         2024-12-18 20:49:02
=result        ok
=elapsed       0.105368s
=case          ejabberd_SUITE:offline_wrong_user
=logfile       ejabberd_suite.offline_wrong_user.31684.html
=started       2024-12-18 20:49:02
=ended         2024-12-18 20:49:02
=result        ok
=elapsed       0.110222s
=case          ejabberd_SUITE:offline_unsupported_iq
=logfile       ejabberd_suite.offline_unsupported_iq.51778.html
=started       2024-12-18 20:49:02
=ended         2024-12-18 20:49:02
=result        ok
=elapsed       0.103245s
=case          ejabberd_SUITE:end_per_group
=logfile       ejabberd_suite.end_per_group.31716.html
=group_props   [{name,offline_single},sequence]
=started       2024-12-18 20:49:02
=ended         2024-12-18 20:49:02
=result        ok
=elapsed       0.000008s
=group_time    1.455s
=case          ejabberd_SUITE:init_per_group
=logfile       ejabberd_suite.init_per_group.31748.html
=group_props   [{name,mam_single},sequence]
=started       2024-12-18 20:49:02
=ended         2024-12-18 20:49:02
=result        ok
=elapsed       0.000002s
=case          ejabberd_SUITE:mam_feature_enabled
=logfile       ejabberd_suite.mam_feature_enabled.31780.html
=started       2024-12-18 20:49:02
=ended         2024-12-18 20:49:02
=result        ok
=elapsed       0.105427s
=case          ejabberd_SUITE:mam_get_set_prefs
=logfile       ejabberd_suite.mam_get_set_prefs.31876.html
=started       2024-12-18 20:49:02
=ended         2024-12-18 20:49:04
=result        ok
=elapsed       1.908113s
=case          ejabberd_SUITE:mam_get_form
=logfile       ejabberd_suite.mam_get_form.51874.html
=started       2024-12-18 20:49:04
=ended         2024-12-18 20:49:04
=result        ok
=elapsed       0.107098s
=case          ejabberd_SUITE:mam_fake_by
=logfile       ejabberd_suite.mam_fake_by.51970.html
=started       2024-12-18 20:49:04
=ended         2024-12-18 20:49:04
=result        ok
=elapsed       0.103850s
=case          ejabberd_SUITE:end_per_group
=logfile       ejabberd_suite.end_per_group.52066.html
=group_props   [{name,mam_single},sequence]
=started       2024-12-18 20:49:04
=ended         2024-12-18 20:49:04
=result        ok
=elapsed       0.000002s
=group_time    2.369s
=case          ejabberd_SUITE:init_per_group
=logfile       ejabberd_suite.init_per_group.42147.html
=group_props   [{name,push_single},sequence]
=started       2024-12-18 20:49:04
=ended         2024-12-18 20:49:04
=result        ok
=elapsed       0.000003s
=case          ejabberd_SUITE:push_feature_enabled
=logfile       ejabberd_suite.push_feature_enabled.42179.html
=started       2024-12-18 20:49:04
=ended         2024-12-18 20:49:04
=result        ok
=elapsed       0.103231s
=case          ejabberd_SUITE:push_unsupported_iq
=logfile       ejabberd_suite.push_unsupported_iq.52098.html
=started       2024-12-18 20:49:04
=ended         2024-12-18 20:49:04
=result        ok
=elapsed       0.103729s
=case          ejabberd_SUITE:end_per_group
=logfile       ejabberd_suite.end_per_group.42275.html
=group_props   [{name,push_single},sequence]
=started       2024-12-18 20:49:04
=ended         2024-12-18 20:49:05
=result        ok
=elapsed       0.000002s
=group_time    0.292s
=case          ejabberd_SUITE:test_unregister
=logfile       ejabberd_suite.test_unregister.42307.html
=started       2024-12-18 20:49:05
=ended         2024-12-18 20:49:05
=result        ok
=elapsed       0.008537s
=case          ejabberd_SUITE:end_per_group
=logfile       ejabberd_suite.end_per_group.42403.html
=group_props   [{name,single_user},sequence]
=started       2024-12-18 20:49:05
=ended         2024-12-18 20:49:05
=result        ok
=elapsed       0.000003s
=group_time    20.486s
=case          ejabberd_SUITE:init_per_group
=logfile       ejabberd_suite.init_per_group.42435.html
=group_props   [{name,muc_master_slave},sequence]
=started       2024-12-18 20:49:05
=ended         2024-12-18 20:49:05
=result        ok
=elapsed       0.000004s
=case          ejabberd_SUITE:init_per_group
=logfile       ejabberd_suite.init_per_group.42467.html
=group_props   [{name,muc_register},parallel]
=started       2024-12-18 20:49:05
=ended         2024-12-18 20:49:05
=result        ok
=elapsed       0.000002s
=case          ejabberd_SUITE:muc_register_master
=logfile       ejabberd_suite.muc_register_master.42499.html
=started       2024-12-18 20:49:05
=ended         2024-12-18 20:49:05
=result        ok
=elapsed       0.336474s
=case          ejabberd_SUITE:muc_register_slave
=logfile       ejabberd_suite.muc_register_slave.52194.html
=started       2024-12-18 20:49:05
=ended         2024-12-18 20:49:05
=result        ok
=elapsed       0.335356s
=case          ejabberd_SUITE:end_per_group
=logfile       ejabberd_suite.end_per_group.42563.html
=group_props   [{name,muc_register},parallel]
=started       2024-12-18 20:49:05
=ended         2024-12-18 20:49:05
=result        ok
=elapsed       0.000002s
=group_time    0.396s
=case          ejabberd_SUITE:init_per_group
=logfile       ejabberd_suite.init_per_group.42595.html
=group_props   [{name,muc_groupchat_msg},parallel]
=started       2024-12-18 20:49:05
=ended         2024-12-18 20:49:05
=result        ok
=elapsed       0.000002s
=case          ejabberd_SUITE:muc_groupchat_msg_master
=logfile       ejabberd_suite.muc_groupchat_msg_master.42627.html
=started       2024-12-18 20:49:05
=ended         2024-12-18 20:49:05
=result        ok
=elapsed       0.122268s
=case          ejabberd_SUITE:muc_groupchat_msg_slave
=logfile       ejabberd_suite.muc_groupchat_msg_slave.42659.html
=started       2024-12-18 20:49:05
=ended         2024-12-18 20:49:05
=result        ok
=elapsed       0.117813s
=case          ejabberd_SUITE:end_per_group
=logfile       ejabberd_suite.end_per_group.32004.html
=group_props   [{name,muc_groupchat_msg},parallel]
=started       2024-12-18 20:49:05
=ended         2024-12-18 20:49:05
=result        ok
=elapsed       0.000003s
=group_time    0.181s
=case          ejabberd_SUITE:init_per_group
=logfile       ejabberd_suite.init_per_group.32036.html
=group_props   [{name,muc_private_msg},parallel]
=started       2024-12-18 20:49:05
=ended         2024-12-18 20:49:05
=result        ok
=elapsed       0.000003s
=case          ejabberd_SUITE:muc_private_msg_master
=logfile       ejabberd_suite.muc_private_msg_master.32068.html
=started       2024-12-18 20:49:05
=ended         2024-12-18 20:49:05
=result        ok
=elapsed       0.159351s
=case          ejabberd_SUITE:muc_private_msg_slave
=logfile       ejabberd_suite.muc_private_msg_slave.32100.html
=started       2024-12-18 20:49:05
=ended         2024-12-18 20:49:05
=result        ok
=elapsed       0.153638s
=case          ejabberd_SUITE:end_per_group
=logfile       ejabberd_suite.end_per_group.32164.html
=group_props   [{name,muc_private_msg},parallel]
=started       2024-12-18 20:49:05
=ended         2024-12-18 20:49:05
=result        ok
=elapsed       0.000002s
=group_time    0.218s
=case          ejabberd_SUITE:init_per_group
=logfile       ejabberd_suite.init_per_group.32196.html
=group_props   [{name,muc_set_subject},parallel]
=started       2024-12-18 20:49:05
=ended         2024-12-18 20:49:06
=result        ok
=elapsed       0.000002s
=case          ejabberd_SUITE:muc_set_subject_master
=logfile       ejabberd_suite.muc_set_subject_master.32228.html
=started       2024-12-18 20:49:06
=ended         2024-12-18 20:49:06
=result        ok
=elapsed       0.126501s
=case          ejabberd_SUITE:muc_set_subject_slave
=logfile       ejabberd_suite.muc_set_subject_slave.32260.html
=started       2024-12-18 20:49:06
=ended         2024-12-18 20:49:06
=result        ok
=elapsed       0.124603s
=case          ejabberd_SUITE:end_per_group
=logfile       ejabberd_suite.end_per_group.32388.html
=group_props   [{name,muc_set_subject},parallel]
=started       2024-12-18 20:49:06
=ended         2024-12-18 20:49:06
=result        ok
=elapsed       0.000009s
=group_time    0.184s
=case          ejabberd_SUITE:init_per_group
=logfile       ejabberd_suite.init_per_group.32420.html
=group_props   [{name,muc_history},parallel]
=started       2024-12-18 20:49:06
=ended         2024-12-18 20:49:06
=result        ok
=elapsed       0.000003s
=case          ejabberd_SUITE:muc_history_master
=logfile       ejabberd_suite.muc_history_master.32452.html
=started       2024-12-18 20:49:06
=ended         2024-12-18 20:49:06
=result        ok
=elapsed       0.155549s
=case          ejabberd_SUITE:muc_history_slave
=logfile       ejabberd_suite.muc_history_slave.32484.html
=started       2024-12-18 20:49:06
=ended         2024-12-18 20:49:06
=result        ok
=elapsed       0.152898s
=case          ejabberd_SUITE:end_per_group
=logfile       ejabberd_suite.end_per_group.32612.html
=group_props   [{name,muc_history},parallel]
=started       2024-12-18 20:49:06
=ended         2024-12-18 20:49:06
=result        ok
=elapsed       0.000003s
=group_time    0.214s
=case          ejabberd_SUITE:init_per_group
=logfile       ejabberd_suite.init_per_group.42915.html
=group_props   [{name,muc_invite},parallel]
=started       2024-12-18 20:49:06
=ended         2024-12-18 20:49:06
=result        ok
=elapsed       0.000019s
=case          ejabberd_SUITE:muc_invite_master
=logfile       ejabberd_suite.muc_invite_master.42947.html
=started       2024-12-18 20:49:06
=ended         2024-12-18 20:49:06
=result        ok
=elapsed       0.113534s
=case          ejabberd_SUITE:muc_invite_slave
=logfile       ejabberd_suite.muc_invite_slave.42979.html
=started       2024-12-18 20:49:06
=ended         2024-12-18 20:49:06
=result        ok
=elapsed       0.155155s
=case          ejabberd_SUITE:end_per_group
=logfile       ejabberd_suite.end_per_group.52514.html
=group_props   [{name,muc_invite},parallel]
=started       2024-12-18 20:49:06
=ended         2024-12-18 20:49:06
=result        ok
=elapsed       0.000003s
=group_time    0.212s
=case          ejabberd_SUITE:init_per_group
=logfile       ejabberd_suite.init_per_group.43107.html
=group_props   [{name,muc_invite_members_only},parallel]
=started       2024-12-18 20:49:06
=ended         2024-12-18 20:49:06
=result        ok
=elapsed       0.000002s
=case          ejabberd_SUITE:muc_invite_members_only_master
=logfile       ejabberd_suite.muc_invite_members_only_master.43139.html
=started       2024-12-18 20:49:06
=ended         2024-12-18 20:49:06
=result        ok
=elapsed       0.115023s
=case          ejabberd_SUITE:muc_invite_members_only_slave
=logfile       ejabberd_suite.muc_invite_members_only_slave.43171.html
=started       2024-12-18 20:49:06
=ended         2024-12-18 20:49:06
=result        ok
=elapsed       0.111677s
=case          ejabberd_SUITE:end_per_group
=logfile       ejabberd_suite.end_per_group.43299.html
=group_props   [{name,muc_invite_members_only},parallel]
=started       2024-12-18 20:49:06
=ended         2024-12-18 20:49:06
=result        ok
=elapsed       0.000003s
=group_time    0.174s
=case          ejabberd_SUITE:init_per_group
=logfile       ejabberd_suite.init_per_group.43331.html
=group_props   [{name,muc_invite_password_protected},parallel]
=started       2024-12-18 20:49:06
=ended         2024-12-18 20:49:06
=result        ok
=elapsed       0.000004s
=case          ejabberd_SUITE:muc_invite_password_protected_master
=logfile       ejabberd_suite.muc_invite_password_protected_master.43363.html
=started       2024-12-18 20:49:06
=ended         2024-12-18 20:49:07
=result        ok
=elapsed       0.157815s
=case          ejabberd_SUITE:muc_invite_password_protected_slave
=logfile       ejabberd_suite.muc_invite_password_protected_slave.43395.html
=started       2024-12-18 20:49:06
=ended         2024-12-18 20:49:07
=result        ok
=elapsed       0.110601s
=case          ejabberd_SUITE:end_per_group
=logfile       ejabberd_suite.end_per_group.43555.html
=group_props   [{name,muc_invite_password_protected},parallel]
=started       2024-12-18 20:49:07
=ended         2024-12-18 20:49:07
=result        ok
=elapsed       0.000010s
=group_time    0.216s
=case          ejabberd_SUITE:init_per_group
=logfile       ejabberd_suite.init_per_group.52610.html
=group_props   [{name,muc_voice_request},parallel]
=started       2024-12-18 20:49:07
=ended         2024-12-18 20:49:07
=result        ok
=elapsed       0.000002s
=case          ejabberd_SUITE:muc_voice_request_master
=logfile       ejabberd_suite.muc_voice_request_master.52642.html
=started       2024-12-18 20:49:07
=ended         2024-12-18 20:49:07
=result        ok
=elapsed       0.121022s
=case          ejabberd_SUITE:muc_voice_request_slave
=logfile       ejabberd_suite.muc_voice_request_slave.52674.html
=started       2024-12-18 20:49:07
=ended         2024-12-18 20:49:07
=result        ok
=elapsed       0.117565s
=case          ejabberd_SUITE:end_per_group
=logfile       ejabberd_suite.end_per_group.52802.html
=group_props   [{name,muc_voice_request},parallel]
=started       2024-12-18 20:49:07
=ended         2024-12-18 20:49:07
=result        ok
=elapsed       0.000008s
=group_time    0.179s
=case          ejabberd_SUITE:init_per_group
=logfile       ejabberd_suite.init_per_group.52834.html
=group_props   [{name,muc_change_role},parallel]
=started       2024-12-18 20:49:07
=ended         2024-12-18 20:49:07
=result        ok
=elapsed       0.000002s
=case          ejabberd_SUITE:muc_change_role_master
=logfile       ejabberd_suite.muc_change_role_master.52866.html
=started       2024-12-18 20:49:07
=ended         2024-12-18 20:49:07
=result        ok
=elapsed       0.125942s
=case          ejabberd_SUITE:muc_change_role_slave
=logfile       ejabberd_suite.muc_change_role_slave.52898.html
=started       2024-12-18 20:49:07
=ended         2024-12-18 20:49:07
=result        ok
=elapsed       0.122752s
=case          ejabberd_SUITE:end_per_group
=logfile       ejabberd_suite.end_per_group.52994.html
=group_props   [{name,muc_change_role},parallel]
=started       2024-12-18 20:49:07
=ended         2024-12-18 20:49:07
=result        ok
=elapsed       0.000003s
=group_time    0.186s
=case          ejabberd_SUITE:init_per_group
=logfile       ejabberd_suite.init_per_group.53026.html
=group_props   [{name,muc_kick},parallel]
=started       2024-12-18 20:49:07
=ended         2024-12-18 20:49:07
=result        ok
=elapsed       0.000003s
=case          ejabberd_SUITE:muc_kick_master
=logfile       ejabberd_suite.muc_kick_master.53058.html
=started       2024-12-18 20:49:07
=ended         2024-12-18 20:49:07
=result        ok
=elapsed       0.119297s
=case          ejabberd_SUITE:muc_kick_slave
=logfile       ejabberd_suite.muc_kick_slave.32836.html
=started       2024-12-18 20:49:07
=ended         2024-12-18 20:49:07
=result        ok
=elapsed       0.115212s
=case          ejabberd_SUITE:end_per_group
=logfile       ejabberd_suite.end_per_group.32932.html
=group_props   [{name,muc_kick},parallel]
=started       2024-12-18 20:49:07
=ended         2024-12-18 20:49:07
=result        ok
=elapsed       0.000003s
=group_time    0.176s
=case          ejabberd_SUITE:init_per_group
=logfile       ejabberd_suite.init_per_group.32964.html
=group_props   [{name,muc_change_affiliation},parallel]
=started       2024-12-18 20:49:07
=ended         2024-12-18 20:49:07
=result        ok
=elapsed       0.000003s
=case          ejabberd_SUITE:muc_change_affiliation_master
=logfile       ejabberd_suite.muc_change_affiliation_master.32996.html
=started       2024-12-18 20:49:07
=ended         2024-12-18 20:49:07
=result        ok
=elapsed       0.132627s
=case          ejabberd_SUITE:muc_change_affiliation_slave
=logfile       ejabberd_suite.muc_change_affiliation_slave.33028.html
=started       2024-12-18 20:49:07
=ended         2024-12-18 20:49:07
=result        ok
=elapsed       0.128129s
=case          ejabberd_SUITE:end_per_group
=logfile       ejabberd_suite.end_per_group.33092.html
=group_props   [{name,muc_change_affiliation},parallel]
=started       2024-12-18 20:49:07
=ended         2024-12-18 20:49:07
=result        ok
=elapsed       0.000003s
=group_time    0.190s
=case          ejabberd_SUITE:init_per_group
=logfile       ejabberd_suite.init_per_group.43683.html
=group_props   [{name,muc_destroy},parallel]
=started       2024-12-18 20:49:07
=ended         2024-12-18 20:49:07
=result        ok
=elapsed       0.000002s
=case          ejabberd_SUITE:muc_destroy_master
=logfile       ejabberd_suite.muc_destroy_master.43715.html
=started       2024-12-18 20:49:07
=ended         2024-12-18 20:49:08
=result        ok
=elapsed       0.116087s
=case          ejabberd_SUITE:muc_destroy_slave
=logfile       ejabberd_suite.muc_destroy_slave.43747.html
=started       2024-12-18 20:49:07
=ended         2024-12-18 20:49:08
=result        ok
=elapsed       0.116604s
=case          ejabberd_SUITE:end_per_group
=logfile       ejabberd_suite.end_per_group.43811.html
=group_props   [{name,muc_destroy},parallel]
=started       2024-12-18 20:49:08
=ended         2024-12-18 20:49:08
=result        ok
=elapsed       0.000003s
=group_time    0.176s
=case          ejabberd_SUITE:init_per_group
=logfile       ejabberd_suite.init_per_group.43843.html
=group_props   [{name,muc_vcard},parallel]
=started       2024-12-18 20:49:08
=ended         2024-12-18 20:49:08
=result        ok
=elapsed       0.000003s
=case          ejabberd_SUITE:muc_vcard_master
=logfile       ejabberd_suite.muc_vcard_master.43875.html
=started       2024-12-18 20:49:08
=ended         2024-12-18 20:49:08
=result        ok
=elapsed       0.122048s
=case          ejabberd_SUITE:muc_vcard_slave
=logfile       ejabberd_suite.muc_vcard_slave.43907.html
=started       2024-12-18 20:49:08
=ended         2024-12-18 20:49:08
=result        ok
=elapsed       0.119461s
=case          ejabberd_SUITE:end_per_group
=logfile       ejabberd_suite.end_per_group.43939.html
=group_props   [{name,muc_vcard},parallel]
=started       2024-12-18 20:49:08
=ended         2024-12-18 20:49:08
=result        ok
=elapsed       0.000007s
=group_time    0.182s
=case          ejabberd_SUITE:init_per_group
=logfile       ejabberd_suite.init_per_group.43971.html
=group_props   [{name,muc_nick_change},parallel]
=started       2024-12-18 20:49:08
=ended         2024-12-18 20:49:08
=result        ok
=elapsed       0.000003s
=case          ejabberd_SUITE:muc_nick_change_master
=logfile       ejabberd_suite.muc_nick_change_master.44003.html
=started       2024-12-18 20:49:08
=ended         2024-12-18 20:49:08
=result        ok
=elapsed       0.119215s
=case          ejabberd_SUITE:muc_nick_change_slave
=logfile       ejabberd_suite.muc_nick_change_slave.44035.html
=started       2024-12-18 20:49:08
=ended         2024-12-18 20:49:08
=result        ok
=elapsed       0.115690s
=case          ejabberd_SUITE:end_per_group
=logfile       ejabberd_suite.end_per_group.44131.html
=group_props   [{name,muc_nick_change},parallel]
=started       2024-12-18 20:49:08
=ended         2024-12-18 20:49:08
=result        ok
=elapsed       0.000002s
=group_time    0.176s
=case          ejabberd_SUITE:init_per_group
=logfile       ejabberd_suite.init_per_group.44163.html
=group_props   [{name,muc_config_title_desc},parallel]
=started       2024-12-18 20:49:08
=ended         2024-12-18 20:49:08
=result        ok
=elapsed       0.000003s
=case          ejabberd_SUITE:muc_config_title_desc_master
=logfile       ejabberd_suite.muc_config_title_desc_master.44195.html
=started       2024-12-18 20:49:08
=ended         2024-12-18 20:49:08
=result        ok
=elapsed       0.119113s
=case          ejabberd_SUITE:muc_config_title_desc_slave
=logfile       ejabberd_suite.muc_config_title_desc_slave.53346.html
=started       2024-12-18 20:49:08
=ended         2024-12-18 20:49:08
=result        ok
=elapsed       0.112601s
=case          ejabberd_SUITE:end_per_group
=logfile       ejabberd_suite.end_per_group.53410.html
=group_props   [{name,muc_config_title_desc},parallel]
=started       2024-12-18 20:49:08
=ended         2024-12-18 20:49:08
=result        ok
=elapsed       0.000002s
=group_time    0.176s
=case          ejabberd_SUITE:init_per_group
=logfile       ejabberd_suite.init_per_group.53442.html
=group_props   [{name,muc_config_public_list},parallel]
=started       2024-12-18 20:49:08
=ended         2024-12-18 20:49:08
=result        ok
=elapsed       0.000003s
=case          ejabberd_SUITE:muc_config_public_list_master
=logfile       ejabberd_suite.muc_config_public_list_master.53474.html
=started       2024-12-18 20:49:08
=ended         2024-12-18 20:49:08
=result        ok
=elapsed       0.122781s
=case          ejabberd_SUITE:muc_config_public_list_slave
=logfile       ejabberd_suite.muc_config_public_list_slave.53506.html
=started       2024-12-18 20:49:08
=ended         2024-12-18 20:49:08
=result        ok
=elapsed       0.119630s
=case          ejabberd_SUITE:end_per_group
=logfile       ejabberd_suite.end_per_group.53570.html
=group_props   [{name,muc_config_public_list},parallel]
=started       2024-12-18 20:49:08
=ended         2024-12-18 20:49:08
=result        ok
=elapsed       0.000003s
=group_time    0.183s
=case          ejabberd_SUITE:init_per_group
=logfile       ejabberd_suite.init_per_group.53602.html
=group_props   [{name,muc_config_password},parallel]
=started       2024-12-18 20:49:08
=ended         2024-12-18 20:49:08
=result        ok
=elapsed       0.000003s
=case          ejabberd_SUITE:muc_config_password_master
=logfile       ejabberd_suite.muc_config_password_master.53634.html
=started       2024-12-18 20:49:08
=ended         2024-12-18 20:49:09
=result        ok
=elapsed       0.123264s
=case          ejabberd_SUITE:muc_config_password_slave
=logfile       ejabberd_suite.muc_config_password_slave.33540.html
=started       2024-12-18 20:49:08
=ended         2024-12-18 20:49:09
=result        ok
=elapsed       0.119821s
=case          ejabberd_SUITE:end_per_group
=logfile       ejabberd_suite.end_per_group.53762.html
=group_props   [{name,muc_config_password},parallel]
=started       2024-12-18 20:49:09
=ended         2024-12-18 20:49:09
=result        ok
=elapsed       0.000003s
=group_time    0.183s
=case          ejabberd_SUITE:init_per_group
=logfile       ejabberd_suite.init_per_group.53794.html
=group_props   [{name,muc_config_whois},parallel]
=started       2024-12-18 20:49:09
=ended         2024-12-18 20:49:09
=result        ok
=elapsed       0.000002s
=case          ejabberd_SUITE:muc_config_whois_master
=logfile       ejabberd_suite.muc_config_whois_master.53826.html
=started       2024-12-18 20:49:09
=ended         2024-12-18 20:49:09
=result        ok
=elapsed       0.127058s
=case          ejabberd_SUITE:muc_config_whois_slave
=logfile       ejabberd_suite.muc_config_whois_slave.53858.html
=started       2024-12-18 20:49:09
=ended         2024-12-18 20:49:09
=result        ok
=elapsed       0.122949s
=case          ejabberd_SUITE:end_per_group
=logfile       ejabberd_suite.end_per_group.33668.html
=group_props   [{name,muc_config_whois},parallel]
=started       2024-12-18 20:49:09
=ended         2024-12-18 20:49:09
=result        ok
=elapsed       0.000004s
=group_time    0.186s
=case          ejabberd_SUITE:init_per_group
=logfile       ejabberd_suite.init_per_group.44387.html
=group_props   [{name,muc_config_members_only},parallel]
=started       2024-12-18 20:49:09
=ended         2024-12-18 20:49:09
=result        ok
=elapsed       0.000003s
=case          ejabberd_SUITE:muc_config_members_only_master
=logfile       ejabberd_suite.muc_config_members_only_master.44419.html
=started       2024-12-18 20:49:09
=ended         2024-12-18 20:49:09
=result        ok
=elapsed       0.127902s
=case          ejabberd_SUITE:muc_config_members_only_slave
=logfile       ejabberd_suite.muc_config_members_only_slave.44451.html
=started       2024-12-18 20:49:09
=ended         2024-12-18 20:49:09
=result        ok
=elapsed       0.122368s
=case          ejabberd_SUITE:end_per_group
=logfile       ejabberd_suite.end_per_group.44483.html
=group_props   [{name,muc_config_members_only},parallel]
=started       2024-12-18 20:49:09
=ended         2024-12-18 20:49:09
=result        ok
=elapsed       0.000002s
=group_time    0.187s
=case          ejabberd_SUITE:init_per_group
=logfile       ejabberd_suite.init_per_group.44515.html
=group_props   [{name,muc_config_moderated},parallel]
=started       2024-12-18 20:49:09
=ended         2024-12-18 20:49:09
=result        ok
=elapsed       0.000004s
=case          ejabberd_SUITE:muc_config_moderated_master
=logfile       ejabberd_suite.muc_config_moderated_master.44547.html
=started       2024-12-18 20:49:09
=ended         2024-12-18 20:49:09
=result        ok
=elapsed       0.120941s
=case          ejabberd_SUITE:muc_config_moderated_slave
=logfile       ejabberd_suite.muc_config_moderated_slave.44579.html
=started       2024-12-18 20:49:09
=ended         2024-12-18 20:49:09
=result        ok
=elapsed       0.116727s
=case          ejabberd_SUITE:end_per_group
=logfile       ejabberd_suite.end_per_group.44675.html
=group_props   [{name,muc_config_moderated},parallel]
=started       2024-12-18 20:49:09
=ended         2024-12-18 20:49:09
=result        ok
=elapsed       0.000021s
=group_time    0.181s
=case          ejabberd_SUITE:init_per_group
=logfile       ejabberd_suite.init_per_group.44707.html
=group_props   [{name,muc_config_private_messages},parallel]
=started       2024-12-18 20:49:09
=ended         2024-12-18 20:49:09
=result        ok
=elapsed       0.000002s
=case          ejabberd_SUITE:muc_config_private_messages_master
=logfile       ejabberd_suite.muc_config_private_messages_master.54050.html
=started       2024-12-18 20:49:09
=ended         2024-12-18 20:49:09
=result        ok
=elapsed       0.127231s
=case          ejabberd_SUITE:muc_config_private_messages_slave
=logfile       ejabberd_suite.muc_config_private_messages_slave.44739.html
=started       2024-12-18 20:49:09
=ended         2024-12-18 20:49:09
=result        ok
=elapsed       0.125290s
=case          ejabberd_SUITE:end_per_group
=logfile       ejabberd_suite.end_per_group.44835.html
=group_props   [{name,muc_config_private_messages},parallel]
=started       2024-12-18 20:49:09
=ended         2024-12-18 20:49:10
=result        ok
=elapsed       0.000010s
=group_time    0.186s
=case          ejabberd_SUITE:init_per_group
=logfile       ejabberd_suite.init_per_group.44867.html
=group_props   [{name,muc_config_query},parallel]
=started       2024-12-18 20:49:10
=ended         2024-12-18 20:49:10
=result        ok
=elapsed       0.000003s
=case          ejabberd_SUITE:muc_config_query_master
=logfile       ejabberd_suite.muc_config_query_master.44899.html
=started       2024-12-18 20:49:10
=ended         2024-12-18 20:49:10
=result        ok
=elapsed       0.165137s
=case          ejabberd_SUITE:muc_config_query_slave
=logfile       ejabberd_suite.muc_config_query_slave.44931.html
=started       2024-12-18 20:49:10
=ended         2024-12-18 20:49:10
=result        ok
=elapsed       0.161340s
=case          ejabberd_SUITE:end_per_group
=logfile       ejabberd_suite.end_per_group.33892.html
=group_props   [{name,muc_config_query},parallel]
=started       2024-12-18 20:49:10
=ended         2024-12-18 20:49:10
=result        ok
=elapsed       0.000002s
=group_time    0.222s
=case          ejabberd_SUITE:init_per_group
=logfile       ejabberd_suite.init_per_group.44963.html
=group_props   [{name,muc_config_allow_invites},parallel]
=started       2024-12-18 20:49:10
=ended         2024-12-18 20:49:10
=result        ok
=elapsed       0.000002s
=case          ejabberd_SUITE:muc_config_allow_invites_master
=logfile       ejabberd_suite.muc_config_allow_invites_master.44995.html
=started       2024-12-18 20:49:10
=ended         2024-12-18 20:49:10
=result        ok
=elapsed       0.120695s
=case          ejabberd_SUITE:muc_config_allow_invites_slave
=logfile       ejabberd_suite.muc_config_allow_invites_slave.33924.html
=started       2024-12-18 20:49:10
=ended         2024-12-18 20:49:10
=result        ok
=elapsed       0.118733s
=case          ejabberd_SUITE:end_per_group
=logfile       ejabberd_suite.end_per_group.33988.html
=group_props   [{name,muc_config_allow_invites},parallel]
=started       2024-12-18 20:49:10
=ended         2024-12-18 20:49:10
=result        ok
=elapsed       0.000003s
=group_time    0.180s
=case          ejabberd_SUITE:init_per_group
=logfile       ejabberd_suite.init_per_group.34020.html
=group_props   [{name,muc_config_visitor_status},parallel]
=started       2024-12-18 20:49:10
=ended         2024-12-18 20:49:10
=result        ok
=elapsed       0.000003s
=case          ejabberd_SUITE:muc_config_visitor_status_master
=logfile       ejabberd_suite.muc_config_visitor_status_master.34052.html
=started       2024-12-18 20:49:10
=ended         2024-12-18 20:49:10
=result        ok
=elapsed       0.121163s
=case          ejabberd_SUITE:muc_config_visitor_status_slave
=logfile       ejabberd_suite.muc_config_visitor_status_slave.34084.html
=started       2024-12-18 20:49:10
=ended         2024-12-18 20:49:10
=result        ok
=elapsed       0.117074s
=case          ejabberd_SUITE:end_per_group
=logfile       ejabberd_suite.end_per_group.34116.html
=group_props   [{name,muc_config_visitor_status},parallel]
=started       2024-12-18 20:49:10
=ended         2024-12-18 20:49:10
=result        ok
=elapsed       0.000002s
=group_time    0.177s
=case          ejabberd_SUITE:init_per_group
=logfile       ejabberd_suite.init_per_group.34148.html
=group_props   [{name,muc_config_allow_voice_requests},parallel]
=started       2024-12-18 20:49:10
=ended         2024-12-18 20:49:10
=result        ok
=elapsed       0.000002s
=case          ejabberd_SUITE:muc_config_allow_voice_requests_master
=logfile       ejabberd_suite.muc_config_allow_voice_requests_master.34180.html
=started       2024-12-18 20:49:10
=ended         2024-12-18 20:49:10
=result        ok
=elapsed       0.120369s
=case          ejabberd_SUITE:muc_config_allow_voice_requests_slave
=logfile       ejabberd_suite.muc_config_allow_voice_requests_slave.34212.html
=started       2024-12-18 20:49:10
=ended         2024-12-18 20:49:10
=result        ok
=elapsed       0.117365s
=case          ejabberd_SUITE:end_per_group
=logfile       ejabberd_suite.end_per_group.34308.html
=group_props   [{name,muc_config_allow_voice_requests},parallel]
=started       2024-12-18 20:49:10
=ended         2024-12-18 20:49:10
=result        ok
=elapsed       0.000002s
=group_time    0.188s
=case          ejabberd_SUITE:init_per_group
=logfile       ejabberd_suite.init_per_group.34340.html
=group_props   [{name,muc_config_voice_request_interval},parallel]
=started       2024-12-18 20:49:10
=ended         2024-12-18 20:49:10
=result        ok
=elapsed       0.000002s
=case          ejabberd_SUITE:muc_config_voice_request_interval_master
=logfile       ejabberd_suite.muc_config_voice_request_interval_master.34372.html
=started       2024-12-18 20:49:10
=ended         2024-12-18 20:49:16
=result        ok
=elapsed       5.207286s
=case          ejabberd_SUITE:muc_config_voice_request_interval_slave
=logfile       ejabberd_suite.muc_config_voice_request_interval_slave.34404.html
=started       2024-12-18 20:49:10
=ended         2024-12-18 20:49:16
=result        ok
=elapsed       5.203779s
=case          ejabberd_SUITE:end_per_group
=logfile       ejabberd_suite.end_per_group.34500.html
=group_props   [{name,muc_config_voice_request_interval},parallel]
=started       2024-12-18 20:49:16
=ended         2024-12-18 20:49:16
=result        ok
=elapsed       0.000008s
=group_time    5.266s
=case          ejabberd_SUITE:init_per_group
=logfile       ejabberd_suite.init_per_group.34532.html
=group_props   [{name,muc_config_visitor_nickchange},parallel]
=started       2024-12-18 20:49:16
=ended         2024-12-18 20:49:16
=result        ok
=elapsed       0.000002s
=case          ejabberd_SUITE:muc_config_visitor_nickchange_master
=logfile       ejabberd_suite.muc_config_visitor_nickchange_master.34564.html
=started       2024-12-18 20:49:16
=ended         2024-12-18 20:49:16
=result        ok
=elapsed       0.119433s
=case          ejabberd_SUITE:muc_config_visitor_nickchange_slave
=logfile       ejabberd_suite.muc_config_visitor_nickchange_slave.34596.html
=started       2024-12-18 20:49:16
=ended         2024-12-18 20:49:16
=result        ok
=elapsed       0.116182s
=case          ejabberd_SUITE:end_per_group
=logfile       ejabberd_suite.end_per_group.34692.html
=group_props   [{name,muc_config_visitor_nickchange},parallel]
=started       2024-12-18 20:49:16
=ended         2024-12-18 20:49:16
=result        ok
=elapsed       0.000003s
=group_time    0.177s
=case          ejabberd_SUITE:init_per_group
=logfile       ejabberd_suite.init_per_group.34724.html
=group_props   [{name,muc_join_conflict},parallel]
=started       2024-12-18 20:49:16
=ended         2024-12-18 20:49:16
=result        ok
=elapsed       0.000004s
=case          ejabberd_SUITE:muc_join_conflict_master
=logfile       ejabberd_suite.muc_join_conflict_master.34756.html
=started       2024-12-18 20:49:16
=ended         2024-12-18 20:49:16
=result        ok
=elapsed       0.113800s
=case          ejabberd_SUITE:muc_join_conflict_slave
=logfile       ejabberd_suite.muc_join_conflict_slave.54562.html
=started       2024-12-18 20:49:16
=ended         2024-12-18 20:49:16
=result        ok
=elapsed       0.108923s
=case          ejabberd_SUITE:end_per_group
=logfile       ejabberd_suite.end_per_group.54626.html
=group_props   [{name,muc_join_conflict},parallel]
=started       2024-12-18 20:49:16
=ended         2024-12-18 20:49:16
=result        ok
=elapsed       0.000003s
=group_time    0.172s
=case          ejabberd_SUITE:end_per_group
=logfile       ejabberd_suite.end_per_group.54658.html
=group_props   [{name,muc_master_slave},sequence]
=started       2024-12-18 20:49:16
=ended         2024-12-18 20:49:16
=result        ok
=elapsed       0.000003s
=group_time    11.483s
=case          ejabberd_SUITE:init_per_group
=logfile       ejabberd_suite.init_per_group.54690.html
=group_props   [{name,privacy_master_slave},sequence]
=started       2024-12-18 20:49:16
=ended         2024-12-18 20:49:16
=result        ok
=elapsed       0.000003s
=case          ejabberd_SUITE:init_per_group
=logfile       ejabberd_suite.init_per_group.54722.html
=group_props   [{name,privacy_deny_bare_jid},parallel]
=started       2024-12-18 20:49:16
=ended         2024-12-18 20:49:16
=result        ok
=elapsed       0.000003s
=case          ejabberd_SUITE:privacy_deny_bare_jid_master
=logfile       ejabberd_suite.privacy_deny_bare_jid_master.54754.html
=started       2024-12-18 20:49:16
=ended         2024-12-18 20:49:17
=result        ok
=elapsed       1.135700s
=case          ejabberd_SUITE:privacy_deny_bare_jid_slave
=logfile       ejabberd_suite.privacy_deny_bare_jid_slave.54786.html
=started       2024-12-18 20:49:16
=ended         2024-12-18 20:49:17
=result        ok
=elapsed       1.134089s
=case          ejabberd_SUITE:end_per_group
=logfile       ejabberd_suite.end_per_group.45283.html
=group_props   [{name,privacy_deny_bare_jid},parallel]
=started       2024-12-18 20:49:17
=ended         2024-12-18 20:49:17
=result        ok
=elapsed       0.000003s
=group_time    1.193s
=case          ejabberd_SUITE:init_per_group
=logfile       ejabberd_suite.init_per_group.54914.html
=group_props   [{name,privacy_deny_full_jid},parallel]
=started       2024-12-18 20:49:17
=ended         2024-12-18 20:49:17
=result        ok
=elapsed       0.000004s
=case          ejabberd_SUITE:privacy_deny_full_jid_master
=logfile       ejabberd_suite.privacy_deny_full_jid_master.54946.html
=started       2024-12-18 20:49:17
=ended         2024-12-18 20:49:19
=result        ok
=elapsed       1.156793s
=case          ejabberd_SUITE:privacy_deny_full_jid_slave
=logfile       ejabberd_suite.privacy_deny_full_jid_slave.54978.html
=started       2024-12-18 20:49:17
=ended         2024-12-18 20:49:19
=result        ok
=elapsed       1.154056s
=case          ejabberd_SUITE:end_per_group
=logfile       ejabberd_suite.end_per_group.45379.html
=group_props   [{name,privacy_deny_full_jid},parallel]
=started       2024-12-18 20:49:19
=ended         2024-12-18 20:49:19
=result        ok
=elapsed       0.000003s
=group_time    1.215s
=case          ejabberd_SUITE:init_per_group
=logfile       ejabberd_suite.init_per_group.11205.html
=group_props   [{name,privacy_deny_server_bare_jid},parallel]
=started       2024-12-18 20:49:19
=ended         2024-12-18 20:49:19
=result        ok
=elapsed       0.000003s
=case          ejabberd_SUITE:privacy_deny_server_bare_jid_master
=logfile       ejabberd_suite.privacy_deny_server_bare_jid_master.11237.html
=started       2024-12-18 20:49:19
=ended         2024-12-18 20:49:20
=result        ok
=elapsed       1.152421s
=case          ejabberd_SUITE:privacy_deny_server_bare_jid_slave
=logfile       ejabberd_suite.privacy_deny_server_bare_jid_slave.11269.html
=started       2024-12-18 20:49:19
=ended         2024-12-18 20:49:20
=result        ok
=elapsed       1.149087s
=case          ejabberd_SUITE:end_per_group
=logfile       ejabberd_suite.end_per_group.11333.html
=group_props   [{name,privacy_deny_server_bare_jid},parallel]
=started       2024-12-18 20:49:20
=ended         2024-12-18 20:49:20
=result        ok
=elapsed       0.000007s
=group_time    1.212s
=case          ejabberd_SUITE:init_per_group
=logfile       ejabberd_suite.init_per_group.11365.html
=group_props   [{name,privacy_deny_server_full_jid},parallel]
=started       2024-12-18 20:49:20
=ended         2024-12-18 20:49:20
=result        ok
=elapsed       0.000003s
=case          ejabberd_SUITE:privacy_deny_server_full_jid_master
=logfile       ejabberd_suite.privacy_deny_server_full_jid_master.11397.html
=started       2024-12-18 20:49:20
=ended         2024-12-18 20:49:21
=result        ok
=elapsed       1.141384s
=case          ejabberd_SUITE:privacy_deny_server_full_jid_slave
=logfile       ejabberd_suite.privacy_deny_server_full_jid_slave.11429.html
=started       2024-12-18 20:49:20
=ended         2024-12-18 20:49:21
=result        ok
=elapsed       1.138514s
=case          ejabberd_SUITE:end_per_group
=logfile       ejabberd_suite.end_per_group.11525.html
=group_props   [{name,privacy_deny_server_full_jid},parallel]
=started       2024-12-18 20:49:21
=ended         2024-12-18 20:49:21
=result        ok
=elapsed       0.000003s
=group_time    1.201s
=case          ejabberd_SUITE:init_per_group
=logfile       ejabberd_suite.init_per_group.35012.html
=group_props   [{name,privacy_deny_group},parallel]
=started       2024-12-18 20:49:21
=ended         2024-12-18 20:49:21
=result        ok
=elapsed       0.000004s
=case          ejabberd_SUITE:privacy_deny_group_master
=logfile       ejabberd_suite.privacy_deny_group_master.35044.html
=started       2024-12-18 20:49:21
=ended         2024-12-18 20:49:22
=result        ok
=elapsed       1.148577s
=case          ejabberd_SUITE:privacy_deny_group_slave
=logfile       ejabberd_suite.privacy_deny_group_slave.35076.html
=started       2024-12-18 20:49:21
=ended         2024-12-18 20:49:22
=result        ok
=elapsed       1.145667s
=case          ejabberd_SUITE:end_per_group
=logfile       ejabberd_suite.end_per_group.35140.html
=group_props   [{name,privacy_deny_group},parallel]
=started       2024-12-18 20:49:22
=ended         2024-12-18 20:49:22
=result        ok
=elapsed       0.000003s
=group_time    1.208s
=case          ejabberd_SUITE:init_per_group
=logfile       ejabberd_suite.init_per_group.35172.html
=group_props   [{name,privacy_deny_sub_both},parallel]
=started       2024-12-18 20:49:22
=ended         2024-12-18 20:49:22
=result        ok
=elapsed       0.000003s
=case          ejabberd_SUITE:privacy_deny_sub_both_master
=logfile       ejabberd_suite.privacy_deny_sub_both_master.35204.html
=started       2024-12-18 20:49:22
=ended         2024-12-18 20:49:23
=result        ok
=elapsed       1.138536s
=case          ejabberd_SUITE:privacy_deny_sub_both_slave
=logfile       ejabberd_suite.privacy_deny_sub_both_slave.55138.html
=started       2024-12-18 20:49:22
=ended         2024-12-18 20:49:23
=result        ok
=elapsed       1.137730s
=case          ejabberd_SUITE:end_per_group
=logfile       ejabberd_suite.end_per_group.55170.html
=group_props   [{name,privacy_deny_sub_both},parallel]
=started       2024-12-18 20:49:23
=ended         2024-12-18 20:49:23
=result        ok
=elapsed       0.000003s
=group_time    1.199s
=case          ejabberd_SUITE:init_per_group
=logfile       ejabberd_suite.init_per_group.55202.html
=group_props   [{name,privacy_deny_sub_from},parallel]
=started       2024-12-18 20:49:24
=ended         2024-12-18 20:49:24
=result        ok
=elapsed       0.000003s
=case          ejabberd_SUITE:privacy_deny_sub_from_master
=logfile       ejabberd_suite.privacy_deny_sub_from_master.55234.html
=started       2024-12-18 20:49:24
=ended         2024-12-18 20:49:25
=result        ok
=elapsed       1.153596s
=case          ejabberd_SUITE:privacy_deny_sub_from_slave
=logfile       ejabberd_suite.privacy_deny_sub_from_slave.55266.html
=started       2024-12-18 20:49:24
=ended         2024-12-18 20:49:25
=result        ok
=elapsed       1.151809s
=case          ejabberd_SUITE:end_per_group
=logfile       ejabberd_suite.end_per_group.55394.html
=group_props   [{name,privacy_deny_sub_from},parallel]
=started       2024-12-18 20:49:25
=ended         2024-12-18 20:49:25
=result        ok
=elapsed       0.000003s
=group_time    1.211s
=case          ejabberd_SUITE:init_per_group
=logfile       ejabberd_suite.init_per_group.45859.html
=group_props   [{name,privacy_deny_sub_to},parallel]
=started       2024-12-18 20:49:25
=ended         2024-12-18 20:49:25
=result        ok
=elapsed       0.000002s
=case          ejabberd_SUITE:privacy_deny_sub_to_master
=logfile       ejabberd_suite.privacy_deny_sub_to_master.45891.html
=started       2024-12-18 20:49:25
=ended         2024-12-18 20:49:26
=result        ok
=elapsed       1.152228s
=case          ejabberd_SUITE:privacy_deny_sub_to_slave
=logfile       ejabberd_suite.privacy_deny_sub_to_slave.45923.html
=started       2024-12-18 20:49:25
=ended         2024-12-18 20:49:26
=result        ok
=elapsed       1.150599s
=case          ejabberd_SUITE:end_per_group
=logfile       ejabberd_suite.end_per_group.46019.html
=group_props   [{name,privacy_deny_sub_to},parallel]
=started       2024-12-18 20:49:26
=ended         2024-12-18 20:49:26
=result        ok
=elapsed       0.000003s
=group_time    1.211s
=case          ejabberd_SUITE:init_per_group
=logfile       ejabberd_suite.init_per_group.46051.html
=group_props   [{name,privacy_deny_sub_none},parallel]
=started       2024-12-18 20:49:26
=ended         2024-12-18 20:49:26
=result        ok
=elapsed       0.000003s
=case          ejabberd_SUITE:privacy_deny_sub_none_master
=logfile       ejabberd_suite.privacy_deny_sub_none_master.46083.html
=started       2024-12-18 20:49:26
=ended         2024-12-18 20:49:27
=result        ok
=elapsed       1.148190s
=case          ejabberd_SUITE:privacy_deny_sub_none_slave
=logfile       ejabberd_suite.privacy_deny_sub_none_slave.46115.html
=started       2024-12-18 20:49:26
=ended         2024-12-18 20:49:27
=result        ok
=elapsed       1.147002s
=case          ejabberd_SUITE:end_per_group
=logfile       ejabberd_suite.end_per_group.46179.html
=group_props   [{name,privacy_deny_sub_none},parallel]
=started       2024-12-18 20:49:27
=ended         2024-12-18 20:49:27
=result        ok
=elapsed       0.000003s
=group_time    1.207s
=case          ejabberd_SUITE:init_per_group
=logfile       ejabberd_suite.init_per_group.55522.html
=group_props   [{name,privacy_deny_all},parallel]
=started       2024-12-18 20:49:27
=ended         2024-12-18 20:49:27
=result        ok
=elapsed       0.000002s
=case          ejabberd_SUITE:privacy_deny_all_master
=logfile       ejabberd_suite.privacy_deny_all_master.55554.html
=started       2024-12-18 20:49:27
=ended         2024-12-18 20:49:28
=result        ok
=elapsed       1.143658s
=case          ejabberd_SUITE:privacy_deny_all_slave
=logfile       ejabberd_suite.privacy_deny_all_slave.55586.html
=started       2024-12-18 20:49:27
=ended         2024-12-18 20:49:28
=result        ok
=elapsed       1.140554s
=case          ejabberd_SUITE:end_per_group
=logfile       ejabberd_suite.end_per_group.55682.html
=group_props   [{name,privacy_deny_all},parallel]
=started       2024-12-18 20:49:28
=ended         2024-12-18 20:49:28
=result        ok
=elapsed       0.000003s
=group_time    1.203s
=case          ejabberd_SUITE:init_per_group
=logfile       ejabberd_suite.init_per_group.55714.html
=group_props   [{name,privacy_deny_offline},parallel]
=started       2024-12-18 20:49:28
=ended         2024-12-18 20:49:28
=result        ok
=elapsed       0.000003s
=case          ejabberd_SUITE:privacy_deny_offline_master
=logfile       ejabberd_suite.privacy_deny_offline_master.55746.html
=started       2024-12-18 20:49:28
=ended         2024-12-18 20:49:29
=result        ok
=elapsed       0.243965s
=case          ejabberd_SUITE:privacy_deny_offline_slave
=logfile       ejabberd_suite.privacy_deny_offline_slave.55778.html
=started       2024-12-18 20:49:28
=ended         2024-12-18 20:49:29
=result        ok
=elapsed       0.346986s
=case          ejabberd_SUITE:end_per_group
=logfile       ejabberd_suite.end_per_group.55842.html
=group_props   [{name,privacy_deny_offline},parallel]
=started       2024-12-18 20:49:29
=ended         2024-12-18 20:49:29
=result        ok
=elapsed       0.000003s
=group_time    0.408s
=case          ejabberd_SUITE:init_per_group
=logfile       ejabberd_suite.init_per_group.11749.html
=group_props   [{name,privacy_block},parallel]
=started       2024-12-18 20:49:29
=ended         2024-12-18 20:49:29
=result        ok
=elapsed       0.000003s
=case          ejabberd_SUITE:privacy_block_master
=logfile       ejabberd_suite.privacy_block_master.11781.html
=started       2024-12-18 20:49:29
=ended         2024-12-18 20:49:29
=result        ok
=elapsed       0.428389s
=case          ejabberd_SUITE:privacy_block_slave
=logfile       ejabberd_suite.privacy_block_slave.55874.html
=started       2024-12-18 20:49:29
=ended         2024-12-18 20:49:29
=result        ok
=elapsed       0.428770s
=case          ejabberd_SUITE:end_per_group
=logfile       ejabberd_suite.end_per_group.55938.html
=group_props   [{name,privacy_block},parallel]
=started       2024-12-18 20:49:29
=ended         2024-12-18 20:49:29
=result        ok
=elapsed       0.000002s
=group_time    0.491s
=case          ejabberd_SUITE:init_per_group
=logfile       ejabberd_suite.init_per_group.55970.html
=group_props   [{name,privacy_unblock},parallel]
=started       2024-12-18 20:49:29
=ended         2024-12-18 20:49:29
=result        ok
=elapsed       0.000003s
=case          ejabberd_SUITE:privacy_unblock_master
=logfile       ejabberd_suite.privacy_unblock_master.35748.html
=started       2024-12-18 20:49:29
=ended         2024-12-18 20:49:30
=result        ok
=elapsed       0.199003s
=case          ejabberd_SUITE:privacy_unblock_slave
=logfile       ejabberd_suite.privacy_unblock_slave.56002.html
=started       2024-12-18 20:49:29
=ended         2024-12-18 20:49:30
=result        ok
=elapsed       0.198971s
=case          ejabberd_SUITE:end_per_group
=logfile       ejabberd_suite.end_per_group.35876.html
=group_props   [{name,privacy_unblock},parallel]
=started       2024-12-18 20:49:30
=ended         2024-12-18 20:49:30
=result        ok
=elapsed       0.000002s
=group_time    0.259s
=case          ejabberd_SUITE:init_per_group
=logfile       ejabberd_suite.init_per_group.35908.html
=group_props   [{name,privacy_unblock_all},parallel]
=started       2024-12-18 20:49:30
=ended         2024-12-18 20:49:30
=result        ok
=elapsed       0.000003s
=case          ejabberd_SUITE:privacy_unblock_all_master
=logfile       ejabberd_suite.privacy_unblock_all_master.35940.html
=started       2024-12-18 20:49:30
=ended         2024-12-18 20:49:30
=result        ok
=elapsed       0.198338s
=case          ejabberd_SUITE:privacy_unblock_all_slave
=logfile       ejabberd_suite.privacy_unblock_all_slave.11813.html
=started       2024-12-18 20:49:30
=ended         2024-12-18 20:49:30
=result        ok
=elapsed       0.200453s
=case          ejabberd_SUITE:end_per_group
=logfile       ejabberd_suite.end_per_group.36068.html
=group_props   [{name,privacy_unblock_all},parallel]
=started       2024-12-18 20:49:30
=ended         2024-12-18 20:49:30
=result        ok
=elapsed       0.000002s
=group_time    0.259s
=case          ejabberd_SUITE:end_per_group
=logfile       ejabberd_suite.end_per_group.36100.html
=group_props   [{name,privacy_master_slave},sequence]
=started       2024-12-18 20:49:30
=ended         2024-12-18 20:49:30
=result        ok
=elapsed       0.000009s
=group_time    13.857s
=case          ejabberd_SUITE:init_per_group
=logfile       ejabberd_suite.init_per_group.36132.html
=group_props   [{name,pubsub_master_slave},sequence]
=started       2024-12-18 20:49:30
=ended         2024-12-18 20:49:30
=result        ok
=elapsed       0.000004s
=case          ejabberd_SUITE:init_per_group
=logfile       ejabberd_suite.init_per_group.36164.html
=group_props   [{name,pubsub_publish},parallel]
=started       2024-12-18 20:49:30
=ended         2024-12-18 20:49:30
=result        ok
=elapsed       0.000003s
=case          ejabberd_SUITE:pubsub_publish_master
=logfile       ejabberd_suite.pubsub_publish_master.36196.html
=started       2024-12-18 20:49:30
=ended         2024-12-18 20:49:30
=result        ok
=elapsed       0.115887s
=case          ejabberd_SUITE:pubsub_publish_slave
=logfile       ejabberd_suite.pubsub_publish_slave.36228.html
=started       2024-12-18 20:49:30
=ended         2024-12-18 20:49:30
=result        ok
=elapsed       0.116552s
=case          ejabberd_SUITE:end_per_group
=logfile       ejabberd_suite.end_per_group.36356.html
=group_props   [{name,pubsub_publish},parallel]
=started       2024-12-18 20:49:30
=ended         2024-12-18 20:49:30
=result        ok
=elapsed       0.000005s
=group_time    0.175s
=case          ejabberd_SUITE:init_per_group
=logfile       ejabberd_suite.init_per_group.36388.html
=group_props   [{name,pubsub_subscriptions},parallel]
=started       2024-12-18 20:49:30
=ended         2024-12-18 20:49:30
=result        ok
=elapsed       0.000003s
=case          ejabberd_SUITE:pubsub_subscriptions_master
=logfile       ejabberd_suite.pubsub_subscriptions_master.36420.html
=started       2024-12-18 20:49:30
=ended         2024-12-18 20:49:30
=result        ok
=elapsed       0.181496s
=case          ejabberd_SUITE:pubsub_subscriptions_slave
=logfile       ejabberd_suite.pubsub_subscriptions_slave.36452.html
=started       2024-12-18 20:49:30
=ended         2024-12-18 20:49:30
=result        ok
=elapsed       0.177480s
=case          ejabberd_SUITE:end_per_group
=logfile       ejabberd_suite.end_per_group.36580.html
=group_props   [{name,pubsub_subscriptions},parallel]
=started       2024-12-18 20:49:30
=ended         2024-12-18 20:49:30
=result        ok
=elapsed       0.000003s
=group_time    0.239s
=case          ejabberd_SUITE:init_per_group
=logfile       ejabberd_suite.init_per_group.56098.html
=group_props   [{name,pubsub_affiliations},parallel]
=started       2024-12-18 20:49:30
=ended         2024-12-18 20:49:30
=result        ok
=elapsed       0.000003s
=case          ejabberd_SUITE:pubsub_affiliations_master
=logfile       ejabberd_suite.pubsub_affiliations_master.56130.html
=started       2024-12-18 20:49:30
=ended         2024-12-18 20:49:32
=result        ok
=elapsed       1.734357s
=case          ejabberd_SUITE:pubsub_affiliations_slave
=logfile       ejabberd_suite.pubsub_affiliations_slave.56162.html
=started       2024-12-18 20:49:30
=ended         2024-12-18 20:49:32
=result        ok
=elapsed       1.751526s
=case          ejabberd_SUITE:end_per_group
=logfile       ejabberd_suite.end_per_group.56194.html
=group_props   [{name,pubsub_affiliations},parallel]
=started       2024-12-18 20:49:32
=ended         2024-12-18 20:49:32
=result        ok
=elapsed       0.000002s
=group_time    1.811s
=case          ejabberd_SUITE:init_per_group
=logfile       ejabberd_suite.init_per_group.56226.html
=group_props   [{name,pubsub_authorize},parallel]
=started       2024-12-18 20:49:32
=ended         2024-12-18 20:49:32
=result        ok
=elapsed       0.000004s
=case          ejabberd_SUITE:pubsub_authorize_master
=logfile       ejabberd_suite.pubsub_authorize_master.56258.html
=started       2024-12-18 20:49:32
=ended         2024-12-18 20:49:33
=result        ok
=elapsed       0.211631s
=case          ejabberd_SUITE:pubsub_authorize_slave
=logfile       ejabberd_suite.pubsub_authorize_slave.56290.html
=started       2024-12-18 20:49:32
=ended         2024-12-18 20:49:33
=result        ok
=elapsed       0.167065s
=case          ejabberd_SUITE:end_per_group
=logfile       ejabberd_suite.end_per_group.36772.html
=group_props   [{name,pubsub_authorize},parallel]
=started       2024-12-18 20:49:33
=ended         2024-12-18 20:49:33
=result        ok
=elapsed       0.000003s
=group_time    0.270s
=case          ejabberd_SUITE:end_per_group
=logfile       ejabberd_suite.end_per_group.56386.html
=group_props   [{name,pubsub_master_slave},sequence]
=started       2024-12-18 20:49:33
=ended         2024-12-18 20:49:33
=result        ok
=elapsed       0.000008s
=group_time    2.620s
=case          ejabberd_SUITE:init_per_group
=logfile       ejabberd_suite.init_per_group.56418.html
=group_props   [{name,roster_master_slave},sequence]
=started       2024-12-18 20:49:33
=ended         2024-12-18 20:49:33
=result        ok
=elapsed       0.000003s
=case          ejabberd_SUITE:init_per_group
=logfile       ejabberd_suite.init_per_group.56450.html
=group_props   [{name,roster_subscribe},parallel]
=started       2024-12-18 20:49:33
=ended         2024-12-18 20:49:33
=result        ok
=elapsed       0.000002s
=case          ejabberd_SUITE:roster_subscribe_master
=logfile       ejabberd_suite.roster_subscribe_master.56482.html
=started       2024-12-18 20:49:33
=ended         2024-12-18 20:49:45
=result        ok
=elapsed       12.646559s
=case          ejabberd_SUITE:roster_subscribe_slave
=logfile       ejabberd_suite.roster_subscribe_slave.36804.html
=started       2024-12-18 20:49:33
=ended         2024-12-18 20:49:45
=result        ok
=elapsed       12.645601s
=case          ejabberd_SUITE:end_per_group
=logfile       ejabberd_suite.end_per_group.38596.html
=group_props   [{name,roster_subscribe},parallel]
=started       2024-12-18 20:49:45
=ended         2024-12-18 20:49:45
=result        ok
=elapsed       0.000002s
=group_time    12.707s
=case          ejabberd_SUITE:end_per_group
=logfile       ejabberd_suite.end_per_group.38628.html
=group_props   [{name,roster_master_slave},sequence]
=started       2024-12-18 20:49:45
=ended         2024-12-18 20:49:45
=result        ok
=elapsed       0.000007s
=group_time    12.758s
=case          ejabberd_SUITE:init_per_group
=logfile       ejabberd_suite.init_per_group.38660.html
=group_props   [{name,offline_master_slave},sequence]
=started       2024-12-18 20:49:45
=ended         2024-12-18 20:49:45
=result        ok
=elapsed       0.000003s
=case          ejabberd_SUITE:init_per_group
=logfile       ejabberd_suite.init_per_group.38692.html
=group_props   [{name,offline_flex},parallel]
=started       2024-12-18 20:49:45
=ended         2024-12-18 20:49:45
=result        ok
=elapsed       0.000002s
=case          ejabberd_SUITE:offline_flex_master
=logfile       ejabberd_suite.offline_flex_master.38724.html
=started       2024-12-18 20:49:45
=ended         2024-12-18 20:49:46
=result        ok
=elapsed       0.205819s
=case          ejabberd_SUITE:offline_flex_slave
=logfile       ejabberd_suite.offline_flex_slave.38756.html
=started       2024-12-18 20:49:45
=ended         2024-12-18 20:49:46
=result        ok
=elapsed       0.375815s
=case          ejabberd_SUITE:end_per_group
=logfile       ejabberd_suite.end_per_group.38820.html
=group_props   [{name,offline_flex},parallel]
=started       2024-12-18 20:49:46
=ended         2024-12-18 20:49:46
=result        ok
=elapsed       0.000002s
=group_time    0.433s
=case          ejabberd_SUITE:init_per_group
=logfile       ejabberd_suite.init_per_group.38852.html
=group_props   [{name,offline_send_all},parallel]
=started       2024-12-18 20:49:46
=ended         2024-12-18 20:49:46
=result        ok
=elapsed       0.000003s
=case          ejabberd_SUITE:offline_send_all_master
=logfile       ejabberd_suite.offline_send_all_master.58434.html
=started       2024-12-18 20:49:46
=ended         2024-12-18 20:50:00
=result        ok
=elapsed       13.729304s
=case          ejabberd_SUITE:offline_send_all_slave
=logfile       ejabberd_suite.offline_send_all_slave.58466.html
=started       2024-12-18 20:49:46
=ended         2024-12-18 20:50:00
=result        ok
=elapsed       13.875859s
=case          ejabberd_SUITE:end_per_group
=logfile       ejabberd_suite.end_per_group.58562.html
=group_props   [{name,offline_send_all},parallel]
=started       2024-12-18 20:50:00
=ended         2024-12-18 20:50:00
=result        ok
=elapsed       0.000003s
=group_time    13.934s
=case          ejabberd_SUITE:init_per_group
=logfile       ejabberd_suite.init_per_group.58594.html
=group_props   [{name,offline_from_mam},parallel]
=started       2024-12-18 20:50:00
=ended         2024-12-18 20:50:00
=result        ok
=elapsed       0.000003s
=case          ejabberd_SUITE:offline_from_mam_master
=logfile       ejabberd_suite.offline_from_mam_master.47619.html
=started       2024-12-18 20:50:00
=ended         2024-12-18 20:50:14
=result        ok
=elapsed       13.830116s
=case          ejabberd_SUITE:offline_from_mam_slave
=logfile       ejabberd_suite.offline_from_mam_slave.47651.html
=started       2024-12-18 20:50:00
=ended         2024-12-18 20:50:14
=result        ok
=elapsed       14.006502s
=case          ejabberd_SUITE:end_per_group
=logfile       ejabberd_suite.end_per_group.47779.html
=group_props   [{name,offline_from_mam},parallel]
=started       2024-12-18 20:50:14
=ended         2024-12-18 20:50:14
=result        ok
=elapsed       0.000002s
=group_time    14.065s
=case          ejabberd_SUITE:init_per_group
=logfile       ejabberd_suite.init_per_group.47811.html
=group_props   [{name,offline_mucsub_mam},parallel]
=started       2024-12-18 20:50:14
=ended         2024-12-18 20:50:14
=result        ok
=elapsed       0.000003s
=case          ejabberd_SUITE:offline_mucsub_mam_master
=logfile       ejabberd_suite.offline_mucsub_mam_master.47843.html
=started       2024-12-18 20:50:14
=ended         2024-12-18 20:50:14
=result        ok
=elapsed       0.240023s
=case          ejabberd_SUITE:offline_mucsub_mam_slave
=logfile       ejabberd_suite.offline_mucsub_mam_slave.47875.html
=started       2024-12-18 20:50:14
=ended         2024-12-18 20:50:14
=result        ok
=elapsed       0.236252s
=case          ejabberd_SUITE:end_per_group
=logfile       ejabberd_suite.end_per_group.48035.html
=group_props   [{name,offline_mucsub_mam},parallel]
=started       2024-12-18 20:50:14
=ended         2024-12-18 20:50:14
=result        ok
=elapsed       0.000003s
=group_time    0.299s
=case          ejabberd_SUITE:end_per_group
=logfile       ejabberd_suite.end_per_group.48067.html
=group_props   [{name,offline_master_slave},sequence]
=started       2024-12-18 20:50:14
=ended         2024-12-18 20:50:14
=result        ok
=elapsed       0.000002s
=group_time    28.857s
=case          ejabberd_SUITE:init_per_group
=logfile       ejabberd_suite.init_per_group.48099.html
=group_props   [{name,mam_master_slave},sequence]
=started       2024-12-18 20:50:14
=ended         2024-12-18 20:50:14
=result        ok
=elapsed       0.000003s
=case          ejabberd_SUITE:init_per_group
=logfile       ejabberd_suite.init_per_group.48131.html
=group_props   [{name,mam_archived_and_stanza_id},parallel]
=started       2024-12-18 20:50:14
=ended         2024-12-18 20:50:14
=result        ok
=elapsed       0.000003s
=case          ejabberd_SUITE:mam_archived_and_stanza_id_master
=logfile       ejabberd_suite.mam_archived_and_stanza_id_master.48163.html
=started       2024-12-18 20:50:14
=ended         2024-12-18 20:50:15
=result        ok
=elapsed       0.197774s
=case          ejabberd_SUITE:mam_archived_and_stanza_id_slave
=logfile       ejabberd_suite.mam_archived_and_stanza_id_slave.58690.html
=started       2024-12-18 20:50:14
=ended         2024-12-18 20:50:15
=result        ok
=elapsed       0.201594s
=case          ejabberd_SUITE:end_per_group
=logfile       ejabberd_suite.end_per_group.58754.html
=group_props   [{name,mam_archived_and_stanza_id},parallel]
=started       2024-12-18 20:50:15
=ended         2024-12-18 20:50:15
=result        ok
=elapsed       0.000003s
=group_time    0.260s
=case          ejabberd_SUITE:init_per_group
=logfile       ejabberd_suite.init_per_group.58786.html
=group_props   [{name,mam_query_all},parallel]
=started       2024-12-18 20:50:15
=ended         2024-12-18 20:50:15
=result        ok
=elapsed       0.000003s
=case          ejabberd_SUITE:mam_query_all_master
=logfile       ejabberd_suite.mam_query_all_master.58818.html
=started       2024-12-18 20:50:15
=ended         2024-12-18 20:50:15
=result        ok
=elapsed       0.174617s
=case          ejabberd_SUITE:mam_query_all_slave
=logfile       ejabberd_suite.mam_query_all_slave.58850.html
=started       2024-12-18 20:50:15
=ended         2024-12-18 20:50:15
=result        ok
=elapsed       0.181884s
=case          ejabberd_SUITE:end_per_group
=logfile       ejabberd_suite.end_per_group.48323.html
=group_props   [{name,mam_query_all},parallel]
=started       2024-12-18 20:50:15
=ended         2024-12-18 20:50:15
=result        ok
=elapsed       0.000008s
=group_time    0.240s
=case          ejabberd_SUITE:init_per_group
=logfile       ejabberd_suite.init_per_group.48355.html
=group_props   [{name,mam_query_with},parallel]
=started       2024-12-18 20:50:15
=ended         2024-12-18 20:50:15
=result        ok
=elapsed       0.000003s
=case          ejabberd_SUITE:mam_query_with_master
=logfile       ejabberd_suite.mam_query_with_master.48387.html
=started       2024-12-18 20:50:15
=ended         2024-12-18 20:50:15
=result        ok
=elapsed       0.191022s
=case          ejabberd_SUITE:mam_query_with_slave
=logfile       ejabberd_suite.mam_query_with_slave.48419.html
=started       2024-12-18 20:50:15
=ended         2024-12-18 20:50:15
=result        ok
=elapsed       0.190705s
=case          ejabberd_SUITE:end_per_group
=logfile       ejabberd_suite.end_per_group.48451.html
=group_props   [{name,mam_query_with},parallel]
=started       2024-12-18 20:50:15
=ended         2024-12-18 20:50:15
=result        ok
=elapsed       0.000002s
=group_time    0.252s
=case          ejabberd_SUITE:init_per_group
=logfile       ejabberd_suite.init_per_group.48483.html
=group_props   [{name,mam_query_rsm_max},parallel]
=started       2024-12-18 20:50:15
=ended         2024-12-18 20:50:15
=result        ok
=elapsed       0.000003s
=case          ejabberd_SUITE:mam_query_rsm_max_master
=logfile       ejabberd_suite.mam_query_rsm_max_master.48515.html
=started       2024-12-18 20:50:15
=ended         2024-12-18 20:50:15
=result        ok
=elapsed       0.235687s
=case          ejabberd_SUITE:mam_query_rsm_max_slave
=logfile       ejabberd_suite.mam_query_rsm_max_slave.48547.html
=started       2024-12-18 20:50:15
=ended         2024-12-18 20:50:15
=result        ok
=elapsed       0.236069s
=case          ejabberd_SUITE:end_per_group
=logfile       ejabberd_suite.end_per_group.48579.html
=group_props   [{name,mam_query_rsm_max},parallel]
=started       2024-12-18 20:50:15
=ended         2024-12-18 20:50:15
=result        ok
=elapsed       0.000007s
=group_time    0.297s
=case          ejabberd_SUITE:init_per_group
=logfile       ejabberd_suite.init_per_group.48611.html
=group_props   [{name,mam_query_rsm_after},parallel]
=started       2024-12-18 20:50:15
=ended         2024-12-18 20:50:15
=result        ok
=elapsed       0.000003s
=case          ejabberd_SUITE:mam_query_rsm_after_master
=logfile       ejabberd_suite.mam_query_rsm_after_master.48643.html
=started       2024-12-18 20:50:15
=ended         2024-12-18 20:50:16
=result        ok
=elapsed       0.224409s
=case          ejabberd_SUITE:mam_query_rsm_after_slave
=logfile       ejabberd_suite.mam_query_rsm_after_slave.48675.html
=started       2024-12-18 20:50:15
=ended         2024-12-18 20:50:16
=result        ok
=elapsed       0.221935s
=case          ejabberd_SUITE:end_per_group
=logfile       ejabberd_suite.end_per_group.12005.html
=group_props   [{name,mam_query_rsm_after},parallel]
=started       2024-12-18 20:50:16
=ended         2024-12-18 20:50:16
=result        ok
=elapsed       0.000009s
=group_time    0.284s
=case          ejabberd_SUITE:init_per_group
=logfile       ejabberd_suite.init_per_group.12037.html
=group_props   [{name,mam_query_rsm_before},parallel]
=started       2024-12-18 20:50:16
=ended         2024-12-18 20:50:16
=result        ok
=elapsed       0.000004s
=case          ejabberd_SUITE:mam_query_rsm_before_master
=logfile       ejabberd_suite.mam_query_rsm_before_master.39076.html
=started       2024-12-18 20:50:16
=ended         2024-12-18 20:50:16
=result        ok
=elapsed       0.242133s
=case          ejabberd_SUITE:mam_query_rsm_before_slave
=logfile       ejabberd_suite.mam_query_rsm_before_slave.39108.html
=started       2024-12-18 20:50:16
=ended         2024-12-18 20:50:16
=result        ok
=elapsed       0.237392s
=case          ejabberd_SUITE:end_per_group
=logfile       ejabberd_suite.end_per_group.39140.html
=group_props   [{name,mam_query_rsm_before},parallel]
=started       2024-12-18 20:50:16
=ended         2024-12-18 20:50:16
=result        ok
=elapsed       0.000002s
=group_time    0.300s
=case          ejabberd_SUITE:init_per_group
=logfile       ejabberd_suite.init_per_group.59106.html
=group_props   [{name,mam_muc},parallel]
=started       2024-12-18 20:50:16
=ended         2024-12-18 20:50:16
=result        ok
=elapsed       0.000003s
=case          ejabberd_SUITE:mam_muc_master
=logfile       ejabberd_suite.mam_muc_master.39172.html
=started       2024-12-18 20:50:16
=ended         2024-12-18 20:50:16
=result        ok
=elapsed       0.157711s
=case          ejabberd_SUITE:mam_muc_slave
=logfile       ejabberd_suite.mam_muc_slave.39204.html
=started       2024-12-18 20:50:16
=ended         2024-12-18 20:50:16
=result        ok
=elapsed       0.154035s
=case          ejabberd_SUITE:end_per_group
=logfile       ejabberd_suite.end_per_group.39236.html
=group_props   [{name,mam_muc},parallel]
=started       2024-12-18 20:50:16
=ended         2024-12-18 20:50:16
=result        ok
=elapsed       0.000003s
=group_time    0.216s
=case          ejabberd_SUITE:init_per_group
=logfile       ejabberd_suite.init_per_group.39268.html
=group_props   [{name,mam_mucsub},parallel]
=started       2024-12-18 20:50:16
=ended         2024-12-18 20:50:16
=result        ok
=elapsed       0.000003s
=case          ejabberd_SUITE:mam_mucsub_master
=logfile       ejabberd_suite.mam_mucsub_master.39300.html
=started       2024-12-18 20:50:16
=ended         2024-12-18 20:50:17
=result        ok
=elapsed       0.140125s
=case          ejabberd_SUITE:mam_mucsub_slave
=logfile       ejabberd_suite.mam_mucsub_slave.39332.html
=started       2024-12-18 20:50:16
=ended         2024-12-18 20:50:17
=result        ok
=elapsed       0.136761s
=case          ejabberd_SUITE:end_per_group
=logfile       ejabberd_suite.end_per_group.39364.html
=group_props   [{name,mam_mucsub},parallel]
=started       2024-12-18 20:50:17
=ended         2024-12-18 20:50:17
=result        ok
=elapsed       0.000003s
=group_time    0.200s
=case          ejabberd_SUITE:init_per_group
=logfile       ejabberd_suite.init_per_group.59298.html
=group_props   [{name,mam_mucsub_from_muc},parallel]
=started       2024-12-18 20:50:17
=ended         2024-12-18 20:50:17
=result        ok
=elapsed       0.000003s
=case          ejabberd_SUITE:mam_mucsub_from_muc_master
=logfile       ejabberd_suite.mam_mucsub_from_muc_master.39396.html
=started       2024-12-18 20:50:17
=ended         2024-12-18 20:50:17
=result        ok
=elapsed       0.140432s
=case          ejabberd_SUITE:mam_mucsub_from_muc_slave
=logfile       ejabberd_suite.mam_mucsub_from_muc_slave.39428.html
=started       2024-12-18 20:50:17
=ended         2024-12-18 20:50:17
=result        ok
=elapsed       0.137029s
=case          ejabberd_SUITE:end_per_group
=logfile       ejabberd_suite.end_per_group.39524.html
=group_props   [{name,mam_mucsub_from_muc},parallel]
=started       2024-12-18 20:50:17
=ended         2024-12-18 20:50:17
=result        ok
=elapsed       0.000009s
=group_time    0.200s
=case          ejabberd_SUITE:init_per_group
=logfile       ejabberd_suite.init_per_group.39556.html
=group_props   [{name,mam_mucsub_from_muc_non_persistent},parallel]
=started       2024-12-18 20:50:17
=ended         2024-12-18 20:50:17
=result        ok
=elapsed       0.000003s
=case          ejabberd_SUITE:mam_mucsub_from_muc_non_persistent_master
=logfile       ejabberd_suite.mam_mucsub_from_muc_non_persistent_master.39588.html
=started       2024-12-18 20:50:17
=ended         2024-12-18 20:50:17
=result        ok
=elapsed       0.133259s
=case          ejabberd_SUITE:mam_mucsub_from_muc_non_persistent_slave
=logfile       ejabberd_suite.mam_mucsub_from_muc_non_persistent_slave.39620.html
=started       2024-12-18 20:50:17
=ended         2024-12-18 20:50:17
=result        ok
=elapsed       0.131643s
=case          ejabberd_SUITE:end_per_group
=logfile       ejabberd_suite.end_per_group.39684.html
=group_props   [{name,mam_mucsub_from_muc_non_persistent},parallel]
=started       2024-12-18 20:50:17
=ended         2024-12-18 20:50:17
=result        ok
=elapsed       0.000003s
=group_time    0.193s
=case          ejabberd_SUITE:end_per_group
=logfile       ejabberd_suite.end_per_group.39716.html
=group_props   [{name,mam_master_slave},sequence]
=started       2024-12-18 20:50:17
=ended         2024-12-18 20:50:17
=result        ok
=elapsed       0.000003s
=group_time    2.724s
=case          ejabberd_SUITE:init_per_group
=logfile       ejabberd_suite.init_per_group.39748.html
=group_props   [{name,announce_master_slave},sequence]
=started       2024-12-18 20:50:17
=ended         2024-12-18 20:50:17
=result        ok
=elapsed       0.000004s
=case          ejabberd_SUITE:init_per_group
=logfile       ejabberd_suite.init_per_group.39780.html
=group_props   [{name,announce_set_motd},parallel]
=started       2024-12-18 20:50:17
=ended         2024-12-18 20:50:17
=result        ok
=elapsed       0.000003s
=case          ejabberd_SUITE:announce_set_motd_master
=logfile       ejabberd_suite.announce_set_motd_master.59426.html
=started       2024-12-18 20:50:17
=ended         2024-12-18 20:50:17
=result        ok
=elapsed       0.241522s
=case          ejabberd_SUITE:announce_set_motd_slave
=logfile       ejabberd_suite.announce_set_motd_slave.59458.html
=started       2024-12-18 20:50:17
=ended         2024-12-18 20:50:17
=result        ok
=elapsed       0.240675s
=case          ejabberd_SUITE:end_per_group
=logfile       ejabberd_suite.end_per_group.59554.html
=group_props   [{name,announce_set_motd},parallel]
=started       2024-12-18 20:50:17
=ended         2024-12-18 20:50:17
=result        ok
=elapsed       0.000004s
=group_time    0.300s
=case          ejabberd_SUITE:end_per_group
=logfile       ejabberd_suite.end_per_group.59586.html
=group_props   [{name,announce_master_slave},sequence]
=started       2024-12-18 20:50:17
=ended         2024-12-18 20:50:17
=result        ok
=elapsed       0.000003s
=group_time    0.350s
=case          ejabberd_SUITE:init_per_group
=logfile       ejabberd_suite.init_per_group.59618.html
=group_props   [{name,push_master_slave},sequence]
=started       2024-12-18 20:50:17
=ended         2024-12-18 20:50:17
=result        ok
=elapsed       0.000004s
=case          ejabberd_SUITE:init_per_group
=logfile       ejabberd_suite.init_per_group.59650.html
=group_props   [{name,push_sm},parallel]
=started       2024-12-18 20:50:17
=ended         2024-12-18 20:50:17
=result        ok
=elapsed       0.000004s
=case          ejabberd_SUITE:push_sm_master
=logfile       ejabberd_suite.push_sm_master.59682.html
=started       2024-12-18 20:50:17
=ended         2024-12-18 20:50:26
=result        ok
=elapsed       8.197472s
=case          ejabberd_SUITE:push_sm_slave
=logfile       ejabberd_suite.push_sm_slave.59714.html
=started       2024-12-18 20:50:17
=ended         2024-12-18 20:50:18
=result        ok
=elapsed       0.089556s
=case          ejabberd_SUITE:end_per_group
=logfile       ejabberd_suite.end_per_group.59874.html
=group_props   [{name,push_sm},parallel]
=started       2024-12-18 20:50:26
=ended         2024-12-18 20:50:26
=result        ok
=elapsed       0.000003s
=group_time    8.257s
=case          ejabberd_SUITE:init_per_group
=logfile       ejabberd_suite.init_per_group.59906.html
=group_props   [{name,push_offline},parallel]
=started       2024-12-18 20:50:26
=ended         2024-12-18 20:50:26
=result        ok
=elapsed       0.000002s
=case          ejabberd_SUITE:push_offline_master
=logfile       ejabberd_suite.push_offline_master.59938.html
=started       2024-12-18 20:50:26
=ended         2024-12-18 20:50:26
=result        ok
=elapsed       0.295789s
=case          ejabberd_SUITE:push_offline_slave
=logfile       ejabberd_suite.push_offline_slave.59970.html
=started       2024-12-18 20:50:26
=ended         2024-12-18 20:50:26
=result        ok
=elapsed       0.148351s
=case          ejabberd_SUITE:end_per_group
=logfile       ejabberd_suite.end_per_group.60002.html
=group_props   [{name,push_offline},parallel]
=started       2024-12-18 20:50:26
=ended         2024-12-18 20:50:26
=result        ok
=elapsed       0.000002s
=group_time    0.356s
=case          ejabberd_SUITE:init_per_group
=logfile       ejabberd_suite.init_per_group.60034.html
=group_props   [{name,push_mam},parallel]
=started       2024-12-18 20:50:26
=ended         2024-12-18 20:50:26
=result        ok
=elapsed       0.000003s
=case          ejabberd_SUITE:push_mam_master
=logfile       ejabberd_suite.push_mam_master.60066.html
=started       2024-12-18 20:50:26
=ended         2024-12-18 20:50:26
=result        ok
=elapsed       0.194328s
=case          ejabberd_SUITE:push_mam_slave
=logfile       ejabberd_suite.push_mam_slave.60098.html
=started       2024-12-18 20:50:26
=ended         2024-12-18 20:50:26
=result        ok
=elapsed       0.303583s
=case          ejabberd_SUITE:end_per_group
=logfile       ejabberd_suite.end_per_group.60194.html
=group_props   [{name,push_mam},parallel]
=started       2024-12-18 20:50:26
=ended         2024-12-18 20:50:26
=result        ok
=elapsed       0.000004s
=group_time    0.362s
=case          ejabberd_SUITE:end_per_group
=logfile       ejabberd_suite.end_per_group.60226.html
=group_props   [{name,push_master_slave},sequence]
=started       2024-12-18 20:50:26
=ended         2024-12-18 20:50:27
=result        ok
=elapsed       0.000003s
=group_time    9.076s
=case          ejabberd_SUITE:end_per_group
=logfile       ejabberd_suite.end_per_group.60258.html
=group_props   [{name,pgsql},sequence]
=started       2024-12-18 20:50:27
=ended         2024-12-18 20:50:27
=result        failed: {test_case_failed,
                           {failed_to_check_table_existence,pgsql,
                               {selected,[<<"exists">>],[[<<"f">>]]}}}, [{ejabberd_SUITE,
                                                                          end_per_group,
                                                                          196},
                                                                         {test_server,
                                                                          ts_tc,
                                                                          1794},
                                                                         {test_server,
                                                                          run_test_case_eval1,
                                                                          1391},
                                                                         {test_server,
                                                                          run_test_case_eval,
                                                                          1235}]
=elapsed       0.001695s
=== *** FAILED {ejabberd_SUITE,end_per_group} ***
=group_time    102.507s
=case          ejabberd_SUITE:init_per_group
=logfile       ejabberd_suite.init_per_group.60290.html
=group_props   [{name,sqlite},sequence]
=started       2024-12-18 20:50:27
=ended         2024-12-18 20:50:27
=result        ok
=elapsed       0.000303s
=case          ejabberd_SUITE:init_per_group
=logfile       ejabberd_suite.init_per_group.60322.html
=group_props   [{name,single_user},sequence]
=started       2024-12-18 20:50:27
=ended         2024-12-18 20:50:27
=result        ok
=elapsed       0.000003s
=case          ejabberd_SUITE:test_register
=logfile       ejabberd_suite.test_register.60354.html
=started       2024-12-18 20:50:27
=ended         2024-12-18 20:50:27
=result        ok
=elapsed       0.007913s
=case          ejabberd_SUITE:init_per_group
=logfile       ejabberd_suite.init_per_group.60418.html
=group_props   [{name,legacy_auth},parallel]
=started       2024-12-18 20:50:27
=ended         2024-12-18 20:50:27
=result        ok
=elapsed       0.000003s
=case          ejabberd_SUITE:test_legacy_auth_feature
=logfile       ejabberd_suite.test_legacy_auth_feature.60450.html
=started       2024-12-18 20:50:27
=ended         2024-12-18 20:50:27
=result        ok
=elapsed       0.000583s
=case          ejabberd_SUITE:test_legacy_auth
=logfile       ejabberd_suite.test_legacy_auth.60578.html
=started       2024-12-18 20:50:27
=ended         2024-12-18 20:50:27
=result        ok
=elapsed       0.110896s
=case          ejabberd_SUITE:test_legacy_auth_digest
=logfile       ejabberd_suite.test_legacy_auth_digest.12069.html
=started       2024-12-18 20:50:27
=ended         2024-12-18 20:50:27
=result        ok
=elapsed       0.108754s
=case          ejabberd_SUITE:test_legacy_auth_no_resource
=logfile       ejabberd_suite.test_legacy_auth_no_resource.60546.html
=started       2024-12-18 20:50:27
=ended         2024-12-18 20:50:27
=result        ok
=elapsed       0.001687s
=case          ejabberd_SUITE:test_legacy_auth_bad_jid
=logfile       ejabberd_suite.test_legacy_auth_bad_jid.60514.html
=started       2024-12-18 20:50:27
=ended         2024-12-18 20:50:27
=result        ok
=elapsed       0.001163s
=case          ejabberd_SUITE:test_legacy_auth_fail
=logfile       ejabberd_suite.test_legacy_auth_fail.60482.html
=started       2024-12-18 20:50:27
=ended         2024-12-18 20:50:27
=result        ok
=elapsed       0.002150s
=case          ejabberd_SUITE:end_per_group
=logfile       ejabberd_suite.end_per_group.40004.html
=group_props   [{name,legacy_auth},parallel]
=started       2024-12-18 20:50:27
=ended         2024-12-18 20:50:27
=result        ok
=elapsed       0.000003s
=group_time    0.177s
=case          ejabberd_SUITE:auth_plain
=logfile       ejabberd_suite.auth_plain.40036.html
=started       2024-12-18 20:50:27
=ended         2024-12-18 20:50:27
=result        ok
=elapsed       0.001492s
=case          ejabberd_SUITE:auth_md5
=logfile       ejabberd_suite.auth_md5.40100.html
=started       2024-12-18 20:50:27
=ended         2024-12-18 20:50:27
=result        ok
=elapsed       0.002158s
=case          ejabberd_SUITE:presence_broadcast
=logfile       ejabberd_suite.presence_broadcast.40164.html
=started       2024-12-18 20:50:27
=ended         2024-12-18 20:50:27
=result        ok
=elapsed       0.211477s
=case          ejabberd_SUITE:last
=logfile       ejabberd_suite.last.40196.html
=started       2024-12-18 20:50:27
=ended         2024-12-18 20:50:27
=result        ok
=elapsed       0.104337s
=case          ejabberd_SUITE:init_per_group
=logfile       ejabberd_suite.init_per_group.40260.html
=group_props   [{name,webadmin_single},sequence]
=started       2024-12-18 20:50:27
=ended         2024-12-18 20:50:27
=result        ok
=elapsed       0.000003s
=case          ejabberd_SUITE:webadmin_login_page
=logfile       ejabberd_suite.webadmin_login_page.49411.html
=started       2024-12-18 20:50:27
=ended         2024-12-18 20:50:27
=result        ok
=elapsed       0.000450s
=case          ejabberd_SUITE:webadmin_welcome_page
=logfile       ejabberd_suite.webadmin_welcome_page.49443.html
=started       2024-12-18 20:50:27
=ended         2024-12-18 20:50:27
=result        ok
=elapsed       0.004743s
=case          ejabberd_SUITE:webadmin_user_page
=logfile       ejabberd_suite.webadmin_user_page.49475.html
=started       2024-12-18 20:50:27
=ended         2024-12-18 20:50:27
=result        ok
=elapsed       0.003198s
=case          ejabberd_SUITE:webadmin_adduser
=logfile       ejabberd_suite.webadmin_adduser.49507.html
=started       2024-12-18 20:50:27
=ended         2024-12-18 20:50:27
=result        ok
=elapsed       0.008962s
=case          ejabberd_SUITE:webadmin_changepassword
=logfile       ejabberd_suite.webadmin_changepassword.49539.html
=started       2024-12-18 20:50:27
=ended         2024-12-18 20:50:27
=result        ok
=elapsed       0.004201s
=case          ejabberd_SUITE:webadmin_removeuser
=logfile       ejabberd_suite.webadmin_removeuser.49571.html
=started       2024-12-18 20:50:27
=ended         2024-12-18 20:50:27
=result        ok
=elapsed       0.007398s
=case          ejabberd_SUITE:end_per_group
=logfile       ejabberd_suite.end_per_group.49603.html
=group_props   [{name,webadmin_single},sequence]
=started       2024-12-18 20:50:27
=ended         2024-12-18 20:50:28
=result        ok
=elapsed       0.000003s
=group_time    0.212s
=case          ejabberd_SUITE:init_per_group
=logfile       ejabberd_suite.init_per_group.49635.html
=group_props   [{name,roster_single},sequence]
=started       2024-12-18 20:50:28
=ended         2024-12-18 20:50:28
=result        ok
=elapsed       0.000003s
=case          ejabberd_SUITE:roster_feature_enabled
=logfile       ejabberd_suite.roster_feature_enabled.49667.html
=started       2024-12-18 20:50:28
=ended         2024-12-18 20:50:28
=result        ok
=elapsed       0.102424s
=case          ejabberd_SUITE:roster_iq_set_many_items
=logfile       ejabberd_suite.roster_iq_set_many_items.49731.html
=started       2024-12-18 20:50:28
=ended         2024-12-18 20:50:28
=result        ok
=elapsed       0.103689s
=case          ejabberd_SUITE:roster_iq_set_duplicated_groups
=logfile       ejabberd_suite.roster_iq_set_duplicated_groups.49795.html
=started       2024-12-18 20:50:28
=ended         2024-12-18 20:50:28
=result        ok
=elapsed       0.103781s
=case          ejabberd_SUITE:roster_iq_get_item
=logfile       ejabberd_suite.roster_iq_get_item.49891.html
=started       2024-12-18 20:50:28
=ended         2024-12-18 20:50:28
=result        ok
=elapsed       0.103274s
=case          ejabberd_SUITE:roster_iq_unexpected_element
=logfile       ejabberd_suite.roster_iq_unexpected_element.49955.html
=started       2024-12-18 20:50:28
=ended         2024-12-18 20:50:28
=result        ok
=elapsed       0.104185s
=case          ejabberd_SUITE:roster_iq_set_ask
=logfile       ejabberd_suite.roster_iq_set_ask.49987.html
=started       2024-12-18 20:50:28
=ended         2024-12-18 20:50:28
=result        ok
=elapsed       0.103812s
=case          ejabberd_SUITE:roster_set_item
=logfile       ejabberd_suite.roster_set_item.50083.html
=started       2024-12-18 20:50:28
=ended         2024-12-18 20:50:29
=result        ok
=elapsed       0.333850s
=case          ejabberd_SUITE:roster_version
=logfile       ejabberd_suite.roster_version.50211.html
=started       2024-12-18 20:50:29
=ended         2024-12-18 20:50:29
=result        ok
=elapsed       0.155553s
=case          ejabberd_SUITE:end_per_group
=logfile       ejabberd_suite.end_per_group.50275.html
=group_props   [{name,roster_single},sequence]
=started       2024-12-18 20:50:29
=ended         2024-12-18 20:50:29
=result        ok
=elapsed       0.000003s
=group_time    1.382s
=case          ejabberd_SUITE:init_per_group
=logfile       ejabberd_suite.init_per_group.50307.html
=group_props   [{name,private_single},sequence]
=started       2024-12-18 20:50:29
=ended         2024-12-18 20:50:29
=result        ok
=elapsed       0.000003s
=case          ejabberd_SUITE:private_test_features
=logfile       ejabberd_suite.private_test_features.50339.html
=started       2024-12-18 20:50:29
=ended         2024-12-18 20:50:29
=result        ok
=elapsed       0.103342s
=case          ejabberd_SUITE:private_test_no_namespace
=logfile       ejabberd_suite.private_test_no_namespace.50371.html
=started       2024-12-18 20:50:29
=ended         2024-12-18 20:50:29
=result        ok
=elapsed       0.103428s
=case          ejabberd_SUITE:private_test_set_get
=logfile       ejabberd_suite.private_test_set_get.50435.html
=started       2024-12-18 20:50:29
=ended         2024-12-18 20:50:29
=result        ok
=elapsed       0.144676s
=case          ejabberd_SUITE:private_test_published
=logfile       ejabberd_suite.private_test_published.50499.html
=started       2024-12-18 20:50:29
=ended         2024-12-18 20:50:30
=result        ok
=elapsed       0.110183s
=case          ejabberd_SUITE:end_per_group
=logfile       ejabberd_suite.end_per_group.50595.html
=group_props   [{name,private_single},sequence]
=started       2024-12-18 20:50:30
=ended         2024-12-18 20:50:30
=result        ok
=elapsed       0.000008s
=group_time    0.611s
=case          ejabberd_SUITE:init_per_group
=logfile       ejabberd_suite.init_per_group.50627.html
=group_props   [{name,privacy_single},sequence]
=started       2024-12-18 20:50:30
=ended         2024-12-18 20:50:30
=result        ok
=elapsed       0.000002s
=case          ejabberd_SUITE:privacy_feature_enabled
=logfile       ejabberd_suite.privacy_feature_enabled.50659.html
=started       2024-12-18 20:50:30
=ended         2024-12-18 20:50:30
=result        ok
=elapsed       0.104183s
=case          ejabberd_SUITE:privacy_set_get_list
=logfile       ejabberd_suite.privacy_set_get_list.50723.html
=started       2024-12-18 20:50:30
=ended         2024-12-18 20:50:30
=result        ok
=elapsed       0.149360s
=case          ejabberd_SUITE:privacy_get_list_non_existent
=logfile       ejabberd_suite.privacy_get_list_non_existent.50819.html
=started       2024-12-18 20:50:30
=ended         2024-12-18 20:50:30
=result        ok
=elapsed       0.103607s
=case          ejabberd_SUITE:privacy_get_empty_lists
=logfile       ejabberd_suite.privacy_get_empty_lists.50883.html
=started       2024-12-18 20:50:30
=ended         2024-12-18 20:50:30
=result        ok
=elapsed       0.103920s
=case          ejabberd_SUITE:privacy_set_default
=logfile       ejabberd_suite.privacy_set_default.50979.html
=started       2024-12-18 20:50:30
=ended         2024-12-18 20:50:30
=result        ok
=elapsed       0.154270s
=case          ejabberd_SUITE:privacy_del_default
=logfile       ejabberd_suite.privacy_del_default.51011.html
=started       2024-12-18 20:50:30
=ended         2024-12-18 20:50:31
=result        ok
=elapsed       0.153660s
=case          ejabberd_SUITE:privacy_set_default_non_existent
=logfile       ejabberd_suite.privacy_set_default_non_existent.61282.html
=started       2024-12-18 20:50:31
=ended         2024-12-18 20:50:31
=result        ok
=elapsed       0.104091s
=case          ejabberd_SUITE:privacy_set_active
=logfile       ejabberd_suite.privacy_set_active.51171.html
=started       2024-12-18 20:50:31
=ended         2024-12-18 20:50:31
=result        ok
=elapsed       0.150934s
=case          ejabberd_SUITE:privacy_del_active
=logfile       ejabberd_suite.privacy_del_active.51203.html
=started       2024-12-18 20:50:31
=ended         2024-12-18 20:50:31
=result        ok
=elapsed       0.150835s
=case          ejabberd_SUITE:privacy_set_active_non_existent
=logfile       ejabberd_suite.privacy_set_active_non_existent.51235.html
=started       2024-12-18 20:50:31
=ended         2024-12-18 20:50:31
=result        ok
=elapsed       0.105502s
=case          ejabberd_SUITE:privacy_remove_list
=logfile       ejabberd_suite.privacy_remove_list.51331.html
=started       2024-12-18 20:50:31
=ended         2024-12-18 20:50:31
=result        ok
=elapsed       0.150836s
=case          ejabberd_SUITE:privacy_remove_default_list
=logfile       ejabberd_suite.privacy_remove_default_list.51427.html
=started       2024-12-18 20:50:31
=ended         2024-12-18 20:50:32
=result        ok
=elapsed       0.154325s
=case          ejabberd_SUITE:privacy_remove_active_list
=logfile       ejabberd_suite.privacy_remove_active_list.51459.html
=started       2024-12-18 20:50:32
=ended         2024-12-18 20:50:32
=result        ok
=elapsed       0.150673s
=case          ejabberd_SUITE:privacy_remove_list_non_existent
=logfile       ejabberd_suite.privacy_remove_list_non_existent.51523.html
=started       2024-12-18 20:50:32
=ended         2024-12-18 20:50:32
=result        ok
=elapsed       0.104288s
=case          ejabberd_SUITE:privacy_allow_local_server
=logfile       ejabberd_suite.privacy_allow_local_server.51587.html
=started       2024-12-18 20:50:32
=ended         2024-12-18 20:50:32
=result        ok
=elapsed       0.196481s
=case          ejabberd_SUITE:privacy_malformed_iq_query
=logfile       ejabberd_suite.privacy_malformed_iq_query.51651.html
=started       2024-12-18 20:50:32
=ended         2024-12-18 20:50:32
=result        ok
=elapsed       0.104376s
=case          ejabberd_SUITE:privacy_malformed_get
=logfile       ejabberd_suite.privacy_malformed_get.51683.html
=started       2024-12-18 20:50:32
=ended         2024-12-18 20:50:32
=result        ok
=elapsed       0.105996s
=case          ejabberd_SUITE:privacy_malformed_set
=logfile       ejabberd_suite.privacy_malformed_set.61506.html
=started       2024-12-18 20:50:32
=ended         2024-12-18 20:50:32
=result        ok
=elapsed       0.105029s
=case          ejabberd_SUITE:privacy_malformed_type_value
=logfile       ejabberd_suite.privacy_malformed_type_value.61570.html
=started       2024-12-18 20:50:32
=ended         2024-12-18 20:50:33
=result        ok
=elapsed       0.104957s
=case          ejabberd_SUITE:privacy_set_get_block
=logfile       ejabberd_suite.privacy_set_get_block.61602.html
=started       2024-12-18 20:50:33
=ended         2024-12-18 20:50:33
=result        ok
=elapsed       0.196554s
=case          ejabberd_SUITE:end_per_group
=logfile       ejabberd_suite.end_per_group.61666.html
=group_props   [{name,privacy_single},sequence]
=started       2024-12-18 20:50:33
=ended         2024-12-18 20:50:33
=result        ok
=elapsed       0.000003s
=group_time    3.310s
=case          ejabberd_SUITE:init_per_group
=logfile       ejabberd_suite.init_per_group.61698.html
=group_props   [{name,vcard_single},sequence]
=started       2024-12-18 20:50:33
=ended         2024-12-18 20:50:33
=result        ok
=elapsed       0.000003s
=case          ejabberd_SUITE:vcard_feature_enabled
=logfile       ejabberd_suite.vcard_feature_enabled.61730.html
=started       2024-12-18 20:50:33
=ended         2024-12-18 20:50:33
=result        ok
=elapsed       0.105246s
=case          ejabberd_SUITE:vcard_get_set
=logfile       ejabberd_suite.vcard_get_set.61826.html
=started       2024-12-18 20:50:33
=ended         2024-12-18 20:50:33
=result        ok
=elapsed       0.107522s
=case          ejabberd_SUITE:vcard_service_vcard
=logfile       ejabberd_suite.vcard_service_vcard.61922.html
=started       2024-12-18 20:50:33
=ended         2024-12-18 20:50:33
=result        ok
=elapsed       0.103733s
=case          ejabberd_SUITE:end_per_group
=logfile       ejabberd_suite.end_per_group.61986.html
=group_props   [{name,vcard_single},sequence]
=started       2024-12-18 20:50:33
=ended         2024-12-18 20:50:33
=result        ok
=elapsed       0.000003s
=group_time    0.436s
=case          ejabberd_SUITE:init_per_group
=logfile       ejabberd_suite.init_per_group.62018.html
=group_props   [{name,pubsub_single},sequence]
=started       2024-12-18 20:50:33
=ended         2024-12-18 20:50:33
=result        ok
=elapsed       0.000004s
=case          ejabberd_SUITE:pubsub_test_features
=logfile       ejabberd_suite.pubsub_test_features.51843.html
=started       2024-12-18 20:50:33
=ended         2024-12-18 20:50:34
=result        ok
=elapsed       0.104495s
=case          ejabberd_SUITE:pubsub_test_vcard
=logfile       ejabberd_suite.pubsub_test_vcard.51875.html
=started       2024-12-18 20:50:34
=ended         2024-12-18 20:50:34
=result        ok
=elapsed       0.104182s
=case          ejabberd_SUITE:pubsub_test_create
=logfile       ejabberd_suite.pubsub_test_create.51939.html
=started       2024-12-18 20:50:34
=ended         2024-12-18 20:50:34
=result        ok
=elapsed       0.106819s
=case          ejabberd_SUITE:pubsub_test_configure
=logfile       ejabberd_suite.pubsub_test_configure.52003.html
=started       2024-12-18 20:50:34
=ended         2024-12-18 20:50:34
=result        ok
=elapsed       0.112594s
=case          ejabberd_SUITE:pubsub_test_delete
=logfile       ejabberd_suite.pubsub_test_delete.52035.html
=started       2024-12-18 20:50:34
=ended         2024-12-18 20:50:34
=result        ok
=elapsed       0.105335s
=case          ejabberd_SUITE:pubsub_test_get_affiliations
=logfile       ejabberd_suite.pubsub_test_get_affiliations.52131.html
=started       2024-12-18 20:50:34
=ended         2024-12-18 20:50:34
=result        ok
=elapsed       0.138871s
=case          ejabberd_SUITE:pubsub_test_get_subscriptions
=logfile       ejabberd_suite.pubsub_test_get_subscriptions.52227.html
=started       2024-12-18 20:50:34
=ended         2024-12-18 20:50:34
=result        ok
=elapsed       0.151405s
=case          ejabberd_SUITE:pubsub_test_create_instant
=logfile       ejabberd_suite.pubsub_test_create_instant.52323.html
=started       2024-12-18 20:50:34
=ended         2024-12-18 20:50:35
=result        ok
=elapsed       0.110942s
=case          ejabberd_SUITE:pubsub_test_default
=logfile       ejabberd_suite.pubsub_test_default.52355.html
=started       2024-12-18 20:50:35
=ended         2024-12-18 20:50:35
=result        ok
=elapsed       0.104465s
=case          ejabberd_SUITE:pubsub_test_create_configure
=logfile       ejabberd_suite.pubsub_test_create_configure.52419.html
=started       2024-12-18 20:50:35
=ended         2024-12-18 20:50:35
=result        ok
=elapsed       0.115133s
=case          ejabberd_SUITE:pubsub_test_publish
=logfile       ejabberd_suite.pubsub_test_publish.52515.html
=started       2024-12-18 20:50:35
=ended         2024-12-18 20:50:35
=result        ok
=elapsed       0.112803s
=case          ejabberd_SUITE:pubsub_test_auto_create
=logfile       ejabberd_suite.pubsub_test_auto_create.52611.html
=started       2024-12-18 20:50:35
=ended         2024-12-18 20:50:35
=result        ok
=elapsed       0.115119s
=case          ejabberd_SUITE:pubsub_test_get_items
=logfile       ejabberd_suite.pubsub_test_get_items.62402.html
=started       2024-12-18 20:50:35
=ended         2024-12-18 20:50:35
=result        ok
=elapsed       0.126829s
=case          ejabberd_SUITE:pubsub_test_delete_item
=logfile       ejabberd_suite.pubsub_test_delete_item.62498.html
=started       2024-12-18 20:50:35
=ended         2024-12-18 20:50:35
=result        ok
=elapsed       0.118097s
=case          ejabberd_SUITE:pubsub_test_purge
=logfile       ejabberd_suite.pubsub_test_purge.62594.html
=started       2024-12-18 20:50:35
=ended         2024-12-18 20:50:36
=result        ok
=elapsed       0.133043s
=case          ejabberd_SUITE:pubsub_test_subscribe
=logfile       ejabberd_suite.pubsub_test_subscribe.62690.html
=started       2024-12-18 20:50:36
=ended         2024-12-18 20:50:36
=result        ok
=elapsed       0.114754s
=case          ejabberd_SUITE:pubsub_test_subscribe_max_item_1
=logfile       ejabberd_suite.pubsub_test_subscribe_max_item_1.62786.html
=started       2024-12-18 20:50:36
=ended         2024-12-18 20:50:36
=result        ok
=elapsed       0.115952s
=case          ejabberd_SUITE:pubsub_test_unsubscribe
=logfile       ejabberd_suite.pubsub_test_unsubscribe.62850.html
=started       2024-12-18 20:50:36
=ended         2024-12-18 20:50:36
=result        ok
=elapsed       0.116641s
=case          ejabberd_SUITE:end_per_group
=logfile       ejabberd_suite.end_per_group.62914.html
=group_props   [{name,pubsub_single},sequence]
=started       2024-12-18 20:50:36
=ended         2024-12-18 20:50:36
=result        ok
=elapsed       0.000004s
=group_time    2.706s
=case          ejabberd_SUITE:init_per_group
=logfile       ejabberd_suite.init_per_group.62946.html
=group_props   [{name,muc_single},sequence]
=started       2024-12-18 20:50:36
=ended         2024-12-18 20:50:36
=result        ok
=elapsed       0.000003s
=case          ejabberd_SUITE:muc_service_presence_error
=logfile       ejabberd_suite.muc_service_presence_error.62978.html
=started       2024-12-18 20:50:36
=ended         2024-12-18 20:50:36
=result        ok
=elapsed       0.191534s
=case          ejabberd_SUITE:muc_service_message_error
=logfile       ejabberd_suite.muc_service_message_error.63042.html
=started       2024-12-18 20:50:36
=ended         2024-12-18 20:50:37
=result        ok
=elapsed       0.193609s
=case          ejabberd_SUITE:muc_service_unknown_ns_iq_error
=logfile       ejabberd_suite.muc_service_unknown_ns_iq_error.63106.html
=started       2024-12-18 20:50:37
=ended         2024-12-18 20:50:37
=result        ok
=elapsed       0.192693s
=case          ejabberd_SUITE:muc_service_iq_set_error
=logfile       ejabberd_suite.muc_service_iq_set_error.63170.html
=started       2024-12-18 20:50:37
=ended         2024-12-18 20:50:37
=result        ok
=elapsed       0.320845s
=case          ejabberd_SUITE:muc_service_improper_iq_error
=logfile       ejabberd_suite.muc_service_improper_iq_error.63234.html
=started       2024-12-18 20:50:37
=ended         2024-12-18 20:50:37
=result        ok
=elapsed       0.277024s
=case          ejabberd_SUITE:muc_service_features
=logfile       ejabberd_suite.muc_service_features.63298.html
=started       2024-12-18 20:50:37
=ended         2024-12-18 20:50:38
=result        ok
=elapsed       0.103897s
=case          ejabberd_SUITE:muc_service_disco_info_node_error
=logfile       ejabberd_suite.muc_service_disco_info_node_error.63330.html
=started       2024-12-18 20:50:38
=ended         2024-12-18 20:50:38
=result        ok
=elapsed       0.103993s
=case          ejabberd_SUITE:muc_service_disco_items
=logfile       ejabberd_suite.muc_service_disco_items.63394.html
=started       2024-12-18 20:50:38
=ended         2024-12-18 20:50:38
=result        ok
=elapsed       0.174036s
=case          ejabberd_SUITE:muc_service_unique
=logfile       ejabberd_suite.muc_service_unique.63522.html
=started       2024-12-18 20:50:38
=ended         2024-12-18 20:50:38
=result        ok
=elapsed       0.104032s
=case          ejabberd_SUITE:muc_service_vcard
=logfile       ejabberd_suite.muc_service_vcard.63586.html
=started       2024-12-18 20:50:38
=ended         2024-12-18 20:50:38
=result        ok
=elapsed       0.104329s
=case          ejabberd_SUITE:muc_configure_non_existent
=logfile       ejabberd_suite.muc_configure_non_existent.63650.html
=started       2024-12-18 20:50:38
=ended         2024-12-18 20:50:38
=result        ok
=elapsed       0.109520s
=case          ejabberd_SUITE:muc_cancel_configure_non_existent
=logfile       ejabberd_suite.muc_cancel_configure_non_existent.63714.html
=started       2024-12-18 20:50:38
=ended         2024-12-18 20:50:38
=result        ok
=elapsed       0.113105s
=case          ejabberd_SUITE:muc_service_subscriptions
=logfile       ejabberd_suite.muc_service_subscriptions.63810.html
=started       2024-12-18 20:50:38
=ended         2024-12-18 20:50:39
=result        ok
=elapsed       0.209847s
=case          ejabberd_SUITE:muc_set_room_affiliation
=logfile       ejabberd_suite.muc_set_room_affiliation.63938.html
=started       2024-12-18 20:50:39
=ended         2024-12-18 20:50:39
=result        ok
=elapsed       0.120090s
=case          ejabberd_SUITE:end_per_group
=logfile       ejabberd_suite.end_per_group.64034.html
=group_props   [{name,muc_single},sequence]
=started       2024-12-18 20:50:39
=ended         2024-12-18 20:50:39
=result        ok
=elapsed       0.000002s
=group_time    2.789s
=case          ejabberd_SUITE:init_per_group
=logfile       ejabberd_suite.init_per_group.64066.html
=group_props   [{name,offline_single},sequence]
=started       2024-12-18 20:50:39
=ended         2024-12-18 20:50:39
=result        ok
=elapsed       0.000003s
=case          ejabberd_SUITE:offline_feature_enabled
=logfile       ejabberd_suite.offline_feature_enabled.64098.html
=started       2024-12-18 20:50:39
=ended         2024-12-18 20:50:39
=result        ok
=elapsed       0.104975s
=case          ejabberd_SUITE:offline_check_identity
=logfile       ejabberd_suite.offline_check_identity.64130.html
=started       2024-12-18 20:50:39
=ended         2024-12-18 20:50:39
=result        ok
=elapsed       0.103369s
=case          ejabberd_SUITE:offline_send_non_existent
=logfile       ejabberd_suite.offline_send_non_existent.53411.html
=started       2024-12-18 20:50:39
=ended         2024-12-18 20:50:39
=result        ok
=elapsed       0.103206s
=case          ejabberd_SUITE:offline_view_non_existent
=logfile       ejabberd_suite.offline_view_non_existent.64194.html
=started       2024-12-18 20:50:39
=ended         2024-12-18 20:50:39
=result        ok
=elapsed       0.103792s
=case          ejabberd_SUITE:offline_remove_non_existent
=logfile       ejabberd_suite.offline_remove_non_existent.64258.html
=started       2024-12-18 20:50:39
=ended         2024-12-18 20:50:40
=result        ok
=elapsed       0.103183s
=case          ejabberd_SUITE:offline_view_non_integer
=logfile       ejabberd_suite.offline_view_non_integer.53507.html
=started       2024-12-18 20:50:40
=ended         2024-12-18 20:50:40
=result        ok
=elapsed       0.103623s
=case          ejabberd_SUITE:offline_remove_non_integer
=logfile       ejabberd_suite.offline_remove_non_integer.64418.html
=started       2024-12-18 20:50:40
=ended         2024-12-18 20:50:40
=result        ok
=elapsed       0.103413s
=case          ejabberd_SUITE:offline_malformed_iq
=logfile       ejabberd_suite.offline_malformed_iq.64482.html
=started       2024-12-18 20:50:40
=ended         2024-12-18 20:50:40
=result        ok
=elapsed       0.106175s
=case          ejabberd_SUITE:offline_wrong_user
=logfile       ejabberd_suite.offline_wrong_user.64546.html
=started       2024-12-18 20:50:40
=ended         2024-12-18 20:50:40
=result        ok
=elapsed       0.111250s
=case          ejabberd_SUITE:offline_unsupported_iq
=logfile       ejabberd_suite.offline_unsupported_iq.64610.html
=started       2024-12-18 20:50:40
=ended         2024-12-18 20:50:40
=result        ok
=elapsed       0.104709s
=case          ejabberd_SUITE:end_per_group
=logfile       ejabberd_suite.end_per_group.64642.html
=group_props   [{name,offline_single},sequence]
=started       2024-12-18 20:50:40
=ended         2024-12-18 20:50:40
=result        ok
=elapsed       0.000003s
=group_time    1.394s
=case          ejabberd_SUITE:init_per_group
=logfile       ejabberd_suite.init_per_group.64674.html
=group_props   [{name,mam_single},sequence]
=started       2024-12-18 20:50:40
=ended         2024-12-18 20:50:40
=result        ok
=elapsed       0.000002s
=case          ejabberd_SUITE:mam_feature_enabled
=logfile       ejabberd_suite.mam_feature_enabled.64706.html
=started       2024-12-18 20:50:40
=ended         2024-12-18 20:50:40
=result        ok
=elapsed       0.105749s
=case          ejabberd_SUITE:mam_get_set_prefs
=logfile       ejabberd_suite.mam_get_set_prefs.64770.html
=started       2024-12-18 20:50:40
=ended         2024-12-18 20:50:42
=result        ok
=elapsed       1.895633s
=case          ejabberd_SUITE:mam_get_form
=logfile       ejabberd_suite.mam_get_form.64866.html
=started       2024-12-18 20:50:42
=ended         2024-12-18 20:50:43
=result        ok
=elapsed       0.106865s
=case          ejabberd_SUITE:mam_fake_by
=logfile       ejabberd_suite.mam_fake_by.53667.html
=started       2024-12-18 20:50:43
=ended         2024-12-18 20:50:43
=result        ok
=elapsed       0.104378s
=case          ejabberd_SUITE:end_per_group
=logfile       ejabberd_suite.end_per_group.53731.html
=group_props   [{name,mam_single},sequence]
=started       2024-12-18 20:50:43
=ended         2024-12-18 20:50:43
=result        ok
=elapsed       0.000002s
=group_time    2.364s
=case          ejabberd_SUITE:init_per_group
=logfile       ejabberd_suite.init_per_group.53763.html
=group_props   [{name,push_single},sequence]
=started       2024-12-18 20:50:43
=ended         2024-12-18 20:50:43
=result        ok
=elapsed       0.000003s
=case          ejabberd_SUITE:push_feature_enabled
=logfile       ejabberd_suite.push_feature_enabled.53795.html
=started       2024-12-18 20:50:43
=ended         2024-12-18 20:50:43
=result        ok
=elapsed       0.103825s
=case          ejabberd_SUITE:push_unsupported_iq
=logfile       ejabberd_suite.push_unsupported_iq.53827.html
=started       2024-12-18 20:50:43
=ended         2024-12-18 20:50:43
=result        ok
=elapsed       0.104097s
=case          ejabberd_SUITE:end_per_group
=logfile       ejabberd_suite.end_per_group.53891.html
=group_props   [{name,push_single},sequence]
=started       2024-12-18 20:50:43
=ended         2024-12-18 20:50:43
=result        ok
=elapsed       0.000003s
=group_time    0.294s
=case          ejabberd_SUITE:test_unregister
=logfile       ejabberd_suite.test_unregister.53923.html
=started       2024-12-18 20:50:43
=ended         2024-12-18 20:50:43
=result        ok
=elapsed       0.010994s
=case          ejabberd_SUITE:end_per_group
=logfile       ejabberd_suite.end_per_group.53955.html
=group_props   [{name,single_user},sequence]
=started       2024-12-18 20:50:43
=ended         2024-12-18 20:50:43
=result        ok
=elapsed       0.000003s
=group_time    16.495s
=case          ejabberd_SUITE:init_per_group
=logfile       ejabberd_suite.init_per_group.53987.html
=group_props   [{name,muc_master_slave},sequence]
=started       2024-12-18 20:50:43
=ended         2024-12-18 20:50:43
=result        ok
=elapsed       0.000003s
=case          ejabberd_SUITE:init_per_group
=logfile       ejabberd_suite.init_per_group.54019.html
=group_props   [{name,muc_register},parallel]
=started       2024-12-18 20:50:43
=ended         2024-12-18 20:50:43
=result        ok
=elapsed       0.000003s
=case          ejabberd_SUITE:muc_register_master
=logfile       ejabberd_suite.muc_register_master.54051.html
=started       2024-12-18 20:50:43
=ended         2024-12-18 20:50:43
=result        ok
=elapsed       0.124562s
=case          ejabberd_SUITE:muc_register_slave
=logfile       ejabberd_suite.muc_register_slave.65122.html
=started       2024-12-18 20:50:43
=ended         2024-12-18 20:50:43
=result        ok
=elapsed       0.119361s
=case          ejabberd_SUITE:end_per_group
=logfile       ejabberd_suite.end_per_group.54115.html
=group_props   [{name,muc_register},parallel]
=started       2024-12-18 20:50:43
=ended         2024-12-18 20:50:43
=result        ok
=elapsed       0.000003s
=group_time    0.187s
=case          ejabberd_SUITE:init_per_group
=logfile       ejabberd_suite.init_per_group.54147.html
=group_props   [{name,muc_groupchat_msg},parallel]
=started       2024-12-18 20:50:43
=ended         2024-12-18 20:50:43
=result        ok
=elapsed       0.000003s
=case          ejabberd_SUITE:muc_groupchat_msg_master
=logfile       ejabberd_suite.muc_groupchat_msg_master.54179.html
=started       2024-12-18 20:50:43
=ended         2024-12-18 20:50:44
=result        ok
=elapsed       0.127595s
=case          ejabberd_SUITE:muc_groupchat_msg_slave
=logfile       ejabberd_suite.muc_groupchat_msg_slave.54211.html
=started       2024-12-18 20:50:43
=ended         2024-12-18 20:50:44
=result        ok
=elapsed       0.124157s
=case          ejabberd_SUITE:end_per_group
=logfile       ejabberd_suite.end_per_group.54307.html
=group_props   [{name,muc_groupchat_msg},parallel]
=started       2024-12-18 20:50:44
=ended         2024-12-18 20:50:44
=result        ok
=elapsed       0.000009s
=group_time    0.189s
=case          ejabberd_SUITE:init_per_group
=logfile       ejabberd_suite.init_per_group.54339.html
=group_props   [{name,muc_private_msg},parallel]
=started       2024-12-18 20:50:44
=ended         2024-12-18 20:50:44
=result        ok
=elapsed       0.000003s
=case          ejabberd_SUITE:muc_private_msg_master
=logfile       ejabberd_suite.muc_private_msg_master.54371.html
=started       2024-12-18 20:50:44
=ended         2024-12-18 20:50:44
=result        ok
=elapsed       0.167845s
=case          ejabberd_SUITE:muc_private_msg_slave
=logfile       ejabberd_suite.muc_private_msg_slave.65314.html
=started       2024-12-18 20:50:44
=ended         2024-12-18 20:50:44
=result        ok
=elapsed       0.162582s
=case          ejabberd_SUITE:end_per_group
=logfile       ejabberd_suite.end_per_group.54435.html
=group_props   [{name,muc_private_msg},parallel]
=started       2024-12-18 20:50:44
=ended         2024-12-18 20:50:44
=result        ok
=elapsed       0.000009s
=group_time    0.230s
=case          ejabberd_SUITE:init_per_group
=logfile       ejabberd_suite.init_per_group.65378.html
=group_props   [{name,muc_set_subject},parallel]
=started       2024-12-18 20:50:44
=ended         2024-12-18 20:50:44
=result        ok
=elapsed       0.000003s
=case          ejabberd_SUITE:muc_set_subject_master
=logfile       ejabberd_suite.muc_set_subject_master.54467.html
=started       2024-12-18 20:50:44
=ended         2024-12-18 20:50:44
=result        ok
=elapsed       0.139042s
=case          ejabberd_SUITE:muc_set_subject_slave
=logfile       ejabberd_suite.muc_set_subject_slave.54499.html
=started       2024-12-18 20:50:44
=ended         2024-12-18 20:50:44
=result        ok
=elapsed       0.135656s
=case          ejabberd_SUITE:end_per_group
=logfile       ejabberd_suite.end_per_group.54531.html
=group_props   [{name,muc_set_subject},parallel]
=started       2024-12-18 20:50:44
=ended         2024-12-18 20:50:44
=result        ok
=elapsed       0.000008s
=group_time    0.204s
=case          ejabberd_SUITE:init_per_group
=logfile       ejabberd_suite.init_per_group.54563.html
=group_props   [{name,muc_history},parallel]
=started       2024-12-18 20:50:44
=ended         2024-12-18 20:50:44
=result        ok
=elapsed       0.000003s
=case          ejabberd_SUITE:muc_history_master
=logfile       ejabberd_suite.muc_history_master.54595.html
=started       2024-12-18 20:50:44
=ended         2024-12-18 20:50:44
=result        ok
=elapsed       0.168287s
=case          ejabberd_SUITE:muc_history_slave
=logfile       ejabberd_suite.muc_history_slave.54627.html
=started       2024-12-18 20:50:44
=ended         2024-12-18 20:50:44
=result        ok
=elapsed       0.162053s
=case          ejabberd_SUITE:end_per_group
=logfile       ejabberd_suite.end_per_group.54691.html
=group_props   [{name,muc_history},parallel]
=started       2024-12-18 20:50:44
=ended         2024-12-18 20:50:44
=result        ok
=elapsed       0.000003s
=group_time    0.230s
=case          ejabberd_SUITE:init_per_group
=logfile       ejabberd_suite.init_per_group.41124.html
=group_props   [{name,muc_invite},parallel]
=started       2024-12-18 20:50:44
=ended         2024-12-18 20:50:44
=result        ok
=elapsed       0.000003s
=case          ejabberd_SUITE:muc_invite_master
=logfile       ejabberd_suite.muc_invite_master.41156.html
=started       2024-12-18 20:50:44
=ended         2024-12-18 20:50:44
=result        ok
=elapsed       0.119245s
=case          ejabberd_SUITE:muc_invite_slave
=logfile       ejabberd_suite.muc_invite_slave.41188.html
=started       2024-12-18 20:50:44
=ended         2024-12-18 20:50:44
=result        ok
=elapsed       0.155406s
=case          ejabberd_SUITE:end_per_group
=logfile       ejabberd_suite.end_per_group.54755.html
=group_props   [{name,muc_invite},parallel]
=started       2024-12-18 20:50:44
=ended         2024-12-18 20:50:45
=result        ok
=elapsed       0.000002s
=group_time    0.217s
=case          ejabberd_SUITE:init_per_group
=logfile       ejabberd_suite.init_per_group.54787.html
=group_props   [{name,muc_invite_members_only},parallel]
=started       2024-12-18 20:50:45
=ended         2024-12-18 20:50:45
=result        ok
=elapsed       0.000003s
=case          ejabberd_SUITE:muc_invite_members_only_master
=logfile       ejabberd_suite.muc_invite_members_only_master.54819.html
=started       2024-12-18 20:50:45
=ended         2024-12-18 20:50:45
=result        ok
=elapsed       0.121679s
=case          ejabberd_SUITE:muc_invite_members_only_slave
=logfile       ejabberd_suite.muc_invite_members_only_slave.54851.html
=started       2024-12-18 20:50:45
=ended         2024-12-18 20:50:45
=result        ok
=elapsed       0.114713s
=case          ejabberd_SUITE:end_per_group
=logfile       ejabberd_suite.end_per_group.41252.html
=group_props   [{name,muc_invite_members_only},parallel]
=started       2024-12-18 20:50:45
=ended         2024-12-18 20:50:45
=result        ok
=elapsed       0.000003s
=group_time    0.182s
=case          ejabberd_SUITE:init_per_group
=logfile       ejabberd_suite.init_per_group.41284.html
=group_props   [{name,muc_invite_password_protected},parallel]
=started       2024-12-18 20:50:45
=ended         2024-12-18 20:50:45
=result        ok
=elapsed       0.000003s
=case          ejabberd_SUITE:muc_invite_password_protected_master
=logfile       ejabberd_suite.muc_invite_password_protected_master.41316.html
=started       2024-12-18 20:50:45
=ended         2024-12-18 20:50:45
=result        ok
=elapsed       0.162301s
=case          ejabberd_SUITE:muc_invite_password_protected_slave
=logfile       ejabberd_suite.muc_invite_password_protected_slave.54947.html
=started       2024-12-18 20:50:45
=ended         2024-12-18 20:50:45
=result        ok
=elapsed       0.113578s
=case          ejabberd_SUITE:end_per_group
=logfile       ejabberd_suite.end_per_group.54979.html
=group_props   [{name,muc_invite_password_protected},parallel]
=started       2024-12-18 20:50:45
=ended         2024-12-18 20:50:45
=result        ok
=elapsed       0.000003s
=group_time    0.224s
=case          ejabberd_SUITE:init_per_group
=logfile       ejabberd_suite.init_per_group.55011.html
=group_props   [{name,muc_voice_request},parallel]
=started       2024-12-18 20:50:45
=ended         2024-12-18 20:50:45
=result        ok
=elapsed       0.000003s
=case          ejabberd_SUITE:muc_voice_request_master
=logfile       ejabberd_suite.muc_voice_request_master.55043.html
=started       2024-12-18 20:50:45
=ended         2024-12-18 20:50:45
=result        ok
=elapsed       0.126984s
=case          ejabberd_SUITE:muc_voice_request_slave
=logfile       ejabberd_suite.muc_voice_request_slave.55075.html
=started       2024-12-18 20:50:45
=ended         2024-12-18 20:50:45
=result        ok
=elapsed       0.123009s
=case          ejabberd_SUITE:end_per_group
=logfile       ejabberd_suite.end_per_group.55139.html
=group_props   [{name,muc_voice_request},parallel]
=started       2024-12-18 20:50:45
=ended         2024-12-18 20:50:45
=result        ok
=elapsed       0.000003s
=group_time    0.186s
=case          ejabberd_SUITE:init_per_group
=logfile       ejabberd_suite.init_per_group.55171.html
=group_props   [{name,muc_change_role},parallel]
=started       2024-12-18 20:50:45
=ended         2024-12-18 20:50:45
=result        ok
=elapsed       0.000004s
=case          ejabberd_SUITE:muc_change_role_master
=logfile       ejabberd_suite.muc_change_role_master.55203.html
=started       2024-12-18 20:50:45
=ended         2024-12-18 20:50:45
=result        ok
=elapsed       0.133653s
=case          ejabberd_SUITE:muc_change_role_slave
=logfile       ejabberd_suite.muc_change_role_slave.55235.html
=started       2024-12-18 20:50:45
=ended         2024-12-18 20:50:45
=result        ok
=elapsed       0.126828s
=case          ejabberd_SUITE:end_per_group
=logfile       ejabberd_suite.end_per_group.55299.html
=group_props   [{name,muc_change_role},parallel]
=started       2024-12-18 20:50:45
=ended         2024-12-18 20:50:45
=result        ok
=elapsed       0.000002s
=group_time    0.198s
=case          ejabberd_SUITE:init_per_group
=logfile       ejabberd_suite.init_per_group.55331.html
=group_props   [{name,muc_kick},parallel]
=started       2024-12-18 20:50:45
=ended         2024-12-18 20:50:45
=result        ok
=elapsed       0.000003s
=case          ejabberd_SUITE:muc_kick_master
=logfile       ejabberd_suite.muc_kick_master.55363.html
=started       2024-12-18 20:50:45
=ended         2024-12-18 20:50:46
=result        ok
=elapsed       0.125507s
=case          ejabberd_SUITE:muc_kick_slave
=logfile       ejabberd_suite.muc_kick_slave.55395.html
=started       2024-12-18 20:50:45
=ended         2024-12-18 20:50:46
=result        ok
=elapsed       0.117482s
=case          ejabberd_SUITE:end_per_group
=logfile       ejabberd_suite.end_per_group.55523.html
=group_props   [{name,muc_kick},parallel]
=started       2024-12-18 20:50:46
=ended         2024-12-18 20:50:46
=result        ok
=elapsed       0.000009s
=group_time    0.186s
=case          ejabberd_SUITE:init_per_group
=logfile       ejabberd_suite.init_per_group.41508.html
=group_props   [{name,muc_change_affiliation},parallel]
=started       2024-12-18 20:50:46
=ended         2024-12-18 20:50:46
=result        ok
=elapsed       0.000003s
=case          ejabberd_SUITE:muc_change_affiliation_master
=logfile       ejabberd_suite.muc_change_affiliation_master.41540.html
=started       2024-12-18 20:50:46
=ended         2024-12-18 20:50:46
=result        ok
=elapsed       0.144880s
=case          ejabberd_SUITE:muc_change_affiliation_slave
=logfile       ejabberd_suite.muc_change_affiliation_slave.41572.html
=started       2024-12-18 20:50:46
=ended         2024-12-18 20:50:46
=result        ok
=elapsed       0.138651s
=case          ejabberd_SUITE:end_per_group
=logfile       ejabberd_suite.end_per_group.41668.html
=group_props   [{name,muc_change_affiliation},parallel]
=started       2024-12-18 20:50:46
=ended         2024-12-18 20:50:46
=result        ok
=elapsed       0.000009s
=group_time    0.209s
=case          ejabberd_SUITE:init_per_group
=logfile       ejabberd_suite.init_per_group.66082.html
=group_props   [{name,muc_destroy},parallel]
=started       2024-12-18 20:50:46
=ended         2024-12-18 20:50:46
=result        ok
=elapsed       0.000002s
=case          ejabberd_SUITE:muc_destroy_master
=logfile       ejabberd_suite.muc_destroy_master.41700.html
=started       2024-12-18 20:50:46
=ended         2024-12-18 20:50:46
=result        ok
=elapsed       0.122603s
=case          ejabberd_SUITE:muc_destroy_slave
=logfile       ejabberd_suite.muc_destroy_slave.41732.html
=started       2024-12-18 20:50:46
=ended         2024-12-18 20:50:46
=result        ok
=elapsed       0.122052s
=case          ejabberd_SUITE:end_per_group
=logfile       ejabberd_suite.end_per_group.41828.html
=group_props   [{name,muc_destroy},parallel]
=started       2024-12-18 20:50:46
=ended         2024-12-18 20:50:46
=result        ok
=elapsed       0.000003s
=group_time    0.184s
=case          ejabberd_SUITE:init_per_group
=logfile       ejabberd_suite.init_per_group.41860.html
=group_props   [{name,muc_vcard},parallel]
=started       2024-12-18 20:50:46
=ended         2024-12-18 20:50:46
=result        ok
=elapsed       0.000003s
=case          ejabberd_SUITE:muc_vcard_master
=logfile       ejabberd_suite.muc_vcard_master.41892.html
=started       2024-12-18 20:50:46
=ended         2024-12-18 20:50:46
=result        ok
=elapsed       0.130483s
=case          ejabberd_SUITE:muc_vcard_slave
=logfile       ejabberd_suite.muc_vcard_slave.41924.html
=started       2024-12-18 20:50:46
=ended         2024-12-18 20:50:46
=result        ok
=elapsed       0.125482s
=case          ejabberd_SUITE:end_per_group
=logfile       ejabberd_suite.end_per_group.12229.html
=group_props   [{name,muc_vcard},parallel]
=started       2024-12-18 20:50:46
=ended         2024-12-18 20:50:46
=result        ok
=elapsed       0.000011s
=group_time    0.192s
=case          ejabberd_SUITE:init_per_group
=logfile       ejabberd_suite.init_per_group.12261.html
=group_props   [{name,muc_nick_change},parallel]
=started       2024-12-18 20:50:46
=ended         2024-12-18 20:50:46
=result        ok
=elapsed       0.000003s
=case          ejabberd_SUITE:muc_nick_change_master
=logfile       ejabberd_suite.muc_nick_change_master.12293.html
=started       2024-12-18 20:50:46
=ended         2024-12-18 20:50:46
=result        ok
=elapsed       0.125014s
=case          ejabberd_SUITE:muc_nick_change_slave
=logfile       ejabberd_suite.muc_nick_change_slave.55683.html
=started       2024-12-18 20:50:46
=ended         2024-12-18 20:50:46
=result        ok
=elapsed       0.120731s
=case          ejabberd_SUITE:end_per_group
=logfile       ejabberd_suite.end_per_group.55747.html
=group_props   [{name,muc_nick_change},parallel]
=started       2024-12-18 20:50:46
=ended         2024-12-18 20:50:46
=result        ok
=elapsed       0.000002s
=group_time    0.188s
=case          ejabberd_SUITE:init_per_group
=logfile       ejabberd_suite.init_per_group.55779.html
=group_props   [{name,muc_config_title_desc},parallel]
=started       2024-12-18 20:50:46
=ended         2024-12-18 20:50:47
=result        ok
=elapsed       0.000003s
=case          ejabberd_SUITE:muc_config_title_desc_master
=logfile       ejabberd_suite.muc_config_title_desc_master.55811.html
=started       2024-12-18 20:50:47
=ended         2024-12-18 20:50:47
=result        ok
=elapsed       0.127482s
=case          ejabberd_SUITE:muc_config_title_desc_slave
=logfile       ejabberd_suite.muc_config_title_desc_slave.55843.html
=started       2024-12-18 20:50:47
=ended         2024-12-18 20:50:47
=result        ok
=elapsed       0.118815s
=case          ejabberd_SUITE:end_per_group
=logfile       ejabberd_suite.end_per_group.55939.html
=group_props   [{name,muc_config_title_desc},parallel]
=started       2024-12-18 20:50:47
=ended         2024-12-18 20:50:47
=result        ok
=elapsed       0.000008s
=group_time    0.189s
=case          ejabberd_SUITE:init_per_group
=logfile       ejabberd_suite.init_per_group.55971.html
=group_props   [{name,muc_config_public_list},parallel]
=started       2024-12-18 20:50:47
=ended         2024-12-18 20:50:47
=result        ok
=elapsed       0.000004s
=case          ejabberd_SUITE:muc_config_public_list_master
=logfile       ejabberd_suite.muc_config_public_list_master.56003.html
=started       2024-12-18 20:50:47
=ended         2024-12-18 20:50:47
=result        ok
=elapsed       0.128284s
=case          ejabberd_SUITE:muc_config_public_list_slave
=logfile       ejabberd_suite.muc_config_public_list_slave.56035.html
=started       2024-12-18 20:50:47
=ended         2024-12-18 20:50:47
=result        ok
=elapsed       0.122851s
=case          ejabberd_SUITE:end_per_group
=logfile       ejabberd_suite.end_per_group.56099.html
=group_props   [{name,muc_config_public_list},parallel]
=started       2024-12-18 20:50:47
=ended         2024-12-18 20:50:47
=result        ok
=elapsed       0.000003s
=group_time    0.191s
=case          ejabberd_SUITE:init_per_group
=logfile       ejabberd_suite.init_per_group.66370.html
=group_props   [{name,muc_config_password},parallel]
=started       2024-12-18 20:50:47
=ended         2024-12-18 20:50:47
=result        ok
=elapsed       0.000003s
=case          ejabberd_SUITE:muc_config_password_master
=logfile       ejabberd_suite.muc_config_password_master.66402.html
=started       2024-12-18 20:50:47
=ended         2024-12-18 20:50:47
=result        ok
=elapsed       0.130027s
=case          ejabberd_SUITE:muc_config_password_slave
=logfile       ejabberd_suite.muc_config_password_slave.66434.html
=started       2024-12-18 20:50:47
=ended         2024-12-18 20:50:47
=result        ok
=elapsed       0.123558s
=case          ejabberd_SUITE:end_per_group
=logfile       ejabberd_suite.end_per_group.66530.html
=group_props   [{name,muc_config_password},parallel]
=started       2024-12-18 20:50:47
=ended         2024-12-18 20:50:47
=result        ok
=elapsed       0.000003s
=group_time    0.191s
=case          ejabberd_SUITE:init_per_group
=logfile       ejabberd_suite.init_per_group.66562.html
=group_props   [{name,muc_config_whois},parallel]
=started       2024-12-18 20:50:47
=ended         2024-12-18 20:50:47
=result        ok
=elapsed       0.000003s
=case          ejabberd_SUITE:muc_config_whois_master
=logfile       ejabberd_suite.muc_config_whois_master.66594.html
=started       2024-12-18 20:50:47
=ended         2024-12-18 20:50:47
=result        ok
=elapsed       0.134852s
=case          ejabberd_SUITE:muc_config_whois_slave
=logfile       ejabberd_suite.muc_config_whois_slave.12453.html
=started       2024-12-18 20:50:47
=ended         2024-12-18 20:50:47
=result        ok
=elapsed       0.130657s
=case          ejabberd_SUITE:end_per_group
=logfile       ejabberd_suite.end_per_group.12517.html
=group_props   [{name,muc_config_whois},parallel]
=started       2024-12-18 20:50:47
=ended         2024-12-18 20:50:47
=result        ok
=elapsed       0.000008s
=group_time    0.194s
=case          ejabberd_SUITE:init_per_group
=logfile       ejabberd_suite.init_per_group.12549.html
=group_props   [{name,muc_config_members_only},parallel]
=started       2024-12-18 20:50:47
=ended         2024-12-18 20:50:47
=result        ok
=elapsed       0.000003s
=case          ejabberd_SUITE:muc_config_members_only_master
=logfile       ejabberd_suite.muc_config_members_only_master.12581.html
=started       2024-12-18 20:50:47
=ended         2024-12-18 20:50:48
=result        ok
=elapsed       0.139799s
=case          ejabberd_SUITE:muc_config_members_only_slave
=logfile       ejabberd_suite.muc_config_members_only_slave.12613.html
=started       2024-12-18 20:50:47
=ended         2024-12-18 20:50:48
=result        ok
=elapsed       0.133429s
=case          ejabberd_SUITE:end_per_group
=logfile       ejabberd_suite.end_per_group.12773.html
=group_props   [{name,muc_config_members_only},parallel]
=started       2024-12-18 20:50:48
=ended         2024-12-18 20:50:48
=result        ok
=elapsed       0.000010s
=group_time    0.200s
=case          ejabberd_SUITE:init_per_group
=logfile       ejabberd_suite.init_per_group.12805.html
=group_props   [{name,muc_config_moderated},parallel]
=started       2024-12-18 20:50:48
=ended         2024-12-18 20:50:48
=result        ok
=elapsed       0.000005s
=case          ejabberd_SUITE:muc_config_moderated_master
=logfile       ejabberd_suite.muc_config_moderated_master.12837.html
=started       2024-12-18 20:50:48
=ended         2024-12-18 20:50:48
=result        ok
=elapsed       0.127413s
=case          ejabberd_SUITE:muc_config_moderated_slave
=logfile       ejabberd_suite.muc_config_moderated_slave.42244.html
=started       2024-12-18 20:50:48
=ended         2024-12-18 20:50:48
=result        ok
=elapsed       0.122301s
=case          ejabberd_SUITE:end_per_group
=logfile       ejabberd_suite.end_per_group.42276.html
=group_props   [{name,muc_config_moderated},parallel]
=started       2024-12-18 20:50:48
=ended         2024-12-18 20:50:48
=result        ok
=elapsed       0.000011s
=group_time    0.189s
=case          ejabberd_SUITE:init_per_group
=logfile       ejabberd_suite.init_per_group.42308.html
=group_props   [{name,muc_config_private_messages},parallel]
=started       2024-12-18 20:50:48
=ended         2024-12-18 20:50:48
=result        ok
=elapsed       0.000003s
=case          ejabberd_SUITE:muc_config_private_messages_master
=logfile       ejabberd_suite.muc_config_private_messages_master.42340.html
=started       2024-12-18 20:50:48
=ended         2024-12-18 20:50:48
=result        ok
=elapsed       0.141941s
=case          ejabberd_SUITE:muc_config_private_messages_slave
=logfile       ejabberd_suite.muc_config_private_messages_slave.56163.html
=started       2024-12-18 20:50:48
=ended         2024-12-18 20:50:48
=result        ok
=elapsed       0.136744s
=case          ejabberd_SUITE:end_per_group
=logfile       ejabberd_suite.end_per_group.56291.html
=group_props   [{name,muc_config_private_messages},parallel]
=started       2024-12-18 20:50:48
=ended         2024-12-18 20:50:48
=result        ok
=elapsed       0.000003s
=group_time    0.209s
=case          ejabberd_SUITE:init_per_group
=logfile       ejabberd_suite.init_per_group.56323.html
=group_props   [{name,muc_config_query},parallel]
=started       2024-12-18 20:50:48
=ended         2024-12-18 20:50:48
=result        ok
=elapsed       0.000003s
=case          ejabberd_SUITE:muc_config_query_master
=logfile       ejabberd_suite.muc_config_query_master.56355.html
=started       2024-12-18 20:50:48
=ended         2024-12-18 20:50:48
=result        ok
=elapsed       0.167466s
=case          ejabberd_SUITE:muc_config_query_slave
=logfile       ejabberd_suite.muc_config_query_slave.56387.html
=started       2024-12-18 20:50:48
=ended         2024-12-18 20:50:48
=result        ok
=elapsed       0.165123s
=case          ejabberd_SUITE:end_per_group
=logfile       ejabberd_suite.end_per_group.56419.html
=group_props   [{name,muc_config_query},parallel]
=started       2024-12-18 20:50:48
=ended         2024-12-18 20:50:48
=result        ok
=elapsed       0.000010s
=group_time    0.231s
=case          ejabberd_SUITE:init_per_group
=logfile       ejabberd_suite.init_per_group.56451.html
=group_props   [{name,muc_config_allow_invites},parallel]
=started       2024-12-18 20:50:48
=ended         2024-12-18 20:50:48
=result        ok
=elapsed       0.000004s
=case          ejabberd_SUITE:muc_config_allow_invites_master
=logfile       ejabberd_suite.muc_config_allow_invites_master.56483.html
=started       2024-12-18 20:50:48
=ended         2024-12-18 20:50:48
=result        ok
=elapsed       0.131789s
=case          ejabberd_SUITE:muc_config_allow_invites_slave
=logfile       ejabberd_suite.muc_config_allow_invites_slave.56515.html
=started       2024-12-18 20:50:48
=ended         2024-12-18 20:50:48
=result        ok
=elapsed       0.126784s
=case          ejabberd_SUITE:end_per_group
=logfile       ejabberd_suite.end_per_group.13221.html
=group_props   [{name,muc_config_allow_invites},parallel]
=started       2024-12-18 20:50:48
=ended         2024-12-18 20:50:49
=result        ok
=elapsed       0.000010s
=group_time    0.195s
=case          ejabberd_SUITE:init_per_group
=logfile       ejabberd_suite.init_per_group.66850.html
=group_props   [{name,muc_config_visitor_status},parallel]
=started       2024-12-18 20:50:49
=ended         2024-12-18 20:50:49
=result        ok
=elapsed       0.000003s
=case          ejabberd_SUITE:muc_config_visitor_status_master
=logfile       ejabberd_suite.muc_config_visitor_status_master.66882.html
=started       2024-12-18 20:50:49
=ended         2024-12-18 20:50:49
=result        ok
=elapsed       0.131556s
=case          ejabberd_SUITE:muc_config_visitor_status_slave
=logfile       ejabberd_suite.muc_config_visitor_status_slave.66914.html
=started       2024-12-18 20:50:49
=ended         2024-12-18 20:50:49
=result        ok
=elapsed       0.127764s
=case          ejabberd_SUITE:end_per_group
=logfile       ejabberd_suite.end_per_group.67042.html
=group_props   [{name,muc_config_visitor_status},parallel]
=started       2024-12-18 20:50:49
=ended         2024-12-18 20:50:49
=result        ok
=elapsed       0.000008s
=group_time    0.193s
=case          ejabberd_SUITE:init_per_group
=logfile       ejabberd_suite.init_per_group.13253.html
=group_props   [{name,muc_config_allow_voice_requests},parallel]
=started       2024-12-18 20:50:49
=ended         2024-12-18 20:50:49
=result        ok
=elapsed       0.000003s
=case          ejabberd_SUITE:muc_config_allow_voice_requests_master
=logfile       ejabberd_suite.muc_config_allow_voice_requests_master.13285.html
=started       2024-12-18 20:50:49
=ended         2024-12-18 20:50:49
=result        ok
=elapsed       0.128371s
=case          ejabberd_SUITE:muc_config_allow_voice_requests_slave
=logfile       ejabberd_suite.muc_config_allow_voice_requests_slave.56643.html
=started       2024-12-18 20:50:49
=ended         2024-12-18 20:50:49
=result        ok
=elapsed       0.124012s
=case          ejabberd_SUITE:end_per_group
=logfile       ejabberd_suite.end_per_group.56771.html
=group_props   [{name,muc_config_allow_voice_requests},parallel]
=started       2024-12-18 20:50:49
=ended         2024-12-18 20:50:49
=result        ok
=elapsed       0.000003s
=group_time    0.192s
=case          ejabberd_SUITE:init_per_group
=logfile       ejabberd_suite.init_per_group.56803.html
=group_props   [{name,muc_config_voice_request_interval},parallel]
=started       2024-12-18 20:50:49
=ended         2024-12-18 20:50:49
=result        ok
=elapsed       0.000003s
=case          ejabberd_SUITE:muc_config_voice_request_interval_master
=logfile       ejabberd_suite.muc_config_voice_request_interval_master.42436.html
=started       2024-12-18 20:50:49
=ended         2024-12-18 20:50:54
=result        ok
=elapsed       5.215099s
=case          ejabberd_SUITE:muc_config_voice_request_interval_slave
=logfile       ejabberd_suite.muc_config_voice_request_interval_slave.42468.html
=started       2024-12-18 20:50:49
=ended         2024-12-18 20:50:54
=result        ok
=elapsed       5.208418s
=case          ejabberd_SUITE:end_per_group
=logfile       ejabberd_suite.end_per_group.42628.html
=group_props   [{name,muc_config_voice_request_interval},parallel]
=started       2024-12-18 20:50:54
=ended         2024-12-18 20:50:54
=result        ok
=elapsed       0.000003s
=group_time    5.275s
=case          ejabberd_SUITE:init_per_group
=logfile       ejabberd_suite.init_per_group.42660.html
=group_props   [{name,muc_config_visitor_nickchange},parallel]
=started       2024-12-18 20:50:54
=ended         2024-12-18 20:50:54
=result        ok
=elapsed       0.000003s
=case          ejabberd_SUITE:muc_config_visitor_nickchange_master
=logfile       ejabberd_suite.muc_config_visitor_nickchange_master.42692.html
=started       2024-12-18 20:50:54
=ended         2024-12-18 20:50:54
=result        ok
=elapsed       0.133016s
=case          ejabberd_SUITE:muc_config_visitor_nickchange_slave
=logfile       ejabberd_suite.muc_config_visitor_nickchange_slave.42724.html
=started       2024-12-18 20:50:54
=ended         2024-12-18 20:50:54
=result        ok
=elapsed       0.128003s
=case          ejabberd_SUITE:end_per_group
=logfile       ejabberd_suite.end_per_group.42884.html
=group_props   [{name,muc_config_visitor_nickchange},parallel]
=started       2024-12-18 20:50:54
=ended         2024-12-18 20:50:54
=result        ok
=elapsed       0.000011s
=group_time    0.195s
=case          ejabberd_SUITE:init_per_group
=logfile       ejabberd_suite.init_per_group.42916.html
=group_props   [{name,muc_join_conflict},parallel]
=started       2024-12-18 20:50:54
=ended         2024-12-18 20:50:54
=result        ok
=elapsed       0.000003s
=case          ejabberd_SUITE:muc_join_conflict_master
=logfile       ejabberd_suite.muc_join_conflict_master.42948.html
=started       2024-12-18 20:50:54
=ended         2024-12-18 20:50:55
=result        ok
=elapsed       0.118018s
=case          ejabberd_SUITE:muc_join_conflict_slave
=logfile       ejabberd_suite.muc_join_conflict_slave.56867.html
=started       2024-12-18 20:50:54
=ended         2024-12-18 20:50:55
=result        ok
=elapsed       0.111435s
=case          ejabberd_SUITE:end_per_group
=logfile       ejabberd_suite.end_per_group.56899.html
=group_props   [{name,muc_join_conflict},parallel]
=started       2024-12-18 20:50:55
=ended         2024-12-18 20:50:55
=result        ok
=elapsed       0.000012s
=group_time    0.180s
=case          ejabberd_SUITE:end_per_group
=logfile       ejabberd_suite.end_per_group.67170.html
=group_props   [{name,muc_master_slave},sequence]
=started       2024-12-18 20:50:55
=ended         2024-12-18 20:50:55
=result        ok
=elapsed       0.000003s
=group_time    11.589s
=case          ejabberd_SUITE:init_per_group
=logfile       ejabberd_suite.init_per_group.67202.html
=group_props   [{name,privacy_master_slave},sequence]
=started       2024-12-18 20:50:55
=ended         2024-12-18 20:50:55
=result        ok
=elapsed       0.000004s
=case          ejabberd_SUITE:init_per_group
=logfile       ejabberd_suite.init_per_group.67234.html
=group_props   [{name,privacy_deny_bare_jid},parallel]
=started       2024-12-18 20:50:55
=ended         2024-12-18 20:50:55
=result        ok
=elapsed       0.000004s
=case          ejabberd_SUITE:privacy_deny_bare_jid_master
=logfile       ejabberd_suite.privacy_deny_bare_jid_master.67266.html
=started       2024-12-18 20:50:55
=ended         2024-12-18 20:50:56
=result        ok
=elapsed       1.164652s
=case          ejabberd_SUITE:privacy_deny_bare_jid_slave
=logfile       ejabberd_suite.privacy_deny_bare_jid_slave.67298.html
=started       2024-12-18 20:50:55
=ended         2024-12-18 20:50:56
=result        ok
=elapsed       1.163481s
=case          ejabberd_SUITE:end_per_group
=logfile       ejabberd_suite.end_per_group.67458.html
=group_props   [{name,privacy_deny_bare_jid},parallel]
=started       2024-12-18 20:50:56
=ended         2024-12-18 20:50:56
=result        ok
=elapsed       0.000002s
=group_time    1.227s
=case          ejabberd_SUITE:init_per_group
=logfile       ejabberd_suite.init_per_group.67490.html
=group_props   [{name,privacy_deny_full_jid},parallel]
=started       2024-12-18 20:50:56
=ended         2024-12-18 20:50:56
=result        ok
=elapsed       0.000004s
=case          ejabberd_SUITE:privacy_deny_full_jid_master
=logfile       ejabberd_suite.privacy_deny_full_jid_master.67522.html
=started       2024-12-18 20:50:56
=ended         2024-12-18 20:50:57
=result        ok
=elapsed       1.169310s
=case          ejabberd_SUITE:privacy_deny_full_jid_slave
=logfile       ejabberd_suite.privacy_deny_full_jid_slave.67554.html
=started       2024-12-18 20:50:56
=ended         2024-12-18 20:50:57
=result        ok
=elapsed       1.168654s
=case          ejabberd_SUITE:end_per_group
=logfile       ejabberd_suite.end_per_group.13413.html
=group_props   [{name,privacy_deny_full_jid},parallel]
=started       2024-12-18 20:50:57
=ended         2024-12-18 20:50:57
=result        ok
=elapsed       0.000003s
=group_time    1.230s
=case          ejabberd_SUITE:init_per_group
=logfile       ejabberd_suite.init_per_group.43140.html
=group_props   [{name,privacy_deny_server_bare_jid},parallel]
=started       2024-12-18 20:50:57
=ended         2024-12-18 20:50:57
=result        ok
=elapsed       0.000003s
=case          ejabberd_SUITE:privacy_deny_server_bare_jid_master
=logfile       ejabberd_suite.privacy_deny_server_bare_jid_master.43172.html
=started       2024-12-18 20:50:57
=ended         2024-12-18 20:50:58
=result        ok
=elapsed       1.162705s
=case          ejabberd_SUITE:privacy_deny_server_bare_jid_slave
=logfile       ejabberd_suite.privacy_deny_server_bare_jid_slave.13445.html
=started       2024-12-18 20:50:57
=ended         2024-12-18 20:50:58
=result        ok
=elapsed       1.160083s
=case          ejabberd_SUITE:end_per_group
=logfile       ejabberd_suite.end_per_group.13573.html
=group_props   [{name,privacy_deny_server_bare_jid},parallel]
=started       2024-12-18 20:50:58
=ended         2024-12-18 20:50:58
=result        ok
=elapsed       0.000004s
=group_time    1.226s
=case          ejabberd_SUITE:init_per_group
=logfile       ejabberd_suite.init_per_group.13605.html
=group_props   [{name,privacy_deny_server_full_jid},parallel]
=started       2024-12-18 20:50:58
=ended         2024-12-18 20:50:59
=result        ok
=elapsed       0.000003s
=case          ejabberd_SUITE:privacy_deny_server_full_jid_master
=logfile       ejabberd_suite.privacy_deny_server_full_jid_master.13637.html
=started       2024-12-18 20:50:59
=ended         2024-12-18 20:51:00
=result        ok
=elapsed       1.157001s
=case          ejabberd_SUITE:privacy_deny_server_full_jid_slave
=logfile       ejabberd_suite.privacy_deny_server_full_jid_slave.13669.html
=started       2024-12-18 20:50:59
=ended         2024-12-18 20:51:00
=result        ok
=elapsed       1.153903s
=case          ejabberd_SUITE:end_per_group
=logfile       ejabberd_suite.end_per_group.43332.html
=group_props   [{name,privacy_deny_server_full_jid},parallel]
=started       2024-12-18 20:51:00
=ended         2024-12-18 20:51:00
=result        ok
=elapsed       0.000003s
=group_time    1.219s
=case          ejabberd_SUITE:init_per_group
=logfile       ejabberd_suite.init_per_group.43364.html
=group_props   [{name,privacy_deny_group},parallel]
=started       2024-12-18 20:51:00
=ended         2024-12-18 20:51:00
=result        ok
=elapsed       0.000003s
=case          ejabberd_SUITE:privacy_deny_group_master
=logfile       ejabberd_suite.privacy_deny_group_master.43396.html
=started       2024-12-18 20:51:00
=ended         2024-12-18 20:51:01
=result        ok
=elapsed       1.154036s
=case          ejabberd_SUITE:privacy_deny_group_slave
=logfile       ejabberd_suite.privacy_deny_group_slave.43428.html
=started       2024-12-18 20:51:00
=ended         2024-12-18 20:51:01
=result        ok
=elapsed       1.152363s
=case          ejabberd_SUITE:end_per_group
=logfile       ejabberd_suite.end_per_group.13797.html
=group_props   [{name,privacy_deny_group},parallel]
=started       2024-12-18 20:51:01
=ended         2024-12-18 20:51:01
=result        ok
=elapsed       0.000003s
=group_time    1.216s
=case          ejabberd_SUITE:init_per_group
=logfile       ejabberd_suite.init_per_group.13829.html
=group_props   [{name,privacy_deny_sub_both},parallel]
=started       2024-12-18 20:51:01
=ended         2024-12-18 20:51:01
=result        ok
=elapsed       0.000003s
=case          ejabberd_SUITE:privacy_deny_sub_both_master
=logfile       ejabberd_suite.privacy_deny_sub_both_master.13861.html
=started       2024-12-18 20:51:01
=ended         2024-12-18 20:51:02
=result        ok
=elapsed       1.167111s
=case          ejabberd_SUITE:privacy_deny_sub_both_slave
=logfile       ejabberd_suite.privacy_deny_sub_both_slave.13893.html
=started       2024-12-18 20:51:01
=ended         2024-12-18 20:51:02
=result        ok
=elapsed       1.163630s
=case          ejabberd_SUITE:end_per_group
=logfile       ejabberd_suite.end_per_group.14085.html
=group_props   [{name,privacy_deny_sub_both},parallel]
=started       2024-12-18 20:51:02
=ended         2024-12-18 20:51:02
=result        ok
=elapsed       0.000003s
=group_time    1.227s
=case          ejabberd_SUITE:init_per_group
=logfile       ejabberd_suite.init_per_group.14117.html
=group_props   [{name,privacy_deny_sub_from},parallel]
=started       2024-12-18 20:51:02
=ended         2024-12-18 20:51:02
=result        ok
=elapsed       0.000003s
=case          ejabberd_SUITE:privacy_deny_sub_from_master
=logfile       ejabberd_suite.privacy_deny_sub_from_master.14149.html
=started       2024-12-18 20:51:02
=ended         2024-12-18 20:51:03
=result        ok
=elapsed       1.168027s
=case          ejabberd_SUITE:privacy_deny_sub_from_slave
=logfile       ejabberd_suite.privacy_deny_sub_from_slave.43620.html
=started       2024-12-18 20:51:02
=ended         2024-12-18 20:51:03
=result        ok
=elapsed       1.165090s
=case          ejabberd_SUITE:end_per_group
=logfile       ejabberd_suite.end_per_group.43812.html
=group_props   [{name,privacy_deny_sub_from},parallel]
=started       2024-12-18 20:51:03
=ended         2024-12-18 20:51:03
=result        ok
=elapsed       0.000002s
=group_time    1.228s
=case          ejabberd_SUITE:init_per_group
=logfile       ejabberd_suite.init_per_group.43844.html
=group_props   [{name,privacy_deny_sub_to},parallel]
=started       2024-12-18 20:51:03
=ended         2024-12-18 20:51:04
=result        ok
=elapsed       0.000003s
=case          ejabberd_SUITE:privacy_deny_sub_to_master
=logfile       ejabberd_suite.privacy_deny_sub_to_master.43876.html
=started       2024-12-18 20:51:04
=ended         2024-12-18 20:51:05
=result        ok
=elapsed       1.167375s
=case          ejabberd_SUITE:privacy_deny_sub_to_slave
=logfile       ejabberd_suite.privacy_deny_sub_to_slave.14181.html
=started       2024-12-18 20:51:04
=ended         2024-12-18 20:51:05
=result        ok
=elapsed       1.164346s
=case          ejabberd_SUITE:end_per_group
=logfile       ejabberd_suite.end_per_group.14437.html
=group_props   [{name,privacy_deny_sub_to},parallel]
=started       2024-12-18 20:51:05
=ended         2024-12-18 20:51:05
=result        ok
=elapsed       0.000002s
=group_time    1.228s
=case          ejabberd_SUITE:init_per_group
=logfile       ejabberd_suite.init_per_group.14469.html
=group_props   [{name,privacy_deny_sub_none},parallel]
=started       2024-12-18 20:51:05
=ended         2024-12-18 20:51:05
=result        ok
=elapsed       0.000003s
=case          ejabberd_SUITE:privacy_deny_sub_none_master
=logfile       ejabberd_suite.privacy_deny_sub_none_master.14501.html
=started       2024-12-18 20:51:05
=ended         2024-12-18 20:51:06
=result        ok
=elapsed       1.154755s
=case          ejabberd_SUITE:privacy_deny_sub_none_slave
=logfile       ejabberd_suite.privacy_deny_sub_none_slave.14533.html
=started       2024-12-18 20:51:05
=ended         2024-12-18 20:51:06
=result        ok
=elapsed       1.152787s
=case          ejabberd_SUITE:end_per_group
=logfile       ejabberd_suite.end_per_group.14629.html
=group_props   [{name,privacy_deny_sub_none},parallel]
=started       2024-12-18 20:51:06
=ended         2024-12-18 20:51:06
=result        ok
=elapsed       0.000003s
=group_time    1.215s
=case          ejabberd_SUITE:init_per_group
=logfile       ejabberd_suite.init_per_group.14661.html
=group_props   [{name,privacy_deny_all},parallel]
=started       2024-12-18 20:51:06
=ended         2024-12-18 20:51:06
=result        ok
=elapsed       0.000003s
=case          ejabberd_SUITE:privacy_deny_all_master
=logfile       ejabberd_suite.privacy_deny_all_master.57251.html
=started       2024-12-18 20:51:06
=ended         2024-12-18 20:51:07
=result        ok
=elapsed       1.155757s
=case          ejabberd_SUITE:privacy_deny_all_slave
=logfile       ejabberd_suite.privacy_deny_all_slave.14693.html
=started       2024-12-18 20:51:06
=ended         2024-12-18 20:51:07
=result        ok
=elapsed       1.154677s
=case          ejabberd_SUITE:end_per_group
=logfile       ejabberd_suite.end_per_group.14757.html
=group_props   [{name,privacy_deny_all},parallel]
=started       2024-12-18 20:51:07
=ended         2024-12-18 20:51:07
=result        ok
=elapsed       0.000002s
=group_time    1.219s
=case          ejabberd_SUITE:init_per_group
=logfile       ejabberd_suite.init_per_group.14789.html
=group_props   [{name,privacy_deny_offline},parallel]
=started       2024-12-18 20:51:07
=ended         2024-12-18 20:51:07
=result        ok
=elapsed       0.000004s
=case          ejabberd_SUITE:privacy_deny_offline_master
=logfile       ejabberd_suite.privacy_deny_offline_master.57315.html
=started       2024-12-18 20:51:07
=ended         2024-12-18 20:51:08
=result        ok
=elapsed       0.247257s
=case          ejabberd_SUITE:privacy_deny_offline_slave
=logfile       ejabberd_suite.privacy_deny_offline_slave.67906.html
=started       2024-12-18 20:51:07
=ended         2024-12-18 20:51:08
=result        ok
=elapsed       0.349752s
=case          ejabberd_SUITE:end_per_group
=logfile       ejabberd_suite.end_per_group.67970.html
=group_props   [{name,privacy_deny_offline},parallel]
=started       2024-12-18 20:51:08
=ended         2024-12-18 20:51:08
=result        ok
=elapsed       0.000003s
=group_time    0.411s
=case          ejabberd_SUITE:init_per_group
=logfile       ejabberd_suite.init_per_group.68002.html
=group_props   [{name,privacy_block},parallel]
=started       2024-12-18 20:51:08
=ended         2024-12-18 20:51:08
=result        ok
=elapsed       0.000003s
=case          ejabberd_SUITE:privacy_block_master
=logfile       ejabberd_suite.privacy_block_master.68034.html
=started       2024-12-18 20:51:08
=ended         2024-12-18 20:51:08
=result        ok
=elapsed       0.437387s
=case          ejabberd_SUITE:privacy_block_slave
=logfile       ejabberd_suite.privacy_block_slave.68066.html
=started       2024-12-18 20:51:08
=ended         2024-12-18 20:51:08
=result        ok
=elapsed       0.433833s
=case          ejabberd_SUITE:end_per_group
=logfile       ejabberd_suite.end_per_group.68098.html
=group_props   [{name,privacy_block},parallel]
=started       2024-12-18 20:51:08
=ended         2024-12-18 20:51:08
=result        ok
=elapsed       0.000003s
=group_time    0.495s
=case          ejabberd_SUITE:init_per_group
=logfile       ejabberd_suite.init_per_group.68130.html
=group_props   [{name,privacy_unblock},parallel]
=started       2024-12-18 20:51:08
=ended         2024-12-18 20:51:08
=result        ok
=elapsed       0.000003s
=case          ejabberd_SUITE:privacy_unblock_master
=logfile       ejabberd_suite.privacy_unblock_master.57411.html
=started       2024-12-18 20:51:08
=ended         2024-12-18 20:51:08
=result        ok
=elapsed       0.208528s
=case          ejabberd_SUITE:privacy_unblock_slave
=logfile       ejabberd_suite.privacy_unblock_slave.68162.html
=started       2024-12-18 20:51:08
=ended         2024-12-18 20:51:08
=result        ok
=elapsed       0.204331s
=case          ejabberd_SUITE:end_per_group
=logfile       ejabberd_suite.end_per_group.68226.html
=group_props   [{name,privacy_unblock},parallel]
=started       2024-12-18 20:51:08
=ended         2024-12-18 20:51:08
=result        ok
=elapsed       0.000005s
=group_time    0.269s
=case          ejabberd_SUITE:init_per_group
=logfile       ejabberd_suite.init_per_group.57475.html
=group_props   [{name,privacy_unblock_all},parallel]
=started       2024-12-18 20:51:08
=ended         2024-12-18 20:51:08
=result        ok
=elapsed       0.000002s
=case          ejabberd_SUITE:privacy_unblock_all_master
=logfile       ejabberd_suite.privacy_unblock_all_master.57507.html
=started       2024-12-18 20:51:08
=ended         2024-12-18 20:51:09
=result        ok
=elapsed       0.203786s
=case          ejabberd_SUITE:privacy_unblock_all_slave
=logfile       ejabberd_suite.privacy_unblock_all_slave.57539.html
=started       2024-12-18 20:51:08
=ended         2024-12-18 20:51:09
=result        ok
=elapsed       0.202002s
=case          ejabberd_SUITE:end_per_group
=logfile       ejabberd_suite.end_per_group.68354.html
=group_props   [{name,privacy_unblock_all},parallel]
=started       2024-12-18 20:51:09
=ended         2024-12-18 20:51:09
=result        ok
=elapsed       0.000002s
=group_time    0.264s
=case          ejabberd_SUITE:end_per_group
=logfile       ejabberd_suite.end_per_group.68386.html
=group_props   [{name,privacy_master_slave},sequence]
=started       2024-12-18 20:51:09
=ended         2024-12-18 20:51:09
=result        ok
=elapsed       0.000003s
=group_time    14.055s
=case          ejabberd_SUITE:init_per_group
=logfile       ejabberd_suite.init_per_group.68418.html
=group_props   [{name,pubsub_master_slave},sequence]
=started       2024-12-18 20:51:09
=ended         2024-12-18 20:51:09
=result        ok
=elapsed       0.000004s
=case          ejabberd_SUITE:init_per_group
=logfile       ejabberd_suite.init_per_group.68450.html
=group_props   [{name,pubsub_publish},parallel]
=started       2024-12-18 20:51:09
=ended         2024-12-18 20:51:09
=result        ok
=elapsed       0.000003s
=case          ejabberd_SUITE:pubsub_publish_master
=logfile       ejabberd_suite.pubsub_publish_master.68482.html
=started       2024-12-18 20:51:09
=ended         2024-12-18 20:51:09
=result        ok
=elapsed       0.118851s
=case          ejabberd_SUITE:pubsub_publish_slave
=logfile       ejabberd_suite.pubsub_publish_slave.68514.html
=started       2024-12-18 20:51:09
=ended         2024-12-18 20:51:09
=result        ok
=elapsed       0.119074s
=case          ejabberd_SUITE:end_per_group
=logfile       ejabberd_suite.end_per_group.68610.html
=group_props   [{name,pubsub_publish},parallel]
=started       2024-12-18 20:51:09
=ended         2024-12-18 20:51:09
=result        ok
=elapsed       0.000003s
=group_time    0.181s
=case          ejabberd_SUITE:init_per_group
=logfile       ejabberd_suite.init_per_group.68642.html
=group_props   [{name,pubsub_subscriptions},parallel]
=started       2024-12-18 20:51:09
=ended         2024-12-18 20:51:09
=result        ok
=elapsed       0.000003s
=case          ejabberd_SUITE:pubsub_subscriptions_master
=logfile       ejabberd_suite.pubsub_subscriptions_master.68674.html
=started       2024-12-18 20:51:09
=ended         2024-12-18 20:51:09
=result        ok
=elapsed       0.138554s
=case          ejabberd_SUITE:pubsub_subscriptions_slave
=logfile       ejabberd_suite.pubsub_subscriptions_slave.44260.html
=started       2024-12-18 20:51:09
=ended         2024-12-18 20:51:09
=result        ok
=elapsed       0.134600s
=case          ejabberd_SUITE:end_per_group
=logfile       ejabberd_suite.end_per_group.44292.html
=group_props   [{name,pubsub_subscriptions},parallel]
=started       2024-12-18 20:51:09
=ended         2024-12-18 20:51:09
=result        ok
=elapsed       0.000008s
=group_time    0.200s
=case          ejabberd_SUITE:init_per_group
=logfile       ejabberd_suite.init_per_group.44324.html
=group_props   [{name,pubsub_affiliations},parallel]
=started       2024-12-18 20:51:09
=ended         2024-12-18 20:51:09
=result        ok
=elapsed       0.000002s
=case          ejabberd_SUITE:pubsub_affiliations_master
=logfile       ejabberd_suite.pubsub_affiliations_master.44356.html
=started       2024-12-18 20:51:09
=ended         2024-12-18 20:51:11
=result        ok
=elapsed       1.715751s
=case          ejabberd_SUITE:pubsub_affiliations_slave
=logfile       ejabberd_suite.pubsub_affiliations_slave.44388.html
=started       2024-12-18 20:51:09
=ended         2024-12-18 20:51:11
=result        ok
=elapsed       1.732731s
=case          ejabberd_SUITE:end_per_group
=logfile       ejabberd_suite.end_per_group.44484.html
=group_props   [{name,pubsub_affiliations},parallel]
=started       2024-12-18 20:51:11
=ended         2024-12-18 20:51:11
=result        ok
=elapsed       0.000003s
=group_time    1.793s
=case          ejabberd_SUITE:init_per_group
=logfile       ejabberd_suite.init_per_group.44516.html
=group_props   [{name,pubsub_authorize},parallel]
=started       2024-12-18 20:51:11
=ended         2024-12-18 20:51:11
=result        ok
=elapsed       0.000003s
=case          ejabberd_SUITE:pubsub_authorize_master
=logfile       ejabberd_suite.pubsub_authorize_master.44548.html
=started       2024-12-18 20:51:11
=ended         2024-12-18 20:51:11
=result        ok
=elapsed       0.209154s
=case          ejabberd_SUITE:pubsub_authorize_slave
=logfile       ejabberd_suite.pubsub_authorize_slave.44580.html
=started       2024-12-18 20:51:11
=ended         2024-12-18 20:51:11
=result        ok
=elapsed       0.163748s
=case          ejabberd_SUITE:end_per_group
=logfile       ejabberd_suite.end_per_group.44708.html
=group_props   [{name,pubsub_authorize},parallel]
=started       2024-12-18 20:51:11
=ended         2024-12-18 20:51:11
=result        ok
=elapsed       0.000003s
=group_time    0.270s
=case          ejabberd_SUITE:end_per_group
=logfile       ejabberd_suite.end_per_group.44740.html
=group_props   [{name,pubsub_master_slave},sequence]
=started       2024-12-18 20:51:11
=ended         2024-12-18 20:51:11
=result        ok
=elapsed       0.000003s
=group_time    2.568s
=case          ejabberd_SUITE:init_per_group
=logfile       ejabberd_suite.init_per_group.44772.html
=group_props   [{name,roster_master_slave},sequence]
=started       2024-12-18 20:51:11
=ended         2024-12-18 20:51:11
=result        ok
=elapsed       0.000004s
=case          ejabberd_SUITE:init_per_group
=logfile       ejabberd_suite.init_per_group.44804.html
=group_props   [{name,roster_subscribe},parallel]
=started       2024-12-18 20:51:11
=ended         2024-12-18 20:51:11
=result        ok
=elapsed       0.000003s
=case          ejabberd_SUITE:roster_subscribe_master
=logfile       ejabberd_suite.roster_subscribe_master.44836.html
=started       2024-12-18 20:51:11
=ended         2024-12-18 20:51:24
=result        ok
=elapsed       12.639867s
=case          ejabberd_SUITE:roster_subscribe_slave
=logfile       ejabberd_suite.roster_subscribe_slave.44868.html
=started       2024-12-18 20:51:11
=ended         2024-12-18 20:51:24
=result        ok
=elapsed       12.638629s
=case          ejabberd_SUITE:end_per_group
=logfile       ejabberd_suite.end_per_group.58883.html
=group_props   [{name,roster_subscribe},parallel]
=started       2024-12-18 20:51:24
=ended         2024-12-18 20:51:24
=result        ok
=elapsed       0.000003s
=group_time    12.703s
=case          ejabberd_SUITE:end_per_group
=logfile       ejabberd_suite.end_per_group.45380.html
=group_props   [{name,roster_master_slave},sequence]
=started       2024-12-18 20:51:24
=ended         2024-12-18 20:51:24
=result        ok
=elapsed       0.000002s
=group_time    12.754s
=case          ejabberd_SUITE:init_per_group
=logfile       ejabberd_suite.init_per_group.45412.html
=group_props   [{name,offline_master_slave},sequence]
=started       2024-12-18 20:51:24
=ended         2024-12-18 20:51:24
=result        ok
=elapsed       0.000003s
=case          ejabberd_SUITE:init_per_group
=logfile       ejabberd_suite.init_per_group.45444.html
=group_props   [{name,offline_flex},parallel]
=started       2024-12-18 20:51:24
=ended         2024-12-18 20:51:24
=result        ok
=elapsed       0.000002s
=case          ejabberd_SUITE:offline_flex_master
=logfile       ejabberd_suite.offline_flex_master.45476.html
=started       2024-12-18 20:51:24
=ended         2024-12-18 20:51:24
=result        ok
=elapsed       0.206459s
=case          ejabberd_SUITE:offline_flex_slave
=logfile       ejabberd_suite.offline_flex_slave.45508.html
=started       2024-12-18 20:51:24
=ended         2024-12-18 20:51:25
=result        ok
=elapsed       0.328475s
=case          ejabberd_SUITE:end_per_group
=logfile       ejabberd_suite.end_per_group.58979.html
=group_props   [{name,offline_flex},parallel]
=started       2024-12-18 20:51:25
=ended         2024-12-18 20:51:25
=result        ok
=elapsed       0.000003s
=group_time    0.388s
=case          ejabberd_SUITE:init_per_group
=logfile       ejabberd_suite.init_per_group.59011.html
=group_props   [{name,offline_send_all},parallel]
=started       2024-12-18 20:51:25
=ended         2024-12-18 20:51:25
=result        ok
=elapsed       0.000003s
=case          ejabberd_SUITE:offline_send_all_master
=logfile       ejabberd_suite.offline_send_all_master.59043.html
=started       2024-12-18 20:51:25
=ended         2024-12-18 20:51:39
=result        ok
=elapsed       13.932347s
=case          ejabberd_SUITE:offline_send_all_slave
=logfile       ejabberd_suite.offline_send_all_slave.45572.html
=started       2024-12-18 20:51:25
=ended         2024-12-18 20:51:39
=result        ok
=elapsed       14.077608s
=case          ejabberd_SUITE:end_per_group
=logfile       ejabberd_suite.end_per_group.45636.html
=group_props   [{name,offline_send_all},parallel]
=started       2024-12-18 20:51:39
=ended         2024-12-18 20:51:39
=result        ok
=elapsed       0.000003s
=group_time    14.139s
=case          ejabberd_SUITE:init_per_group
=logfile       ejabberd_suite.init_per_group.45668.html
=group_props   [{name,offline_from_mam},parallel]
=started       2024-12-18 20:51:39
=ended         2024-12-18 20:51:39
=result        ok
=elapsed       0.000003s
=case          ejabberd_SUITE:offline_from_mam_master
=logfile       ejabberd_suite.offline_from_mam_master.59139.html
=started       2024-12-18 20:51:39
=ended         2024-12-18 20:51:53
=result        ok
=elapsed       13.882304s
=case          ejabberd_SUITE:offline_from_mam_slave
=logfile       ejabberd_suite.offline_from_mam_slave.59171.html
=started       2024-12-18 20:51:39
=ended         2024-12-18 20:51:53
=result        ok
=elapsed       14.071020s
=case          ejabberd_SUITE:end_per_group
=logfile       ejabberd_suite.end_per_group.59203.html
=group_props   [{name,offline_from_mam},parallel]
=started       2024-12-18 20:51:53
=ended         2024-12-18 20:51:53
=result        ok
=elapsed       0.000008s
=group_time    14.133s
=case          ejabberd_SUITE:init_per_group
=logfile       ejabberd_suite.init_per_group.59235.html
=group_props   [{name,offline_mucsub_mam},parallel]
=started       2024-12-18 20:51:53
=ended         2024-12-18 20:51:53
=result        ok
=elapsed       0.000004s
=case          ejabberd_SUITE:offline_mucsub_mam_master
=logfile       ejabberd_suite.offline_mucsub_mam_master.59267.html
=started       2024-12-18 20:51:53
=ended         2024-12-18 20:51:53
=result        ok
=elapsed       0.257408s
=case          ejabberd_SUITE:offline_mucsub_mam_slave
=logfile       ejabberd_suite.offline_mucsub_mam_slave.59299.html
=started       2024-12-18 20:51:53
=ended         2024-12-18 20:51:53
=result        ok
=elapsed       0.251421s
=case          ejabberd_SUITE:end_per_group
=logfile       ejabberd_suite.end_per_group.45828.html
=group_props   [{name,offline_mucsub_mam},parallel]
=started       2024-12-18 20:51:53
=ended         2024-12-18 20:51:53
=result        ok
=elapsed       0.000003s
=group_time    0.319s
=case          ejabberd_SUITE:end_per_group
=logfile       ejabberd_suite.end_per_group.16165.html
=group_props   [{name,offline_master_slave},sequence]
=started       2024-12-18 20:51:53
=ended         2024-12-18 20:51:53
=result        ok
=elapsed       0.000003s
=group_time    29.104s
=case          ejabberd_SUITE:init_per_group
=logfile       ejabberd_suite.init_per_group.45860.html
=group_props   [{name,mam_master_slave},sequence]
=started       2024-12-18 20:51:53
=ended         2024-12-18 20:51:53
=result        ok
=elapsed       0.000003s
=case          ejabberd_SUITE:init_per_group
=logfile       ejabberd_suite.init_per_group.45892.html
=group_props   [{name,mam_archived_and_stanza_id},parallel]
=started       2024-12-18 20:51:53
=ended         2024-12-18 20:51:53
=result        ok
=elapsed       0.000003s
=case          ejabberd_SUITE:mam_archived_and_stanza_id_master
=logfile       ejabberd_suite.mam_archived_and_stanza_id_master.45924.html
=started       2024-12-18 20:51:53
=ended         2024-12-18 20:51:54
=result        ok
=elapsed       0.166135s
=case          ejabberd_SUITE:mam_archived_and_stanza_id_slave
=logfile       ejabberd_suite.mam_archived_and_stanza_id_slave.45956.html
=started       2024-12-18 20:51:53
=ended         2024-12-18 20:51:54
=result        ok
=elapsed       0.172672s
=case          ejabberd_SUITE:end_per_group
=logfile       ejabberd_suite.end_per_group.45988.html
=group_props   [{name,mam_archived_and_stanza_id},parallel]
=started       2024-12-18 20:51:54
=ended         2024-12-18 20:51:54
=result        ok
=elapsed       0.000003s
=group_time    0.235s
=case          ejabberd_SUITE:init_per_group
=logfile       ejabberd_suite.init_per_group.46020.html
=group_props   [{name,mam_query_all},parallel]
=started       2024-12-18 20:51:54
=ended         2024-12-18 20:51:54
=result        ok
=elapsed       0.000003s
=case          ejabberd_SUITE:mam_query_all_master
=logfile       ejabberd_suite.mam_query_all_master.46052.html
=started       2024-12-18 20:51:54
=ended         2024-12-18 20:51:54
=result        ok
=elapsed       0.199622s
=case          ejabberd_SUITE:mam_query_all_slave
=logfile       ejabberd_suite.mam_query_all_slave.46084.html
=started       2024-12-18 20:51:54
=ended         2024-12-18 20:51:54
=result        ok
=elapsed       0.202130s
=case          ejabberd_SUITE:end_per_group
=logfile       ejabberd_suite.end_per_group.71042.html
=group_props   [{name,mam_query_all},parallel]
=started       2024-12-18 20:51:54
=ended         2024-12-18 20:51:54
=result        ok
=elapsed       0.000008s
=group_time    0.266s
=case          ejabberd_SUITE:init_per_group
=logfile       ejabberd_suite.init_per_group.71074.html
=group_props   [{name,mam_query_with},parallel]
=started       2024-12-18 20:51:54
=ended         2024-12-18 20:51:54
=result        ok
=elapsed       0.000003s
=case          ejabberd_SUITE:mam_query_with_master
=logfile       ejabberd_suite.mam_query_with_master.71106.html
=started       2024-12-18 20:51:54
=ended         2024-12-18 20:51:54
=result        ok
=elapsed       0.207471s
=case          ejabberd_SUITE:mam_query_with_slave
=logfile       ejabberd_suite.mam_query_with_slave.71138.html
=started       2024-12-18 20:51:54
=ended         2024-12-18 20:51:54
=result        ok
=elapsed       0.205406s
=case          ejabberd_SUITE:end_per_group
=logfile       ejabberd_suite.end_per_group.71170.html
=group_props   [{name,mam_query_with},parallel]
=started       2024-12-18 20:51:54
=ended         2024-12-18 20:51:54
=result        ok
=elapsed       0.000007s
=group_time    0.268s
=case          ejabberd_SUITE:init_per_group
=logfile       ejabberd_suite.init_per_group.71202.html
=group_props   [{name,mam_query_rsm_max},parallel]
=started       2024-12-18 20:51:54
=ended         2024-12-18 20:51:54
=result        ok
=elapsed       0.000003s
=case          ejabberd_SUITE:mam_query_rsm_max_master
=logfile       ejabberd_suite.mam_query_rsm_max_master.71234.html
=started       2024-12-18 20:51:54
=ended         2024-12-18 20:51:54
=result        ok
=elapsed       0.248021s
=case          ejabberd_SUITE:mam_query_rsm_max_slave
=logfile       ejabberd_suite.mam_query_rsm_max_slave.46212.html
=started       2024-12-18 20:51:54
=ended         2024-12-18 20:51:54
=result        ok
=elapsed       0.253748s
=case          ejabberd_SUITE:end_per_group
=logfile       ejabberd_suite.end_per_group.71266.html
=group_props   [{name,mam_query_rsm_max},parallel]
=started       2024-12-18 20:51:54
=ended         2024-12-18 20:51:54
=result        ok
=elapsed       0.000003s
=group_time    0.317s
=case          ejabberd_SUITE:init_per_group
=logfile       ejabberd_suite.init_per_group.46276.html
=group_props   [{name,mam_query_rsm_after},parallel]
=started       2024-12-18 20:51:54
=ended         2024-12-18 20:51:55
=result        ok
=elapsed       0.000003s
=case          ejabberd_SUITE:mam_query_rsm_after_master
=logfile       ejabberd_suite.mam_query_rsm_after_master.46308.html
=started       2024-12-18 20:51:55
=ended         2024-12-18 20:51:55
=result        ok
=elapsed       0.237777s
=case          ejabberd_SUITE:mam_query_rsm_after_slave
=logfile       ejabberd_suite.mam_query_rsm_after_slave.46340.html
=started       2024-12-18 20:51:55
=ended         2024-12-18 20:51:55
=result        ok
=elapsed       0.243868s
=case          ejabberd_SUITE:end_per_group
=logfile       ejabberd_suite.end_per_group.46436.html
=group_props   [{name,mam_query_rsm_after},parallel]
=started       2024-12-18 20:51:55
=ended         2024-12-18 20:51:55
=result        ok
=elapsed       0.000003s
=group_time    0.306s
=case          ejabberd_SUITE:init_per_group
=logfile       ejabberd_suite.init_per_group.46468.html
=group_props   [{name,mam_query_rsm_before},parallel]
=started       2024-12-18 20:51:55
=ended         2024-12-18 20:51:55
=result        ok
=elapsed       0.000004s
=case          ejabberd_SUITE:mam_query_rsm_before_master
=logfile       ejabberd_suite.mam_query_rsm_before_master.46500.html
=started       2024-12-18 20:51:55
=ended         2024-12-18 20:51:55
=result        ok
=elapsed       0.239686s
=case          ejabberd_SUITE:mam_query_rsm_before_slave
=logfile       ejabberd_suite.mam_query_rsm_before_slave.46532.html
=started       2024-12-18 20:51:55
=ended         2024-12-18 20:51:55
=result        ok
=elapsed       0.246020s
=case          ejabberd_SUITE:end_per_group
=logfile       ejabberd_suite.end_per_group.46628.html
=group_props   [{name,mam_query_rsm_before},parallel]
=started       2024-12-18 20:51:55
=ended         2024-12-18 20:51:55
=result        ok
=elapsed       0.000010s
=group_time    0.305s
=case          ejabberd_SUITE:init_per_group
=logfile       ejabberd_suite.init_per_group.46660.html
=group_props   [{name,mam_muc},parallel]
=started       2024-12-18 20:51:55
=ended         2024-12-18 20:51:55
=result        ok
=elapsed       0.000003s
=case          ejabberd_SUITE:mam_muc_master
=logfile       ejabberd_suite.mam_muc_master.59427.html
=started       2024-12-18 20:51:55
=ended         2024-12-18 20:51:55
=result        ok
=elapsed       0.167006s
=case          ejabberd_SUITE:mam_muc_slave
=logfile       ejabberd_suite.mam_muc_slave.59459.html
=started       2024-12-18 20:51:55
=ended         2024-12-18 20:51:55
=result        ok
=elapsed       0.162059s
=case          ejabberd_SUITE:end_per_group
=logfile       ejabberd_suite.end_per_group.59523.html
=group_props   [{name,mam_muc},parallel]
=started       2024-12-18 20:51:55
=ended         2024-12-18 20:51:55
=result        ok
=elapsed       0.000002s
=group_time    0.228s
=case          ejabberd_SUITE:init_per_group
=logfile       ejabberd_suite.init_per_group.59555.html
=group_props   [{name,mam_mucsub},parallel]
=started       2024-12-18 20:51:55
=ended         2024-12-18 20:51:55
=result        ok
=elapsed       0.000003s
=case          ejabberd_SUITE:mam_mucsub_master
=logfile       ejabberd_suite.mam_mucsub_master.59587.html
=started       2024-12-18 20:51:55
=ended         2024-12-18 20:51:56
=result        ok
=elapsed       0.157340s
=case          ejabberd_SUITE:mam_mucsub_slave
=logfile       ejabberd_suite.mam_mucsub_slave.59619.html
=started       2024-12-18 20:51:55
=ended         2024-12-18 20:51:56
=result        ok
=elapsed       0.153634s
=case          ejabberd_SUITE:end_per_group
=logfile       ejabberd_suite.end_per_group.46756.html
=group_props   [{name,mam_mucsub},parallel]
=started       2024-12-18 20:51:56
=ended         2024-12-18 20:51:56
=result        ok
=elapsed       0.000008s
=group_time    0.216s
=case          ejabberd_SUITE:init_per_group
=logfile       ejabberd_suite.init_per_group.46788.html
=group_props   [{name,mam_mucsub_from_muc},parallel]
=started       2024-12-18 20:51:56
=ended         2024-12-18 20:51:56
=result        ok
=elapsed       0.000004s
=case          ejabberd_SUITE:mam_mucsub_from_muc_master
=logfile       ejabberd_suite.mam_mucsub_from_muc_master.71490.html
=started       2024-12-18 20:51:56
=ended         2024-12-18 20:51:56
=result        ok
=elapsed       0.148172s
=case          ejabberd_SUITE:mam_mucsub_from_muc_slave
=logfile       ejabberd_suite.mam_mucsub_from_muc_slave.71522.html
=started       2024-12-18 20:51:56
=ended         2024-12-18 20:51:56
=result        ok
=elapsed       0.145576s
=case          ejabberd_SUITE:end_per_group
=logfile       ejabberd_suite.end_per_group.71586.html
=group_props   [{name,mam_mucsub_from_muc},parallel]
=started       2024-12-18 20:51:56
=ended         2024-12-18 20:51:56
=result        ok
=elapsed       0.000003s
=group_time    0.210s
=case          ejabberd_SUITE:init_per_group
=logfile       ejabberd_suite.init_per_group.71618.html
=group_props   [{name,mam_mucsub_from_muc_non_persistent},parallel]
=started       2024-12-18 20:51:56
=ended         2024-12-18 20:51:56
=result        ok
=elapsed       0.000003s
=case          ejabberd_SUITE:mam_mucsub_from_muc_non_persistent_master
=logfile       ejabberd_suite.mam_mucsub_from_muc_non_persistent_master.16549.html
=started       2024-12-18 20:51:56
=ended         2024-12-18 20:51:56
=result        ok
=elapsed       0.145633s
=case          ejabberd_SUITE:mam_mucsub_from_muc_non_persistent_slave
=logfile       ejabberd_suite.mam_mucsub_from_muc_non_persistent_slave.16581.html
=started       2024-12-18 20:51:56
=ended         2024-12-18 20:51:56
=result        ok
=elapsed       0.145044s
=case          ejabberd_SUITE:end_per_group
=logfile       ejabberd_suite.end_per_group.16709.html
=group_props   [{name,mam_mucsub_from_muc_non_persistent},parallel]
=started       2024-12-18 20:51:56
=ended         2024-12-18 20:51:56
=result        ok
=elapsed       0.000003s
=group_time    0.208s
=case          ejabberd_SUITE:end_per_group
=logfile       ejabberd_suite.end_per_group.16741.html
=group_props   [{name,mam_master_slave},sequence]
=started       2024-12-18 20:51:56
=ended         2024-12-18 20:51:56
=result        ok
=elapsed       0.000008s
=group_time    2.837s
=case          ejabberd_SUITE:init_per_group
=logfile       ejabberd_suite.init_per_group.16773.html
=group_props   [{name,announce_master_slave},sequence]
=started       2024-12-18 20:51:56
=ended         2024-12-18 20:51:56
=result        ok
=elapsed       0.000004s
=case          ejabberd_SUITE:init_per_group
=logfile       ejabberd_suite.init_per_group.16805.html
=group_props   [{name,announce_set_motd},parallel]
=started       2024-12-18 20:51:56
=ended         2024-12-18 20:51:56
=result        ok
=elapsed       0.000004s
=case          ejabberd_SUITE:announce_set_motd_master
=logfile       ejabberd_suite.announce_set_motd_master.59747.html
=started       2024-12-18 20:51:56
=ended         2024-12-18 20:51:56
=result        ok
=elapsed       0.112338s
=case          ejabberd_SUITE:announce_set_motd_slave
=logfile       ejabberd_suite.announce_set_motd_slave.16837.html
=started       2024-12-18 20:51:56
=ended         2024-12-18 20:51:56
=result        ok
=elapsed       0.113299s
=case          ejabberd_SUITE:end_per_group
=logfile       ejabberd_suite.end_per_group.16901.html
=group_props   [{name,announce_set_motd},parallel]
=started       2024-12-18 20:51:56
=ended         2024-12-18 20:51:56
=result        ok
=elapsed       0.000003s
=group_time    0.175s
=case          ejabberd_SUITE:end_per_group
=logfile       ejabberd_suite.end_per_group.16933.html
=group_props   [{name,announce_master_slave},sequence]
=started       2024-12-18 20:51:56
=ended         2024-12-18 20:51:56
=result        ok
=elapsed       0.000002s
=group_time    0.225s
=case          ejabberd_SUITE:init_per_group
=logfile       ejabberd_suite.init_per_group.16965.html
=group_props   [{name,push_master_slave},sequence]
=started       2024-12-18 20:51:56
=ended         2024-12-18 20:51:56
=result        ok
=elapsed       0.000003s
=case          ejabberd_SUITE:init_per_group
=logfile       ejabberd_suite.init_per_group.16997.html
=group_props   [{name,push_sm},parallel]
=started       2024-12-18 20:51:56
=ended         2024-12-18 20:51:56
=result        ok
=elapsed       0.000002s
=case          ejabberd_SUITE:push_sm_master
=logfile       ejabberd_suite.push_sm_master.17029.html
=started       2024-12-18 20:51:56
=ended         2024-12-18 20:52:05
=result        ok
=elapsed       8.111633s
=case          ejabberd_SUITE:push_sm_slave
=logfile       ejabberd_suite.push_sm_slave.17061.html
=started       2024-12-18 20:51:56
=ended         2024-12-18 20:51:56
=result        ok
=elapsed       0.004485s
=case          ejabberd_SUITE:end_per_group
=logfile       ejabberd_suite.end_per_group.17125.html
=group_props   [{name,push_sm},parallel]
=started       2024-12-18 20:52:05
=ended         2024-12-18 20:52:05
=result        ok
=elapsed       0.000002s
=group_time    8.172s
=case          ejabberd_SUITE:init_per_group
=logfile       ejabberd_suite.init_per_group.17157.html
=group_props   [{name,push_offline},parallel]
=started       2024-12-18 20:52:05
=ended         2024-12-18 20:52:05
=result        ok
=elapsed       0.000003s
=case          ejabberd_SUITE:push_offline_master
=logfile       ejabberd_suite.push_offline_master.46980.html
=started       2024-12-18 20:52:05
=ended         2024-12-18 20:52:05
=result        ok
=elapsed       0.259043s
=case          ejabberd_SUITE:push_offline_slave
=logfile       ejabberd_suite.push_offline_slave.47012.html
=started       2024-12-18 20:52:05
=ended         2024-12-18 20:52:05
=result        ok
=elapsed       0.107611s
=case          ejabberd_SUITE:end_per_group
=logfile       ejabberd_suite.end_per_group.59875.html
=group_props   [{name,push_offline},parallel]
=started       2024-12-18 20:52:05
=ended         2024-12-18 20:52:05
=result        ok
=elapsed       0.000008s
=group_time    0.318s
=case          ejabberd_SUITE:init_per_group
=logfile       ejabberd_suite.init_per_group.47108.html
=group_props   [{name,push_mam},parallel]
=started       2024-12-18 20:52:05
=ended         2024-12-18 20:52:05
=result        ok
=elapsed       0.000004s
=case          ejabberd_SUITE:push_mam_master
=logfile       ejabberd_suite.push_mam_master.47140.html
=started       2024-12-18 20:52:05
=ended         2024-12-18 20:52:05
=result        ok
=elapsed       0.150766s
=case          ejabberd_SUITE:push_mam_slave
=logfile       ejabberd_suite.push_mam_slave.47172.html
=started       2024-12-18 20:52:05
=ended         2024-12-18 20:52:05
=result        ok
=elapsed       0.264683s
=case          ejabberd_SUITE:end_per_group
=logfile       ejabberd_suite.end_per_group.47236.html
=group_props   [{name,push_mam},parallel]
=started       2024-12-18 20:52:05
=ended         2024-12-18 20:52:05
=result        ok
=elapsed       0.000003s
=group_time    0.329s
=case          ejabberd_SUITE:end_per_group
=logfile       ejabberd_suite.end_per_group.47268.html
=group_props   [{name,push_master_slave},sequence]
=started       2024-12-18 20:52:05
=ended         2024-12-18 20:52:05
=result        ok
=elapsed       0.000008s
=group_time    8.918s
=case          ejabberd_SUITE:end_per_group
=logfile       ejabberd_suite.end_per_group.17189.html
=group_props   [{name,sqlite},sequence]
=started       2024-12-18 20:52:05
=ended         2024-12-18 20:52:05
=result        ok
=elapsed       0.000000s
=group_time    98.796s
=case          ejabberd_SUITE:init_per_group
=logfile       ejabberd_suite.init_per_group.47300.html
=group_props   [{name,extauth},sequence]
=started       2024-12-18 20:52:05
=ended         2024-12-18 20:52:05
=result        ok
=elapsed       0.000001s
=case          ejabberd_SUITE:init_per_group
=logfile       ejabberd_suite.init_per_group.17221.html
=group_props   [{name,extauth_tests},sequence]
=started       2024-12-18 20:52:05
=ended         2024-12-18 20:52:05
=result        ok
=elapsed       0.000003s
=case          ejabberd_SUITE:test_auth
=logfile       ejabberd_suite.test_auth.17253.html
=started       2024-12-18 20:52:05
=ended         2024-12-18 20:52:05
=result        ok
=elapsed       0.001517s
=case          ejabberd_SUITE:test_auth_fail
=logfile       ejabberd_suite.test_auth_fail.17285.html
=started       2024-12-18 20:52:05
=ended         2024-12-18 20:52:05
=result        ok
=elapsed       0.000872s
=case          ejabberd_SUITE:test_unregister
=logfile       ejabberd_suite.test_unregister.17317.html
=started       2024-12-18 20:52:05
=ended         2024-12-18 20:52:06
=result        ok
=elapsed       0.001756s
=case          ejabberd_SUITE:end_per_group
=logfile       ejabberd_suite.end_per_group.17349.html
=group_props   [{name,extauth_tests},sequence]
=started       2024-12-18 20:52:06
=ended         2024-12-18 20:52:06
=result        ok
=elapsed       0.000010s
=group_time    0.114s
=case          ejabberd_SUITE:end_per_group
=logfile       ejabberd_suite.end_per_group.17381.html
=group_props   [{name,extauth},sequence]
=started       2024-12-18 20:52:06
=ended         2024-12-18 20:52:06
=result        ok
=elapsed       0.000000s
=group_time    0.164s
=case          ejabberd_SUITE:init_per_group
=logfile       ejabberd_suite.init_per_group.47332.html
=group_props   [{name,component},sequence]
=started       2024-12-18 20:52:06
=ended         2024-12-18 20:52:06
=result        ok
=elapsed       0.000003s
=case          ejabberd_SUITE:init_per_group
=logfile       ejabberd_suite.init_per_group.47364.html
=group_props   [{name,component_connect},parallel]
=started       2024-12-18 20:52:06
=ended         2024-12-18 20:52:06
=result        ok
=elapsed       0.000003s
=case          ejabberd_SUITE:test_connect_bad_xml
=logfile       ejabberd_suite.test_connect_bad_xml.47396.html
=started       2024-12-18 20:52:06
=ended         2024-12-18 20:52:06
=result        ok
=elapsed       0.001126s
=case          ejabberd_SUITE:test_connect_unexpected_xml
=logfile       ejabberd_suite.test_connect_unexpected_xml.71874.html
=started       2024-12-18 20:52:06
=ended         2024-12-18 20:52:06
=result        ok
=elapsed       0.000693s
=case          ejabberd_SUITE:test_connect_unknown_ns
=logfile       ejabberd_suite.test_connect_unknown_ns.71906.html
=started       2024-12-18 20:52:06
=ended         2024-12-18 20:52:06
=result        ok
=elapsed       0.001721s
=case          ejabberd_SUITE:test_connect_bad_xmlns
=logfile       ejabberd_suite.test_connect_bad_xmlns.71938.html
=started       2024-12-18 20:52:06
=ended         2024-12-18 20:52:06
=result        ok
=elapsed       0.000960s
=case          ejabberd_SUITE:test_connect_bad_ns_stream
=logfile       ejabberd_suite.test_connect_bad_ns_stream.71970.html
=started       2024-12-18 20:52:06
=ended         2024-12-18 20:52:06
=result        ok
=elapsed       0.000922s
=case          ejabberd_SUITE:test_connect_missing_to
=logfile       ejabberd_suite.test_connect_missing_to.72002.html
=started       2024-12-18 20:52:06
=ended         2024-12-18 20:52:06
=result        ok
=elapsed       0.000939s
=case          ejabberd_SUITE:test_connect
=logfile       ejabberd_suite.test_connect.72034.html
=started       2024-12-18 20:52:06
=ended         2024-12-18 20:52:06
=result        ok
=elapsed       0.001595s
=case          ejabberd_SUITE:test_auth
=logfile       ejabberd_suite.test_auth.72066.html
=started       2024-12-18 20:52:06
=ended         2024-12-18 20:52:06
=result        ok
=elapsed       0.011120s
=case          ejabberd_SUITE:test_auth_fail
=logfile       ejabberd_suite.test_auth_fail.47428.html
=started       2024-12-18 20:52:06
=ended         2024-12-18 20:52:06
=result        ok
=elapsed       0.006858s
=case          ejabberd_SUITE:end_per_group
=logfile       ejabberd_suite.end_per_group.72098.html
=group_props   [{name,component_connect},parallel]
=started       2024-12-18 20:52:06
=ended         2024-12-18 20:52:06
=result        ok
=elapsed       0.000003s
=group_time    0.089s
=case          ejabberd_SUITE:init_per_group
=logfile       ejabberd_suite.init_per_group.72130.html
=group_props   [{name,component_tests},sequence]
=started       2024-12-18 20:52:06
=ended         2024-12-18 20:52:06
=result        ok
=elapsed       0.000003s
=case          ejabberd_SUITE:test_missing_from
=logfile       ejabberd_suite.test_missing_from.html
=started       2024-12-18 20:52:06
=ended         2024-12-18 20:52:06
=result        ok
=elapsed       0.000520s
=case          ejabberd_SUITE:test_missing_to
=logfile       ejabberd_suite.test_missing_to.html
=started       2024-12-18 20:52:06
=ended         2024-12-18 20:52:06
=result        ok
=elapsed       0.000556s
=case          ejabberd_SUITE:test_invalid_from
=logfile       ejabberd_suite.test_invalid_from.html
=started       2024-12-18 20:52:06
=ended         2024-12-18 20:52:06
=result        ok
=elapsed       0.000542s
=case          ejabberd_SUITE:test_component_send
=logfile       ejabberd_suite.test_component_send.html
=started       2024-12-18 20:52:06
=ended         2024-12-18 20:52:06
=result        ok
=elapsed       0.000738s
=case          ejabberd_SUITE:bad_nonza
=logfile       ejabberd_suite.bad_nonza.html
=started       2024-12-18 20:52:06
=ended         2024-12-18 20:52:06
=result        ok
=elapsed       0.040880s
=case          ejabberd_SUITE:codec_failure
=logfile       ejabberd_suite.codec_failure.html
=started       2024-12-18 20:52:06
=ended         2024-12-18 20:52:06
=result        ok
=elapsed       0.000867s
=case          ejabberd_SUITE:end_per_group
=logfile       ejabberd_suite.end_per_group.72258.html
=group_props   [{name,component_tests},sequence]
=started       2024-12-18 20:52:06
=ended         2024-12-18 20:52:06
=result        ok
=elapsed       0.000013s
=group_time    0.239s
=case          ejabberd_SUITE:end_per_group
=logfile       ejabberd_suite.end_per_group.72290.html
=group_props   [{name,component},sequence]
=started       2024-12-18 20:52:06
=ended         2024-12-18 20:52:06
=result        ok
=elapsed       0.000000s
=group_time    0.404s
=case          ejabberd_SUITE:init_per_group
=logfile       ejabberd_suite.init_per_group.72322.html
=group_props   [{name,s2s},sequence]
=started       2024-12-18 20:52:06
=ended         2024-12-18 20:52:06
=result        ok
=elapsed       0.000008s
=case          ejabberd_SUITE:init_per_group
=logfile       ejabberd_suite.init_per_group.72354.html
=group_props   [{name,s2s_connect},parallel]
=started       2024-12-18 20:52:06
=ended         2024-12-18 20:52:06
=result        ok
=elapsed       0.000004s
=case          ejabberd_SUITE:test_connect_bad_xml
=logfile       ejabberd_suite.test_connect_bad_xml.60131.html
=started       2024-12-18 20:52:06
=ended         2024-12-18 20:52:06
=result        ok
=elapsed       0.000844s
=case          ejabberd_SUITE:test_connect_unexpected_xml
=logfile       ejabberd_suite.test_connect_unexpected_xml.60099.html
=started       2024-12-18 20:52:06
=ended         2024-12-18 20:52:06
=result        ok
=elapsed       0.000835s
=case          ejabberd_SUITE:test_connect_unknown_ns
=logfile       ejabberd_suite.test_connect_unknown_ns.60195.html
=started       2024-12-18 20:52:06
=ended         2024-12-18 20:52:06
=result        ok
=elapsed       0.000982s
=case          ejabberd_SUITE:test_connect_bad_xmlns
=logfile       ejabberd_suite.test_connect_bad_xmlns.60163.html
=started       2024-12-18 20:52:06
=ended         2024-12-18 20:52:06
=result        ok
=elapsed       0.001022s
=case          ejabberd_SUITE:test_connect_bad_ns_stream
=logfile       ejabberd_suite.test_connect_bad_ns_stream.60227.html
=started       2024-12-18 20:52:06
=ended         2024-12-18 20:52:06
=result        ok
=elapsed       0.001011s
=case          ejabberd_SUITE:test_connect
=logfile       ejabberd_suite.test_connect.60259.html
=started       2024-12-18 20:52:06
=ended         2024-12-18 20:52:06
=result        ok
=elapsed       0.001635s
=case          ejabberd_SUITE:test_connect_s2s_starttls_required
=logfile       ejabberd_suite.test_connect_s2s_starttls_required.60291.html
=started       2024-12-18 20:52:06
=ended         2024-12-18 20:52:06
=result        ok
=elapsed       0.004365s
=case          ejabberd_SUITE:test_starttls
=logfile       ejabberd_suite.test_starttls.60323.html
=started       2024-12-18 20:52:06
=ended         2024-12-18 20:52:06
=result        ok
=elapsed       0.009117s
=case          ejabberd_SUITE:test_connect_s2s_unauthenticated_iq
=logfile       ejabberd_suite.test_connect_s2s_unauthenticated_iq.60355.html
=started       2024-12-18 20:52:06
=ended         2024-12-18 20:52:06
=result        ok
=elapsed       0.011773s
=case          ejabberd_SUITE:test_auth_starttls
=logfile       ejabberd_suite.test_auth_starttls.60387.html
=started       2024-12-18 20:52:06
=ended         2024-12-18 20:52:06
=result        ok
=elapsed       0.010412s
=case          ejabberd_SUITE:end_per_group
=logfile       ejabberd_suite.end_per_group.60451.html
=group_props   [{name,s2s_connect},parallel]
=started       2024-12-18 20:52:06
=ended         2024-12-18 20:52:06
=result        ok
=elapsed       0.000003s
=group_time    0.096s
=case          ejabberd_SUITE:init_per_group
=logfile       ejabberd_suite.init_per_group.60483.html
=group_props   [{name,s2s_tests},sequence]
=started       2024-12-18 20:52:06
=ended         2024-12-18 20:52:06
=result        ok
=elapsed       0.000004s
=case          ejabberd_SUITE:test_missing_from
=logfile       ejabberd_suite.test_missing_from.60515.html
=started       2024-12-18 20:52:06
=ended         2024-12-18 20:52:06
=result        ok
=elapsed       0.000716s
=case          ejabberd_SUITE:test_missing_to
=logfile       ejabberd_suite.test_missing_to.60611.html
=started       2024-12-18 20:52:06
=ended         2024-12-18 20:52:06
=result        ok
=elapsed       0.000646s
=case          ejabberd_SUITE:test_invalid_from
=logfile       ejabberd_suite.test_invalid_from.60675.html
=started       2024-12-18 20:52:06
=ended         2024-12-18 20:52:06
=result        ok
=elapsed       0.000664s
=case          ejabberd_SUITE:bad_nonza
=logfile       ejabberd_suite.bad_nonza.60739.html
=started       2024-12-18 20:52:06
=ended         2024-12-18 20:52:06
=result        ok
=elapsed       0.041805s
=case          ejabberd_SUITE:codec_failure
=logfile       ejabberd_suite.codec_failure.17733.html
=started       2024-12-18 20:52:06
=ended         2024-12-18 20:52:06
=result        ok
=elapsed       0.001100s
=case          ejabberd_SUITE:end_per_group
=logfile       ejabberd_suite.end_per_group.17829.html
=group_props   [{name,s2s_tests},sequence]
=started       2024-12-18 20:52:06
=ended         2024-12-18 20:52:06
=result        ok
=elapsed       0.000003s
=group_time    0.235s
=case          ejabberd_SUITE:end_per_group
=logfile       ejabberd_suite.end_per_group.60771.html
=group_props   [{name,s2s},sequence]
=started       2024-12-18 20:52:06
=ended         2024-12-18 20:52:06
=result        ok
=elapsed       0.000005s
=group_time    0.405s
=case          ejabberd_SUITE:stop_ejabberd
=logfile       ejabberd_suite.stop_ejabberd.html
=started       2024-12-18 20:52:06
=ended         2024-12-18 20:52:06
=result        ok
=elapsed       0.043344s
=case          ejabberd_SUITE:end_per_suite
=logfile       ejabberd_suite.end_per_suite.html
=started       2024-12-18 20:52:06
=ended         2024-12-18 20:52:07
=result        ok
=elapsed       0.000013s
=group_time    525.662s
=== TEST COMPLETE, 1364 ok, 1 failed, 233 skipped of 1598 test cases

=finished      2024-12-18 20:52:07
=failed        1
=successful    1364
=user_skipped  233
=auto_skipped  0
=elapsed_time  525742716
