=== Suite started at 2024-08-23 19:08:40
=== Starting test, 1598 test cases
=cases         1598
=user          runner
=host          795-prefiks-master-3237a95
=hosts         795-prefiks-master-3237a95 
=emulator_vsn  14.2.5.2
=emulator      beam
=otp_release   26
=started       2024-08-23 19:08:40
=case          ejabberd_SUITE:init_per_suite
=logfile       ejabberd_suite.init_per_suite.html
=started       2024-08-23 19:08:40
=ended         2024-08-23 19:08:43
=result        ok
=elapsed       2.935958
=case          ejabberd_SUITE:init_per_group
=logfile       ejabberd_suite.init_per_group.html
=group_props   [{name,ldap},sequence]
=started       2024-08-23 19:08:43
=ended         2024-08-23 19:08:43
=result        ok
=elapsed       1.0e-6
=case          ejabberd_SUITE:init_per_group
=logfile       ejabberd_suite.init_per_group.931.html
=group_props   [{name,ldap_tests},sequence]
=started       2024-08-23 19:08:43
=ended         2024-08-23 19:08:43
=result        ok
=elapsed       4.0e-6
=case          ejabberd_SUITE:test_auth
=logfile       ejabberd_suite.test_auth.html
=started       2024-08-23 19:08:43
=ended         2024-08-23 19:08:44
=result        ok
=elapsed       0.203303
=case          ejabberd_SUITE:test_auth_fail
=logfile       ejabberd_suite.test_auth_fail.html
=started       2024-08-23 19:08:44
=ended         2024-08-23 19:08:44
=result        ok
=elapsed       0.029634
=case          ejabberd_SUITE:vcard_get
=logfile       ejabberd_suite.vcard_get.html
=started       2024-08-23 19:08:44
=ended         2024-08-23 19:08:44
=result        ok
=elapsed       0.181055
=case          ejabberd_SUITE:ldap_shared_roster_get
=logfile       ejabberd_suite.ldap_shared_roster_get.html
=started       2024-08-23 19:08:44
=ended         2024-08-23 19:08:44
=result        ok
=elapsed       0.122222
=case          ejabberd_SUITE:end_per_group
=logfile       ejabberd_suite.end_per_group.html
=group_props   [{name,ldap_tests},sequence]
=started       2024-08-23 19:08:44
=ended         2024-08-23 19:08:44
=result        ok
=elapsed       3.0e-6
=group_time    1.246s
=case          ejabberd_SUITE:end_per_group
=logfile       ejabberd_suite.end_per_group.1027.html
=group_props   [{name,ldap},sequence]
=started       2024-08-23 19:08:44
=ended         2024-08-23 19:08:44
=result        ok
=elapsed       0.0
=group_time    1.300s
=case          ejabberd_SUITE:init_per_group
=logfile       ejabberd_suite.init_per_group.1059.html
=group_props   [{name,no_db},sequence]
=started       2024-08-23 19:08:44
=ended         2024-08-23 19:08:44
=result        ok
=elapsed       4.55e-4
=case          ejabberd_SUITE:init_per_group
=logfile       ejabberd_suite.init_per_group.1091.html
=group_props   [{name,anonymous},parallel]
=started       2024-08-23 19:08:44
=ended         2024-08-23 19:08:44
=result        ok
=elapsed       3.0e-6
=case          ejabberd_SUITE:test_connect_bad_xml
=logfile       ejabberd_suite.test_connect_bad_xml.1155.html
=started       2024-08-23 19:08:44
=ended         2024-08-23 19:08:44
=result        ok
=elapsed       8.56e-4
=== ERROR! init_per_testcase crashed!
	Location: [{ejabberd_SUITE,init_per_testcase,309},
                   {test_server,do_init_per_testcase,1563},
                   {test_server,run_test_case_eval1,1264},
                   {test_server,run_test_case_eval,1234}]
	Reason: {{test_case_failed,starttls_failed},
                 [{ejabberd_SUITE,init_per_testcase,2,
                      [{file,
                           "/home/runner/work/ejabberd/ejabberd/test/ejabberd_SUITE.erl"},
                       {line,309}]},
                  {test_server,do_init_per_testcase,2,
                      [{file,"test_server.erl"},{line,1563}]},
                  {test_server,run_test_case_eval1,6,
                      [{file,"test_server.erl"},{line,1264}]},
                  {test_server,run_test_case_eval,9,
                      [{file,"test_server.erl"},{line,1234}]}]}

=case          ejabberd_SUITE:test_connect_unexpected_xml
=logfile       ejabberd_suite.test_connect_unexpected_xml.1123.html
=started       2024-08-23 19:08:44
=ended         2024-08-23 19:08:44
=result        ok
=elapsed       0.055174
=case          ejabberd_SUITE:test_connect_unknown_ns
=logfile       ejabberd_suite.test_connect_unknown_ns.1187.html
=started       2024-08-23 19:08:44
=ended         2024-08-23 19:08:44
=result        ok
=elapsed       0.073082
=case          ejabberd_SUITE:test_connect_bad_xmlns
=logfile       ejabberd_suite.test_connect_bad_xmlns.1219.html
=started       2024-08-23 19:08:44
=ended         2024-08-23 19:08:44
=result        ok
=elapsed       9.66e-4
=case          ejabberd_SUITE:test_connect_bad_ns_stream
=logfile       ejabberd_suite.test_connect_bad_ns_stream.1251.html
=started       2024-08-23 19:08:44
=ended         2024-08-23 19:08:44
=result        ok
=elapsed       0.00131
=case          ejabberd_SUITE:test_connect_bad_lang
=logfile       ejabberd_suite.test_connect_bad_lang.1347.html
=started       2024-08-23 19:08:44
=ended         2024-08-23 19:08:44
=result        ok
=elapsed       0.003243
=case          ejabberd_SUITE:test_connect_bad_to
=logfile       ejabberd_suite.test_connect_bad_to.1283.html
=started       2024-08-23 19:08:44
=ended         2024-08-23 19:08:44
=result        ok
=elapsed       7.29e-4
=case          ejabberd_SUITE:test_connect_missing_to
=logfile       ejabberd_suite.test_connect_missing_to.1315.html
=started       2024-08-23 19:08:44
=ended         2024-08-23 19:08:44
=result        ok
=elapsed       0.006415
=case          ejabberd_SUITE:test_connect
=logfile       ejabberd_suite.test_connect.1379.html
=started       2024-08-23 19:08:44
=ended         2024-08-23 19:08:44
=result        ok
=elapsed       0.076721
=case          ejabberd_SUITE:unauthenticated_iq
=logfile       ejabberd_suite.unauthenticated_iq.1092.html
=started       2024-08-23 19:08:44
=ended         2024-08-23 19:08:44
=result        ok
=elapsed       4.66e-4
=case          ejabberd_SUITE:unauthenticated_message
=logfile       ejabberd_suite.unauthenticated_message.1124.html
=started       2024-08-23 19:08:44
=ended         2024-08-23 19:08:44
=result        ok
=elapsed       0.001238
=case          ejabberd_SUITE:unauthenticated_presence
=logfile       ejabberd_suite.unauthenticated_presence.1156.html
=started       2024-08-23 19:08:44
=ended         2024-08-23 19:08:44
=result        ok
=elapsed       6.27e-4
=case          ejabberd_SUITE:test_starttls
=logfile       ejabberd_suite.test_starttls.1188.html
=started       2024-08-23 19:08:44
=ended         2024-08-23 19:08:44
=result        failed: {test_case_failed,starttls_failed}, [{ejabberd_SUITE,
                                                             test_starttls,
                                                             633},
                                                            {test_server,
                                                             ts_tc,1793},
                                                            {test_server,
                                                             run_test_case_eval1,
                                                             1302},
                                                            {test_server,
                                                             run_test_case_eval,
                                                             1234}]
=== *** FAILED test case 17 of 1598 ***
=case          ejabberd_SUITE:test_auth
=logfile       ejabberd_suite.test_auth.1220.html
=started       2024-08-23 19:08:44
=ended         2024-08-23 19:08:45
=result        ok
=elapsed       0.111077
=case          ejabberd_SUITE:test_zlib
=logfile       ejabberd_suite.test_zlib.1029.html
=started       2024-08-23 19:08:44
=ended         2024-08-23 19:08:44
=result        auto_skipped: {failed,
                              {ejabberd_SUITE,init_per_testcase,
                               {{test_case_failed,starttls_failed},
                                [{ejabberd_SUITE,init_per_testcase,2,
                                  [{file,
                                    "/home/runner/work/ejabberd/ejabberd/test/ejabberd_SUITE.erl"},
                                   {line,309}]},
                                 {test_server,do_init_per_testcase,2,
                                  [{file,"test_server.erl"},{line,1563}]},
                                 {test_server,run_test_case_eval1,6,
                                  [{file,"test_server.erl"},{line,1264}]},
                                 {test_server,run_test_case_eval,9,
                                  [{file,"test_server.erl"},{line,1234}]}]}}}
=== *** SKIPPED test case 19 of 1598 ***
=case          ejabberd_SUITE:test_bind
=logfile       ejabberd_suite.test_bind.1252.html
=started       2024-08-23 19:08:44
=ended         2024-08-23 19:08:45
=result        ok
=elapsed       0.101962
=case          ejabberd_SUITE:test_open_session
=logfile       ejabberd_suite.test_open_session.1411.html
=started       2024-08-23 19:08:44
=ended         2024-08-23 19:08:45
=result        ok
=elapsed       0.101679
=case          ejabberd_SUITE:codec_failure
=logfile       ejabberd_suite.codec_failure.1061.html
=started       2024-08-23 19:08:44
=ended         2024-08-23 19:08:45
=result        ok
=elapsed       0.10212
=case          ejabberd_SUITE:unsupported_query
=logfile       ejabberd_suite.unsupported_query.1093.html
=started       2024-08-23 19:08:44
=ended         2024-08-23 19:08:45
=result        ok
=elapsed       0.16635
=case          ejabberd_SUITE:bad_nonza
=logfile       ejabberd_suite.bad_nonza.1284.html
=started       2024-08-23 19:08:44
=ended         2024-08-23 19:08:45
=result        ok
=elapsed       0.141654
=case          ejabberd_SUITE:invalid_from
=logfile       ejabberd_suite.invalid_from.1443.html
=started       2024-08-23 19:08:44
=ended         2024-08-23 19:08:45
=result        ok
=elapsed       0.102183
=case          ejabberd_SUITE:ping
=logfile       ejabberd_suite.ping.1125.html
=started       2024-08-23 19:08:44
=ended         2024-08-23 19:08:45
=result        ok
=elapsed       0.165795
=case          ejabberd_SUITE:version
=logfile       ejabberd_suite.version.1157.html
=started       2024-08-23 19:08:44
=ended         2024-08-23 19:08:45
=result        ok
=elapsed       0.167274
=case          ejabberd_SUITE:time
=logfile       ejabberd_suite.time.1316.html
=started       2024-08-23 19:08:44
=ended         2024-08-23 19:08:45
=result        ok
=elapsed       0.204662
=case          ejabberd_SUITE:stats
=logfile       ejabberd_suite.stats.1348.html
=started       2024-08-23 19:08:44
=ended         2024-08-23 19:08:45
=result        ok
=elapsed       0.254521
=case          ejabberd_SUITE:disco
=logfile       ejabberd_suite.disco.1380.html
=started       2024-08-23 19:08:44
=ended         2024-08-23 19:08:45
=result        ok
=elapsed       0.169155
=case          ejabberd_SUITE:end_per_group
=logfile       ejabberd_suite.end_per_group.1413.html
=group_props   [{name,anonymous},parallel]
=started       2024-08-23 19:08:45
=ended         2024-08-23 19:08:45
=result        ok
=elapsed       2.0e-6
=group_time    0.557s
=case          ejabberd_SUITE:init_per_group
=logfile       ejabberd_suite.init_per_group.1445.html
=group_props   [{name,presence_and_s2s},sequence]
=started       2024-08-23 19:08:45
=ended         2024-08-23 19:08:45
=result        ok
=elapsed       5.0e-6
=case          ejabberd_SUITE:test_auth_fail
=logfile       ejabberd_suite.test_auth_fail.2466.html
=started       2024-08-23 19:08:45
=ended         2024-08-23 19:08:45
=result        ok
=elapsed       0.001336
=case          ejabberd_SUITE:presence
=logfile       ejabberd_suite.presence.html
=started       2024-08-23 19:08:45
=ended         2024-08-23 19:08:45
=result        ok
=elapsed       0.102098
=case          ejabberd_SUITE:s2s_dialback
=logfile       ejabberd_suite.s2s_dialback.html
=started       2024-08-23 19:08:45
=ended         2024-08-23 19:08:45
=result        ok
=elapsed       0.251885
=case          ejabberd_SUITE:s2s_optional
=logfile       ejabberd_suite.s2s_optional.html
=started       2024-08-23 19:08:45
=ended         2024-08-23 19:08:45
=result        failed: {{badmatch,
                         {iq,<<"3752560969821400949">>,error,<<>>,
                          {jid,<<>>,<<"mnesia.localhost">>,<<>>,<<>>,
                           <<"mnesia.localhost">>,<<>>},
                          {jid,<<"test_single!#$%^*()`~+-;_=[]{}|\\">>,
                           <<"localhost">>,
                           <<"resource!@#$%^&*()'\"`~<>+-/;:_=[]{}|\\">>,
                           <<"test_single!#$%^*()`~+-;_=[]{}|\\">>,
                           <<"localhost">>,
                           <<"resource!@#$%^&*()'\"`~<>+-/;:_=[]{}|\\">>},
                          [{ping},
                           {stanza_error,wait,undefined,
                            'remote-server-timeout',
                            [{text,<<"en">>,<<"Stream reset by peer">>}],
                            []}],
                          #{}}},
                        [{ejabberd_SUITE,s2s_ping,1,
                          [{file,
                            "/home/runner/work/ejabberd/ejabberd/test/ejabberd_SUITE.erl"},
                           {line,783}]},
                         {test_server,ts_tc,3,
                          [{file,"test_server.erl"},{line,1793}]},
                         {test_server,run_test_case_eval1,6,
                          [{file,"test_server.erl"},{line,1302}]},
                         {test_server,run_test_case_eval,9,
                          [{file,"test_server.erl"},{line,1234}]}]}, [{ejabberd_SUITE,
                                                                       s2s_ping,
                                                                       783},
                                                                      {test_server,
                                                                       ts_tc,
                                                                       1793},
                                                                      {test_server,
                                                                       run_test_case_eval1,
                                                                       1302},
                                                                      {test_server,
                                                                       run_test_case_eval,
                                                                       1234}]
=== *** FAILED test case 34 of 1598 ***
=== 
=case          ejabberd_SUITE:s2s_required
=group_props   [{name,"presence_and_s2s"}]
=started       2024-08-23 19:08:45
=result        auto_skipped: {failed,{ejabberd_SUITE,s2s_optional}}
=== *** Skipping test case #35 {ejabberd_SUITE,s2s_required} ***
=case          ejabberd_SUITE:end_per_group
=logfile       ejabberd_suite.end_per_group.2594.html
=group_props   [{name,presence_and_s2s},sequence]
=started       2024-08-23 19:08:45
=ended         2024-08-23 19:08:45
=result        ok
=elapsed       3.0e-6
=group_time    0.548s
=case          ejabberd_SUITE:auth_external
=logfile       ejabberd_suite.auth_external.html
=started       2024-08-23 19:08:45
=ended         2024-08-23 19:08:45
=result        failed: {test_case_failed,starttls_failed}, [{ejabberd_SUITE,
                                                             auth_external,
                                                             807},
                                                            {test_server,
                                                             ts_tc,1793},
                                                            {test_server,
                                                             run_test_case_eval1,
                                                             1302},
                                                            {test_server,
                                                             run_test_case_eval,
                                                             1234}]
=== *** FAILED test case 36 of 1598 ***
=== 
=case          ejabberd_SUITE:auth_external_no_jid
=group_props   [{name,"no_db"}]
=started       2024-08-23 19:08:45
=result        auto_skipped: {failed,{ejabberd_SUITE,auth_external}}
=== *** Skipping test case #37 {ejabberd_SUITE,auth_external_no_jid} ***
=== 
=case          ejabberd_SUITE:auth_external_no_user
=group_props   [{name,"no_db"}]
=started       2024-08-23 19:08:45
=result        auto_skipped: {failed,{ejabberd_SUITE,auth_external}}
=== *** Skipping test case #38 {ejabberd_SUITE,auth_external_no_user} ***
=== 
=case          ejabberd_SUITE:auth_external_malformed_jid
=group_props   [{name,"no_db"}]
=started       2024-08-23 19:08:45
=result        auto_skipped: {failed,{ejabberd_SUITE,auth_external}}
=== *** Skipping test case #39 {ejabberd_SUITE,auth_external_malformed_jid} ***
=== 
=case          ejabberd_SUITE:auth_external_wrong_jid
=group_props   [{name,"no_db"}]
=started       2024-08-23 19:08:45
=result        auto_skipped: {failed,{ejabberd_SUITE,auth_external}}
=== *** Skipping test case #40 {ejabberd_SUITE,auth_external_wrong_jid} ***
=== 
=case          ejabberd_SUITE:auth_external_wrong_server
=group_props   [{name,"no_db"}]
=started       2024-08-23 19:08:45
=result        auto_skipped: {failed,{ejabberd_SUITE,auth_external}}
=== *** Skipping test case #41 {ejabberd_SUITE,auth_external_wrong_server} ***
=== 
=case          ejabberd_SUITE:auth_external_invalid_cert
=group_props   [{name,"no_db"}]
=started       2024-08-23 19:08:45
=result        auto_skipped: {failed,{ejabberd_SUITE,auth_external}}
=== *** Skipping test case #42 {ejabberd_SUITE,auth_external_invalid_cert} ***
=== 
=case          ejabberd_SUITE:commands_setup
=group_props   [{name,"commands_single"}]
=started       2024-08-23 19:08:45
=result        auto_skipped: {failed,{ejabberd_SUITE,auth_external}}
=== *** Skipping test case #43 {ejabberd_SUITE,commands_setup} ***
=== 
=case          ejabberd_SUITE:commands_ejabberdctl
=group_props   [{name,"commands_single"}]
=started       2024-08-23 19:08:45
=result        auto_skipped: {failed,{ejabberd_SUITE,auth_external}}
=== *** Skipping test case #44 {ejabberd_SUITE,commands_ejabberdctl} ***
=== 
=case          ejabberd_SUITE:commands_http_integer
=group_props   [{name,"commands_single"}]
=started       2024-08-23 19:08:45
=result        auto_skipped: {failed,{ejabberd_SUITE,auth_external}}
=== *** Skipping test case #45 {ejabberd_SUITE,commands_http_integer} ***
=== 
=case          ejabberd_SUITE:commands_http_string
=group_props   [{name,"commands_single"}]
=started       2024-08-23 19:08:45
=result        auto_skipped: {failed,{ejabberd_SUITE,auth_external}}
=== *** Skipping test case #46 {ejabberd_SUITE,commands_http_string} ***
=== 
=case          ejabberd_SUITE:commands_http_binary
=group_props   [{name,"commands_single"}]
=started       2024-08-23 19:08:45
=result        auto_skipped: {failed,{ejabberd_SUITE,auth_external}}
=== *** Skipping test case #47 {ejabberd_SUITE,commands_http_binary} ***
=== 
=case          ejabberd_SUITE:commands_http_atom
=group_props   [{name,"commands_single"}]
=started       2024-08-23 19:08:45
=result        auto_skipped: {failed,{ejabberd_SUITE,auth_external}}
=== *** Skipping test case #48 {ejabberd_SUITE,commands_http_atom} ***
=== 
=case          ejabberd_SUITE:commands_http_rescode
=group_props   [{name,"commands_single"}]
=started       2024-08-23 19:08:45
=result        auto_skipped: {failed,{ejabberd_SUITE,auth_external}}
=== *** Skipping test case #49 {ejabberd_SUITE,commands_http_rescode} ***
=== 
=case          ejabberd_SUITE:commands_http_restuple
=group_props   [{name,"commands_single"}]
=started       2024-08-23 19:08:45
=result        auto_skipped: {failed,{ejabberd_SUITE,auth_external}}
=== *** Skipping test case #50 {ejabberd_SUITE,commands_http_restuple} ***
=== 
=case          ejabberd_SUITE:commands_http_list
=group_props   [{name,"commands_single"}]
=started       2024-08-23 19:08:45
=result        auto_skipped: {failed,{ejabberd_SUITE,auth_external}}
=== *** Skipping test case #51 {ejabberd_SUITE,commands_http_list} ***
=== 
=case          ejabberd_SUITE:commands_http_tuple
=group_props   [{name,"commands_single"}]
=started       2024-08-23 19:08:45
=result        auto_skipped: {failed,{ejabberd_SUITE,auth_external}}
=== *** Skipping test case #52 {ejabberd_SUITE,commands_http_tuple} ***
=== 
=case          ejabberd_SUITE:commands_http_list_tuple
=group_props   [{name,"commands_single"}]
=started       2024-08-23 19:08:45
=result        auto_skipped: {failed,{ejabberd_SUITE,auth_external}}
=== *** Skipping test case #53 {ejabberd_SUITE,commands_http_list_tuple} ***
=== 
=case          ejabberd_SUITE:commands_http_list_tuple_map
=group_props   [{name,"commands_single"}]
=started       2024-08-23 19:08:45
=result        auto_skipped: {failed,{ejabberd_SUITE,auth_external}}
=== *** Skipping test case #54 {ejabberd_SUITE,commands_http_list_tuple_map} ***
=== 
=case          ejabberd_SUITE:jidprep_feature_enabled
=group_props   [{name,"jidprep_single"}]
=started       2024-08-23 19:08:45
=result        auto_skipped: {failed,{ejabberd_SUITE,auth_external}}
=== *** Skipping test case #55 {ejabberd_SUITE,jidprep_feature_enabled} ***
=== 
=case          ejabberd_SUITE:jidprep_normalize_jid
=group_props   [{name,"jidprep_single"}]
=started       2024-08-23 19:08:45
=result        auto_skipped: {failed,{ejabberd_SUITE,auth_external}}
=== *** Skipping test case #56 {ejabberd_SUITE,jidprep_normalize_jid} ***
=== 
=case          ejabberd_SUITE:sm_feature_enabled
=group_props   [{name,"sm_single"}]
=started       2024-08-23 19:08:45
=result        auto_skipped: {failed,{ejabberd_SUITE,auth_external}}
=== *** Skipping test case #57 {ejabberd_SUITE,sm_feature_enabled} ***
=== 
=case          ejabberd_SUITE:sm_enable
=group_props   [{name,"sm_single"}]
=started       2024-08-23 19:08:45
=result        auto_skipped: {failed,{ejabberd_SUITE,auth_external}}
=== *** Skipping test case #58 {ejabberd_SUITE,sm_enable} ***
=== 
=case          ejabberd_SUITE:sm_resume
=group_props   [{name,"sm_single"}]
=started       2024-08-23 19:08:45
=result        auto_skipped: {failed,{ejabberd_SUITE,auth_external}}
=== *** Skipping test case #59 {ejabberd_SUITE,sm_resume} ***
=== 
=case          ejabberd_SUITE:sm_resume_failed
=group_props   [{name,"sm_single"}]
=started       2024-08-23 19:08:45
=result        auto_skipped: {failed,{ejabberd_SUITE,auth_external}}
=== *** Skipping test case #60 {ejabberd_SUITE,sm_resume_failed} ***
=== 
=case          ejabberd_SUITE:sm_queue_limit_master
=group_props   [{name,"sm_queue_limit"}]
=started       2024-08-23 19:08:45
=result        auto_skipped: {failed,{ejabberd_SUITE,auth_external}}
=== *** Skipping test case #61 {ejabberd_SUITE,sm_queue_limit_master} ***
=== 
=case          ejabberd_SUITE:sm_queue_limit_slave
=group_props   [{name,"sm_queue_limit"}]
=started       2024-08-23 19:08:45
=result        auto_skipped: {failed,{ejabberd_SUITE,auth_external}}
=== *** Skipping test case #62 {ejabberd_SUITE,sm_queue_limit_slave} ***
=== 
=case          ejabberd_SUITE:sm_queue_limit_detached_master
=group_props   [{name,"sm_queue_limit_detached"}]
=started       2024-08-23 19:08:45
=result        auto_skipped: {failed,{ejabberd_SUITE,auth_external}}
=== *** Skipping test case #63 {ejabberd_SUITE,sm_queue_limit_detached_master} ***
=== 
=case          ejabberd_SUITE:sm_queue_limit_detached_slave
=group_props   [{name,"sm_queue_limit_detached"}]
=started       2024-08-23 19:08:45
=result        auto_skipped: {failed,{ejabberd_SUITE,auth_external}}
=== *** Skipping test case #64 {ejabberd_SUITE,sm_queue_limit_detached_slave} ***
=== 
=case          ejabberd_SUITE:muc_service_presence_error
=group_props   [{name,"muc_single"}]
=started       2024-08-23 19:08:45
=result        auto_skipped: {failed,{ejabberd_SUITE,auth_external}}
=== *** Skipping test case #65 {ejabberd_SUITE,muc_service_presence_error} ***
=== 
=case          ejabberd_SUITE:muc_service_message_error
=group_props   [{name,"muc_single"}]
=started       2024-08-23 19:08:45
=result        auto_skipped: {failed,{ejabberd_SUITE,auth_external}}
=== *** Skipping test case #66 {ejabberd_SUITE,muc_service_message_error} ***
=== 
=case          ejabberd_SUITE:muc_service_unknown_ns_iq_error
=group_props   [{name,"muc_single"}]
=started       2024-08-23 19:08:45
=result        auto_skipped: {failed,{ejabberd_SUITE,auth_external}}
=== *** Skipping test case #67 {ejabberd_SUITE,muc_service_unknown_ns_iq_error} ***
=== 
=case          ejabberd_SUITE:muc_service_iq_set_error
=group_props   [{name,"muc_single"}]
=started       2024-08-23 19:08:45
=result        auto_skipped: {failed,{ejabberd_SUITE,auth_external}}
=== *** Skipping test case #68 {ejabberd_SUITE,muc_service_iq_set_error} ***
=== 
=case          ejabberd_SUITE:muc_service_improper_iq_error
=group_props   [{name,"muc_single"}]
=started       2024-08-23 19:08:45
=result        auto_skipped: {failed,{ejabberd_SUITE,auth_external}}
=== *** Skipping test case #69 {ejabberd_SUITE,muc_service_improper_iq_error} ***
=== 
=case          ejabberd_SUITE:muc_service_features
=group_props   [{name,"muc_single"}]
=started       2024-08-23 19:08:45
=result        auto_skipped: {failed,{ejabberd_SUITE,auth_external}}
=== *** Skipping test case #70 {ejabberd_SUITE,muc_service_features} ***
=== 
=case          ejabberd_SUITE:muc_service_disco_info_node_error
=group_props   [{name,"muc_single"}]
=started       2024-08-23 19:08:45
=result        auto_skipped: {failed,{ejabberd_SUITE,auth_external}}
=== *** Skipping test case #71 {ejabberd_SUITE,muc_service_disco_info_node_error} ***
=== 
=case          ejabberd_SUITE:muc_service_disco_items
=group_props   [{name,"muc_single"}]
=started       2024-08-23 19:08:45
=result        auto_skipped: {failed,{ejabberd_SUITE,auth_external}}
=== *** Skipping test case #72 {ejabberd_SUITE,muc_service_disco_items} ***
=== 
=case          ejabberd_SUITE:muc_service_unique
=group_props   [{name,"muc_single"}]
=started       2024-08-23 19:08:45
=result        auto_skipped: {failed,{ejabberd_SUITE,auth_external}}
=== *** Skipping test case #73 {ejabberd_SUITE,muc_service_unique} ***
=== 
=case          ejabberd_SUITE:muc_service_vcard
=group_props   [{name,"muc_single"}]
=started       2024-08-23 19:08:45
=result        auto_skipped: {failed,{ejabberd_SUITE,auth_external}}
=== *** Skipping test case #74 {ejabberd_SUITE,muc_service_vcard} ***
=== 
=case          ejabberd_SUITE:muc_configure_non_existent
=group_props   [{name,"muc_single"}]
=started       2024-08-23 19:08:45
=result        auto_skipped: {failed,{ejabberd_SUITE,auth_external}}
=== *** Skipping test case #75 {ejabberd_SUITE,muc_configure_non_existent} ***
=== 
=case          ejabberd_SUITE:muc_cancel_configure_non_existent
=group_props   [{name,"muc_single"}]
=started       2024-08-23 19:08:45
=result        auto_skipped: {failed,{ejabberd_SUITE,auth_external}}
=== *** Skipping test case #76 {ejabberd_SUITE,muc_cancel_configure_non_existent} ***
=== 
=case          ejabberd_SUITE:muc_service_subscriptions
=group_props   [{name,"muc_single"}]
=started       2024-08-23 19:08:45
=result        auto_skipped: {failed,{ejabberd_SUITE,auth_external}}
=== *** Skipping test case #77 {ejabberd_SUITE,muc_service_subscriptions} ***
=== 
=case          ejabberd_SUITE:muc_set_room_affiliation
=group_props   [{name,"muc_single"}]
=started       2024-08-23 19:08:45
=result        auto_skipped: {failed,{ejabberd_SUITE,auth_external}}
=== *** Skipping test case #78 {ejabberd_SUITE,muc_set_room_affiliation} ***
=== 
=case          ejabberd_SUITE:muc_register_master
=group_props   [{name,"muc_register"}]
=started       2024-08-23 19:08:45
=result        auto_skipped: {failed,{ejabberd_SUITE,auth_external}}
=== *** Skipping test case #79 {ejabberd_SUITE,muc_register_master} ***
=== 
=case          ejabberd_SUITE:muc_register_slave
=group_props   [{name,"muc_register"}]
=started       2024-08-23 19:08:45
=result        auto_skipped: {failed,{ejabberd_SUITE,auth_external}}
=== *** Skipping test case #80 {ejabberd_SUITE,muc_register_slave} ***
=== 
=case          ejabberd_SUITE:muc_groupchat_msg_master
=group_props   [{name,"muc_groupchat_msg"}]
=started       2024-08-23 19:08:45
=result        auto_skipped: {failed,{ejabberd_SUITE,auth_external}}
=== *** Skipping test case #81 {ejabberd_SUITE,muc_groupchat_msg_master} ***
=== 
=case          ejabberd_SUITE:muc_groupchat_msg_slave
=group_props   [{name,"muc_groupchat_msg"}]
=started       2024-08-23 19:08:45
=result        auto_skipped: {failed,{ejabberd_SUITE,auth_external}}
=== *** Skipping test case #82 {ejabberd_SUITE,muc_groupchat_msg_slave} ***
=== 
=case          ejabberd_SUITE:muc_private_msg_master
=group_props   [{name,"muc_private_msg"}]
=started       2024-08-23 19:08:45
=result        auto_skipped: {failed,{ejabberd_SUITE,auth_external}}
=== *** Skipping test case #83 {ejabberd_SUITE,muc_private_msg_master} ***
=== 
=case          ejabberd_SUITE:muc_private_msg_slave
=group_props   [{name,"muc_private_msg"}]
=started       2024-08-23 19:08:45
=result        auto_skipped: {failed,{ejabberd_SUITE,auth_external}}
=== *** Skipping test case #84 {ejabberd_SUITE,muc_private_msg_slave} ***
=== 
=case          ejabberd_SUITE:muc_set_subject_master
=group_props   [{name,"muc_set_subject"}]
=started       2024-08-23 19:08:45
=result        auto_skipped: {failed,{ejabberd_SUITE,auth_external}}
=== *** Skipping test case #85 {ejabberd_SUITE,muc_set_subject_master} ***
=== 
=case          ejabberd_SUITE:muc_set_subject_slave
=group_props   [{name,"muc_set_subject"}]
=started       2024-08-23 19:08:45
=result        auto_skipped: {failed,{ejabberd_SUITE,auth_external}}
=== *** Skipping test case #86 {ejabberd_SUITE,muc_set_subject_slave} ***
=== 
=case          ejabberd_SUITE:muc_history_master
=group_props   [{name,"muc_history"}]
=started       2024-08-23 19:08:45
=result        auto_skipped: {failed,{ejabberd_SUITE,auth_external}}
=== *** Skipping test case #87 {ejabberd_SUITE,muc_history_master} ***
=== 
=case          ejabberd_SUITE:muc_history_slave
=group_props   [{name,"muc_history"}]
=started       2024-08-23 19:08:45
=result        auto_skipped: {failed,{ejabberd_SUITE,auth_external}}
=== *** Skipping test case #88 {ejabberd_SUITE,muc_history_slave} ***
=== 
=case          ejabberd_SUITE:muc_invite_master
=group_props   [{name,"muc_invite"}]
=started       2024-08-23 19:08:45
=result        auto_skipped: {failed,{ejabberd_SUITE,auth_external}}
=== *** Skipping test case #89 {ejabberd_SUITE,muc_invite_master} ***
=== 
=case          ejabberd_SUITE:muc_invite_slave
=group_props   [{name,"muc_invite"}]
=started       2024-08-23 19:08:45
=result        auto_skipped: {failed,{ejabberd_SUITE,auth_external}}
=== *** Skipping test case #90 {ejabberd_SUITE,muc_invite_slave} ***
=== 
=case          ejabberd_SUITE:muc_invite_members_only_master
=group_props   [{name,"muc_invite_members_only"}]
=started       2024-08-23 19:08:45
=result        auto_skipped: {failed,{ejabberd_SUITE,auth_external}}
=== *** Skipping test case #91 {ejabberd_SUITE,muc_invite_members_only_master} ***
=== 
=case          ejabberd_SUITE:muc_invite_members_only_slave
=group_props   [{name,"muc_invite_members_only"}]
=started       2024-08-23 19:08:45
=result        auto_skipped: {failed,{ejabberd_SUITE,auth_external}}
=== *** Skipping test case #92 {ejabberd_SUITE,muc_invite_members_only_slave} ***
=== 
=case          ejabberd_SUITE:muc_invite_password_protected_master
=group_props   [{name,"muc_invite_password_protected"}]
=started       2024-08-23 19:08:45
=result        auto_skipped: {failed,{ejabberd_SUITE,auth_external}}
=== *** Skipping test case #93 {ejabberd_SUITE,muc_invite_password_protected_master} ***
=== 
=case          ejabberd_SUITE:muc_invite_password_protected_slave
=group_props   [{name,"muc_invite_password_protected"}]
=started       2024-08-23 19:08:45
=result        auto_skipped: {failed,{ejabberd_SUITE,auth_external}}
=== *** Skipping test case #94 {ejabberd_SUITE,muc_invite_password_protected_slave} ***
=== 
=case          ejabberd_SUITE:muc_voice_request_master
=group_props   [{name,"muc_voice_request"}]
=started       2024-08-23 19:08:45
=result        auto_skipped: {failed,{ejabberd_SUITE,auth_external}}
=== *** Skipping test case #95 {ejabberd_SUITE,muc_voice_request_master} ***
=== 
=case          ejabberd_SUITE:muc_voice_request_slave
=group_props   [{name,"muc_voice_request"}]
=started       2024-08-23 19:08:45
=result        auto_skipped: {failed,{ejabberd_SUITE,auth_external}}
=== *** Skipping test case #96 {ejabberd_SUITE,muc_voice_request_slave} ***
=== 
=case          ejabberd_SUITE:muc_change_role_master
=group_props   [{name,"muc_change_role"}]
=started       2024-08-23 19:08:46
=result        auto_skipped: {failed,{ejabberd_SUITE,auth_external}}
=== *** Skipping test case #97 {ejabberd_SUITE,muc_change_role_master} ***
=== 
=case          ejabberd_SUITE:muc_change_role_slave
=group_props   [{name,"muc_change_role"}]
=started       2024-08-23 19:08:46
=result        auto_skipped: {failed,{ejabberd_SUITE,auth_external}}
=== *** Skipping test case #98 {ejabberd_SUITE,muc_change_role_slave} ***
=== 
=case          ejabberd_SUITE:muc_kick_master
=group_props   [{name,"muc_kick"}]
=started       2024-08-23 19:08:46
=result        auto_skipped: {failed,{ejabberd_SUITE,auth_external}}
=== *** Skipping test case #99 {ejabberd_SUITE,muc_kick_master} ***
=== 
=case          ejabberd_SUITE:muc_kick_slave
=group_props   [{name,"muc_kick"}]
=started       2024-08-23 19:08:46
=result        auto_skipped: {failed,{ejabberd_SUITE,auth_external}}
=== *** Skipping test case #100 {ejabberd_SUITE,muc_kick_slave} ***
=== 
=case          ejabberd_SUITE:muc_change_affiliation_master
=group_props   [{name,"muc_change_affiliation"}]
=started       2024-08-23 19:08:46
=result        auto_skipped: {failed,{ejabberd_SUITE,auth_external}}
=== *** Skipping test case #101 {ejabberd_SUITE,muc_change_affiliation_master} ***
=== 
=case          ejabberd_SUITE:muc_change_affiliation_slave
=group_props   [{name,"muc_change_affiliation"}]
=started       2024-08-23 19:08:46
=result        auto_skipped: {failed,{ejabberd_SUITE,auth_external}}
=== *** Skipping test case #102 {ejabberd_SUITE,muc_change_affiliation_slave} ***
=== 
=case          ejabberd_SUITE:muc_destroy_master
=group_props   [{name,"muc_destroy"}]
=started       2024-08-23 19:08:46
=result        auto_skipped: {failed,{ejabberd_SUITE,auth_external}}
=== *** Skipping test case #103 {ejabberd_SUITE,muc_destroy_master} ***
=== 
=case          ejabberd_SUITE:muc_destroy_slave
=group_props   [{name,"muc_destroy"}]
=started       2024-08-23 19:08:46
=result        auto_skipped: {failed,{ejabberd_SUITE,auth_external}}
=== *** Skipping test case #104 {ejabberd_SUITE,muc_destroy_slave} ***
=== 
=case          ejabberd_SUITE:muc_vcard_master
=group_props   [{name,"muc_vcard"}]
=started       2024-08-23 19:08:46
=result        auto_skipped: {failed,{ejabberd_SUITE,auth_external}}
=== *** Skipping test case #105 {ejabberd_SUITE,muc_vcard_master} ***
=== 
=case          ejabberd_SUITE:muc_vcard_slave
=group_props   [{name,"muc_vcard"}]
=started       2024-08-23 19:08:46
=result        auto_skipped: {failed,{ejabberd_SUITE,auth_external}}
=== *** Skipping test case #106 {ejabberd_SUITE,muc_vcard_slave} ***
=== 
=case          ejabberd_SUITE:muc_nick_change_master
=group_props   [{name,"muc_nick_change"}]
=started       2024-08-23 19:08:46
=result        auto_skipped: {failed,{ejabberd_SUITE,auth_external}}
=== *** Skipping test case #107 {ejabberd_SUITE,muc_nick_change_master} ***
=== 
=case          ejabberd_SUITE:muc_nick_change_slave
=group_props   [{name,"muc_nick_change"}]
=started       2024-08-23 19:08:46
=result        auto_skipped: {failed,{ejabberd_SUITE,auth_external}}
=== *** Skipping test case #108 {ejabberd_SUITE,muc_nick_change_slave} ***
=== 
=case          ejabberd_SUITE:muc_config_title_desc_master
=group_props   [{name,"muc_config_title_desc"}]
=started       2024-08-23 19:08:46
=result        auto_skipped: {failed,{ejabberd_SUITE,auth_external}}
=== *** Skipping test case #109 {ejabberd_SUITE,muc_config_title_desc_master} ***
=== 
=case          ejabberd_SUITE:muc_config_title_desc_slave
=group_props   [{name,"muc_config_title_desc"}]
=started       2024-08-23 19:08:46
=result        auto_skipped: {failed,{ejabberd_SUITE,auth_external}}
=== *** Skipping test case #110 {ejabberd_SUITE,muc_config_title_desc_slave} ***
=== 
=case          ejabberd_SUITE:muc_config_public_list_master
=group_props   [{name,"muc_config_public_list"}]
=started       2024-08-23 19:08:46
=result        auto_skipped: {failed,{ejabberd_SUITE,auth_external}}
=== *** Skipping test case #111 {ejabberd_SUITE,muc_config_public_list_master} ***
=== 
=case          ejabberd_SUITE:muc_config_public_list_slave
=group_props   [{name,"muc_config_public_list"}]
=started       2024-08-23 19:08:46
=result        auto_skipped: {failed,{ejabberd_SUITE,auth_external}}
=== *** Skipping test case #112 {ejabberd_SUITE,muc_config_public_list_slave} ***
=== 
=case          ejabberd_SUITE:muc_config_password_master
=group_props   [{name,"muc_config_password"}]
=started       2024-08-23 19:08:46
=result        auto_skipped: {failed,{ejabberd_SUITE,auth_external}}
=== *** Skipping test case #113 {ejabberd_SUITE,muc_config_password_master} ***
=== 
=case          ejabberd_SUITE:muc_config_password_slave
=group_props   [{name,"muc_config_password"}]
=started       2024-08-23 19:08:46
=result        auto_skipped: {failed,{ejabberd_SUITE,auth_external}}
=== *** Skipping test case #114 {ejabberd_SUITE,muc_config_password_slave} ***
=== 
=case          ejabberd_SUITE:muc_config_whois_master
=group_props   [{name,"muc_config_whois"}]
=started       2024-08-23 19:08:46
=result        auto_skipped: {failed,{ejabberd_SUITE,auth_external}}
=== *** Skipping test case #115 {ejabberd_SUITE,muc_config_whois_master} ***
=== 
=case          ejabberd_SUITE:muc_config_whois_slave
=group_props   [{name,"muc_config_whois"}]
=started       2024-08-23 19:08:46
=result        auto_skipped: {failed,{ejabberd_SUITE,auth_external}}
=== *** Skipping test case #116 {ejabberd_SUITE,muc_config_whois_slave} ***
=== 
=case          ejabberd_SUITE:muc_config_members_only_master
=group_props   [{name,"muc_config_members_only"}]
=started       2024-08-23 19:08:46
=result        auto_skipped: {failed,{ejabberd_SUITE,auth_external}}
=== *** Skipping test case #117 {ejabberd_SUITE,muc_config_members_only_master} ***
=== 
=case          ejabberd_SUITE:muc_config_members_only_slave
=group_props   [{name,"muc_config_members_only"}]
=started       2024-08-23 19:08:46
=result        auto_skipped: {failed,{ejabberd_SUITE,auth_external}}
=== *** Skipping test case #118 {ejabberd_SUITE,muc_config_members_only_slave} ***
=== 
=case          ejabberd_SUITE:muc_config_moderated_master
=group_props   [{name,"muc_config_moderated"}]
=started       2024-08-23 19:08:46
=result        auto_skipped: {failed,{ejabberd_SUITE,auth_external}}
=== *** Skipping test case #119 {ejabberd_SUITE,muc_config_moderated_master} ***
=== 
=case          ejabberd_SUITE:muc_config_moderated_slave
=group_props   [{name,"muc_config_moderated"}]
=started       2024-08-23 19:08:46
=result        auto_skipped: {failed,{ejabberd_SUITE,auth_external}}
=== *** Skipping test case #120 {ejabberd_SUITE,muc_config_moderated_slave} ***
=== 
=case          ejabberd_SUITE:muc_config_private_messages_master
=group_props   [{name,"muc_config_private_messages"}]
=started       2024-08-23 19:08:46
=result        auto_skipped: {failed,{ejabberd_SUITE,auth_external}}
=== *** Skipping test case #121 {ejabberd_SUITE,muc_config_private_messages_master} ***
=== 
=case          ejabberd_SUITE:muc_config_private_messages_slave
=group_props   [{name,"muc_config_private_messages"}]
=started       2024-08-23 19:08:46
=result        auto_skipped: {failed,{ejabberd_SUITE,auth_external}}
=== *** Skipping test case #122 {ejabberd_SUITE,muc_config_private_messages_slave} ***
=== 
=case          ejabberd_SUITE:muc_config_query_master
=group_props   [{name,"muc_config_query"}]
=started       2024-08-23 19:08:46
=result        auto_skipped: {failed,{ejabberd_SUITE,auth_external}}
=== *** Skipping test case #123 {ejabberd_SUITE,muc_config_query_master} ***
=== 
=case          ejabberd_SUITE:muc_config_query_slave
=group_props   [{name,"muc_config_query"}]
=started       2024-08-23 19:08:46
=result        auto_skipped: {failed,{ejabberd_SUITE,auth_external}}
=== *** Skipping test case #124 {ejabberd_SUITE,muc_config_query_slave} ***
=== 
=case          ejabberd_SUITE:muc_config_allow_invites_master
=group_props   [{name,"muc_config_allow_invites"}]
=started       2024-08-23 19:08:46
=result        auto_skipped: {failed,{ejabberd_SUITE,auth_external}}
=== *** Skipping test case #125 {ejabberd_SUITE,muc_config_allow_invites_master} ***
=== 
=case          ejabberd_SUITE:muc_config_allow_invites_slave
=group_props   [{name,"muc_config_allow_invites"}]
=started       2024-08-23 19:08:46
=result        auto_skipped: {failed,{ejabberd_SUITE,auth_external}}
=== *** Skipping test case #126 {ejabberd_SUITE,muc_config_allow_invites_slave} ***
=== 
=case          ejabberd_SUITE:muc_config_visitor_status_master
=group_props   [{name,"muc_config_visitor_status"}]
=started       2024-08-23 19:08:46
=result        auto_skipped: {failed,{ejabberd_SUITE,auth_external}}
=== *** Skipping test case #127 {ejabberd_SUITE,muc_config_visitor_status_master} ***
=== 
=case          ejabberd_SUITE:muc_config_visitor_status_slave
=group_props   [{name,"muc_config_visitor_status"}]
=started       2024-08-23 19:08:46
=result        auto_skipped: {failed,{ejabberd_SUITE,auth_external}}
=== *** Skipping test case #128 {ejabberd_SUITE,muc_config_visitor_status_slave} ***
=== 
=case          ejabberd_SUITE:muc_config_allow_voice_requests_master
=group_props   [{name,"muc_config_allow_voice_requests"}]
=started       2024-08-23 19:08:46
=result        auto_skipped: {failed,{ejabberd_SUITE,auth_external}}
=== *** Skipping test case #129 {ejabberd_SUITE,muc_config_allow_voice_requests_master} ***
=== 
=case          ejabberd_SUITE:muc_config_allow_voice_requests_slave
=group_props   [{name,"muc_config_allow_voice_requests"}]
=started       2024-08-23 19:08:46
=result        auto_skipped: {failed,{ejabberd_SUITE,auth_external}}
=== *** Skipping test case #130 {ejabberd_SUITE,muc_config_allow_voice_requests_slave} ***
=== 
=case          ejabberd_SUITE:muc_config_voice_request_interval_master
=group_props   [{name,"muc_config_voice_request_interval"}]
=started       2024-08-23 19:08:46
=result        auto_skipped: {failed,{ejabberd_SUITE,auth_external}}
=== *** Skipping test case #131 {ejabberd_SUITE,muc_config_voice_request_interval_master} ***
=== 
=case          ejabberd_SUITE:muc_config_voice_request_interval_slave
=group_props   [{name,"muc_config_voice_request_interval"}]
=started       2024-08-23 19:08:46
=result        auto_skipped: {failed,{ejabberd_SUITE,auth_external}}
=== *** Skipping test case #132 {ejabberd_SUITE,muc_config_voice_request_interval_slave} ***
=== 
=case          ejabberd_SUITE:muc_config_visitor_nickchange_master
=group_props   [{name,"muc_config_visitor_nickchange"}]
=started       2024-08-23 19:08:46
=result        auto_skipped: {failed,{ejabberd_SUITE,auth_external}}
=== *** Skipping test case #133 {ejabberd_SUITE,muc_config_visitor_nickchange_master} ***
=== 
=case          ejabberd_SUITE:muc_config_visitor_nickchange_slave
=group_props   [{name,"muc_config_visitor_nickchange"}]
=started       2024-08-23 19:08:46
=result        auto_skipped: {failed,{ejabberd_SUITE,auth_external}}
=== *** Skipping test case #134 {ejabberd_SUITE,muc_config_visitor_nickchange_slave} ***
=== 
=case          ejabberd_SUITE:muc_join_conflict_master
=group_props   [{name,"muc_join_conflict"}]
=started       2024-08-23 19:08:46
=result        auto_skipped: {failed,{ejabberd_SUITE,auth_external}}
=== *** Skipping test case #135 {ejabberd_SUITE,muc_join_conflict_master} ***
=== 
=case          ejabberd_SUITE:muc_join_conflict_slave
=group_props   [{name,"muc_join_conflict"}]
=started       2024-08-23 19:08:46
=result        auto_skipped: {failed,{ejabberd_SUITE,auth_external}}
=== *** Skipping test case #136 {ejabberd_SUITE,muc_join_conflict_slave} ***
=== 
=case          ejabberd_SUITE:proxy65_feature_enabled
=group_props   [{name,"proxy65_single"}]
=started       2024-08-23 19:08:46
=result        auto_skipped: {failed,{ejabberd_SUITE,auth_external}}
=== *** Skipping test case #137 {ejabberd_SUITE,proxy65_feature_enabled} ***
=== 
=case          ejabberd_SUITE:proxy65_service_vcard
=group_props   [{name,"proxy65_single"}]
=started       2024-08-23 19:08:46
=result        auto_skipped: {failed,{ejabberd_SUITE,auth_external}}
=== *** Skipping test case #138 {ejabberd_SUITE,proxy65_service_vcard} ***
=== 
=case          ejabberd_SUITE:proxy65_all_master
=group_props   [{name,"proxy65_all"}]
=started       2024-08-23 19:08:46
=result        auto_skipped: {failed,{ejabberd_SUITE,auth_external}}
=== *** Skipping test case #139 {ejabberd_SUITE,proxy65_all_master} ***
=== 
=case          ejabberd_SUITE:proxy65_all_slave
=group_props   [{name,"proxy65_all"}]
=started       2024-08-23 19:08:46
=result        auto_skipped: {failed,{ejabberd_SUITE,auth_external}}
=== *** Skipping test case #140 {ejabberd_SUITE,proxy65_all_slave} ***
=== 
=case          ejabberd_SUITE:stundisco_feature_enabled
=group_props   [{name,"stundisco_single"}]
=started       2024-08-23 19:08:46
=result        auto_skipped: {failed,{ejabberd_SUITE,auth_external}}
=== *** Skipping test case #141 {ejabberd_SUITE,stundisco_feature_enabled} ***
=== 
=case          ejabberd_SUITE:stundisco_stun_service
=group_props   [{name,"stundisco_single"}]
=started       2024-08-23 19:08:46
=result        auto_skipped: {failed,{ejabberd_SUITE,auth_external}}
=== *** Skipping test case #142 {ejabberd_SUITE,stundisco_stun_service} ***
=== 
=case          ejabberd_SUITE:stundisco_turn_service
=group_props   [{name,"stundisco_single"}]
=started       2024-08-23 19:08:46
=result        auto_skipped: {failed,{ejabberd_SUITE,auth_external}}
=== *** Skipping test case #143 {ejabberd_SUITE,stundisco_turn_service} ***
=== 
=case          ejabberd_SUITE:stundisco_turns_service
=group_props   [{name,"stundisco_single"}]
=started       2024-08-23 19:08:46
=result        auto_skipped: {failed,{ejabberd_SUITE,auth_external}}
=== *** Skipping test case #144 {ejabberd_SUITE,stundisco_turns_service} ***
=== 
=case          ejabberd_SUITE:stundisco_turn_credentials
=group_props   [{name,"stundisco_single"}]
=started       2024-08-23 19:08:46
=result        auto_skipped: {failed,{ejabberd_SUITE,auth_external}}
=== *** Skipping test case #145 {ejabberd_SUITE,stundisco_turn_credentials} ***
=== 
=case          ejabberd_SUITE:stundisco_turns_credentials
=group_props   [{name,"stundisco_single"}]
=started       2024-08-23 19:08:46
=result        auto_skipped: {failed,{ejabberd_SUITE,auth_external}}
=== *** Skipping test case #146 {ejabberd_SUITE,stundisco_turns_credentials} ***
=== 
=case          ejabberd_SUITE:replaced_conflict_master
=group_props   [{name,"replaced_conflict"}]
=started       2024-08-23 19:08:46
=result        auto_skipped: {failed,{ejabberd_SUITE,auth_external}}
=== *** Skipping test case #147 {ejabberd_SUITE,replaced_conflict_master} ***
=== 
=case          ejabberd_SUITE:replaced_conflict_slave
=group_props   [{name,"replaced_conflict"}]
=started       2024-08-23 19:08:46
=result        auto_skipped: {failed,{ejabberd_SUITE,auth_external}}
=== *** Skipping test case #148 {ejabberd_SUITE,replaced_conflict_slave} ***
=== 
=case          ejabberd_SUITE:upload_feature_enabled
=group_props   [{name,"upload_single"}]
=started       2024-08-23 19:08:46
=result        auto_skipped: {failed,{ejabberd_SUITE,auth_external}}
=== *** Skipping test case #149 {ejabberd_SUITE,upload_feature_enabled} ***
=== 
=case          ejabberd_SUITE:upload_service_vcard
=group_props   [{name,"upload_single"}]
=started       2024-08-23 19:08:46
=result        auto_skipped: {failed,{ejabberd_SUITE,auth_external}}
=== *** Skipping test case #150 {ejabberd_SUITE,upload_service_vcard} ***
=== 
=case          ejabberd_SUITE:upload_get_max_size
=group_props   [{name,"upload_single"}]
=started       2024-08-23 19:08:46
=result        auto_skipped: {failed,{ejabberd_SUITE,auth_external}}
=== *** Skipping test case #151 {ejabberd_SUITE,upload_get_max_size} ***
=== 
=case          ejabberd_SUITE:upload_slot_request
=group_props   [{name,"upload_single"}]
=started       2024-08-23 19:08:46
=result        auto_skipped: {failed,{ejabberd_SUITE,auth_external}}
=== *** Skipping test case #152 {ejabberd_SUITE,upload_slot_request} ***
=== 
=case          ejabberd_SUITE:upload_put_get_request
=group_props   [{name,"upload_single"}]
=started       2024-08-23 19:08:46
=result        auto_skipped: {failed,{ejabberd_SUITE,auth_external}}
=== *** Skipping test case #153 {ejabberd_SUITE,upload_put_get_request} ***
=== 
=case          ejabberd_SUITE:upload_max_size_exceed
=group_props   [{name,"upload_single"}]
=started       2024-08-23 19:08:46
=result        auto_skipped: {failed,{ejabberd_SUITE,auth_external}}
=== *** Skipping test case #154 {ejabberd_SUITE,upload_max_size_exceed} ***
=== 
=case          ejabberd_SUITE:carbons_feature_enabled
=group_props   [{name,"carbons_single"}]
=started       2024-08-23 19:08:46
=result        auto_skipped: {failed,{ejabberd_SUITE,auth_external}}
=== *** Skipping test case #155 {ejabberd_SUITE,carbons_feature_enabled} ***
=== 
=case          ejabberd_SUITE:carbons_unsupported_iq
=group_props   [{name,"carbons_single"}]
=started       2024-08-23 19:08:46
=result        auto_skipped: {failed,{ejabberd_SUITE,auth_external}}
=== *** Skipping test case #156 {ejabberd_SUITE,carbons_unsupported_iq} ***
=== 
=case          ejabberd_SUITE:carbons_send_recv_master
=group_props   [{name,"carbons_send_recv"}]
=started       2024-08-23 19:08:46
=result        auto_skipped: {failed,{ejabberd_SUITE,auth_external}}
=== *** Skipping test case #157 {ejabberd_SUITE,carbons_send_recv_master} ***
=== 
=case          ejabberd_SUITE:carbons_send_recv_slave
=group_props   [{name,"carbons_send_recv"}]
=started       2024-08-23 19:08:46
=result        auto_skipped: {failed,{ejabberd_SUITE,auth_external}}
=== *** Skipping test case #158 {ejabberd_SUITE,carbons_send_recv_slave} ***
=== 
=case          ejabberd_SUITE:carbons_enable_disable_master
=group_props   [{name,"carbons_enable_disable"}]
=started       2024-08-23 19:08:46
=result        auto_skipped: {failed,{ejabberd_SUITE,auth_external}}
=== *** Skipping test case #159 {ejabberd_SUITE,carbons_enable_disable_master} ***
=== 
=case          ejabberd_SUITE:carbons_enable_disable_slave
=group_props   [{name,"carbons_enable_disable"}]
=started       2024-08-23 19:08:46
=result        auto_skipped: {failed,{ejabberd_SUITE,auth_external}}
=== *** Skipping test case #160 {ejabberd_SUITE,carbons_enable_disable_slave} ***
=case          ejabberd_SUITE:end_per_group
=logfile       ejabberd_suite.end_per_group.2658.html
=group_props   [{name,no_db},sequence]
=started       2024-08-23 19:08:46
=ended         2024-08-23 19:08:46
=result        ok
=elapsed       0.0
=group_time    1.404s
=case          ejabberd_SUITE:init_per_group
=logfile       ejabberd_suite.init_per_group.2690.html
=group_props   [{name,mnesia},sequence]
=started       2024-08-23 19:08:46
=ended         2024-08-23 19:08:46
=result        ok
=elapsed       3.3e-5
=case          ejabberd_SUITE:init_per_group
=logfile       ejabberd_suite.init_per_group.2339.html
=group_props   [{name,single_user},sequence]
=started       2024-08-23 19:08:46
=ended         2024-08-23 19:08:46
=result        ok
=elapsed       4.0e-6
=case          ejabberd_SUITE:test_register
=logfile       ejabberd_suite.test_register.html
=started       2024-08-23 19:08:46
=ended         2024-08-23 19:08:46
=result        ok
=elapsed       0.104422
=case          ejabberd_SUITE:init_per_group
=logfile       ejabberd_suite.init_per_group.2403.html
=group_props   [{name,legacy_auth},parallel]
=started       2024-08-23 19:08:46
=ended         2024-08-23 19:08:46
=result        ok
=elapsed       4.0e-6
=case          ejabberd_SUITE:test_legacy_auth_feature
=logfile       ejabberd_suite.test_legacy_auth_feature.2786.html
=started       2024-08-23 19:08:46
=ended         2024-08-23 19:08:46
=result        ok
=elapsed       0.002649
=case          ejabberd_SUITE:test_legacy_auth
=logfile       ejabberd_suite.test_legacy_auth.2754.html
=started       2024-08-23 19:08:46
=ended         2024-08-23 19:08:46
=result        ok
=elapsed       0.104749
=case          ejabberd_SUITE:test_legacy_auth_digest
=logfile       ejabberd_suite.test_legacy_auth_digest.2818.html
=started       2024-08-23 19:08:46
=ended         2024-08-23 19:08:46
=result        ok
=elapsed       0.116243
=case          ejabberd_SUITE:test_legacy_auth_no_resource
=logfile       ejabberd_suite.test_legacy_auth_no_resource.2850.html
=started       2024-08-23 19:08:46
=ended         2024-08-23 19:08:46
=result        ok
=elapsed       0.002968
=case          ejabberd_SUITE:test_legacy_auth_bad_jid
=logfile       ejabberd_suite.test_legacy_auth_bad_jid.2882.html
=started       2024-08-23 19:08:46
=ended         2024-08-23 19:08:46
=result        ok
=elapsed       0.002621
=case          ejabberd_SUITE:test_legacy_auth_fail
=logfile       ejabberd_suite.test_legacy_auth_fail.1988.html
=started       2024-08-23 19:08:46
=ended         2024-08-23 19:08:46
=result        ok
=elapsed       0.001888
=case          ejabberd_SUITE:end_per_group
=logfile       ejabberd_suite.end_per_group.2563.html
=group_props   [{name,legacy_auth},parallel]
=started       2024-08-23 19:08:46
=ended         2024-08-23 19:08:46
=result        ok
=elapsed       3.0e-6
=group_time    0.188s
=case          ejabberd_SUITE:auth_plain
=logfile       ejabberd_suite.auth_plain.html
=started       2024-08-23 19:08:46
=ended         2024-08-23 19:08:46
=result        ok
=elapsed       0.009059
=case          ejabberd_SUITE:auth_md5
=logfile       ejabberd_suite.auth_md5.html
=started       2024-08-23 19:08:46
=ended         2024-08-23 19:08:46
=result        ok
=elapsed       0.011144
=case          ejabberd_SUITE:presence_broadcast
=logfile       ejabberd_suite.presence_broadcast.html
=started       2024-08-23 19:08:46
=ended         2024-08-23 19:08:46
=result        ok
=elapsed       0.235448
=case          ejabberd_SUITE:last
=logfile       ejabberd_suite.last.html
=started       2024-08-23 19:08:46
=ended         2024-08-23 19:08:46
=result        ok
=elapsed       0.102816
=case          ejabberd_SUITE:init_per_group
=logfile       ejabberd_suite.init_per_group.3106.html
=group_props   [{name,webadmin_single},sequence]
=started       2024-08-23 19:08:46
=ended         2024-08-23 19:08:47
=result        ok
=elapsed       3.0e-6
=case          ejabberd_SUITE:webadmin_login_page
=logfile       ejabberd_suite.webadmin_login_page.html
=started       2024-08-23 19:08:47
=ended         2024-08-23 19:08:47
=result        ok
=elapsed       0.065481
=case          ejabberd_SUITE:webadmin_welcome_page
=logfile       ejabberd_suite.webadmin_welcome_page.html
=started       2024-08-23 19:08:47
=ended         2024-08-23 19:08:47
=result        ok
=elapsed       0.002724
=case          ejabberd_SUITE:webadmin_user_page
=logfile       ejabberd_suite.webadmin_user_page.html
=started       2024-08-23 19:08:47
=ended         2024-08-23 19:08:47
=result        ok
=elapsed       0.002766
=case          ejabberd_SUITE:webadmin_adduser
=logfile       ejabberd_suite.webadmin_adduser.html
=started       2024-08-23 19:08:47
=ended         2024-08-23 19:08:47
=result        ok
=elapsed       0.00602
=case          ejabberd_SUITE:webadmin_changepassword
=logfile       ejabberd_suite.webadmin_changepassword.html
=started       2024-08-23 19:08:47
=ended         2024-08-23 19:08:47
=result        ok
=elapsed       0.003304
=case          ejabberd_SUITE:webadmin_removeuser
=logfile       ejabberd_suite.webadmin_removeuser.html
=started       2024-08-23 19:08:47
=ended         2024-08-23 19:08:47
=result        ok
=elapsed       0.004081
=case          ejabberd_SUITE:end_per_group
=logfile       ejabberd_suite.end_per_group.1573.html
=group_props   [{name,webadmin_single},sequence]
=started       2024-08-23 19:08:47
=ended         2024-08-23 19:08:47
=result        ok
=elapsed       3.0e-6
=group_time    0.263s
=case          ejabberd_SUITE:init_per_group
=logfile       ejabberd_suite.init_per_group.1605.html
=group_props   [{name,roster_single},sequence]
=started       2024-08-23 19:08:47
=ended         2024-08-23 19:08:47
=result        ok
=elapsed       3.0e-6
=case          ejabberd_SUITE:roster_feature_enabled
=logfile       ejabberd_suite.roster_feature_enabled.html
=started       2024-08-23 19:08:47
=ended         2024-08-23 19:08:47
=result        ok
=elapsed       0.101458
=case          ejabberd_SUITE:roster_iq_set_many_items
=logfile       ejabberd_suite.roster_iq_set_many_items.html
=started       2024-08-23 19:08:47
=ended         2024-08-23 19:08:47
=result        ok
=elapsed       0.10161
=case          ejabberd_SUITE:roster_iq_set_duplicated_groups
=logfile       ejabberd_suite.roster_iq_set_duplicated_groups.html
=started       2024-08-23 19:08:47
=ended         2024-08-23 19:08:47
=result        ok
=elapsed       0.101757
=case          ejabberd_SUITE:roster_iq_get_item
=logfile       ejabberd_suite.roster_iq_get_item.html
=started       2024-08-23 19:08:47
=ended         2024-08-23 19:08:47
=result        ok
=elapsed       0.101912
=case          ejabberd_SUITE:roster_iq_unexpected_element
=logfile       ejabberd_suite.roster_iq_unexpected_element.html
=started       2024-08-23 19:08:47
=ended         2024-08-23 19:08:47
=result        ok
=elapsed       0.102213
=case          ejabberd_SUITE:roster_iq_set_ask
=logfile       ejabberd_suite.roster_iq_set_ask.html
=started       2024-08-23 19:08:47
=ended         2024-08-23 19:08:48
=result        ok
=elapsed       0.102186
=case          ejabberd_SUITE:roster_set_item
=logfile       ejabberd_suite.roster_set_item.html
=started       2024-08-23 19:08:48
=ended         2024-08-23 19:08:48
=result        ok
=elapsed       0.326636
=case          ejabberd_SUITE:roster_version
=logfile       ejabberd_suite.roster_version.html
=started       2024-08-23 19:08:48
=ended         2024-08-23 19:08:48
=result        ok
=elapsed       0.146269
=case          ejabberd_SUITE:end_per_group
=logfile       ejabberd_suite.end_per_group.3490.html
=group_props   [{name,roster_single},sequence]
=started       2024-08-23 19:08:48
=ended         2024-08-23 19:08:48
=result        ok
=elapsed       3.0e-6
=group_time    1.341s
=case          ejabberd_SUITE:init_per_group
=logfile       ejabberd_suite.init_per_group.3522.html
=group_props   [{name,private_single},sequence]
=started       2024-08-23 19:08:48
=ended         2024-08-23 19:08:48
=result        ok
=elapsed       3.0e-6
=case          ejabberd_SUITE:private_test_features
=logfile       ejabberd_suite.private_test_features.html
=started       2024-08-23 19:08:48
=ended         2024-08-23 19:08:48
=result        ok
=elapsed       0.10216
=case          ejabberd_SUITE:private_test_no_namespace
=logfile       ejabberd_suite.private_test_no_namespace.html
=started       2024-08-23 19:08:48
=ended         2024-08-23 19:08:48
=result        ok
=elapsed       0.106729
=case          ejabberd_SUITE:private_test_set_get
=logfile       ejabberd_suite.private_test_set_get.html
=started       2024-08-23 19:08:48
=ended         2024-08-23 19:08:49
=result        ok
=elapsed       0.116837
=case          ejabberd_SUITE:private_test_published
=logfile       ejabberd_suite.private_test_published.html
=started       2024-08-23 19:08:49
=ended         2024-08-23 19:08:49
=result        ok
=elapsed       0.104411
=case          ejabberd_SUITE:end_per_group
=logfile       ejabberd_suite.end_per_group.3714.html
=group_props   [{name,private_single},sequence]
=started       2024-08-23 19:08:49
=ended         2024-08-23 19:08:49
=result        ok
=elapsed       3.0e-6
=group_time    0.569s
=case          ejabberd_SUITE:init_per_group
=logfile       ejabberd_suite.init_per_group.2755.html
=group_props   [{name,privacy_single},sequence]
=started       2024-08-23 19:08:49
=ended         2024-08-23 19:08:49
=result        ok
=elapsed       4.0e-6
=case          ejabberd_SUITE:privacy_feature_enabled
=logfile       ejabberd_suite.privacy_feature_enabled.html
=started       2024-08-23 19:08:49
=ended         2024-08-23 19:08:49
=result        ok
=elapsed       0.102127
=case          ejabberd_SUITE:privacy_set_get_list
=logfile       ejabberd_suite.privacy_set_get_list.html
=started       2024-08-23 19:08:49
=ended         2024-08-23 19:08:49
=result        ok
=elapsed       0.143918
=case          ejabberd_SUITE:privacy_get_list_non_existent
=logfile       ejabberd_suite.privacy_get_list_non_existent.html
=started       2024-08-23 19:08:49
=ended         2024-08-23 19:08:49
=result        ok
=elapsed       0.10177
=case          ejabberd_SUITE:privacy_get_empty_lists
=logfile       ejabberd_suite.privacy_get_empty_lists.html
=started       2024-08-23 19:08:49
=ended         2024-08-23 19:08:49
=result        ok
=elapsed       0.101671
=case          ejabberd_SUITE:privacy_set_default
=logfile       ejabberd_suite.privacy_set_default.html
=started       2024-08-23 19:08:49
=ended         2024-08-23 19:08:50
=result        ok
=elapsed       0.146148
=case          ejabberd_SUITE:privacy_del_default
=logfile       ejabberd_suite.privacy_del_default.html
=started       2024-08-23 19:08:50
=ended         2024-08-23 19:08:50
=result        ok
=elapsed       0.145043
=case          ejabberd_SUITE:privacy_set_default_non_existent
=logfile       ejabberd_suite.privacy_set_default_non_existent.html
=started       2024-08-23 19:08:50
=ended         2024-08-23 19:08:50
=result        ok
=elapsed       0.10145
=case          ejabberd_SUITE:privacy_set_active
=logfile       ejabberd_suite.privacy_set_active.html
=started       2024-08-23 19:08:50
=ended         2024-08-23 19:08:50
=result        ok
=elapsed       0.144355
=case          ejabberd_SUITE:privacy_del_active
=logfile       ejabberd_suite.privacy_del_active.html
=started       2024-08-23 19:08:50
=ended         2024-08-23 19:08:50
=result        ok
=elapsed       0.147288
=case          ejabberd_SUITE:privacy_set_active_non_existent
=logfile       ejabberd_suite.privacy_set_active_non_existent.html
=started       2024-08-23 19:08:50
=ended         2024-08-23 19:08:50
=result        ok
=elapsed       0.102258
=case          ejabberd_SUITE:privacy_remove_list
=logfile       ejabberd_suite.privacy_remove_list.html
=started       2024-08-23 19:08:50
=ended         2024-08-23 19:08:50
=result        ok
=elapsed       0.146146
=case          ejabberd_SUITE:privacy_remove_default_list
=logfile       ejabberd_suite.privacy_remove_default_list.html
=started       2024-08-23 19:08:50
=ended         2024-08-23 19:08:51
=result        ok
=elapsed       0.143673
=case          ejabberd_SUITE:privacy_remove_active_list
=logfile       ejabberd_suite.privacy_remove_active_list.html
=started       2024-08-23 19:08:51
=ended         2024-08-23 19:08:51
=result        ok
=elapsed       0.143422
=case          ejabberd_SUITE:privacy_remove_list_non_existent
=logfile       ejabberd_suite.privacy_remove_list_non_existent.html
=started       2024-08-23 19:08:51
=ended         2024-08-23 19:08:51
=result        ok
=elapsed       0.102197
=case          ejabberd_SUITE:privacy_allow_local_server
=logfile       ejabberd_suite.privacy_allow_local_server.html
=started       2024-08-23 19:08:51
=ended         2024-08-23 19:08:51
=result        ok
=elapsed       0.191682
=case          ejabberd_SUITE:privacy_malformed_iq_query
=logfile       ejabberd_suite.privacy_malformed_iq_query.html
=started       2024-08-23 19:08:51
=ended         2024-08-23 19:08:51
=result        ok
=elapsed       0.102654
=case          ejabberd_SUITE:privacy_malformed_get
=logfile       ejabberd_suite.privacy_malformed_get.html
=started       2024-08-23 19:08:51
=ended         2024-08-23 19:08:51
=result        ok
=elapsed       0.109623
=case          ejabberd_SUITE:privacy_malformed_set
=logfile       ejabberd_suite.privacy_malformed_set.html
=started       2024-08-23 19:08:51
=ended         2024-08-23 19:08:52
=result        ok
=elapsed       0.103492
=case          ejabberd_SUITE:privacy_malformed_type_value
=logfile       ejabberd_suite.privacy_malformed_type_value.html
=started       2024-08-23 19:08:52
=ended         2024-08-23 19:08:52
=result        ok
=elapsed       0.103254
=case          ejabberd_SUITE:privacy_set_get_block
=logfile       ejabberd_suite.privacy_set_get_block.html
=started       2024-08-23 19:08:52
=ended         2024-08-23 19:08:52
=result        ok
=elapsed       0.192902
=case          ejabberd_SUITE:end_per_group
=logfile       ejabberd_suite.end_per_group.4290.html
=group_props   [{name,privacy_single},sequence]
=started       2024-08-23 19:08:52
=ended         2024-08-23 19:08:52
=result        ok
=elapsed       1.0e-5
=group_time    3.176s
=case          ejabberd_SUITE:init_per_group
=logfile       ejabberd_suite.init_per_group.4322.html
=group_props   [{name,vcard_single},sequence]
=started       2024-08-23 19:08:52
=ended         2024-08-23 19:08:52
=result        ok
=elapsed       3.0e-6
=case          ejabberd_SUITE:vcard_feature_enabled
=logfile       ejabberd_suite.vcard_feature_enabled.html
=started       2024-08-23 19:08:52
=ended         2024-08-23 19:08:52
=result        ok
=elapsed       0.103951
=case          ejabberd_SUITE:vcard_get_set
=logfile       ejabberd_suite.vcard_get_set.html
=started       2024-08-23 19:08:52
=ended         2024-08-23 19:08:52
=result        ok
=elapsed       0.103744
=case          ejabberd_SUITE:vcard_service_vcard
=logfile       ejabberd_suite.vcard_service_vcard.html
=started       2024-08-23 19:08:52
=ended         2024-08-23 19:08:52
=result        ok
=elapsed       0.101986
=case          ejabberd_SUITE:end_per_group
=logfile       ejabberd_suite.end_per_group.4514.html
=group_props   [{name,vcard_single},sequence]
=started       2024-08-23 19:08:52
=ended         2024-08-23 19:08:52
=result        ok
=elapsed       2.0e-6
=group_time    0.451s
=case          ejabberd_SUITE:init_per_group
=logfile       ejabberd_suite.init_per_group.4546.html
=group_props   [{name,pubsub_single},sequence]
=started       2024-08-23 19:08:52
=ended         2024-08-23 19:08:52
=result        ok
=elapsed       3.0e-6
=case          ejabberd_SUITE:pubsub_test_features
=logfile       ejabberd_suite.pubsub_test_features.html
=started       2024-08-23 19:08:52
=ended         2024-08-23 19:08:53
=result        ok
=elapsed       0.10204
=case          ejabberd_SUITE:pubsub_test_vcard
=logfile       ejabberd_suite.pubsub_test_vcard.html
=started       2024-08-23 19:08:53
=ended         2024-08-23 19:08:53
=result        ok
=elapsed       0.102634
=case          ejabberd_SUITE:pubsub_test_create
=logfile       ejabberd_suite.pubsub_test_create.html
=started       2024-08-23 19:08:53
=ended         2024-08-23 19:08:53
=result        ok
=elapsed       0.10267
=case          ejabberd_SUITE:pubsub_test_configure
=logfile       ejabberd_suite.pubsub_test_configure.html
=started       2024-08-23 19:08:53
=ended         2024-08-23 19:08:53
=result        ok
=elapsed       0.111958
=case          ejabberd_SUITE:pubsub_test_delete
=logfile       ejabberd_suite.pubsub_test_delete.html
=started       2024-08-23 19:08:53
=ended         2024-08-23 19:08:53
=result        ok
=elapsed       0.102598
=case          ejabberd_SUITE:pubsub_test_get_affiliations
=logfile       ejabberd_suite.pubsub_test_get_affiliations.html
=started       2024-08-23 19:08:53
=ended         2024-08-23 19:08:53
=result        ok
=elapsed       0.110024
=case          ejabberd_SUITE:pubsub_test_get_subscriptions
=logfile       ejabberd_suite.pubsub_test_get_subscriptions.html
=started       2024-08-23 19:08:53
=ended         2024-08-23 19:08:53
=result        ok
=elapsed       0.113969
=case          ejabberd_SUITE:pubsub_test_create_instant
=logfile       ejabberd_suite.pubsub_test_create_instant.html
=started       2024-08-23 19:08:53
=ended         2024-08-23 19:08:54
=result        ok
=elapsed       0.10311
=case          ejabberd_SUITE:pubsub_test_default
=logfile       ejabberd_suite.pubsub_test_default.html
=started       2024-08-23 19:08:54
=ended         2024-08-23 19:08:54
=result        ok
=elapsed       0.103414
=case          ejabberd_SUITE:pubsub_test_create_configure
=logfile       ejabberd_suite.pubsub_test_create_configure.html
=started       2024-08-23 19:08:54
=ended         2024-08-23 19:08:54
=result        ok
=elapsed       0.107184
=case          ejabberd_SUITE:pubsub_test_publish
=logfile       ejabberd_suite.pubsub_test_publish.html
=started       2024-08-23 19:08:54
=ended         2024-08-23 19:08:54
=result        ok
=elapsed       0.104711
=case          ejabberd_SUITE:pubsub_test_auto_create
=logfile       ejabberd_suite.pubsub_test_auto_create.html
=started       2024-08-23 19:08:54
=ended         2024-08-23 19:08:54
=result        ok
=elapsed       0.10351
=case          ejabberd_SUITE:pubsub_test_get_items
=logfile       ejabberd_suite.pubsub_test_get_items.html
=started       2024-08-23 19:08:54
=ended         2024-08-23 19:08:54
=result        ok
=elapsed       0.108397
=case          ejabberd_SUITE:pubsub_test_delete_item
=logfile       ejabberd_suite.pubsub_test_delete_item.html
=started       2024-08-23 19:08:54
=ended         2024-08-23 19:08:54
=result        ok
=elapsed       0.106011
=case          ejabberd_SUITE:pubsub_test_purge
=logfile       ejabberd_suite.pubsub_test_purge.html
=started       2024-08-23 19:08:54
=ended         2024-08-23 19:08:54
=result        ok
=elapsed       0.108788
=case          ejabberd_SUITE:pubsub_test_subscribe
=logfile       ejabberd_suite.pubsub_test_subscribe.html
=started       2024-08-23 19:08:54
=ended         2024-08-23 19:08:55
=result        ok
=elapsed       0.104698
=case          ejabberd_SUITE:pubsub_test_subscribe_max_item_1
=logfile       ejabberd_suite.pubsub_test_subscribe_max_item_1.html
=started       2024-08-23 19:08:55
=ended         2024-08-23 19:08:55
=result        ok
=elapsed       0.106036
=case          ejabberd_SUITE:pubsub_test_unsubscribe
=logfile       ejabberd_suite.pubsub_test_unsubscribe.html
=started       2024-08-23 19:08:55
=ended         2024-08-23 19:08:55
=result        ok
=elapsed       0.106018
=case          ejabberd_SUITE:end_per_group
=logfile       ejabberd_suite.end_per_group.5122.html
=group_props   [{name,pubsub_single},sequence]
=started       2024-08-23 19:08:55
=ended         2024-08-23 19:08:55
=result        ok
=elapsed       2.0e-6
=group_time    2.470s
=case          ejabberd_SUITE:init_per_group
=logfile       ejabberd_suite.init_per_group.5154.html
=group_props   [{name,muc_single},sequence]
=started       2024-08-23 19:08:55
=ended         2024-08-23 19:08:55
=result        ok
=elapsed       3.0e-6
=case          ejabberd_SUITE:muc_service_presence_error
=logfile       ejabberd_suite.muc_service_presence_error.html
=started       2024-08-23 19:08:55
=ended         2024-08-23 19:08:55
=result        ok
=elapsed       0.189723
=case          ejabberd_SUITE:muc_service_message_error
=logfile       ejabberd_suite.muc_service_message_error.html
=started       2024-08-23 19:08:55
=ended         2024-08-23 19:08:55
=result        ok
=elapsed       0.188281
=case          ejabberd_SUITE:muc_service_unknown_ns_iq_error
=logfile       ejabberd_suite.muc_service_unknown_ns_iq_error.html
=started       2024-08-23 19:08:55
=ended         2024-08-23 19:08:56
=result        ok
=elapsed       0.193798
=case          ejabberd_SUITE:muc_service_iq_set_error
=logfile       ejabberd_suite.muc_service_iq_set_error.html
=started       2024-08-23 19:08:56
=ended         2024-08-23 19:08:56
=result        ok
=elapsed       0.331303
=case          ejabberd_SUITE:muc_service_improper_iq_error
=logfile       ejabberd_suite.muc_service_improper_iq_error.html
=started       2024-08-23 19:08:56
=ended         2024-08-23 19:08:56
=result        ok
=elapsed       0.275144
=case          ejabberd_SUITE:muc_service_features
=logfile       ejabberd_suite.muc_service_features.html
=started       2024-08-23 19:08:56
=ended         2024-08-23 19:08:56
=result        ok
=elapsed       0.101645
=case          ejabberd_SUITE:muc_service_disco_info_node_error
=logfile       ejabberd_suite.muc_service_disco_info_node_error.html
=started       2024-08-23 19:08:56
=ended         2024-08-23 19:08:57
=result        ok
=elapsed       0.101416
=case          ejabberd_SUITE:muc_service_disco_items
=logfile       ejabberd_suite.muc_service_disco_items.html
=started       2024-08-23 19:08:57
=ended         2024-08-23 19:08:57
=result        ok
=elapsed       0.135659
=case          ejabberd_SUITE:muc_service_unique
=logfile       ejabberd_suite.muc_service_unique.html
=started       2024-08-23 19:08:57
=ended         2024-08-23 19:08:57
=result        ok
=elapsed       0.101372
=case          ejabberd_SUITE:muc_service_vcard
=logfile       ejabberd_suite.muc_service_vcard.html
=started       2024-08-23 19:08:57
=ended         2024-08-23 19:08:57
=result        ok
=elapsed       0.103212
=case          ejabberd_SUITE:muc_configure_non_existent
=logfile       ejabberd_suite.muc_configure_non_existent.html
=started       2024-08-23 19:08:57
=ended         2024-08-23 19:08:57
=result        ok
=elapsed       0.10344
=case          ejabberd_SUITE:muc_cancel_configure_non_existent
=logfile       ejabberd_suite.muc_cancel_configure_non_existent.html
=started       2024-08-23 19:08:57
=ended         2024-08-23 19:08:57
=result        ok
=elapsed       0.101934
=case          ejabberd_SUITE:muc_service_subscriptions
=logfile       ejabberd_suite.muc_service_subscriptions.html
=started       2024-08-23 19:08:57
=ended         2024-08-23 19:08:57
=result        ok
=elapsed       0.136582
=case          ejabberd_SUITE:muc_set_room_affiliation
=logfile       ejabberd_suite.muc_set_room_affiliation.html
=started       2024-08-23 19:08:57
=ended         2024-08-23 19:08:58
=result        ok
=elapsed       0.114165
=case          ejabberd_SUITE:end_per_group
=logfile       ejabberd_suite.end_per_group.5730.html
=group_props   [{name,muc_single},sequence]
=started       2024-08-23 19:08:58
=ended         2024-08-23 19:08:58
=result        ok
=elapsed       2.0e-6
=group_time    2.611s
=case          ejabberd_SUITE:init_per_group
=logfile       ejabberd_suite.init_per_group.5762.html
=group_props   [{name,offline_single},sequence]
=started       2024-08-23 19:08:58
=ended         2024-08-23 19:08:58
=result        ok
=elapsed       3.0e-6
=case          ejabberd_SUITE:offline_feature_enabled
=logfile       ejabberd_suite.offline_feature_enabled.html
=started       2024-08-23 19:08:58
=ended         2024-08-23 19:08:58
=result        ok
=elapsed       0.102214
=case          ejabberd_SUITE:offline_check_identity
=logfile       ejabberd_suite.offline_check_identity.html
=started       2024-08-23 19:08:58
=ended         2024-08-23 19:08:58
=result        ok
=elapsed       0.106545
=case          ejabberd_SUITE:offline_send_non_existent
=logfile       ejabberd_suite.offline_send_non_existent.html
=started       2024-08-23 19:08:58
=ended         2024-08-23 19:08:58
=result        ok
=elapsed       0.101763
=case          ejabberd_SUITE:offline_view_non_existent
=logfile       ejabberd_suite.offline_view_non_existent.html
=started       2024-08-23 19:08:58
=ended         2024-08-23 19:08:58
=result        ok
=elapsed       0.101799
=case          ejabberd_SUITE:offline_remove_non_existent
=logfile       ejabberd_suite.offline_remove_non_existent.html
=started       2024-08-23 19:08:58
=ended         2024-08-23 19:08:58
=result        ok
=elapsed       0.101801
=case          ejabberd_SUITE:offline_view_non_integer
=logfile       ejabberd_suite.offline_view_non_integer.html
=started       2024-08-23 19:08:58
=ended         2024-08-23 19:08:58
=result        ok
=elapsed       0.101645
=case          ejabberd_SUITE:offline_remove_non_integer
=logfile       ejabberd_suite.offline_remove_non_integer.html
=started       2024-08-23 19:08:58
=ended         2024-08-23 19:08:58
=result        ok
=elapsed       0.102267
=case          ejabberd_SUITE:offline_malformed_iq
=logfile       ejabberd_suite.offline_malformed_iq.html
=started       2024-08-23 19:08:59
=ended         2024-08-23 19:08:59
=result        ok
=elapsed       0.105172
=case          ejabberd_SUITE:offline_wrong_user
=logfile       ejabberd_suite.offline_wrong_user.html
=started       2024-08-23 19:08:59
=ended         2024-08-23 19:08:59
=result        ok
=elapsed       0.110215
=case          ejabberd_SUITE:offline_unsupported_iq
=logfile       ejabberd_suite.offline_unsupported_iq.html
=started       2024-08-23 19:08:59
=ended         2024-08-23 19:08:59
=result        ok
=elapsed       0.102886
=case          ejabberd_SUITE:end_per_group
=logfile       ejabberd_suite.end_per_group.6050.html
=group_props   [{name,offline_single},sequence]
=started       2024-08-23 19:08:59
=ended         2024-08-23 19:08:59
=result        ok
=elapsed       3.0e-6
=group_time    1.357s
=case          ejabberd_SUITE:init_per_group
=logfile       ejabberd_suite.init_per_group.6082.html
=group_props   [{name,mam_single},sequence]
=started       2024-08-23 19:08:59
=ended         2024-08-23 19:08:59
=result        ok
=elapsed       3.0e-6
=case          ejabberd_SUITE:mam_feature_enabled
=logfile       ejabberd_suite.mam_feature_enabled.html
=started       2024-08-23 19:08:59
=ended         2024-08-23 19:08:59
=result        ok
=elapsed       0.105259
=case          ejabberd_SUITE:mam_get_set_prefs
=logfile       ejabberd_suite.mam_get_set_prefs.html
=started       2024-08-23 19:08:59
=ended         2024-08-23 19:09:01
=result        ok
=elapsed       1.894267
=case          ejabberd_SUITE:mam_get_form
=logfile       ejabberd_suite.mam_get_form.html
=started       2024-08-23 19:09:01
=ended         2024-08-23 19:09:01
=result        ok
=elapsed       0.11046
=case          ejabberd_SUITE:mam_fake_by
=logfile       ejabberd_suite.mam_fake_by.html
=started       2024-08-23 19:09:01
=ended         2024-08-23 19:09:01
=result        ok
=elapsed       0.102044
=case          ejabberd_SUITE:end_per_group
=logfile       ejabberd_suite.end_per_group.6274.html
=group_props   [{name,mam_single},sequence]
=started       2024-08-23 19:09:01
=ended         2024-08-23 19:09:01
=result        ok
=elapsed       2.0e-6
=group_time    2.354s
=case          ejabberd_SUITE:init_per_group
=logfile       ejabberd_suite.init_per_group.6306.html
=group_props   [{name,csi_single},sequence]
=started       2024-08-23 19:09:01
=ended         2024-08-23 19:09:01
=result        ok
=elapsed       3.0e-6
=case          ejabberd_SUITE:csi_feature_enabled
=logfile       ejabberd_suite.csi_feature_enabled.html
=started       2024-08-23 19:09:01
=ended         2024-08-23 19:09:01
=result        ok
=elapsed       0.101168
=case          ejabberd_SUITE:end_per_group
=logfile       ejabberd_suite.end_per_group.6370.html
=group_props   [{name,csi_single},sequence]
=started       2024-08-23 19:09:01
=ended         2024-08-23 19:09:01
=result        ok
=elapsed       3.0e-6
=group_time    0.155s
=case          ejabberd_SUITE:init_per_group
=logfile       ejabberd_suite.init_per_group.6402.html
=group_props   [{name,push_single},sequence]
=started       2024-08-23 19:09:01
=ended         2024-08-23 19:09:02
=result        ok
=elapsed       3.0e-6
=case          ejabberd_SUITE:push_feature_enabled
=logfile       ejabberd_suite.push_feature_enabled.html
=started       2024-08-23 19:09:02
=ended         2024-08-23 19:09:02
=result        ok
=elapsed       0.102297
=case          ejabberd_SUITE:push_unsupported_iq
=logfile       ejabberd_suite.push_unsupported_iq.html
=started       2024-08-23 19:09:02
=ended         2024-08-23 19:09:02
=result        ok
=elapsed       0.111546
=case          ejabberd_SUITE:end_per_group
=logfile       ejabberd_suite.end_per_group.6530.html
=group_props   [{name,push_single},sequence]
=started       2024-08-23 19:09:02
=ended         2024-08-23 19:09:02
=result        ok
=elapsed       4.0e-6
=group_time    0.295s
=case          ejabberd_SUITE:test_unregister
=logfile       ejabberd_suite.test_unregister.html
=started       2024-08-23 19:09:02
=ended         2024-08-23 19:09:02
=result        ok
=elapsed       0.003796
=case          ejabberd_SUITE:end_per_group
=logfile       ejabberd_suite.end_per_group.6562.html
=group_props   [{name,single_user},sequence]
=started       2024-08-23 19:09:02
=ended         2024-08-23 19:09:02
=result        ok
=elapsed       2.0e-6
=group_time    16.195s
=case          ejabberd_SUITE:init_per_group
=logfile       ejabberd_suite.init_per_group.6594.html
=group_props   [{name,muc_master_slave},sequence]
=started       2024-08-23 19:09:02
=ended         2024-08-23 19:09:02
=result        ok
=elapsed       3.0e-6
=case          ejabberd_SUITE:init_per_group
=logfile       ejabberd_suite.init_per_group.6626.html
=group_props   [{name,muc_register},parallel]
=started       2024-08-23 19:09:02
=ended         2024-08-23 19:09:02
=result        ok
=elapsed       2.0e-6
=case          ejabberd_SUITE:muc_register_master
=logfile       ejabberd_suite.muc_register_master.6658.html
=started       2024-08-23 19:09:02
=ended         2024-08-23 19:09:02
=result        ok
=elapsed       0.116142
=case          ejabberd_SUITE:muc_register_slave
=logfile       ejabberd_suite.muc_register_slave.6690.html
=started       2024-08-23 19:09:02
=ended         2024-08-23 19:09:02
=result        ok
=elapsed       0.114933
=case          ejabberd_SUITE:end_per_group
=logfile       ejabberd_suite.end_per_group.6754.html
=group_props   [{name,muc_register},parallel]
=started       2024-08-23 19:09:02
=ended         2024-08-23 19:09:02
=result        ok
=elapsed       2.0e-6
=group_time    0.173s
=case          ejabberd_SUITE:init_per_group
=logfile       ejabberd_suite.init_per_group.6786.html
=group_props   [{name,muc_groupchat_msg},parallel]
=started       2024-08-23 19:09:02
=ended         2024-08-23 19:09:02
=result        ok
=elapsed       3.0e-6
=case          ejabberd_SUITE:muc_groupchat_msg_master
=logfile       ejabberd_suite.muc_groupchat_msg_master.6818.html
=started       2024-08-23 19:09:02
=ended         2024-08-23 19:09:02
=result        ok
=elapsed       0.120363
=case          ejabberd_SUITE:muc_groupchat_msg_slave
=logfile       ejabberd_suite.muc_groupchat_msg_slave.6850.html
=started       2024-08-23 19:09:02
=ended         2024-08-23 19:09:02
=result        ok
=elapsed       0.119205
=case          ejabberd_SUITE:end_per_group
=logfile       ejabberd_suite.end_per_group.6914.html
=group_props   [{name,muc_groupchat_msg},parallel]
=started       2024-08-23 19:09:02
=ended         2024-08-23 19:09:02
=result        ok
=elapsed       2.0e-6
=group_time    0.177s
=case          ejabberd_SUITE:init_per_group
=logfile       ejabberd_suite.init_per_group.4995.html
=group_props   [{name,muc_private_msg},parallel]
=started       2024-08-23 19:09:02
=ended         2024-08-23 19:09:02
=result        ok
=elapsed       2.0e-6
=case          ejabberd_SUITE:muc_private_msg_master
=logfile       ejabberd_suite.muc_private_msg_master.5027.html
=started       2024-08-23 19:09:02
=ended         2024-08-23 19:09:03
=result        ok
=elapsed       0.158118
=case          ejabberd_SUITE:muc_private_msg_slave
=logfile       ejabberd_suite.muc_private_msg_slave.5059.html
=started       2024-08-23 19:09:02
=ended         2024-08-23 19:09:03
=result        ok
=elapsed       0.156984
=case          ejabberd_SUITE:end_per_group
=logfile       ejabberd_suite.end_per_group.5123.html
=group_props   [{name,muc_private_msg},parallel]
=started       2024-08-23 19:09:03
=ended         2024-08-23 19:09:03
=result        ok
=elapsed       2.0e-6
=group_time    0.215s
=case          ejabberd_SUITE:init_per_group
=logfile       ejabberd_suite.init_per_group.5155.html
=group_props   [{name,muc_set_subject},parallel]
=started       2024-08-23 19:09:03
=ended         2024-08-23 19:09:03
=result        ok
=elapsed       3.0e-6
=case          ejabberd_SUITE:muc_set_subject_master
=logfile       ejabberd_suite.muc_set_subject_master.5187.html
=started       2024-08-23 19:09:03
=ended         2024-08-23 19:09:03
=result        ok
=elapsed       0.114524
=case          ejabberd_SUITE:muc_set_subject_slave
=logfile       ejabberd_suite.muc_set_subject_slave.5219.html
=started       2024-08-23 19:09:03
=ended         2024-08-23 19:09:03
=result        ok
=elapsed       0.111899
=case          ejabberd_SUITE:end_per_group
=logfile       ejabberd_suite.end_per_group.5347.html
=group_props   [{name,muc_set_subject},parallel]
=started       2024-08-23 19:09:03
=ended         2024-08-23 19:09:03
=result        ok
=elapsed       7.0e-6
=group_time    0.170s
=case          ejabberd_SUITE:init_per_group
=logfile       ejabberd_suite.init_per_group.5379.html
=group_props   [{name,muc_history},parallel]
=started       2024-08-23 19:09:03
=ended         2024-08-23 19:09:03
=result        ok
=elapsed       3.0e-6
=case          ejabberd_SUITE:muc_history_master
=logfile       ejabberd_suite.muc_history_master.5411.html
=started       2024-08-23 19:09:03
=ended         2024-08-23 19:09:03
=result        ok
=elapsed       0.139884
=case          ejabberd_SUITE:muc_history_slave
=logfile       ejabberd_suite.muc_history_slave.5443.html
=started       2024-08-23 19:09:03
=ended         2024-08-23 19:09:03
=result        ok
=elapsed       0.138072
=case          ejabberd_SUITE:end_per_group
=logfile       ejabberd_suite.end_per_group.5539.html
=group_props   [{name,muc_history},parallel]
=started       2024-08-23 19:09:03
=ended         2024-08-23 19:09:03
=result        ok
=elapsed       8.0e-6
=group_time    0.197s
=case          ejabberd_SUITE:init_per_group
=logfile       ejabberd_suite.init_per_group.3332.html
=group_props   [{name,muc_invite},parallel]
=started       2024-08-23 19:09:03
=ended         2024-08-23 19:09:03
=result        ok
=elapsed       3.0e-6
=case          ejabberd_SUITE:muc_invite_master
=logfile       ejabberd_suite.muc_invite_master.3364.html
=started       2024-08-23 19:09:03
=ended         2024-08-23 19:09:03
=result        ok
=elapsed       0.11271
=case          ejabberd_SUITE:muc_invite_slave
=logfile       ejabberd_suite.muc_invite_slave.3396.html
=started       2024-08-23 19:09:03
=ended         2024-08-23 19:09:03
=result        ok
=elapsed       0.152997
=case          ejabberd_SUITE:end_per_group
=logfile       ejabberd_suite.end_per_group.3428.html
=group_props   [{name,muc_invite},parallel]
=started       2024-08-23 19:09:03
=ended         2024-08-23 19:09:03
=result        ok
=elapsed       3.0e-6
=group_time    0.210s
=case          ejabberd_SUITE:init_per_group
=logfile       ejabberd_suite.init_per_group.3460.html
=group_props   [{name,muc_invite_members_only},parallel]
=started       2024-08-23 19:09:03
=ended         2024-08-23 19:09:03
=result        ok
=elapsed       3.0e-6
=case          ejabberd_SUITE:muc_invite_members_only_master
=logfile       ejabberd_suite.muc_invite_members_only_master.3492.html
=started       2024-08-23 19:09:03
=ended         2024-08-23 19:09:03
=result        ok
=elapsed       0.108487
=case          ejabberd_SUITE:muc_invite_members_only_slave
=logfile       ejabberd_suite.muc_invite_members_only_slave.3524.html
=started       2024-08-23 19:09:03
=ended         2024-08-23 19:09:03
=result        ok
=elapsed       0.10721
=case          ejabberd_SUITE:end_per_group
=logfile       ejabberd_suite.end_per_group.3620.html
=group_props   [{name,muc_invite_members_only},parallel]
=started       2024-08-23 19:09:03
=ended         2024-08-23 19:09:03
=result        ok
=elapsed       2.0e-6
=group_time    0.164s
=case          ejabberd_SUITE:init_per_group
=logfile       ejabberd_suite.init_per_group.3652.html
=group_props   [{name,muc_invite_password_protected},parallel]
=started       2024-08-23 19:09:03
=ended         2024-08-23 19:09:03
=result        ok
=elapsed       3.0e-6
=case          ejabberd_SUITE:muc_invite_password_protected_master
=logfile       ejabberd_suite.muc_invite_password_protected_master.3684.html
=started       2024-08-23 19:09:03
=ended         2024-08-23 19:09:04
=result        ok
=elapsed       0.148016
=case          ejabberd_SUITE:muc_invite_password_protected_slave
=logfile       ejabberd_suite.muc_invite_password_protected_slave.3716.html
=started       2024-08-23 19:09:03
=ended         2024-08-23 19:09:04
=result        ok
=elapsed       0.108202
=case          ejabberd_SUITE:end_per_group
=logfile       ejabberd_suite.end_per_group.5731.html
=group_props   [{name,muc_invite_password_protected},parallel]
=started       2024-08-23 19:09:04
=ended         2024-08-23 19:09:04
=result        ok
=elapsed       2.0e-6
=group_time    0.206s
=case          ejabberd_SUITE:init_per_group
=logfile       ejabberd_suite.init_per_group.5763.html
=group_props   [{name,muc_voice_request},parallel]
=started       2024-08-23 19:09:04
=ended         2024-08-23 19:09:04
=result        ok
=elapsed       2.0e-6
=case          ejabberd_SUITE:muc_voice_request_master
=logfile       ejabberd_suite.muc_voice_request_master.5795.html
=started       2024-08-23 19:09:04
=ended         2024-08-23 19:09:04
=result        ok
=elapsed       0.116896
=case          ejabberd_SUITE:muc_voice_request_slave
=logfile       ejabberd_suite.muc_voice_request_slave.5827.html
=started       2024-08-23 19:09:04
=ended         2024-08-23 19:09:04
=result        ok
=elapsed       0.114172
=case          ejabberd_SUITE:end_per_group
=logfile       ejabberd_suite.end_per_group.5987.html
=group_props   [{name,muc_voice_request},parallel]
=started       2024-08-23 19:09:04
=ended         2024-08-23 19:09:04
=result        ok
=elapsed       2.0e-6
=group_time    0.173s
=case          ejabberd_SUITE:init_per_group
=logfile       ejabberd_suite.init_per_group.6019.html
=group_props   [{name,muc_change_role},parallel]
=started       2024-08-23 19:09:04
=ended         2024-08-23 19:09:04
=result        ok
=elapsed       2.0e-6
=case          ejabberd_SUITE:muc_change_role_master
=logfile       ejabberd_suite.muc_change_role_master.6051.html
=started       2024-08-23 19:09:04
=ended         2024-08-23 19:09:04
=result        ok
=elapsed       0.115377
=case          ejabberd_SUITE:muc_change_role_slave
=logfile       ejabberd_suite.muc_change_role_slave.6083.html
=started       2024-08-23 19:09:04
=ended         2024-08-23 19:09:04
=result        ok
=elapsed       0.113368
=case          ejabberd_SUITE:end_per_group
=logfile       ejabberd_suite.end_per_group.6179.html
=group_props   [{name,muc_change_role},parallel]
=started       2024-08-23 19:09:04
=ended         2024-08-23 19:09:04
=result        ok
=elapsed       9.0e-6
=group_time    0.171s
=case          ejabberd_SUITE:init_per_group
=logfile       ejabberd_suite.init_per_group.6211.html
=group_props   [{name,muc_kick},parallel]
=started       2024-08-23 19:09:04
=ended         2024-08-23 19:09:04
=result        ok
=elapsed       3.0e-6
=case          ejabberd_SUITE:muc_kick_master
=logfile       ejabberd_suite.muc_kick_master.6243.html
=started       2024-08-23 19:09:04
=ended         2024-08-23 19:09:04
=result        ok
=elapsed       0.110165
=case          ejabberd_SUITE:muc_kick_slave
=logfile       ejabberd_suite.muc_kick_slave.6275.html
=started       2024-08-23 19:09:04
=ended         2024-08-23 19:09:04
=result        ok
=elapsed       0.107795
=case          ejabberd_SUITE:end_per_group
=logfile       ejabberd_suite.end_per_group.6307.html
=group_props   [{name,muc_kick},parallel]
=started       2024-08-23 19:09:04
=ended         2024-08-23 19:09:04
=result        ok
=elapsed       2.0e-6
=group_time    0.168s
=case          ejabberd_SUITE:init_per_group
=logfile       ejabberd_suite.init_per_group.3972.html
=group_props   [{name,muc_change_affiliation},parallel]
=started       2024-08-23 19:09:04
=ended         2024-08-23 19:09:04
=result        ok
=elapsed       3.0e-6
=case          ejabberd_SUITE:muc_change_affiliation_master
=logfile       ejabberd_suite.muc_change_affiliation_master.4004.html
=started       2024-08-23 19:09:04
=ended         2024-08-23 19:09:04
=result        ok
=elapsed       0.120317
=case          ejabberd_SUITE:muc_change_affiliation_slave
=logfile       ejabberd_suite.muc_change_affiliation_slave.4036.html
=started       2024-08-23 19:09:04
=ended         2024-08-23 19:09:04
=result        ok
=elapsed       0.118285
=case          ejabberd_SUITE:end_per_group
=logfile       ejabberd_suite.end_per_group.4132.html
=group_props   [{name,muc_change_affiliation},parallel]
=started       2024-08-23 19:09:04
=ended         2024-08-23 19:09:04
=result        ok
=elapsed       9.0e-6
=group_time    0.176s
=case          ejabberd_SUITE:init_per_group
=logfile       ejabberd_suite.init_per_group.4164.html
=group_props   [{name,muc_destroy},parallel]
=started       2024-08-23 19:09:04
=ended         2024-08-23 19:09:04
=result        ok
=elapsed       3.0e-6
=case          ejabberd_SUITE:muc_destroy_master
=logfile       ejabberd_suite.muc_destroy_master.4196.html
=started       2024-08-23 19:09:04
=ended         2024-08-23 19:09:05
=result        ok
=elapsed       0.108113
=case          ejabberd_SUITE:muc_destroy_slave
=logfile       ejabberd_suite.muc_destroy_slave.4228.html
=started       2024-08-23 19:09:04
=ended         2024-08-23 19:09:05
=result        ok
=elapsed       0.1089
=case          ejabberd_SUITE:end_per_group
=logfile       ejabberd_suite.end_per_group.4260.html
=group_props   [{name,muc_destroy},parallel]
=started       2024-08-23 19:09:05
=ended         2024-08-23 19:09:05
=result        ok
=elapsed       2.0e-6
=group_time    0.165s
=case          ejabberd_SUITE:init_per_group
=logfile       ejabberd_suite.init_per_group.4292.html
=group_props   [{name,muc_vcard},parallel]
=started       2024-08-23 19:09:05
=ended         2024-08-23 19:09:05
=result        ok
=elapsed       4.0e-6
=case          ejabberd_SUITE:muc_vcard_master
=logfile       ejabberd_suite.muc_vcard_master.4324.html
=started       2024-08-23 19:09:05
=ended         2024-08-23 19:09:05
=result        ok
=elapsed       0.113076
=case          ejabberd_SUITE:muc_vcard_slave
=logfile       ejabberd_suite.muc_vcard_slave.4356.html
=started       2024-08-23 19:09:05
=ended         2024-08-23 19:09:05
=result        ok
=elapsed       0.111782
=case          ejabberd_SUITE:end_per_group
=logfile       ejabberd_suite.end_per_group.4452.html
=group_props   [{name,muc_vcard},parallel]
=started       2024-08-23 19:09:05
=ended         2024-08-23 19:09:05
=result        ok
=elapsed       3.0e-6
=group_time    0.170s
=case          ejabberd_SUITE:init_per_group
=logfile       ejabberd_suite.init_per_group.4484.html
=group_props   [{name,muc_nick_change},parallel]
=started       2024-08-23 19:09:05
=ended         2024-08-23 19:09:05
=result        ok
=elapsed       3.0e-6
=case          ejabberd_SUITE:muc_nick_change_master
=logfile       ejabberd_suite.muc_nick_change_master.4516.html
=started       2024-08-23 19:09:05
=ended         2024-08-23 19:09:05
=result        ok
=elapsed       0.110778
=case          ejabberd_SUITE:muc_nick_change_slave
=logfile       ejabberd_suite.muc_nick_change_slave.6499.html
=started       2024-08-23 19:09:05
=ended         2024-08-23 19:09:05
=result        ok
=elapsed       0.109549
=case          ejabberd_SUITE:end_per_group
=logfile       ejabberd_suite.end_per_group.6627.html
=group_props   [{name,muc_nick_change},parallel]
=started       2024-08-23 19:09:05
=ended         2024-08-23 19:09:05
=result        ok
=elapsed       3.0e-6
=group_time    0.167s
=case          ejabberd_SUITE:init_per_group
=logfile       ejabberd_suite.init_per_group.6659.html
=group_props   [{name,muc_config_title_desc},parallel]
=started       2024-08-23 19:09:05
=ended         2024-08-23 19:09:05
=result        ok
=elapsed       3.0e-6
=case          ejabberd_SUITE:muc_config_title_desc_master
=logfile       ejabberd_suite.muc_config_title_desc_master.6691.html
=started       2024-08-23 19:09:05
=ended         2024-08-23 19:09:05
=result        ok
=elapsed       0.111651
=case          ejabberd_SUITE:muc_config_title_desc_slave
=logfile       ejabberd_suite.muc_config_title_desc_slave.6723.html
=started       2024-08-23 19:09:05
=ended         2024-08-23 19:09:05
=result        ok
=elapsed       0.106697
=case          ejabberd_SUITE:end_per_group
=logfile       ejabberd_suite.end_per_group.6787.html
=group_props   [{name,muc_config_title_desc},parallel]
=started       2024-08-23 19:09:05
=ended         2024-08-23 19:09:05
=result        ok
=elapsed       2.0e-6
=group_time    0.167s
=case          ejabberd_SUITE:init_per_group
=logfile       ejabberd_suite.init_per_group.6819.html
=group_props   [{name,muc_config_public_list},parallel]
=started       2024-08-23 19:09:05
=ended         2024-08-23 19:09:05
=result        ok
=elapsed       3.0e-6
=case          ejabberd_SUITE:muc_config_public_list_master
=logfile       ejabberd_suite.muc_config_public_list_master.6851.html
=started       2024-08-23 19:09:05
=ended         2024-08-23 19:09:05
=result        ok
=elapsed       0.113512
=case          ejabberd_SUITE:muc_config_public_list_slave
=logfile       ejabberd_suite.muc_config_public_list_slave.6883.html
=started       2024-08-23 19:09:05
=ended         2024-08-23 19:09:05
=result        ok
=elapsed       0.112209
=case          ejabberd_SUITE:end_per_group
=logfile       ejabberd_suite.end_per_group.7011.html
=group_props   [{name,muc_config_public_list},parallel]
=started       2024-08-23 19:09:05
=ended         2024-08-23 19:09:05
=result        ok
=elapsed       2.0e-6
=group_time    0.171s
=case          ejabberd_SUITE:init_per_group
=logfile       ejabberd_suite.init_per_group.7043.html
=group_props   [{name,muc_config_password},parallel]
=started       2024-08-23 19:09:05
=ended         2024-08-23 19:09:05
=result        ok
=elapsed       2.0e-6
=case          ejabberd_SUITE:muc_config_password_master
=logfile       ejabberd_suite.muc_config_password_master.7075.html
=started       2024-08-23 19:09:05
=ended         2024-08-23 19:09:06
=result        ok
=elapsed       0.113307
=case          ejabberd_SUITE:muc_config_password_slave
=logfile       ejabberd_suite.muc_config_password_slave.7107.html
=started       2024-08-23 19:09:05
=ended         2024-08-23 19:09:06
=result        ok
=elapsed       0.111678
=case          ejabberd_SUITE:end_per_group
=logfile       ejabberd_suite.end_per_group.7171.html
=group_props   [{name,muc_config_password},parallel]
=started       2024-08-23 19:09:06
=ended         2024-08-23 19:09:06
=result        ok
=elapsed       2.0e-6
=group_time    0.170s
=case          ejabberd_SUITE:init_per_group
=logfile       ejabberd_suite.init_per_group.7203.html
=group_props   [{name,muc_config_whois},parallel]
=started       2024-08-23 19:09:06
=ended         2024-08-23 19:09:06
=result        ok
=elapsed       3.0e-6
=case          ejabberd_SUITE:muc_config_whois_master
=logfile       ejabberd_suite.muc_config_whois_master.7235.html
=started       2024-08-23 19:09:06
=ended         2024-08-23 19:09:06
=result        ok
=elapsed       0.115334
=case          ejabberd_SUITE:muc_config_whois_slave
=logfile       ejabberd_suite.muc_config_whois_slave.7267.html
=started       2024-08-23 19:09:06
=ended         2024-08-23 19:09:06
=result        ok
=elapsed       0.112634
=case          ejabberd_SUITE:end_per_group
=logfile       ejabberd_suite.end_per_group.7331.html
=group_props   [{name,muc_config_whois},parallel]
=started       2024-08-23 19:09:06
=ended         2024-08-23 19:09:06
=result        ok
=elapsed       2.0e-6
=group_time    0.172s
=case          ejabberd_SUITE:init_per_group
=logfile       ejabberd_suite.init_per_group.7363.html
=group_props   [{name,muc_config_members_only},parallel]
=started       2024-08-23 19:09:06
=ended         2024-08-23 19:09:06
=result        ok
=elapsed       3.0e-6
=case          ejabberd_SUITE:muc_config_members_only_master
=logfile       ejabberd_suite.muc_config_members_only_master.7395.html
=started       2024-08-23 19:09:06
=ended         2024-08-23 19:09:06
=result        ok
=elapsed       0.115383
=case          ejabberd_SUITE:muc_config_members_only_slave
=logfile       ejabberd_suite.muc_config_members_only_slave.7427.html
=started       2024-08-23 19:09:06
=ended         2024-08-23 19:09:06
=result        ok
=elapsed       0.114009
=case          ejabberd_SUITE:end_per_group
=logfile       ejabberd_suite.end_per_group.7523.html
=group_props   [{name,muc_config_members_only},parallel]
=started       2024-08-23 19:09:06
=ended         2024-08-23 19:09:06
=result        ok
=elapsed       2.0e-6
=group_time    0.172s
=case          ejabberd_SUITE:init_per_group
=logfile       ejabberd_suite.init_per_group.7555.html
=group_props   [{name,muc_config_moderated},parallel]
=started       2024-08-23 19:09:06
=ended         2024-08-23 19:09:06
=result        ok
=elapsed       4.0e-6
=case          ejabberd_SUITE:muc_config_moderated_master
=logfile       ejabberd_suite.muc_config_moderated_master.7587.html
=started       2024-08-23 19:09:06
=ended         2024-08-23 19:09:06
=result        ok
=elapsed       0.12004
=case          ejabberd_SUITE:muc_config_moderated_slave
=logfile       ejabberd_suite.muc_config_moderated_slave.7586.html
=started       2024-08-23 19:09:06
=ended         2024-08-23 19:09:06
=result        ok
=elapsed       0.113971
=case          ejabberd_SUITE:end_per_group
=logfile       ejabberd_suite.end_per_group.7650.html
=group_props   [{name,muc_config_moderated},parallel]
=started       2024-08-23 19:09:06
=ended         2024-08-23 19:09:06
=result        ok
=elapsed       3.0e-6
=group_time    0.179s
=case          ejabberd_SUITE:init_per_group
=logfile       ejabberd_suite.init_per_group.7682.html
=group_props   [{name,muc_config_private_messages},parallel]
=started       2024-08-23 19:09:06
=ended         2024-08-23 19:09:06
=result        ok
=elapsed       3.0e-6
=case          ejabberd_SUITE:muc_config_private_messages_master
=logfile       ejabberd_suite.muc_config_private_messages_master.7714.html
=started       2024-08-23 19:09:06
=ended         2024-08-23 19:09:06
=result        ok
=elapsed       0.122194
=case          ejabberd_SUITE:muc_config_private_messages_slave
=logfile       ejabberd_suite.muc_config_private_messages_slave.4868.html
=started       2024-08-23 19:09:06
=ended         2024-08-23 19:09:06
=result        ok
=elapsed       0.116989
=case          ejabberd_SUITE:end_per_group
=logfile       ejabberd_suite.end_per_group.4900.html
=group_props   [{name,muc_config_private_messages},parallel]
=started       2024-08-23 19:09:06
=ended         2024-08-23 19:09:06
=result        ok
=elapsed       3.0e-6
=group_time    0.181s
=case          ejabberd_SUITE:init_per_group
=logfile       ejabberd_suite.init_per_group.7747.html
=group_props   [{name,muc_config_query},parallel]
=started       2024-08-23 19:09:06
=ended         2024-08-23 19:09:06
=result        ok
=elapsed       3.0e-6
=case          ejabberd_SUITE:muc_config_query_master
=logfile       ejabberd_suite.muc_config_query_master.7779.html
=started       2024-08-23 19:09:06
=ended         2024-08-23 19:09:07
=result        ok
=elapsed       0.158178
=case          ejabberd_SUITE:muc_config_query_slave
=logfile       ejabberd_suite.muc_config_query_slave.7810.html
=started       2024-08-23 19:09:06
=ended         2024-08-23 19:09:07
=result        ok
=elapsed       0.154785
=case          ejabberd_SUITE:end_per_group
=logfile       ejabberd_suite.end_per_group.7843.html
=group_props   [{name,muc_config_query},parallel]
=started       2024-08-23 19:09:07
=ended         2024-08-23 19:09:07
=result        ok
=elapsed       3.0e-6
=group_time    0.217s
=case          ejabberd_SUITE:init_per_group
=logfile       ejabberd_suite.init_per_group.7875.html
=group_props   [{name,muc_config_allow_invites},parallel]
=started       2024-08-23 19:09:07
=ended         2024-08-23 19:09:07
=result        ok
=elapsed       3.0e-6
=case          ejabberd_SUITE:muc_config_allow_invites_master
=logfile       ejabberd_suite.muc_config_allow_invites_master.7874.html
=started       2024-08-23 19:09:07
=ended         2024-08-23 19:09:07
=result        ok
=elapsed       0.112668
=case          ejabberd_SUITE:muc_config_allow_invites_slave
=logfile       ejabberd_suite.muc_config_allow_invites_slave.7907.html
=started       2024-08-23 19:09:07
=ended         2024-08-23 19:09:07
=result        ok
=elapsed       0.112883
=case          ejabberd_SUITE:end_per_group
=logfile       ejabberd_suite.end_per_group.7939.html
=group_props   [{name,muc_config_allow_invites},parallel]
=started       2024-08-23 19:09:07
=ended         2024-08-23 19:09:07
=result        ok
=elapsed       3.0e-6
=group_time    0.172s
=case          ejabberd_SUITE:init_per_group
=logfile       ejabberd_suite.init_per_group.7971.html
=group_props   [{name,muc_config_visitor_status},parallel]
=started       2024-08-23 19:09:07
=ended         2024-08-23 19:09:07
=result        ok
=elapsed       3.0e-6
=case          ejabberd_SUITE:muc_config_visitor_status_master
=logfile       ejabberd_suite.muc_config_visitor_status_master.7970.html
=started       2024-08-23 19:09:07
=ended         2024-08-23 19:09:07
=result        ok
=elapsed       0.113079
=case          ejabberd_SUITE:muc_config_visitor_status_slave
=logfile       ejabberd_suite.muc_config_visitor_status_slave.8002.html
=started       2024-08-23 19:09:07
=ended         2024-08-23 19:09:07
=result        ok
=elapsed       0.110159
=case          ejabberd_SUITE:end_per_group
=logfile       ejabberd_suite.end_per_group.8098.html
=group_props   [{name,muc_config_visitor_status},parallel]
=started       2024-08-23 19:09:07
=ended         2024-08-23 19:09:07
=result        ok
=elapsed       2.0e-6
=group_time    0.169s
=case          ejabberd_SUITE:init_per_group
=logfile       ejabberd_suite.init_per_group.8067.html
=group_props   [{name,muc_config_allow_voice_requests},parallel]
=started       2024-08-23 19:09:07
=ended         2024-08-23 19:09:07
=result        ok
=elapsed       3.0e-6
=case          ejabberd_SUITE:muc_config_allow_voice_requests_master
=logfile       ejabberd_suite.muc_config_allow_voice_requests_master.5156.html
=started       2024-08-23 19:09:07
=ended         2024-08-23 19:09:07
=result        ok
=elapsed       0.111716
=case          ejabberd_SUITE:muc_config_allow_voice_requests_slave
=logfile       ejabberd_suite.muc_config_allow_voice_requests_slave.5188.html
=started       2024-08-23 19:09:07
=ended         2024-08-23 19:09:07
=result        ok
=elapsed       0.108944
=case          ejabberd_SUITE:end_per_group
=logfile       ejabberd_suite.end_per_group.5284.html
=group_props   [{name,muc_config_allow_voice_requests},parallel]
=started       2024-08-23 19:09:07
=ended         2024-08-23 19:09:07
=result        ok
=elapsed       3.0e-6
=group_time    0.168s
=case          ejabberd_SUITE:init_per_group
=logfile       ejabberd_suite.init_per_group.5316.html
=group_props   [{name,muc_config_voice_request_interval},parallel]
=started       2024-08-23 19:09:07
=ended         2024-08-23 19:09:07
=result        ok
=elapsed       3.0e-6
=case          ejabberd_SUITE:muc_config_voice_request_interval_master
=logfile       ejabberd_suite.muc_config_voice_request_interval_master.8194.html
=started       2024-08-23 19:09:07
=ended         2024-08-23 19:09:12
=result        ok
=elapsed       5.198139
=case          ejabberd_SUITE:muc_config_voice_request_interval_slave
=logfile       ejabberd_suite.muc_config_voice_request_interval_slave.8226.html
=started       2024-08-23 19:09:07
=ended         2024-08-23 19:09:12
=result        ok
=elapsed       5.196659
=case          ejabberd_SUITE:end_per_group
=logfile       ejabberd_suite.end_per_group.8258.html
=group_props   [{name,muc_config_voice_request_interval},parallel]
=started       2024-08-23 19:09:12
=ended         2024-08-23 19:09:12
=result        ok
=elapsed       7.0e-6
=group_time    5.256s
=case          ejabberd_SUITE:init_per_group
=logfile       ejabberd_suite.init_per_group.8290.html
=group_props   [{name,muc_config_visitor_nickchange},parallel]
=started       2024-08-23 19:09:12
=ended         2024-08-23 19:09:12
=result        ok
=elapsed       3.0e-6
=case          ejabberd_SUITE:muc_config_visitor_nickchange_master
=logfile       ejabberd_suite.muc_config_visitor_nickchange_master.2149.html
=started       2024-08-23 19:09:12
=ended         2024-08-23 19:09:13
=result        ok
=elapsed       0.111436
=case          ejabberd_SUITE:muc_config_visitor_nickchange_slave
=logfile       ejabberd_suite.muc_config_visitor_nickchange_slave.5412.html
=started       2024-08-23 19:09:12
=ended         2024-08-23 19:09:13
=result        ok
=elapsed       0.109078
=case          ejabberd_SUITE:end_per_group
=logfile       ejabberd_suite.end_per_group.5540.html
=group_props   [{name,muc_config_visitor_nickchange},parallel]
=started       2024-08-23 19:09:13
=ended         2024-08-23 19:09:13
=result        ok
=elapsed       2.0e-6
=group_time    0.168s
=case          ejabberd_SUITE:init_per_group
=logfile       ejabberd_suite.init_per_group.5572.html
=group_props   [{name,muc_join_conflict},parallel]
=started       2024-08-23 19:09:13
=ended         2024-08-23 19:09:13
=result        ok
=elapsed       3.0e-6
=case          ejabberd_SUITE:muc_join_conflict_master
=logfile       ejabberd_suite.muc_join_conflict_master.5604.html
=started       2024-08-23 19:09:13
=ended         2024-08-23 19:09:13
=result        ok
=elapsed       0.108282
=case          ejabberd_SUITE:muc_join_conflict_slave
=logfile       ejabberd_suite.muc_join_conflict_slave.5636.html
=started       2024-08-23 19:09:13
=ended         2024-08-23 19:09:13
=result        ok
=elapsed       0.104764
=case          ejabberd_SUITE:end_per_group
=logfile       ejabberd_suite.end_per_group.8386.html
=group_props   [{name,muc_join_conflict},parallel]
=started       2024-08-23 19:09:13
=ended         2024-08-23 19:09:13
=result        ok
=elapsed       2.0e-6
=group_time    0.169s
=case          ejabberd_SUITE:end_per_group
=logfile       ejabberd_suite.end_per_group.8418.html
=group_props   [{name,muc_master_slave},sequence]
=started       2024-08-23 19:09:13
=ended         2024-08-23 19:09:13
=result        ok
=elapsed       2.0e-6
=group_time    10.977s
=case          ejabberd_SUITE:init_per_group
=logfile       ejabberd_suite.init_per_group.8450.html
=group_props   [{name,privacy_master_slave},sequence]
=started       2024-08-23 19:09:13
=ended         2024-08-23 19:09:13
=result        ok
=elapsed       3.0e-6
=case          ejabberd_SUITE:init_per_group
=logfile       ejabberd_suite.init_per_group.8482.html
=group_props   [{name,privacy_deny_bare_jid},parallel]
=started       2024-08-23 19:09:13
=ended         2024-08-23 19:09:13
=result        ok
=elapsed       2.0e-6
=case          ejabberd_SUITE:privacy_deny_bare_jid_master
=logfile       ejabberd_suite.privacy_deny_bare_jid_master.8514.html
=started       2024-08-23 19:09:13
=ended         2024-08-23 19:09:14
=result        ok
=elapsed       1.1175
=case          ejabberd_SUITE:privacy_deny_bare_jid_slave
=logfile       ejabberd_suite.privacy_deny_bare_jid_slave.8546.html
=started       2024-08-23 19:09:13
=ended         2024-08-23 19:09:14
=result        ok
=elapsed       1.118365
=case          ejabberd_SUITE:end_per_group
=logfile       ejabberd_suite.end_per_group.8674.html
=group_props   [{name,privacy_deny_bare_jid},parallel]
=started       2024-08-23 19:09:14
=ended         2024-08-23 19:09:14
=result        ok
=elapsed       2.0e-6
=group_time    1.175s
=case          ejabberd_SUITE:init_per_group
=logfile       ejabberd_suite.init_per_group.8706.html
=group_props   [{name,privacy_deny_full_jid},parallel]
=started       2024-08-23 19:09:14
=ended         2024-08-23 19:09:14
=result        ok
=elapsed       3.0e-6
=case          ejabberd_SUITE:privacy_deny_full_jid_master
=logfile       ejabberd_suite.privacy_deny_full_jid_master.8738.html
=started       2024-08-23 19:09:14
=ended         2024-08-23 19:09:15
=result        ok
=elapsed       1.117686
=case          ejabberd_SUITE:privacy_deny_full_jid_slave
=logfile       ejabberd_suite.privacy_deny_full_jid_slave.8770.html
=started       2024-08-23 19:09:14
=ended         2024-08-23 19:09:15
=result        ok
=elapsed       1.116435
=case          ejabberd_SUITE:end_per_group
=logfile       ejabberd_suite.end_per_group.8930.html
=group_props   [{name,privacy_deny_full_jid},parallel]
=started       2024-08-23 19:09:15
=ended         2024-08-23 19:09:15
=result        ok
=elapsed       2.0e-6
=group_time    1.176s
=case          ejabberd_SUITE:init_per_group
=logfile       ejabberd_suite.init_per_group.8962.html
=group_props   [{name,privacy_deny_server_bare_jid},parallel]
=started       2024-08-23 19:09:15
=ended         2024-08-23 19:09:15
=result        ok
=elapsed       3.0e-6
=case          ejabberd_SUITE:privacy_deny_server_bare_jid_master
=logfile       ejabberd_suite.privacy_deny_server_bare_jid_master.8994.html
=started       2024-08-23 19:09:15
=ended         2024-08-23 19:09:16
=result        ok
=elapsed       1.116435
=case          ejabberd_SUITE:privacy_deny_server_bare_jid_slave
=logfile       ejabberd_suite.privacy_deny_server_bare_jid_slave.5828.html
=started       2024-08-23 19:09:15
=ended         2024-08-23 19:09:16
=result        ok
=elapsed       1.115568
=case          ejabberd_SUITE:end_per_group
=logfile       ejabberd_suite.end_per_group.5924.html
=group_props   [{name,privacy_deny_server_bare_jid},parallel]
=started       2024-08-23 19:09:16
=ended         2024-08-23 19:09:16
=result        ok
=elapsed       2.0e-6
=group_time    1.175s
=case          ejabberd_SUITE:init_per_group
=logfile       ejabberd_suite.init_per_group.5956.html
=group_props   [{name,privacy_deny_server_full_jid},parallel]
=started       2024-08-23 19:09:16
=ended         2024-08-23 19:09:17
=result        ok
=elapsed       2.0e-6
=case          ejabberd_SUITE:privacy_deny_server_full_jid_master
=logfile       ejabberd_suite.privacy_deny_server_full_jid_master.8291.html
=started       2024-08-23 19:09:17
=ended         2024-08-23 19:09:18
=result        ok
=elapsed       1.126489
=case          ejabberd_SUITE:privacy_deny_server_full_jid_slave
=logfile       ejabberd_suite.privacy_deny_server_full_jid_slave.8323.html
=started       2024-08-23 19:09:17
=ended         2024-08-23 19:09:18
=result        ok
=elapsed       1.12584
=case          ejabberd_SUITE:end_per_group
=logfile       ejabberd_suite.end_per_group.8451.html
=group_props   [{name,privacy_deny_server_full_jid},parallel]
=started       2024-08-23 19:09:18
=ended         2024-08-23 19:09:18
=result        ok
=elapsed       2.0e-6
=group_time    1.183s
=case          ejabberd_SUITE:init_per_group
=logfile       ejabberd_suite.init_per_group.9090.html
=group_props   [{name,privacy_deny_group},parallel]
=started       2024-08-23 19:09:18
=ended         2024-08-23 19:09:18
=result        ok
=elapsed       3.0e-6
=case          ejabberd_SUITE:privacy_deny_group_master
=logfile       ejabberd_suite.privacy_deny_group_master.9122.html
=started       2024-08-23 19:09:18
=ended         2024-08-23 19:09:19
=result        ok
=elapsed       1.120313
=case          ejabberd_SUITE:privacy_deny_group_slave
=logfile       ejabberd_suite.privacy_deny_group_slave.9154.html
=started       2024-08-23 19:09:18
=ended         2024-08-23 19:09:19
=result        ok
=elapsed       1.121283
=case          ejabberd_SUITE:end_per_group
=logfile       ejabberd_suite.end_per_group.9250.html
=group_props   [{name,privacy_deny_group},parallel]
=started       2024-08-23 19:09:19
=ended         2024-08-23 19:09:19
=result        ok
=elapsed       2.0e-6
=group_time    1.180s
=case          ejabberd_SUITE:init_per_group
=logfile       ejabberd_suite.init_per_group.9282.html
=group_props   [{name,privacy_deny_sub_both},parallel]
=started       2024-08-23 19:09:19
=ended         2024-08-23 19:09:19
=result        ok
=elapsed       3.0e-6
=case          ejabberd_SUITE:privacy_deny_sub_both_master
=logfile       ejabberd_suite.privacy_deny_sub_both_master.9314.html
=started       2024-08-23 19:09:19
=ended         2024-08-23 19:09:20
=result        ok
=elapsed       1.13014
=case          ejabberd_SUITE:privacy_deny_sub_both_slave
=logfile       ejabberd_suite.privacy_deny_sub_both_slave.9346.html
=started       2024-08-23 19:09:19
=ended         2024-08-23 19:09:20
=result        ok
=elapsed       1.129671
=case          ejabberd_SUITE:end_per_group
=logfile       ejabberd_suite.end_per_group.9378.html
=group_props   [{name,privacy_deny_sub_both},parallel]
=started       2024-08-23 19:09:20
=ended         2024-08-23 19:09:20
=result        ok
=elapsed       3.0e-6
=group_time    1.188s
=case          ejabberd_SUITE:init_per_group
=logfile       ejabberd_suite.init_per_group.2373.html
=group_props   [{name,privacy_deny_sub_from},parallel]
=started       2024-08-23 19:09:20
=ended         2024-08-23 19:09:20
=result        ok
=elapsed       3.0e-6
=case          ejabberd_SUITE:privacy_deny_sub_from_master
=logfile       ejabberd_suite.privacy_deny_sub_from_master.2405.html
=started       2024-08-23 19:09:20
=ended         2024-08-23 19:09:21
=result        ok
=elapsed       1.121971
=case          ejabberd_SUITE:privacy_deny_sub_from_slave
=logfile       ejabberd_suite.privacy_deny_sub_from_slave.2437.html
=started       2024-08-23 19:09:20
=ended         2024-08-23 19:09:21
=result        ok
=elapsed       1.12221
=case          ejabberd_SUITE:end_per_group
=logfile       ejabberd_suite.end_per_group.9474.html
=group_props   [{name,privacy_deny_sub_from},parallel]
=started       2024-08-23 19:09:21
=ended         2024-08-23 19:09:21
=result        ok
=elapsed       8.0e-6
=group_time    1.180s
=case          ejabberd_SUITE:init_per_group
=logfile       ejabberd_suite.init_per_group.9506.html
=group_props   [{name,privacy_deny_sub_to},parallel]
=started       2024-08-23 19:09:21
=ended         2024-08-23 19:09:21
=result        ok
=elapsed       3.0e-6
=case          ejabberd_SUITE:privacy_deny_sub_to_master
=logfile       ejabberd_suite.privacy_deny_sub_to_master.9538.html
=started       2024-08-23 19:09:21
=ended         2024-08-23 19:09:23
=result        ok
=elapsed       1.117471
=case          ejabberd_SUITE:privacy_deny_sub_to_slave
=logfile       ejabberd_suite.privacy_deny_sub_to_slave.8611.html
=started       2024-08-23 19:09:21
=ended         2024-08-23 19:09:23
=result        ok
=elapsed       1.118267
=case          ejabberd_SUITE:end_per_group
=logfile       ejabberd_suite.end_per_group.6404.html
=group_props   [{name,privacy_deny_sub_to},parallel]
=started       2024-08-23 19:09:23
=ended         2024-08-23 19:09:23
=result        ok
=elapsed       2.0e-6
=group_time    1.177s
=case          ejabberd_SUITE:init_per_group
=logfile       ejabberd_suite.init_per_group.6436.html
=group_props   [{name,privacy_deny_sub_none},parallel]
=started       2024-08-23 19:09:23
=ended         2024-08-23 19:09:23
=result        ok
=elapsed       3.0e-6
=case          ejabberd_SUITE:privacy_deny_sub_none_master
=logfile       ejabberd_suite.privacy_deny_sub_none_master.6468.html
=started       2024-08-23 19:09:23
=ended         2024-08-23 19:09:24
=result        ok
=elapsed       1.120198
=case          ejabberd_SUITE:privacy_deny_sub_none_slave
=logfile       ejabberd_suite.privacy_deny_sub_none_slave.6500.html
=started       2024-08-23 19:09:23
=ended         2024-08-23 19:09:24
=result        ok
=elapsed       1.12078
=case          ejabberd_SUITE:end_per_group
=logfile       ejabberd_suite.end_per_group.9698.html
=group_props   [{name,privacy_deny_sub_none},parallel]
=started       2024-08-23 19:09:24
=ended         2024-08-23 19:09:24
=result        ok
=elapsed       6.0e-6
=group_time    1.179s
=case          ejabberd_SUITE:init_per_group
=logfile       ejabberd_suite.init_per_group.9730.html
=group_props   [{name,privacy_deny_all},parallel]
=started       2024-08-23 19:09:24
=ended         2024-08-23 19:09:24
=result        ok
=elapsed       2.0e-6
=case          ejabberd_SUITE:privacy_deny_all_master
=logfile       ejabberd_suite.privacy_deny_all_master.9762.html
=started       2024-08-23 19:09:24
=ended         2024-08-23 19:09:25
=result        ok
=elapsed       1.118375
=case          ejabberd_SUITE:privacy_deny_all_slave
=logfile       ejabberd_suite.privacy_deny_all_slave.9794.html
=started       2024-08-23 19:09:24
=ended         2024-08-23 19:09:25
=result        ok
=elapsed       1.119024
=case          ejabberd_SUITE:end_per_group
=logfile       ejabberd_suite.end_per_group.9954.html
=group_props   [{name,privacy_deny_all},parallel]
=started       2024-08-23 19:09:25
=ended         2024-08-23 19:09:25
=result        ok
=elapsed       2.0e-6
=group_time    1.178s
=case          ejabberd_SUITE:init_per_group
=logfile       ejabberd_suite.init_per_group.9986.html
=group_props   [{name,privacy_deny_offline},parallel]
=started       2024-08-23 19:09:25
=ended         2024-08-23 19:09:25
=result        ok
=elapsed       2.0e-6
=case          ejabberd_SUITE:privacy_deny_offline_master
=logfile       ejabberd_suite.privacy_deny_offline_master.10018.html
=started       2024-08-23 19:09:25
=ended         2024-08-23 19:09:25
=result        ok
=elapsed       0.232775
=case          ejabberd_SUITE:privacy_deny_offline_slave
=logfile       ejabberd_suite.privacy_deny_offline_slave.10050.html
=started       2024-08-23 19:09:25
=ended         2024-08-23 19:09:25
=result        ok
=elapsed       0.33558
=case          ejabberd_SUITE:end_per_group
=logfile       ejabberd_suite.end_per_group.10146.html
=group_props   [{name,privacy_deny_offline},parallel]
=started       2024-08-23 19:09:25
=ended         2024-08-23 19:09:25
=result        ok
=elapsed       2.0e-6
=group_time    0.392s
=case          ejabberd_SUITE:init_per_group
=logfile       ejabberd_suite.init_per_group.10178.html
=group_props   [{name,privacy_block},parallel]
=started       2024-08-23 19:09:25
=ended         2024-08-23 19:09:25
=result        ok
=elapsed       3.0e-6
=case          ejabberd_SUITE:privacy_block_master
=logfile       ejabberd_suite.privacy_block_master.10210.html
=started       2024-08-23 19:09:25
=ended         2024-08-23 19:09:26
=result        ok
=elapsed       0.423591
=case          ejabberd_SUITE:privacy_block_slave
=logfile       ejabberd_suite.privacy_block_slave.10242.html
=started       2024-08-23 19:09:25
=ended         2024-08-23 19:09:26
=result        ok
=elapsed       0.422957
=case          ejabberd_SUITE:end_per_group
=logfile       ejabberd_suite.end_per_group.10306.html
=group_props   [{name,privacy_block},parallel]
=started       2024-08-23 19:09:26
=ended         2024-08-23 19:09:26
=result        ok
=elapsed       2.0e-6
=group_time    0.482s
=case          ejabberd_SUITE:init_per_group
=logfile       ejabberd_suite.init_per_group.10338.html
=group_props   [{name,privacy_unblock},parallel]
=started       2024-08-23 19:09:26
=ended         2024-08-23 19:09:26
=result        ok
=elapsed       3.0e-6
=case          ejabberd_SUITE:privacy_unblock_master
=logfile       ejabberd_suite.privacy_unblock_master.10370.html
=started       2024-08-23 19:09:26
=ended         2024-08-23 19:09:26
=result        ok
=elapsed       0.190518
=case          ejabberd_SUITE:privacy_unblock_slave
=logfile       ejabberd_suite.privacy_unblock_slave.10402.html
=started       2024-08-23 19:09:26
=ended         2024-08-23 19:09:26
=result        ok
=elapsed       0.188746
=case          ejabberd_SUITE:end_per_group
=logfile       ejabberd_suite.end_per_group.6852.html
=group_props   [{name,privacy_unblock},parallel]
=started       2024-08-23 19:09:26
=ended         2024-08-23 19:09:26
=result        ok
=elapsed       2.0e-6
=group_time    0.248s
=case          ejabberd_SUITE:init_per_group
=logfile       ejabberd_suite.init_per_group.6884.html
=group_props   [{name,privacy_unblock_all},parallel]
=started       2024-08-23 19:09:26
=ended         2024-08-23 19:09:26
=result        ok
=elapsed       3.0e-6
=case          ejabberd_SUITE:privacy_unblock_all_master
=logfile       ejabberd_suite.privacy_unblock_all_master.10466.html
=started       2024-08-23 19:09:26
=ended         2024-08-23 19:09:26
=result        ok
=elapsed       0.190847
=case          ejabberd_SUITE:privacy_unblock_all_slave
=logfile       ejabberd_suite.privacy_unblock_all_slave.10498.html
=started       2024-08-23 19:09:26
=ended         2024-08-23 19:09:26
=result        ok
=elapsed       0.188559
=case          ejabberd_SUITE:end_per_group
=logfile       ejabberd_suite.end_per_group.10562.html
=group_props   [{name,privacy_unblock_all},parallel]
=started       2024-08-23 19:09:26
=ended         2024-08-23 19:09:26
=result        ok
=elapsed       2.0e-6
=group_time    0.248s
=case          ejabberd_SUITE:end_per_group
=logfile       ejabberd_suite.end_per_group.10594.html
=group_props   [{name,privacy_master_slave},sequence]
=started       2024-08-23 19:09:26
=ended         2024-08-23 19:09:26
=result        ok
=elapsed       7.0e-6
=group_time    13.535s
=case          ejabberd_SUITE:init_per_group
=logfile       ejabberd_suite.init_per_group.10626.html
=group_props   [{name,pubsub_master_slave},sequence]
=started       2024-08-23 19:09:26
=ended         2024-08-23 19:09:26
=result        ok
=elapsed       3.0e-6
=case          ejabberd_SUITE:init_per_group
=logfile       ejabberd_suite.init_per_group.10658.html
=group_props   [{name,pubsub_publish},parallel]
=started       2024-08-23 19:09:26
=ended         2024-08-23 19:09:26
=result        ok
=elapsed       2.0e-6
=case          ejabberd_SUITE:pubsub_publish_master
=logfile       ejabberd_suite.pubsub_publish_master.10690.html
=started       2024-08-23 19:09:26
=ended         2024-08-23 19:09:27
=result        ok
=elapsed       0.105392
=case          ejabberd_SUITE:pubsub_publish_slave
=logfile       ejabberd_suite.pubsub_publish_slave.10722.html
=started       2024-08-23 19:09:26
=ended         2024-08-23 19:09:27
=result        ok
=elapsed       0.103637
=case          ejabberd_SUITE:end_per_group
=logfile       ejabberd_suite.end_per_group.10754.html
=group_props   [{name,pubsub_publish},parallel]
=started       2024-08-23 19:09:27
=ended         2024-08-23 19:09:27
=result        ok
=elapsed       3.0e-6
=group_time    0.163s
=case          ejabberd_SUITE:init_per_group
=logfile       ejabberd_suite.init_per_group.10786.html
=group_props   [{name,pubsub_subscriptions},parallel]
=started       2024-08-23 19:09:27
=ended         2024-08-23 19:09:27
=result        ok
=elapsed       3.0e-6
=case          ejabberd_SUITE:pubsub_subscriptions_master
=logfile       ejabberd_suite.pubsub_subscriptions_master.9091.html
=started       2024-08-23 19:09:27
=ended         2024-08-23 19:09:27
=result        ok
=elapsed       0.11263
=case          ejabberd_SUITE:pubsub_subscriptions_slave
=logfile       ejabberd_suite.pubsub_subscriptions_slave.9123.html
=started       2024-08-23 19:09:27
=ended         2024-08-23 19:09:27
=result        ok
=elapsed       0.108981
=case          ejabberd_SUITE:end_per_group
=logfile       ejabberd_suite.end_per_group.9187.html
=group_props   [{name,pubsub_subscriptions},parallel]
=started       2024-08-23 19:09:27
=ended         2024-08-23 19:09:27
=result        ok
=elapsed       3.0e-6
=group_time    0.168s
=case          ejabberd_SUITE:init_per_group
=logfile       ejabberd_suite.init_per_group.9219.html
=group_props   [{name,pubsub_affiliations},parallel]
=started       2024-08-23 19:09:27
=ended         2024-08-23 19:09:27
=result        ok
=elapsed       3.0e-6
=case          ejabberd_SUITE:pubsub_affiliations_master
=logfile       ejabberd_suite.pubsub_affiliations_master.9251.html
=started       2024-08-23 19:09:27
=ended         2024-08-23 19:09:29
=result        ok
=elapsed       1.717522
=case          ejabberd_SUITE:pubsub_affiliations_slave
=logfile       ejabberd_suite.pubsub_affiliations_slave.9283.html
=started       2024-08-23 19:09:27
=ended         2024-08-23 19:09:29
=result        ok
=elapsed       1.735737
=case          ejabberd_SUITE:end_per_group
=logfile       ejabberd_suite.end_per_group.9315.html
=group_props   [{name,pubsub_affiliations},parallel]
=started       2024-08-23 19:09:29
=ended         2024-08-23 19:09:29
=result        ok
=elapsed       2.0e-6
=group_time    1.794s
=case          ejabberd_SUITE:init_per_group
=logfile       ejabberd_suite.init_per_group.9347.html
=group_props   [{name,pubsub_authorize},parallel]
=started       2024-08-23 19:09:29
=ended         2024-08-23 19:09:29
=result        ok
=elapsed       2.0e-6
=case          ejabberd_SUITE:pubsub_authorize_master
=logfile       ejabberd_suite.pubsub_authorize_master.9379.html
=started       2024-08-23 19:09:29
=ended         2024-08-23 19:09:29
=result        ok
=elapsed       0.19742
=case          ejabberd_SUITE:pubsub_authorize_slave
=logfile       ejabberd_suite.pubsub_authorize_slave.6980.html
=started       2024-08-23 19:09:29
=ended         2024-08-23 19:09:29
=result        ok
=elapsed       0.156203
=case          ejabberd_SUITE:end_per_group
=logfile       ejabberd_suite.end_per_group.7012.html
=group_props   [{name,pubsub_authorize},parallel]
=started       2024-08-23 19:09:29
=ended         2024-08-23 19:09:29
=result        ok
=elapsed       2.0e-6
=group_time    0.254s
=case          ejabberd_SUITE:end_per_group
=logfile       ejabberd_suite.end_per_group.11042.html
=group_props   [{name,pubsub_master_slave},sequence]
=started       2024-08-23 19:09:29
=ended         2024-08-23 19:09:29
=result        ok
=elapsed       9.0e-6
=group_time    2.506s
=case          ejabberd_SUITE:init_per_group
=logfile       ejabberd_suite.init_per_group.11074.html
=group_props   [{name,roster_master_slave},sequence]
=started       2024-08-23 19:09:29
=ended         2024-08-23 19:09:29
=result        ok
=elapsed       3.0e-6
=case          ejabberd_SUITE:init_per_group
=logfile       ejabberd_suite.init_per_group.11106.html
=group_props   [{name,roster_subscribe},parallel]
=started       2024-08-23 19:09:29
=ended         2024-08-23 19:09:29
=result        ok
=elapsed       2.0e-6
=case          ejabberd_SUITE:roster_subscribe_master
=logfile       ejabberd_suite.roster_subscribe_master.11138.html
=started       2024-08-23 19:09:29
=ended         2024-08-23 19:09:41
=result        ok
=elapsed       12.250374
=case          ejabberd_SUITE:roster_subscribe_slave
=logfile       ejabberd_suite.roster_subscribe_slave.11170.html
=started       2024-08-23 19:09:29
=ended         2024-08-23 19:09:41
=result        ok
=elapsed       12.24991
=case          ejabberd_SUITE:end_per_group
=logfile       ejabberd_suite.end_per_group.12898.html
=group_props   [{name,roster_subscribe},parallel]
=started       2024-08-23 19:09:41
=ended         2024-08-23 19:09:41
=result        ok
=elapsed       2.0e-6
=group_time    12.309s
=case          ejabberd_SUITE:end_per_group
=logfile       ejabberd_suite.end_per_group.12930.html
=group_props   [{name,roster_master_slave},sequence]
=started       2024-08-23 19:09:41
=ended         2024-08-23 19:09:41
=result        ok
=elapsed       1.0e-6
=group_time    12.357s
=case          ejabberd_SUITE:init_per_group
=logfile       ejabberd_suite.init_per_group.12962.html
=group_props   [{name,offline_master_slave},sequence]
=started       2024-08-23 19:09:41
=ended         2024-08-23 19:09:41
=result        ok
=elapsed       2.0e-6
=case          ejabberd_SUITE:init_per_group
=logfile       ejabberd_suite.init_per_group.12994.html
=group_props   [{name,offline_flex},parallel]
=started       2024-08-23 19:09:41
=ended         2024-08-23 19:09:41
=result        ok
=elapsed       2.0e-6
=case          ejabberd_SUITE:offline_flex_master
=logfile       ejabberd_suite.offline_flex_master.13026.html
=started       2024-08-23 19:09:41
=ended         2024-08-23 19:09:42
=result        ok
=elapsed       0.203582
=case          ejabberd_SUITE:offline_flex_slave
=logfile       ejabberd_suite.offline_flex_slave.8804.html
=started       2024-08-23 19:09:41
=ended         2024-08-23 19:09:42
=result        ok
=elapsed       0.316861
=case          ejabberd_SUITE:end_per_group
=logfile       ejabberd_suite.end_per_group.8868.html
=group_props   [{name,offline_flex},parallel]
=started       2024-08-23 19:09:42
=ended         2024-08-23 19:09:42
=result        ok
=elapsed       2.0e-6
=group_time    0.373s
=case          ejabberd_SUITE:init_per_group
=logfile       ejabberd_suite.init_per_group.8900.html
=group_props   [{name,offline_send_all},parallel]
=started       2024-08-23 19:09:42
=ended         2024-08-23 19:09:42
=result        ok
=elapsed       3.0e-6
=case          ejabberd_SUITE:offline_send_all_master
=logfile       ejabberd_suite.offline_send_all_master.8932.html
=started       2024-08-23 19:09:42
=ended         2024-08-23 19:09:56
=result        ok
=elapsed       13.765734
=case          ejabberd_SUITE:offline_send_all_slave
=logfile       ejabberd_suite.offline_send_all_slave.8964.html
=started       2024-08-23 19:09:42
=ended         2024-08-23 19:09:56
=result        ok
=elapsed       13.905355
=case          ejabberd_SUITE:end_per_group
=logfile       ejabberd_suite.end_per_group.9028.html
=group_props   [{name,offline_send_all},parallel]
=started       2024-08-23 19:09:56
=ended         2024-08-23 19:09:56
=result        ok
=elapsed       2.0e-6
=group_time    13.963s
=case          ejabberd_SUITE:init_per_group
=logfile       ejabberd_suite.init_per_group.9060.html
=group_props   [{name,offline_from_mam},parallel]
=started       2024-08-23 19:09:56
=ended         2024-08-23 19:09:56
=result        ok
=elapsed       3.0e-6
=case          ejabberd_SUITE:offline_from_mam_master
=logfile       ejabberd_suite.offline_from_mam_master.9092.html
=started       2024-08-23 19:09:56
=ended         2024-08-23 19:10:10
=result        ok
=elapsed       13.883164
=case          ejabberd_SUITE:offline_from_mam_slave
=logfile       ejabberd_suite.offline_from_mam_slave.13218.html
=started       2024-08-23 19:09:56
=ended         2024-08-23 19:10:10
=result        ok
=elapsed       14.0538
=case          ejabberd_SUITE:end_per_group
=logfile       ejabberd_suite.end_per_group.13282.html
=group_props   [{name,offline_from_mam},parallel]
=started       2024-08-23 19:10:10
=ended         2024-08-23 19:10:10
=result        ok
=elapsed       1.1e-5
=group_time    14.111s
=case          ejabberd_SUITE:init_per_group
=logfile       ejabberd_suite.init_per_group.13314.html
=group_props   [{name,offline_mucsub_mam},parallel]
=started       2024-08-23 19:10:10
=ended         2024-08-23 19:10:10
=result        ok
=elapsed       3.0e-6
=case          ejabberd_SUITE:offline_mucsub_mam_master
=logfile       ejabberd_suite.offline_mucsub_mam_master.13346.html
=started       2024-08-23 19:10:10
=ended         2024-08-23 19:10:10
=result        ok
=elapsed       0.220469
=case          ejabberd_SUITE:offline_mucsub_mam_slave
=logfile       ejabberd_suite.offline_mucsub_mam_slave.13378.html
=started       2024-08-23 19:10:10
=ended         2024-08-23 19:10:10
=result        ok
=elapsed       0.220864
=case          ejabberd_SUITE:end_per_group
=logfile       ejabberd_suite.end_per_group.2597.html
=group_props   [{name,offline_mucsub_mam},parallel]
=started       2024-08-23 19:10:10
=ended         2024-08-23 19:10:10
=result        ok
=elapsed       2.0e-6
=group_time    0.280s
=case          ejabberd_SUITE:end_per_group
=logfile       ejabberd_suite.end_per_group.2629.html
=group_props   [{name,offline_master_slave},sequence]
=started       2024-08-23 19:10:10
=ended         2024-08-23 19:10:10
=result        ok
=elapsed       9.0e-6
=group_time    28.851s
=case          ejabberd_SUITE:init_per_group
=logfile       ejabberd_suite.init_per_group.2661.html
=group_props   [{name,mam_master_slave},sequence]
=started       2024-08-23 19:10:10
=ended         2024-08-23 19:10:10
=result        ok
=elapsed       4.0e-6
=case          ejabberd_SUITE:init_per_group
=logfile       ejabberd_suite.init_per_group.2693.html
=group_props   [{name,mam_archived_and_stanza_id},parallel]
=started       2024-08-23 19:10:10
=ended         2024-08-23 19:10:10
=result        ok
=elapsed       2.0e-6
=case          ejabberd_SUITE:mam_archived_and_stanza_id_master
=logfile       ejabberd_suite.mam_archived_and_stanza_id_master.2725.html
=started       2024-08-23 19:10:10
=ended         2024-08-23 19:10:10
=result        ok
=elapsed       0.146978
=case          ejabberd_SUITE:mam_archived_and_stanza_id_slave
=logfile       ejabberd_suite.mam_archived_and_stanza_id_slave.2757.html
=started       2024-08-23 19:10:10
=ended         2024-08-23 19:10:10
=result        ok
=elapsed       0.150821
=case          ejabberd_SUITE:end_per_group
=logfile       ejabberd_suite.end_per_group.9252.html
=group_props   [{name,mam_archived_and_stanza_id},parallel]
=started       2024-08-23 19:10:10
=ended         2024-08-23 19:10:10
=result        ok
=elapsed       2.0e-6
=group_time    0.207s
=case          ejabberd_SUITE:init_per_group
=logfile       ejabberd_suite.init_per_group.2853.html
=group_props   [{name,mam_query_all},parallel]
=started       2024-08-23 19:10:10
=ended         2024-08-23 19:10:11
=result        ok
=elapsed       2.0e-6
=case          ejabberd_SUITE:mam_query_all_master
=logfile       ejabberd_suite.mam_query_all_master.2885.html
=started       2024-08-23 19:10:11
=ended         2024-08-23 19:10:11
=result        ok
=elapsed       0.181151
=case          ejabberd_SUITE:mam_query_all_slave
=logfile       ejabberd_suite.mam_query_all_slave.13474.html
=started       2024-08-23 19:10:11
=ended         2024-08-23 19:10:11
=result        ok
=elapsed       0.180309
=case          ejabberd_SUITE:end_per_group
=logfile       ejabberd_suite.end_per_group.2949.html
=group_props   [{name,mam_query_all},parallel]
=started       2024-08-23 19:10:11
=ended         2024-08-23 19:10:11
=result        ok
=elapsed       7.0e-6
=group_time    0.239s
=case          ejabberd_SUITE:init_per_group
=logfile       ejabberd_suite.init_per_group.2981.html
=group_props   [{name,mam_query_with},parallel]
=started       2024-08-23 19:10:11
=ended         2024-08-23 19:10:11
=result        ok
=elapsed       3.0e-6
=case          ejabberd_SUITE:mam_query_with_master
=logfile       ejabberd_suite.mam_query_with_master.3013.html
=started       2024-08-23 19:10:11
=ended         2024-08-23 19:10:11
=result        ok
=elapsed       0.182178
=case          ejabberd_SUITE:mam_query_with_slave
=logfile       ejabberd_suite.mam_query_with_slave.3045.html
=started       2024-08-23 19:10:11
=ended         2024-08-23 19:10:11
=result        ok
=elapsed       0.184948
=case          ejabberd_SUITE:end_per_group
=logfile       ejabberd_suite.end_per_group.3109.html
=group_props   [{name,mam_query_with},parallel]
=started       2024-08-23 19:10:11
=ended         2024-08-23 19:10:11
=result        ok
=elapsed       3.0e-6
=group_time    0.242s
=case          ejabberd_SUITE:init_per_group
=logfile       ejabberd_suite.init_per_group.9380.html
=group_props   [{name,mam_query_rsm_max},parallel]
=started       2024-08-23 19:10:11
=ended         2024-08-23 19:10:11
=result        ok
=elapsed       4.0e-6
=case          ejabberd_SUITE:mam_query_rsm_max_master
=logfile       ejabberd_suite.mam_query_rsm_max_master.11011.html
=started       2024-08-23 19:10:11
=ended         2024-08-23 19:10:11
=result        ok
=elapsed       0.230993
=case          ejabberd_SUITE:mam_query_rsm_max_slave
=logfile       ejabberd_suite.mam_query_rsm_max_slave.11043.html
=started       2024-08-23 19:10:11
=ended         2024-08-23 19:10:11
=result        ok
=elapsed       0.226386
=case          ejabberd_SUITE:end_per_group
=logfile       ejabberd_suite.end_per_group.11075.html
=group_props   [{name,mam_query_rsm_max},parallel]
=started       2024-08-23 19:10:11
=ended         2024-08-23 19:10:11
=result        ok
=elapsed       2.0e-6
=group_time    0.289s
=case          ejabberd_SUITE:init_per_group
=logfile       ejabberd_suite.init_per_group.11107.html
=group_props   [{name,mam_query_rsm_after},parallel]
=started       2024-08-23 19:10:11
=ended         2024-08-23 19:10:11
=result        ok
=elapsed       2.0e-6
=case          ejabberd_SUITE:mam_query_rsm_after_master
=logfile       ejabberd_suite.mam_query_rsm_after_master.11139.html
=started       2024-08-23 19:10:11
=ended         2024-08-23 19:10:12
=result        ok
=elapsed       0.207998
=case          ejabberd_SUITE:mam_query_rsm_after_slave
=logfile       ejabberd_suite.mam_query_rsm_after_slave.11171.html
=started       2024-08-23 19:10:11
=ended         2024-08-23 19:10:12
=result        ok
=elapsed       0.218207
=case          ejabberd_SUITE:end_per_group
=logfile       ejabberd_suite.end_per_group.11235.html
=group_props   [{name,mam_query_rsm_after},parallel]
=started       2024-08-23 19:10:12
=ended         2024-08-23 19:10:12
=result        ok
=elapsed       7.0e-6
=group_time    0.275s
=case          ejabberd_SUITE:init_per_group
=logfile       ejabberd_suite.init_per_group.11267.html
=group_props   [{name,mam_query_rsm_before},parallel]
=started       2024-08-23 19:10:12
=ended         2024-08-23 19:10:12
=result        ok
=elapsed       4.0e-6
=case          ejabberd_SUITE:mam_query_rsm_before_master
=logfile       ejabberd_suite.mam_query_rsm_before_master.11299.html
=started       2024-08-23 19:10:12
=ended         2024-08-23 19:10:12
=result        ok
=elapsed       0.217651
=case          ejabberd_SUITE:mam_query_rsm_before_slave
=logfile       ejabberd_suite.mam_query_rsm_before_slave.11331.html
=started       2024-08-23 19:10:12
=ended         2024-08-23 19:10:12
=result        ok
=elapsed       0.218034
=case          ejabberd_SUITE:end_per_group
=logfile       ejabberd_suite.end_per_group.11427.html
=group_props   [{name,mam_query_rsm_before},parallel]
=started       2024-08-23 19:10:12
=ended         2024-08-23 19:10:12
=result        ok
=elapsed       2.0e-6
=group_time    0.278s
=case          ejabberd_SUITE:init_per_group
=logfile       ejabberd_suite.init_per_group.11459.html
=group_props   [{name,mam_muc},parallel]
=started       2024-08-23 19:10:12
=ended         2024-08-23 19:10:12
=result        ok
=elapsed       3.0e-6
=case          ejabberd_SUITE:mam_muc_master
=logfile       ejabberd_suite.mam_muc_master.13730.html
=started       2024-08-23 19:10:12
=ended         2024-08-23 19:10:12
=result        ok
=elapsed       0.142523
=case          ejabberd_SUITE:mam_muc_slave
=logfile       ejabberd_suite.mam_muc_slave.13762.html
=started       2024-08-23 19:10:12
=ended         2024-08-23 19:10:12
=result        ok
=elapsed       0.139339
=case          ejabberd_SUITE:end_per_group
=logfile       ejabberd_suite.end_per_group.11491.html
=group_props   [{name,mam_muc},parallel]
=started       2024-08-23 19:10:12
=ended         2024-08-23 19:10:12
=result        ok
=elapsed       8.0e-6
=group_time    0.198s
=case          ejabberd_SUITE:init_per_group
=logfile       ejabberd_suite.init_per_group.11523.html
=group_props   [{name,mam_mucsub},parallel]
=started       2024-08-23 19:10:12
=ended         2024-08-23 19:10:12
=result        ok
=elapsed       2.0e-6
=case          ejabberd_SUITE:mam_mucsub_master
=logfile       ejabberd_suite.mam_mucsub_master.11555.html
=started       2024-08-23 19:10:12
=ended         2024-08-23 19:10:12
=result        ok
=elapsed       0.126138
=case          ejabberd_SUITE:mam_mucsub_slave
=logfile       ejabberd_suite.mam_mucsub_slave.11587.html
=started       2024-08-23 19:10:12
=ended         2024-08-23 19:10:12
=result        ok
=elapsed       0.124888
=case          ejabberd_SUITE:end_per_group
=logfile       ejabberd_suite.end_per_group.11683.html
=group_props   [{name,mam_mucsub},parallel]
=started       2024-08-23 19:10:12
=ended         2024-08-23 19:10:12
=result        ok
=elapsed       2.0e-6
=group_time    0.182s
=case          ejabberd_SUITE:init_per_group
=logfile       ejabberd_suite.init_per_group.11715.html
=group_props   [{name,mam_mucsub_from_muc},parallel]
=started       2024-08-23 19:10:12
=ended         2024-08-23 19:10:12
=result        ok
=elapsed       3.0e-6
=case          ejabberd_SUITE:mam_mucsub_from_muc_master
=logfile       ejabberd_suite.mam_mucsub_from_muc_master.11747.html
=started       2024-08-23 19:10:12
=ended         2024-08-23 19:10:13
=result        ok
=elapsed       0.124107
=case          ejabberd_SUITE:mam_mucsub_from_muc_slave
=logfile       ejabberd_suite.mam_mucsub_from_muc_slave.11779.html
=started       2024-08-23 19:10:12
=ended         2024-08-23 19:10:13
=result        ok
=elapsed       0.121676
=case          ejabberd_SUITE:end_per_group
=logfile       ejabberd_suite.end_per_group.11875.html
=group_props   [{name,mam_mucsub_from_muc},parallel]
=started       2024-08-23 19:10:13
=ended         2024-08-23 19:10:13
=result        ok
=elapsed       2.0e-6
=group_time    0.182s
=case          ejabberd_SUITE:init_per_group
=logfile       ejabberd_suite.init_per_group.3461.html
=group_props   [{name,mam_mucsub_from_muc_non_persistent},parallel]
=started       2024-08-23 19:10:13
=ended         2024-08-23 19:10:13
=result        ok
=elapsed       4.0e-6
=case          ejabberd_SUITE:mam_mucsub_from_muc_non_persistent_master
=logfile       ejabberd_suite.mam_mucsub_from_muc_non_persistent_master.3493.html
=started       2024-08-23 19:10:13
=ended         2024-08-23 19:10:13
=result        ok
=elapsed       0.123379
=case          ejabberd_SUITE:mam_mucsub_from_muc_non_persistent_slave
=logfile       ejabberd_suite.mam_mucsub_from_muc_non_persistent_slave.13858.html
=started       2024-08-23 19:10:13
=ended         2024-08-23 19:10:13
=result        ok
=elapsed       0.121388
=case          ejabberd_SUITE:end_per_group
=logfile       ejabberd_suite.end_per_group.13922.html
=group_props   [{name,mam_mucsub_from_muc_non_persistent},parallel]
=started       2024-08-23 19:10:13
=ended         2024-08-23 19:10:13
=result        ok
=elapsed       2.0e-6
=group_time    0.181s
=case          ejabberd_SUITE:end_per_group
=logfile       ejabberd_suite.end_per_group.13954.html
=group_props   [{name,mam_master_slave},sequence]
=started       2024-08-23 19:10:13
=ended         2024-08-23 19:10:13
=result        ok
=elapsed       1.0e-5
=group_time    2.550s
=case          ejabberd_SUITE:init_per_group
=logfile       ejabberd_suite.init_per_group.13986.html
=group_props   [{name,announce_master_slave},sequence]
=started       2024-08-23 19:10:13
=ended         2024-08-23 19:10:13
=result        ok
=elapsed       3.0e-6
=case          ejabberd_SUITE:init_per_group
=logfile       ejabberd_suite.init_per_group.14018.html
=group_props   [{name,announce_set_motd},parallel]
=started       2024-08-23 19:10:13
=ended         2024-08-23 19:10:13
=result        ok
=elapsed       2.0e-6
=case          ejabberd_SUITE:announce_set_motd_master
=logfile       ejabberd_suite.announce_set_motd_master.14050.html
=started       2024-08-23 19:10:13
=ended         2024-08-23 19:10:13
=result        ok
=elapsed       0.104253
=case          ejabberd_SUITE:announce_set_motd_slave
=logfile       ejabberd_suite.announce_set_motd_slave.14082.html
=started       2024-08-23 19:10:13
=ended         2024-08-23 19:10:13
=result        ok
=elapsed       0.103579
=case          ejabberd_SUITE:end_per_group
=logfile       ejabberd_suite.end_per_group.3589.html
=group_props   [{name,announce_set_motd},parallel]
=started       2024-08-23 19:10:13
=ended         2024-08-23 19:10:13
=result        ok
=elapsed       2.0e-6
=group_time    0.161s
=case          ejabberd_SUITE:end_per_group
=logfile       ejabberd_suite.end_per_group.12003.html
=group_props   [{name,announce_master_slave},sequence]
=started       2024-08-23 19:10:13
=ended         2024-08-23 19:10:13
=result        ok
=elapsed       7.0e-6
=group_time    0.211s
=case          ejabberd_SUITE:init_per_group
=logfile       ejabberd_suite.init_per_group.14210.html
=group_props   [{name,csi_master_slave},sequence]
=started       2024-08-23 19:10:13
=ended         2024-08-23 19:10:13
=result        ok
=elapsed       3.0e-6
=case          ejabberd_SUITE:init_per_group
=logfile       ejabberd_suite.init_per_group.14242.html
=group_props   [{name,csi_all},parallel]
=started       2024-08-23 19:10:13
=ended         2024-08-23 19:10:13
=result        ok
=elapsed       2.0e-6
=case          ejabberd_SUITE:csi_all_master
=logfile       ejabberd_suite.csi_all_master.14274.html
=started       2024-08-23 19:10:13
=ended         2024-08-23 19:10:13
=result        ok
=elapsed       0.23256
=case          ejabberd_SUITE:csi_all_slave
=logfile       ejabberd_suite.csi_all_slave.14306.html
=started       2024-08-23 19:10:13
=ended         2024-08-23 19:10:13
=result        ok
=elapsed       0.232013
=case          ejabberd_SUITE:end_per_group
=logfile       ejabberd_suite.end_per_group.14338.html
=group_props   [{name,csi_all},parallel]
=started       2024-08-23 19:10:13
=ended         2024-08-23 19:10:13
=result        ok
=elapsed       2.0e-6
=group_time    0.290s
=case          ejabberd_SUITE:end_per_group
=logfile       ejabberd_suite.end_per_group.14370.html
=group_props   [{name,csi_master_slave},sequence]
=started       2024-08-23 19:10:13
=ended         2024-08-23 19:10:13
=result        ok
=elapsed       7.0e-6
=group_time    0.339s
=case          ejabberd_SUITE:init_per_group
=logfile       ejabberd_suite.init_per_group.14402.html
=group_props   [{name,push_master_slave},sequence]
=started       2024-08-23 19:10:13
=ended         2024-08-23 19:10:13
=result        ok
=elapsed       4.0e-6
=case          ejabberd_SUITE:init_per_group
=logfile       ejabberd_suite.init_per_group.14434.html
=group_props   [{name,push_sm},parallel]
=started       2024-08-23 19:10:13
=ended         2024-08-23 19:10:13
=result        ok
=elapsed       2.0e-6
=case          ejabberd_SUITE:push_sm_master
=logfile       ejabberd_suite.push_sm_master.14466.html
=started       2024-08-23 19:10:13
=ended         2024-08-23 19:10:22
=result        ok
=elapsed       8.107841
=case          ejabberd_SUITE:push_sm_slave
=logfile       ejabberd_suite.push_sm_slave.14498.html
=started       2024-08-23 19:10:13
=ended         2024-08-23 19:10:13
=result        ok
=elapsed       0.001648
=case          ejabberd_SUITE:end_per_group
=logfile       ejabberd_suite.end_per_group.14562.html
=group_props   [{name,push_sm},parallel]
=started       2024-08-23 19:10:22
=ended         2024-08-23 19:10:22
=result        ok
=elapsed       1.1e-5
=group_time    8.166s
=case          ejabberd_SUITE:init_per_group
=logfile       ejabberd_suite.init_per_group.14594.html
=group_props   [{name,push_offline},parallel]
=started       2024-08-23 19:10:22
=ended         2024-08-23 19:10:22
=result        ok
=elapsed       2.0e-6
=case          ejabberd_SUITE:push_offline_master
=logfile       ejabberd_suite.push_offline_master.14626.html
=started       2024-08-23 19:10:22
=ended         2024-08-23 19:10:22
=result        ok
=elapsed       0.251489
=case          ejabberd_SUITE:push_offline_slave
=logfile       ejabberd_suite.push_offline_slave.14658.html
=started       2024-08-23 19:10:22
=ended         2024-08-23 19:10:22
=result        ok
=elapsed       0.104779
=case          ejabberd_SUITE:end_per_group
=logfile       ejabberd_suite.end_per_group.14722.html
=group_props   [{name,push_offline},parallel]
=started       2024-08-23 19:10:22
=ended         2024-08-23 19:10:22
=result        ok
=elapsed       6.0e-6
=group_time    0.308s
=case          ejabberd_SUITE:init_per_group
=logfile       ejabberd_suite.init_per_group.14754.html
=group_props   [{name,push_mam},parallel]
=started       2024-08-23 19:10:22
=ended         2024-08-23 19:10:22
=result        ok
=elapsed       2.0e-6
=case          ejabberd_SUITE:push_mam_master
=logfile       ejabberd_suite.push_mam_master.14786.html
=started       2024-08-23 19:10:22
=ended         2024-08-23 19:10:22
=result        ok
=elapsed       0.14667
=case          ejabberd_SUITE:push_mam_slave
=logfile       ejabberd_suite.push_mam_slave.14818.html
=started       2024-08-23 19:10:22
=ended         2024-08-23 19:10:22
=result        ok
=elapsed       0.252154
=case          ejabberd_SUITE:end_per_group
=logfile       ejabberd_suite.end_per_group.14882.html
=group_props   [{name,push_mam},parallel]
=started       2024-08-23 19:10:22
=ended         2024-08-23 19:10:22
=result        ok
=elapsed       1.0e-5
=group_time    0.312s
=case          ejabberd_SUITE:end_per_group
=logfile       ejabberd_suite.end_per_group.14914.html
=group_props   [{name,push_master_slave},sequence]
=started       2024-08-23 19:10:22
=ended         2024-08-23 19:10:22
=result        ok
=elapsed       2.0e-6
=group_time    8.886s
=case          ejabberd_SUITE:end_per_group
=logfile       ejabberd_suite.end_per_group.14946.html
=group_props   [{name,mnesia},sequence]
=started       2024-08-23 19:10:22
=ended         2024-08-23 19:10:22
=result        ok
=elapsed       0.0
=group_time    96.676s
=case          ejabberd_SUITE:init_per_group
=logfile       ejabberd_suite.init_per_group.14978.html
=group_props   [{name,redis},sequence]
=started       2024-08-23 19:10:22
=ended         2024-08-23 19:10:22
=result        ok
=elapsed       3.1e-5
=case          ejabberd_SUITE:init_per_group
=logfile       ejabberd_suite.init_per_group.3717.html
=group_props   [{name,single_user},sequence]
=started       2024-08-23 19:10:22
=ended         2024-08-23 19:10:22
=result        ok
=elapsed       3.0e-6
=case          ejabberd_SUITE:test_register
=logfile       ejabberd_suite.test_register.3749.html
=started       2024-08-23 19:10:22
=ended         2024-08-23 19:10:22
=result        ok
=elapsed       0.002546
=case          ejabberd_SUITE:init_per_group
=logfile       ejabberd_suite.init_per_group.3781.html
=group_props   [{name,legacy_auth},parallel]
=started       2024-08-23 19:10:22
=ended         2024-08-23 19:10:22
=result        ok
=elapsed       2.0e-6
=case          ejabberd_SUITE:test_legacy_auth_feature
=logfile       ejabberd_suite.test_legacy_auth_feature.3813.html
=started       2024-08-23 19:10:22
=ended         2024-08-23 19:10:22
=result        ok
=elapsed       7.95e-4
=case          ejabberd_SUITE:test_legacy_auth
=logfile       ejabberd_suite.test_legacy_auth.3845.html
=started       2024-08-23 19:10:22
=ended         2024-08-23 19:10:23
=result        ok
=elapsed       0.106845
=case          ejabberd_SUITE:test_legacy_auth_digest
=logfile       ejabberd_suite.test_legacy_auth_digest.3877.html
=started       2024-08-23 19:10:22
=ended         2024-08-23 19:10:23
=result        ok
=elapsed       0.10721
=case          ejabberd_SUITE:test_legacy_auth_no_resource
=logfile       ejabberd_suite.test_legacy_auth_no_resource.9636.html
=started       2024-08-23 19:10:22
=ended         2024-08-23 19:10:22
=result        ok
=elapsed       0.001953
=case          ejabberd_SUITE:test_legacy_auth_bad_jid
=logfile       ejabberd_suite.test_legacy_auth_bad_jid.3909.html
=started       2024-08-23 19:10:22
=ended         2024-08-23 19:10:22
=result        ok
=elapsed       0.002287
=case          ejabberd_SUITE:test_legacy_auth_fail
=logfile       ejabberd_suite.test_legacy_auth_fail.3941.html
=started       2024-08-23 19:10:22
=ended         2024-08-23 19:10:22
=result        ok
=elapsed       0.002994
=case          ejabberd_SUITE:end_per_group
=logfile       ejabberd_suite.end_per_group.15042.html
=group_props   [{name,legacy_auth},parallel]
=started       2024-08-23 19:10:23
=ended         2024-08-23 19:10:23
=result        ok
=elapsed       9.0e-6
=group_time    0.171s
=case          ejabberd_SUITE:auth_plain
=logfile       ejabberd_suite.auth_plain.15074.html
=started       2024-08-23 19:10:23
=ended         2024-08-23 19:10:23
=result        ok
=elapsed       0.001664
=case          ejabberd_SUITE:auth_md5
=logfile       ejabberd_suite.auth_md5.9924.html
=started       2024-08-23 19:10:23
=ended         2024-08-23 19:10:23
=result        ok
=elapsed       0.001889
=case          ejabberd_SUITE:presence_broadcast
=logfile       ejabberd_suite.presence_broadcast.9988.html
=started       2024-08-23 19:10:23
=ended         2024-08-23 19:10:23
=result        ok
=elapsed       0.205574
=case          ejabberd_SUITE:last
=logfile       ejabberd_suite.last.10084.html
=started       2024-08-23 19:10:23
=ended         2024-08-23 19:10:23
=result        ok
=elapsed       0.103491
=case          ejabberd_SUITE:init_per_group
=logfile       ejabberd_suite.init_per_group.10180.html
=group_props   [{name,webadmin_single},sequence]
=started       2024-08-23 19:10:23
=ended         2024-08-23 19:10:23
=result        ok
=elapsed       3.0e-6
=case          ejabberd_SUITE:webadmin_login_page
=logfile       ejabberd_suite.webadmin_login_page.10212.html
=started       2024-08-23 19:10:23
=ended         2024-08-23 19:10:23
=result        ok
=elapsed       3.48e-4
=case          ejabberd_SUITE:webadmin_welcome_page
=logfile       ejabberd_suite.webadmin_welcome_page.10244.html
=started       2024-08-23 19:10:23
=ended         2024-08-23 19:10:23
=result        ok
=elapsed       0.001614
=case          ejabberd_SUITE:webadmin_user_page
=logfile       ejabberd_suite.webadmin_user_page.10276.html
=started       2024-08-23 19:10:23
=ended         2024-08-23 19:10:23
=result        ok
=elapsed       0.003361
=case          ejabberd_SUITE:webadmin_adduser
=logfile       ejabberd_suite.webadmin_adduser.10308.html
=started       2024-08-23 19:10:23
=ended         2024-08-23 19:10:23
=result        ok
=elapsed       0.005418
=case          ejabberd_SUITE:webadmin_changepassword
=logfile       ejabberd_suite.webadmin_changepassword.10340.html
=started       2024-08-23 19:10:23
=ended         2024-08-23 19:10:23
=result        ok
=elapsed       0.002304
=case          ejabberd_SUITE:webadmin_removeuser
=logfile       ejabberd_suite.webadmin_removeuser.10372.html
=started       2024-08-23 19:10:23
=ended         2024-08-23 19:10:23
=result        ok
=elapsed       0.003931
=case          ejabberd_SUITE:end_per_group
=logfile       ejabberd_suite.end_per_group.10404.html
=group_props   [{name,webadmin_single},sequence]
=started       2024-08-23 19:10:23
=ended         2024-08-23 19:10:23
=result        ok
=elapsed       9.0e-6
=group_time    0.191s
=case          ejabberd_SUITE:init_per_group
=logfile       ejabberd_suite.init_per_group.10436.html
=group_props   [{name,roster_single},sequence]
=started       2024-08-23 19:10:23
=ended         2024-08-23 19:10:23
=result        ok
=elapsed       2.0e-6
=case          ejabberd_SUITE:roster_feature_enabled
=logfile       ejabberd_suite.roster_feature_enabled.10468.html
=started       2024-08-23 19:10:23
=ended         2024-08-23 19:10:23
=result        ok
=elapsed       0.101657
=case          ejabberd_SUITE:roster_iq_set_many_items
=logfile       ejabberd_suite.roster_iq_set_many_items.15106.html
=started       2024-08-23 19:10:23
=ended         2024-08-23 19:10:24
=result        ok
=elapsed       0.102867
=case          ejabberd_SUITE:roster_iq_set_duplicated_groups
=logfile       ejabberd_suite.roster_iq_set_duplicated_groups.15138.html
=started       2024-08-23 19:10:24
=ended         2024-08-23 19:10:24
=result        ok
=elapsed       0.1021
=case          ejabberd_SUITE:roster_iq_get_item
=logfile       ejabberd_suite.roster_iq_get_item.15234.html
=started       2024-08-23 19:10:24
=ended         2024-08-23 19:10:24
=result        ok
=elapsed       0.102085
=case          ejabberd_SUITE:roster_iq_unexpected_element
=logfile       ejabberd_suite.roster_iq_unexpected_element.15298.html
=started       2024-08-23 19:10:24
=ended         2024-08-23 19:10:24
=result        ok
=elapsed       0.10293
=case          ejabberd_SUITE:roster_iq_set_ask
=logfile       ejabberd_suite.roster_iq_set_ask.15330.html
=started       2024-08-23 19:10:24
=ended         2024-08-23 19:10:24
=result        ok
=elapsed       0.102656
=case          ejabberd_SUITE:roster_set_item
=logfile       ejabberd_suite.roster_set_item.15362.html
=started       2024-08-23 19:10:24
=ended         2024-08-23 19:10:24
=result        ok
=elapsed       0.322137
=case          ejabberd_SUITE:roster_version
=logfile       ejabberd_suite.roster_version.10788.html
=started       2024-08-23 19:10:24
=ended         2024-08-23 19:10:25
=result        ok
=elapsed       0.147297
=case          ejabberd_SUITE:end_per_group
=logfile       ejabberd_suite.end_per_group.15490.html
=group_props   [{name,roster_single},sequence]
=started       2024-08-23 19:10:25
=ended         2024-08-23 19:10:25
=result        ok
=elapsed       3.0e-6
=group_time    1.349s
=case          ejabberd_SUITE:init_per_group
=logfile       ejabberd_suite.init_per_group.15522.html
=group_props   [{name,private_single},sequence]
=started       2024-08-23 19:10:25
=ended         2024-08-23 19:10:25
=result        ok
=elapsed       3.0e-6
=case          ejabberd_SUITE:private_test_features
=logfile       ejabberd_suite.private_test_features.15554.html
=started       2024-08-23 19:10:25
=ended         2024-08-23 19:10:25
=result        ok
=elapsed       0.10304
=case          ejabberd_SUITE:private_test_no_namespace
=logfile       ejabberd_suite.private_test_no_namespace.15650.html
=started       2024-08-23 19:10:25
=ended         2024-08-23 19:10:25
=result        ok
=elapsed       0.10233
=case          ejabberd_SUITE:private_test_set_get
=logfile       ejabberd_suite.private_test_set_get.15746.html
=started       2024-08-23 19:10:25
=ended         2024-08-23 19:10:25
=result        ok
=elapsed       0.105414
=case          ejabberd_SUITE:private_test_published
=logfile       ejabberd_suite.private_test_published.15778.html
=started       2024-08-23 19:10:25
=ended         2024-08-23 19:10:25
=result        ok
=elapsed       0.104577
=case          ejabberd_SUITE:end_per_group
=logfile       ejabberd_suite.end_per_group.15842.html
=group_props   [{name,private_single},sequence]
=started       2024-08-23 19:10:25
=ended         2024-08-23 19:10:25
=result        ok
=elapsed       2.0e-6
=group_time    0.560s
=case          ejabberd_SUITE:init_per_group
=logfile       ejabberd_suite.init_per_group.15874.html
=group_props   [{name,privacy_single},sequence]
=started       2024-08-23 19:10:25
=ended         2024-08-23 19:10:25
=result        ok
=elapsed       3.0e-6
=case          ejabberd_SUITE:privacy_feature_enabled
=logfile       ejabberd_suite.privacy_feature_enabled.15906.html
=started       2024-08-23 19:10:25
=ended         2024-08-23 19:10:25
=result        ok
=elapsed       0.103105
=case          ejabberd_SUITE:privacy_set_get_list
=logfile       ejabberd_suite.privacy_set_get_list.15970.html
=started       2024-08-23 19:10:25
=ended         2024-08-23 19:10:26
=result        ok
=elapsed       0.146694
=case          ejabberd_SUITE:privacy_get_list_non_existent
=logfile       ejabberd_suite.privacy_get_list_non_existent.16002.html
=started       2024-08-23 19:10:26
=ended         2024-08-23 19:10:26
=result        ok
=elapsed       0.101981
=case          ejabberd_SUITE:privacy_get_empty_lists
=logfile       ejabberd_suite.privacy_get_empty_lists.16034.html
=started       2024-08-23 19:10:26
=ended         2024-08-23 19:10:26
=result        ok
=elapsed       0.102266
=case          ejabberd_SUITE:privacy_set_default
=logfile       ejabberd_suite.privacy_set_default.16130.html
=started       2024-08-23 19:10:26
=ended         2024-08-23 19:10:26
=result        ok
=elapsed       0.145531
=case          ejabberd_SUITE:privacy_del_default
=logfile       ejabberd_suite.privacy_del_default.16194.html
=started       2024-08-23 19:10:26
=ended         2024-08-23 19:10:26
=result        ok
=elapsed       0.147067
=case          ejabberd_SUITE:privacy_set_default_non_existent
=logfile       ejabberd_suite.privacy_set_default_non_existent.12675.html
=started       2024-08-23 19:10:26
=ended         2024-08-23 19:10:26
=result        ok
=elapsed       0.102088
=case          ejabberd_SUITE:privacy_set_active
=logfile       ejabberd_suite.privacy_set_active.12771.html
=started       2024-08-23 19:10:26
=ended         2024-08-23 19:10:26
=result        ok
=elapsed       0.148109
=case          ejabberd_SUITE:privacy_del_active
=logfile       ejabberd_suite.privacy_del_active.12835.html
=started       2024-08-23 19:10:26
=ended         2024-08-23 19:10:27
=result        ok
=elapsed       0.14766
=case          ejabberd_SUITE:privacy_set_active_non_existent
=logfile       ejabberd_suite.privacy_set_active_non_existent.12867.html
=started       2024-08-23 19:10:27
=ended         2024-08-23 19:10:27
=result        ok
=elapsed       0.102013
=case          ejabberd_SUITE:privacy_remove_list
=logfile       ejabberd_suite.privacy_remove_list.12899.html
=started       2024-08-23 19:10:27
=ended         2024-08-23 19:10:27
=result        ok
=elapsed       0.145266
=case          ejabberd_SUITE:privacy_remove_default_list
=logfile       ejabberd_suite.privacy_remove_default_list.12963.html
=started       2024-08-23 19:10:27
=ended         2024-08-23 19:10:27
=result        ok
=elapsed       0.146409
=case          ejabberd_SUITE:privacy_remove_active_list
=logfile       ejabberd_suite.privacy_remove_active_list.13059.html
=started       2024-08-23 19:10:27
=ended         2024-08-23 19:10:27
=result        ok
=elapsed       0.146893
=case          ejabberd_SUITE:privacy_remove_list_non_existent
=logfile       ejabberd_suite.privacy_remove_list_non_existent.13123.html
=started       2024-08-23 19:10:27
=ended         2024-08-23 19:10:27
=result        ok
=elapsed       0.102501
=case          ejabberd_SUITE:privacy_allow_local_server
=logfile       ejabberd_suite.privacy_allow_local_server.13187.html
=started       2024-08-23 19:10:27
=ended         2024-08-23 19:10:28
=result        ok
=elapsed       0.193587
=case          ejabberd_SUITE:privacy_malformed_iq_query
=logfile       ejabberd_suite.privacy_malformed_iq_query.13251.html
=started       2024-08-23 19:10:28
=ended         2024-08-23 19:10:28
=result        ok
=elapsed       0.102876
=case          ejabberd_SUITE:privacy_malformed_get
=logfile       ejabberd_suite.privacy_malformed_get.13347.html
=started       2024-08-23 19:10:28
=ended         2024-08-23 19:10:28
=result        ok
=elapsed       0.10578
=case          ejabberd_SUITE:privacy_malformed_set
=logfile       ejabberd_suite.privacy_malformed_set.13379.html
=started       2024-08-23 19:10:28
=ended         2024-08-23 19:10:28
=result        ok
=elapsed       0.103985
=case          ejabberd_SUITE:privacy_malformed_type_value
=logfile       ejabberd_suite.privacy_malformed_type_value.13475.html
=started       2024-08-23 19:10:28
=ended         2024-08-23 19:10:28
=result        ok
=elapsed       0.10359
=case          ejabberd_SUITE:privacy_set_get_block
=logfile       ejabberd_suite.privacy_set_get_block.16642.html
=started       2024-08-23 19:10:28
=ended         2024-08-23 19:10:28
=result        ok
=elapsed       0.189074
=case          ejabberd_SUITE:end_per_group
=logfile       ejabberd_suite.end_per_group.16706.html
=group_props   [{name,privacy_single},sequence]
=started       2024-08-23 19:10:28
=ended         2024-08-23 19:10:28
=result        ok
=elapsed       3.0e-6
=group_time    3.213s
=case          ejabberd_SUITE:init_per_group
=logfile       ejabberd_suite.init_per_group.16738.html
=group_props   [{name,vcard_single},sequence]
=started       2024-08-23 19:10:28
=ended         2024-08-23 19:10:28
=result        ok
=elapsed       2.0e-6
=case          ejabberd_SUITE:vcard_feature_enabled
=logfile       ejabberd_suite.vcard_feature_enabled.16770.html
=started       2024-08-23 19:10:28
=ended         2024-08-23 19:10:29
=result        ok
=elapsed       0.103769
=case          ejabberd_SUITE:vcard_get_set
=logfile       ejabberd_suite.vcard_get_set.16802.html
=started       2024-08-23 19:10:29
=ended         2024-08-23 19:10:29
=result        ok
=elapsed       0.103646
=case          ejabberd_SUITE:vcard_service_vcard
=logfile       ejabberd_suite.vcard_service_vcard.16866.html
=started       2024-08-23 19:10:29
=ended         2024-08-23 19:10:29
=result        ok
=elapsed       0.102752
=case          ejabberd_SUITE:end_per_group
=logfile       ejabberd_suite.end_per_group.16898.html
=group_props   [{name,vcard_single},sequence]
=started       2024-08-23 19:10:29
=ended         2024-08-23 19:10:29
=result        ok
=elapsed       2.0e-6
=group_time    0.425s
=case          ejabberd_SUITE:init_per_group
=logfile       ejabberd_suite.init_per_group.16930.html
=group_props   [{name,pubsub_single},sequence]
=started       2024-08-23 19:10:29
=ended         2024-08-23 19:10:29
=result        ok
=elapsed       3.0e-6
=case          ejabberd_SUITE:pubsub_test_features
=logfile       ejabberd_suite.pubsub_test_features.16962.html
=started       2024-08-23 19:10:29
=ended         2024-08-23 19:10:29
=result        ok
=elapsed       0.10327
=case          ejabberd_SUITE:pubsub_test_vcard
=logfile       ejabberd_suite.pubsub_test_vcard.13667.html
=started       2024-08-23 19:10:29
=ended         2024-08-23 19:10:29
=result        ok
=elapsed       0.103277
=case          ejabberd_SUITE:pubsub_test_create
=logfile       ejabberd_suite.pubsub_test_create.17090.html
=started       2024-08-23 19:10:29
=ended         2024-08-23 19:10:29
=result        ok
=elapsed       0.103042
=case          ejabberd_SUITE:pubsub_test_configure
=logfile       ejabberd_suite.pubsub_test_configure.17122.html
=started       2024-08-23 19:10:29
=ended         2024-08-23 19:10:29
=result        ok
=elapsed       0.106955
=case          ejabberd_SUITE:pubsub_test_delete
=logfile       ejabberd_suite.pubsub_test_delete.17186.html
=started       2024-08-23 19:10:29
=ended         2024-08-23 19:10:30
=result        ok
=elapsed       0.103236
=case          ejabberd_SUITE:pubsub_test_get_affiliations
=logfile       ejabberd_suite.pubsub_test_get_affiliations.17218.html
=started       2024-08-23 19:10:30
=ended         2024-08-23 19:10:30
=result        ok
=elapsed       0.110462
=case          ejabberd_SUITE:pubsub_test_get_subscriptions
=logfile       ejabberd_suite.pubsub_test_get_subscriptions.17314.html
=started       2024-08-23 19:10:30
=ended         2024-08-23 19:10:30
=result        ok
=elapsed       0.114643
=case          ejabberd_SUITE:pubsub_test_create_instant
=logfile       ejabberd_suite.pubsub_test_create_instant.13891.html
=started       2024-08-23 19:10:30
=ended         2024-08-23 19:10:30
=result        ok
=elapsed       0.103301
=case          ejabberd_SUITE:pubsub_test_default
=logfile       ejabberd_suite.pubsub_test_default.17410.html
=started       2024-08-23 19:10:30
=ended         2024-08-23 19:10:30
=result        ok
=elapsed       0.104279
=case          ejabberd_SUITE:pubsub_test_create_configure
=logfile       ejabberd_suite.pubsub_test_create_configure.17506.html
=started       2024-08-23 19:10:30
=ended         2024-08-23 19:10:30
=result        ok
=elapsed       0.107859
=case          ejabberd_SUITE:pubsub_test_publish
=logfile       ejabberd_suite.pubsub_test_publish.17602.html
=started       2024-08-23 19:10:30
=ended         2024-08-23 19:10:30
=result        ok
=elapsed       0.104759
=case          ejabberd_SUITE:pubsub_test_auto_create
=logfile       ejabberd_suite.pubsub_test_auto_create.17698.html
=started       2024-08-23 19:10:30
=ended         2024-08-23 19:10:31
=result        ok
=elapsed       0.103922
=case          ejabberd_SUITE:pubsub_test_get_items
=logfile       ejabberd_suite.pubsub_test_get_items.17730.html
=started       2024-08-23 19:10:31
=ended         2024-08-23 19:10:31
=result        ok
=elapsed       0.109877
=case          ejabberd_SUITE:pubsub_test_delete_item
=logfile       ejabberd_suite.pubsub_test_delete_item.17794.html
=started       2024-08-23 19:10:31
=ended         2024-08-23 19:10:31
=result        ok
=elapsed       0.106427
=case          ejabberd_SUITE:pubsub_test_purge
=logfile       ejabberd_suite.pubsub_test_purge.17858.html
=started       2024-08-23 19:10:31
=ended         2024-08-23 19:10:31
=result        ok
=elapsed       0.111521
=case          ejabberd_SUITE:pubsub_test_subscribe
=logfile       ejabberd_suite.pubsub_test_subscribe.14147.html
=started       2024-08-23 19:10:31
=ended         2024-08-23 19:10:31
=result        ok
=elapsed       0.105204
=case          ejabberd_SUITE:pubsub_test_subscribe_max_item_1
=logfile       ejabberd_suite.pubsub_test_subscribe_max_item_1.14179.html
=started       2024-08-23 19:10:31
=ended         2024-08-23 19:10:31
=result        ok
=elapsed       0.106688
=case          ejabberd_SUITE:pubsub_test_unsubscribe
=logfile       ejabberd_suite.pubsub_test_unsubscribe.14211.html
=started       2024-08-23 19:10:31
=ended         2024-08-23 19:10:31
=result        ok
=elapsed       0.106044
=case          ejabberd_SUITE:end_per_group
=logfile       ejabberd_suite.end_per_group.14243.html
=group_props   [{name,pubsub_single},sequence]
=started       2024-08-23 19:10:31
=ended         2024-08-23 19:10:31
=result        ok
=elapsed       2.0e-6
=group_time    2.488s
=case          ejabberd_SUITE:init_per_group
=logfile       ejabberd_suite.init_per_group.11364.html
=group_props   [{name,muc_single},sequence]
=started       2024-08-23 19:10:31
=ended         2024-08-23 19:10:31
=result        ok
=elapsed       3.0e-6
=case          ejabberd_SUITE:muc_service_presence_error
=logfile       ejabberd_suite.muc_service_presence_error.14275.html
=started       2024-08-23 19:10:31
=ended         2024-08-23 19:10:32
=result        ok
=elapsed       0.187915
=case          ejabberd_SUITE:muc_service_message_error
=logfile       ejabberd_suite.muc_service_message_error.14339.html
=started       2024-08-23 19:10:32
=ended         2024-08-23 19:10:32
=result        ok
=elapsed       0.189954
=case          ejabberd_SUITE:muc_service_unknown_ns_iq_error
=logfile       ejabberd_suite.muc_service_unknown_ns_iq_error.14403.html
=started       2024-08-23 19:10:32
=ended         2024-08-23 19:10:32
=result        ok
=elapsed       0.192451
=case          ejabberd_SUITE:muc_service_iq_set_error
=logfile       ejabberd_suite.muc_service_iq_set_error.14499.html
=started       2024-08-23 19:10:32
=ended         2024-08-23 19:10:32
=result        ok
=elapsed       0.320974
=case          ejabberd_SUITE:muc_service_improper_iq_error
=logfile       ejabberd_suite.muc_service_improper_iq_error.11428.html
=started       2024-08-23 19:10:32
=ended         2024-08-23 19:10:33
=result        ok
=elapsed       0.277771
=case          ejabberd_SUITE:muc_service_features
=logfile       ejabberd_suite.muc_service_features.11492.html
=started       2024-08-23 19:10:33
=ended         2024-08-23 19:10:33
=result        ok
=elapsed       0.102615
=case          ejabberd_SUITE:muc_service_disco_info_node_error
=logfile       ejabberd_suite.muc_service_disco_info_node_error.11556.html
=started       2024-08-23 19:10:33
=ended         2024-08-23 19:10:33
=result        ok
=elapsed       0.102584
=case          ejabberd_SUITE:muc_service_disco_items
=logfile       ejabberd_suite.muc_service_disco_items.11588.html
=started       2024-08-23 19:10:33
=ended         2024-08-23 19:10:33
=result        ok
=elapsed       0.126948
=case          ejabberd_SUITE:muc_service_unique
=logfile       ejabberd_suite.muc_service_unique.11652.html
=started       2024-08-23 19:10:33
=ended         2024-08-23 19:10:33
=result        ok
=elapsed       0.102699
=case          ejabberd_SUITE:muc_service_vcard
=logfile       ejabberd_suite.muc_service_vcard.11684.html
=started       2024-08-23 19:10:33
=ended         2024-08-23 19:10:33
=result        ok
=elapsed       0.103235
=case          ejabberd_SUITE:muc_configure_non_existent
=logfile       ejabberd_suite.muc_configure_non_existent.11716.html
=started       2024-08-23 19:10:33
=ended         2024-08-23 19:10:34
=result        ok
=elapsed       0.103947
=case          ejabberd_SUITE:muc_cancel_configure_non_existent
=logfile       ejabberd_suite.muc_cancel_configure_non_existent.11780.html
=started       2024-08-23 19:10:34
=ended         2024-08-23 19:10:34
=result        ok
=elapsed       0.103194
=case          ejabberd_SUITE:muc_service_subscriptions
=logfile       ejabberd_suite.muc_service_subscriptions.11876.html
=started       2024-08-23 19:10:34
=ended         2024-08-23 19:10:34
=result        ok
=elapsed       0.136561
=case          ejabberd_SUITE:muc_set_room_affiliation
=logfile       ejabberd_suite.muc_set_room_affiliation.12004.html
=started       2024-08-23 19:10:34
=ended         2024-08-23 19:10:34
=result        ok
=elapsed       0.107742
=case          ejabberd_SUITE:end_per_group
=logfile       ejabberd_suite.end_per_group.12036.html
=group_props   [{name,muc_single},sequence]
=started       2024-08-23 19:10:34
=ended         2024-08-23 19:10:34
=result        ok
=elapsed       9.0e-6
=group_time    2.611s
=case          ejabberd_SUITE:init_per_group
=logfile       ejabberd_suite.init_per_group.18434.html
=group_props   [{name,offline_single},sequence]
=started       2024-08-23 19:10:34
=ended         2024-08-23 19:10:34
=result        ok
=elapsed       3.0e-6
=case          ejabberd_SUITE:offline_feature_enabled
=logfile       ejabberd_suite.offline_feature_enabled.18466.html
=started       2024-08-23 19:10:34
=ended         2024-08-23 19:10:34
=result        ok
=elapsed       0.10313
=case          ejabberd_SUITE:offline_check_identity
=logfile       ejabberd_suite.offline_check_identity.18530.html
=started       2024-08-23 19:10:34
=ended         2024-08-23 19:10:34
=result        ok
=elapsed       0.102835
=case          ejabberd_SUITE:offline_send_non_existent
=logfile       ejabberd_suite.offline_send_non_existent.18594.html
=started       2024-08-23 19:10:34
=ended         2024-08-23 19:10:34
=result        ok
=elapsed       0.103034
=case          ejabberd_SUITE:offline_view_non_existent
=logfile       ejabberd_suite.offline_view_non_existent.18658.html
=started       2024-08-23 19:10:34
=ended         2024-08-23 19:10:35
=result        ok
=elapsed       0.102262
=case          ejabberd_SUITE:offline_remove_non_existent
=logfile       ejabberd_suite.offline_remove_non_existent.18754.html
=started       2024-08-23 19:10:35
=ended         2024-08-23 19:10:35
=result        ok
=elapsed       0.102386
=case          ejabberd_SUITE:offline_view_non_integer
=logfile       ejabberd_suite.offline_view_non_integer.18786.html
=started       2024-08-23 19:10:35
=ended         2024-08-23 19:10:35
=result        ok
=elapsed       0.102807
=case          ejabberd_SUITE:offline_remove_non_integer
=logfile       ejabberd_suite.offline_remove_non_integer.18850.html
=started       2024-08-23 19:10:35
=ended         2024-08-23 19:10:35
=result        ok
=elapsed       0.101977
=case          ejabberd_SUITE:offline_malformed_iq
=logfile       ejabberd_suite.offline_malformed_iq.12260.html
=started       2024-08-23 19:10:35
=ended         2024-08-23 19:10:35
=result        ok
=elapsed       0.105412
=case          ejabberd_SUITE:offline_wrong_user
=logfile       ejabberd_suite.offline_wrong_user.12324.html
=started       2024-08-23 19:10:35
=ended         2024-08-23 19:10:35
=result        ok
=elapsed       0.109889
=case          ejabberd_SUITE:offline_unsupported_iq
=logfile       ejabberd_suite.offline_unsupported_iq.12356.html
=started       2024-08-23 19:10:35
=ended         2024-08-23 19:10:35
=result        ok
=elapsed       0.102383
=case          ejabberd_SUITE:end_per_group
=logfile       ejabberd_suite.end_per_group.12420.html
=group_props   [{name,offline_single},sequence]
=started       2024-08-23 19:10:35
=ended         2024-08-23 19:10:35
=result        ok
=elapsed       9.0e-6
=group_time    1.361s
=case          ejabberd_SUITE:init_per_group
=logfile       ejabberd_suite.init_per_group.12452.html
=group_props   [{name,mam_single},sequence]
=started       2024-08-23 19:10:35
=ended         2024-08-23 19:10:35
=result        ok
=elapsed       3.0e-6
=case          ejabberd_SUITE:mam_feature_enabled
=logfile       ejabberd_suite.mam_feature_enabled.12484.html
=started       2024-08-23 19:10:35
=ended         2024-08-23 19:10:36
=result        ok
=elapsed       0.105079
=case          ejabberd_SUITE:mam_get_set_prefs
=logfile       ejabberd_suite.mam_get_set_prefs.19010.html
=started       2024-08-23 19:10:36
=ended         2024-08-23 19:10:38
=result        ok
=elapsed       1.884902
=case          ejabberd_SUITE:mam_get_form
=logfile       ejabberd_suite.mam_get_form.19106.html
=started       2024-08-23 19:10:38
=ended         2024-08-23 19:10:38
=result        ok
=elapsed       0.106127
=case          ejabberd_SUITE:mam_fake_by
=logfile       ejabberd_suite.mam_fake_by.19170.html
=started       2024-08-23 19:10:38
=ended         2024-08-23 19:10:38
=result        ok
=elapsed       0.102884
=case          ejabberd_SUITE:end_per_group
=logfile       ejabberd_suite.end_per_group.19234.html
=group_props   [{name,mam_single},sequence]
=started       2024-08-23 19:10:38
=ended         2024-08-23 19:10:38
=result        ok
=elapsed       1.1e-5
=group_time    2.343s
=case          ejabberd_SUITE:init_per_group
=logfile       ejabberd_suite.init_per_group.19266.html
=group_props   [{name,csi_single},sequence]
=started       2024-08-23 19:10:38
=ended         2024-08-23 19:10:38
=result        ok
=elapsed       3.0e-6
=case          ejabberd_SUITE:csi_feature_enabled
=logfile       ejabberd_suite.csi_feature_enabled.19298.html
=started       2024-08-23 19:10:38
=ended         2024-08-23 19:10:38
=result        ok
=elapsed       0.101285
=case          ejabberd_SUITE:end_per_group
=logfile       ejabberd_suite.end_per_group.19394.html
=group_props   [{name,csi_single},sequence]
=started       2024-08-23 19:10:38
=ended         2024-08-23 19:10:38
=result        ok
=elapsed       2.0e-6
=group_time    0.157s
=case          ejabberd_SUITE:init_per_group
=logfile       ejabberd_suite.init_per_group.19426.html
=group_props   [{name,push_single},sequence]
=started       2024-08-23 19:10:38
=ended         2024-08-23 19:10:38
=result        ok
=elapsed       3.0e-6
=case          ejabberd_SUITE:push_feature_enabled
=logfile       ejabberd_suite.push_feature_enabled.19458.html
=started       2024-08-23 19:10:38
=ended         2024-08-23 19:10:38
=result        ok
=elapsed       0.103191
=case          ejabberd_SUITE:push_unsupported_iq
=logfile       ejabberd_suite.push_unsupported_iq.19554.html
=started       2024-08-23 19:10:38
=ended         2024-08-23 19:10:38
=result        ok
=elapsed       0.102882
=case          ejabberd_SUITE:end_per_group
=logfile       ejabberd_suite.end_per_group.19586.html
=group_props   [{name,push_single},sequence]
=started       2024-08-23 19:10:38
=ended         2024-08-23 19:10:38
=result        ok
=elapsed       2.0e-6
=group_time    0.289s
=case          ejabberd_SUITE:test_unregister
=logfile       ejabberd_suite.test_unregister.19618.html
=started       2024-08-23 19:10:38
=ended         2024-08-23 19:10:38
=result        ok
=elapsed       0.002942
=case          ejabberd_SUITE:end_per_group
=logfile       ejabberd_suite.end_per_group.19714.html
=group_props   [{name,single_user},sequence]
=started       2024-08-23 19:10:38
=ended         2024-08-23 19:10:38
=result        ok
=elapsed       2.0e-6
=group_time    15.971s
=case          ejabberd_SUITE:init_per_group
=logfile       ejabberd_suite.init_per_group.19746.html
=group_props   [{name,muc_master_slave},sequence]
=started       2024-08-23 19:10:38
=ended         2024-08-23 19:10:38
=result        ok
=elapsed       2.0e-6
=case          ejabberd_SUITE:init_per_group
=logfile       ejabberd_suite.init_per_group.19778.html
=group_props   [{name,muc_register},parallel]
=started       2024-08-23 19:10:38
=ended         2024-08-23 19:10:38
=result        ok
=elapsed       2.0e-6
=case          ejabberd_SUITE:muc_register_master
=logfile       ejabberd_suite.muc_register_master.19810.html
=started       2024-08-23 19:10:38
=ended         2024-08-23 19:10:39
=result        ok
=elapsed       0.112214
=case          ejabberd_SUITE:muc_register_slave
=logfile       ejabberd_suite.muc_register_slave.19842.html
=started       2024-08-23 19:10:38
=ended         2024-08-23 19:10:39
=result        ok
=elapsed       0.111027
=case          ejabberd_SUITE:end_per_group
=logfile       ejabberd_suite.end_per_group.19970.html
=group_props   [{name,muc_register},parallel]
=started       2024-08-23 19:10:39
=ended         2024-08-23 19:10:39
=result        ok
=elapsed       2.0e-6
=group_time    0.171s
=case          ejabberd_SUITE:init_per_group
=logfile       ejabberd_suite.init_per_group.20002.html
=group_props   [{name,muc_groupchat_msg},parallel]
=started       2024-08-23 19:10:39
=ended         2024-08-23 19:10:39
=result        ok
=elapsed       4.0e-6
=case          ejabberd_SUITE:muc_groupchat_msg_master
=logfile       ejabberd_suite.muc_groupchat_msg_master.20034.html
=started       2024-08-23 19:10:39
=ended         2024-08-23 19:10:39
=result        ok
=elapsed       0.112121
=case          ejabberd_SUITE:muc_groupchat_msg_slave
=logfile       ejabberd_suite.muc_groupchat_msg_slave.20066.html
=started       2024-08-23 19:10:39
=ended         2024-08-23 19:10:39
=result        ok
=elapsed       0.110869
=case          ejabberd_SUITE:end_per_group
=logfile       ejabberd_suite.end_per_group.15203.html
=group_props   [{name,muc_groupchat_msg},parallel]
=started       2024-08-23 19:10:39
=ended         2024-08-23 19:10:39
=result        ok
=elapsed       1.0e-5
=group_time    0.170s
=case          ejabberd_SUITE:init_per_group
=logfile       ejabberd_suite.init_per_group.15235.html
=group_props   [{name,muc_private_msg},parallel]
=started       2024-08-23 19:10:39
=ended         2024-08-23 19:10:39
=result        ok
=elapsed       2.0e-6
=case          ejabberd_SUITE:muc_private_msg_master
=logfile       ejabberd_suite.muc_private_msg_master.15267.html
=started       2024-08-23 19:10:39
=ended         2024-08-23 19:10:39
=result        ok
=elapsed       0.15466
=case          ejabberd_SUITE:muc_private_msg_slave
=logfile       ejabberd_suite.muc_private_msg_slave.15299.html
=started       2024-08-23 19:10:39
=ended         2024-08-23 19:10:39
=result        ok
=elapsed       0.152366
=case          ejabberd_SUITE:end_per_group
=logfile       ejabberd_suite.end_per_group.15331.html
=group_props   [{name,muc_private_msg},parallel]
=started       2024-08-23 19:10:39
=ended         2024-08-23 19:10:39
=result        ok
=elapsed       2.0e-6
=group_time    0.211s
=case          ejabberd_SUITE:init_per_group
=logfile       ejabberd_suite.init_per_group.15363.html
=group_props   [{name,muc_set_subject},parallel]
=started       2024-08-23 19:10:39
=ended         2024-08-23 19:10:39
=result        ok
=elapsed       2.0e-6
=case          ejabberd_SUITE:muc_set_subject_master
=logfile       ejabberd_suite.muc_set_subject_master.15395.html
=started       2024-08-23 19:10:39
=ended         2024-08-23 19:10:39
=result        ok
=elapsed       0.115532
=case          ejabberd_SUITE:muc_set_subject_slave
=logfile       ejabberd_suite.muc_set_subject_slave.15427.html
=started       2024-08-23 19:10:39
=ended         2024-08-23 19:10:39
=result        ok
=elapsed       0.114284
=case          ejabberd_SUITE:end_per_group
=logfile       ejabberd_suite.end_per_group.20258.html
=group_props   [{name,muc_set_subject},parallel]
=started       2024-08-23 19:10:39
=ended         2024-08-23 19:10:39
=result        ok
=elapsed       2.0e-6
=group_time    0.172s
=case          ejabberd_SUITE:init_per_group
=logfile       ejabberd_suite.init_per_group.12708.html
=group_props   [{name,muc_history},parallel]
=started       2024-08-23 19:10:39
=ended         2024-08-23 19:10:39
=result        ok
=elapsed       3.0e-6
=case          ejabberd_SUITE:muc_history_master
=logfile       ejabberd_suite.muc_history_master.12740.html
=started       2024-08-23 19:10:39
=ended         2024-08-23 19:10:39
=result        ok
=elapsed       0.138834
=case          ejabberd_SUITE:muc_history_slave
=logfile       ejabberd_suite.muc_history_slave.20290.html
=started       2024-08-23 19:10:39
=ended         2024-08-23 19:10:39
=result        ok
=elapsed       0.138283
=case          ejabberd_SUITE:end_per_group
=logfile       ejabberd_suite.end_per_group.20322.html
=group_props   [{name,muc_history},parallel]
=started       2024-08-23 19:10:39
=ended         2024-08-23 19:10:39
=result        ok
=elapsed       3.0e-6
=group_time    0.198s
=case          ejabberd_SUITE:init_per_group
=logfile       ejabberd_suite.init_per_group.20354.html
=group_props   [{name,muc_invite},parallel]
=started       2024-08-23 19:10:39
=ended         2024-08-23 19:10:39
=result        ok
=elapsed       3.0e-6
=case          ejabberd_SUITE:muc_invite_master
=logfile       ejabberd_suite.muc_invite_master.20386.html
=started       2024-08-23 19:10:39
=ended         2024-08-23 19:10:40
=result        ok
=elapsed       0.108821
=case          ejabberd_SUITE:muc_invite_slave
=logfile       ejabberd_suite.muc_invite_slave.20418.html
=started       2024-08-23 19:10:39
=ended         2024-08-23 19:10:40
=result        ok
=elapsed       0.148064
=case          ejabberd_SUITE:end_per_group
=logfile       ejabberd_suite.end_per_group.12900.html
=group_props   [{name,muc_invite},parallel]
=started       2024-08-23 19:10:40
=ended         2024-08-23 19:10:40
=result        ok
=elapsed       2.0e-6
=group_time    0.205s
=case          ejabberd_SUITE:init_per_group
=logfile       ejabberd_suite.init_per_group.12932.html
=group_props   [{name,muc_invite_members_only},parallel]
=started       2024-08-23 19:10:40
=ended         2024-08-23 19:10:40
=result        ok
=elapsed       3.0e-6
=case          ejabberd_SUITE:muc_invite_members_only_master
=logfile       ejabberd_suite.muc_invite_members_only_master.12964.html
=started       2024-08-23 19:10:40
=ended         2024-08-23 19:10:40
=result        ok
=elapsed       0.109209
=case          ejabberd_SUITE:muc_invite_members_only_slave
=logfile       ejabberd_suite.muc_invite_members_only_slave.12996.html
=started       2024-08-23 19:10:40
=ended         2024-08-23 19:10:40
=result        ok
=elapsed       0.106467
=case          ejabberd_SUITE:end_per_group
=logfile       ejabberd_suite.end_per_group.13060.html
=group_props   [{name,muc_invite_members_only},parallel]
=started       2024-08-23 19:10:40
=ended         2024-08-23 19:10:40
=result        ok
=elapsed       3.0e-6
=group_time    0.166s
=case          ejabberd_SUITE:init_per_group
=logfile       ejabberd_suite.init_per_group.13092.html
=group_props   [{name,muc_invite_password_protected},parallel]
=started       2024-08-23 19:10:40
=ended         2024-08-23 19:10:40
=result        ok
=elapsed       3.0e-6
=case          ejabberd_SUITE:muc_invite_password_protected_master
=logfile       ejabberd_suite.muc_invite_password_protected_master.4101.html
=started       2024-08-23 19:10:40
=ended         2024-08-23 19:10:40
=result        ok
=elapsed       0.148917
=case          ejabberd_SUITE:muc_invite_password_protected_slave
=logfile       ejabberd_suite.muc_invite_password_protected_slave.15619.html
=started       2024-08-23 19:10:40
=ended         2024-08-23 19:10:40
=result        ok
=elapsed       0.106054
=case          ejabberd_SUITE:end_per_group
=logfile       ejabberd_suite.end_per_group.15683.html
=group_props   [{name,muc_invite_password_protected},parallel]
=started       2024-08-23 19:10:40
=ended         2024-08-23 19:10:40
=result        ok
=elapsed       2.0e-6
=group_time    0.206s
=case          ejabberd_SUITE:init_per_group
=logfile       ejabberd_suite.init_per_group.15715.html
=group_props   [{name,muc_voice_request},parallel]
=started       2024-08-23 19:10:40
=ended         2024-08-23 19:10:40
=result        ok
=elapsed       2.0e-6
=case          ejabberd_SUITE:muc_voice_request_master
=logfile       ejabberd_suite.muc_voice_request_master.15747.html
=started       2024-08-23 19:10:40
=ended         2024-08-23 19:10:40
=result        ok
=elapsed       0.11173
=case          ejabberd_SUITE:muc_voice_request_slave
=logfile       ejabberd_suite.muc_voice_request_slave.13156.html
=started       2024-08-23 19:10:40
=ended         2024-08-23 19:10:40
=result        ok
=elapsed       0.110067
=case          ejabberd_SUITE:end_per_group
=logfile       ejabberd_suite.end_per_group.4229.html
=group_props   [{name,muc_voice_request},parallel]
=started       2024-08-23 19:10:40
=ended         2024-08-23 19:10:40
=result        ok
=elapsed       2.0e-6
=group_time    0.170s
=case          ejabberd_SUITE:init_per_group
=logfile       ejabberd_suite.init_per_group.15779.html
=group_props   [{name,muc_change_role},parallel]
=started       2024-08-23 19:10:40
=ended         2024-08-23 19:10:40
=result        ok
=elapsed       3.0e-6
=case          ejabberd_SUITE:muc_change_role_master
=logfile       ejabberd_suite.muc_change_role_master.15811.html
=started       2024-08-23 19:10:40
=ended         2024-08-23 19:10:40
=result        ok
=elapsed       0.117511
=case          ejabberd_SUITE:muc_change_role_slave
=logfile       ejabberd_suite.muc_change_role_slave.15843.html
=started       2024-08-23 19:10:40
=ended         2024-08-23 19:10:40
=result        ok
=elapsed       0.113743
=case          ejabberd_SUITE:end_per_group
=logfile       ejabberd_suite.end_per_group.15907.html
=group_props   [{name,muc_change_role},parallel]
=started       2024-08-23 19:10:40
=ended         2024-08-23 19:10:40
=result        ok
=elapsed       2.0e-6
=group_time    0.175s
=case          ejabberd_SUITE:init_per_group
=logfile       ejabberd_suite.init_per_group.15939.html
=group_props   [{name,muc_kick},parallel]
=started       2024-08-23 19:10:40
=ended         2024-08-23 19:10:40
=result        ok
=elapsed       2.0e-6
=case          ejabberd_SUITE:muc_kick_master
=logfile       ejabberd_suite.muc_kick_master.13348.html
=started       2024-08-23 19:10:40
=ended         2024-08-23 19:10:41
=result        ok
=elapsed       0.111402
=case          ejabberd_SUITE:muc_kick_slave
=logfile       ejabberd_suite.muc_kick_slave.15971.html
=started       2024-08-23 19:10:40
=ended         2024-08-23 19:10:41
=result        ok
=elapsed       0.109236
=case          ejabberd_SUITE:end_per_group
=logfile       ejabberd_suite.end_per_group.16035.html
=group_props   [{name,muc_kick},parallel]
=started       2024-08-23 19:10:41
=ended         2024-08-23 19:10:41
=result        ok
=elapsed       8.0e-6
=group_time    0.169s
=case          ejabberd_SUITE:init_per_group
=logfile       ejabberd_suite.init_per_group.16067.html
=group_props   [{name,muc_change_affiliation},parallel]
=started       2024-08-23 19:10:41
=ended         2024-08-23 19:10:41
=result        ok
=elapsed       2.0e-6
=case          ejabberd_SUITE:muc_change_affiliation_master
=logfile       ejabberd_suite.muc_change_affiliation_master.16099.html
=started       2024-08-23 19:10:41
=ended         2024-08-23 19:10:41
=result        ok
=elapsed       0.121079
=case          ejabberd_SUITE:muc_change_affiliation_slave
=logfile       ejabberd_suite.muc_change_affiliation_slave.13444.html
=started       2024-08-23 19:10:41
=ended         2024-08-23 19:10:41
=result        ok
=elapsed       0.117742
=case          ejabberd_SUITE:end_per_group
=logfile       ejabberd_suite.end_per_group.13508.html
=group_props   [{name,muc_change_affiliation},parallel]
=started       2024-08-23 19:10:41
=ended         2024-08-23 19:10:41
=result        ok
=elapsed       2.0e-6
=group_time    0.178s
=case          ejabberd_SUITE:init_per_group
=logfile       ejabberd_suite.init_per_group.13540.html
=group_props   [{name,muc_destroy},parallel]
=started       2024-08-23 19:10:41
=ended         2024-08-23 19:10:41
=result        ok
=elapsed       3.0e-6
=case          ejabberd_SUITE:muc_destroy_master
=logfile       ejabberd_suite.muc_destroy_master.13572.html
=started       2024-08-23 19:10:41
=ended         2024-08-23 19:10:41
=result        ok
=elapsed       0.109505
=case          ejabberd_SUITE:muc_destroy_slave
=logfile       ejabberd_suite.muc_destroy_slave.13604.html
=started       2024-08-23 19:10:41
=ended         2024-08-23 19:10:41
=result        ok
=elapsed       0.108711
=case          ejabberd_SUITE:end_per_group
=logfile       ejabberd_suite.end_per_group.13668.html
=group_props   [{name,muc_destroy},parallel]
=started       2024-08-23 19:10:41
=ended         2024-08-23 19:10:41
=result        ok
=elapsed       9.0e-6
=group_time    0.168s
=case          ejabberd_SUITE:init_per_group
=logfile       ejabberd_suite.init_per_group.13700.html
=group_props   [{name,muc_vcard},parallel]
=started       2024-08-23 19:10:41
=ended         2024-08-23 19:10:41
=result        ok
=elapsed       2.0e-6
=case          ejabberd_SUITE:muc_vcard_master
=logfile       ejabberd_suite.muc_vcard_master.13732.html
=started       2024-08-23 19:10:41
=ended         2024-08-23 19:10:41
=result        ok
=elapsed       0.113733
=case          ejabberd_SUITE:muc_vcard_slave
=logfile       ejabberd_suite.muc_vcard_slave.13764.html
=started       2024-08-23 19:10:41
=ended         2024-08-23 19:10:41
=result        ok
=elapsed       0.111223
=case          ejabberd_SUITE:end_per_group
=logfile       ejabberd_suite.end_per_group.16355.html
=group_props   [{name,muc_vcard},parallel]
=started       2024-08-23 19:10:41
=ended         2024-08-23 19:10:41
=result        ok
=elapsed       7.0e-6
=group_time    0.170s
=case          ejabberd_SUITE:init_per_group
=logfile       ejabberd_suite.init_per_group.16387.html
=group_props   [{name,muc_nick_change},parallel]
=started       2024-08-23 19:10:41
=ended         2024-08-23 19:10:41
=result        ok
=elapsed       2.0e-6
=case          ejabberd_SUITE:muc_nick_change_master
=logfile       ejabberd_suite.muc_nick_change_master.16419.html
=started       2024-08-23 19:10:41
=ended         2024-08-23 19:10:41
=result        ok
=elapsed       0.110538
=case          ejabberd_SUITE:muc_nick_change_slave
=logfile       ejabberd_suite.muc_nick_change_slave.16451.html
=started       2024-08-23 19:10:41
=ended         2024-08-23 19:10:41
=result        ok
=elapsed       0.107795
=case          ejabberd_SUITE:end_per_group
=logfile       ejabberd_suite.end_per_group.16483.html
=group_props   [{name,muc_nick_change},parallel]
=started       2024-08-23 19:10:41
=ended         2024-08-23 19:10:41
=result        ok
=elapsed       2.0e-6
=group_time    0.169s
=case          ejabberd_SUITE:init_per_group
=logfile       ejabberd_suite.init_per_group.16515.html
=group_props   [{name,muc_config_title_desc},parallel]
=started       2024-08-23 19:10:41
=ended         2024-08-23 19:10:41
=result        ok
=elapsed       2.0e-6
=case          ejabberd_SUITE:muc_config_title_desc_master
=logfile       ejabberd_suite.muc_config_title_desc_master.16547.html
=started       2024-08-23 19:10:41
=ended         2024-08-23 19:10:42
=result        ok
=elapsed       0.111913
=case          ejabberd_SUITE:muc_config_title_desc_slave
=logfile       ejabberd_suite.muc_config_title_desc_slave.20962.html
=started       2024-08-23 19:10:41
=ended         2024-08-23 19:10:42
=result        ok
=elapsed       0.107965
=case          ejabberd_SUITE:end_per_group
=logfile       ejabberd_suite.end_per_group.16611.html
=group_props   [{name,muc_config_title_desc},parallel]
=started       2024-08-23 19:10:42
=ended         2024-08-23 19:10:42
=result        ok
=elapsed       2.0e-6
=group_time    0.167s
=case          ejabberd_SUITE:init_per_group
=logfile       ejabberd_suite.init_per_group.16643.html
=group_props   [{name,muc_config_public_list},parallel]
=started       2024-08-23 19:10:42
=ended         2024-08-23 19:10:42
=result        ok
=elapsed       3.0e-6
=case          ejabberd_SUITE:muc_config_public_list_master
=logfile       ejabberd_suite.muc_config_public_list_master.16675.html
=started       2024-08-23 19:10:42
=ended         2024-08-23 19:10:42
=result        ok
=elapsed       0.115463
=case          ejabberd_SUITE:muc_config_public_list_slave
=logfile       ejabberd_suite.muc_config_public_list_slave.13956.html
=started       2024-08-23 19:10:42
=ended         2024-08-23 19:10:42
=result        ok
=elapsed       0.113011
=case          ejabberd_SUITE:end_per_group
=logfile       ejabberd_suite.end_per_group.14020.html
=group_props   [{name,muc_config_public_list},parallel]
=started       2024-08-23 19:10:42
=ended         2024-08-23 19:10:42
=result        ok
=elapsed       2.0e-6
=group_time    0.172s
=case          ejabberd_SUITE:init_per_group
=logfile       ejabberd_suite.init_per_group.14052.html
=group_props   [{name,muc_config_password},parallel]
=started       2024-08-23 19:10:42
=ended         2024-08-23 19:10:42
=result        ok
=elapsed       3.0e-6
=case          ejabberd_SUITE:muc_config_password_master
=logfile       ejabberd_suite.muc_config_password_master.14084.html
=started       2024-08-23 19:10:42
=ended         2024-08-23 19:10:42
=result        ok
=elapsed       0.11443
=case          ejabberd_SUITE:muc_config_password_slave
=logfile       ejabberd_suite.muc_config_password_slave.14116.html
=started       2024-08-23 19:10:42
=ended         2024-08-23 19:10:42
=result        ok
=elapsed       0.114295
=case          ejabberd_SUITE:end_per_group
=logfile       ejabberd_suite.end_per_group.14212.html
=group_props   [{name,muc_config_password},parallel]
=started       2024-08-23 19:10:42
=ended         2024-08-23 19:10:42
=result        ok
=elapsed       5.0e-6
=group_time    0.174s
=case          ejabberd_SUITE:init_per_group
=logfile       ejabberd_suite.init_per_group.14244.html
=group_props   [{name,muc_config_whois},parallel]
=started       2024-08-23 19:10:42
=ended         2024-08-23 19:10:42
=result        ok
=elapsed       3.0e-6
=case          ejabberd_SUITE:muc_config_whois_master
=logfile       ejabberd_suite.muc_config_whois_master.14276.html
=started       2024-08-23 19:10:42
=ended         2024-08-23 19:10:42
=result        ok
=elapsed       0.119906
=case          ejabberd_SUITE:muc_config_whois_slave
=logfile       ejabberd_suite.muc_config_whois_slave.14308.html
=started       2024-08-23 19:10:42
=ended         2024-08-23 19:10:42
=result        ok
=elapsed       0.118555
=case          ejabberd_SUITE:end_per_group
=logfile       ejabberd_suite.end_per_group.14372.html
=group_props   [{name,muc_config_whois},parallel]
=started       2024-08-23 19:10:42
=ended         2024-08-23 19:10:42
=result        ok
=elapsed       9.0e-6
=group_time    0.178s
=case          ejabberd_SUITE:init_per_group
=logfile       ejabberd_suite.init_per_group.16899.html
=group_props   [{name,muc_config_members_only},parallel]
=started       2024-08-23 19:10:42
=ended         2024-08-23 19:10:42
=result        ok
=elapsed       4.0e-6
=case          ejabberd_SUITE:muc_config_members_only_master
=logfile       ejabberd_suite.muc_config_members_only_master.16931.html
=started       2024-08-23 19:10:42
=ended         2024-08-23 19:10:42
=result        ok
=elapsed       0.115435
=case          ejabberd_SUITE:muc_config_members_only_slave
=logfile       ejabberd_suite.muc_config_members_only_slave.4357.html
=started       2024-08-23 19:10:42
=ended         2024-08-23 19:10:42
=result        ok
=elapsed       0.112646
=case          ejabberd_SUITE:end_per_group
=logfile       ejabberd_suite.end_per_group.4453.html
=group_props   [{name,muc_config_members_only},parallel]
=started       2024-08-23 19:10:42
=ended         2024-08-23 19:10:42
=result        ok
=elapsed       2.0e-6
=group_time    0.173s
=case          ejabberd_SUITE:init_per_group
=logfile       ejabberd_suite.init_per_group.4485.html
=group_props   [{name,muc_config_moderated},parallel]
=started       2024-08-23 19:10:42
=ended         2024-08-23 19:10:42
=result        ok
=elapsed       3.0e-6
=case          ejabberd_SUITE:muc_config_moderated_master
=logfile       ejabberd_suite.muc_config_moderated_master.4517.html
=started       2024-08-23 19:10:42
=ended         2024-08-23 19:10:43
=result        ok
=elapsed       0.11458
=case          ejabberd_SUITE:muc_config_moderated_slave
=logfile       ejabberd_suite.muc_config_moderated_slave.17059.html
=started       2024-08-23 19:10:42
=ended         2024-08-23 19:10:43
=result        ok
=elapsed       0.111115
=case          ejabberd_SUITE:end_per_group
=logfile       ejabberd_suite.end_per_group.4581.html
=group_props   [{name,muc_config_moderated},parallel]
=started       2024-08-23 19:10:43
=ended         2024-08-23 19:10:43
=result        ok
=elapsed       2.0e-6
=group_time    0.172s
=case          ejabberd_SUITE:init_per_group
=logfile       ejabberd_suite.init_per_group.17155.html
=group_props   [{name,muc_config_private_messages},parallel]
=started       2024-08-23 19:10:43
=ended         2024-08-23 19:10:43
=result        ok
=elapsed       3.0e-6
=case          ejabberd_SUITE:muc_config_private_messages_master
=logfile       ejabberd_suite.muc_config_private_messages_master.14468.html
=started       2024-08-23 19:10:43
=ended         2024-08-23 19:10:43
=result        ok
=elapsed       0.118939
=case          ejabberd_SUITE:muc_config_private_messages_slave
=logfile       ejabberd_suite.muc_config_private_messages_slave.4613.html
=started       2024-08-23 19:10:43
=ended         2024-08-23 19:10:43
=result        ok
=elapsed       0.117444
=case          ejabberd_SUITE:end_per_group
=logfile       ejabberd_suite.end_per_group.17187.html
=group_props   [{name,muc_config_private_messages},parallel]
=started       2024-08-23 19:10:43
=ended         2024-08-23 19:10:43
=result        ok
=elapsed       2.0e-6
=group_time    0.178s
=case          ejabberd_SUITE:init_per_group
=logfile       ejabberd_suite.init_per_group.17219.html
=group_props   [{name,muc_config_query},parallel]
=started       2024-08-23 19:10:43
=ended         2024-08-23 19:10:43
=result        ok
=elapsed       3.0e-6
=case          ejabberd_SUITE:muc_config_query_master
=logfile       ejabberd_suite.muc_config_query_master.21154.html
=started       2024-08-23 19:10:43
=ended         2024-08-23 19:10:43
=result        ok
=elapsed       0.155175
=case          ejabberd_SUITE:muc_config_query_slave
=logfile       ejabberd_suite.muc_config_query_slave.14532.html
=started       2024-08-23 19:10:43
=ended         2024-08-23 19:10:43
=result        ok
=elapsed       0.149018
=case          ejabberd_SUITE:end_per_group
=logfile       ejabberd_suite.end_per_group.21186.html
=group_props   [{name,muc_config_query},parallel]
=started       2024-08-23 19:10:43
=ended         2024-08-23 19:10:43
=result        ok
=elapsed       2.0e-6
=group_time    0.213s
=case          ejabberd_SUITE:init_per_group
=logfile       ejabberd_suite.init_per_group.21218.html
=group_props   [{name,muc_config_allow_invites},parallel]
=started       2024-08-23 19:10:43
=ended         2024-08-23 19:10:43
=result        ok
=elapsed       4.0e-6
=case          ejabberd_SUITE:muc_config_allow_invites_master
=logfile       ejabberd_suite.muc_config_allow_invites_master.17283.html
=started       2024-08-23 19:10:43
=ended         2024-08-23 19:10:43
=result        ok
=elapsed       0.114293
=case          ejabberd_SUITE:muc_config_allow_invites_slave
=logfile       ejabberd_suite.muc_config_allow_invites_slave.21250.html
=started       2024-08-23 19:10:43
=ended         2024-08-23 19:10:43
=result        ok
=elapsed       0.111409
=case          ejabberd_SUITE:end_per_group
=logfile       ejabberd_suite.end_per_group.21346.html
=group_props   [{name,muc_config_allow_invites},parallel]
=started       2024-08-23 19:10:43
=ended         2024-08-23 19:10:43
=result        ok
=elapsed       2.0e-6
=group_time    0.172s
=case          ejabberd_SUITE:init_per_group
=logfile       ejabberd_suite.init_per_group.21378.html
=group_props   [{name,muc_config_visitor_status},parallel]
=started       2024-08-23 19:10:43
=ended         2024-08-23 19:10:43
=result        ok
=elapsed       2.0e-6
=case          ejabberd_SUITE:muc_config_visitor_status_master
=logfile       ejabberd_suite.muc_config_visitor_status_master.21410.html
=started       2024-08-23 19:10:43
=ended         2024-08-23 19:10:43
=result        ok
=elapsed       0.11287
=case          ejabberd_SUITE:muc_config_visitor_status_slave
=logfile       ejabberd_suite.muc_config_visitor_status_slave.21442.html
=started       2024-08-23 19:10:43
=ended         2024-08-23 19:10:43
=result        ok
=elapsed       0.111645
=case          ejabberd_SUITE:end_per_group
=logfile       ejabberd_suite.end_per_group.21506.html
=group_props   [{name,muc_config_visitor_status},parallel]
=started       2024-08-23 19:10:43
=ended         2024-08-23 19:10:43
=result        ok
=elapsed       2.0e-6
=group_time    0.172s
=case          ejabberd_SUITE:init_per_group
=logfile       ejabberd_suite.init_per_group.21538.html
=group_props   [{name,muc_config_allow_voice_requests},parallel]
=started       2024-08-23 19:10:43
=ended         2024-08-23 19:10:43
=result        ok
=elapsed       3.0e-6
=case          ejabberd_SUITE:muc_config_allow_voice_requests_master
=logfile       ejabberd_suite.muc_config_allow_voice_requests_master.17379.html
=started       2024-08-23 19:10:43
=ended         2024-08-23 19:10:44
=result        ok
=elapsed       0.112215
=case          ejabberd_SUITE:muc_config_allow_voice_requests_slave
=logfile       ejabberd_suite.muc_config_allow_voice_requests_slave.17411.html
=started       2024-08-23 19:10:43
=ended         2024-08-23 19:10:44
=result        ok
=elapsed       0.109401
=case          ejabberd_SUITE:end_per_group
=logfile       ejabberd_suite.end_per_group.17539.html
=group_props   [{name,muc_config_allow_voice_requests},parallel]
=started       2024-08-23 19:10:44
=ended         2024-08-23 19:10:44
=result        ok
=elapsed       2.0e-6
=group_time    0.169s
=case          ejabberd_SUITE:init_per_group
=logfile       ejabberd_suite.init_per_group.17571.html
=group_props   [{name,muc_config_voice_request_interval},parallel]
=started       2024-08-23 19:10:44
=ended         2024-08-23 19:10:44
=result        ok
=elapsed       3.0e-6
=case          ejabberd_SUITE:muc_config_voice_request_interval_master
=logfile       ejabberd_suite.muc_config_voice_request_interval_master.17603.html
=started       2024-08-23 19:10:44
=ended         2024-08-23 19:10:49
=result        ok
=elapsed       5.199616
=case          ejabberd_SUITE:muc_config_voice_request_interval_slave
=logfile       ejabberd_suite.muc_config_voice_request_interval_slave.17635.html
=started       2024-08-23 19:10:44
=ended         2024-08-23 19:10:49
=result        ok
=elapsed       5.199051
=case          ejabberd_SUITE:end_per_group
=logfile       ejabberd_suite.end_per_group.17731.html
=group_props   [{name,muc_config_voice_request_interval},parallel]
=started       2024-08-23 19:10:49
=ended         2024-08-23 19:10:49
=result        ok
=elapsed       7.0e-6
=group_time    5.257s
=case          ejabberd_SUITE:init_per_group
=logfile       ejabberd_suite.init_per_group.17763.html
=group_props   [{name,muc_config_visitor_nickchange},parallel]
=started       2024-08-23 19:10:49
=ended         2024-08-23 19:10:49
=result        ok
=elapsed       2.0e-6
=case          ejabberd_SUITE:muc_config_visitor_nickchange_master
=logfile       ejabberd_suite.muc_config_visitor_nickchange_master.14660.html
=started       2024-08-23 19:10:49
=ended         2024-08-23 19:10:49
=result        ok
=elapsed       0.111
=case          ejabberd_SUITE:muc_config_visitor_nickchange_slave
=logfile       ejabberd_suite.muc_config_visitor_nickchange_slave.14692.html
=started       2024-08-23 19:10:49
=ended         2024-08-23 19:10:49
=result        ok
=elapsed       0.109425
=case          ejabberd_SUITE:end_per_group
=logfile       ejabberd_suite.end_per_group.14756.html
=group_props   [{name,muc_config_visitor_nickchange},parallel]
=started       2024-08-23 19:10:49
=ended         2024-08-23 19:10:49
=result        ok
=elapsed       2.0e-6
=group_time    0.170s
=case          ejabberd_SUITE:init_per_group
=logfile       ejabberd_suite.init_per_group.14788.html
=group_props   [{name,muc_join_conflict},parallel]
=started       2024-08-23 19:10:49
=ended         2024-08-23 19:10:49
=result        ok
=elapsed       3.0e-6
=case          ejabberd_SUITE:muc_join_conflict_master
=logfile       ejabberd_suite.muc_join_conflict_master.21762.html
=started       2024-08-23 19:10:49
=ended         2024-08-23 19:10:49
=result        ok
=elapsed       0.108095
=case          ejabberd_SUITE:muc_join_conflict_slave
=logfile       ejabberd_suite.muc_join_conflict_slave.21794.html
=started       2024-08-23 19:10:49
=ended         2024-08-23 19:10:49
=result        ok
=elapsed       0.105405
=case          ejabberd_SUITE:end_per_group
=logfile       ejabberd_suite.end_per_group.21922.html
=group_props   [{name,muc_join_conflict},parallel]
=started       2024-08-23 19:10:49
=ended         2024-08-23 19:10:49
=result        ok
=elapsed       2.0e-6
=group_time    0.166s
=case          ejabberd_SUITE:end_per_group
=logfile       ejabberd_suite.end_per_group.21954.html
=group_props   [{name,muc_master_slave},sequence]
=started       2024-08-23 19:10:49
=ended         2024-08-23 19:10:49
=result        ok
=elapsed       7.0e-6
=group_time    10.979s
=case          ejabberd_SUITE:init_per_group
=logfile       ejabberd_suite.init_per_group.21986.html
=group_props   [{name,privacy_master_slave},sequence]
=started       2024-08-23 19:10:49
=ended         2024-08-23 19:10:49
=result        ok
=elapsed       6.0e-6
=case          ejabberd_SUITE:init_per_group
=logfile       ejabberd_suite.init_per_group.22018.html
=group_props   [{name,privacy_deny_bare_jid},parallel]
=started       2024-08-23 19:10:49
=ended         2024-08-23 19:10:49
=result        ok
=elapsed       2.0e-6
=case          ejabberd_SUITE:privacy_deny_bare_jid_master
=logfile       ejabberd_suite.privacy_deny_bare_jid_master.22050.html
=started       2024-08-23 19:10:49
=ended         2024-08-23 19:10:51
=result        ok
=elapsed       1.130089
=case          ejabberd_SUITE:privacy_deny_bare_jid_slave
=logfile       ejabberd_suite.privacy_deny_bare_jid_slave.22082.html
=started       2024-08-23 19:10:49
=ended         2024-08-23 19:10:51
=result        ok
=elapsed       1.130709
=case          ejabberd_SUITE:end_per_group
=logfile       ejabberd_suite.end_per_group.22242.html
=group_props   [{name,privacy_deny_bare_jid},parallel]
=started       2024-08-23 19:10:51
=ended         2024-08-23 19:10:51
=result        ok
=elapsed       2.0e-6
=group_time    1.188s
=case          ejabberd_SUITE:init_per_group
=logfile       ejabberd_suite.init_per_group.17891.html
=group_props   [{name,privacy_deny_full_jid},parallel]
=started       2024-08-23 19:10:51
=ended         2024-08-23 19:10:51
=result        ok
=elapsed       3.0e-6
=case          ejabberd_SUITE:privacy_deny_full_jid_master
=logfile       ejabberd_suite.privacy_deny_full_jid_master.17923.html
=started       2024-08-23 19:10:51
=ended         2024-08-23 19:10:52
=result        ok
=elapsed       1.125992
=case          ejabberd_SUITE:privacy_deny_full_jid_slave
=logfile       ejabberd_suite.privacy_deny_full_jid_slave.17955.html
=started       2024-08-23 19:10:51
=ended         2024-08-23 19:10:52
=result        ok
=elapsed       1.126431
=case          ejabberd_SUITE:end_per_group
=logfile       ejabberd_suite.end_per_group.18019.html
=group_props   [{name,privacy_deny_full_jid},parallel]
=started       2024-08-23 19:10:52
=ended         2024-08-23 19:10:52
=result        ok
=elapsed       2.0e-6
=group_time    1.187s
=case          ejabberd_SUITE:init_per_group
=logfile       ejabberd_suite.init_per_group.22402.html
=group_props   [{name,privacy_deny_server_bare_jid},parallel]
=started       2024-08-23 19:10:52
=ended         2024-08-23 19:10:52
=result        ok
=elapsed       3.0e-6
=case          ejabberd_SUITE:privacy_deny_server_bare_jid_master
=logfile       ejabberd_suite.privacy_deny_server_bare_jid_master.22434.html
=started       2024-08-23 19:10:52
=ended         2024-08-23 19:10:53
=result        ok
=elapsed       1.128277
=case          ejabberd_SUITE:privacy_deny_server_bare_jid_slave
=logfile       ejabberd_suite.privacy_deny_server_bare_jid_slave.22466.html
=started       2024-08-23 19:10:52
=ended         2024-08-23 19:10:53
=result        ok
=elapsed       1.127686
=case          ejabberd_SUITE:end_per_group
=logfile       ejabberd_suite.end_per_group.18083.html
=group_props   [{name,privacy_deny_server_bare_jid},parallel]
=started       2024-08-23 19:10:53
=ended         2024-08-23 19:10:53
=result        ok
=elapsed       2.0e-6
=group_time    1.189s
=case          ejabberd_SUITE:init_per_group
=logfile       ejabberd_suite.init_per_group.18115.html
=group_props   [{name,privacy_deny_server_full_jid},parallel]
=started       2024-08-23 19:10:53
=ended         2024-08-23 19:10:53
=result        ok
=elapsed       2.0e-6
=case          ejabberd_SUITE:privacy_deny_server_full_jid_master
=logfile       ejabberd_suite.privacy_deny_server_full_jid_master.22530.html
=started       2024-08-23 19:10:53
=ended         2024-08-23 19:10:54
=result        ok
=elapsed       1.118019
=case          ejabberd_SUITE:privacy_deny_server_full_jid_slave
=logfile       ejabberd_suite.privacy_deny_server_full_jid_slave.18147.html
=started       2024-08-23 19:10:53
=ended         2024-08-23 19:10:54
=result        ok
=elapsed       1.11747
=case          ejabberd_SUITE:end_per_group
=logfile       ejabberd_suite.end_per_group.18211.html
=group_props   [{name,privacy_deny_server_full_jid},parallel]
=started       2024-08-23 19:10:54
=ended         2024-08-23 19:10:54
=result        ok
=elapsed       2.0e-6
=group_time    1.178s
=case          ejabberd_SUITE:init_per_group
=logfile       ejabberd_suite.init_per_group.18243.html
=group_props   [{name,privacy_deny_group},parallel]
=started       2024-08-23 19:10:54
=ended         2024-08-23 19:10:54
=result        ok
=elapsed       2.0e-6
=case          ejabberd_SUITE:privacy_deny_group_master
=logfile       ejabberd_suite.privacy_deny_group_master.18275.html
=started       2024-08-23 19:10:54
=ended         2024-08-23 19:10:55
=result        ok
=elapsed       1.116999
=case          ejabberd_SUITE:privacy_deny_group_slave
=logfile       ejabberd_suite.privacy_deny_group_slave.22658.html
=started       2024-08-23 19:10:54
=ended         2024-08-23 19:10:55
=result        ok
=elapsed       1.117636
=case          ejabberd_SUITE:end_per_group
=logfile       ejabberd_suite.end_per_group.22818.html
=group_props   [{name,privacy_deny_group},parallel]
=started       2024-08-23 19:10:55
=ended         2024-08-23 19:10:55
=result        ok
=elapsed       2.0e-6
=group_time    1.176s
=case          ejabberd_SUITE:init_per_group
=logfile       ejabberd_suite.init_per_group.22850.html
=group_props   [{name,privacy_deny_sub_both},parallel]
=started       2024-08-23 19:10:55
=ended         2024-08-23 19:10:55
=result        ok
=elapsed       3.0e-6
=case          ejabberd_SUITE:privacy_deny_sub_both_master
=logfile       ejabberd_suite.privacy_deny_sub_both_master.22882.html
=started       2024-08-23 19:10:55
=ended         2024-08-23 19:10:57
=result        ok
=elapsed       1.125027
=case          ejabberd_SUITE:privacy_deny_sub_both_slave
=logfile       ejabberd_suite.privacy_deny_sub_both_slave.18307.html
=started       2024-08-23 19:10:55
=ended         2024-08-23 19:10:57
=result        ok
=elapsed       1.123316
=case          ejabberd_SUITE:end_per_group
=logfile       ejabberd_suite.end_per_group.18371.html
=group_props   [{name,privacy_deny_sub_both},parallel]
=started       2024-08-23 19:10:57
=ended         2024-08-23 19:10:57
=result        ok
=elapsed       3.0e-6
=group_time    1.184s
=case          ejabberd_SUITE:init_per_group
=logfile       ejabberd_suite.init_per_group.18403.html
=group_props   [{name,privacy_deny_sub_from},parallel]
=started       2024-08-23 19:10:57
=ended         2024-08-23 19:10:57
=result        ok
=elapsed       2.0e-6
=case          ejabberd_SUITE:privacy_deny_sub_from_master
=logfile       ejabberd_suite.privacy_deny_sub_from_master.22914.html
=started       2024-08-23 19:10:57
=ended         2024-08-23 19:10:58
=result        ok
=elapsed       1.120776
=case          ejabberd_SUITE:privacy_deny_sub_from_slave
=logfile       ejabberd_suite.privacy_deny_sub_from_slave.22946.html
=started       2024-08-23 19:10:57
=ended         2024-08-23 19:10:58
=result        ok
=elapsed       1.121448
=case          ejabberd_SUITE:end_per_group
=logfile       ejabberd_suite.end_per_group.22978.html
=group_props   [{name,privacy_deny_sub_from},parallel]
=started       2024-08-23 19:10:58
=ended         2024-08-23 19:10:58
=result        ok
=elapsed       3.0e-6
=group_time    1.180s
=case          ejabberd_SUITE:init_per_group
=logfile       ejabberd_suite.init_per_group.15300.html
=group_props   [{name,privacy_deny_sub_to},parallel]
=started       2024-08-23 19:10:58
=ended         2024-08-23 19:10:58
=result        ok
=elapsed       3.0e-6
=case          ejabberd_SUITE:privacy_deny_sub_to_master
=logfile       ejabberd_suite.privacy_deny_sub_to_master.15332.html
=started       2024-08-23 19:10:58
=ended         2024-08-23 19:10:59
=result        ok
=elapsed       1.116509
=case          ejabberd_SUITE:privacy_deny_sub_to_slave
=logfile       ejabberd_suite.privacy_deny_sub_to_slave.15364.html
=started       2024-08-23 19:10:58
=ended         2024-08-23 19:10:59
=result        ok
=elapsed       1.117199
=case          ejabberd_SUITE:end_per_group
=logfile       ejabberd_suite.end_per_group.15556.html
=group_props   [{name,privacy_deny_sub_to},parallel]
=started       2024-08-23 19:10:59
=ended         2024-08-23 19:10:59
=result        ok
=elapsed       7.0e-6
=group_time    1.177s
=case          ejabberd_SUITE:init_per_group
=logfile       ejabberd_suite.init_per_group.15588.html
=group_props   [{name,privacy_deny_sub_none},parallel]
=started       2024-08-23 19:10:59
=ended         2024-08-23 19:10:59
=result        ok
=elapsed       3.0e-6
=case          ejabberd_SUITE:privacy_deny_sub_none_master
=logfile       ejabberd_suite.privacy_deny_sub_none_master.23042.html
=started       2024-08-23 19:10:59
=ended         2024-08-23 19:11:00
=result        ok
=elapsed       1.126059
=case          ejabberd_SUITE:privacy_deny_sub_none_slave
=logfile       ejabberd_suite.privacy_deny_sub_none_slave.23074.html
=started       2024-08-23 19:10:59
=ended         2024-08-23 19:11:00
=result        ok
=elapsed       1.126309
=case          ejabberd_SUITE:end_per_group
=logfile       ejabberd_suite.end_per_group.23138.html
=group_props   [{name,privacy_deny_sub_none},parallel]
=started       2024-08-23 19:11:00
=ended         2024-08-23 19:11:00
=result        ok
=elapsed       6.0e-6
=group_time    1.185s
=case          ejabberd_SUITE:init_per_group
=logfile       ejabberd_suite.init_per_group.23170.html
=group_props   [{name,privacy_deny_all},parallel]
=started       2024-08-23 19:11:00
=ended         2024-08-23 19:11:00
=result        ok
=elapsed       3.0e-6
=case          ejabberd_SUITE:privacy_deny_all_master
=logfile       ejabberd_suite.privacy_deny_all_master.23202.html
=started       2024-08-23 19:11:00
=ended         2024-08-23 19:11:01
=result        ok
=elapsed       1.123602
=case          ejabberd_SUITE:privacy_deny_all_slave
=logfile       ejabberd_suite.privacy_deny_all_slave.23234.html
=started       2024-08-23 19:11:00
=ended         2024-08-23 19:11:01
=result        ok
=elapsed       1.122695
=case          ejabberd_SUITE:end_per_group
=logfile       ejabberd_suite.end_per_group.23266.html
=group_props   [{name,privacy_deny_all},parallel]
=started       2024-08-23 19:11:01
=ended         2024-08-23 19:11:01
=result        ok
=elapsed       2.0e-6
=group_time    1.183s
=case          ejabberd_SUITE:init_per_group
=logfile       ejabberd_suite.init_per_group.23298.html
=group_props   [{name,privacy_deny_offline},parallel]
=started       2024-08-23 19:11:01
=ended         2024-08-23 19:11:01
=result        ok
=elapsed       4.0e-6
=case          ejabberd_SUITE:privacy_deny_offline_master
=logfile       ejabberd_suite.privacy_deny_offline_master.23330.html
=started       2024-08-23 19:11:01
=ended         2024-08-23 19:11:02
=result        ok
=elapsed       0.234635
=case          ejabberd_SUITE:privacy_deny_offline_slave
=logfile       ejabberd_suite.privacy_deny_offline_slave.5477.html
=started       2024-08-23 19:11:01
=ended         2024-08-23 19:11:02
=result        ok
=elapsed       0.336357
=case          ejabberd_SUITE:end_per_group
=logfile       ejabberd_suite.end_per_group.5541.html
=group_props   [{name,privacy_deny_offline},parallel]
=started       2024-08-23 19:11:02
=ended         2024-08-23 19:11:02
=result        ok
=elapsed       2.0e-6
=group_time    0.394s
=case          ejabberd_SUITE:init_per_group
=logfile       ejabberd_suite.init_per_group.5573.html
=group_props   [{name,privacy_block},parallel]
=started       2024-08-23 19:11:02
=ended         2024-08-23 19:11:02
=result        ok
=elapsed       2.0e-6
=case          ejabberd_SUITE:privacy_block_master
=logfile       ejabberd_suite.privacy_block_master.5605.html
=started       2024-08-23 19:11:02
=ended         2024-08-23 19:11:02
=result        ok
=elapsed       0.414613
=case          ejabberd_SUITE:privacy_block_slave
=logfile       ejabberd_suite.privacy_block_slave.5637.html
=started       2024-08-23 19:11:02
=ended         2024-08-23 19:11:02
=result        ok
=elapsed       0.413579
=case          ejabberd_SUITE:end_per_group
=logfile       ejabberd_suite.end_per_group.5669.html
=group_props   [{name,privacy_block},parallel]
=started       2024-08-23 19:11:02
=ended         2024-08-23 19:11:02
=result        ok
=elapsed       2.0e-6
=group_time    0.472s
=case          ejabberd_SUITE:init_per_group
=logfile       ejabberd_suite.init_per_group.5701.html
=group_props   [{name,privacy_unblock},parallel]
=started       2024-08-23 19:11:02
=ended         2024-08-23 19:11:02
=result        ok
=elapsed       2.0e-6
=case          ejabberd_SUITE:privacy_unblock_master
=logfile       ejabberd_suite.privacy_unblock_master.5733.html
=started       2024-08-23 19:11:02
=ended         2024-08-23 19:11:03
=result        ok
=elapsed       0.193993
=case          ejabberd_SUITE:privacy_unblock_slave
=logfile       ejabberd_suite.privacy_unblock_slave.5765.html
=started       2024-08-23 19:11:02
=ended         2024-08-23 19:11:03
=result        ok
=elapsed       0.194682
=case          ejabberd_SUITE:end_per_group
=logfile       ejabberd_suite.end_per_group.18883.html
=group_props   [{name,privacy_unblock},parallel]
=started       2024-08-23 19:11:03
=ended         2024-08-23 19:11:03
=result        ok
=elapsed       8.0e-6
=group_time    0.254s
=case          ejabberd_SUITE:init_per_group
=logfile       ejabberd_suite.init_per_group.18915.html
=group_props   [{name,privacy_unblock_all},parallel]
=started       2024-08-23 19:11:03
=ended         2024-08-23 19:11:03
=result        ok
=elapsed       3.0e-6
=case          ejabberd_SUITE:privacy_unblock_all_master
=logfile       ejabberd_suite.privacy_unblock_all_master.18947.html
=started       2024-08-23 19:11:03
=ended         2024-08-23 19:11:03
=result        ok
=elapsed       0.19122
=case          ejabberd_SUITE:privacy_unblock_all_slave
=logfile       ejabberd_suite.privacy_unblock_all_slave.18979.html
=started       2024-08-23 19:11:03
=ended         2024-08-23 19:11:03
=result        ok
=elapsed       0.191806
=case          ejabberd_SUITE:end_per_group
=logfile       ejabberd_suite.end_per_group.19043.html
=group_props   [{name,privacy_unblock_all},parallel]
=started       2024-08-23 19:11:03
=ended         2024-08-23 19:11:03
=result        ok
=elapsed       2.0e-6
=group_time    0.250s
=case          ejabberd_SUITE:end_per_group
=logfile       ejabberd_suite.end_per_group.23650.html
=group_props   [{name,privacy_master_slave},sequence]
=started       2024-08-23 19:11:03
=ended         2024-08-23 19:11:03
=result        ok
=elapsed       9.0e-6
=group_time    13.568s
=case          ejabberd_SUITE:init_per_group
=logfile       ejabberd_suite.init_per_group.5797.html
=group_props   [{name,pubsub_master_slave},sequence]
=started       2024-08-23 19:11:03
=ended         2024-08-23 19:11:03
=result        ok
=elapsed       3.0e-6
=case          ejabberd_SUITE:init_per_group
=logfile       ejabberd_suite.init_per_group.5829.html
=group_props   [{name,pubsub_publish},parallel]
=started       2024-08-23 19:11:03
=ended         2024-08-23 19:11:03
=result        ok
=elapsed       2.0e-6
=case          ejabberd_SUITE:pubsub_publish_master
=logfile       ejabberd_suite.pubsub_publish_master.5861.html
=started       2024-08-23 19:11:03
=ended         2024-08-23 19:11:03
=result        ok
=elapsed       0.106813
=case          ejabberd_SUITE:pubsub_publish_slave
=logfile       ejabberd_suite.pubsub_publish_slave.5893.html
=started       2024-08-23 19:11:03
=ended         2024-08-23 19:11:03
=result        ok
=elapsed       0.104633
=case          ejabberd_SUITE:end_per_group
=logfile       ejabberd_suite.end_per_group.5925.html
=group_props   [{name,pubsub_publish},parallel]
=started       2024-08-23 19:11:03
=ended         2024-08-23 19:11:03
=result        ok
=elapsed       2.0e-6
=group_time    0.165s
=case          ejabberd_SUITE:init_per_group
=logfile       ejabberd_suite.init_per_group.5957.html
=group_props   [{name,pubsub_subscriptions},parallel]
=started       2024-08-23 19:11:03
=ended         2024-08-23 19:11:03
=result        ok
=elapsed       3.0e-6
=case          ejabberd_SUITE:pubsub_subscriptions_master
=logfile       ejabberd_suite.pubsub_subscriptions_master.23714.html
=started       2024-08-23 19:11:03
=ended         2024-08-23 19:11:03
=result        ok
=elapsed       0.114805
=case          ejabberd_SUITE:pubsub_subscriptions_slave
=logfile       ejabberd_suite.pubsub_subscriptions_slave.23746.html
=started       2024-08-23 19:11:03
=ended         2024-08-23 19:11:03
=result        ok
=elapsed       0.109821
=case          ejabberd_SUITE:end_per_group
=logfile       ejabberd_suite.end_per_group.23842.html
=group_props   [{name,pubsub_subscriptions},parallel]
=started       2024-08-23 19:11:03
=ended         2024-08-23 19:11:03
=result        ok
=elapsed       2.0e-6
=group_time    0.173s
=case          ejabberd_SUITE:init_per_group
=logfile       ejabberd_suite.init_per_group.23874.html
=group_props   [{name,pubsub_affiliations},parallel]
=started       2024-08-23 19:11:03
=ended         2024-08-23 19:11:03
=result        ok
=elapsed       2.0e-6
=case          ejabberd_SUITE:pubsub_affiliations_master
=logfile       ejabberd_suite.pubsub_affiliations_master.15844.html
=started       2024-08-23 19:11:03
=ended         2024-08-23 19:11:05
=result        ok
=elapsed       1.706386
=case          ejabberd_SUITE:pubsub_affiliations_slave
=logfile       ejabberd_suite.pubsub_affiliations_slave.15876.html
=started       2024-08-23 19:11:03
=ended         2024-08-23 19:11:05
=result        ok
=elapsed       1.72674
=case          ejabberd_SUITE:end_per_group
=logfile       ejabberd_suite.end_per_group.15940.html
=group_props   [{name,pubsub_affiliations},parallel]
=started       2024-08-23 19:11:05
=ended         2024-08-23 19:11:05
=result        ok
=elapsed       3.0e-6
=group_time    1.784s
=case          ejabberd_SUITE:init_per_group
=logfile       ejabberd_suite.init_per_group.15972.html
=group_props   [{name,pubsub_authorize},parallel]
=started       2024-08-23 19:11:05
=ended         2024-08-23 19:11:05
=result        ok
=elapsed       2.0e-6
=case          ejabberd_SUITE:pubsub_authorize_master
=logfile       ejabberd_suite.pubsub_authorize_master.23970.html
=started       2024-08-23 19:11:05
=ended         2024-08-23 19:11:05
=result        ok
=elapsed       0.192227
=case          ejabberd_SUITE:pubsub_authorize_slave
=logfile       ejabberd_suite.pubsub_authorize_slave.24002.html
=started       2024-08-23 19:11:05
=ended         2024-08-23 19:11:05
=result        ok
=elapsed       0.149363
=case          ejabberd_SUITE:end_per_group
=logfile       ejabberd_suite.end_per_group.24066.html
=group_props   [{name,pubsub_authorize},parallel]
=started       2024-08-23 19:11:05
=ended         2024-08-23 19:11:05
=result        ok
=elapsed       2.0e-6
=group_time    0.250s
=case          ejabberd_SUITE:end_per_group
=logfile       ejabberd_suite.end_per_group.16036.html
=group_props   [{name,pubsub_master_slave},sequence]
=started       2024-08-23 19:11:05
=ended         2024-08-23 19:11:05
=result        ok
=elapsed       1.0e-5
=group_time    2.495s
=case          ejabberd_SUITE:init_per_group
=logfile       ejabberd_suite.init_per_group.16068.html
=group_props   [{name,roster_master_slave},sequence]
=started       2024-08-23 19:11:05
=ended         2024-08-23 19:11:05
=result        ok
=elapsed       3.0e-6
=case          ejabberd_SUITE:init_per_group
=logfile       ejabberd_suite.init_per_group.16100.html
=group_props   [{name,roster_subscribe},parallel]
=started       2024-08-23 19:11:05
=ended         2024-08-23 19:11:06
=result        ok
=elapsed       2.0e-6
=case          ejabberd_SUITE:roster_subscribe_master
=logfile       ejabberd_suite.roster_subscribe_master.16132.html
=started       2024-08-23 19:11:06
=ended         2024-08-23 19:11:18
=result        ok
=elapsed       12.344198
=case          ejabberd_SUITE:roster_subscribe_slave
=logfile       ejabberd_suite.roster_subscribe_slave.19235.html
=started       2024-08-23 19:11:06
=ended         2024-08-23 19:11:18
=result        ok
=elapsed       12.344967
=case          ejabberd_SUITE:end_per_group
=logfile       ejabberd_suite.end_per_group.20643.html
=group_props   [{name,roster_subscribe},parallel]
=started       2024-08-23 19:11:18
=ended         2024-08-23 19:11:18
=result        ok
=elapsed       2.0e-6
=group_time    12.402s
=case          ejabberd_SUITE:end_per_group
=logfile       ejabberd_suite.end_per_group.20675.html
=group_props   [{name,roster_master_slave},sequence]
=started       2024-08-23 19:11:18
=ended         2024-08-23 19:11:18
=result        ok
=elapsed       1.0e-5
=group_time    12.451s
=case          ejabberd_SUITE:init_per_group
=logfile       ejabberd_suite.init_per_group.6533.html
=group_props   [{name,offline_master_slave},sequence]
=started       2024-08-23 19:11:18
=ended         2024-08-23 19:11:18
=result        ok
=elapsed       4.0e-6
=case          ejabberd_SUITE:init_per_group
=logfile       ejabberd_suite.init_per_group.20707.html
=group_props   [{name,offline_flex},parallel]
=started       2024-08-23 19:11:18
=ended         2024-08-23 19:11:18
=result        ok
=elapsed       3.0e-6
=case          ejabberd_SUITE:offline_flex_master
=logfile       ejabberd_suite.offline_flex_master.20739.html
=started       2024-08-23 19:11:18
=ended         2024-08-23 19:11:18
=result        ok
=elapsed       0.203646
=case          ejabberd_SUITE:offline_flex_slave
=logfile       ejabberd_suite.offline_flex_slave.25218.html
=started       2024-08-23 19:11:18
=ended         2024-08-23 19:11:18
=result        ok
=elapsed       0.318353
=case          ejabberd_SUITE:end_per_group
=logfile       ejabberd_suite.end_per_group.25346.html
=group_props   [{name,offline_flex},parallel]
=started       2024-08-23 19:11:18
=ended         2024-08-23 19:11:18
=result        ok
=elapsed       2.0e-6
=group_time    0.376s
=case          ejabberd_SUITE:init_per_group
=logfile       ejabberd_suite.init_per_group.25378.html
=group_props   [{name,offline_send_all},parallel]
=started       2024-08-23 19:11:18
=ended         2024-08-23 19:11:18
=result        ok
=elapsed       2.0e-6
=case          ejabberd_SUITE:offline_send_all_master
=logfile       ejabberd_suite.offline_send_all_master.25410.html
=started       2024-08-23 19:11:18
=ended         2024-08-23 19:11:32
=result        ok
=elapsed       13.725711
=case          ejabberd_SUITE:offline_send_all_slave
=logfile       ejabberd_suite.offline_send_all_slave.20803.html
=started       2024-08-23 19:11:18
=ended         2024-08-23 19:11:32
=result        ok
=elapsed       13.864651
=case          ejabberd_SUITE:end_per_group
=logfile       ejabberd_suite.end_per_group.25442.html
=group_props   [{name,offline_send_all},parallel]
=started       2024-08-23 19:11:32
=ended         2024-08-23 19:11:32
=result        ok
=elapsed       3.0e-6
=group_time    13.921s
=case          ejabberd_SUITE:init_per_group
=logfile       ejabberd_suite.init_per_group.25474.html
=group_props   [{name,offline_from_mam},parallel]
=started       2024-08-23 19:11:32
=ended         2024-08-23 19:11:32
=result        ok
=elapsed       2.0e-6
=case          ejabberd_SUITE:offline_from_mam_master
=logfile       ejabberd_suite.offline_from_mam_master.25506.html
=started       2024-08-23 19:11:32
=ended         2024-08-23 19:11:46
=result        ok
=elapsed       13.802736
=case          ejabberd_SUITE:offline_from_mam_slave
=logfile       ejabberd_suite.offline_from_mam_slave.25538.html
=started       2024-08-23 19:11:32
=ended         2024-08-23 19:11:46
=result        ok
=elapsed       13.975361
=case          ejabberd_SUITE:end_per_group
=logfile       ejabberd_suite.end_per_group.25634.html
=group_props   [{name,offline_from_mam},parallel]
=started       2024-08-23 19:11:46
=ended         2024-08-23 19:11:46
=result        ok
=elapsed       2.0e-6
=group_time    14.033s
=case          ejabberd_SUITE:init_per_group
=logfile       ejabberd_suite.init_per_group.25666.html
=group_props   [{name,offline_mucsub_mam},parallel]
=started       2024-08-23 19:11:46
=ended         2024-08-23 19:11:46
=result        ok
=elapsed       5.0e-6
=case          ejabberd_SUITE:offline_mucsub_mam_master
=logfile       ejabberd_suite.offline_mucsub_mam_master.6597.html
=started       2024-08-23 19:11:46
=ended         2024-08-23 19:11:47
=result        ok
=elapsed       0.228062
=case          ejabberd_SUITE:offline_mucsub_mam_slave
=logfile       ejabberd_suite.offline_mucsub_mam_slave.6629.html
=started       2024-08-23 19:11:46
=ended         2024-08-23 19:11:47
=result        ok
=elapsed       0.224786
=case          ejabberd_SUITE:end_per_group
=logfile       ejabberd_suite.end_per_group.6725.html
=group_props   [{name,offline_mucsub_mam},parallel]
=started       2024-08-23 19:11:47
=ended         2024-08-23 19:11:47
=result        ok
=elapsed       2.0e-6
=group_time    0.286s
=case          ejabberd_SUITE:end_per_group
=logfile       ejabberd_suite.end_per_group.20995.html
=group_props   [{name,offline_master_slave},sequence]
=started       2024-08-23 19:11:47
=ended         2024-08-23 19:11:47
=result        ok
=elapsed       2.0e-6
=group_time    28.741s
=case          ejabberd_SUITE:init_per_group
=logfile       ejabberd_suite.init_per_group.21027.html
=group_props   [{name,mam_master_slave},sequence]
=started       2024-08-23 19:11:47
=ended         2024-08-23 19:11:47
=result        ok
=elapsed       3.0e-6
=case          ejabberd_SUITE:init_per_group
=logfile       ejabberd_suite.init_per_group.21059.html
=group_props   [{name,mam_archived_and_stanza_id},parallel]
=started       2024-08-23 19:11:47
=ended         2024-08-23 19:11:47
=result        ok
=elapsed       3.0e-6
=case          ejabberd_SUITE:mam_archived_and_stanza_id_master
=logfile       ejabberd_suite.mam_archived_and_stanza_id_master.21091.html
=started       2024-08-23 19:11:47
=ended         2024-08-23 19:11:47
=result        ok
=elapsed       0.148506
=case          ejabberd_SUITE:mam_archived_and_stanza_id_slave
=logfile       ejabberd_suite.mam_archived_and_stanza_id_slave.25730.html
=started       2024-08-23 19:11:47
=ended         2024-08-23 19:11:47
=result        ok
=elapsed       0.150763
=case          ejabberd_SUITE:end_per_group
=logfile       ejabberd_suite.end_per_group.25794.html
=group_props   [{name,mam_archived_and_stanza_id},parallel]
=started       2024-08-23 19:11:47
=ended         2024-08-23 19:11:47
=result        ok
=elapsed       2.0e-6
=group_time    0.208s
=case          ejabberd_SUITE:init_per_group
=logfile       ejabberd_suite.init_per_group.6853.html
=group_props   [{name,mam_query_all},parallel]
=started       2024-08-23 19:11:47
=ended         2024-08-23 19:11:47
=result        ok
=elapsed       3.0e-6
=case          ejabberd_SUITE:mam_query_all_master
=logfile       ejabberd_suite.mam_query_all_master.6885.html
=started       2024-08-23 19:11:47
=ended         2024-08-23 19:11:47
=result        ok
=elapsed       0.173198
=case          ejabberd_SUITE:mam_query_all_slave
=logfile       ejabberd_suite.mam_query_all_slave.6917.html
=started       2024-08-23 19:11:47
=ended         2024-08-23 19:11:47
=result        ok
=elapsed       0.178524
=case          ejabberd_SUITE:end_per_group
=logfile       ejabberd_suite.end_per_group.6981.html
=group_props   [{name,mam_query_all},parallel]
=started       2024-08-23 19:11:47
=ended         2024-08-23 19:11:47
=result        ok
=elapsed       3.0e-6
=group_time    0.236s
=case          ejabberd_SUITE:init_per_group
=logfile       ejabberd_suite.init_per_group.7013.html
=group_props   [{name,mam_query_with},parallel]
=started       2024-08-23 19:11:47
=ended         2024-08-23 19:11:47
=result        ok
=elapsed       3.0e-6
=case          ejabberd_SUITE:mam_query_with_master
=logfile       ejabberd_suite.mam_query_with_master.25890.html
=started       2024-08-23 19:11:47
=ended         2024-08-23 19:11:47
=result        ok
=elapsed       0.184715
=case          ejabberd_SUITE:mam_query_with_slave
=logfile       ejabberd_suite.mam_query_with_slave.25922.html
=started       2024-08-23 19:11:47
=ended         2024-08-23 19:11:47
=result        ok
=elapsed       0.183759
=case          ejabberd_SUITE:end_per_group
=logfile       ejabberd_suite.end_per_group.26018.html
=group_props   [{name,mam_query_with},parallel]
=started       2024-08-23 19:11:47
=ended         2024-08-23 19:11:47
=result        ok
=elapsed       2.0e-6
=group_time    0.245s
=case          ejabberd_SUITE:init_per_group
=logfile       ejabberd_suite.init_per_group.26050.html
=group_props   [{name,mam_query_rsm_max},parallel]
=started       2024-08-23 19:11:47
=ended         2024-08-23 19:11:48
=result        ok
=elapsed       3.0e-6
=case          ejabberd_SUITE:mam_query_rsm_max_master
=logfile       ejabberd_suite.mam_query_rsm_max_master.21155.html
=started       2024-08-23 19:11:48
=ended         2024-08-23 19:11:48
=result        ok
=elapsed       0.225501
=case          ejabberd_SUITE:mam_query_rsm_max_slave
=logfile       ejabberd_suite.mam_query_rsm_max_slave.21187.html
=started       2024-08-23 19:11:48
=ended         2024-08-23 19:11:48
=result        ok
=elapsed       0.22579
=case          ejabberd_SUITE:end_per_group
=logfile       ejabberd_suite.end_per_group.21283.html
=group_props   [{name,mam_query_rsm_max},parallel]
=started       2024-08-23 19:11:48
=ended         2024-08-23 19:11:48
=result        ok
=elapsed       7.0e-6
=group_time    0.285s
=case          ejabberd_SUITE:init_per_group
=logfile       ejabberd_suite.init_per_group.21315.html
=group_props   [{name,mam_query_rsm_after},parallel]
=started       2024-08-23 19:11:48
=ended         2024-08-23 19:11:48
=result        ok
=elapsed       4.0e-6
=case          ejabberd_SUITE:mam_query_rsm_after_master
=logfile       ejabberd_suite.mam_query_rsm_after_master.21347.html
=started       2024-08-23 19:11:48
=ended         2024-08-23 19:11:48
=result        ok
=elapsed       0.213931
=case          ejabberd_SUITE:mam_query_rsm_after_slave
=logfile       ejabberd_suite.mam_query_rsm_after_slave.21379.html
=started       2024-08-23 19:11:48
=ended         2024-08-23 19:11:48
=result        ok
=elapsed       0.214612
=case          ejabberd_SUITE:end_per_group
=logfile       ejabberd_suite.end_per_group.21443.html
=group_props   [{name,mam_query_rsm_after},parallel]
=started       2024-08-23 19:11:48
=ended         2024-08-23 19:11:48
=result        ok
=elapsed       2.0e-6
=group_time    0.275s
=case          ejabberd_SUITE:init_per_group
=logfile       ejabberd_suite.init_per_group.26178.html
=group_props   [{name,mam_query_rsm_before},parallel]
=started       2024-08-23 19:11:48
=ended         2024-08-23 19:11:48
=result        ok
=elapsed       3.0e-6
=case          ejabberd_SUITE:mam_query_rsm_before_master
=logfile       ejabberd_suite.mam_query_rsm_before_master.26210.html
=started       2024-08-23 19:11:48
=ended         2024-08-23 19:11:48
=result        ok
=elapsed       0.218924
=case          ejabberd_SUITE:mam_query_rsm_before_slave
=logfile       ejabberd_suite.mam_query_rsm_before_slave.26242.html
=started       2024-08-23 19:11:48
=ended         2024-08-23 19:11:48
=result        ok
=elapsed       0.219699
=case          ejabberd_SUITE:end_per_group
=logfile       ejabberd_suite.end_per_group.26338.html
=group_props   [{name,mam_query_rsm_before},parallel]
=started       2024-08-23 19:11:48
=ended         2024-08-23 19:11:48
=result        ok
=elapsed       2.0e-6
=group_time    0.278s
=case          ejabberd_SUITE:init_per_group
=logfile       ejabberd_suite.init_per_group.26370.html
=group_props   [{name,mam_muc},parallel]
=started       2024-08-23 19:11:48
=ended         2024-08-23 19:11:48
=result        ok
=elapsed       3.0e-6
=case          ejabberd_SUITE:mam_muc_master
=logfile       ejabberd_suite.mam_muc_master.26402.html
=started       2024-08-23 19:11:48
=ended         2024-08-23 19:11:49
=result        ok
=elapsed       0.142286
=case          ejabberd_SUITE:mam_muc_slave
=logfile       ejabberd_suite.mam_muc_slave.26434.html
=started       2024-08-23 19:11:48
=ended         2024-08-23 19:11:49
=result        ok
=elapsed       0.140398
=case          ejabberd_SUITE:end_per_group
=logfile       ejabberd_suite.end_per_group.26530.html
=group_props   [{name,mam_muc},parallel]
=started       2024-08-23 19:11:49
=ended         2024-08-23 19:11:49
=result        ok
=elapsed       5.0e-6
=group_time    0.201s
=case          ejabberd_SUITE:init_per_group
=logfile       ejabberd_suite.init_per_group.26562.html
=group_props   [{name,mam_mucsub},parallel]
=started       2024-08-23 19:11:49
=ended         2024-08-23 19:11:49
=result        ok
=elapsed       2.0e-6
=case          ejabberd_SUITE:mam_mucsub_master
=logfile       ejabberd_suite.mam_mucsub_master.26594.html
=started       2024-08-23 19:11:49
=ended         2024-08-23 19:11:49
=result        ok
=elapsed       0.12694
=case          ejabberd_SUITE:mam_mucsub_slave
=logfile       ejabberd_suite.mam_mucsub_slave.21507.html
=started       2024-08-23 19:11:49
=ended         2024-08-23 19:11:49
=result        ok
=elapsed       0.124327
=case          ejabberd_SUITE:end_per_group
=logfile       ejabberd_suite.end_per_group.21571.html
=group_props   [{name,mam_mucsub},parallel]
=started       2024-08-23 19:11:49
=ended         2024-08-23 19:11:49
=result        ok
=elapsed       2.0e-6
=group_time    0.183s
=case          ejabberd_SUITE:init_per_group
=logfile       ejabberd_suite.init_per_group.21603.html
=group_props   [{name,mam_mucsub_from_muc},parallel]
=started       2024-08-23 19:11:49
=ended         2024-08-23 19:11:49
=result        ok
=elapsed       3.0e-6
=case          ejabberd_SUITE:mam_mucsub_from_muc_master
=logfile       ejabberd_suite.mam_mucsub_from_muc_master.26722.html
=started       2024-08-23 19:11:49
=ended         2024-08-23 19:11:49
=result        ok
=elapsed       0.127844
=case          ejabberd_SUITE:mam_mucsub_from_muc_slave
=logfile       ejabberd_suite.mam_mucsub_from_muc_slave.26754.html
=started       2024-08-23 19:11:49
=ended         2024-08-23 19:11:49
=result        ok
=elapsed       0.12531
=case          ejabberd_SUITE:end_per_group
=logfile       ejabberd_suite.end_per_group.26786.html
=group_props   [{name,mam_mucsub_from_muc},parallel]
=started       2024-08-23 19:11:49
=ended         2024-08-23 19:11:49
=result        ok
=elapsed       2.0e-6
=group_time    0.186s
=case          ejabberd_SUITE:init_per_group
=logfile       ejabberd_suite.init_per_group.26818.html
=group_props   [{name,mam_mucsub_from_muc_non_persistent},parallel]
=started       2024-08-23 19:11:49
=ended         2024-08-23 19:11:49
=result        ok
=elapsed       4.0e-6
=case          ejabberd_SUITE:mam_mucsub_from_muc_non_persistent_master
=logfile       ejabberd_suite.mam_mucsub_from_muc_non_persistent_master.26850.html
=started       2024-08-23 19:11:49
=ended         2024-08-23 19:11:49
=result        ok
=elapsed       0.122843
=case          ejabberd_SUITE:mam_mucsub_from_muc_non_persistent_slave
=logfile       ejabberd_suite.mam_mucsub_from_muc_non_persistent_slave.26882.html
=started       2024-08-23 19:11:49
=ended         2024-08-23 19:11:49
=result        ok
=elapsed       0.121292
=case          ejabberd_SUITE:end_per_group
=logfile       ejabberd_suite.end_per_group.21763.html
=group_props   [{name,mam_mucsub_from_muc_non_persistent},parallel]
=started       2024-08-23 19:11:49
=ended         2024-08-23 19:11:49
=result        ok
=elapsed       2.0e-6
=group_time    0.182s
=case          ejabberd_SUITE:end_per_group
=logfile       ejabberd_suite.end_per_group.21795.html
=group_props   [{name,mam_master_slave},sequence]
=started       2024-08-23 19:11:49
=ended         2024-08-23 19:11:49
=result        ok
=elapsed       8.0e-6
=group_time    2.554s
=case          ejabberd_SUITE:init_per_group
=logfile       ejabberd_suite.init_per_group.21827.html
=group_props   [{name,announce_master_slave},sequence]
=started       2024-08-23 19:11:49
=ended         2024-08-23 19:11:49
=result        ok
=elapsed       3.0e-6
=case          ejabberd_SUITE:init_per_group
=logfile       ejabberd_suite.init_per_group.21859.html
=group_props   [{name,announce_set_motd},parallel]
=started       2024-08-23 19:11:49
=ended         2024-08-23 19:11:49
=result        ok
=elapsed       4.0e-6
=case          ejabberd_SUITE:announce_set_motd_master
=logfile       ejabberd_suite.announce_set_motd_master.21891.html
=started       2024-08-23 19:11:49
=ended         2024-08-23 19:11:49
=result        ok
=elapsed       0.105515
=case          ejabberd_SUITE:announce_set_motd_slave
=logfile       ejabberd_suite.announce_set_motd_slave.21923.html
=started       2024-08-23 19:11:49
=ended         2024-08-23 19:11:49
=result        ok
=elapsed       0.106457
=case          ejabberd_SUITE:end_per_group
=logfile       ejabberd_suite.end_per_group.22051.html
=group_props   [{name,announce_set_motd},parallel]
=started       2024-08-23 19:11:49
=ended         2024-08-23 19:11:49
=result        ok
=elapsed       2.0e-6
=group_time    0.166s
=case          ejabberd_SUITE:end_per_group
=logfile       ejabberd_suite.end_per_group.22083.html
=group_props   [{name,announce_master_slave},sequence]
=started       2024-08-23 19:11:49
=ended         2024-08-23 19:11:50
=result        ok
=elapsed       2.0e-6
=group_time    0.214s
=case          ejabberd_SUITE:init_per_group
=logfile       ejabberd_suite.init_per_group.22115.html
=group_props   [{name,csi_master_slave},sequence]
=started       2024-08-23 19:11:50
=ended         2024-08-23 19:11:50
=result        ok
=elapsed       4.0e-6
=case          ejabberd_SUITE:init_per_group
=logfile       ejabberd_suite.init_per_group.22147.html
=group_props   [{name,csi_all},parallel]
=started       2024-08-23 19:11:50
=ended         2024-08-23 19:11:50
=result        ok
=elapsed       3.0e-6
=case          ejabberd_SUITE:csi_all_master
=logfile       ejabberd_suite.csi_all_master.22179.html
=started       2024-08-23 19:11:50
=ended         2024-08-23 19:11:50
=result        ok
=elapsed       0.234422
=case          ejabberd_SUITE:csi_all_slave
=logfile       ejabberd_suite.csi_all_slave.22211.html
=started       2024-08-23 19:11:50
=ended         2024-08-23 19:11:50
=result        ok
=elapsed       0.23515
=case          ejabberd_SUITE:end_per_group
=logfile       ejabberd_suite.end_per_group.27042.html
=group_props   [{name,csi_all},parallel]
=started       2024-08-23 19:11:50
=ended         2024-08-23 19:11:50
=result        ok
=elapsed       2.0e-6
=group_time    0.294s
=case          ejabberd_SUITE:end_per_group
=logfile       ejabberd_suite.end_per_group.27074.html
=group_props   [{name,csi_master_slave},sequence]
=started       2024-08-23 19:11:50
=ended         2024-08-23 19:11:50
=result        ok
=elapsed       8.0e-6
=group_time    0.344s
=case          ejabberd_SUITE:init_per_group
=logfile       ejabberd_suite.init_per_group.7237.html
=group_props   [{name,push_master_slave},sequence]
=started       2024-08-23 19:11:50
=ended         2024-08-23 19:11:50
=result        ok
=elapsed       5.0e-6
=case          ejabberd_SUITE:init_per_group
=logfile       ejabberd_suite.init_per_group.7269.html
=group_props   [{name,push_sm},parallel]
=started       2024-08-23 19:11:50
=ended         2024-08-23 19:11:50
=result        ok
=elapsed       2.0e-6
=case          ejabberd_SUITE:push_sm_master
=logfile       ejabberd_suite.push_sm_master.7301.html
=started       2024-08-23 19:11:50
=ended         2024-08-23 19:11:58
=result        ok
=elapsed       8.109586
=case          ejabberd_SUITE:push_sm_slave
=logfile       ejabberd_suite.push_sm_slave.7333.html
=started       2024-08-23 19:11:50
=ended         2024-08-23 19:11:50
=result        ok
=elapsed       0.002244
=case          ejabberd_SUITE:end_per_group
=logfile       ejabberd_suite.end_per_group.7397.html
=group_props   [{name,push_sm},parallel]
=started       2024-08-23 19:11:58
=ended         2024-08-23 19:11:58
=result        ok
=elapsed       2.0e-6
=group_time    8.167s
=case          ejabberd_SUITE:init_per_group
=logfile       ejabberd_suite.init_per_group.7429.html
=group_props   [{name,push_offline},parallel]
=started       2024-08-23 19:11:58
=ended         2024-08-23 19:11:58
=result        ok
=elapsed       3.0e-6
=case          ejabberd_SUITE:push_offline_master
=logfile       ejabberd_suite.push_offline_master.7461.html
=started       2024-08-23 19:11:58
=ended         2024-08-23 19:11:58
=result        ok
=elapsed       0.253643
=case          ejabberd_SUITE:push_offline_slave
=logfile       ejabberd_suite.push_offline_slave.7493.html
=started       2024-08-23 19:11:58
=ended         2024-08-23 19:11:58
=result        ok
=elapsed       0.104421
=case          ejabberd_SUITE:end_per_group
=logfile       ejabberd_suite.end_per_group.7621.html
=group_props   [{name,push_offline},parallel]
=started       2024-08-23 19:11:58
=ended         2024-08-23 19:11:58
=result        ok
=elapsed       2.0e-6
=group_time    0.311s
=case          ejabberd_SUITE:init_per_group
=logfile       ejabberd_suite.init_per_group.7653.html
=group_props   [{name,push_mam},parallel]
=started       2024-08-23 19:11:58
=ended         2024-08-23 19:11:58
=result        ok
=elapsed       2.0e-6
=case          ejabberd_SUITE:push_mam_master
=logfile       ejabberd_suite.push_mam_master.7685.html
=started       2024-08-23 19:11:58
=ended         2024-08-23 19:11:59
=result        ok
=elapsed       0.153961
=case          ejabberd_SUITE:push_mam_slave
=logfile       ejabberd_suite.push_mam_slave.7717.html
=started       2024-08-23 19:11:58
=ended         2024-08-23 19:11:59
=result        ok
=elapsed       0.258469
=case          ejabberd_SUITE:end_per_group
=logfile       ejabberd_suite.end_per_group.18276.html
=group_props   [{name,push_mam},parallel]
=started       2024-08-23 19:11:59
=ended         2024-08-23 19:11:59
=result        ok
=elapsed       2.0e-6
=group_time    0.317s
=case          ejabberd_SUITE:end_per_group
=logfile       ejabberd_suite.end_per_group.18308.html
=group_props   [{name,push_master_slave},sequence]
=started       2024-08-23 19:11:59
=ended         2024-08-23 19:11:59
=result        ok
=elapsed       6.0e-6
=group_time    8.893s
=case          ejabberd_SUITE:end_per_group
=logfile       ejabberd_suite.end_per_group.18340.html
=group_props   [{name,redis},sequence]
=started       2024-08-23 19:11:59
=ended         2024-08-23 19:11:59
=result        ok
=elapsed       0.0
=group_time    96.479s
=case          ejabberd_SUITE:init_per_group
=logfile       ejabberd_suite.init_per_group.18372.html
=group_props   [{name,mysql},sequence]
=started       2024-08-23 19:11:59
=ended         2024-08-23 19:11:59
=result        ok
=elapsed       9.82e-4
=case          ejabberd_SUITE:init_per_group
=logfile       ejabberd_suite.init_per_group.18404.html
=group_props   [{name,single_user},sequence]
=started       2024-08-23 19:11:59
=ended         2024-08-23 19:11:59
=result        ok
=elapsed       4.0e-6
=case          ejabberd_SUITE:test_register
=logfile       ejabberd_suite.test_register.18436.html
=started       2024-08-23 19:11:59
=ended         2024-08-23 19:11:59
=result        ok
=elapsed       0.010188
=case          ejabberd_SUITE:init_per_group
=logfile       ejabberd_suite.init_per_group.18468.html
=group_props   [{name,legacy_auth},parallel]
=started       2024-08-23 19:11:59
=ended         2024-08-23 19:11:59
=result        ok
=elapsed       2.0e-6
=case          ejabberd_SUITE:test_legacy_auth_feature
=logfile       ejabberd_suite.test_legacy_auth_feature.18500.html
=started       2024-08-23 19:11:59
=ended         2024-08-23 19:11:59
=result        ok
=elapsed       6.84e-4
=case          ejabberd_SUITE:test_legacy_auth
=logfile       ejabberd_suite.test_legacy_auth.18532.html
=started       2024-08-23 19:11:59
=ended         2024-08-23 19:11:59
=result        ok
=elapsed       0.116078
=case          ejabberd_SUITE:test_legacy_auth_digest
=logfile       ejabberd_suite.test_legacy_auth_digest.18564.html
=started       2024-08-23 19:11:59
=ended         2024-08-23 19:11:59
=result        ok
=elapsed       0.116202
=case          ejabberd_SUITE:test_legacy_auth_no_resource
=logfile       ejabberd_suite.test_legacy_auth_no_resource.18596.html
=started       2024-08-23 19:11:59
=ended         2024-08-23 19:11:59
=result        ok
=elapsed       0.001427
=case          ejabberd_SUITE:test_legacy_auth_bad_jid
=logfile       ejabberd_suite.test_legacy_auth_bad_jid.18660.html
=started       2024-08-23 19:11:59
=ended         2024-08-23 19:11:59
=result        ok
=elapsed       0.001654
=case          ejabberd_SUITE:test_legacy_auth_fail
=logfile       ejabberd_suite.test_legacy_auth_fail.18628.html
=started       2024-08-23 19:11:59
=ended         2024-08-23 19:11:59
=result        ok
=elapsed       0.003923
=case          ejabberd_SUITE:end_per_group
=logfile       ejabberd_suite.end_per_group.27266.html
=group_props   [{name,legacy_auth},parallel]
=started       2024-08-23 19:11:59
=ended         2024-08-23 19:11:59
=result        ok
=elapsed       2.0e-6
=group_time    0.181s
=case          ejabberd_SUITE:auth_plain
=logfile       ejabberd_suite.auth_plain.27298.html
=started       2024-08-23 19:11:59
=ended         2024-08-23 19:11:59
=result        ok
=elapsed       0.001779
=case          ejabberd_SUITE:auth_md5
=logfile       ejabberd_suite.auth_md5.27362.html
=started       2024-08-23 19:11:59
=ended         2024-08-23 19:11:59
=result        ok
=elapsed       0.002261
=case          ejabberd_SUITE:presence_broadcast
=logfile       ejabberd_suite.presence_broadcast.27426.html
=started       2024-08-23 19:11:59
=ended         2024-08-23 19:11:59
=result        ok
=elapsed       0.214491
=case          ejabberd_SUITE:last
=logfile       ejabberd_suite.last.27458.html
=started       2024-08-23 19:11:59
=ended         2024-08-23 19:12:00
=result        ok
=elapsed       0.10476
=case          ejabberd_SUITE:init_per_group
=logfile       ejabberd_suite.init_per_group.18756.html
=group_props   [{name,webadmin_single},sequence]
=started       2024-08-23 19:12:00
=ended         2024-08-23 19:12:00
=result        ok
=elapsed       4.0e-6
=case          ejabberd_SUITE:webadmin_login_page
=logfile       ejabberd_suite.webadmin_login_page.18788.html
=started       2024-08-23 19:12:00
=ended         2024-08-23 19:12:00
=result        ok
=elapsed       4.35e-4
=case          ejabberd_SUITE:webadmin_welcome_page
=logfile       ejabberd_suite.webadmin_welcome_page.18820.html
=started       2024-08-23 19:12:00
=ended         2024-08-23 19:12:00
=result        ok
=elapsed       0.00492
=case          ejabberd_SUITE:webadmin_user_page
=logfile       ejabberd_suite.webadmin_user_page.27554.html
=started       2024-08-23 19:12:00
=ended         2024-08-23 19:12:00
=result        ok
=elapsed       0.003591
=case          ejabberd_SUITE:webadmin_adduser
=logfile       ejabberd_suite.webadmin_adduser.27586.html
=started       2024-08-23 19:12:00
=ended         2024-08-23 19:12:00
=result        ok
=elapsed       0.009733
=case          ejabberd_SUITE:webadmin_changepassword
=logfile       ejabberd_suite.webadmin_changepassword.27618.html
=started       2024-08-23 19:12:00
=ended         2024-08-23 19:12:00
=result        ok
=elapsed       0.00454
=case          ejabberd_SUITE:webadmin_removeuser
=logfile       ejabberd_suite.webadmin_removeuser.27650.html
=started       2024-08-23 19:12:00
=ended         2024-08-23 19:12:00
=result        ok
=elapsed       0.01211
=case          ejabberd_SUITE:end_per_group
=logfile       ejabberd_suite.end_per_group.18852.html
=group_props   [{name,webadmin_single},sequence]
=started       2024-08-23 19:12:00
=ended         2024-08-23 19:12:00
=result        ok
=elapsed       2.0e-6
=group_time    0.213s
=case          ejabberd_SUITE:init_per_group
=logfile       ejabberd_suite.init_per_group.27682.html
=group_props   [{name,roster_single},sequence]
=started       2024-08-23 19:12:00
=ended         2024-08-23 19:12:00
=result        ok
=elapsed       3.0e-6
=case          ejabberd_SUITE:roster_feature_enabled
=logfile       ejabberd_suite.roster_feature_enabled.27714.html
=started       2024-08-23 19:12:00
=ended         2024-08-23 19:12:00
=result        ok
=elapsed       0.103563
=case          ejabberd_SUITE:roster_iq_set_many_items
=logfile       ejabberd_suite.roster_iq_set_many_items.27746.html
=started       2024-08-23 19:12:00
=ended         2024-08-23 19:12:00
=result        ok
=elapsed       0.103769
=case          ejabberd_SUITE:roster_iq_set_duplicated_groups
=logfile       ejabberd_suite.roster_iq_set_duplicated_groups.27842.html
=started       2024-08-23 19:12:00
=ended         2024-08-23 19:12:00
=result        ok
=elapsed       0.103944
=case          ejabberd_SUITE:roster_iq_get_item
=logfile       ejabberd_suite.roster_iq_get_item.27906.html
=started       2024-08-23 19:12:00
=ended         2024-08-23 19:12:00
=result        ok
=elapsed       0.103908
=case          ejabberd_SUITE:roster_iq_unexpected_element
=logfile       ejabberd_suite.roster_iq_unexpected_element.28002.html
=started       2024-08-23 19:12:00
=ended         2024-08-23 19:12:00
=result        ok
=elapsed       0.103694
=case          ejabberd_SUITE:roster_iq_set_ask
=logfile       ejabberd_suite.roster_iq_set_ask.28066.html
=started       2024-08-23 19:12:00
=ended         2024-08-23 19:12:01
=result        ok
=elapsed       0.104505
=case          ejabberd_SUITE:roster_set_item
=logfile       ejabberd_suite.roster_set_item.28098.html
=started       2024-08-23 19:12:01
=ended         2024-08-23 19:12:01
=result        ok
=elapsed       0.342809
=case          ejabberd_SUITE:roster_version
=logfile       ejabberd_suite.roster_version.28322.html
=started       2024-08-23 19:12:01
=ended         2024-08-23 19:12:01
=result        ok
=elapsed       0.153603
=case          ejabberd_SUITE:end_per_group
=logfile       ejabberd_suite.end_per_group.28450.html
=group_props   [{name,roster_single},sequence]
=started       2024-08-23 19:12:01
=ended         2024-08-23 19:12:01
=result        ok
=elapsed       4.0e-6
=group_time    1.396s
=case          ejabberd_SUITE:init_per_group
=logfile       ejabberd_suite.init_per_group.28482.html
=group_props   [{name,private_single},sequence]
=started       2024-08-23 19:12:01
=ended         2024-08-23 19:12:01
=result        ok
=elapsed       4.0e-6
=case          ejabberd_SUITE:private_test_features
=logfile       ejabberd_suite.private_test_features.28514.html
=started       2024-08-23 19:12:01
=ended         2024-08-23 19:12:01
=result        ok
=elapsed       0.104082
=case          ejabberd_SUITE:private_test_no_namespace
=logfile       ejabberd_suite.private_test_no_namespace.28578.html
=started       2024-08-23 19:12:01
=ended         2024-08-23 19:12:02
=result        ok
=elapsed       0.104015
=case          ejabberd_SUITE:private_test_set_get
=logfile       ejabberd_suite.private_test_set_get.28674.html
=started       2024-08-23 19:12:02
=ended         2024-08-23 19:12:02
=result        ok
=elapsed       0.155951
=case          ejabberd_SUITE:private_test_published
=logfile       ejabberd_suite.private_test_published.22563.html
=started       2024-08-23 19:12:02
=ended         2024-08-23 19:12:02
=result        ok
=elapsed       0.113311
=case          ejabberd_SUITE:end_per_group
=logfile       ejabberd_suite.end_per_group.22627.html
=group_props   [{name,private_single},sequence]
=started       2024-08-23 19:12:02
=ended         2024-08-23 19:12:02
=result        ok
=elapsed       8.0e-6
=group_time    0.629s
=case          ejabberd_SUITE:init_per_group
=logfile       ejabberd_suite.init_per_group.28770.html
=group_props   [{name,privacy_single},sequence]
=started       2024-08-23 19:12:02
=ended         2024-08-23 19:12:02
=result        ok
=elapsed       3.0e-6
=case          ejabberd_SUITE:privacy_feature_enabled
=logfile       ejabberd_suite.privacy_feature_enabled.28802.html
=started       2024-08-23 19:12:02
=ended         2024-08-23 19:12:02
=result        ok
=elapsed       0.104703
=case          ejabberd_SUITE:privacy_set_get_list
=logfile       ejabberd_suite.privacy_set_get_list.28834.html
=started       2024-08-23 19:12:02
=ended         2024-08-23 19:12:02
=result        ok
=elapsed       0.153606
=case          ejabberd_SUITE:privacy_get_list_non_existent
=logfile       ejabberd_suite.privacy_get_list_non_existent.19172.html
=started       2024-08-23 19:12:02
=ended         2024-08-23 19:12:02
=result        ok
=elapsed       0.104317
=case          ejabberd_SUITE:privacy_get_empty_lists
=logfile       ejabberd_suite.privacy_get_empty_lists.19236.html
=started       2024-08-23 19:12:02
=ended         2024-08-23 19:12:02
=result        ok
=elapsed       0.104305
=case          ejabberd_SUITE:privacy_set_default
=logfile       ejabberd_suite.privacy_set_default.19268.html
=started       2024-08-23 19:12:02
=ended         2024-08-23 19:12:03
=result        ok
=elapsed       0.158179
=case          ejabberd_SUITE:privacy_del_default
=logfile       ejabberd_suite.privacy_del_default.22851.html
=started       2024-08-23 19:12:03
=ended         2024-08-23 19:12:03
=result        ok
=elapsed       0.156958
=case          ejabberd_SUITE:privacy_set_default_non_existent
=logfile       ejabberd_suite.privacy_set_default_non_existent.28930.html
=started       2024-08-23 19:12:03
=ended         2024-08-23 19:12:03
=result        ok
=elapsed       0.104551
=case          ejabberd_SUITE:privacy_set_active
=logfile       ejabberd_suite.privacy_set_active.28962.html
=started       2024-08-23 19:12:03
=ended         2024-08-23 19:12:03
=result        ok
=elapsed       0.150623
=case          ejabberd_SUITE:privacy_del_active
=logfile       ejabberd_suite.privacy_del_active.29058.html
=started       2024-08-23 19:12:03
=ended         2024-08-23 19:12:03
=result        ok
=elapsed       0.155015
=case          ejabberd_SUITE:privacy_set_active_non_existent
=logfile       ejabberd_suite.privacy_set_active_non_existent.29090.html
=started       2024-08-23 19:12:03
=ended         2024-08-23 19:12:04
=result        ok
=elapsed       0.104412
=case          ejabberd_SUITE:privacy_remove_list
=logfile       ejabberd_suite.privacy_remove_list.29154.html
=started       2024-08-23 19:12:04
=ended         2024-08-23 19:12:04
=result        ok
=elapsed       0.156652
=case          ejabberd_SUITE:privacy_remove_default_list
=logfile       ejabberd_suite.privacy_remove_default_list.19460.html
=started       2024-08-23 19:12:04
=ended         2024-08-23 19:12:04
=result        ok
=elapsed       0.159292
=case          ejabberd_SUITE:privacy_remove_active_list
=logfile       ejabberd_suite.privacy_remove_active_list.29186.html
=started       2024-08-23 19:12:04
=ended         2024-08-23 19:12:04
=result        ok
=elapsed       0.153395
=case          ejabberd_SUITE:privacy_remove_list_non_existent
=logfile       ejabberd_suite.privacy_remove_list_non_existent.19556.html
=started       2024-08-23 19:12:04
=ended         2024-08-23 19:12:04
=result        ok
=elapsed       0.104993
=case          ejabberd_SUITE:privacy_allow_local_server
=logfile       ejabberd_suite.privacy_allow_local_server.19652.html
=started       2024-08-23 19:12:04
=ended         2024-08-23 19:12:04
=result        ok
=elapsed       0.198234
=case          ejabberd_SUITE:privacy_malformed_iq_query
=logfile       ejabberd_suite.privacy_malformed_iq_query.19716.html
=started       2024-08-23 19:12:04
=ended         2024-08-23 19:12:05
=result        ok
=elapsed       0.106322
=case          ejabberd_SUITE:privacy_malformed_get
=logfile       ejabberd_suite.privacy_malformed_get.23107.html
=started       2024-08-23 19:12:05
=ended         2024-08-23 19:12:05
=result        ok
=elapsed       0.106983
=case          ejabberd_SUITE:privacy_malformed_set
=logfile       ejabberd_suite.privacy_malformed_set.23171.html
=started       2024-08-23 19:12:05
=ended         2024-08-23 19:12:05
=result        ok
=elapsed       0.105948
=case          ejabberd_SUITE:privacy_malformed_type_value
=logfile       ejabberd_suite.privacy_malformed_type_value.19780.html
=started       2024-08-23 19:12:05
=ended         2024-08-23 19:12:05
=result        ok
=elapsed       0.105692
=case          ejabberd_SUITE:privacy_set_get_block
=logfile       ejabberd_suite.privacy_set_get_block.29378.html
=started       2024-08-23 19:12:05
=ended         2024-08-23 19:12:05
=result        ok
=elapsed       0.202244
=case          ejabberd_SUITE:end_per_group
=logfile       ejabberd_suite.end_per_group.23299.html
=group_props   [{name,privacy_single},sequence]
=started       2024-08-23 19:12:05
=ended         2024-08-23 19:12:05
=result        ok
=elapsed       8.0e-6
=group_time    3.358s
=case          ejabberd_SUITE:init_per_group
=logfile       ejabberd_suite.init_per_group.23331.html
=group_props   [{name,vcard_single},sequence]
=started       2024-08-23 19:12:05
=ended         2024-08-23 19:12:05
=result        ok
=elapsed       3.0e-6
=case          ejabberd_SUITE:vcard_feature_enabled
=logfile       ejabberd_suite.vcard_feature_enabled.23363.html
=started       2024-08-23 19:12:05
=ended         2024-08-23 19:12:05
=result        ok
=elapsed       0.105625
=case          ejabberd_SUITE:vcard_get_set
=logfile       ejabberd_suite.vcard_get_set.23427.html
=started       2024-08-23 19:12:05
=ended         2024-08-23 19:12:06
=result        ok
=elapsed       0.108447
=case          ejabberd_SUITE:vcard_service_vcard
=logfile       ejabberd_suite.vcard_service_vcard.23459.html
=started       2024-08-23 19:12:06
=ended         2024-08-23 19:12:06
=result        ok
=elapsed       0.10486
=case          ejabberd_SUITE:end_per_group
=logfile       ejabberd_suite.end_per_group.23555.html
=group_props   [{name,vcard_single},sequence]
=started       2024-08-23 19:12:06
=ended         2024-08-23 19:12:06
=result        ok
=elapsed       2.0e-6
=group_time    0.436s
=case          ejabberd_SUITE:init_per_group
=logfile       ejabberd_suite.init_per_group.23587.html
=group_props   [{name,pubsub_single},sequence]
=started       2024-08-23 19:12:06
=ended         2024-08-23 19:12:06
=result        ok
=elapsed       3.0e-6
=case          ejabberd_SUITE:pubsub_test_features
=logfile       ejabberd_suite.pubsub_test_features.23619.html
=started       2024-08-23 19:12:06
=ended         2024-08-23 19:12:06
=result        ok
=elapsed       0.104396
=case          ejabberd_SUITE:pubsub_test_vcard
=logfile       ejabberd_suite.pubsub_test_vcard.23683.html
=started       2024-08-23 19:12:06
=ended         2024-08-23 19:12:06
=result        ok
=elapsed       0.104094
=case          ejabberd_SUITE:pubsub_test_create
=logfile       ejabberd_suite.pubsub_test_create.23747.html
=started       2024-08-23 19:12:06
=ended         2024-08-23 19:12:06
=result        ok
=elapsed       0.108668
=case          ejabberd_SUITE:pubsub_test_configure
=logfile       ejabberd_suite.pubsub_test_configure.29602.html
=started       2024-08-23 19:12:06
=ended         2024-08-23 19:12:06
=result        ok
=elapsed       0.11676
=case          ejabberd_SUITE:pubsub_test_delete
=logfile       ejabberd_suite.pubsub_test_delete.23843.html
=started       2024-08-23 19:12:06
=ended         2024-08-23 19:12:06
=result        ok
=elapsed       0.107445
=case          ejabberd_SUITE:pubsub_test_get_affiliations
=logfile       ejabberd_suite.pubsub_test_get_affiliations.23907.html
=started       2024-08-23 19:12:06
=ended         2024-08-23 19:12:07
=result        ok
=elapsed       0.153198
=case          ejabberd_SUITE:pubsub_test_get_subscriptions
=logfile       ejabberd_suite.pubsub_test_get_subscriptions.24003.html
=started       2024-08-23 19:12:07
=ended         2024-08-23 19:12:07
=result        ok
=elapsed       0.172566
=case          ejabberd_SUITE:pubsub_test_create_instant
=logfile       ejabberd_suite.pubsub_test_create_instant.24067.html
=started       2024-08-23 19:12:07
=ended         2024-08-23 19:12:07
=result        ok
=elapsed       0.113142
=case          ejabberd_SUITE:pubsub_test_default
=logfile       ejabberd_suite.pubsub_test_default.24131.html
=started       2024-08-23 19:12:07
=ended         2024-08-23 19:12:07
=result        ok
=elapsed       0.104203
=case          ejabberd_SUITE:pubsub_test_create_configure
=logfile       ejabberd_suite.pubsub_test_create_configure.29794.html
=started       2024-08-23 19:12:07
=ended         2024-08-23 19:12:07
=result        ok
=elapsed       0.120541
=case          ejabberd_SUITE:pubsub_test_publish
=logfile       ejabberd_suite.pubsub_test_publish.29858.html
=started       2024-08-23 19:12:07
=ended         2024-08-23 19:12:07
=result        ok
=elapsed       0.115694
=case          ejabberd_SUITE:pubsub_test_auto_create
=logfile       ejabberd_suite.pubsub_test_auto_create.24227.html
=started       2024-08-23 19:12:07
=ended         2024-08-23 19:12:08
=result        ok
=elapsed       0.116331
=case          ejabberd_SUITE:pubsub_test_get_items
=logfile       ejabberd_suite.pubsub_test_get_items.24323.html
=started       2024-08-23 19:12:08
=ended         2024-08-23 19:12:08
=result        ok
=elapsed       0.132852
=case          ejabberd_SUITE:pubsub_test_delete_item
=logfile       ejabberd_suite.pubsub_test_delete_item.29986.html
=started       2024-08-23 19:12:08
=ended         2024-08-23 19:12:08
=result        ok
=elapsed       0.124108
=case          ejabberd_SUITE:pubsub_test_purge
=logfile       ejabberd_suite.pubsub_test_purge.24419.html
=started       2024-08-23 19:12:08
=ended         2024-08-23 19:12:08
=result        ok
=elapsed       0.142035
=case          ejabberd_SUITE:pubsub_test_subscribe
=logfile       ejabberd_suite.pubsub_test_subscribe.30082.html
=started       2024-08-23 19:12:08
=ended         2024-08-23 19:12:08
=result        ok
=elapsed       0.117551
=case          ejabberd_SUITE:pubsub_test_subscribe_max_item_1
=logfile       ejabberd_suite.pubsub_test_subscribe_max_item_1.30178.html
=started       2024-08-23 19:12:08
=ended         2024-08-23 19:12:08
=result        ok
=elapsed       0.119961
=case          ejabberd_SUITE:pubsub_test_unsubscribe
=logfile       ejabberd_suite.pubsub_test_unsubscribe.30274.html
=started       2024-08-23 19:12:08
=ended         2024-08-23 19:12:09
=result        ok
=elapsed       0.121369
=case          ejabberd_SUITE:end_per_group
=logfile       ejabberd_suite.end_per_group.30370.html
=group_props   [{name,pubsub_single},sequence]
=started       2024-08-23 19:12:09
=ended         2024-08-23 19:12:09
=result        ok
=elapsed       1.0e-5
=group_time    2.785s
=case          ejabberd_SUITE:init_per_group
=logfile       ejabberd_suite.init_per_group.30402.html
=group_props   [{name,muc_single},sequence]
=started       2024-08-23 19:12:09
=ended         2024-08-23 19:12:09
=result        ok
=elapsed       3.0e-6
=case          ejabberd_SUITE:muc_service_presence_error
=logfile       ejabberd_suite.muc_service_presence_error.30434.html
=started       2024-08-23 19:12:09
=ended         2024-08-23 19:12:09
=result        ok
=elapsed       0.189713
=case          ejabberd_SUITE:muc_service_message_error
=logfile       ejabberd_suite.muc_service_message_error.30530.html
=started       2024-08-23 19:12:09
=ended         2024-08-23 19:12:09
=result        ok
=elapsed       0.19048
=case          ejabberd_SUITE:muc_service_unknown_ns_iq_error
=logfile       ejabberd_suite.muc_service_unknown_ns_iq_error.30594.html
=started       2024-08-23 19:12:09
=ended         2024-08-23 19:12:09
=result        ok
=elapsed       0.191391
=case          ejabberd_SUITE:muc_service_iq_set_error
=logfile       ejabberd_suite.muc_service_iq_set_error.24547.html
=started       2024-08-23 19:12:09
=ended         2024-08-23 19:12:10
=result        ok
=elapsed       0.320521
=case          ejabberd_SUITE:muc_service_improper_iq_error
=logfile       ejabberd_suite.muc_service_improper_iq_error.24611.html
=started       2024-08-23 19:12:10
=ended         2024-08-23 19:12:10
=result        ok
=elapsed       0.278113
=case          ejabberd_SUITE:muc_service_features
=logfile       ejabberd_suite.muc_service_features.30722.html
=started       2024-08-23 19:12:10
=ended         2024-08-23 19:12:10
=result        ok
=elapsed       0.103237
=case          ejabberd_SUITE:muc_service_disco_info_node_error
=logfile       ejabberd_suite.muc_service_disco_info_node_error.30818.html
=started       2024-08-23 19:12:10
=ended         2024-08-23 19:12:10
=result        ok
=elapsed       0.103573
=case          ejabberd_SUITE:muc_service_disco_items
=logfile       ejabberd_suite.muc_service_disco_items.30882.html
=started       2024-08-23 19:12:10
=ended         2024-08-23 19:12:10
=result        ok
=elapsed       0.181456
=case          ejabberd_SUITE:muc_service_unique
=logfile       ejabberd_suite.muc_service_unique.31106.html
=started       2024-08-23 19:12:10
=ended         2024-08-23 19:12:10
=result        ok
=elapsed       0.103792
=case          ejabberd_SUITE:muc_service_vcard
=logfile       ejabberd_suite.muc_service_vcard.31170.html
=started       2024-08-23 19:12:10
=ended         2024-08-23 19:12:11
=result        ok
=elapsed       0.104653
=case          ejabberd_SUITE:muc_configure_non_existent
=logfile       ejabberd_suite.muc_configure_non_existent.31234.html
=started       2024-08-23 19:12:11
=ended         2024-08-23 19:12:11
=result        ok
=elapsed       0.109838
=case          ejabberd_SUITE:muc_cancel_configure_non_existent
=logfile       ejabberd_suite.muc_cancel_configure_non_existent.31330.html
=started       2024-08-23 19:12:11
=ended         2024-08-23 19:12:11
=result        ok
=elapsed       0.108223
=case          ejabberd_SUITE:muc_service_subscriptions
=logfile       ejabberd_suite.muc_service_subscriptions.31394.html
=started       2024-08-23 19:12:11
=ended         2024-08-23 19:12:11
=result        ok
=elapsed       0.22195
=case          ejabberd_SUITE:muc_set_room_affiliation
=logfile       ejabberd_suite.muc_set_room_affiliation.31554.html
=started       2024-08-23 19:12:11
=ended         2024-08-23 19:12:11
=result        ok
=elapsed       0.124912
=case          ejabberd_SUITE:end_per_group
=logfile       ejabberd_suite.end_per_group.31682.html
=group_props   [{name,muc_single},sequence]
=started       2024-08-23 19:12:11
=ended         2024-08-23 19:12:11
=result        ok
=elapsed       3.0e-6
=group_time    2.796s
=case          ejabberd_SUITE:init_per_group
=logfile       ejabberd_suite.init_per_group.31714.html
=group_props   [{name,offline_single},sequence]
=started       2024-08-23 19:12:11
=ended         2024-08-23 19:12:11
=result        ok
=elapsed       3.0e-6
=case          ejabberd_SUITE:offline_feature_enabled
=logfile       ejabberd_suite.offline_feature_enabled.31746.html
=started       2024-08-23 19:12:11
=ended         2024-08-23 19:12:12
=result        ok
=elapsed       0.104376
=case          ejabberd_SUITE:offline_check_identity
=logfile       ejabberd_suite.offline_check_identity.24899.html
=started       2024-08-23 19:12:12
=ended         2024-08-23 19:12:12
=result        ok
=elapsed       0.104659
=case          ejabberd_SUITE:offline_send_non_existent
=logfile       ejabberd_suite.offline_send_non_existent.31906.html
=started       2024-08-23 19:12:12
=ended         2024-08-23 19:12:12
=result        ok
=elapsed       0.104371
=case          ejabberd_SUITE:offline_view_non_existent
=logfile       ejabberd_suite.offline_view_non_existent.32002.html
=started       2024-08-23 19:12:12
=ended         2024-08-23 19:12:12
=result        ok
=elapsed       0.104257
=case          ejabberd_SUITE:offline_remove_non_existent
=logfile       ejabberd_suite.offline_remove_non_existent.19844.html
=started       2024-08-23 19:12:12
=ended         2024-08-23 19:12:12
=result        ok
=elapsed       0.104466
=case          ejabberd_SUITE:offline_view_non_integer
=logfile       ejabberd_suite.offline_view_non_integer.19940.html
=started       2024-08-23 19:12:12
=ended         2024-08-23 19:12:12
=result        ok
=elapsed       0.104045
=case          ejabberd_SUITE:offline_remove_non_integer
=logfile       ejabberd_suite.offline_remove_non_integer.20036.html
=started       2024-08-23 19:12:12
=ended         2024-08-23 19:12:12
=result        ok
=elapsed       0.103297
=case          ejabberd_SUITE:offline_malformed_iq
=logfile       ejabberd_suite.offline_malformed_iq.20068.html
=started       2024-08-23 19:12:12
=ended         2024-08-23 19:12:12
=result        ok
=elapsed       0.107758
=case          ejabberd_SUITE:offline_wrong_user
=logfile       ejabberd_suite.offline_wrong_user.20164.html
=started       2024-08-23 19:12:12
=ended         2024-08-23 19:12:13
=result        ok
=elapsed       0.111879
=case          ejabberd_SUITE:offline_unsupported_iq
=logfile       ejabberd_suite.offline_unsupported_iq.20196.html
=started       2024-08-23 19:12:13
=ended         2024-08-23 19:12:13
=result        ok
=elapsed       0.104445
=case          ejabberd_SUITE:end_per_group
=logfile       ejabberd_suite.end_per_group.20292.html
=group_props   [{name,offline_single},sequence]
=started       2024-08-23 19:12:13
=ended         2024-08-23 19:12:13
=result        ok
=elapsed       2.0e-6
=group_time    1.394s
=case          ejabberd_SUITE:init_per_group
=logfile       ejabberd_suite.init_per_group.20324.html
=group_props   [{name,mam_single},sequence]
=started       2024-08-23 19:12:13
=ended         2024-08-23 19:12:13
=result        ok
=elapsed       3.0e-6
=case          ejabberd_SUITE:mam_feature_enabled
=logfile       ejabberd_suite.mam_feature_enabled.20356.html
=started       2024-08-23 19:12:13
=ended         2024-08-23 19:12:13
=result        ok
=elapsed       0.106817
=case          ejabberd_SUITE:mam_get_set_prefs
=logfile       ejabberd_suite.mam_get_set_prefs.20420.html
=started       2024-08-23 19:12:13
=ended         2024-08-23 19:12:15
=result        ok
=elapsed       1.886671
=case          ejabberd_SUITE:mam_get_form
=logfile       ejabberd_suite.mam_get_form.32322.html
=started       2024-08-23 19:12:15
=ended         2024-08-23 19:12:15
=result        ok
=elapsed       0.107536
=case          ejabberd_SUITE:mam_fake_by
=logfile       ejabberd_suite.mam_fake_by.32386.html
=started       2024-08-23 19:12:15
=ended         2024-08-23 19:12:15
=result        ok
=elapsed       0.110534
=case          ejabberd_SUITE:end_per_group
=logfile       ejabberd_suite.end_per_group.20452.html
=group_props   [{name,mam_single},sequence]
=started       2024-08-23 19:12:15
=ended         2024-08-23 19:12:15
=result        ok
=elapsed       8.0e-6
=group_time    2.360s
=case          ejabberd_SUITE:init_per_group
=logfile       ejabberd_suite.init_per_group.20484.html
=group_props   [{name,push_single},sequence]
=started       2024-08-23 19:12:15
=ended         2024-08-23 19:12:15
=result        ok
=elapsed       3.0e-6
=case          ejabberd_SUITE:push_feature_enabled
=logfile       ejabberd_suite.push_feature_enabled.20516.html
=started       2024-08-23 19:12:15
=ended         2024-08-23 19:12:15
=result        ok
=elapsed       0.104152
=case          ejabberd_SUITE:push_unsupported_iq
=logfile       ejabberd_suite.push_unsupported_iq.20612.html
=started       2024-08-23 19:12:15
=ended         2024-08-23 19:12:15
=result        ok
=elapsed       0.104699
=case          ejabberd_SUITE:end_per_group
=logfile       ejabberd_suite.end_per_group.20708.html
=group_props   [{name,push_single},sequence]
=started       2024-08-23 19:12:15
=ended         2024-08-23 19:12:15
=result        ok
=elapsed       2.0e-6
=group_time    0.296s
=case          ejabberd_SUITE:test_unregister
=logfile       ejabberd_suite.test_unregister.20740.html
=started       2024-08-23 19:12:15
=ended         2024-08-23 19:12:16
=result        ok
=elapsed       0.010298
=case          ejabberd_SUITE:end_per_group
=logfile       ejabberd_suite.end_per_group.20804.html
=group_props   [{name,single_user},sequence]
=started       2024-08-23 19:12:16
=ended         2024-08-23 19:12:16
=result        ok
=elapsed       7.0e-6
=group_time    16.657s
=case          ejabberd_SUITE:init_per_group
=logfile       ejabberd_suite.init_per_group.20836.html
=group_props   [{name,muc_master_slave},sequence]
=started       2024-08-23 19:12:16
=ended         2024-08-23 19:12:16
=result        ok
=elapsed       3.0e-6
=case          ejabberd_SUITE:init_per_group
=logfile       ejabberd_suite.init_per_group.32514.html
=group_props   [{name,muc_register},parallel]
=started       2024-08-23 19:12:16
=ended         2024-08-23 19:12:16
=result        ok
=elapsed       2.0e-6
=case          ejabberd_SUITE:muc_register_master
=logfile       ejabberd_suite.muc_register_master.20868.html
=started       2024-08-23 19:12:16
=ended         2024-08-23 19:12:16
=result        ok
=elapsed       0.127837
=case          ejabberd_SUITE:muc_register_slave
=logfile       ejabberd_suite.muc_register_slave.20900.html
=started       2024-08-23 19:12:16
=ended         2024-08-23 19:12:16
=result        ok
=elapsed       0.12234
=case          ejabberd_SUITE:end_per_group
=logfile       ejabberd_suite.end_per_group.20996.html
=group_props   [{name,muc_register},parallel]
=started       2024-08-23 19:12:16
=ended         2024-08-23 19:12:16
=result        ok
=elapsed       7.0e-6
=group_time    0.192s
=case          ejabberd_SUITE:init_per_group
=logfile       ejabberd_suite.init_per_group.21028.html
=group_props   [{name,muc_groupchat_msg},parallel]
=started       2024-08-23 19:12:16
=ended         2024-08-23 19:12:16
=result        ok
=elapsed       3.0e-6
=case          ejabberd_SUITE:muc_groupchat_msg_master
=logfile       ejabberd_suite.muc_groupchat_msg_master.21060.html
=started       2024-08-23 19:12:16
=ended         2024-08-23 19:12:16
=result        ok
=elapsed       0.13121
=case          ejabberd_SUITE:muc_groupchat_msg_slave
=logfile       ejabberd_suite.muc_groupchat_msg_slave.21092.html
=started       2024-08-23 19:12:16
=ended         2024-08-23 19:12:16
=result        ok
=elapsed       0.12266
=case          ejabberd_SUITE:end_per_group
=logfile       ejabberd_suite.end_per_group.25059.html
=group_props   [{name,muc_groupchat_msg},parallel]
=started       2024-08-23 19:12:16
=ended         2024-08-23 19:12:16
=result        ok
=elapsed       3.0e-6
=group_time    0.190s
=case          ejabberd_SUITE:init_per_group
=logfile       ejabberd_suite.init_per_group.32610.html
=group_props   [{name,muc_private_msg},parallel]
=started       2024-08-23 19:12:16
=ended         2024-08-23 19:12:16
=result        ok
=elapsed       3.0e-6
=case          ejabberd_SUITE:muc_private_msg_master
=logfile       ejabberd_suite.muc_private_msg_master.32642.html
=started       2024-08-23 19:12:16
=ended         2024-08-23 19:12:16
=result        ok
=elapsed       0.17066
=case          ejabberd_SUITE:muc_private_msg_slave
=logfile       ejabberd_suite.muc_private_msg_slave.32674.html
=started       2024-08-23 19:12:16
=ended         2024-08-23 19:12:16
=result        ok
=elapsed       0.164361
=case          ejabberd_SUITE:end_per_group
=logfile       ejabberd_suite.end_per_group.32706.html
=group_props   [{name,muc_private_msg},parallel]
=started       2024-08-23 19:12:16
=ended         2024-08-23 19:12:16
=result        ok
=elapsed       2.0e-6
=group_time    0.229s
=case          ejabberd_SUITE:init_per_group
=logfile       ejabberd_suite.init_per_group.25251.html
=group_props   [{name,muc_set_subject},parallel]
=started       2024-08-23 19:12:16
=ended         2024-08-23 19:12:16
=result        ok
=elapsed       2.0e-6
=case          ejabberd_SUITE:muc_set_subject_master
=logfile       ejabberd_suite.muc_set_subject_master.25283.html
=started       2024-08-23 19:12:16
=ended         2024-08-23 19:12:16
=result        ok
=elapsed       0.141052
=case          ejabberd_SUITE:muc_set_subject_slave
=logfile       ejabberd_suite.muc_set_subject_slave.25315.html
=started       2024-08-23 19:12:16
=ended         2024-08-23 19:12:16
=result        ok
=elapsed       0.134604
=case          ejabberd_SUITE:end_per_group
=logfile       ejabberd_suite.end_per_group.25411.html
=group_props   [{name,muc_set_subject},parallel]
=started       2024-08-23 19:12:16
=ended         2024-08-23 19:12:16
=result        ok
=elapsed       8.0e-6
=group_time    0.199s
=case          ejabberd_SUITE:init_per_group
=logfile       ejabberd_suite.init_per_group.25443.html
=group_props   [{name,muc_history},parallel]
=started       2024-08-23 19:12:16
=ended         2024-08-23 19:12:16
=result        ok
=elapsed       2.0e-6
=case          ejabberd_SUITE:muc_history_master
=logfile       ejabberd_suite.muc_history_master.25475.html
=started       2024-08-23 19:12:16
=ended         2024-08-23 19:12:17
=result        ok
=elapsed       0.174297
=case          ejabberd_SUITE:muc_history_slave
=logfile       ejabberd_suite.muc_history_slave.25507.html
=started       2024-08-23 19:12:16
=ended         2024-08-23 19:12:17
=result        ok
=elapsed       0.16789
=case          ejabberd_SUITE:end_per_group
=logfile       ejabberd_suite.end_per_group.25603.html
=group_props   [{name,muc_history},parallel]
=started       2024-08-23 19:12:17
=ended         2024-08-23 19:12:17
=result        ok
=elapsed       2.0e-6
=group_time    0.233s
=case          ejabberd_SUITE:init_per_group
=logfile       ejabberd_suite.init_per_group.25635.html
=group_props   [{name,muc_invite},parallel]
=started       2024-08-23 19:12:17
=ended         2024-08-23 19:12:17
=result        ok
=elapsed       3.0e-6
=case          ejabberd_SUITE:muc_invite_master
=logfile       ejabberd_suite.muc_invite_master.25667.html
=started       2024-08-23 19:12:17
=ended         2024-08-23 19:12:17
=result        ok
=elapsed       0.120309
=case          ejabberd_SUITE:muc_invite_slave
=logfile       ejabberd_suite.muc_invite_slave.25699.html
=started       2024-08-23 19:12:17
=ended         2024-08-23 19:12:17
=result        ok
=elapsed       0.155091
=case          ejabberd_SUITE:end_per_group
=logfile       ejabberd_suite.end_per_group.25731.html
=group_props   [{name,muc_invite},parallel]
=started       2024-08-23 19:12:17
=ended         2024-08-23 19:12:17
=result        ok
=elapsed       2.0e-6
=group_time    0.214s
=case          ejabberd_SUITE:init_per_group
=logfile       ejabberd_suite.init_per_group.25763.html
=group_props   [{name,muc_invite_members_only},parallel]
=started       2024-08-23 19:12:17
=ended         2024-08-23 19:12:17
=result        ok
=elapsed       2.0e-6
=case          ejabberd_SUITE:muc_invite_members_only_master
=logfile       ejabberd_suite.muc_invite_members_only_master.25795.html
=started       2024-08-23 19:12:17
=ended         2024-08-23 19:12:17
=result        ok
=elapsed       0.125761
=case          ejabberd_SUITE:muc_invite_members_only_slave
=logfile       ejabberd_suite.muc_invite_members_only_slave.25827.html
=started       2024-08-23 19:12:17
=ended         2024-08-23 19:12:17
=result        ok
=elapsed       0.120561
=case          ejabberd_SUITE:end_per_group
=logfile       ejabberd_suite.end_per_group.25955.html
=group_props   [{name,muc_invite_members_only},parallel]
=started       2024-08-23 19:12:17
=ended         2024-08-23 19:12:17
=result        ok
=elapsed       2.0e-6
=group_time    0.188s
=case          ejabberd_SUITE:init_per_group
=logfile       ejabberd_suite.init_per_group.32898.html
=group_props   [{name,muc_invite_password_protected},parallel]
=started       2024-08-23 19:12:17
=ended         2024-08-23 19:12:17
=result        ok
=elapsed       3.0e-6
=case          ejabberd_SUITE:muc_invite_password_protected_master
=logfile       ejabberd_suite.muc_invite_password_protected_master.32930.html
=started       2024-08-23 19:12:17
=ended         2024-08-23 19:12:17
=result        ok
=elapsed       0.164449
=case          ejabberd_SUITE:muc_invite_password_protected_slave
=logfile       ejabberd_suite.muc_invite_password_protected_slave.32962.html
=started       2024-08-23 19:12:17
=ended         2024-08-23 19:12:17
=result        ok
=elapsed       0.116004
=case          ejabberd_SUITE:end_per_group
=logfile       ejabberd_suite.end_per_group.33026.html
=group_props   [{name,muc_invite_password_protected},parallel]
=started       2024-08-23 19:12:17
=ended         2024-08-23 19:12:17
=result        ok
=elapsed       3.0e-6
=group_time    0.224s
=case          ejabberd_SUITE:init_per_group
=logfile       ejabberd_suite.init_per_group.33058.html
=group_props   [{name,muc_voice_request},parallel]
=started       2024-08-23 19:12:17
=ended         2024-08-23 19:12:17
=result        ok
=elapsed       3.0e-6
=case          ejabberd_SUITE:muc_voice_request_master
=logfile       ejabberd_suite.muc_voice_request_master.21508.html
=started       2024-08-23 19:12:17
=ended         2024-08-23 19:12:18
=result        ok
=elapsed       0.129688
=case          ejabberd_SUITE:muc_voice_request_slave
=logfile       ejabberd_suite.muc_voice_request_slave.21540.html
=started       2024-08-23 19:12:17
=ended         2024-08-23 19:12:18
=result        ok
=elapsed       0.124284
=case          ejabberd_SUITE:end_per_group
=logfile       ejabberd_suite.end_per_group.33122.html
=group_props   [{name,muc_voice_request},parallel]
=started       2024-08-23 19:12:18
=ended         2024-08-23 19:12:18
=result        ok
=elapsed       3.0e-6
=group_time    0.191s
=case          ejabberd_SUITE:init_per_group
=logfile       ejabberd_suite.init_per_group.21636.html
=group_props   [{name,muc_change_role},parallel]
=started       2024-08-23 19:12:18
=ended         2024-08-23 19:12:18
=result        ok
=elapsed       3.0e-6
=case          ejabberd_SUITE:muc_change_role_master
=logfile       ejabberd_suite.muc_change_role_master.21668.html
=started       2024-08-23 19:12:18
=ended         2024-08-23 19:12:18
=result        ok
=elapsed       0.138232
=case          ejabberd_SUITE:muc_change_role_slave
=logfile       ejabberd_suite.muc_change_role_slave.33154.html
=started       2024-08-23 19:12:18
=ended         2024-08-23 19:12:18
=result        ok
=elapsed       0.130531
=case          ejabberd_SUITE:end_per_group
=logfile       ejabberd_suite.end_per_group.33186.html
=group_props   [{name,muc_change_role},parallel]
=started       2024-08-23 19:12:18
=ended         2024-08-23 19:12:18
=result        ok
=elapsed       2.0e-6
=group_time    0.199s
=case          ejabberd_SUITE:init_per_group
=logfile       ejabberd_suite.init_per_group.33218.html
=group_props   [{name,muc_kick},parallel]
=started       2024-08-23 19:12:18
=ended         2024-08-23 19:12:18
=result        ok
=elapsed       2.0e-6
=case          ejabberd_SUITE:muc_kick_master
=logfile       ejabberd_suite.muc_kick_master.26115.html
=started       2024-08-23 19:12:18
=ended         2024-08-23 19:12:18
=result        ok
=elapsed       0.127457
=case          ejabberd_SUITE:muc_kick_slave
=logfile       ejabberd_suite.muc_kick_slave.33250.html
=started       2024-08-23 19:12:18
=ended         2024-08-23 19:12:18
=result        ok
=elapsed       0.119924
=case          ejabberd_SUITE:end_per_group
=logfile       ejabberd_suite.end_per_group.26179.html
=group_props   [{name,muc_kick},parallel]
=started       2024-08-23 19:12:18
=ended         2024-08-23 19:12:18
=result        ok
=elapsed       6.0e-6
=group_time    0.187s
=case          ejabberd_SUITE:init_per_group
=logfile       ejabberd_suite.init_per_group.33346.html
=group_props   [{name,muc_change_affiliation},parallel]
=started       2024-08-23 19:12:18
=ended         2024-08-23 19:12:18
=result        ok
=elapsed       3.0e-6
=case          ejabberd_SUITE:muc_change_affiliation_master
=logfile       ejabberd_suite.muc_change_affiliation_master.26211.html
=started       2024-08-23 19:12:18
=ended         2024-08-23 19:12:18
=result        ok
=elapsed       0.150669
=case          ejabberd_SUITE:muc_change_affiliation_slave
=logfile       ejabberd_suite.muc_change_affiliation_slave.26243.html
=started       2024-08-23 19:12:18
=ended         2024-08-23 19:12:18
=result        ok
=elapsed       0.144347
=case          ejabberd_SUITE:end_per_group
=logfile       ejabberd_suite.end_per_group.26371.html
=group_props   [{name,muc_change_affiliation},parallel]
=started       2024-08-23 19:12:18
=ended         2024-08-23 19:12:18
=result        ok
=elapsed       2.0e-6
=group_time    0.212s
=case          ejabberd_SUITE:init_per_group
=logfile       ejabberd_suite.init_per_group.26403.html
=group_props   [{name,muc_destroy},parallel]
=started       2024-08-23 19:12:18
=ended         2024-08-23 19:12:18
=result        ok
=elapsed       3.0e-6
=case          ejabberd_SUITE:muc_destroy_master
=logfile       ejabberd_suite.muc_destroy_master.26435.html
=started       2024-08-23 19:12:18
=ended         2024-08-23 19:12:19
=result        ok
=elapsed       0.127545
=case          ejabberd_SUITE:muc_destroy_slave
=logfile       ejabberd_suite.muc_destroy_slave.26467.html
=started       2024-08-23 19:12:18
=ended         2024-08-23 19:12:19
=result        ok
=elapsed       0.128652
=case          ejabberd_SUITE:end_per_group
=logfile       ejabberd_suite.end_per_group.26563.html
=group_props   [{name,muc_destroy},parallel]
=started       2024-08-23 19:12:19
=ended         2024-08-23 19:12:19
=result        ok
=elapsed       6.0e-6
=group_time    0.189s
=case          ejabberd_SUITE:init_per_group
=logfile       ejabberd_suite.init_per_group.22052.html
=group_props   [{name,muc_vcard},parallel]
=started       2024-08-23 19:12:19
=ended         2024-08-23 19:12:19
=result        ok
=elapsed       2.0e-6
=case          ejabberd_SUITE:muc_vcard_master
=logfile       ejabberd_suite.muc_vcard_master.33410.html
=started       2024-08-23 19:12:19
=ended         2024-08-23 19:12:19
=result        ok
=elapsed       0.136872
=case          ejabberd_SUITE:muc_vcard_slave
=logfile       ejabberd_suite.muc_vcard_slave.33442.html
=started       2024-08-23 19:12:19
=ended         2024-08-23 19:12:19
=result        ok
=elapsed       0.130441
=case          ejabberd_SUITE:end_per_group
=logfile       ejabberd_suite.end_per_group.33570.html
=group_props   [{name,muc_vcard},parallel]
=started       2024-08-23 19:12:19
=ended         2024-08-23 19:12:19
=result        ok
=elapsed       2.0e-6
=group_time    0.199s
=case          ejabberd_SUITE:init_per_group
=logfile       ejabberd_suite.init_per_group.33602.html
=group_props   [{name,muc_nick_change},parallel]
=started       2024-08-23 19:12:19
=ended         2024-08-23 19:12:19
=result        ok
=elapsed       2.0e-6
=case          ejabberd_SUITE:muc_nick_change_master
=logfile       ejabberd_suite.muc_nick_change_master.26659.html
=started       2024-08-23 19:12:19
=ended         2024-08-23 19:12:19
=result        ok
=elapsed       0.131585
=case          ejabberd_SUITE:muc_nick_change_slave
=logfile       ejabberd_suite.muc_nick_change_slave.26691.html
=started       2024-08-23 19:12:19
=ended         2024-08-23 19:12:19
=result        ok
=elapsed       0.125955
=case          ejabberd_SUITE:end_per_group
=logfile       ejabberd_suite.end_per_group.26819.html
=group_props   [{name,muc_nick_change},parallel]
=started       2024-08-23 19:12:19
=ended         2024-08-23 19:12:19
=result        ok
=elapsed       6.0e-6
=group_time    0.190s
=case          ejabberd_SUITE:init_per_group
=logfile       ejabberd_suite.init_per_group.22116.html
=group_props   [{name,muc_config_title_desc},parallel]
=started       2024-08-23 19:12:19
=ended         2024-08-23 19:12:19
=result        ok
=elapsed       2.0e-6
=case          ejabberd_SUITE:muc_config_title_desc_master
=logfile       ejabberd_suite.muc_config_title_desc_master.22148.html
=started       2024-08-23 19:12:19
=ended         2024-08-23 19:12:19
=result        ok
=elapsed       0.128521
=case          ejabberd_SUITE:muc_config_title_desc_slave
=logfile       ejabberd_suite.muc_config_title_desc_slave.22180.html
=started       2024-08-23 19:12:19
=ended         2024-08-23 19:12:19
=result        ok
=elapsed       0.122124
=case          ejabberd_SUITE:end_per_group
=logfile       ejabberd_suite.end_per_group.33666.html
=group_props   [{name,muc_config_title_desc},parallel]
=started       2024-08-23 19:12:19
=ended         2024-08-23 19:12:19
=result        ok
=elapsed       2.0e-6
=group_time    0.189s
=case          ejabberd_SUITE:init_per_group
=logfile       ejabberd_suite.init_per_group.26979.html
=group_props   [{name,muc_config_public_list},parallel]
=started       2024-08-23 19:12:19
=ended         2024-08-23 19:12:19
=result        ok
=elapsed       3.0e-6
=case          ejabberd_SUITE:muc_config_public_list_master
=logfile       ejabberd_suite.muc_config_public_list_master.27011.html
=started       2024-08-23 19:12:19
=ended         2024-08-23 19:12:19
=result        ok
=elapsed       0.133323
=case          ejabberd_SUITE:muc_config_public_list_slave
=logfile       ejabberd_suite.muc_config_public_list_slave.27043.html
=started       2024-08-23 19:12:19
=ended         2024-08-23 19:12:19
=result        ok
=elapsed       0.12523
=case          ejabberd_SUITE:end_per_group
=logfile       ejabberd_suite.end_per_group.27171.html
=group_props   [{name,muc_config_public_list},parallel]
=started       2024-08-23 19:12:19
=ended         2024-08-23 19:12:19
=result        ok
=elapsed       1.0e-5
=group_time    0.193s
=case          ejabberd_SUITE:init_per_group
=logfile       ejabberd_suite.init_per_group.27203.html
=group_props   [{name,muc_config_password},parallel]
=started       2024-08-23 19:12:19
=ended         2024-08-23 19:12:19
=result        ok
=elapsed       3.0e-6
=case          ejabberd_SUITE:muc_config_password_master
=logfile       ejabberd_suite.muc_config_password_master.27235.html
=started       2024-08-23 19:12:19
=ended         2024-08-23 19:12:20
=result        ok
=elapsed       0.134445
=case          ejabberd_SUITE:muc_config_password_slave
=logfile       ejabberd_suite.muc_config_password_slave.27267.html
=started       2024-08-23 19:12:19
=ended         2024-08-23 19:12:20
=result        ok
=elapsed       0.127859
=case          ejabberd_SUITE:end_per_group
=logfile       ejabberd_suite.end_per_group.22308.html
=group_props   [{name,muc_config_password},parallel]
=started       2024-08-23 19:12:20
=ended         2024-08-23 19:12:20
=result        ok
=elapsed       2.0e-6
=group_time    0.195s
=case          ejabberd_SUITE:init_per_group
=logfile       ejabberd_suite.init_per_group.22340.html
=group_props   [{name,muc_config_whois},parallel]
=started       2024-08-23 19:12:20
=ended         2024-08-23 19:12:20
=result        ok
=elapsed       2.0e-6
=case          ejabberd_SUITE:muc_config_whois_master
=logfile       ejabberd_suite.muc_config_whois_master.22372.html
=started       2024-08-23 19:12:20
=ended         2024-08-23 19:12:20
=result        ok
=elapsed       0.14083
=case          ejabberd_SUITE:muc_config_whois_slave
=logfile       ejabberd_suite.muc_config_whois_slave.22404.html
=started       2024-08-23 19:12:20
=ended         2024-08-23 19:12:20
=result        ok
=elapsed       0.132278
=case          ejabberd_SUITE:end_per_group
=logfile       ejabberd_suite.end_per_group.33794.html
=group_props   [{name,muc_config_whois},parallel]
=started       2024-08-23 19:12:20
=ended         2024-08-23 19:12:20
=result        ok
=elapsed       8.0e-6
=group_time    0.201s
=case          ejabberd_SUITE:init_per_group
=logfile       ejabberd_suite.init_per_group.27459.html
=group_props   [{name,muc_config_members_only},parallel]
=started       2024-08-23 19:12:20
=ended         2024-08-23 19:12:20
=result        ok
=elapsed       3.0e-6
=case          ejabberd_SUITE:muc_config_members_only_master
=logfile       ejabberd_suite.muc_config_members_only_master.27491.html
=started       2024-08-23 19:12:20
=ended         2024-08-23 19:12:20
=result        ok
=elapsed       0.143365
=case          ejabberd_SUITE:muc_config_members_only_slave
=logfile       ejabberd_suite.muc_config_members_only_slave.27523.html
=started       2024-08-23 19:12:20
=ended         2024-08-23 19:12:20
=result        ok
=elapsed       0.136796
=case          ejabberd_SUITE:end_per_group
=logfile       ejabberd_suite.end_per_group.27619.html
=group_props   [{name,muc_config_members_only},parallel]
=started       2024-08-23 19:12:20
=ended         2024-08-23 19:12:20
=result        ok
=elapsed       2.0e-6
=group_time    0.204s
=case          ejabberd_SUITE:init_per_group
=logfile       ejabberd_suite.init_per_group.27651.html
=group_props   [{name,muc_config_moderated},parallel]
=started       2024-08-23 19:12:20
=ended         2024-08-23 19:12:20
=result        ok
=elapsed       2.0e-6
=case          ejabberd_SUITE:muc_config_moderated_master
=logfile       ejabberd_suite.muc_config_moderated_master.27683.html
=started       2024-08-23 19:12:20
=ended         2024-08-23 19:12:20
=result        ok
=elapsed       0.137808
=case          ejabberd_SUITE:muc_config_moderated_slave
=logfile       ejabberd_suite.muc_config_moderated_slave.27715.html
=started       2024-08-23 19:12:20
=ended         2024-08-23 19:12:20
=result        ok
=elapsed       0.130365
=case          ejabberd_SUITE:end_per_group
=logfile       ejabberd_suite.end_per_group.27843.html
=group_props   [{name,muc_config_moderated},parallel]
=started       2024-08-23 19:12:20
=ended         2024-08-23 19:12:20
=result        ok
=elapsed       7.0e-6
=group_time    0.197s
=case          ejabberd_SUITE:init_per_group
=logfile       ejabberd_suite.init_per_group.27875.html
=group_props   [{name,muc_config_private_messages},parallel]
=started       2024-08-23 19:12:20
=ended         2024-08-23 19:12:20
=result        ok
=elapsed       2.0e-6
=case          ejabberd_SUITE:muc_config_private_messages_master
=logfile       ejabberd_suite.muc_config_private_messages_master.27907.html
=started       2024-08-23 19:12:20
=ended         2024-08-23 19:12:21
=result        ok
=elapsed       0.160503
=case          ejabberd_SUITE:muc_config_private_messages_slave
=logfile       ejabberd_suite.muc_config_private_messages_slave.33890.html
=started       2024-08-23 19:12:20
=ended         2024-08-23 19:12:21
=result        ok
=elapsed       0.153229
=case          ejabberd_SUITE:end_per_group
=logfile       ejabberd_suite.end_per_group.33954.html
=group_props   [{name,muc_config_private_messages},parallel]
=started       2024-08-23 19:12:21
=ended         2024-08-23 19:12:21
=result        ok
=elapsed       3.0e-6
=group_time    0.223s
=case          ejabberd_SUITE:init_per_group
=logfile       ejabberd_suite.init_per_group.28035.html
=group_props   [{name,muc_config_query},parallel]
=started       2024-08-23 19:12:21
=ended         2024-08-23 19:12:21
=result        ok
=elapsed       2.0e-6
=case          ejabberd_SUITE:muc_config_query_master
=logfile       ejabberd_suite.muc_config_query_master.28067.html
=started       2024-08-23 19:12:21
=ended         2024-08-23 19:12:21
=result        ok
=elapsed       0.175742
=case          ejabberd_SUITE:muc_config_query_slave
=logfile       ejabberd_suite.muc_config_query_slave.28099.html
=started       2024-08-23 19:12:21
=ended         2024-08-23 19:12:21
=result        ok
=elapsed       0.168306
=case          ejabberd_SUITE:end_per_group
=logfile       ejabberd_suite.end_per_group.22692.html
=group_props   [{name,muc_config_query},parallel]
=started       2024-08-23 19:12:21
=ended         2024-08-23 19:12:21
=result        ok
=elapsed       2.0e-6
=group_time    0.238s
=case          ejabberd_SUITE:init_per_group
=logfile       ejabberd_suite.init_per_group.34082.html
=group_props   [{name,muc_config_allow_invites},parallel]
=started       2024-08-23 19:12:21
=ended         2024-08-23 19:12:21
=result        ok
=elapsed       2.0e-6
=case          ejabberd_SUITE:muc_config_allow_invites_master
=logfile       ejabberd_suite.muc_config_allow_invites_master.34114.html
=started       2024-08-23 19:12:21
=ended         2024-08-23 19:12:21
=result        ok
=elapsed       0.135795
=case          ejabberd_SUITE:muc_config_allow_invites_slave
=logfile       ejabberd_suite.muc_config_allow_invites_slave.34146.html
=started       2024-08-23 19:12:21
=ended         2024-08-23 19:12:21
=result        ok
=elapsed       0.129341
=case          ejabberd_SUITE:end_per_group
=logfile       ejabberd_suite.end_per_group.34242.html
=group_props   [{name,muc_config_allow_invites},parallel]
=started       2024-08-23 19:12:21
=ended         2024-08-23 19:12:21
=result        ok
=elapsed       7.0e-6
=group_time    0.199s
=case          ejabberd_SUITE:init_per_group
=logfile       ejabberd_suite.init_per_group.34274.html
=group_props   [{name,muc_config_visitor_status},parallel]
=started       2024-08-23 19:12:21
=ended         2024-08-23 19:12:21
=result        ok
=elapsed       3.0e-6
=case          ejabberd_SUITE:muc_config_visitor_status_master
=logfile       ejabberd_suite.muc_config_visitor_status_master.34306.html
=started       2024-08-23 19:12:21
=ended         2024-08-23 19:12:21
=result        ok
=elapsed       0.136966
=case          ejabberd_SUITE:muc_config_visitor_status_slave
=logfile       ejabberd_suite.muc_config_visitor_status_slave.34338.html
=started       2024-08-23 19:12:21
=ended         2024-08-23 19:12:21
=result        ok
=elapsed       0.12978
=case          ejabberd_SUITE:end_per_group
=logfile       ejabberd_suite.end_per_group.34466.html
=group_props   [{name,muc_config_visitor_status},parallel]
=started       2024-08-23 19:12:21
=ended         2024-08-23 19:12:21
=result        ok
=elapsed       2.0e-6
=group_time    0.198s
=case          ejabberd_SUITE:init_per_group
=logfile       ejabberd_suite.init_per_group.34498.html
=group_props   [{name,muc_config_allow_voice_requests},parallel]
=started       2024-08-23 19:12:21
=ended         2024-08-23 19:12:21
=result        ok
=elapsed       3.0e-6
=case          ejabberd_SUITE:muc_config_allow_voice_requests_master
=logfile       ejabberd_suite.muc_config_allow_voice_requests_master.34530.html
=started       2024-08-23 19:12:21
=ended         2024-08-23 19:12:21
=result        ok
=elapsed       0.133312
=case          ejabberd_SUITE:muc_config_allow_voice_requests_slave
=logfile       ejabberd_suite.muc_config_allow_voice_requests_slave.28195.html
=started       2024-08-23 19:12:21
=ended         2024-08-23 19:12:21
=result        ok
=elapsed       0.126134
=case          ejabberd_SUITE:end_per_group
=logfile       ejabberd_suite.end_per_group.28291.html
=group_props   [{name,muc_config_allow_voice_requests},parallel]
=started       2024-08-23 19:12:21
=ended         2024-08-23 19:12:21
=result        ok
=elapsed       2.0e-6
=group_time    0.195s
=case          ejabberd_SUITE:init_per_group
=logfile       ejabberd_suite.init_per_group.28323.html
=group_props   [{name,muc_config_voice_request_interval},parallel]
=started       2024-08-23 19:12:21
=ended         2024-08-23 19:12:22
=result        ok
=elapsed       3.0e-6
=case          ejabberd_SUITE:muc_config_voice_request_interval_master
=logfile       ejabberd_suite.muc_config_voice_request_interval_master.34562.html
=started       2024-08-23 19:12:22
=ended         2024-08-23 19:12:27
=result        ok
=elapsed       5.223224
=case          ejabberd_SUITE:muc_config_voice_request_interval_slave
=logfile       ejabberd_suite.muc_config_voice_request_interval_slave.34594.html
=started       2024-08-23 19:12:22
=ended         2024-08-23 19:12:27
=result        ok
=elapsed       5.217986
=case          ejabberd_SUITE:end_per_group
=logfile       ejabberd_suite.end_per_group.34658.html
=group_props   [{name,muc_config_voice_request_interval},parallel]
=started       2024-08-23 19:12:27
=ended         2024-08-23 19:12:27
=result        ok
=elapsed       2.0e-6
=group_time    5.283s
=case          ejabberd_SUITE:init_per_group
=logfile       ejabberd_suite.init_per_group.28387.html
=group_props   [{name,muc_config_visitor_nickchange},parallel]
=started       2024-08-23 19:12:27
=ended         2024-08-23 19:12:27
=result        ok
=elapsed       3.0e-6
=case          ejabberd_SUITE:muc_config_visitor_nickchange_master
=logfile       ejabberd_suite.muc_config_visitor_nickchange_master.28419.html
=started       2024-08-23 19:12:27
=ended         2024-08-23 19:12:27
=result        ok
=elapsed       0.133116
=case          ejabberd_SUITE:muc_config_visitor_nickchange_slave
=logfile       ejabberd_suite.muc_config_visitor_nickchange_slave.28451.html
=started       2024-08-23 19:12:27
=ended         2024-08-23 19:12:27
=result        ok
=elapsed       0.129055
=case          ejabberd_SUITE:end_per_group
=logfile       ejabberd_suite.end_per_group.28547.html
=group_props   [{name,muc_config_visitor_nickchange},parallel]
=started       2024-08-23 19:12:27
=ended         2024-08-23 19:12:27
=result        ok
=elapsed       2.0e-6
=group_time    0.194s
=case          ejabberd_SUITE:init_per_group
=logfile       ejabberd_suite.init_per_group.28579.html
=group_props   [{name,muc_join_conflict},parallel]
=started       2024-08-23 19:12:27
=ended         2024-08-23 19:12:27
=result        ok
=elapsed       3.0e-6
=case          ejabberd_SUITE:muc_join_conflict_master
=logfile       ejabberd_suite.muc_join_conflict_master.34690.html
=started       2024-08-23 19:12:27
=ended         2024-08-23 19:12:27
=result        ok
=elapsed       0.123936
=case          ejabberd_SUITE:muc_join_conflict_slave
=logfile       ejabberd_suite.muc_join_conflict_slave.28611.html
=started       2024-08-23 19:12:27
=ended         2024-08-23 19:12:27
=result        ok
=elapsed       0.115654
=case          ejabberd_SUITE:end_per_group
=logfile       ejabberd_suite.end_per_group.28707.html
=group_props   [{name,muc_join_conflict},parallel]
=started       2024-08-23 19:12:27
=ended         2024-08-23 19:12:27
=result        ok
=elapsed       9.0e-6
=group_time    0.184s
=case          ejabberd_SUITE:end_per_group
=logfile       ejabberd_suite.end_per_group.28739.html
=group_props   [{name,muc_master_slave},sequence]
=started       2024-08-23 19:12:27
=ended         2024-08-23 19:12:27
=result        ok
=elapsed       2.0e-6
=group_time    11.680s
=case          ejabberd_SUITE:init_per_group
=logfile       ejabberd_suite.init_per_group.28771.html
=group_props   [{name,privacy_master_slave},sequence]
=started       2024-08-23 19:12:27
=ended         2024-08-23 19:12:27
=result        ok
=elapsed       3.0e-6
=case          ejabberd_SUITE:init_per_group
=logfile       ejabberd_suite.init_per_group.28803.html
=group_props   [{name,privacy_deny_bare_jid},parallel]
=started       2024-08-23 19:12:27
=ended         2024-08-23 19:12:27
=result        ok
=elapsed       3.0e-6
=case          ejabberd_SUITE:privacy_deny_bare_jid_master
=logfile       ejabberd_suite.privacy_deny_bare_jid_master.28835.html
=started       2024-08-23 19:12:27
=ended         2024-08-23 19:12:28
=result        ok
=elapsed       1.164379
=case          ejabberd_SUITE:privacy_deny_bare_jid_slave
=logfile       ejabberd_suite.privacy_deny_bare_jid_slave.28867.html
=started       2024-08-23 19:12:27
=ended         2024-08-23 19:12:28
=result        ok
=elapsed       1.160009
=case          ejabberd_SUITE:end_per_group
=logfile       ejabberd_suite.end_per_group.34786.html
=group_props   [{name,privacy_deny_bare_jid},parallel]
=started       2024-08-23 19:12:28
=ended         2024-08-23 19:12:29
=result        ok
=elapsed       9.0e-6
=group_time    1.225s
=case          ejabberd_SUITE:init_per_group
=logfile       ejabberd_suite.init_per_group.23108.html
=group_props   [{name,privacy_deny_full_jid},parallel]
=started       2024-08-23 19:12:29
=ended         2024-08-23 19:12:29
=result        ok
=elapsed       3.0e-6
=case          ejabberd_SUITE:privacy_deny_full_jid_master
=logfile       ejabberd_suite.privacy_deny_full_jid_master.23140.html
=started       2024-08-23 19:12:29
=ended         2024-08-23 19:12:30
=result        ok
=elapsed       1.177198
=case          ejabberd_SUITE:privacy_deny_full_jid_slave
=logfile       ejabberd_suite.privacy_deny_full_jid_slave.23172.html
=started       2024-08-23 19:12:29
=ended         2024-08-23 19:12:30
=result        ok
=elapsed       1.173104
=case          ejabberd_SUITE:end_per_group
=logfile       ejabberd_suite.end_per_group.23236.html
=group_props   [{name,privacy_deny_full_jid},parallel]
=started       2024-08-23 19:12:30
=ended         2024-08-23 19:12:30
=result        ok
=elapsed       2.0e-6
=group_time    1.238s
=case          ejabberd_SUITE:init_per_group
=logfile       ejabberd_suite.init_per_group.23268.html
=group_props   [{name,privacy_deny_server_bare_jid},parallel]
=started       2024-08-23 19:12:30
=ended         2024-08-23 19:12:30
=result        ok
=elapsed       3.0e-6
=case          ejabberd_SUITE:privacy_deny_server_bare_jid_master
=logfile       ejabberd_suite.privacy_deny_server_bare_jid_master.23300.html
=started       2024-08-23 19:12:30
=ended         2024-08-23 19:12:31
=result        ok
=elapsed       1.16816
=case          ejabberd_SUITE:privacy_deny_server_bare_jid_slave
=logfile       ejabberd_suite.privacy_deny_server_bare_jid_slave.23332.html
=started       2024-08-23 19:12:30
=ended         2024-08-23 19:12:31
=result        ok
=elapsed       1.165798
=case          ejabberd_SUITE:end_per_group
=logfile       ejabberd_suite.end_per_group.29091.html
=group_props   [{name,privacy_deny_server_bare_jid},parallel]
=started       2024-08-23 19:12:31
=ended         2024-08-23 19:12:31
=result        ok
=elapsed       3.0e-6
=group_time    1.230s
=case          ejabberd_SUITE:init_per_group
=logfile       ejabberd_suite.init_per_group.29123.html
=group_props   [{name,privacy_deny_server_full_jid},parallel]
=started       2024-08-23 19:12:31
=ended         2024-08-23 19:12:31
=result        ok
=elapsed       4.0e-6
=case          ejabberd_SUITE:privacy_deny_server_full_jid_master
=logfile       ejabberd_suite.privacy_deny_server_full_jid_master.23428.html
=started       2024-08-23 19:12:31
=ended         2024-08-23 19:12:32
=result        ok
=elapsed       1.162035
=case          ejabberd_SUITE:privacy_deny_server_full_jid_slave
=logfile       ejabberd_suite.privacy_deny_server_full_jid_slave.29155.html
=started       2024-08-23 19:12:31
=ended         2024-08-23 19:12:32
=result        ok
=elapsed       1.159054
=case          ejabberd_SUITE:end_per_group
=logfile       ejabberd_suite.end_per_group.29187.html
=group_props   [{name,privacy_deny_server_full_jid},parallel]
=started       2024-08-23 19:12:32
=ended         2024-08-23 19:12:32
=result        ok
=elapsed       2.0e-6
=group_time    1.224s
=case          ejabberd_SUITE:init_per_group
=logfile       ejabberd_suite.init_per_group.29219.html
=group_props   [{name,privacy_deny_group},parallel]
=started       2024-08-23 19:12:32
=ended         2024-08-23 19:12:32
=result        ok
=elapsed       4.0e-6
=case          ejabberd_SUITE:privacy_deny_group_master
=logfile       ejabberd_suite.privacy_deny_group_master.29251.html
=started       2024-08-23 19:12:32
=ended         2024-08-23 19:12:34
=result        ok
=elapsed       1.168532
=case          ejabberd_SUITE:privacy_deny_group_slave
=logfile       ejabberd_suite.privacy_deny_group_slave.35010.html
=started       2024-08-23 19:12:32
=ended         2024-08-23 19:12:34
=result        ok
=elapsed       1.166007
=case          ejabberd_SUITE:end_per_group
=logfile       ejabberd_suite.end_per_group.35074.html
=group_props   [{name,privacy_deny_group},parallel]
=started       2024-08-23 19:12:34
=ended         2024-08-23 19:12:34
=result        ok
=elapsed       7.0e-6
=group_time    1.229s
=case          ejabberd_SUITE:init_per_group
=logfile       ejabberd_suite.init_per_group.23588.html
=group_props   [{name,privacy_deny_sub_both},parallel]
=started       2024-08-23 19:12:34
=ended         2024-08-23 19:12:34
=result        ok
=elapsed       3.0e-6
=case          ejabberd_SUITE:privacy_deny_sub_both_master
=logfile       ejabberd_suite.privacy_deny_sub_both_master.23620.html
=started       2024-08-23 19:12:34
=ended         2024-08-23 19:12:35
=result        ok
=elapsed       1.168523
=case          ejabberd_SUITE:privacy_deny_sub_both_slave
=logfile       ejabberd_suite.privacy_deny_sub_both_slave.23652.html
=started       2024-08-23 19:12:34
=ended         2024-08-23 19:12:35
=result        ok
=elapsed       1.165488
=case          ejabberd_SUITE:end_per_group
=logfile       ejabberd_suite.end_per_group.35266.html
=group_props   [{name,privacy_deny_sub_both},parallel]
=started       2024-08-23 19:12:35
=ended         2024-08-23 19:12:35
=result        ok
=elapsed       3.0e-6
=group_time    1.231s
=case          ejabberd_SUITE:init_per_group
=logfile       ejabberd_suite.init_per_group.35298.html
=group_props   [{name,privacy_deny_sub_from},parallel]
=started       2024-08-23 19:12:35
=ended         2024-08-23 19:12:35
=result        ok
=elapsed       2.0e-6
=case          ejabberd_SUITE:privacy_deny_sub_from_master
=logfile       ejabberd_suite.privacy_deny_sub_from_master.35330.html
=started       2024-08-23 19:12:35
=ended         2024-08-23 19:12:36
=result        ok
=elapsed       1.185167
=case          ejabberd_SUITE:privacy_deny_sub_from_slave
=logfile       ejabberd_suite.privacy_deny_sub_from_slave.35362.html
=started       2024-08-23 19:12:35
=ended         2024-08-23 19:12:36
=result        ok
=elapsed       1.181499
=case          ejabberd_SUITE:end_per_group
=logfile       ejabberd_suite.end_per_group.29507.html
=group_props   [{name,privacy_deny_sub_from},parallel]
=started       2024-08-23 19:12:36
=ended         2024-08-23 19:12:36
=result        ok
=elapsed       6.0e-6
=group_time    1.246s
=case          ejabberd_SUITE:init_per_group
=logfile       ejabberd_suite.init_per_group.29539.html
=group_props   [{name,privacy_deny_sub_to},parallel]
=started       2024-08-23 19:12:36
=ended         2024-08-23 19:12:36
=result        ok
=elapsed       3.0e-6
=case          ejabberd_SUITE:privacy_deny_sub_to_master
=logfile       ejabberd_suite.privacy_deny_sub_to_master.29571.html
=started       2024-08-23 19:12:36
=ended         2024-08-23 19:12:37
=result        ok
=elapsed       1.183711
=case          ejabberd_SUITE:privacy_deny_sub_to_slave
=logfile       ejabberd_suite.privacy_deny_sub_to_slave.29603.html
=started       2024-08-23 19:12:36
=ended         2024-08-23 19:12:37
=result        ok
=elapsed       1.180231
=case          ejabberd_SUITE:end_per_group
=logfile       ejabberd_suite.end_per_group.29731.html
=group_props   [{name,privacy_deny_sub_to},parallel]
=started       2024-08-23 19:12:37
=ended         2024-08-23 19:12:37
=result        ok
=elapsed       2.0e-6
=group_time    1.246s
=case          ejabberd_SUITE:init_per_group
=logfile       ejabberd_suite.init_per_group.29763.html
=group_props   [{name,privacy_deny_sub_none},parallel]
=started       2024-08-23 19:12:37
=ended         2024-08-23 19:12:37
=result        ok
=elapsed       2.0e-6
=case          ejabberd_SUITE:privacy_deny_sub_none_master
=logfile       ejabberd_suite.privacy_deny_sub_none_master.35746.html
=started       2024-08-23 19:12:37
=ended         2024-08-23 19:12:39
=result        ok
=elapsed       1.160815
=case          ejabberd_SUITE:privacy_deny_sub_none_slave
=logfile       ejabberd_suite.privacy_deny_sub_none_slave.29795.html
=started       2024-08-23 19:12:37
=ended         2024-08-23 19:12:39
=result        ok
=elapsed       1.158926
=case          ejabberd_SUITE:end_per_group
=logfile       ejabberd_suite.end_per_group.35842.html
=group_props   [{name,privacy_deny_sub_none},parallel]
=started       2024-08-23 19:12:39
=ended         2024-08-23 19:12:39
=result        ok
=elapsed       8.0e-6
=group_time    1.222s
=case          ejabberd_SUITE:init_per_group
=logfile       ejabberd_suite.init_per_group.35874.html
=group_props   [{name,privacy_deny_all},parallel]
=started       2024-08-23 19:12:39
=ended         2024-08-23 19:12:39
=result        ok
=elapsed       3.0e-6
=case          ejabberd_SUITE:privacy_deny_all_master
=logfile       ejabberd_suite.privacy_deny_all_master.29955.html
=started       2024-08-23 19:12:39
=ended         2024-08-23 19:12:40
=result        ok
=elapsed       1.170167
=case          ejabberd_SUITE:privacy_deny_all_slave
=logfile       ejabberd_suite.privacy_deny_all_slave.29987.html
=started       2024-08-23 19:12:39
=ended         2024-08-23 19:12:40
=result        ok
=elapsed       1.16837
=case          ejabberd_SUITE:end_per_group
=logfile       ejabberd_suite.end_per_group.23716.html
=group_props   [{name,privacy_deny_all},parallel]
=started       2024-08-23 19:12:40
=ended         2024-08-23 19:12:40
=result        ok
=elapsed       4.0e-6
=group_time    1.232s
=case          ejabberd_SUITE:init_per_group
=logfile       ejabberd_suite.init_per_group.23748.html
=group_props   [{name,privacy_deny_offline},parallel]
=started       2024-08-23 19:12:40
=ended         2024-08-23 19:12:40
=result        ok
=elapsed       3.0e-6
=case          ejabberd_SUITE:privacy_deny_offline_master
=logfile       ejabberd_suite.privacy_deny_offline_master.23780.html
=started       2024-08-23 19:12:40
=ended         2024-08-23 19:12:40
=result        ok
=elapsed       0.25073
=case          ejabberd_SUITE:privacy_deny_offline_slave
=logfile       ejabberd_suite.privacy_deny_offline_slave.23812.html
=started       2024-08-23 19:12:40
=ended         2024-08-23 19:12:40
=result        ok
=elapsed       0.352007
=case          ejabberd_SUITE:end_per_group
=logfile       ejabberd_suite.end_per_group.23844.html
=group_props   [{name,privacy_deny_offline},parallel]
=started       2024-08-23 19:12:40
=ended         2024-08-23 19:12:40
=result        ok
=elapsed       3.0e-6
=group_time    0.413s
=case          ejabberd_SUITE:init_per_group
=logfile       ejabberd_suite.init_per_group.23876.html
=group_props   [{name,privacy_block},parallel]
=started       2024-08-23 19:12:40
=ended         2024-08-23 19:12:40
=result        ok
=elapsed       3.0e-6
=case          ejabberd_SUITE:privacy_block_master
=logfile       ejabberd_suite.privacy_block_master.23908.html
=started       2024-08-23 19:12:40
=ended         2024-08-23 19:12:41
=result        ok
=elapsed       0.444769
=case          ejabberd_SUITE:privacy_block_slave
=logfile       ejabberd_suite.privacy_block_slave.23940.html
=started       2024-08-23 19:12:40
=ended         2024-08-23 19:12:41
=result        ok
=elapsed       0.443573
=case          ejabberd_SUITE:end_per_group
=logfile       ejabberd_suite.end_per_group.24068.html
=group_props   [{name,privacy_block},parallel]
=started       2024-08-23 19:12:41
=ended         2024-08-23 19:12:41
=result        ok
=elapsed       8.0e-6
=group_time    0.504s
=case          ejabberd_SUITE:init_per_group
=logfile       ejabberd_suite.init_per_group.30275.html
=group_props   [{name,privacy_unblock},parallel]
=started       2024-08-23 19:12:41
=ended         2024-08-23 19:12:41
=result        ok
=elapsed       1.5e-5
=case          ejabberd_SUITE:privacy_unblock_master
=logfile       ejabberd_suite.privacy_unblock_master.30307.html
=started       2024-08-23 19:12:41
=ended         2024-08-23 19:12:41
=result        ok
=elapsed       0.212621
=case          ejabberd_SUITE:privacy_unblock_slave
=logfile       ejabberd_suite.privacy_unblock_slave.24100.html
=started       2024-08-23 19:12:41
=ended         2024-08-23 19:12:41
=result        ok
=elapsed       0.21164
=case          ejabberd_SUITE:end_per_group
=logfile       ejabberd_suite.end_per_group.24164.html
=group_props   [{name,privacy_unblock},parallel]
=started       2024-08-23 19:12:41
=ended         2024-08-23 19:12:41
=result        ok
=elapsed       3.0e-6
=group_time    0.274s
=case          ejabberd_SUITE:init_per_group
=logfile       ejabberd_suite.init_per_group.24196.html
=group_props   [{name,privacy_unblock_all},parallel]
=started       2024-08-23 19:12:41
=ended         2024-08-23 19:12:41
=result        ok
=elapsed       3.0e-6
=case          ejabberd_SUITE:privacy_unblock_all_master
=logfile       ejabberd_suite.privacy_unblock_all_master.24260.html
=started       2024-08-23 19:12:41
=ended         2024-08-23 19:12:41
=result        ok
=elapsed       0.215551
=case          ejabberd_SUITE:privacy_unblock_all_slave
=logfile       ejabberd_suite.privacy_unblock_all_slave.24228.html
=started       2024-08-23 19:12:41
=ended         2024-08-23 19:12:41
=result        ok
=elapsed       0.213487
=case          ejabberd_SUITE:end_per_group
=logfile       ejabberd_suite.end_per_group.24324.html
=group_props   [{name,privacy_unblock_all},parallel]
=started       2024-08-23 19:12:41
=ended         2024-08-23 19:12:41
=result        ok
=elapsed       3.0e-6
=group_time    0.278s
=case          ejabberd_SUITE:end_per_group
=logfile       ejabberd_suite.end_per_group.24356.html
=group_props   [{name,privacy_master_slave},sequence]
=started       2024-08-23 19:12:41
=ended         2024-08-23 19:12:41
=result        ok
=elapsed       7.0e-6
=group_time    14.168s
=case          ejabberd_SUITE:init_per_group
=logfile       ejabberd_suite.init_per_group.24388.html
=group_props   [{name,pubsub_master_slave},sequence]
=started       2024-08-23 19:12:41
=ended         2024-08-23 19:12:41
=result        ok
=elapsed       4.0e-6
=case          ejabberd_SUITE:init_per_group
=logfile       ejabberd_suite.init_per_group.24420.html
=group_props   [{name,pubsub_publish},parallel]
=started       2024-08-23 19:12:41
=ended         2024-08-23 19:12:41
=result        ok
=elapsed       3.0e-6
=case          ejabberd_SUITE:pubsub_publish_master
=logfile       ejabberd_suite.pubsub_publish_master.24452.html
=started       2024-08-23 19:12:41
=ended         2024-08-23 19:12:42
=result        ok
=elapsed       0.126428
=case          ejabberd_SUITE:pubsub_publish_slave
=logfile       ejabberd_suite.pubsub_publish_slave.24484.html
=started       2024-08-23 19:12:41
=ended         2024-08-23 19:12:42
=result        ok
=elapsed       0.123987
=case          ejabberd_SUITE:end_per_group
=logfile       ejabberd_suite.end_per_group.24612.html
=group_props   [{name,pubsub_publish},parallel]
=started       2024-08-23 19:12:42
=ended         2024-08-23 19:12:42
=result        ok
=elapsed       3.0e-6
=group_time    0.188s
=case          ejabberd_SUITE:init_per_group
=logfile       ejabberd_suite.init_per_group.24644.html
=group_props   [{name,pubsub_subscriptions},parallel]
=started       2024-08-23 19:12:42
=ended         2024-08-23 19:12:42
=result        ok
=elapsed       5.0e-6
=case          ejabberd_SUITE:pubsub_subscriptions_master
=logfile       ejabberd_suite.pubsub_subscriptions_master.30435.html
=started       2024-08-23 19:12:42
=ended         2024-08-23 19:12:42
=result        ok
=elapsed       0.152158
=case          ejabberd_SUITE:pubsub_subscriptions_slave
=logfile       ejabberd_suite.pubsub_subscriptions_slave.30467.html
=started       2024-08-23 19:12:42
=ended         2024-08-23 19:12:42
=result        ok
=elapsed       0.145613
=case          ejabberd_SUITE:end_per_group
=logfile       ejabberd_suite.end_per_group.30563.html
=group_props   [{name,pubsub_subscriptions},parallel]
=started       2024-08-23 19:12:42
=ended         2024-08-23 19:12:42
=result        ok
=elapsed       3.0e-6
=group_time    0.216s
=case          ejabberd_SUITE:init_per_group
=logfile       ejabberd_suite.init_per_group.30595.html
=group_props   [{name,pubsub_affiliations},parallel]
=started       2024-08-23 19:12:42
=ended         2024-08-23 19:12:42
=result        ok
=elapsed       5.0e-6
=case          ejabberd_SUITE:pubsub_affiliations_master
=logfile       ejabberd_suite.pubsub_affiliations_master.30627.html
=started       2024-08-23 19:12:42
=ended         2024-08-23 19:12:44
=result        ok
=elapsed       1.710957
=case          ejabberd_SUITE:pubsub_affiliations_slave
=logfile       ejabberd_suite.pubsub_affiliations_slave.30659.html
=started       2024-08-23 19:12:42
=ended         2024-08-23 19:12:44
=result        ok
=elapsed       1.725014
=case          ejabberd_SUITE:end_per_group
=logfile       ejabberd_suite.end_per_group.36258.html
=group_props   [{name,pubsub_affiliations},parallel]
=started       2024-08-23 19:12:44
=ended         2024-08-23 19:12:44
=result        ok
=elapsed       7.0e-6
=group_time    1.786s
=case          ejabberd_SUITE:init_per_group
=logfile       ejabberd_suite.init_per_group.36290.html
=group_props   [{name,pubsub_authorize},parallel]
=started       2024-08-23 19:12:44
=ended         2024-08-23 19:12:44
=result        ok
=elapsed       3.0e-6
=case          ejabberd_SUITE:pubsub_authorize_master
=logfile       ejabberd_suite.pubsub_authorize_master.36322.html
=started       2024-08-23 19:12:44
=ended         2024-08-23 19:12:44
=result        ok
=elapsed       0.212138
=case          ejabberd_SUITE:pubsub_authorize_slave
=logfile       ejabberd_suite.pubsub_authorize_slave.36354.html
=started       2024-08-23 19:12:44
=ended         2024-08-23 19:12:44
=result        ok
=elapsed       0.169521
=case          ejabberd_SUITE:end_per_group
=logfile       ejabberd_suite.end_per_group.24836.html
=group_props   [{name,pubsub_authorize},parallel]
=started       2024-08-23 19:12:44
=ended         2024-08-23 19:12:44
=result        ok
=elapsed       8.0e-6
=group_time    0.272s
=case          ejabberd_SUITE:end_per_group
=logfile       ejabberd_suite.end_per_group.24868.html
=group_props   [{name,pubsub_master_slave},sequence]
=started       2024-08-23 19:12:44
=ended         2024-08-23 19:12:44
=result        ok
=elapsed       3.0e-6
=group_time    2.587s
=case          ejabberd_SUITE:init_per_group
=logfile       ejabberd_suite.init_per_group.30723.html
=group_props   [{name,roster_master_slave},sequence]
=started       2024-08-23 19:12:44
=ended         2024-08-23 19:12:44
=result        ok
=elapsed       4.0e-6
=case          ejabberd_SUITE:init_per_group
=logfile       ejabberd_suite.init_per_group.30755.html
=group_props   [{name,roster_subscribe},parallel]
=started       2024-08-23 19:12:44
=ended         2024-08-23 19:12:44
=result        ok
=elapsed       3.0e-6
=case          ejabberd_SUITE:roster_subscribe_master
=logfile       ejabberd_suite.roster_subscribe_master.30787.html
=started       2024-08-23 19:12:44
=ended         2024-08-23 19:12:57
=result        ok
=elapsed       12.888136
=case          ejabberd_SUITE:roster_subscribe_slave
=logfile       ejabberd_suite.roster_subscribe_slave.30819.html
=started       2024-08-23 19:12:44
=ended         2024-08-23 19:12:57
=result        ok
=elapsed       12.889763
=case          ejabberd_SUITE:end_per_group
=logfile       ejabberd_suite.end_per_group.32771.html
=group_props   [{name,roster_subscribe},parallel]
=started       2024-08-23 19:12:57
=ended         2024-08-23 19:12:57
=result        ok
=elapsed       2.0e-6
=group_time    12.951s
=case          ejabberd_SUITE:end_per_group
=logfile       ejabberd_suite.end_per_group.32803.html
=group_props   [{name,roster_master_slave},sequence]
=started       2024-08-23 19:12:57
=ended         2024-08-23 19:12:57
=result        ok
=elapsed       6.0e-6
=group_time    13.000s
=case          ejabberd_SUITE:init_per_group
=logfile       ejabberd_suite.init_per_group.37762.html
=group_props   [{name,offline_master_slave},sequence]
=started       2024-08-23 19:12:57
=ended         2024-08-23 19:12:57
=result        ok
=elapsed       3.0e-6
=case          ejabberd_SUITE:init_per_group
=logfile       ejabberd_suite.init_per_group.37794.html
=group_props   [{name,offline_flex},parallel]
=started       2024-08-23 19:12:57
=ended         2024-08-23 19:12:57
=result        ok
=elapsed       2.0e-6
=case          ejabberd_SUITE:offline_flex_master
=logfile       ejabberd_suite.offline_flex_master.37826.html
=started       2024-08-23 19:12:57
=ended         2024-08-23 19:12:57
=result        ok
=elapsed       0.2062
=case          ejabberd_SUITE:offline_flex_slave
=logfile       ejabberd_suite.offline_flex_slave.37858.html
=started       2024-08-23 19:12:57
=ended         2024-08-23 19:12:57
=result        ok
=elapsed       0.332767
=case          ejabberd_SUITE:end_per_group
=logfile       ejabberd_suite.end_per_group.37922.html
=group_props   [{name,offline_flex},parallel]
=started       2024-08-23 19:12:57
=ended         2024-08-23 19:12:58
=result        ok
=elapsed       2.0e-6
=group_time    0.393s
=case          ejabberd_SUITE:init_per_group
=logfile       ejabberd_suite.init_per_group.37954.html
=group_props   [{name,offline_send_all},parallel]
=started       2024-08-23 19:12:58
=ended         2024-08-23 19:12:58
=result        ok
=elapsed       3.0e-6
=case          ejabberd_SUITE:offline_send_all_master
=logfile       ejabberd_suite.offline_send_all_master.37986.html
=started       2024-08-23 19:12:58
=ended         2024-08-23 19:13:11
=result        ok
=elapsed       13.705228
=case          ejabberd_SUITE:offline_send_all_slave
=logfile       ejabberd_suite.offline_send_all_slave.38018.html
=started       2024-08-23 19:12:58
=ended         2024-08-23 19:13:11
=result        ok
=elapsed       13.85986
=case          ejabberd_SUITE:end_per_group
=logfile       ejabberd_suite.end_per_group.38146.html
=group_props   [{name,offline_send_all},parallel]
=started       2024-08-23 19:13:11
=ended         2024-08-23 19:13:11
=result        ok
=elapsed       2.0e-6
=group_time    13.919s
=case          ejabberd_SUITE:init_per_group
=logfile       ejabberd_suite.init_per_group.32899.html
=group_props   [{name,offline_from_mam},parallel]
=started       2024-08-23 19:13:11
=ended         2024-08-23 19:13:11
=result        ok
=elapsed       3.0e-6
=case          ejabberd_SUITE:offline_from_mam_master
=logfile       ejabberd_suite.offline_from_mam_master.32931.html
=started       2024-08-23 19:13:11
=ended         2024-08-23 19:13:25
=result        ok
=elapsed       13.804893
=case          ejabberd_SUITE:offline_from_mam_slave
=logfile       ejabberd_suite.offline_from_mam_slave.38178.html
=started       2024-08-23 19:13:11
=ended         2024-08-23 19:13:26
=result        ok
=elapsed       14.004011
=case          ejabberd_SUITE:end_per_group
=logfile       ejabberd_suite.end_per_group.32995.html
=group_props   [{name,offline_from_mam},parallel]
=started       2024-08-23 19:13:26
=ended         2024-08-23 19:13:26
=result        ok
=elapsed       2.0e-6
=group_time    14.066s
=case          ejabberd_SUITE:init_per_group
=logfile       ejabberd_suite.init_per_group.33027.html
=group_props   [{name,offline_mucsub_mam},parallel]
=started       2024-08-23 19:13:26
=ended         2024-08-23 19:13:26
=result        ok
=elapsed       3.0e-6
=case          ejabberd_SUITE:offline_mucsub_mam_master
=logfile       ejabberd_suite.offline_mucsub_mam_master.33059.html
=started       2024-08-23 19:13:26
=ended         2024-08-23 19:13:26
=result        ok
=elapsed       0.262255
=case          ejabberd_SUITE:offline_mucsub_mam_slave
=logfile       ejabberd_suite.offline_mucsub_mam_slave.8453.html
=started       2024-08-23 19:13:26
=ended         2024-08-23 19:13:26
=result        ok
=elapsed       0.258326
=case          ejabberd_SUITE:end_per_group
=logfile       ejabberd_suite.end_per_group.8517.html
=group_props   [{name,offline_mucsub_mam},parallel]
=started       2024-08-23 19:13:26
=ended         2024-08-23 19:13:26
=result        ok
=elapsed       6.0e-6
=group_time    0.324s
=case          ejabberd_SUITE:end_per_group
=logfile       ejabberd_suite.end_per_group.8549.html
=group_props   [{name,offline_master_slave},sequence]
=started       2024-08-23 19:13:26
=ended         2024-08-23 19:13:26
=result        ok
=elapsed       5.0e-6
=group_time    28.827s
=case          ejabberd_SUITE:init_per_group
=logfile       ejabberd_suite.init_per_group.8581.html
=group_props   [{name,mam_master_slave},sequence]
=started       2024-08-23 19:13:26
=ended         2024-08-23 19:13:26
=result        ok
=elapsed       3.0e-6
=case          ejabberd_SUITE:init_per_group
=logfile       ejabberd_suite.init_per_group.8613.html
=group_props   [{name,mam_archived_and_stanza_id},parallel]
=started       2024-08-23 19:13:26
=ended         2024-08-23 19:13:26
=result        ok
=elapsed       2.0e-6
=case          ejabberd_SUITE:mam_archived_and_stanza_id_master
=logfile       ejabberd_suite.mam_archived_and_stanza_id_master.8645.html
=started       2024-08-23 19:13:26
=ended         2024-08-23 19:13:26
=result        ok
=elapsed       0.172959
=case          ejabberd_SUITE:mam_archived_and_stanza_id_slave
=logfile       ejabberd_suite.mam_archived_and_stanza_id_slave.8677.html
=started       2024-08-23 19:13:26
=ended         2024-08-23 19:13:26
=result        ok
=elapsed       0.180422
=case          ejabberd_SUITE:end_per_group
=logfile       ejabberd_suite.end_per_group.26340.html
=group_props   [{name,mam_archived_and_stanza_id},parallel]
=started       2024-08-23 19:13:26
=ended         2024-08-23 19:13:26
=result        ok
=elapsed       3.0e-6
=group_time    0.242s
=case          ejabberd_SUITE:init_per_group
=logfile       ejabberd_suite.init_per_group.26372.html
=group_props   [{name,mam_query_all},parallel]
=started       2024-08-23 19:13:26
=ended         2024-08-23 19:13:26
=result        ok
=elapsed       3.0e-6
=case          ejabberd_SUITE:mam_query_all_master
=logfile       ejabberd_suite.mam_query_all_master.26404.html
=started       2024-08-23 19:13:26
=ended         2024-08-23 19:13:26
=result        ok
=elapsed       0.201729
=case          ejabberd_SUITE:mam_query_all_slave
=logfile       ejabberd_suite.mam_query_all_slave.26436.html
=started       2024-08-23 19:13:26
=ended         2024-08-23 19:13:26
=result        ok
=elapsed       0.206032
=case          ejabberd_SUITE:end_per_group
=logfile       ejabberd_suite.end_per_group.8773.html
=group_props   [{name,mam_query_all},parallel]
=started       2024-08-23 19:13:26
=ended         2024-08-23 19:13:27
=result        ok
=elapsed       2.0e-6
=group_time    0.267s
=case          ejabberd_SUITE:init_per_group
=logfile       ejabberd_suite.init_per_group.8805.html
=group_props   [{name,mam_query_with},parallel]
=started       2024-08-23 19:13:27
=ended         2024-08-23 19:13:27
=result        ok
=elapsed       3.0e-6
=case          ejabberd_SUITE:mam_query_with_master
=logfile       ejabberd_suite.mam_query_with_master.8837.html
=started       2024-08-23 19:13:27
=ended         2024-08-23 19:13:27
=result        ok
=elapsed       0.21793
=case          ejabberd_SUITE:mam_query_with_slave
=logfile       ejabberd_suite.mam_query_with_slave.38466.html
=started       2024-08-23 19:13:27
=ended         2024-08-23 19:13:27
=result        ok
=elapsed       0.224431
=case          ejabberd_SUITE:end_per_group
=logfile       ejabberd_suite.end_per_group.38498.html
=group_props   [{name,mam_query_with},parallel]
=started       2024-08-23 19:13:27
=ended         2024-08-23 19:13:27
=result        ok
=elapsed       2.0e-6
=group_time    0.284s
=case          ejabberd_SUITE:init_per_group
=logfile       ejabberd_suite.init_per_group.26596.html
=group_props   [{name,mam_query_rsm_max},parallel]
=started       2024-08-23 19:13:27
=ended         2024-08-23 19:13:27
=result        ok
=elapsed       4.0e-6
=case          ejabberd_SUITE:mam_query_rsm_max_master
=logfile       ejabberd_suite.mam_query_rsm_max_master.26628.html
=started       2024-08-23 19:13:27
=ended         2024-08-23 19:13:27
=result        ok
=elapsed       0.280682
=case          ejabberd_SUITE:mam_query_rsm_max_slave
=logfile       ejabberd_suite.mam_query_rsm_max_slave.26660.html
=started       2024-08-23 19:13:27
=ended         2024-08-23 19:13:27
=result        ok
=elapsed       0.276487
=case          ejabberd_SUITE:end_per_group
=logfile       ejabberd_suite.end_per_group.26756.html
=group_props   [{name,mam_query_rsm_max},parallel]
=started       2024-08-23 19:13:27
=ended         2024-08-23 19:13:27
=result        ok
=elapsed       3.0e-6
=group_time    0.340s
=case          ejabberd_SUITE:init_per_group
=logfile       ejabberd_suite.init_per_group.26788.html
=group_props   [{name,mam_query_rsm_after},parallel]
=started       2024-08-23 19:13:27
=ended         2024-08-23 19:13:27
=result        ok
=elapsed       2.0e-6
=case          ejabberd_SUITE:mam_query_rsm_after_master
=logfile       ejabberd_suite.mam_query_rsm_after_master.8997.html
=started       2024-08-23 19:13:27
=ended         2024-08-23 19:13:28
=result        ok
=elapsed       0.263244
=case          ejabberd_SUITE:mam_query_rsm_after_slave
=logfile       ejabberd_suite.mam_query_rsm_after_slave.9029.html
=started       2024-08-23 19:13:27
=ended         2024-08-23 19:13:28
=result        ok
=elapsed       0.263071
=case          ejabberd_SUITE:end_per_group
=logfile       ejabberd_suite.end_per_group.9093.html
=group_props   [{name,mam_query_rsm_after},parallel]
=started       2024-08-23 19:13:28
=ended         2024-08-23 19:13:28
=result        ok
=elapsed       2.0e-6
=group_time    0.327s
=case          ejabberd_SUITE:init_per_group
=logfile       ejabberd_suite.init_per_group.9125.html
=group_props   [{name,mam_query_rsm_before},parallel]
=started       2024-08-23 19:13:28
=ended         2024-08-23 19:13:28
=result        ok
=elapsed       2.0e-6
=case          ejabberd_SUITE:mam_query_rsm_before_master
=logfile       ejabberd_suite.mam_query_rsm_before_master.9157.html
=started       2024-08-23 19:13:28
=ended         2024-08-23 19:13:28
=result        ok
=elapsed       0.274538
=case          ejabberd_SUITE:mam_query_rsm_before_slave
=logfile       ejabberd_suite.mam_query_rsm_before_slave.33219.html
=started       2024-08-23 19:13:28
=ended         2024-08-23 19:13:28
=result        ok
=elapsed       0.274084
=case          ejabberd_SUITE:end_per_group
=logfile       ejabberd_suite.end_per_group.33315.html
=group_props   [{name,mam_query_rsm_before},parallel]
=started       2024-08-23 19:13:28
=ended         2024-08-23 19:13:28
=result        ok
=elapsed       2.0e-6
=group_time    0.336s
=case          ejabberd_SUITE:init_per_group
=logfile       ejabberd_suite.init_per_group.33347.html
=group_props   [{name,mam_muc},parallel]
=started       2024-08-23 19:13:28
=ended         2024-08-23 19:13:28
=result        ok
=elapsed       2.0e-6
=case          ejabberd_SUITE:mam_muc_master
=logfile       ejabberd_suite.mam_muc_master.33379.html
=started       2024-08-23 19:13:28
=ended         2024-08-23 19:13:28
=result        ok
=elapsed       0.179574
=case          ejabberd_SUITE:mam_muc_slave
=logfile       ejabberd_suite.mam_muc_slave.33411.html
=started       2024-08-23 19:13:28
=ended         2024-08-23 19:13:28
=result        ok
=elapsed       0.17326
=case          ejabberd_SUITE:end_per_group
=logfile       ejabberd_suite.end_per_group.33507.html
=group_props   [{name,mam_muc},parallel]
=started       2024-08-23 19:13:28
=ended         2024-08-23 19:13:28
=result        ok
=elapsed       2.0e-6
=group_time    0.241s
=case          ejabberd_SUITE:init_per_group
=logfile       ejabberd_suite.init_per_group.38562.html
=group_props   [{name,mam_mucsub},parallel]
=started       2024-08-23 19:13:28
=ended         2024-08-23 19:13:28
=result        ok
=elapsed       2.0e-6
=case          ejabberd_SUITE:mam_mucsub_master
=logfile       ejabberd_suite.mam_mucsub_master.9253.html
=started       2024-08-23 19:13:28
=ended         2024-08-23 19:13:28
=result        ok
=elapsed       0.166986
=case          ejabberd_SUITE:mam_mucsub_slave
=logfile       ejabberd_suite.mam_mucsub_slave.9285.html
=started       2024-08-23 19:13:28
=ended         2024-08-23 19:13:28
=result        ok
=elapsed       0.162509
=case          ejabberd_SUITE:end_per_group
=logfile       ejabberd_suite.end_per_group.9317.html
=group_props   [{name,mam_mucsub},parallel]
=started       2024-08-23 19:13:28
=ended         2024-08-23 19:13:28
=result        ok
=elapsed       2.0e-6
=group_time    0.228s
=case          ejabberd_SUITE:init_per_group
=logfile       ejabberd_suite.init_per_group.9349.html
=group_props   [{name,mam_mucsub_from_muc},parallel]
=started       2024-08-23 19:13:28
=ended         2024-08-23 19:13:28
=result        ok
=elapsed       3.0e-6
=case          ejabberd_SUITE:mam_mucsub_from_muc_master
=logfile       ejabberd_suite.mam_mucsub_from_muc_master.9381.html
=started       2024-08-23 19:13:28
=ended         2024-08-23 19:13:29
=result        ok
=elapsed       0.162733
=case          ejabberd_SUITE:mam_mucsub_from_muc_slave
=logfile       ejabberd_suite.mam_mucsub_from_muc_slave.38690.html
=started       2024-08-23 19:13:28
=ended         2024-08-23 19:13:29
=result        ok
=elapsed       0.15683
=case          ejabberd_SUITE:end_per_group
=logfile       ejabberd_suite.end_per_group.38754.html
=group_props   [{name,mam_mucsub_from_muc},parallel]
=started       2024-08-23 19:13:29
=ended         2024-08-23 19:13:29
=result        ok
=elapsed       2.0e-6
=group_time    0.221s
=case          ejabberd_SUITE:init_per_group
=logfile       ejabberd_suite.init_per_group.27012.html
=group_props   [{name,mam_mucsub_from_muc_non_persistent},parallel]
=started       2024-08-23 19:13:29
=ended         2024-08-23 19:13:29
=result        ok
=elapsed       3.0e-6
=case          ejabberd_SUITE:mam_mucsub_from_muc_non_persistent_master
=logfile       ejabberd_suite.mam_mucsub_from_muc_non_persistent_master.27044.html
=started       2024-08-23 19:13:29
=ended         2024-08-23 19:13:29
=result        ok
=elapsed       0.155592
=case          ejabberd_SUITE:mam_mucsub_from_muc_non_persistent_slave
=logfile       ejabberd_suite.mam_mucsub_from_muc_non_persistent_slave.27076.html
=started       2024-08-23 19:13:29
=ended         2024-08-23 19:13:29
=result        ok
=elapsed       0.152822
=case          ejabberd_SUITE:end_per_group
=logfile       ejabberd_suite.end_per_group.38850.html
=group_props   [{name,mam_mucsub_from_muc_non_persistent},parallel]
=started       2024-08-23 19:13:29
=ended         2024-08-23 19:13:29
=result        ok
=elapsed       2.0e-6
=group_time    0.215s
=case          ejabberd_SUITE:end_per_group
=logfile       ejabberd_suite.end_per_group.38882.html
=group_props   [{name,mam_master_slave},sequence]
=started       2024-08-23 19:13:29
=ended         2024-08-23 19:13:29
=result        ok
=elapsed       1.0e-5
=group_time    2.977s
=case          ejabberd_SUITE:init_per_group
=logfile       ejabberd_suite.init_per_group.38914.html
=group_props   [{name,announce_master_slave},sequence]
=started       2024-08-23 19:13:29
=ended         2024-08-23 19:13:29
=result        ok
=elapsed       3.0e-6
=case          ejabberd_SUITE:init_per_group
=logfile       ejabberd_suite.init_per_group.38946.html
=group_props   [{name,announce_set_motd},parallel]
=started       2024-08-23 19:13:29
=ended         2024-08-23 19:13:29
=result        ok
=elapsed       2.0e-6
=case          ejabberd_SUITE:announce_set_motd_master
=logfile       ejabberd_suite.announce_set_motd_master.9445.html
=started       2024-08-23 19:13:29
=ended         2024-08-23 19:13:29
=result        ok
=elapsed       0.117899
=case          ejabberd_SUITE:announce_set_motd_slave
=logfile       ejabberd_suite.announce_set_motd_slave.9477.html
=started       2024-08-23 19:13:29
=ended         2024-08-23 19:13:29
=result        ok
=elapsed       0.118637
=case          ejabberd_SUITE:end_per_group
=logfile       ejabberd_suite.end_per_group.27268.html
=group_props   [{name,announce_set_motd},parallel]
=started       2024-08-23 19:13:29
=ended         2024-08-23 19:13:29
=result        ok
=elapsed       2.0e-6
=group_time    0.180s
=case          ejabberd_SUITE:end_per_group
=logfile       ejabberd_suite.end_per_group.27300.html
=group_props   [{name,announce_master_slave},sequence]
=started       2024-08-23 19:13:29
=ended         2024-08-23 19:13:29
=result        ok
=elapsed       2.0e-6
=group_time    0.230s
=case          ejabberd_SUITE:init_per_group
=logfile       ejabberd_suite.init_per_group.38978.html
=group_props   [{name,push_master_slave},sequence]
=started       2024-08-23 19:13:29
=ended         2024-08-23 19:13:29
=result        ok
=elapsed       3.0e-6
=case          ejabberd_SUITE:init_per_group
=logfile       ejabberd_suite.init_per_group.39010.html
=group_props   [{name,push_sm},parallel]
=started       2024-08-23 19:13:29
=ended         2024-08-23 19:13:29
=result        ok
=elapsed       1.0e-6
=case          ejabberd_SUITE:push_sm_master
=logfile       ejabberd_suite.push_sm_master.39042.html
=started       2024-08-23 19:13:29
=ended         2024-08-23 19:13:37
=result        ok
=elapsed       8.116671
=case          ejabberd_SUITE:push_sm_slave
=logfile       ejabberd_suite.push_sm_slave.39074.html
=started       2024-08-23 19:13:29
=ended         2024-08-23 19:13:29
=result        ok
=elapsed       0.007685
=case          ejabberd_SUITE:end_per_group
=logfile       ejabberd_suite.end_per_group.39106.html
=group_props   [{name,push_sm},parallel]
=started       2024-08-23 19:13:37
=ended         2024-08-23 19:13:37
=result        ok
=elapsed       2.0e-6
=group_time    8.183s
=case          ejabberd_SUITE:init_per_group
=logfile       ejabberd_suite.init_per_group.39138.html
=group_props   [{name,push_offline},parallel]
=started       2024-08-23 19:13:37
=ended         2024-08-23 19:13:37
=result        ok
=elapsed       3.0e-6
=case          ejabberd_SUITE:push_offline_master
=logfile       ejabberd_suite.push_offline_master.39170.html
=started       2024-08-23 19:13:37
=ended         2024-08-23 19:13:38
=result        ok
=elapsed       0.262685
=case          ejabberd_SUITE:push_offline_slave
=logfile       ejabberd_suite.push_offline_slave.39202.html
=started       2024-08-23 19:13:37
=ended         2024-08-23 19:13:38
=result        ok
=elapsed       0.111949
=case          ejabberd_SUITE:end_per_group
=logfile       ejabberd_suite.end_per_group.39234.html
=group_props   [{name,push_offline},parallel]
=started       2024-08-23 19:13:38
=ended         2024-08-23 19:13:38
=result        ok
=elapsed       1.0e-5
=group_time    0.324s
=case          ejabberd_SUITE:init_per_group
=logfile       ejabberd_suite.init_per_group.39266.html
=group_props   [{name,push_mam},parallel]
=started       2024-08-23 19:13:38
=ended         2024-08-23 19:13:38
=result        ok
=elapsed       2.0e-6
=case          ejabberd_SUITE:push_mam_master
=logfile       ejabberd_suite.push_mam_master.27428.html
=started       2024-08-23 19:13:38
=ended         2024-08-23 19:13:38
=result        ok
=elapsed       0.155188
=case          ejabberd_SUITE:push_mam_slave
=logfile       ejabberd_suite.push_mam_slave.39298.html
=started       2024-08-23 19:13:38
=ended         2024-08-23 19:13:38
=result        ok
=elapsed       0.269594
=case          ejabberd_SUITE:end_per_group
=logfile       ejabberd_suite.end_per_group.39394.html
=group_props   [{name,push_mam},parallel]
=started       2024-08-23 19:13:38
=ended         2024-08-23 19:13:38
=result        ok
=elapsed       2.0e-6
=group_time    0.330s
=case          ejabberd_SUITE:end_per_group
=logfile       ejabberd_suite.end_per_group.39426.html
=group_props   [{name,push_master_slave},sequence]
=started       2024-08-23 19:13:38
=ended         2024-08-23 19:13:38
=result        ok
=elapsed       6.0e-6
=group_time    8.936s
=case          ejabberd_SUITE:end_per_group
=logfile       ejabberd_suite.end_per_group.39458.html
=group_props   [{name,mysql},sequence]
=started       2024-08-23 19:13:38
=ended         2024-08-23 19:13:38
=result        ok
=elapsed       8.61e-4
=group_time    99.310s
=case          ejabberd_SUITE:init_per_group
=logfile       ejabberd_suite.init_per_group.39490.html
=group_props   [{name,mssql},sequence]
=started       2024-08-23 19:13:38
=ended         2024-08-23 19:13:38
=result        skipped: {disabled_backend,mssql}
=== *** SKIPPED {ejabberd_SUITE,init_per_group} ***
=== 
=case          ejabberd_SUITE:test_register
=group_props   [{name,"single_user"}]
=started       2024-08-23 19:13:38
=result        skipped: {disabled_backend,mssql}
=== *** Skipping test case #866 {ejabberd_SUITE,test_register} ***
=== 
=case          ejabberd_SUITE:test_legacy_auth_feature
=group_props   [{name,"legacy_auth"}]
=started       2024-08-23 19:13:38
=result        skipped: {disabled_backend,mssql}
=== *** Skipping test case #867 {ejabberd_SUITE,test_legacy_auth_feature} ***
=== 
=case          ejabberd_SUITE:test_legacy_auth
=group_props   [{name,"legacy_auth"}]
=started       2024-08-23 19:13:38
=result        skipped: {disabled_backend,mssql}
=== *** Skipping test case #868 {ejabberd_SUITE,test_legacy_auth} ***
=== 
=case          ejabberd_SUITE:test_legacy_auth_digest
=group_props   [{name,"legacy_auth"}]
=started       2024-08-23 19:13:38
=result        skipped: {disabled_backend,mssql}
=== *** Skipping test case #869 {ejabberd_SUITE,test_legacy_auth_digest} ***
=== 
=case          ejabberd_SUITE:test_legacy_auth_no_resource
=group_props   [{name,"legacy_auth"}]
=started       2024-08-23 19:13:38
=result        skipped: {disabled_backend,mssql}
=== *** Skipping test case #870 {ejabberd_SUITE,test_legacy_auth_no_resource} ***
=== 
=case          ejabberd_SUITE:test_legacy_auth_bad_jid
=group_props   [{name,"legacy_auth"}]
=started       2024-08-23 19:13:38
=result        skipped: {disabled_backend,mssql}
=== *** Skipping test case #871 {ejabberd_SUITE,test_legacy_auth_bad_jid} ***
=== 
=case          ejabberd_SUITE:test_legacy_auth_fail
=group_props   [{name,"legacy_auth"}]
=started       2024-08-23 19:13:38
=result        skipped: {disabled_backend,mssql}
=== *** Skipping test case #872 {ejabberd_SUITE,test_legacy_auth_fail} ***
=== 
=case          ejabberd_SUITE:auth_plain
=group_props   [{name,"single_user"}]
=started       2024-08-23 19:13:38
=result        skipped: {disabled_backend,mssql}
=== *** Skipping test case #873 {ejabberd_SUITE,auth_plain} ***
=== 
=case          ejabberd_SUITE:auth_md5
=group_props   [{name,"single_user"}]
=started       2024-08-23 19:13:38
=result        skipped: {disabled_backend,mssql}
=== *** Skipping test case #874 {ejabberd_SUITE,auth_md5} ***
=== 
=case          ejabberd_SUITE:presence_broadcast
=group_props   [{name,"single_user"}]
=started       2024-08-23 19:13:38
=result        skipped: {disabled_backend,mssql}
=== *** Skipping test case #875 {ejabberd_SUITE,presence_broadcast} ***
=== 
=case          ejabberd_SUITE:last
=group_props   [{name,"single_user"}]
=started       2024-08-23 19:13:38
=result        skipped: {disabled_backend,mssql}
=== *** Skipping test case #876 {ejabberd_SUITE,last} ***
=== 
=case          ejabberd_SUITE:webadmin_login_page
=group_props   [{name,"webadmin_single"}]
=started       2024-08-23 19:13:38
=result        skipped: {disabled_backend,mssql}
=== *** Skipping test case #877 {ejabberd_SUITE,webadmin_login_page} ***
=== 
=case          ejabberd_SUITE:webadmin_welcome_page
=group_props   [{name,"webadmin_single"}]
=started       2024-08-23 19:13:38
=result        skipped: {disabled_backend,mssql}
=== *** Skipping test case #878 {ejabberd_SUITE,webadmin_welcome_page} ***
=== 
=case          ejabberd_SUITE:webadmin_user_page
=group_props   [{name,"webadmin_single"}]
=started       2024-08-23 19:13:38
=result        skipped: {disabled_backend,mssql}
=== *** Skipping test case #879 {ejabberd_SUITE,webadmin_user_page} ***
=== 
=case          ejabberd_SUITE:webadmin_adduser
=group_props   [{name,"webadmin_single"}]
=started       2024-08-23 19:13:38
=result        skipped: {disabled_backend,mssql}
=== *** Skipping test case #880 {ejabberd_SUITE,webadmin_adduser} ***
=== 
=case          ejabberd_SUITE:webadmin_changepassword
=group_props   [{name,"webadmin_single"}]
=started       2024-08-23 19:13:38
=result        skipped: {disabled_backend,mssql}
=== *** Skipping test case #881 {ejabberd_SUITE,webadmin_changepassword} ***
=== 
=case          ejabberd_SUITE:webadmin_removeuser
=group_props   [{name,"webadmin_single"}]
=started       2024-08-23 19:13:38
=result        skipped: {disabled_backend,mssql}
=== *** Skipping test case #882 {ejabberd_SUITE,webadmin_removeuser} ***
=== 
=case          ejabberd_SUITE:roster_feature_enabled
=group_props   [{name,"roster_single"}]
=started       2024-08-23 19:13:38
=result        skipped: {disabled_backend,mssql}
=== *** Skipping test case #883 {ejabberd_SUITE,roster_feature_enabled} ***
=== 
=case          ejabberd_SUITE:roster_iq_set_many_items
=group_props   [{name,"roster_single"}]
=started       2024-08-23 19:13:38
=result        skipped: {disabled_backend,mssql}
=== *** Skipping test case #884 {ejabberd_SUITE,roster_iq_set_many_items} ***
=== 
=case          ejabberd_SUITE:roster_iq_set_duplicated_groups
=group_props   [{name,"roster_single"}]
=started       2024-08-23 19:13:38
=result        skipped: {disabled_backend,mssql}
=== *** Skipping test case #885 {ejabberd_SUITE,roster_iq_set_duplicated_groups} ***
=== 
=case          ejabberd_SUITE:roster_iq_get_item
=group_props   [{name,"roster_single"}]
=started       2024-08-23 19:13:38
=result        skipped: {disabled_backend,mssql}
=== *** Skipping test case #886 {ejabberd_SUITE,roster_iq_get_item} ***
=== 
=case          ejabberd_SUITE:roster_iq_unexpected_element
=group_props   [{name,"roster_single"}]
=started       2024-08-23 19:13:38
=result        skipped: {disabled_backend,mssql}
=== *** Skipping test case #887 {ejabberd_SUITE,roster_iq_unexpected_element} ***
=== 
=case          ejabberd_SUITE:roster_iq_set_ask
=group_props   [{name,"roster_single"}]
=started       2024-08-23 19:13:38
=result        skipped: {disabled_backend,mssql}
=== *** Skipping test case #888 {ejabberd_SUITE,roster_iq_set_ask} ***
=== 
=case          ejabberd_SUITE:roster_set_item
=group_props   [{name,"roster_single"}]
=started       2024-08-23 19:13:38
=result        skipped: {disabled_backend,mssql}
=== *** Skipping test case #889 {ejabberd_SUITE,roster_set_item} ***
=== 
=case          ejabberd_SUITE:roster_version
=group_props   [{name,"roster_single"}]
=started       2024-08-23 19:13:38
=result        skipped: {disabled_backend,mssql}
=== *** Skipping test case #890 {ejabberd_SUITE,roster_version} ***
=== 
=case          ejabberd_SUITE:private_test_features
=group_props   [{name,"private_single"}]
=started       2024-08-23 19:13:38
=result        skipped: {disabled_backend,mssql}
=== *** Skipping test case #891 {ejabberd_SUITE,private_test_features} ***
=== 
=case          ejabberd_SUITE:private_test_no_namespace
=group_props   [{name,"private_single"}]
=started       2024-08-23 19:13:38
=result        skipped: {disabled_backend,mssql}
=== *** Skipping test case #892 {ejabberd_SUITE,private_test_no_namespace} ***
=== 
=case          ejabberd_SUITE:private_test_set_get
=group_props   [{name,"private_single"}]
=started       2024-08-23 19:13:38
=result        skipped: {disabled_backend,mssql}
=== *** Skipping test case #893 {ejabberd_SUITE,private_test_set_get} ***
=== 
=case          ejabberd_SUITE:private_test_published
=group_props   [{name,"private_single"}]
=started       2024-08-23 19:13:38
=result        skipped: {disabled_backend,mssql}
=== *** Skipping test case #894 {ejabberd_SUITE,private_test_published} ***
=== 
=case          ejabberd_SUITE:privacy_feature_enabled
=group_props   [{name,"privacy_single"}]
=started       2024-08-23 19:13:38
=result        skipped: {disabled_backend,mssql}
=== *** Skipping test case #895 {ejabberd_SUITE,privacy_feature_enabled} ***
=== 
=case          ejabberd_SUITE:privacy_set_get_list
=group_props   [{name,"privacy_single"}]
=started       2024-08-23 19:13:38
=result        skipped: {disabled_backend,mssql}
=== *** Skipping test case #896 {ejabberd_SUITE,privacy_set_get_list} ***
=== 
=case          ejabberd_SUITE:privacy_get_list_non_existent
=group_props   [{name,"privacy_single"}]
=started       2024-08-23 19:13:38
=result        skipped: {disabled_backend,mssql}
=== *** Skipping test case #897 {ejabberd_SUITE,privacy_get_list_non_existent} ***
=== 
=case          ejabberd_SUITE:privacy_get_empty_lists
=group_props   [{name,"privacy_single"}]
=started       2024-08-23 19:13:38
=result        skipped: {disabled_backend,mssql}
=== *** Skipping test case #898 {ejabberd_SUITE,privacy_get_empty_lists} ***
=== 
=case          ejabberd_SUITE:privacy_set_default
=group_props   [{name,"privacy_single"}]
=started       2024-08-23 19:13:38
=result        skipped: {disabled_backend,mssql}
=== *** Skipping test case #899 {ejabberd_SUITE,privacy_set_default} ***
=== 
=case          ejabberd_SUITE:privacy_del_default
=group_props   [{name,"privacy_single"}]
=started       2024-08-23 19:13:38
=result        skipped: {disabled_backend,mssql}
=== *** Skipping test case #900 {ejabberd_SUITE,privacy_del_default} ***
=== 
=case          ejabberd_SUITE:privacy_set_default_non_existent
=group_props   [{name,"privacy_single"}]
=started       2024-08-23 19:13:38
=result        skipped: {disabled_backend,mssql}
=== *** Skipping test case #901 {ejabberd_SUITE,privacy_set_default_non_existent} ***
=== 
=case          ejabberd_SUITE:privacy_set_active
=group_props   [{name,"privacy_single"}]
=started       2024-08-23 19:13:38
=result        skipped: {disabled_backend,mssql}
=== *** Skipping test case #902 {ejabberd_SUITE,privacy_set_active} ***
=== 
=case          ejabberd_SUITE:privacy_del_active
=group_props   [{name,"privacy_single"}]
=started       2024-08-23 19:13:38
=result        skipped: {disabled_backend,mssql}
=== *** Skipping test case #903 {ejabberd_SUITE,privacy_del_active} ***
=== 
=case          ejabberd_SUITE:privacy_set_active_non_existent
=group_props   [{name,"privacy_single"}]
=started       2024-08-23 19:13:38
=result        skipped: {disabled_backend,mssql}
=== *** Skipping test case #904 {ejabberd_SUITE,privacy_set_active_non_existent} ***
=== 
=case          ejabberd_SUITE:privacy_remove_list
=group_props   [{name,"privacy_single"}]
=started       2024-08-23 19:13:38
=result        skipped: {disabled_backend,mssql}
=== *** Skipping test case #905 {ejabberd_SUITE,privacy_remove_list} ***
=== 
=case          ejabberd_SUITE:privacy_remove_default_list
=group_props   [{name,"privacy_single"}]
=started       2024-08-23 19:13:38
=result        skipped: {disabled_backend,mssql}
=== *** Skipping test case #906 {ejabberd_SUITE,privacy_remove_default_list} ***
=== 
=case          ejabberd_SUITE:privacy_remove_active_list
=group_props   [{name,"privacy_single"}]
=started       2024-08-23 19:13:38
=result        skipped: {disabled_backend,mssql}
=== *** Skipping test case #907 {ejabberd_SUITE,privacy_remove_active_list} ***
=== 
=case          ejabberd_SUITE:privacy_remove_list_non_existent
=group_props   [{name,"privacy_single"}]
=started       2024-08-23 19:13:38
=result        skipped: {disabled_backend,mssql}
=== *** Skipping test case #908 {ejabberd_SUITE,privacy_remove_list_non_existent} ***
=== 
=case          ejabberd_SUITE:privacy_allow_local_server
=group_props   [{name,"privacy_single"}]
=started       2024-08-23 19:13:38
=result        skipped: {disabled_backend,mssql}
=== *** Skipping test case #909 {ejabberd_SUITE,privacy_allow_local_server} ***
=== 
=case          ejabberd_SUITE:privacy_malformed_iq_query
=group_props   [{name,"privacy_single"}]
=started       2024-08-23 19:13:38
=result        skipped: {disabled_backend,mssql}
=== *** Skipping test case #910 {ejabberd_SUITE,privacy_malformed_iq_query} ***
=== 
=case          ejabberd_SUITE:privacy_malformed_get
=group_props   [{name,"privacy_single"}]
=started       2024-08-23 19:13:38
=result        skipped: {disabled_backend,mssql}
=== *** Skipping test case #911 {ejabberd_SUITE,privacy_malformed_get} ***
=== 
=case          ejabberd_SUITE:privacy_malformed_set
=group_props   [{name,"privacy_single"}]
=started       2024-08-23 19:13:38
=result        skipped: {disabled_backend,mssql}
=== *** Skipping test case #912 {ejabberd_SUITE,privacy_malformed_set} ***
=== 
=case          ejabberd_SUITE:privacy_malformed_type_value
=group_props   [{name,"privacy_single"}]
=started       2024-08-23 19:13:38
=result        skipped: {disabled_backend,mssql}
=== *** Skipping test case #913 {ejabberd_SUITE,privacy_malformed_type_value} ***
=== 
=case          ejabberd_SUITE:privacy_set_get_block
=group_props   [{name,"privacy_single"}]
=started       2024-08-23 19:13:38
=result        skipped: {disabled_backend,mssql}
=== *** Skipping test case #914 {ejabberd_SUITE,privacy_set_get_block} ***
=== 
=case          ejabberd_SUITE:vcard_feature_enabled
=group_props   [{name,"vcard_single"}]
=started       2024-08-23 19:13:38
=result        skipped: {disabled_backend,mssql}
=== *** Skipping test case #915 {ejabberd_SUITE,vcard_feature_enabled} ***
=== 
=case          ejabberd_SUITE:vcard_get_set
=group_props   [{name,"vcard_single"}]
=started       2024-08-23 19:13:38
=result        skipped: {disabled_backend,mssql}
=== *** Skipping test case #916 {ejabberd_SUITE,vcard_get_set} ***
=== 
=case          ejabberd_SUITE:vcard_service_vcard
=group_props   [{name,"vcard_single"}]
=started       2024-08-23 19:13:38
=result        skipped: {disabled_backend,mssql}
=== *** Skipping test case #917 {ejabberd_SUITE,vcard_service_vcard} ***
=== 
=case          ejabberd_SUITE:pubsub_test_features
=group_props   [{name,"pubsub_single"}]
=started       2024-08-23 19:13:38
=result        skipped: {disabled_backend,mssql}
=== *** Skipping test case #918 {ejabberd_SUITE,pubsub_test_features} ***
=== 
=case          ejabberd_SUITE:pubsub_test_vcard
=group_props   [{name,"pubsub_single"}]
=started       2024-08-23 19:13:38
=result        skipped: {disabled_backend,mssql}
=== *** Skipping test case #919 {ejabberd_SUITE,pubsub_test_vcard} ***
=== 
=case          ejabberd_SUITE:pubsub_test_create
=group_props   [{name,"pubsub_single"}]
=started       2024-08-23 19:13:38
=result        skipped: {disabled_backend,mssql}
=== *** Skipping test case #920 {ejabberd_SUITE,pubsub_test_create} ***
=== 
=case          ejabberd_SUITE:pubsub_test_configure
=group_props   [{name,"pubsub_single"}]
=started       2024-08-23 19:13:38
=result        skipped: {disabled_backend,mssql}
=== *** Skipping test case #921 {ejabberd_SUITE,pubsub_test_configure} ***
=== 
=case          ejabberd_SUITE:pubsub_test_delete
=group_props   [{name,"pubsub_single"}]
=started       2024-08-23 19:13:38
=result        skipped: {disabled_backend,mssql}
=== *** Skipping test case #922 {ejabberd_SUITE,pubsub_test_delete} ***
=== 
=case          ejabberd_SUITE:pubsub_test_get_affiliations
=group_props   [{name,"pubsub_single"}]
=started       2024-08-23 19:13:38
=result        skipped: {disabled_backend,mssql}
=== *** Skipping test case #923 {ejabberd_SUITE,pubsub_test_get_affiliations} ***
=== 
=case          ejabberd_SUITE:pubsub_test_get_subscriptions
=group_props   [{name,"pubsub_single"}]
=started       2024-08-23 19:13:38
=result        skipped: {disabled_backend,mssql}
=== *** Skipping test case #924 {ejabberd_SUITE,pubsub_test_get_subscriptions} ***
=== 
=case          ejabberd_SUITE:pubsub_test_create_instant
=group_props   [{name,"pubsub_single"}]
=started       2024-08-23 19:13:38
=result        skipped: {disabled_backend,mssql}
=== *** Skipping test case #925 {ejabberd_SUITE,pubsub_test_create_instant} ***
=== 
=case          ejabberd_SUITE:pubsub_test_default
=group_props   [{name,"pubsub_single"}]
=started       2024-08-23 19:13:38
=result        skipped: {disabled_backend,mssql}
=== *** Skipping test case #926 {ejabberd_SUITE,pubsub_test_default} ***
=== 
=case          ejabberd_SUITE:pubsub_test_create_configure
=group_props   [{name,"pubsub_single"}]
=started       2024-08-23 19:13:38
=result        skipped: {disabled_backend,mssql}
=== *** Skipping test case #927 {ejabberd_SUITE,pubsub_test_create_configure} ***
=== 
=case          ejabberd_SUITE:pubsub_test_publish
=group_props   [{name,"pubsub_single"}]
=started       2024-08-23 19:13:38
=result        skipped: {disabled_backend,mssql}
=== *** Skipping test case #928 {ejabberd_SUITE,pubsub_test_publish} ***
=== 
=case          ejabberd_SUITE:pubsub_test_auto_create
=group_props   [{name,"pubsub_single"}]
=started       2024-08-23 19:13:38
=result        skipped: {disabled_backend,mssql}
=== *** Skipping test case #929 {ejabberd_SUITE,pubsub_test_auto_create} ***
=== 
=case          ejabberd_SUITE:pubsub_test_get_items
=group_props   [{name,"pubsub_single"}]
=started       2024-08-23 19:13:38
=result        skipped: {disabled_backend,mssql}
=== *** Skipping test case #930 {ejabberd_SUITE,pubsub_test_get_items} ***
=== 
=case          ejabberd_SUITE:pubsub_test_delete_item
=group_props   [{name,"pubsub_single"}]
=started       2024-08-23 19:13:38
=result        skipped: {disabled_backend,mssql}
=== *** Skipping test case #931 {ejabberd_SUITE,pubsub_test_delete_item} ***
=== 
=case          ejabberd_SUITE:pubsub_test_purge
=group_props   [{name,"pubsub_single"}]
=started       2024-08-23 19:13:38
=result        skipped: {disabled_backend,mssql}
=== *** Skipping test case #932 {ejabberd_SUITE,pubsub_test_purge} ***
=== 
=case          ejabberd_SUITE:pubsub_test_subscribe
=group_props   [{name,"pubsub_single"}]
=started       2024-08-23 19:13:38
=result        skipped: {disabled_backend,mssql}
=== *** Skipping test case #933 {ejabberd_SUITE,pubsub_test_subscribe} ***
=== 
=case          ejabberd_SUITE:pubsub_test_subscribe_max_item_1
=group_props   [{name,"pubsub_single"}]
=started       2024-08-23 19:13:38
=result        skipped: {disabled_backend,mssql}
=== *** Skipping test case #934 {ejabberd_SUITE,pubsub_test_subscribe_max_item_1} ***
=== 
=case          ejabberd_SUITE:pubsub_test_unsubscribe
=group_props   [{name,"pubsub_single"}]
=started       2024-08-23 19:13:38
=result        skipped: {disabled_backend,mssql}
=== *** Skipping test case #935 {ejabberd_SUITE,pubsub_test_unsubscribe} ***
=== 
=case          ejabberd_SUITE:muc_service_presence_error
=group_props   [{name,"muc_single"}]
=started       2024-08-23 19:13:38
=result        skipped: {disabled_backend,mssql}
=== *** Skipping test case #936 {ejabberd_SUITE,muc_service_presence_error} ***
=== 
=case          ejabberd_SUITE:muc_service_message_error
=group_props   [{name,"muc_single"}]
=started       2024-08-23 19:13:38
=result        skipped: {disabled_backend,mssql}
=== *** Skipping test case #937 {ejabberd_SUITE,muc_service_message_error} ***
=== 
=case          ejabberd_SUITE:muc_service_unknown_ns_iq_error
=group_props   [{name,"muc_single"}]
=started       2024-08-23 19:13:38
=result        skipped: {disabled_backend,mssql}
=== *** Skipping test case #938 {ejabberd_SUITE,muc_service_unknown_ns_iq_error} ***
=== 
=case          ejabberd_SUITE:muc_service_iq_set_error
=group_props   [{name,"muc_single"}]
=started       2024-08-23 19:13:38
=result        skipped: {disabled_backend,mssql}
=== *** Skipping test case #939 {ejabberd_SUITE,muc_service_iq_set_error} ***
=== 
=case          ejabberd_SUITE:muc_service_improper_iq_error
=group_props   [{name,"muc_single"}]
=started       2024-08-23 19:13:38
=result        skipped: {disabled_backend,mssql}
=== *** Skipping test case #940 {ejabberd_SUITE,muc_service_improper_iq_error} ***
=== 
=case          ejabberd_SUITE:muc_service_features
=group_props   [{name,"muc_single"}]
=started       2024-08-23 19:13:38
=result        skipped: {disabled_backend,mssql}
=== *** Skipping test case #941 {ejabberd_SUITE,muc_service_features} ***
=== 
=case          ejabberd_SUITE:muc_service_disco_info_node_error
=group_props   [{name,"muc_single"}]
=started       2024-08-23 19:13:38
=result        skipped: {disabled_backend,mssql}
=== *** Skipping test case #942 {ejabberd_SUITE,muc_service_disco_info_node_error} ***
=== 
=case          ejabberd_SUITE:muc_service_disco_items
=group_props   [{name,"muc_single"}]
=started       2024-08-23 19:13:38
=result        skipped: {disabled_backend,mssql}
=== *** Skipping test case #943 {ejabberd_SUITE,muc_service_disco_items} ***
=== 
=case          ejabberd_SUITE:muc_service_unique
=group_props   [{name,"muc_single"}]
=started       2024-08-23 19:13:38
=result        skipped: {disabled_backend,mssql}
=== *** Skipping test case #944 {ejabberd_SUITE,muc_service_unique} ***
=== 
=case          ejabberd_SUITE:muc_service_vcard
=group_props   [{name,"muc_single"}]
=started       2024-08-23 19:13:38
=result        skipped: {disabled_backend,mssql}
=== *** Skipping test case #945 {ejabberd_SUITE,muc_service_vcard} ***
=== 
=case          ejabberd_SUITE:muc_configure_non_existent
=group_props   [{name,"muc_single"}]
=started       2024-08-23 19:13:38
=result        skipped: {disabled_backend,mssql}
=== *** Skipping test case #946 {ejabberd_SUITE,muc_configure_non_existent} ***
=== 
=case          ejabberd_SUITE:muc_cancel_configure_non_existent
=group_props   [{name,"muc_single"}]
=started       2024-08-23 19:13:38
=result        skipped: {disabled_backend,mssql}
=== *** Skipping test case #947 {ejabberd_SUITE,muc_cancel_configure_non_existent} ***
=== 
=case          ejabberd_SUITE:muc_service_subscriptions
=group_props   [{name,"muc_single"}]
=started       2024-08-23 19:13:38
=result        skipped: {disabled_backend,mssql}
=== *** Skipping test case #948 {ejabberd_SUITE,muc_service_subscriptions} ***
=== 
=case          ejabberd_SUITE:muc_set_room_affiliation
=group_props   [{name,"muc_single"}]
=started       2024-08-23 19:13:38
=result        skipped: {disabled_backend,mssql}
=== *** Skipping test case #949 {ejabberd_SUITE,muc_set_room_affiliation} ***
=== 
=case          ejabberd_SUITE:offline_feature_enabled
=group_props   [{name,"offline_single"}]
=started       2024-08-23 19:13:38
=result        skipped: {disabled_backend,mssql}
=== *** Skipping test case #950 {ejabberd_SUITE,offline_feature_enabled} ***
=== 
=case          ejabberd_SUITE:offline_check_identity
=group_props   [{name,"offline_single"}]
=started       2024-08-23 19:13:38
=result        skipped: {disabled_backend,mssql}
=== *** Skipping test case #951 {ejabberd_SUITE,offline_check_identity} ***
=== 
=case          ejabberd_SUITE:offline_send_non_existent
=group_props   [{name,"offline_single"}]
=started       2024-08-23 19:13:38
=result        skipped: {disabled_backend,mssql}
=== *** Skipping test case #952 {ejabberd_SUITE,offline_send_non_existent} ***
=== 
=case          ejabberd_SUITE:offline_view_non_existent
=group_props   [{name,"offline_single"}]
=started       2024-08-23 19:13:38
=result        skipped: {disabled_backend,mssql}
=== *** Skipping test case #953 {ejabberd_SUITE,offline_view_non_existent} ***
=== 
=case          ejabberd_SUITE:offline_remove_non_existent
=group_props   [{name,"offline_single"}]
=started       2024-08-23 19:13:38
=result        skipped: {disabled_backend,mssql}
=== *** Skipping test case #954 {ejabberd_SUITE,offline_remove_non_existent} ***
=== 
=case          ejabberd_SUITE:offline_view_non_integer
=group_props   [{name,"offline_single"}]
=started       2024-08-23 19:13:38
=result        skipped: {disabled_backend,mssql}
=== *** Skipping test case #955 {ejabberd_SUITE,offline_view_non_integer} ***
=== 
=case          ejabberd_SUITE:offline_remove_non_integer
=group_props   [{name,"offline_single"}]
=started       2024-08-23 19:13:38
=result        skipped: {disabled_backend,mssql}
=== *** Skipping test case #956 {ejabberd_SUITE,offline_remove_non_integer} ***
=== 
=case          ejabberd_SUITE:offline_malformed_iq
=group_props   [{name,"offline_single"}]
=started       2024-08-23 19:13:38
=result        skipped: {disabled_backend,mssql}
=== *** Skipping test case #957 {ejabberd_SUITE,offline_malformed_iq} ***
=== 
=case          ejabberd_SUITE:offline_wrong_user
=group_props   [{name,"offline_single"}]
=started       2024-08-23 19:13:38
=result        skipped: {disabled_backend,mssql}
=== *** Skipping test case #958 {ejabberd_SUITE,offline_wrong_user} ***
=== 
=case          ejabberd_SUITE:offline_unsupported_iq
=group_props   [{name,"offline_single"}]
=started       2024-08-23 19:13:38
=result        skipped: {disabled_backend,mssql}
=== *** Skipping test case #959 {ejabberd_SUITE,offline_unsupported_iq} ***
=== 
=case          ejabberd_SUITE:mam_feature_enabled
=group_props   [{name,"mam_single"}]
=started       2024-08-23 19:13:38
=result        skipped: {disabled_backend,mssql}
=== *** Skipping test case #960 {ejabberd_SUITE,mam_feature_enabled} ***
=== 
=case          ejabberd_SUITE:mam_get_set_prefs
=group_props   [{name,"mam_single"}]
=started       2024-08-23 19:13:38
=result        skipped: {disabled_backend,mssql}
=== *** Skipping test case #961 {ejabberd_SUITE,mam_get_set_prefs} ***
=== 
=case          ejabberd_SUITE:mam_get_form
=group_props   [{name,"mam_single"}]
=started       2024-08-23 19:13:38
=result        skipped: {disabled_backend,mssql}
=== *** Skipping test case #962 {ejabberd_SUITE,mam_get_form} ***
=== 
=case          ejabberd_SUITE:mam_fake_by
=group_props   [{name,"mam_single"}]
=started       2024-08-23 19:13:38
=result        skipped: {disabled_backend,mssql}
=== *** Skipping test case #963 {ejabberd_SUITE,mam_fake_by} ***
=== 
=case          ejabberd_SUITE:push_feature_enabled
=group_props   [{name,"push_single"}]
=started       2024-08-23 19:13:38
=result        skipped: {disabled_backend,mssql}
=== *** Skipping test case #964 {ejabberd_SUITE,push_feature_enabled} ***
=== 
=case          ejabberd_SUITE:push_unsupported_iq
=group_props   [{name,"push_single"}]
=started       2024-08-23 19:13:38
=result        skipped: {disabled_backend,mssql}
=== *** Skipping test case #965 {ejabberd_SUITE,push_unsupported_iq} ***
=== 
=case          ejabberd_SUITE:test_unregister
=group_props   [{name,"single_user"}]
=started       2024-08-23 19:13:38
=result        skipped: {disabled_backend,mssql}
=== *** Skipping test case #966 {ejabberd_SUITE,test_unregister} ***
=== 
=case          ejabberd_SUITE:muc_register_master
=group_props   [{name,"muc_register"}]
=started       2024-08-23 19:13:38
=result        skipped: {disabled_backend,mssql}
=== *** Skipping test case #967 {ejabberd_SUITE,muc_register_master} ***
=== 
=case          ejabberd_SUITE:muc_register_slave
=group_props   [{name,"muc_register"}]
=started       2024-08-23 19:13:38
=result        skipped: {disabled_backend,mssql}
=== *** Skipping test case #968 {ejabberd_SUITE,muc_register_slave} ***
=== 
=case          ejabberd_SUITE:muc_groupchat_msg_master
=group_props   [{name,"muc_groupchat_msg"}]
=started       2024-08-23 19:13:38
=result        skipped: {disabled_backend,mssql}
=== *** Skipping test case #969 {ejabberd_SUITE,muc_groupchat_msg_master} ***
=== 
=case          ejabberd_SUITE:muc_groupchat_msg_slave
=group_props   [{name,"muc_groupchat_msg"}]
=started       2024-08-23 19:13:38
=result        skipped: {disabled_backend,mssql}
=== *** Skipping test case #970 {ejabberd_SUITE,muc_groupchat_msg_slave} ***
=== 
=case          ejabberd_SUITE:muc_private_msg_master
=group_props   [{name,"muc_private_msg"}]
=started       2024-08-23 19:13:38
=result        skipped: {disabled_backend,mssql}
=== *** Skipping test case #971 {ejabberd_SUITE,muc_private_msg_master} ***
=== 
=case          ejabberd_SUITE:muc_private_msg_slave
=group_props   [{name,"muc_private_msg"}]
=started       2024-08-23 19:13:38
=result        skipped: {disabled_backend,mssql}
=== *** Skipping test case #972 {ejabberd_SUITE,muc_private_msg_slave} ***
=== 
=case          ejabberd_SUITE:muc_set_subject_master
=group_props   [{name,"muc_set_subject"}]
=started       2024-08-23 19:13:38
=result        skipped: {disabled_backend,mssql}
=== *** Skipping test case #973 {ejabberd_SUITE,muc_set_subject_master} ***
=== 
=case          ejabberd_SUITE:muc_set_subject_slave
=group_props   [{name,"muc_set_subject"}]
=started       2024-08-23 19:13:38
=result        skipped: {disabled_backend,mssql}
=== *** Skipping test case #974 {ejabberd_SUITE,muc_set_subject_slave} ***
=== 
=case          ejabberd_SUITE:muc_history_master
=group_props   [{name,"muc_history"}]
=started       2024-08-23 19:13:38
=result        skipped: {disabled_backend,mssql}
=== *** Skipping test case #975 {ejabberd_SUITE,muc_history_master} ***
=== 
=case          ejabberd_SUITE:muc_history_slave
=group_props   [{name,"muc_history"}]
=started       2024-08-23 19:13:38
=result        skipped: {disabled_backend,mssql}
=== *** Skipping test case #976 {ejabberd_SUITE,muc_history_slave} ***
=== 
=case          ejabberd_SUITE:muc_invite_master
=group_props   [{name,"muc_invite"}]
=started       2024-08-23 19:13:38
=result        skipped: {disabled_backend,mssql}
=== *** Skipping test case #977 {ejabberd_SUITE,muc_invite_master} ***
=== 
=case          ejabberd_SUITE:muc_invite_slave
=group_props   [{name,"muc_invite"}]
=started       2024-08-23 19:13:38
=result        skipped: {disabled_backend,mssql}
=== *** Skipping test case #978 {ejabberd_SUITE,muc_invite_slave} ***
=== 
=case          ejabberd_SUITE:muc_invite_members_only_master
=group_props   [{name,"muc_invite_members_only"}]
=started       2024-08-23 19:13:38
=result        skipped: {disabled_backend,mssql}
=== *** Skipping test case #979 {ejabberd_SUITE,muc_invite_members_only_master} ***
=== 
=case          ejabberd_SUITE:muc_invite_members_only_slave
=group_props   [{name,"muc_invite_members_only"}]
=started       2024-08-23 19:13:38
=result        skipped: {disabled_backend,mssql}
=== *** Skipping test case #980 {ejabberd_SUITE,muc_invite_members_only_slave} ***
=== 
=case          ejabberd_SUITE:muc_invite_password_protected_master
=group_props   [{name,"muc_invite_password_protected"}]
=started       2024-08-23 19:13:38
=result        skipped: {disabled_backend,mssql}
=== *** Skipping test case #981 {ejabberd_SUITE,muc_invite_password_protected_master} ***
=== 
=case          ejabberd_SUITE:muc_invite_password_protected_slave
=group_props   [{name,"muc_invite_password_protected"}]
=started       2024-08-23 19:13:38
=result        skipped: {disabled_backend,mssql}
=== *** Skipping test case #982 {ejabberd_SUITE,muc_invite_password_protected_slave} ***
=== 
=case          ejabberd_SUITE:muc_voice_request_master
=group_props   [{name,"muc_voice_request"}]
=started       2024-08-23 19:13:38
=result        skipped: {disabled_backend,mssql}
=== *** Skipping test case #983 {ejabberd_SUITE,muc_voice_request_master} ***
=== 
=case          ejabberd_SUITE:muc_voice_request_slave
=group_props   [{name,"muc_voice_request"}]
=started       2024-08-23 19:13:38
=result        skipped: {disabled_backend,mssql}
=== *** Skipping test case #984 {ejabberd_SUITE,muc_voice_request_slave} ***
=== 
=case          ejabberd_SUITE:muc_change_role_master
=group_props   [{name,"muc_change_role"}]
=started       2024-08-23 19:13:38
=result        skipped: {disabled_backend,mssql}
=== *** Skipping test case #985 {ejabberd_SUITE,muc_change_role_master} ***
=== 
=case          ejabberd_SUITE:muc_change_role_slave
=group_props   [{name,"muc_change_role"}]
=started       2024-08-23 19:13:38
=result        skipped: {disabled_backend,mssql}
=== *** Skipping test case #986 {ejabberd_SUITE,muc_change_role_slave} ***
=== 
=case          ejabberd_SUITE:muc_kick_master
=group_props   [{name,"muc_kick"}]
=started       2024-08-23 19:13:38
=result        skipped: {disabled_backend,mssql}
=== *** Skipping test case #987 {ejabberd_SUITE,muc_kick_master} ***
=== 
=case          ejabberd_SUITE:muc_kick_slave
=group_props   [{name,"muc_kick"}]
=started       2024-08-23 19:13:38
=result        skipped: {disabled_backend,mssql}
=== *** Skipping test case #988 {ejabberd_SUITE,muc_kick_slave} ***
=== 
=case          ejabberd_SUITE:muc_change_affiliation_master
=group_props   [{name,"muc_change_affiliation"}]
=started       2024-08-23 19:13:38
=result        skipped: {disabled_backend,mssql}
=== *** Skipping test case #989 {ejabberd_SUITE,muc_change_affiliation_master} ***
=== 
=case          ejabberd_SUITE:muc_change_affiliation_slave
=group_props   [{name,"muc_change_affiliation"}]
=started       2024-08-23 19:13:38
=result        skipped: {disabled_backend,mssql}
=== *** Skipping test case #990 {ejabberd_SUITE,muc_change_affiliation_slave} ***
=== 
=case          ejabberd_SUITE:muc_destroy_master
=group_props   [{name,"muc_destroy"}]
=started       2024-08-23 19:13:38
=result        skipped: {disabled_backend,mssql}
=== *** Skipping test case #991 {ejabberd_SUITE,muc_destroy_master} ***
=== 
=case          ejabberd_SUITE:muc_destroy_slave
=group_props   [{name,"muc_destroy"}]
=started       2024-08-23 19:13:38
=result        skipped: {disabled_backend,mssql}
=== *** Skipping test case #992 {ejabberd_SUITE,muc_destroy_slave} ***
=== 
=case          ejabberd_SUITE:muc_vcard_master
=group_props   [{name,"muc_vcard"}]
=started       2024-08-23 19:13:38
=result        skipped: {disabled_backend,mssql}
=== *** Skipping test case #993 {ejabberd_SUITE,muc_vcard_master} ***
=== 
=case          ejabberd_SUITE:muc_vcard_slave
=group_props   [{name,"muc_vcard"}]
=started       2024-08-23 19:13:38
=result        skipped: {disabled_backend,mssql}
=== *** Skipping test case #994 {ejabberd_SUITE,muc_vcard_slave} ***
=== 
=case          ejabberd_SUITE:muc_nick_change_master
=group_props   [{name,"muc_nick_change"}]
=started       2024-08-23 19:13:38
=result        skipped: {disabled_backend,mssql}
=== *** Skipping test case #995 {ejabberd_SUITE,muc_nick_change_master} ***
=== 
=case          ejabberd_SUITE:muc_nick_change_slave
=group_props   [{name,"muc_nick_change"}]
=started       2024-08-23 19:13:38
=result        skipped: {disabled_backend,mssql}
=== *** Skipping test case #996 {ejabberd_SUITE,muc_nick_change_slave} ***
=== 
=case          ejabberd_SUITE:muc_config_title_desc_master
=group_props   [{name,"muc_config_title_desc"}]
=started       2024-08-23 19:13:38
=result        skipped: {disabled_backend,mssql}
=== *** Skipping test case #997 {ejabberd_SUITE,muc_config_title_desc_master} ***
=== 
=case          ejabberd_SUITE:muc_config_title_desc_slave
=group_props   [{name,"muc_config_title_desc"}]
=started       2024-08-23 19:13:38
=result        skipped: {disabled_backend,mssql}
=== *** Skipping test case #998 {ejabberd_SUITE,muc_config_title_desc_slave} ***
=== 
=case          ejabberd_SUITE:muc_config_public_list_master
=group_props   [{name,"muc_config_public_list"}]
=started       2024-08-23 19:13:38
=result        skipped: {disabled_backend,mssql}
=== *** Skipping test case #999 {ejabberd_SUITE,muc_config_public_list_master} ***
=== 
=case          ejabberd_SUITE:muc_config_public_list_slave
=group_props   [{name,"muc_config_public_list"}]
=started       2024-08-23 19:13:38
=result        skipped: {disabled_backend,mssql}
=== *** Skipping test case #1000 {ejabberd_SUITE,muc_config_public_list_slave} ***
=== 
=case          ejabberd_SUITE:muc_config_password_master
=group_props   [{name,"muc_config_password"}]
=started       2024-08-23 19:13:38
=result        skipped: {disabled_backend,mssql}
=== *** Skipping test case #1001 {ejabberd_SUITE,muc_config_password_master} ***
=== 
=case          ejabberd_SUITE:muc_config_password_slave
=group_props   [{name,"muc_config_password"}]
=started       2024-08-23 19:13:38
=result        skipped: {disabled_backend,mssql}
=== *** Skipping test case #1002 {ejabberd_SUITE,muc_config_password_slave} ***
=== 
=case          ejabberd_SUITE:muc_config_whois_master
=group_props   [{name,"muc_config_whois"}]
=started       2024-08-23 19:13:38
=result        skipped: {disabled_backend,mssql}
=== *** Skipping test case #1003 {ejabberd_SUITE,muc_config_whois_master} ***
=== 
=case          ejabberd_SUITE:muc_config_whois_slave
=group_props   [{name,"muc_config_whois"}]
=started       2024-08-23 19:13:38
=result        skipped: {disabled_backend,mssql}
=== *** Skipping test case #1004 {ejabberd_SUITE,muc_config_whois_slave} ***
=== 
=case          ejabberd_SUITE:muc_config_members_only_master
=group_props   [{name,"muc_config_members_only"}]
=started       2024-08-23 19:13:38
=result        skipped: {disabled_backend,mssql}
=== *** Skipping test case #1005 {ejabberd_SUITE,muc_config_members_only_master} ***
=== 
=case          ejabberd_SUITE:muc_config_members_only_slave
=group_props   [{name,"muc_config_members_only"}]
=started       2024-08-23 19:13:38
=result        skipped: {disabled_backend,mssql}
=== *** Skipping test case #1006 {ejabberd_SUITE,muc_config_members_only_slave} ***
=== 
=case          ejabberd_SUITE:muc_config_moderated_master
=group_props   [{name,"muc_config_moderated"}]
=started       2024-08-23 19:13:38
=result        skipped: {disabled_backend,mssql}
=== *** Skipping test case #1007 {ejabberd_SUITE,muc_config_moderated_master} ***
=== 
=case          ejabberd_SUITE:muc_config_moderated_slave
=group_props   [{name,"muc_config_moderated"}]
=started       2024-08-23 19:13:38
=result        skipped: {disabled_backend,mssql}
=== *** Skipping test case #1008 {ejabberd_SUITE,muc_config_moderated_slave} ***
=== 
=case          ejabberd_SUITE:muc_config_private_messages_master
=group_props   [{name,"muc_config_private_messages"}]
=started       2024-08-23 19:13:38
=result        skipped: {disabled_backend,mssql}
=== *** Skipping test case #1009 {ejabberd_SUITE,muc_config_private_messages_master} ***
=== 
=case          ejabberd_SUITE:muc_config_private_messages_slave
=group_props   [{name,"muc_config_private_messages"}]
=started       2024-08-23 19:13:38
=result        skipped: {disabled_backend,mssql}
=== *** Skipping test case #1010 {ejabberd_SUITE,muc_config_private_messages_slave} ***
=== 
=case          ejabberd_SUITE:muc_config_query_master
=group_props   [{name,"muc_config_query"}]
=started       2024-08-23 19:13:38
=result        skipped: {disabled_backend,mssql}
=== *** Skipping test case #1011 {ejabberd_SUITE,muc_config_query_master} ***
=== 
=case          ejabberd_SUITE:muc_config_query_slave
=group_props   [{name,"muc_config_query"}]
=started       2024-08-23 19:13:38
=result        skipped: {disabled_backend,mssql}
=== *** Skipping test case #1012 {ejabberd_SUITE,muc_config_query_slave} ***
=== 
=case          ejabberd_SUITE:muc_config_allow_invites_master
=group_props   [{name,"muc_config_allow_invites"}]
=started       2024-08-23 19:13:38
=result        skipped: {disabled_backend,mssql}
=== *** Skipping test case #1013 {ejabberd_SUITE,muc_config_allow_invites_master} ***
=== 
=case          ejabberd_SUITE:muc_config_allow_invites_slave
=group_props   [{name,"muc_config_allow_invites"}]
=started       2024-08-23 19:13:38
=result        skipped: {disabled_backend,mssql}
=== *** Skipping test case #1014 {ejabberd_SUITE,muc_config_allow_invites_slave} ***
=== 
=case          ejabberd_SUITE:muc_config_visitor_status_master
=group_props   [{name,"muc_config_visitor_status"}]
=started       2024-08-23 19:13:38
=result        skipped: {disabled_backend,mssql}
=== *** Skipping test case #1015 {ejabberd_SUITE,muc_config_visitor_status_master} ***
=== 
=case          ejabberd_SUITE:muc_config_visitor_status_slave
=group_props   [{name,"muc_config_visitor_status"}]
=started       2024-08-23 19:13:38
=result        skipped: {disabled_backend,mssql}
=== *** Skipping test case #1016 {ejabberd_SUITE,muc_config_visitor_status_slave} ***
=== 
=case          ejabberd_SUITE:muc_config_allow_voice_requests_master
=group_props   [{name,"muc_config_allow_voice_requests"}]
=started       2024-08-23 19:13:38
=result        skipped: {disabled_backend,mssql}
=== *** Skipping test case #1017 {ejabberd_SUITE,muc_config_allow_voice_requests_master} ***
=== 
=case          ejabberd_SUITE:muc_config_allow_voice_requests_slave
=group_props   [{name,"muc_config_allow_voice_requests"}]
=started       2024-08-23 19:13:38
=result        skipped: {disabled_backend,mssql}
=== *** Skipping test case #1018 {ejabberd_SUITE,muc_config_allow_voice_requests_slave} ***
=== 
=case          ejabberd_SUITE:muc_config_voice_request_interval_master
=group_props   [{name,"muc_config_voice_request_interval"}]
=started       2024-08-23 19:13:38
=result        skipped: {disabled_backend,mssql}
=== *** Skipping test case #1019 {ejabberd_SUITE,muc_config_voice_request_interval_master} ***
=== 
=case          ejabberd_SUITE:muc_config_voice_request_interval_slave
=group_props   [{name,"muc_config_voice_request_interval"}]
=started       2024-08-23 19:13:38
=result        skipped: {disabled_backend,mssql}
=== *** Skipping test case #1020 {ejabberd_SUITE,muc_config_voice_request_interval_slave} ***
=== 
=case          ejabberd_SUITE:muc_config_visitor_nickchange_master
=group_props   [{name,"muc_config_visitor_nickchange"}]
=started       2024-08-23 19:13:38
=result        skipped: {disabled_backend,mssql}
=== *** Skipping test case #1021 {ejabberd_SUITE,muc_config_visitor_nickchange_master} ***
=== 
=case          ejabberd_SUITE:muc_config_visitor_nickchange_slave
=group_props   [{name,"muc_config_visitor_nickchange"}]
=started       2024-08-23 19:13:38
=result        skipped: {disabled_backend,mssql}
=== *** Skipping test case #1022 {ejabberd_SUITE,muc_config_visitor_nickchange_slave} ***
=== 
=case          ejabberd_SUITE:muc_join_conflict_master
=group_props   [{name,"muc_join_conflict"}]
=started       2024-08-23 19:13:38
=result        skipped: {disabled_backend,mssql}
=== *** Skipping test case #1023 {ejabberd_SUITE,muc_join_conflict_master} ***
=== 
=case          ejabberd_SUITE:muc_join_conflict_slave
=group_props   [{name,"muc_join_conflict"}]
=started       2024-08-23 19:13:38
=result        skipped: {disabled_backend,mssql}
=== *** Skipping test case #1024 {ejabberd_SUITE,muc_join_conflict_slave} ***
=== 
=case          ejabberd_SUITE:privacy_deny_bare_jid_master
=group_props   [{name,"privacy_deny_bare_jid"}]
=started       2024-08-23 19:13:38
=result        skipped: {disabled_backend,mssql}
=== *** Skipping test case #1025 {ejabberd_SUITE,privacy_deny_bare_jid_master} ***
=== 
=case          ejabberd_SUITE:privacy_deny_bare_jid_slave
=group_props   [{name,"privacy_deny_bare_jid"}]
=started       2024-08-23 19:13:38
=result        skipped: {disabled_backend,mssql}
=== *** Skipping test case #1026 {ejabberd_SUITE,privacy_deny_bare_jid_slave} ***
=== 
=case          ejabberd_SUITE:privacy_deny_full_jid_master
=group_props   [{name,"privacy_deny_full_jid"}]
=started       2024-08-23 19:13:38
=result        skipped: {disabled_backend,mssql}
=== *** Skipping test case #1027 {ejabberd_SUITE,privacy_deny_full_jid_master} ***
=== 
=case          ejabberd_SUITE:privacy_deny_full_jid_slave
=group_props   [{name,"privacy_deny_full_jid"}]
=started       2024-08-23 19:13:38
=result        skipped: {disabled_backend,mssql}
=== *** Skipping test case #1028 {ejabberd_SUITE,privacy_deny_full_jid_slave} ***
=== 
=case          ejabberd_SUITE:privacy_deny_server_bare_jid_master
=group_props   [{name,"privacy_deny_server_bare_jid"}]
=started       2024-08-23 19:13:38
=result        skipped: {disabled_backend,mssql}
=== *** Skipping test case #1029 {ejabberd_SUITE,privacy_deny_server_bare_jid_master} ***
=== 
=case          ejabberd_SUITE:privacy_deny_server_bare_jid_slave
=group_props   [{name,"privacy_deny_server_bare_jid"}]
=started       2024-08-23 19:13:38
=result        skipped: {disabled_backend,mssql}
=== *** Skipping test case #1030 {ejabberd_SUITE,privacy_deny_server_bare_jid_slave} ***
=== 
=case          ejabberd_SUITE:privacy_deny_server_full_jid_master
=group_props   [{name,"privacy_deny_server_full_jid"}]
=started       2024-08-23 19:13:38
=result        skipped: {disabled_backend,mssql}
=== *** Skipping test case #1031 {ejabberd_SUITE,privacy_deny_server_full_jid_master} ***
=== 
=case          ejabberd_SUITE:privacy_deny_server_full_jid_slave
=group_props   [{name,"privacy_deny_server_full_jid"}]
=started       2024-08-23 19:13:38
=result        skipped: {disabled_backend,mssql}
=== *** Skipping test case #1032 {ejabberd_SUITE,privacy_deny_server_full_jid_slave} ***
=== 
=case          ejabberd_SUITE:privacy_deny_group_master
=group_props   [{name,"privacy_deny_group"}]
=started       2024-08-23 19:13:38
=result        skipped: {disabled_backend,mssql}
=== *** Skipping test case #1033 {ejabberd_SUITE,privacy_deny_group_master} ***
=== 
=case          ejabberd_SUITE:privacy_deny_group_slave
=group_props   [{name,"privacy_deny_group"}]
=started       2024-08-23 19:13:38
=result        skipped: {disabled_backend,mssql}
=== *** Skipping test case #1034 {ejabberd_SUITE,privacy_deny_group_slave} ***
=== 
=case          ejabberd_SUITE:privacy_deny_sub_both_master
=group_props   [{name,"privacy_deny_sub_both"}]
=started       2024-08-23 19:13:38
=result        skipped: {disabled_backend,mssql}
=== *** Skipping test case #1035 {ejabberd_SUITE,privacy_deny_sub_both_master} ***
=== 
=case          ejabberd_SUITE:privacy_deny_sub_both_slave
=group_props   [{name,"privacy_deny_sub_both"}]
=started       2024-08-23 19:13:38
=result        skipped: {disabled_backend,mssql}
=== *** Skipping test case #1036 {ejabberd_SUITE,privacy_deny_sub_both_slave} ***
=== 
=case          ejabberd_SUITE:privacy_deny_sub_from_master
=group_props   [{name,"privacy_deny_sub_from"}]
=started       2024-08-23 19:13:38
=result        skipped: {disabled_backend,mssql}
=== *** Skipping test case #1037 {ejabberd_SUITE,privacy_deny_sub_from_master} ***
=== 
=case          ejabberd_SUITE:privacy_deny_sub_from_slave
=group_props   [{name,"privacy_deny_sub_from"}]
=started       2024-08-23 19:13:38
=result        skipped: {disabled_backend,mssql}
=== *** Skipping test case #1038 {ejabberd_SUITE,privacy_deny_sub_from_slave} ***
=== 
=case          ejabberd_SUITE:privacy_deny_sub_to_master
=group_props   [{name,"privacy_deny_sub_to"}]
=started       2024-08-23 19:13:38
=result        skipped: {disabled_backend,mssql}
=== *** Skipping test case #1039 {ejabberd_SUITE,privacy_deny_sub_to_master} ***
=== 
=case          ejabberd_SUITE:privacy_deny_sub_to_slave
=group_props   [{name,"privacy_deny_sub_to"}]
=started       2024-08-23 19:13:38
=result        skipped: {disabled_backend,mssql}
=== *** Skipping test case #1040 {ejabberd_SUITE,privacy_deny_sub_to_slave} ***
=== 
=case          ejabberd_SUITE:privacy_deny_sub_none_master
=group_props   [{name,"privacy_deny_sub_none"}]
=started       2024-08-23 19:13:38
=result        skipped: {disabled_backend,mssql}
=== *** Skipping test case #1041 {ejabberd_SUITE,privacy_deny_sub_none_master} ***
=== 
=case          ejabberd_SUITE:privacy_deny_sub_none_slave
=group_props   [{name,"privacy_deny_sub_none"}]
=started       2024-08-23 19:13:38
=result        skipped: {disabled_backend,mssql}
=== *** Skipping test case #1042 {ejabberd_SUITE,privacy_deny_sub_none_slave} ***
=== 
=case          ejabberd_SUITE:privacy_deny_all_master
=group_props   [{name,"privacy_deny_all"}]
=started       2024-08-23 19:13:38
=result        skipped: {disabled_backend,mssql}
=== *** Skipping test case #1043 {ejabberd_SUITE,privacy_deny_all_master} ***
=== 
=case          ejabberd_SUITE:privacy_deny_all_slave
=group_props   [{name,"privacy_deny_all"}]
=started       2024-08-23 19:13:38
=result        skipped: {disabled_backend,mssql}
=== *** Skipping test case #1044 {ejabberd_SUITE,privacy_deny_all_slave} ***
=== 
=case          ejabberd_SUITE:privacy_deny_offline_master
=group_props   [{name,"privacy_deny_offline"}]
=started       2024-08-23 19:13:38
=result        skipped: {disabled_backend,mssql}
=== *** Skipping test case #1045 {ejabberd_SUITE,privacy_deny_offline_master} ***
=== 
=case          ejabberd_SUITE:privacy_deny_offline_slave
=group_props   [{name,"privacy_deny_offline"}]
=started       2024-08-23 19:13:38
=result        skipped: {disabled_backend,mssql}
=== *** Skipping test case #1046 {ejabberd_SUITE,privacy_deny_offline_slave} ***
=== 
=case          ejabberd_SUITE:privacy_block_master
=group_props   [{name,"privacy_block"}]
=started       2024-08-23 19:13:38
=result        skipped: {disabled_backend,mssql}
=== *** Skipping test case #1047 {ejabberd_SUITE,privacy_block_master} ***
=== 
=case          ejabberd_SUITE:privacy_block_slave
=group_props   [{name,"privacy_block"}]
=started       2024-08-23 19:13:38
=result        skipped: {disabled_backend,mssql}
=== *** Skipping test case #1048 {ejabberd_SUITE,privacy_block_slave} ***
=== 
=case          ejabberd_SUITE:privacy_unblock_master
=group_props   [{name,"privacy_unblock"}]
=started       2024-08-23 19:13:38
=result        skipped: {disabled_backend,mssql}
=== *** Skipping test case #1049 {ejabberd_SUITE,privacy_unblock_master} ***
=== 
=case          ejabberd_SUITE:privacy_unblock_slave
=group_props   [{name,"privacy_unblock"}]
=started       2024-08-23 19:13:38
=result        skipped: {disabled_backend,mssql}
=== *** Skipping test case #1050 {ejabberd_SUITE,privacy_unblock_slave} ***
=== 
=case          ejabberd_SUITE:privacy_unblock_all_master
=group_props   [{name,"privacy_unblock_all"}]
=started       2024-08-23 19:13:38
=result        skipped: {disabled_backend,mssql}
=== *** Skipping test case #1051 {ejabberd_SUITE,privacy_unblock_all_master} ***
=== 
=case          ejabberd_SUITE:privacy_unblock_all_slave
=group_props   [{name,"privacy_unblock_all"}]
=started       2024-08-23 19:13:38
=result        skipped: {disabled_backend,mssql}
=== *** Skipping test case #1052 {ejabberd_SUITE,privacy_unblock_all_slave} ***
=== 
=case          ejabberd_SUITE:pubsub_publish_master
=group_props   [{name,"pubsub_publish"}]
=started       2024-08-23 19:13:38
=result        skipped: {disabled_backend,mssql}
=== *** Skipping test case #1053 {ejabberd_SUITE,pubsub_publish_master} ***
=== 
=case          ejabberd_SUITE:pubsub_publish_slave
=group_props   [{name,"pubsub_publish"}]
=started       2024-08-23 19:13:38
=result        skipped: {disabled_backend,mssql}
=== *** Skipping test case #1054 {ejabberd_SUITE,pubsub_publish_slave} ***
=== 
=case          ejabberd_SUITE:pubsub_subscriptions_master
=group_props   [{name,"pubsub_subscriptions"}]
=started       2024-08-23 19:13:38
=result        skipped: {disabled_backend,mssql}
=== *** Skipping test case #1055 {ejabberd_SUITE,pubsub_subscriptions_master} ***
=== 
=case          ejabberd_SUITE:pubsub_subscriptions_slave
=group_props   [{name,"pubsub_subscriptions"}]
=started       2024-08-23 19:13:38
=result        skipped: {disabled_backend,mssql}
=== *** Skipping test case #1056 {ejabberd_SUITE,pubsub_subscriptions_slave} ***
=== 
=case          ejabberd_SUITE:pubsub_affiliations_master
=group_props   [{name,"pubsub_affiliations"}]
=started       2024-08-23 19:13:38
=result        skipped: {disabled_backend,mssql}
=== *** Skipping test case #1057 {ejabberd_SUITE,pubsub_affiliations_master} ***
=== 
=case          ejabberd_SUITE:pubsub_affiliations_slave
=group_props   [{name,"pubsub_affiliations"}]
=started       2024-08-23 19:13:38
=result        skipped: {disabled_backend,mssql}
=== *** Skipping test case #1058 {ejabberd_SUITE,pubsub_affiliations_slave} ***
=== 
=case          ejabberd_SUITE:pubsub_authorize_master
=group_props   [{name,"pubsub_authorize"}]
=started       2024-08-23 19:13:38
=result        skipped: {disabled_backend,mssql}
=== *** Skipping test case #1059 {ejabberd_SUITE,pubsub_authorize_master} ***
=== 
=case          ejabberd_SUITE:pubsub_authorize_slave
=group_props   [{name,"pubsub_authorize"}]
=started       2024-08-23 19:13:38
=result        skipped: {disabled_backend,mssql}
=== *** Skipping test case #1060 {ejabberd_SUITE,pubsub_authorize_slave} ***
=== 
=case          ejabberd_SUITE:roster_subscribe_master
=group_props   [{name,"roster_subscribe"}]
=started       2024-08-23 19:13:38
=result        skipped: {disabled_backend,mssql}
=== *** Skipping test case #1061 {ejabberd_SUITE,roster_subscribe_master} ***
=== 
=case          ejabberd_SUITE:roster_subscribe_slave
=group_props   [{name,"roster_subscribe"}]
=started       2024-08-23 19:13:38
=result        skipped: {disabled_backend,mssql}
=== *** Skipping test case #1062 {ejabberd_SUITE,roster_subscribe_slave} ***
=== 
=case          ejabberd_SUITE:offline_flex_master
=group_props   [{name,"offline_flex"}]
=started       2024-08-23 19:13:38
=result        skipped: {disabled_backend,mssql}
=== *** Skipping test case #1063 {ejabberd_SUITE,offline_flex_master} ***
=== 
=case          ejabberd_SUITE:offline_flex_slave
=group_props   [{name,"offline_flex"}]
=started       2024-08-23 19:13:38
=result        skipped: {disabled_backend,mssql}
=== *** Skipping test case #1064 {ejabberd_SUITE,offline_flex_slave} ***
=== 
=case          ejabberd_SUITE:offline_send_all_master
=group_props   [{name,"offline_send_all"}]
=started       2024-08-23 19:13:38
=result        skipped: {disabled_backend,mssql}
=== *** Skipping test case #1065 {ejabberd_SUITE,offline_send_all_master} ***
=== 
=case          ejabberd_SUITE:offline_send_all_slave
=group_props   [{name,"offline_send_all"}]
=started       2024-08-23 19:13:38
=result        skipped: {disabled_backend,mssql}
=== *** Skipping test case #1066 {ejabberd_SUITE,offline_send_all_slave} ***
=== 
=case          ejabberd_SUITE:offline_from_mam_master
=group_props   [{name,"offline_from_mam"}]
=started       2024-08-23 19:13:38
=result        skipped: {disabled_backend,mssql}
=== *** Skipping test case #1067 {ejabberd_SUITE,offline_from_mam_master} ***
=== 
=case          ejabberd_SUITE:offline_from_mam_slave
=group_props   [{name,"offline_from_mam"}]
=started       2024-08-23 19:13:38
=result        skipped: {disabled_backend,mssql}
=== *** Skipping test case #1068 {ejabberd_SUITE,offline_from_mam_slave} ***
=== 
=case          ejabberd_SUITE:offline_mucsub_mam_master
=group_props   [{name,"offline_mucsub_mam"}]
=started       2024-08-23 19:13:38
=result        skipped: {disabled_backend,mssql}
=== *** Skipping test case #1069 {ejabberd_SUITE,offline_mucsub_mam_master} ***
=== 
=case          ejabberd_SUITE:offline_mucsub_mam_slave
=group_props   [{name,"offline_mucsub_mam"}]
=started       2024-08-23 19:13:38
=result        skipped: {disabled_backend,mssql}
=== *** Skipping test case #1070 {ejabberd_SUITE,offline_mucsub_mam_slave} ***
=== 
=case          ejabberd_SUITE:mam_archived_and_stanza_id_master
=group_props   [{name,"mam_archived_and_stanza_id"}]
=started       2024-08-23 19:13:38
=result        skipped: {disabled_backend,mssql}
=== *** Skipping test case #1071 {ejabberd_SUITE,mam_archived_and_stanza_id_master} ***
=== 
=case          ejabberd_SUITE:mam_archived_and_stanza_id_slave
=group_props   [{name,"mam_archived_and_stanza_id"}]
=started       2024-08-23 19:13:38
=result        skipped: {disabled_backend,mssql}
=== *** Skipping test case #1072 {ejabberd_SUITE,mam_archived_and_stanza_id_slave} ***
=== 
=case          ejabberd_SUITE:mam_query_all_master
=group_props   [{name,"mam_query_all"}]
=started       2024-08-23 19:13:38
=result        skipped: {disabled_backend,mssql}
=== *** Skipping test case #1073 {ejabberd_SUITE,mam_query_all_master} ***
=== 
=case          ejabberd_SUITE:mam_query_all_slave
=group_props   [{name,"mam_query_all"}]
=started       2024-08-23 19:13:38
=result        skipped: {disabled_backend,mssql}
=== *** Skipping test case #1074 {ejabberd_SUITE,mam_query_all_slave} ***
=== 
=case          ejabberd_SUITE:mam_query_with_master
=group_props   [{name,"mam_query_with"}]
=started       2024-08-23 19:13:38
=result        skipped: {disabled_backend,mssql}
=== *** Skipping test case #1075 {ejabberd_SUITE,mam_query_with_master} ***
=== 
=case          ejabberd_SUITE:mam_query_with_slave
=group_props   [{name,"mam_query_with"}]
=started       2024-08-23 19:13:38
=result        skipped: {disabled_backend,mssql}
=== *** Skipping test case #1076 {ejabberd_SUITE,mam_query_with_slave} ***
=== 
=case          ejabberd_SUITE:mam_query_rsm_max_master
=group_props   [{name,"mam_query_rsm_max"}]
=started       2024-08-23 19:13:38
=result        skipped: {disabled_backend,mssql}
=== *** Skipping test case #1077 {ejabberd_SUITE,mam_query_rsm_max_master} ***
=== 
=case          ejabberd_SUITE:mam_query_rsm_max_slave
=group_props   [{name,"mam_query_rsm_max"}]
=started       2024-08-23 19:13:38
=result        skipped: {disabled_backend,mssql}
=== *** Skipping test case #1078 {ejabberd_SUITE,mam_query_rsm_max_slave} ***
=== 
=case          ejabberd_SUITE:mam_query_rsm_after_master
=group_props   [{name,"mam_query_rsm_after"}]
=started       2024-08-23 19:13:38
=result        skipped: {disabled_backend,mssql}
=== *** Skipping test case #1079 {ejabberd_SUITE,mam_query_rsm_after_master} ***
=== 
=case          ejabberd_SUITE:mam_query_rsm_after_slave
=group_props   [{name,"mam_query_rsm_after"}]
=started       2024-08-23 19:13:38
=result        skipped: {disabled_backend,mssql}
=== *** Skipping test case #1080 {ejabberd_SUITE,mam_query_rsm_after_slave} ***
=== 
=case          ejabberd_SUITE:mam_query_rsm_before_master
=group_props   [{name,"mam_query_rsm_before"}]
=started       2024-08-23 19:13:38
=result        skipped: {disabled_backend,mssql}
=== *** Skipping test case #1081 {ejabberd_SUITE,mam_query_rsm_before_master} ***
=== 
=case          ejabberd_SUITE:mam_query_rsm_before_slave
=group_props   [{name,"mam_query_rsm_before"}]
=started       2024-08-23 19:13:38
=result        skipped: {disabled_backend,mssql}
=== *** Skipping test case #1082 {ejabberd_SUITE,mam_query_rsm_before_slave} ***
=== 
=case          ejabberd_SUITE:mam_muc_master
=group_props   [{name,"mam_muc"}]
=started       2024-08-23 19:13:38
=result        skipped: {disabled_backend,mssql}
=== *** Skipping test case #1083 {ejabberd_SUITE,mam_muc_master} ***
=== 
=case          ejabberd_SUITE:mam_muc_slave
=group_props   [{name,"mam_muc"}]
=started       2024-08-23 19:13:38
=result        skipped: {disabled_backend,mssql}
=== *** Skipping test case #1084 {ejabberd_SUITE,mam_muc_slave} ***
=== 
=case          ejabberd_SUITE:mam_mucsub_master
=group_props   [{name,"mam_mucsub"}]
=started       2024-08-23 19:13:38
=result        skipped: {disabled_backend,mssql}
=== *** Skipping test case #1085 {ejabberd_SUITE,mam_mucsub_master} ***
=== 
=case          ejabberd_SUITE:mam_mucsub_slave
=group_props   [{name,"mam_mucsub"}]
=started       2024-08-23 19:13:38
=result        skipped: {disabled_backend,mssql}
=== *** Skipping test case #1086 {ejabberd_SUITE,mam_mucsub_slave} ***
=== 
=case          ejabberd_SUITE:mam_mucsub_from_muc_master
=group_props   [{name,"mam_mucsub_from_muc"}]
=started       2024-08-23 19:13:38
=result        skipped: {disabled_backend,mssql}
=== *** Skipping test case #1087 {ejabberd_SUITE,mam_mucsub_from_muc_master} ***
=== 
=case          ejabberd_SUITE:mam_mucsub_from_muc_slave
=group_props   [{name,"mam_mucsub_from_muc"}]
=started       2024-08-23 19:13:38
=result        skipped: {disabled_backend,mssql}
=== *** Skipping test case #1088 {ejabberd_SUITE,mam_mucsub_from_muc_slave} ***
=== 
=case          ejabberd_SUITE:mam_mucsub_from_muc_non_persistent_master
=group_props   [{name,"mam_mucsub_from_muc_non_persistent"}]
=started       2024-08-23 19:13:38
=result        skipped: {disabled_backend,mssql}
=== *** Skipping test case #1089 {ejabberd_SUITE,mam_mucsub_from_muc_non_persistent_master} ***
=== 
=case          ejabberd_SUITE:mam_mucsub_from_muc_non_persistent_slave
=group_props   [{name,"mam_mucsub_from_muc_non_persistent"}]
=started       2024-08-23 19:13:38
=result        skipped: {disabled_backend,mssql}
=== *** Skipping test case #1090 {ejabberd_SUITE,mam_mucsub_from_muc_non_persistent_slave} ***
=== 
=case          ejabberd_SUITE:announce_set_motd_master
=group_props   [{name,"announce_set_motd"}]
=started       2024-08-23 19:13:38
=result        skipped: {disabled_backend,mssql}
=== *** Skipping test case #1091 {ejabberd_SUITE,announce_set_motd_master} ***
=== 
=case          ejabberd_SUITE:announce_set_motd_slave
=group_props   [{name,"announce_set_motd"}]
=started       2024-08-23 19:13:38
=result        skipped: {disabled_backend,mssql}
=== *** Skipping test case #1092 {ejabberd_SUITE,announce_set_motd_slave} ***
=== 
=case          ejabberd_SUITE:push_sm_master
=group_props   [{name,"push_sm"}]
=started       2024-08-23 19:13:38
=result        skipped: {disabled_backend,mssql}
=== *** Skipping test case #1093 {ejabberd_SUITE,push_sm_master} ***
=== 
=case          ejabberd_SUITE:push_sm_slave
=group_props   [{name,"push_sm"}]
=started       2024-08-23 19:13:38
=result        skipped: {disabled_backend,mssql}
=== *** Skipping test case #1094 {ejabberd_SUITE,push_sm_slave} ***
=== 
=case          ejabberd_SUITE:push_offline_master
=group_props   [{name,"push_offline"}]
=started       2024-08-23 19:13:38
=result        skipped: {disabled_backend,mssql}
=== *** Skipping test case #1095 {ejabberd_SUITE,push_offline_master} ***
=== 
=case          ejabberd_SUITE:push_offline_slave
=group_props   [{name,"push_offline"}]
=started       2024-08-23 19:13:38
=result        skipped: {disabled_backend,mssql}
=== *** Skipping test case #1096 {ejabberd_SUITE,push_offline_slave} ***
=== 
=case          ejabberd_SUITE:push_mam_master
=group_props   [{name,"push_mam"}]
=started       2024-08-23 19:13:38
=result        skipped: {disabled_backend,mssql}
=== *** Skipping test case #1097 {ejabberd_SUITE,push_mam_master} ***
=== 
=case          ejabberd_SUITE:push_mam_slave
=group_props   [{name,"push_mam"}]
=started       2024-08-23 19:13:38
=result        skipped: {disabled_backend,mssql}
=== *** Skipping test case #1098 {ejabberd_SUITE,push_mam_slave} ***
=== 
=case          ejabberd_SUITE:end_per_group
=group_props   [{name,"mssql"}]
=started       2024-08-23 19:13:38
=result        skipped: {disabled_backend,mssql}
=== *** Skipping {ejabberd_SUITE,end_per_group} ***
=case          ejabberd_SUITE:init_per_group
=logfile       ejabberd_suite.init_per_group.39522.html
=group_props   [{name,pgsql},sequence]
=started       2024-08-23 19:13:38
=ended         2024-08-23 19:13:38
=result        ok
=elapsed       0.044627
=case          ejabberd_SUITE:init_per_group
=logfile       ejabberd_suite.init_per_group.39554.html
=group_props   [{name,single_user},sequence]
=started       2024-08-23 19:13:38
=ended         2024-08-23 19:13:38
=result        ok
=elapsed       9.0e-6
=case          ejabberd_SUITE:test_register
=logfile       ejabberd_suite.test_register.39586.html
=started       2024-08-23 19:13:38
=ended         2024-08-23 19:13:39
=result        ok
=elapsed       0.355176
=case          ejabberd_SUITE:init_per_group
=logfile       ejabberd_suite.init_per_group.39650.html
=group_props   [{name,legacy_auth},parallel]
=started       2024-08-23 19:13:39
=ended         2024-08-23 19:13:39
=result        ok
=elapsed       3.0e-6
=case          ejabberd_SUITE:test_legacy_auth_feature
=logfile       ejabberd_suite.test_legacy_auth_feature.39682.html
=started       2024-08-23 19:13:39
=ended         2024-08-23 19:13:39
=result        ok
=elapsed       6.59e-4
=case          ejabberd_SUITE:test_legacy_auth
=logfile       ejabberd_suite.test_legacy_auth.39714.html
=started       2024-08-23 19:13:39
=ended         2024-08-23 19:13:39
=result        ok
=elapsed       0.28041
=case          ejabberd_SUITE:test_legacy_auth_digest
=logfile       ejabberd_suite.test_legacy_auth_digest.39810.html
=started       2024-08-23 19:13:39
=ended         2024-08-23 19:13:39
=result        ok
=elapsed       0.279173
=case          ejabberd_SUITE:test_legacy_auth_no_resource
=logfile       ejabberd_suite.test_legacy_auth_no_resource.39778.html
=started       2024-08-23 19:13:39
=ended         2024-08-23 19:13:39
=result        ok
=elapsed       0.001924
=case          ejabberd_SUITE:test_legacy_auth_bad_jid
=logfile       ejabberd_suite.test_legacy_auth_bad_jid.39746.html
=started       2024-08-23 19:13:39
=ended         2024-08-23 19:13:39
=result        ok
=elapsed       0.00142
=case          ejabberd_SUITE:test_legacy_auth_fail
=logfile       ejabberd_suite.test_legacy_auth_fail.39842.html
=started       2024-08-23 19:13:39
=ended         2024-08-23 19:13:39
=result        ok
=elapsed       0.089273
=case          ejabberd_SUITE:end_per_group
=logfile       ejabberd_suite.end_per_group.40002.html
=group_props   [{name,legacy_auth},parallel]
=started       2024-08-23 19:13:39
=ended         2024-08-23 19:13:39
=result        ok
=elapsed       2.0e-6
=group_time    0.345s
=case          ejabberd_SUITE:auth_plain
=logfile       ejabberd_suite.auth_plain.40034.html
=started       2024-08-23 19:13:39
=ended         2024-08-23 19:13:39
=result        ok
=elapsed       0.001545
=case          ejabberd_SUITE:auth_md5
=logfile       ejabberd_suite.auth_md5.40066.html
=started       2024-08-23 19:13:39
=ended         2024-08-23 19:13:39
=result        ok
=elapsed       0.001962
=case          ejabberd_SUITE:presence_broadcast
=logfile       ejabberd_suite.presence_broadcast.40130.html
=started       2024-08-23 19:13:39
=ended         2024-08-23 19:13:40
=result        ok
=elapsed       0.648747
=case          ejabberd_SUITE:last
=logfile       ejabberd_suite.last.40162.html
=started       2024-08-23 19:13:40
=ended         2024-08-23 19:13:40
=result        ok
=elapsed       0.103507
=case          ejabberd_SUITE:init_per_group
=logfile       ejabberd_suite.init_per_group.40226.html
=group_props   [{name,webadmin_single},sequence]
=started       2024-08-23 19:13:40
=ended         2024-08-23 19:13:40
=result        ok
=elapsed       3.0e-6
=case          ejabberd_SUITE:webadmin_login_page
=logfile       ejabberd_suite.webadmin_login_page.40258.html
=started       2024-08-23 19:13:40
=ended         2024-08-23 19:13:40
=result        ok
=elapsed       3.34e-4
=case          ejabberd_SUITE:webadmin_welcome_page
=logfile       ejabberd_suite.webadmin_welcome_page.40290.html
=started       2024-08-23 19:13:40
=ended         2024-08-23 19:13:40
=result        ok
=elapsed       0.002671
=case          ejabberd_SUITE:webadmin_user_page
=logfile       ejabberd_suite.webadmin_user_page.40322.html
=started       2024-08-23 19:13:40
=ended         2024-08-23 19:13:40
=result        ok
=elapsed       0.046109
=case          ejabberd_SUITE:webadmin_adduser
=logfile       ejabberd_suite.webadmin_adduser.40354.html
=started       2024-08-23 19:13:40
=ended         2024-08-23 19:13:40
=result        ok
=elapsed       0.049368
=case          ejabberd_SUITE:webadmin_changepassword
=logfile       ejabberd_suite.webadmin_changepassword.40386.html
=started       2024-08-23 19:13:40
=ended         2024-08-23 19:13:40
=result        ok
=elapsed       0.045842
=case          ejabberd_SUITE:webadmin_removeuser
=logfile       ejabberd_suite.webadmin_removeuser.40418.html
=started       2024-08-23 19:13:40
=ended         2024-08-23 19:13:41
=result        ok
=elapsed       0.750383
=case          ejabberd_SUITE:end_per_group
=logfile       ejabberd_suite.end_per_group.40450.html
=group_props   [{name,webadmin_single},sequence]
=started       2024-08-23 19:13:41
=ended         2024-08-23 19:13:41
=result        ok
=elapsed       3.0e-6
=group_time    1.071s
=case          ejabberd_SUITE:init_per_group
=logfile       ejabberd_suite.init_per_group.40482.html
=group_props   [{name,roster_single},sequence]
=started       2024-08-23 19:13:41
=ended         2024-08-23 19:13:41
=result        ok
=elapsed       3.0e-6
=case          ejabberd_SUITE:roster_feature_enabled
=logfile       ejabberd_suite.roster_feature_enabled.40514.html
=started       2024-08-23 19:13:41
=ended         2024-08-23 19:13:41
=result        ok
=elapsed       0.10221
=case          ejabberd_SUITE:roster_iq_set_many_items
=logfile       ejabberd_suite.roster_iq_set_many_items.40578.html
=started       2024-08-23 19:13:41
=ended         2024-08-23 19:13:42
=result        ok
=elapsed       0.103099
=case          ejabberd_SUITE:roster_iq_set_duplicated_groups
=logfile       ejabberd_suite.roster_iq_set_duplicated_groups.40610.html
=started       2024-08-23 19:13:42
=ended         2024-08-23 19:13:42
=result        ok
=elapsed       0.102865
=case          ejabberd_SUITE:roster_iq_get_item
=logfile       ejabberd_suite.roster_iq_get_item.40706.html
=started       2024-08-23 19:13:42
=ended         2024-08-23 19:13:42
=result        ok
=elapsed       0.102989
=case          ejabberd_SUITE:roster_iq_unexpected_element
=logfile       ejabberd_suite.roster_iq_unexpected_element.40738.html
=started       2024-08-23 19:13:42
=ended         2024-08-23 19:13:42
=result        ok
=elapsed       0.1035
=case          ejabberd_SUITE:roster_iq_set_ask
=logfile       ejabberd_suite.roster_iq_set_ask.40770.html
=started       2024-08-23 19:13:42
=ended         2024-08-23 19:13:42
=result        ok
=elapsed       0.10317
=case          ejabberd_SUITE:roster_set_item
=logfile       ejabberd_suite.roster_set_item.40834.html
=started       2024-08-23 19:13:42
=ended         2024-08-23 19:13:43
=result        ok
=elapsed       0.548918
=case          ejabberd_SUITE:roster_version
=logfile       ejabberd_suite.roster_version.40930.html
=started       2024-08-23 19:13:43
=ended         2024-08-23 19:13:43
=result        ok
=elapsed       0.152718
=case          ejabberd_SUITE:end_per_group
=logfile       ejabberd_suite.end_per_group.41058.html
=group_props   [{name,roster_single},sequence]
=started       2024-08-23 19:13:43
=ended         2024-08-23 19:13:43
=result        ok
=elapsed       2.0e-6
=group_time    1.591s
=case          ejabberd_SUITE:init_per_group
=logfile       ejabberd_suite.init_per_group.41090.html
=group_props   [{name,private_single},sequence]
=started       2024-08-23 19:13:43
=ended         2024-08-23 19:13:43
=result        ok
=elapsed       2.0e-6
=case          ejabberd_SUITE:private_test_features
=logfile       ejabberd_suite.private_test_features.41122.html
=started       2024-08-23 19:13:43
=ended         2024-08-23 19:13:43
=result        ok
=elapsed       0.102908
=case          ejabberd_SUITE:private_test_no_namespace
=logfile       ejabberd_suite.private_test_no_namespace.41218.html
=started       2024-08-23 19:13:43
=ended         2024-08-23 19:13:43
=result        ok
=elapsed       0.102761
=case          ejabberd_SUITE:private_test_set_get
=logfile       ejabberd_suite.private_test_set_get.41314.html
=started       2024-08-23 19:13:43
=ended         2024-08-23 19:13:44
=result        ok
=elapsed       0.703351
=case          ejabberd_SUITE:private_test_published
=logfile       ejabberd_suite.private_test_published.41378.html
=started       2024-08-23 19:13:44
=ended         2024-08-23 19:13:44
=result        ok
=elapsed       0.28163
=case          ejabberd_SUITE:end_per_group
=logfile       ejabberd_suite.end_per_group.41442.html
=group_props   [{name,private_single},sequence]
=started       2024-08-23 19:13:44
=ended         2024-08-23 19:13:44
=result        ok
=elapsed       2.0e-6
=group_time    1.333s
=case          ejabberd_SUITE:init_per_group
=logfile       ejabberd_suite.init_per_group.41474.html
=group_props   [{name,privacy_single},sequence]
=started       2024-08-23 19:13:44
=ended         2024-08-23 19:13:44
=result        ok
=elapsed       3.0e-6
=case          ejabberd_SUITE:privacy_feature_enabled
=logfile       ejabberd_suite.privacy_feature_enabled.41506.html
=started       2024-08-23 19:13:44
=ended         2024-08-23 19:13:44
=result        ok
=elapsed       0.103151
=case          ejabberd_SUITE:privacy_set_get_list
=logfile       ejabberd_suite.privacy_set_get_list.41570.html
=started       2024-08-23 19:13:44
=ended         2024-08-23 19:13:45
=result        ok
=elapsed       0.281858
=case          ejabberd_SUITE:privacy_get_list_non_existent
=logfile       ejabberd_suite.privacy_get_list_non_existent.41602.html
=started       2024-08-23 19:13:45
=ended         2024-08-23 19:13:45
=result        ok
=elapsed       0.103935
=case          ejabberd_SUITE:privacy_get_empty_lists
=logfile       ejabberd_suite.privacy_get_empty_lists.41634.html
=started       2024-08-23 19:13:45
=ended         2024-08-23 19:13:45
=result        ok
=elapsed       0.103264
=case          ejabberd_SUITE:privacy_set_default
=logfile       ejabberd_suite.privacy_set_default.41666.html
=started       2024-08-23 19:13:45
=ended         2024-08-23 19:13:45
=result        ok
=elapsed       0.196226
=case          ejabberd_SUITE:privacy_del_default
=logfile       ejabberd_suite.privacy_del_default.41730.html
=started       2024-08-23 19:13:45
=ended         2024-08-23 19:13:45
=result        ok
=elapsed       0.155777
=case          ejabberd_SUITE:privacy_set_default_non_existent
=logfile       ejabberd_suite.privacy_set_default_non_existent.34339.html
=started       2024-08-23 19:13:45
=ended         2024-08-23 19:13:45
=result        ok
=elapsed       0.104028
=case          ejabberd_SUITE:privacy_set_active
=logfile       ejabberd_suite.privacy_set_active.34403.html
=started       2024-08-23 19:13:45
=ended         2024-08-23 19:13:46
=result        ok
=elapsed       0.149491
=case          ejabberd_SUITE:privacy_del_active
=logfile       ejabberd_suite.privacy_del_active.34467.html
=started       2024-08-23 19:13:46
=ended         2024-08-23 19:13:46
=result        ok
=elapsed       0.149686
=case          ejabberd_SUITE:privacy_set_active_non_existent
=logfile       ejabberd_suite.privacy_set_active_non_existent.34531.html
=started       2024-08-23 19:13:46
=ended         2024-08-23 19:13:46
=result        ok
=elapsed       0.103814
=case          ejabberd_SUITE:privacy_remove_list
=logfile       ejabberd_suite.privacy_remove_list.34627.html
=started       2024-08-23 19:13:46
=ended         2024-08-23 19:13:46
=result        ok
=elapsed       0.194087
=case          ejabberd_SUITE:privacy_remove_default_list
=logfile       ejabberd_suite.privacy_remove_default_list.34691.html
=started       2024-08-23 19:13:46
=ended         2024-08-23 19:13:46
=result        ok
=elapsed       0.15349
=case          ejabberd_SUITE:privacy_remove_active_list
=logfile       ejabberd_suite.privacy_remove_active_list.34723.html
=started       2024-08-23 19:13:46
=ended         2024-08-23 19:13:47
=result        ok
=elapsed       0.149927
=case          ejabberd_SUITE:privacy_remove_list_non_existent
=logfile       ejabberd_suite.privacy_remove_list_non_existent.34819.html
=started       2024-08-23 19:13:47
=ended         2024-08-23 19:13:47
=result        ok
=elapsed       0.103846
=case          ejabberd_SUITE:privacy_allow_local_server
=logfile       ejabberd_suite.privacy_allow_local_server.34915.html
=started       2024-08-23 19:13:47
=ended         2024-08-23 19:13:47
=result        ok
=elapsed       0.198673
=case          ejabberd_SUITE:privacy_malformed_iq_query
=logfile       ejabberd_suite.privacy_malformed_iq_query.34947.html
=started       2024-08-23 19:13:47
=ended         2024-08-23 19:13:47
=result        ok
=elapsed       0.104129
=case          ejabberd_SUITE:privacy_malformed_get
=logfile       ejabberd_suite.privacy_malformed_get.35043.html
=started       2024-08-23 19:13:47
=ended         2024-08-23 19:13:47
=result        ok
=elapsed       0.105983
=case          ejabberd_SUITE:privacy_malformed_set
=logfile       ejabberd_suite.privacy_malformed_set.35107.html
=started       2024-08-23 19:13:47
=ended         2024-08-23 19:13:47
=result        ok
=elapsed       0.104705
=case          ejabberd_SUITE:privacy_malformed_type_value
=logfile       ejabberd_suite.privacy_malformed_type_value.35171.html
=started       2024-08-23 19:13:47
=ended         2024-08-23 19:13:47
=result        ok
=elapsed       0.10412
=case          ejabberd_SUITE:privacy_set_get_block
=logfile       ejabberd_suite.privacy_set_get_block.35203.html
=started       2024-08-23 19:13:47
=ended         2024-08-23 19:13:48
=result        ok
=elapsed       0.243134
=case          ejabberd_SUITE:end_per_group
=logfile       ejabberd_suite.end_per_group.35267.html
=group_props   [{name,privacy_single},sequence]
=started       2024-08-23 19:13:48
=ended         2024-08-23 19:13:48
=result        ok
=elapsed       3.0e-6
=group_time    3.551s
=case          ejabberd_SUITE:init_per_group
=logfile       ejabberd_suite.init_per_group.35299.html
=group_props   [{name,vcard_single},sequence]
=started       2024-08-23 19:13:48
=ended         2024-08-23 19:13:48
=result        ok
=elapsed       3.0e-6
=case          ejabberd_SUITE:vcard_feature_enabled
=logfile       ejabberd_suite.vcard_feature_enabled.35331.html
=started       2024-08-23 19:13:48
=ended         2024-08-23 19:13:48
=result        ok
=elapsed       0.105688
=case          ejabberd_SUITE:vcard_get_set
=logfile       ejabberd_suite.vcard_get_set.35395.html
=started       2024-08-23 19:13:48
=ended         2024-08-23 19:13:48
=result        ok
=elapsed       0.192914
=case          ejabberd_SUITE:vcard_service_vcard
=logfile       ejabberd_suite.vcard_service_vcard.35491.html
=started       2024-08-23 19:13:48
=ended         2024-08-23 19:13:48
=result        ok
=elapsed       0.104238
=case          ejabberd_SUITE:end_per_group
=logfile       ejabberd_suite.end_per_group.35587.html
=group_props   [{name,vcard_single},sequence]
=started       2024-08-23 19:13:48
=ended         2024-08-23 19:13:48
=result        ok
=elapsed       3.0e-6
=group_time    0.518s
=case          ejabberd_SUITE:init_per_group
=logfile       ejabberd_suite.init_per_group.35619.html
=group_props   [{name,pubsub_single},sequence]
=started       2024-08-23 19:13:48
=ended         2024-08-23 19:13:48
=result        ok
=elapsed       3.0e-6
=case          ejabberd_SUITE:pubsub_test_features
=logfile       ejabberd_suite.pubsub_test_features.35651.html
=started       2024-08-23 19:13:48
=ended         2024-08-23 19:13:48
=result        ok
=elapsed       0.103579
=case          ejabberd_SUITE:pubsub_test_vcard
=logfile       ejabberd_suite.pubsub_test_vcard.35747.html
=started       2024-08-23 19:13:48
=ended         2024-08-23 19:13:49
=result        ok
=elapsed       0.103803
=case          ejabberd_SUITE:pubsub_test_create
=logfile       ejabberd_suite.pubsub_test_create.35811.html
=started       2024-08-23 19:13:49
=ended         2024-08-23 19:13:49
=result        ok
=elapsed       0.107797
=case          ejabberd_SUITE:pubsub_test_configure
=logfile       ejabberd_suite.pubsub_test_configure.35907.html
=started       2024-08-23 19:13:49
=ended         2024-08-23 19:13:49
=result        ok
=elapsed       0.20119
=case          ejabberd_SUITE:pubsub_test_delete
=logfile       ejabberd_suite.pubsub_test_delete.35971.html
=started       2024-08-23 19:13:49
=ended         2024-08-23 19:13:49
=result        ok
=elapsed       0.105672
=case          ejabberd_SUITE:pubsub_test_get_affiliations
=logfile       ejabberd_suite.pubsub_test_get_affiliations.36003.html
=started       2024-08-23 19:13:49
=ended         2024-08-23 19:13:49
=result        ok
=elapsed       0.151564
=case          ejabberd_SUITE:pubsub_test_get_subscriptions
=logfile       ejabberd_suite.pubsub_test_get_subscriptions.36099.html
=started       2024-08-23 19:13:49
=ended         2024-08-23 19:13:50
=result        ok
=elapsed       0.210952
=case          ejabberd_SUITE:pubsub_test_create_instant
=logfile       ejabberd_suite.pubsub_test_create_instant.36131.html
=started       2024-08-23 19:13:50
=ended         2024-08-23 19:13:50
=result        ok
=elapsed       0.111247
=case          ejabberd_SUITE:pubsub_test_default
=logfile       ejabberd_suite.pubsub_test_default.42466.html
=started       2024-08-23 19:13:50
=ended         2024-08-23 19:13:50
=result        ok
=elapsed       0.10385
=case          ejabberd_SUITE:pubsub_test_create_configure
=logfile       ejabberd_suite.pubsub_test_create_configure.42498.html
=started       2024-08-23 19:13:50
=ended         2024-08-23 19:13:50
=result        ok
=elapsed       0.118799
=case          ejabberd_SUITE:pubsub_test_publish
=logfile       ejabberd_suite.pubsub_test_publish.36291.html
=started       2024-08-23 19:13:50
=ended         2024-08-23 19:13:50
=result        ok
=elapsed       0.115893
=case          ejabberd_SUITE:pubsub_test_auto_create
=logfile       ejabberd_suite.pubsub_test_auto_create.36387.html
=started       2024-08-23 19:13:50
=ended         2024-08-23 19:13:50
=result        ok
=elapsed       0.114488
=case          ejabberd_SUITE:pubsub_test_get_items
=logfile       ejabberd_suite.pubsub_test_get_items.36451.html
=started       2024-08-23 19:13:50
=ended         2024-08-23 19:13:50
=result        ok
=elapsed       0.127501
=case          ejabberd_SUITE:pubsub_test_delete_item
=logfile       ejabberd_suite.pubsub_test_delete_item.36547.html
=started       2024-08-23 19:13:50
=ended         2024-08-23 19:13:51
=result        ok
=elapsed       0.162958
=case          ejabberd_SUITE:pubsub_test_purge
=logfile       ejabberd_suite.pubsub_test_purge.36611.html
=started       2024-08-23 19:13:51
=ended         2024-08-23 19:13:51
=result        ok
=elapsed       0.218591
=case          ejabberd_SUITE:pubsub_test_subscribe
=logfile       ejabberd_suite.pubsub_test_subscribe.36675.html
=started       2024-08-23 19:13:51
=ended         2024-08-23 19:13:51
=result        ok
=elapsed       0.116571
=case          ejabberd_SUITE:pubsub_test_subscribe_max_item_1
=logfile       ejabberd_suite.pubsub_test_subscribe_max_item_1.36771.html
=started       2024-08-23 19:13:51
=ended         2024-08-23 19:13:51
=result        ok
=elapsed       0.117349
=case          ejabberd_SUITE:pubsub_test_unsubscribe
=logfile       ejabberd_suite.pubsub_test_unsubscribe.36835.html
=started       2024-08-23 19:13:51
=ended         2024-08-23 19:13:51
=result        ok
=elapsed       0.162144
=case          ejabberd_SUITE:end_per_group
=logfile       ejabberd_suite.end_per_group.36899.html
=group_props   [{name,pubsub_single},sequence]
=started       2024-08-23 19:13:51
=ended         2024-08-23 19:13:51
=result        ok
=elapsed       2.0e-6
=group_time    3.022s
=case          ejabberd_SUITE:init_per_group
=logfile       ejabberd_suite.init_per_group.36931.html
=group_props   [{name,muc_single},sequence]
=started       2024-08-23 19:13:51
=ended         2024-08-23 19:13:51
=result        ok
=elapsed       2.0e-6
=case          ejabberd_SUITE:muc_service_presence_error
=logfile       ejabberd_suite.muc_service_presence_error.36963.html
=started       2024-08-23 19:13:51
=ended         2024-08-23 19:13:52
=result        ok
=elapsed       0.190825
=case          ejabberd_SUITE:muc_service_message_error
=logfile       ejabberd_suite.muc_service_message_error.37027.html
=started       2024-08-23 19:13:52
=ended         2024-08-23 19:13:52
=result        ok
=elapsed       0.190431
=case          ejabberd_SUITE:muc_service_unknown_ns_iq_error
=logfile       ejabberd_suite.muc_service_unknown_ns_iq_error.37091.html
=started       2024-08-23 19:13:52
=ended         2024-08-23 19:13:52
=result        ok
=elapsed       0.188595
=case          ejabberd_SUITE:muc_service_iq_set_error
=logfile       ejabberd_suite.muc_service_iq_set_error.42818.html
=started       2024-08-23 19:13:52
=ended         2024-08-23 19:13:52
=result        ok
=elapsed       0.324151
=case          ejabberd_SUITE:muc_service_improper_iq_error
=logfile       ejabberd_suite.muc_service_improper_iq_error.42882.html
=started       2024-08-23 19:13:52
=ended         2024-08-23 19:13:53
=result        ok
=elapsed       0.277038
=case          ejabberd_SUITE:muc_service_features
=logfile       ejabberd_suite.muc_service_features.37283.html
=started       2024-08-23 19:13:53
=ended         2024-08-23 19:13:53
=result        ok
=elapsed       0.103484
=case          ejabberd_SUITE:muc_service_disco_info_node_error
=logfile       ejabberd_suite.muc_service_disco_info_node_error.37347.html
=started       2024-08-23 19:13:53
=ended         2024-08-23 19:13:53
=result        ok
=elapsed       0.103435
=case          ejabberd_SUITE:muc_service_disco_items
=logfile       ejabberd_suite.muc_service_disco_items.37443.html
=started       2024-08-23 19:13:53
=ended         2024-08-23 19:13:54
=result        ok
=elapsed       0.717059
=case          ejabberd_SUITE:muc_service_unique
=logfile       ejabberd_suite.muc_service_unique.37475.html
=started       2024-08-23 19:13:54
=ended         2024-08-23 19:13:54
=result        ok
=elapsed       0.10282
=case          ejabberd_SUITE:muc_service_vcard
=logfile       ejabberd_suite.muc_service_vcard.37571.html
=started       2024-08-23 19:13:54
=ended         2024-08-23 19:13:54
=result        ok
=elapsed       0.103667
=case          ejabberd_SUITE:muc_configure_non_existent
=logfile       ejabberd_suite.muc_configure_non_existent.37635.html
=started       2024-08-23 19:13:54
=ended         2024-08-23 19:13:54
=result        ok
=elapsed       0.106499
=case          ejabberd_SUITE:muc_cancel_configure_non_existent
=logfile       ejabberd_suite.muc_cancel_configure_non_existent.28100.html
=started       2024-08-23 19:13:54
=ended         2024-08-23 19:13:54
=result        ok
=elapsed       0.105545
=case          ejabberd_SUITE:muc_service_subscriptions
=logfile       ejabberd_suite.muc_service_subscriptions.28132.html
=started       2024-08-23 19:13:54
=ended         2024-08-23 19:13:55
=result        ok
=elapsed       0.310483
=case          ejabberd_SUITE:muc_set_room_affiliation
=logfile       ejabberd_suite.muc_set_room_affiliation.28164.html
=started       2024-08-23 19:13:55
=ended         2024-08-23 19:13:55
=result        ok
=elapsed       0.114996
=case          ejabberd_SUITE:end_per_group
=logfile       ejabberd_suite.end_per_group.43426.html
=group_props   [{name,muc_single},sequence]
=started       2024-08-23 19:13:55
=ended         2024-08-23 19:13:55
=result        ok
=elapsed       3.0e-6
=group_time    3.395s
=case          ejabberd_SUITE:init_per_group
=logfile       ejabberd_suite.init_per_group.43458.html
=group_props   [{name,offline_single},sequence]
=started       2024-08-23 19:13:55
=ended         2024-08-23 19:13:55
=result        ok
=elapsed       3.0e-6
=case          ejabberd_SUITE:offline_feature_enabled
=logfile       ejabberd_suite.offline_feature_enabled.43490.html
=started       2024-08-23 19:13:55
=ended         2024-08-23 19:13:55
=result        ok
=elapsed       0.103879
=case          ejabberd_SUITE:offline_check_identity
=logfile       ejabberd_suite.offline_check_identity.43522.html
=started       2024-08-23 19:13:55
=ended         2024-08-23 19:13:55
=result        ok
=elapsed       0.103012
=case          ejabberd_SUITE:offline_send_non_existent
=logfile       ejabberd_suite.offline_send_non_existent.43586.html
=started       2024-08-23 19:13:55
=ended         2024-08-23 19:13:55
=result        ok
=elapsed       0.103269
=case          ejabberd_SUITE:offline_view_non_existent
=logfile       ejabberd_suite.offline_view_non_existent.43650.html
=started       2024-08-23 19:13:55
=ended         2024-08-23 19:13:55
=result        ok
=elapsed       0.147231
=case          ejabberd_SUITE:offline_remove_non_existent
=logfile       ejabberd_suite.offline_remove_non_existent.43746.html
=started       2024-08-23 19:13:55
=ended         2024-08-23 19:13:56
=result        ok
=elapsed       0.145425
=case          ejabberd_SUITE:offline_view_non_integer
=logfile       ejabberd_suite.offline_view_non_integer.43778.html
=started       2024-08-23 19:13:56
=ended         2024-08-23 19:13:56
=result        ok
=elapsed       0.103297
=case          ejabberd_SUITE:offline_remove_non_integer
=logfile       ejabberd_suite.offline_remove_non_integer.43810.html
=started       2024-08-23 19:13:56
=ended         2024-08-23 19:13:56
=result        ok
=elapsed       0.102762
=case          ejabberd_SUITE:offline_malformed_iq
=logfile       ejabberd_suite.offline_malformed_iq.43906.html
=started       2024-08-23 19:13:56
=ended         2024-08-23 19:13:56
=result        ok
=elapsed       0.106301
=case          ejabberd_SUITE:offline_wrong_user
=logfile       ejabberd_suite.offline_wrong_user.43970.html
=started       2024-08-23 19:13:56
=ended         2024-08-23 19:13:56
=result        ok
=elapsed       0.110702
=case          ejabberd_SUITE:offline_unsupported_iq
=logfile       ejabberd_suite.offline_unsupported_iq.44034.html
=started       2024-08-23 19:13:56
=ended         2024-08-23 19:13:56
=result        ok
=elapsed       0.103657
=case          ejabberd_SUITE:end_per_group
=logfile       ejabberd_suite.end_per_group.44066.html
=group_props   [{name,offline_single},sequence]
=started       2024-08-23 19:13:56
=ended         2024-08-23 19:13:56
=result        ok
=elapsed       3.0e-6
=group_time    1.459s
=case          ejabberd_SUITE:init_per_group
=logfile       ejabberd_suite.init_per_group.44098.html
=group_props   [{name,mam_single},sequence]
=started       2024-08-23 19:13:56
=ended         2024-08-23 19:13:56
=result        ok
=elapsed       3.0e-6
=case          ejabberd_SUITE:mam_feature_enabled
=logfile       ejabberd_suite.mam_feature_enabled.44130.html
=started       2024-08-23 19:13:56
=ended         2024-08-23 19:13:56
=result        ok
=elapsed       0.105774
=case          ejabberd_SUITE:mam_get_set_prefs
=logfile       ejabberd_suite.mam_get_set_prefs.44194.html
=started       2024-08-23 19:13:56
=ended         2024-08-23 19:13:58
=result        ok
=elapsed       1.907692
=case          ejabberd_SUITE:mam_get_form
=logfile       ejabberd_suite.mam_get_form.44258.html
=started       2024-08-23 19:13:58
=ended         2024-08-23 19:13:58
=result        ok
=elapsed       0.106577
=case          ejabberd_SUITE:mam_fake_by
=logfile       ejabberd_suite.mam_fake_by.44354.html
=started       2024-08-23 19:13:58
=ended         2024-08-23 19:13:59
=result        ok
=elapsed       0.104012
=case          ejabberd_SUITE:end_per_group
=logfile       ejabberd_suite.end_per_group.44450.html
=group_props   [{name,mam_single},sequence]
=started       2024-08-23 19:13:59
=ended         2024-08-23 19:13:59
=result        ok
=elapsed       2.0e-6
=group_time    2.370s
=case          ejabberd_SUITE:init_per_group
=logfile       ejabberd_suite.init_per_group.44482.html
=group_props   [{name,push_single},sequence]
=started       2024-08-23 19:13:59
=ended         2024-08-23 19:13:59
=result        ok
=elapsed       3.0e-6
=case          ejabberd_SUITE:push_feature_enabled
=logfile       ejabberd_suite.push_feature_enabled.44514.html
=started       2024-08-23 19:13:59
=ended         2024-08-23 19:13:59
=result        ok
=elapsed       0.103795
=case          ejabberd_SUITE:push_unsupported_iq
=logfile       ejabberd_suite.push_unsupported_iq.44546.html
=started       2024-08-23 19:13:59
=ended         2024-08-23 19:13:59
=result        ok
=elapsed       0.102968
=case          ejabberd_SUITE:end_per_group
=logfile       ejabberd_suite.end_per_group.44642.html
=group_props   [{name,push_single},sequence]
=started       2024-08-23 19:13:59
=ended         2024-08-23 19:13:59
=result        ok
=elapsed       3.0e-6
=group_time    0.290s
=case          ejabberd_SUITE:test_unregister
=logfile       ejabberd_suite.test_unregister.44674.html
=started       2024-08-23 19:13:59
=ended         2024-08-23 19:13:59
=result        ok
=elapsed       0.009457
=case          ejabberd_SUITE:end_per_group
=logfile       ejabberd_suite.end_per_group.44770.html
=group_props   [{name,single_user},sequence]
=started       2024-08-23 19:13:59
=ended         2024-08-23 19:13:59
=result        ok
=elapsed       2.0e-6
=group_time    20.534s
=case          ejabberd_SUITE:init_per_group
=logfile       ejabberd_suite.init_per_group.44802.html
=group_props   [{name,muc_master_slave},sequence]
=started       2024-08-23 19:13:59
=ended         2024-08-23 19:13:59
=result        ok
=elapsed       3.0e-6
=case          ejabberd_SUITE:init_per_group
=logfile       ejabberd_suite.init_per_group.44834.html
=group_props   [{name,muc_register},parallel]
=started       2024-08-23 19:13:59
=ended         2024-08-23 19:13:59
=result        ok
=elapsed       2.0e-6
=case          ejabberd_SUITE:muc_register_master
=logfile       ejabberd_suite.muc_register_master.44866.html
=started       2024-08-23 19:13:59
=ended         2024-08-23 19:13:59
=result        ok
=elapsed       0.343947
=case          ejabberd_SUITE:muc_register_slave
=logfile       ejabberd_suite.muc_register_slave.44898.html
=started       2024-08-23 19:13:59
=ended         2024-08-23 19:13:59
=result        ok
=elapsed       0.340572
=case          ejabberd_SUITE:end_per_group
=logfile       ejabberd_suite.end_per_group.44994.html
=group_props   [{name,muc_register},parallel]
=started       2024-08-23 19:13:59
=ended         2024-08-23 19:13:59
=result        ok
=elapsed       7.0e-6
=group_time    0.403s
=case          ejabberd_SUITE:init_per_group
=logfile       ejabberd_suite.init_per_group.45026.html
=group_props   [{name,muc_groupchat_msg},parallel]
=started       2024-08-23 19:13:59
=ended         2024-08-23 19:14:00
=result        ok
=elapsed       3.0e-6
=case          ejabberd_SUITE:muc_groupchat_msg_master
=logfile       ejabberd_suite.muc_groupchat_msg_master.28228.html
=started       2024-08-23 19:14:00
=ended         2024-08-23 19:14:00
=result        ok
=elapsed       0.122989
=case          ejabberd_SUITE:muc_groupchat_msg_slave
=logfile       ejabberd_suite.muc_groupchat_msg_slave.28260.html
=started       2024-08-23 19:14:00
=ended         2024-08-23 19:14:00
=result        ok
=elapsed       0.117378
=case          ejabberd_SUITE:end_per_group
=logfile       ejabberd_suite.end_per_group.28356.html
=group_props   [{name,muc_groupchat_msg},parallel]
=started       2024-08-23 19:14:00
=ended         2024-08-23 19:14:00
=result        ok
=elapsed       2.0e-6
=group_time    0.179s
=case          ejabberd_SUITE:init_per_group
=logfile       ejabberd_suite.init_per_group.28388.html
=group_props   [{name,muc_private_msg},parallel]
=started       2024-08-23 19:14:00
=ended         2024-08-23 19:14:00
=result        ok
=elapsed       4.0e-6
=case          ejabberd_SUITE:muc_private_msg_master
=logfile       ejabberd_suite.muc_private_msg_master.28420.html
=started       2024-08-23 19:14:00
=ended         2024-08-23 19:14:00
=result        ok
=elapsed       0.160367
=case          ejabberd_SUITE:muc_private_msg_slave
=logfile       ejabberd_suite.muc_private_msg_slave.28452.html
=started       2024-08-23 19:14:00
=ended         2024-08-23 19:14:00
=result        ok
=elapsed       0.154915
=case          ejabberd_SUITE:end_per_group
=logfile       ejabberd_suite.end_per_group.28580.html
=group_props   [{name,muc_private_msg},parallel]
=started       2024-08-23 19:14:00
=ended         2024-08-23 19:14:00
=result        ok
=elapsed       3.0e-6
=group_time    0.218s
=case          ejabberd_SUITE:init_per_group
=logfile       ejabberd_suite.init_per_group.28612.html
=group_props   [{name,muc_set_subject},parallel]
=started       2024-08-23 19:14:00
=ended         2024-08-23 19:14:00
=result        ok
=elapsed       2.0e-6
=case          ejabberd_SUITE:muc_set_subject_master
=logfile       ejabberd_suite.muc_set_subject_master.45090.html
=started       2024-08-23 19:14:00
=ended         2024-08-23 19:14:00
=result        ok
=elapsed       0.128347
=case          ejabberd_SUITE:muc_set_subject_slave
=logfile       ejabberd_suite.muc_set_subject_slave.28644.html
=started       2024-08-23 19:14:00
=ended         2024-08-23 19:14:00
=result        ok
=elapsed       0.125068
=case          ejabberd_SUITE:end_per_group
=logfile       ejabberd_suite.end_per_group.45218.html
=group_props   [{name,muc_set_subject},parallel]
=started       2024-08-23 19:14:00
=ended         2024-08-23 19:14:00
=result        ok
=elapsed       2.0e-6
=group_time    0.185s
=case          ejabberd_SUITE:init_per_group
=logfile       ejabberd_suite.init_per_group.45250.html
=group_props   [{name,muc_history},parallel]
=started       2024-08-23 19:14:00
=ended         2024-08-23 19:14:00
=result        ok
=elapsed       3.0e-6
=case          ejabberd_SUITE:muc_history_master
=logfile       ejabberd_suite.muc_history_master.28708.html
=started       2024-08-23 19:14:00
=ended         2024-08-23 19:14:00
=result        ok
=elapsed       0.161605
=case          ejabberd_SUITE:muc_history_slave
=logfile       ejabberd_suite.muc_history_slave.28740.html
=started       2024-08-23 19:14:00
=ended         2024-08-23 19:14:00
=result        ok
=elapsed       0.15567
=case          ejabberd_SUITE:end_per_group
=logfile       ejabberd_suite.end_per_group.28804.html
=group_props   [{name,muc_history},parallel]
=started       2024-08-23 19:14:00
=ended         2024-08-23 19:14:00
=result        ok
=elapsed       2.0e-6
=group_time    0.218s
=case          ejabberd_SUITE:init_per_group
=logfile       ejabberd_suite.init_per_group.28836.html
=group_props   [{name,muc_invite},parallel]
=started       2024-08-23 19:14:00
=ended         2024-08-23 19:14:00
=result        ok
=elapsed       2.0e-6
=case          ejabberd_SUITE:muc_invite_master
=logfile       ejabberd_suite.muc_invite_master.28868.html
=started       2024-08-23 19:14:00
=ended         2024-08-23 19:14:01
=result        ok
=elapsed       0.114778
=case          ejabberd_SUITE:muc_invite_slave
=logfile       ejabberd_suite.muc_invite_slave.28900.html
=started       2024-08-23 19:14:00
=ended         2024-08-23 19:14:01
=result        ok
=elapsed       0.151104
=case          ejabberd_SUITE:end_per_group
=logfile       ejabberd_suite.end_per_group.45410.html
=group_props   [{name,muc_invite},parallel]
=started       2024-08-23 19:14:01
=ended         2024-08-23 19:14:01
=result        ok
=elapsed       5.0e-6
=group_time    0.209s
=case          ejabberd_SUITE:init_per_group
=logfile       ejabberd_suite.init_per_group.45442.html
=group_props   [{name,muc_invite_members_only},parallel]
=started       2024-08-23 19:14:01
=ended         2024-08-23 19:14:01
=result        ok
=elapsed       3.0e-6
=case          ejabberd_SUITE:muc_invite_members_only_master
=logfile       ejabberd_suite.muc_invite_members_only_master.45474.html
=started       2024-08-23 19:14:01
=ended         2024-08-23 19:14:01
=result        ok
=elapsed       0.117731
=case          ejabberd_SUITE:muc_invite_members_only_slave
=logfile       ejabberd_suite.muc_invite_members_only_slave.45506.html
=started       2024-08-23 19:14:01
=ended         2024-08-23 19:14:01
=result        ok
=elapsed       0.111803
=case          ejabberd_SUITE:end_per_group
=logfile       ejabberd_suite.end_per_group.45602.html
=group_props   [{name,muc_invite_members_only},parallel]
=started       2024-08-23 19:14:01
=ended         2024-08-23 19:14:01
=result        ok
=elapsed       2.0e-6
=group_time    0.177s
=case          ejabberd_SUITE:init_per_group
=logfile       ejabberd_suite.init_per_group.45634.html
=group_props   [{name,muc_invite_password_protected},parallel]
=started       2024-08-23 19:14:01
=ended         2024-08-23 19:14:01
=result        ok
=elapsed       3.0e-6
=case          ejabberd_SUITE:muc_invite_password_protected_master
=logfile       ejabberd_suite.muc_invite_password_protected_master.45666.html
=started       2024-08-23 19:14:01
=ended         2024-08-23 19:14:01
=result        ok
=elapsed       0.156614
=case          ejabberd_SUITE:muc_invite_password_protected_slave
=logfile       ejabberd_suite.muc_invite_password_protected_slave.38755.html
=started       2024-08-23 19:14:01
=ended         2024-08-23 19:14:01
=result        ok
=elapsed       0.111048
=case          ejabberd_SUITE:end_per_group
=logfile       ejabberd_suite.end_per_group.38819.html
=group_props   [{name,muc_invite_password_protected},parallel]
=started       2024-08-23 19:14:01
=ended         2024-08-23 19:14:01
=result        ok
=elapsed       2.0e-6
=group_time    0.215s
=case          ejabberd_SUITE:init_per_group
=logfile       ejabberd_suite.init_per_group.29092.html
=group_props   [{name,muc_voice_request},parallel]
=started       2024-08-23 19:14:01
=ended         2024-08-23 19:14:01
=result        ok
=elapsed       2.0e-6
=case          ejabberd_SUITE:muc_voice_request_master
=logfile       ejabberd_suite.muc_voice_request_master.29124.html
=started       2024-08-23 19:14:01
=ended         2024-08-23 19:14:01
=result        ok
=elapsed       0.121745
=case          ejabberd_SUITE:muc_voice_request_slave
=logfile       ejabberd_suite.muc_voice_request_slave.29156.html
=started       2024-08-23 19:14:01
=ended         2024-08-23 19:14:01
=result        ok
=elapsed       0.117154
=case          ejabberd_SUITE:end_per_group
=logfile       ejabberd_suite.end_per_group.38915.html
=group_props   [{name,muc_voice_request},parallel]
=started       2024-08-23 19:14:01
=ended         2024-08-23 19:14:01
=result        ok
=elapsed       7.0e-6
=group_time    0.179s
=case          ejabberd_SUITE:init_per_group
=logfile       ejabberd_suite.init_per_group.45762.html
=group_props   [{name,muc_change_role},parallel]
=started       2024-08-23 19:14:01
=ended         2024-08-23 19:14:01
=result        ok
=elapsed       2.0e-6
=case          ejabberd_SUITE:muc_change_role_master
=logfile       ejabberd_suite.muc_change_role_master.45794.html
=started       2024-08-23 19:14:01
=ended         2024-08-23 19:14:01
=result        ok
=elapsed       0.128361
=case          ejabberd_SUITE:muc_change_role_slave
=logfile       ejabberd_suite.muc_change_role_slave.45826.html
=started       2024-08-23 19:14:01
=ended         2024-08-23 19:14:01
=result        ok
=elapsed       0.123773
=case          ejabberd_SUITE:end_per_group
=logfile       ejabberd_suite.end_per_group.45922.html
=group_props   [{name,muc_change_role},parallel]
=started       2024-08-23 19:14:01
=ended         2024-08-23 19:14:01
=result        ok
=elapsed       8.0e-6
=group_time    0.187s
=case          ejabberd_SUITE:init_per_group
=logfile       ejabberd_suite.init_per_group.45954.html
=group_props   [{name,muc_kick},parallel]
=started       2024-08-23 19:14:01
=ended         2024-08-23 19:14:01
=result        ok
=elapsed       3.0e-6
=case          ejabberd_SUITE:muc_kick_master
=logfile       ejabberd_suite.muc_kick_master.45986.html
=started       2024-08-23 19:14:02
=ended         2024-08-23 19:14:02
=result        ok
=elapsed       0.118532
=case          ejabberd_SUITE:muc_kick_slave
=logfile       ejabberd_suite.muc_kick_slave.29284.html
=started       2024-08-23 19:14:02
=ended         2024-08-23 19:14:02
=result        ok
=elapsed       0.113305
=case          ejabberd_SUITE:end_per_group
=logfile       ejabberd_suite.end_per_group.29348.html
=group_props   [{name,muc_kick},parallel]
=started       2024-08-23 19:14:02
=ended         2024-08-23 19:14:02
=result        ok
=elapsed       8.0e-6
=group_time    0.176s
=case          ejabberd_SUITE:init_per_group
=logfile       ejabberd_suite.init_per_group.29380.html
=group_props   [{name,muc_change_affiliation},parallel]
=started       2024-08-23 19:14:02
=ended         2024-08-23 19:14:02
=result        ok
=elapsed       3.0e-6
=case          ejabberd_SUITE:muc_change_affiliation_master
=logfile       ejabberd_suite.muc_change_affiliation_master.29412.html
=started       2024-08-23 19:14:02
=ended         2024-08-23 19:14:02
=result        ok
=elapsed       0.136004
=case          ejabberd_SUITE:muc_change_affiliation_slave
=logfile       ejabberd_suite.muc_change_affiliation_slave.29444.html
=started       2024-08-23 19:14:02
=ended         2024-08-23 19:14:02
=result        ok
=elapsed       0.130627
=case          ejabberd_SUITE:end_per_group
=logfile       ejabberd_suite.end_per_group.29508.html
=group_props   [{name,muc_change_affiliation},parallel]
=started       2024-08-23 19:14:02
=ended         2024-08-23 19:14:02
=result        ok
=elapsed       2.0e-6
=group_time    0.195s
=case          ejabberd_SUITE:init_per_group
=logfile       ejabberd_suite.init_per_group.29540.html
=group_props   [{name,muc_destroy},parallel]
=started       2024-08-23 19:14:02
=ended         2024-08-23 19:14:02
=result        ok
=elapsed       3.0e-6
=case          ejabberd_SUITE:muc_destroy_master
=logfile       ejabberd_suite.muc_destroy_master.9605.html
=started       2024-08-23 19:14:02
=ended         2024-08-23 19:14:02
=result        ok
=elapsed       0.118373
=case          ejabberd_SUITE:muc_destroy_slave
=logfile       ejabberd_suite.muc_destroy_slave.29572.html
=started       2024-08-23 19:14:02
=ended         2024-08-23 19:14:02
=result        ok
=elapsed       0.116834
=case          ejabberd_SUITE:end_per_group
=logfile       ejabberd_suite.end_per_group.29668.html
=group_props   [{name,muc_destroy},parallel]
=started       2024-08-23 19:14:02
=ended         2024-08-23 19:14:02
=result        ok
=elapsed       3.0e-6
=group_time    0.177s
=case          ejabberd_SUITE:init_per_group
=logfile       ejabberd_suite.init_per_group.46082.html
=group_props   [{name,muc_vcard},parallel]
=started       2024-08-23 19:14:02
=ended         2024-08-23 19:14:02
=result        ok
=elapsed       2.0e-6
=case          ejabberd_SUITE:muc_vcard_master
=logfile       ejabberd_suite.muc_vcard_master.46114.html
=started       2024-08-23 19:14:02
=ended         2024-08-23 19:14:02
=result        ok
=elapsed       0.122448
=case          ejabberd_SUITE:muc_vcard_slave
=logfile       ejabberd_suite.muc_vcard_slave.46146.html
=started       2024-08-23 19:14:02
=ended         2024-08-23 19:14:02
=result        ok
=elapsed       0.119125
=case          ejabberd_SUITE:end_per_group
=logfile       ejabberd_suite.end_per_group.46274.html
=group_props   [{name,muc_vcard},parallel]
=started       2024-08-23 19:14:02
=ended         2024-08-23 19:14:02
=result        ok
=elapsed       2.0e-6
=group_time    0.181s
=case          ejabberd_SUITE:init_per_group
=logfile       ejabberd_suite.init_per_group.46306.html
=group_props   [{name,muc_nick_change},parallel]
=started       2024-08-23 19:14:02
=ended         2024-08-23 19:14:02
=result        ok
=elapsed       2.0e-6
=case          ejabberd_SUITE:muc_nick_change_master
=logfile       ejabberd_suite.muc_nick_change_master.46338.html
=started       2024-08-23 19:14:02
=ended         2024-08-23 19:14:02
=result        ok
=elapsed       0.119084
=case          ejabberd_SUITE:muc_nick_change_slave
=logfile       ejabberd_suite.muc_nick_change_slave.46370.html
=started       2024-08-23 19:14:02
=ended         2024-08-23 19:14:02
=result        ok
=elapsed       0.11564
=case          ejabberd_SUITE:end_per_group
=logfile       ejabberd_suite.end_per_group.46434.html
=group_props   [{name,muc_nick_change},parallel]
=started       2024-08-23 19:14:02
=ended         2024-08-23 19:14:03
=result        ok
=elapsed       2.0e-6
=group_time    0.177s
=case          ejabberd_SUITE:init_per_group
=logfile       ejabberd_suite.init_per_group.46466.html
=group_props   [{name,muc_config_title_desc},parallel]
=started       2024-08-23 19:14:03
=ended         2024-08-23 19:14:03
=result        ok
=elapsed       2.0e-6
=case          ejabberd_SUITE:muc_config_title_desc_master
=logfile       ejabberd_suite.muc_config_title_desc_master.46498.html
=started       2024-08-23 19:14:03
=ended         2024-08-23 19:14:03
=result        ok
=elapsed       0.120866
=case          ejabberd_SUITE:muc_config_title_desc_slave
=logfile       ejabberd_suite.muc_config_title_desc_slave.46530.html
=started       2024-08-23 19:14:03
=ended         2024-08-23 19:14:03
=result        ok
=elapsed       0.114489
=case          ejabberd_SUITE:end_per_group
=logfile       ejabberd_suite.end_per_group.46626.html
=group_props   [{name,muc_config_title_desc},parallel]
=started       2024-08-23 19:14:03
=ended         2024-08-23 19:14:03
=result        ok
=elapsed       3.0e-6
=group_time    0.179s
=case          ejabberd_SUITE:init_per_group
=logfile       ejabberd_suite.init_per_group.29892.html
=group_props   [{name,muc_config_public_list},parallel]
=started       2024-08-23 19:14:03
=ended         2024-08-23 19:14:03
=result        ok
=elapsed       3.0e-6
=case          ejabberd_SUITE:muc_config_public_list_master
=logfile       ejabberd_suite.muc_config_public_list_master.29924.html
=started       2024-08-23 19:14:03
=ended         2024-08-23 19:14:03
=result        ok
=elapsed       0.125271
=case          ejabberd_SUITE:muc_config_public_list_slave
=logfile       ejabberd_suite.muc_config_public_list_slave.29956.html
=started       2024-08-23 19:14:03
=ended         2024-08-23 19:14:03
=result        ok
=elapsed       0.121195
=case          ejabberd_SUITE:end_per_group
=logfile       ejabberd_suite.end_per_group.39427.html
=group_props   [{name,muc_config_public_list},parallel]
=started       2024-08-23 19:14:03
=ended         2024-08-23 19:14:03
=result        ok
=elapsed       3.0e-6
=group_time    0.183s
=case          ejabberd_SUITE:init_per_group
=logfile       ejabberd_suite.init_per_group.30020.html
=group_props   [{name,muc_config_password},parallel]
=started       2024-08-23 19:14:03
=ended         2024-08-23 19:14:03
=result        ok
=elapsed       3.0e-6
=case          ejabberd_SUITE:muc_config_password_master
=logfile       ejabberd_suite.muc_config_password_master.30052.html
=started       2024-08-23 19:14:03
=ended         2024-08-23 19:14:03
=result        ok
=elapsed       0.12588
=case          ejabberd_SUITE:muc_config_password_slave
=logfile       ejabberd_suite.muc_config_password_slave.30084.html
=started       2024-08-23 19:14:03
=ended         2024-08-23 19:14:03
=result        ok
=elapsed       0.12116
=case          ejabberd_SUITE:end_per_group
=logfile       ejabberd_suite.end_per_group.30180.html
=group_props   [{name,muc_config_password},parallel]
=started       2024-08-23 19:14:03
=ended         2024-08-23 19:14:03
=result        ok
=elapsed       2.0e-6
=group_time    0.184s
=case          ejabberd_SUITE:init_per_group
=logfile       ejabberd_suite.init_per_group.30212.html
=group_props   [{name,muc_config_whois},parallel]
=started       2024-08-23 19:14:03
=ended         2024-08-23 19:14:03
=result        ok
=elapsed       2.0e-6
=case          ejabberd_SUITE:muc_config_whois_master
=logfile       ejabberd_suite.muc_config_whois_master.30244.html
=started       2024-08-23 19:14:03
=ended         2024-08-23 19:14:03
=result        ok
=elapsed       0.129362
=case          ejabberd_SUITE:muc_config_whois_slave
=logfile       ejabberd_suite.muc_config_whois_slave.30276.html
=started       2024-08-23 19:14:03
=ended         2024-08-23 19:14:03
=result        ok
=elapsed       0.122912
=case          ejabberd_SUITE:end_per_group
=logfile       ejabberd_suite.end_per_group.30340.html
=group_props   [{name,muc_config_whois},parallel]
=started       2024-08-23 19:14:03
=ended         2024-08-23 19:14:03
=result        ok
=elapsed       3.0e-6
=group_time    0.187s
=case          ejabberd_SUITE:init_per_group
=logfile       ejabberd_suite.init_per_group.30372.html
=group_props   [{name,muc_config_members_only},parallel]
=started       2024-08-23 19:14:03
=ended         2024-08-23 19:14:03
=result        ok
=elapsed       3.0e-6
=case          ejabberd_SUITE:muc_config_members_only_master
=logfile       ejabberd_suite.muc_config_members_only_master.46882.html
=started       2024-08-23 19:14:03
=ended         2024-08-23 19:14:04
=result        ok
=elapsed       0.128379
=case          ejabberd_SUITE:muc_config_members_only_slave
=logfile       ejabberd_suite.muc_config_members_only_slave.30404.html
=started       2024-08-23 19:14:03
=ended         2024-08-23 19:14:04
=result        ok
=elapsed       0.125282
=case          ejabberd_SUITE:end_per_group
=logfile       ejabberd_suite.end_per_group.30468.html
=group_props   [{name,muc_config_members_only},parallel]
=started       2024-08-23 19:14:04
=ended         2024-08-23 19:14:04
=result        ok
=elapsed       3.0e-6
=group_time    0.186s
=case          ejabberd_SUITE:init_per_group
=logfile       ejabberd_suite.init_per_group.46914.html
=group_props   [{name,muc_config_moderated},parallel]
=started       2024-08-23 19:14:04
=ended         2024-08-23 19:14:04
=result        ok
=elapsed       3.0e-6
=case          ejabberd_SUITE:muc_config_moderated_master
=logfile       ejabberd_suite.muc_config_moderated_master.46946.html
=started       2024-08-23 19:14:04
=ended         2024-08-23 19:14:04
=result        ok
=elapsed       0.123652
=case          ejabberd_SUITE:muc_config_moderated_slave
=logfile       ejabberd_suite.muc_config_moderated_slave.46978.html
=started       2024-08-23 19:14:04
=ended         2024-08-23 19:14:04
=result        ok
=elapsed       0.118144
=case          ejabberd_SUITE:end_per_group
=logfile       ejabberd_suite.end_per_group.47010.html
=group_props   [{name,muc_config_moderated},parallel]
=started       2024-08-23 19:14:04
=ended         2024-08-23 19:14:04
=result        ok
=elapsed       7.0e-6
=group_time    0.182s
=case          ejabberd_SUITE:init_per_group
=logfile       ejabberd_suite.init_per_group.9861.html
=group_props   [{name,muc_config_private_messages},parallel]
=started       2024-08-23 19:14:04
=ended         2024-08-23 19:14:04
=result        ok
=elapsed       2.0e-6
=case          ejabberd_SUITE:muc_config_private_messages_master
=logfile       ejabberd_suite.muc_config_private_messages_master.47042.html
=started       2024-08-23 19:14:04
=ended         2024-08-23 19:14:04
=result        ok
=elapsed       0.130679
=case          ejabberd_SUITE:muc_config_private_messages_slave
=logfile       ejabberd_suite.muc_config_private_messages_slave.9893.html
=started       2024-08-23 19:14:04
=ended         2024-08-23 19:14:04
=result        ok
=elapsed       0.125562
=case          ejabberd_SUITE:end_per_group
=logfile       ejabberd_suite.end_per_group.9989.html
=group_props   [{name,muc_config_private_messages},parallel]
=started       2024-08-23 19:14:04
=ended         2024-08-23 19:14:04
=result        ok
=elapsed       2.0e-6
=group_time    0.188s
=case          ejabberd_SUITE:init_per_group
=logfile       ejabberd_suite.init_per_group.10021.html
=group_props   [{name,muc_config_query},parallel]
=started       2024-08-23 19:14:04
=ended         2024-08-23 19:14:04
=result        ok
=elapsed       2.0e-6
=case          ejabberd_SUITE:muc_config_query_master
=logfile       ejabberd_suite.muc_config_query_master.10053.html
=started       2024-08-23 19:14:04
=ended         2024-08-23 19:14:04
=result        ok
=elapsed       0.169287
=case          ejabberd_SUITE:muc_config_query_slave
=logfile       ejabberd_suite.muc_config_query_slave.10085.html
=started       2024-08-23 19:14:04
=ended         2024-08-23 19:14:04
=result        ok
=elapsed       0.164199
=case          ejabberd_SUITE:end_per_group
=logfile       ejabberd_suite.end_per_group.30660.html
=group_props   [{name,muc_config_query},parallel]
=started       2024-08-23 19:14:04
=ended         2024-08-23 19:14:04
=result        ok
=elapsed       2.0e-6
=group_time    0.228s
=case          ejabberd_SUITE:init_per_group
=logfile       ejabberd_suite.init_per_group.30692.html
=group_props   [{name,muc_config_allow_invites},parallel]
=started       2024-08-23 19:14:04
=ended         2024-08-23 19:14:04
=result        ok
=elapsed       2.0e-6
=case          ejabberd_SUITE:muc_config_allow_invites_master
=logfile       ejabberd_suite.muc_config_allow_invites_master.30724.html
=started       2024-08-23 19:14:04
=ended         2024-08-23 19:14:04
=result        ok
=elapsed       0.126035
=case          ejabberd_SUITE:muc_config_allow_invites_slave
=logfile       ejabberd_suite.muc_config_allow_invites_slave.47074.html
=started       2024-08-23 19:14:04
=ended         2024-08-23 19:14:04
=result        ok
=elapsed       0.127288
=case          ejabberd_SUITE:end_per_group
=logfile       ejabberd_suite.end_per_group.47138.html
=group_props   [{name,muc_config_allow_invites},parallel]
=started       2024-08-23 19:14:04
=ended         2024-08-23 19:14:04
=result        ok
=elapsed       2.0e-6
=group_time    0.185s
=case          ejabberd_SUITE:init_per_group
=logfile       ejabberd_suite.init_per_group.47170.html
=group_props   [{name,muc_config_visitor_status},parallel]
=started       2024-08-23 19:14:04
=ended         2024-08-23 19:14:04
=result        ok
=elapsed       2.0e-6
=case          ejabberd_SUITE:muc_config_visitor_status_master
=logfile       ejabberd_suite.muc_config_visitor_status_master.47202.html
=started       2024-08-23 19:14:04
=ended         2024-08-23 19:14:05
=result        ok
=elapsed       0.123901
=case          ejabberd_SUITE:muc_config_visitor_status_slave
=logfile       ejabberd_suite.muc_config_visitor_status_slave.47234.html
=started       2024-08-23 19:14:04
=ended         2024-08-23 19:14:05
=result        ok
=elapsed       0.120351
=case          ejabberd_SUITE:end_per_group
=logfile       ejabberd_suite.end_per_group.47266.html
=group_props   [{name,muc_config_visitor_status},parallel]
=started       2024-08-23 19:14:05
=ended         2024-08-23 19:14:05
=result        ok
=elapsed       3.0e-6
=group_time    0.182s
=case          ejabberd_SUITE:init_per_group
=logfile       ejabberd_suite.init_per_group.10437.html
=group_props   [{name,muc_config_allow_voice_requests},parallel]
=started       2024-08-23 19:14:05
=ended         2024-08-23 19:14:05
=result        ok
=elapsed       3.0e-6
=case          ejabberd_SUITE:muc_config_allow_voice_requests_master
=logfile       ejabberd_suite.muc_config_allow_voice_requests_master.30884.html
=started       2024-08-23 19:14:05
=ended         2024-08-23 19:14:05
=result        ok
=elapsed       0.120277
=case          ejabberd_SUITE:muc_config_allow_voice_requests_slave
=logfile       ejabberd_suite.muc_config_allow_voice_requests_slave.30916.html
=started       2024-08-23 19:14:05
=ended         2024-08-23 19:14:05
=result        ok
=elapsed       0.115228
=case          ejabberd_SUITE:end_per_group
=logfile       ejabberd_suite.end_per_group.30980.html
=group_props   [{name,muc_config_allow_voice_requests},parallel]
=started       2024-08-23 19:14:05
=ended         2024-08-23 19:14:05
=result        ok
=elapsed       3.0e-6
=group_time    0.177s
=case          ejabberd_SUITE:init_per_group
=logfile       ejabberd_suite.init_per_group.31012.html
=group_props   [{name,muc_config_voice_request_interval},parallel]
=started       2024-08-23 19:14:05
=ended         2024-08-23 19:14:05
=result        ok
=elapsed       3.0e-6
=case          ejabberd_SUITE:muc_config_voice_request_interval_master
=logfile       ejabberd_suite.muc_config_voice_request_interval_master.31044.html
=started       2024-08-23 19:14:05
=ended         2024-08-23 19:14:10
=result        ok
=elapsed       5.206483
=case          ejabberd_SUITE:muc_config_voice_request_interval_slave
=logfile       ejabberd_suite.muc_config_voice_request_interval_slave.31076.html
=started       2024-08-23 19:14:05
=ended         2024-08-23 19:14:10
=result        ok
=elapsed       5.202803
=case          ejabberd_SUITE:end_per_group
=logfile       ejabberd_suite.end_per_group.31108.html
=group_props   [{name,muc_config_voice_request_interval},parallel]
=started       2024-08-23 19:14:10
=ended         2024-08-23 19:14:10
=result        ok
=elapsed       2.0e-6
=group_time    5.265s
=case          ejabberd_SUITE:init_per_group
=logfile       ejabberd_suite.init_per_group.31140.html
=group_props   [{name,muc_config_visitor_nickchange},parallel]
=started       2024-08-23 19:14:10
=ended         2024-08-23 19:14:10
=result        ok
=elapsed       4.0e-6
=case          ejabberd_SUITE:muc_config_visitor_nickchange_master
=logfile       ejabberd_suite.muc_config_visitor_nickchange_master.31172.html
=started       2024-08-23 19:14:10
=ended         2024-08-23 19:14:10
=result        ok
=elapsed       0.124823
=case          ejabberd_SUITE:muc_config_visitor_nickchange_slave
=logfile       ejabberd_suite.muc_config_visitor_nickchange_slave.31204.html
=started       2024-08-23 19:14:10
=ended         2024-08-23 19:14:10
=result        ok
=elapsed       0.117145
=case          ejabberd_SUITE:end_per_group
=logfile       ejabberd_suite.end_per_group.31300.html
=group_props   [{name,muc_config_visitor_nickchange},parallel]
=started       2024-08-23 19:14:10
=ended         2024-08-23 19:14:10
=result        ok
=elapsed       2.0e-6
=group_time    0.183s
=case          ejabberd_SUITE:init_per_group
=logfile       ejabberd_suite.init_per_group.31332.html
=group_props   [{name,muc_join_conflict},parallel]
=started       2024-08-23 19:14:10
=ended         2024-08-23 19:14:10
=result        ok
=elapsed       2.0e-6
=case          ejabberd_SUITE:muc_join_conflict_master
=logfile       ejabberd_suite.muc_join_conflict_master.31364.html
=started       2024-08-23 19:14:10
=ended         2024-08-23 19:14:11
=result        ok
=elapsed       0.115561
=case          ejabberd_SUITE:muc_join_conflict_slave
=logfile       ejabberd_suite.muc_join_conflict_slave.31396.html
=started       2024-08-23 19:14:10
=ended         2024-08-23 19:14:11
=result        ok
=elapsed       0.109855
=case          ejabberd_SUITE:end_per_group
=logfile       ejabberd_suite.end_per_group.31460.html
=group_props   [{name,muc_join_conflict},parallel]
=started       2024-08-23 19:14:11
=ended         2024-08-23 19:14:11
=result        ok
=elapsed       2.0e-6
=group_time    0.172s
=case          ejabberd_SUITE:end_per_group
=logfile       ejabberd_suite.end_per_group.31492.html
=group_props   [{name,muc_master_slave},sequence]
=started       2024-08-23 19:14:11
=ended         2024-08-23 19:14:11
=result        ok
=elapsed       7.0e-6
=group_time    11.513s
=case          ejabberd_SUITE:init_per_group
=logfile       ejabberd_suite.init_per_group.31524.html
=group_props   [{name,privacy_master_slave},sequence]
=started       2024-08-23 19:14:11
=ended         2024-08-23 19:14:11
=result        ok
=elapsed       3.0e-6
=case          ejabberd_SUITE:init_per_group
=logfile       ejabberd_suite.init_per_group.31556.html
=group_props   [{name,privacy_deny_bare_jid},parallel]
=started       2024-08-23 19:14:11
=ended         2024-08-23 19:14:11
=result        ok
=elapsed       2.0e-6
=case          ejabberd_SUITE:privacy_deny_bare_jid_master
=logfile       ejabberd_suite.privacy_deny_bare_jid_master.31588.html
=started       2024-08-23 19:14:11
=ended         2024-08-23 19:14:12
=result        ok
=elapsed       1.14639
=case          ejabberd_SUITE:privacy_deny_bare_jid_slave
=logfile       ejabberd_suite.privacy_deny_bare_jid_slave.31620.html
=started       2024-08-23 19:14:11
=ended         2024-08-23 19:14:12
=result        ok
=elapsed       1.145165
=case          ejabberd_SUITE:end_per_group
=logfile       ejabberd_suite.end_per_group.47426.html
=group_props   [{name,privacy_deny_bare_jid},parallel]
=started       2024-08-23 19:14:12
=ended         2024-08-23 19:14:12
=result        ok
=elapsed       2.0e-6
=group_time    1.205s
=case          ejabberd_SUITE:init_per_group
=logfile       ejabberd_suite.init_per_group.47458.html
=group_props   [{name,privacy_deny_full_jid},parallel]
=started       2024-08-23 19:14:12
=ended         2024-08-23 19:14:12
=result        ok
=elapsed       2.0e-6
=case          ejabberd_SUITE:privacy_deny_full_jid_master
=logfile       ejabberd_suite.privacy_deny_full_jid_master.47490.html
=started       2024-08-23 19:14:12
=ended         2024-08-23 19:14:13
=result        ok
=elapsed       1.148706
=case          ejabberd_SUITE:privacy_deny_full_jid_slave
=logfile       ejabberd_suite.privacy_deny_full_jid_slave.47522.html
=started       2024-08-23 19:14:12
=ended         2024-08-23 19:14:13
=result        ok
=elapsed       1.149806
=case          ejabberd_SUITE:end_per_group
=logfile       ejabberd_suite.end_per_group.39715.html
=group_props   [{name,privacy_deny_full_jid},parallel]
=started       2024-08-23 19:14:13
=ended         2024-08-23 19:14:13
=result        ok
=elapsed       8.0e-6
=group_time    1.207s
=case          ejabberd_SUITE:init_per_group
=logfile       ejabberd_suite.init_per_group.39747.html
=group_props   [{name,privacy_deny_server_bare_jid},parallel]
=started       2024-08-23 19:14:13
=ended         2024-08-23 19:14:13
=result        ok
=elapsed       3.0e-6
=case          ejabberd_SUITE:privacy_deny_server_bare_jid_master
=logfile       ejabberd_suite.privacy_deny_server_bare_jid_master.39779.html
=started       2024-08-23 19:14:13
=ended         2024-08-23 19:14:14
=result        ok
=elapsed       1.144238
=case          ejabberd_SUITE:privacy_deny_server_bare_jid_slave
=logfile       ejabberd_suite.privacy_deny_server_bare_jid_slave.39811.html
=started       2024-08-23 19:14:13
=ended         2024-08-23 19:14:14
=result        ok
=elapsed       1.140841
=case          ejabberd_SUITE:end_per_group
=logfile       ejabberd_suite.end_per_group.39907.html
=group_props   [{name,privacy_deny_server_bare_jid},parallel]
=started       2024-08-23 19:14:14
=ended         2024-08-23 19:14:14
=result        ok
=elapsed       2.0e-6
=group_time    1.203s
=case          ejabberd_SUITE:init_per_group
=logfile       ejabberd_suite.init_per_group.39939.html
=group_props   [{name,privacy_deny_server_full_jid},parallel]
=started       2024-08-23 19:14:14
=ended         2024-08-23 19:14:14
=result        ok
=elapsed       3.0e-6
=case          ejabberd_SUITE:privacy_deny_server_full_jid_master
=logfile       ejabberd_suite.privacy_deny_server_full_jid_master.31812.html
=started       2024-08-23 19:14:14
=ended         2024-08-23 19:14:15
=result        ok
=elapsed       1.149342
=case          ejabberd_SUITE:privacy_deny_server_full_jid_slave
=logfile       ejabberd_suite.privacy_deny_server_full_jid_slave.31844.html
=started       2024-08-23 19:14:14
=ended         2024-08-23 19:14:15
=result        ok
=elapsed       1.147902
=case          ejabberd_SUITE:end_per_group
=logfile       ejabberd_suite.end_per_group.31972.html
=group_props   [{name,privacy_deny_server_full_jid},parallel]
=started       2024-08-23 19:14:15
=ended         2024-08-23 19:14:16
=result        ok
=elapsed       3.0e-6
=group_time    1.206s
=case          ejabberd_SUITE:init_per_group
=logfile       ejabberd_suite.init_per_group.32004.html
=group_props   [{name,privacy_deny_group},parallel]
=started       2024-08-23 19:14:16
=ended         2024-08-23 19:14:16
=result        ok
=elapsed       3.0e-6
=case          ejabberd_SUITE:privacy_deny_group_master
=logfile       ejabberd_suite.privacy_deny_group_master.32036.html
=started       2024-08-23 19:14:16
=ended         2024-08-23 19:14:17
=result        ok
=elapsed       1.170439
=case          ejabberd_SUITE:privacy_deny_group_slave
=logfile       ejabberd_suite.privacy_deny_group_slave.32068.html
=started       2024-08-23 19:14:16
=ended         2024-08-23 19:14:17
=result        ok
=elapsed       1.155696
=case          ejabberd_SUITE:end_per_group
=logfile       ejabberd_suite.end_per_group.32164.html
=group_props   [{name,privacy_deny_group},parallel]
=started       2024-08-23 19:14:17
=ended         2024-08-23 19:14:17
=result        ok
=elapsed       2.0e-6
=group_time    1.228s
=case          ejabberd_SUITE:init_per_group
=logfile       ejabberd_suite.init_per_group.32196.html
=group_props   [{name,privacy_deny_sub_both},parallel]
=started       2024-08-23 19:14:17
=ended         2024-08-23 19:14:17
=result        ok
=elapsed       3.0e-6
=case          ejabberd_SUITE:privacy_deny_sub_both_master
=logfile       ejabberd_suite.privacy_deny_sub_both_master.32228.html
=started       2024-08-23 19:14:17
=ended         2024-08-23 19:14:18
=result        ok
=elapsed       1.149661
=case          ejabberd_SUITE:privacy_deny_sub_both_slave
=logfile       ejabberd_suite.privacy_deny_sub_both_slave.47970.html
=started       2024-08-23 19:14:17
=ended         2024-08-23 19:14:18
=result        ok
=elapsed       1.146813
=case          ejabberd_SUITE:end_per_group
=logfile       ejabberd_suite.end_per_group.48066.html
=group_props   [{name,privacy_deny_sub_both},parallel]
=started       2024-08-23 19:14:18
=ended         2024-08-23 19:14:18
=result        ok
=elapsed       6.0e-6
=group_time    1.209s
=case          ejabberd_SUITE:init_per_group
=logfile       ejabberd_suite.init_per_group.48098.html
=group_props   [{name,privacy_deny_sub_from},parallel]
=started       2024-08-23 19:14:18
=ended         2024-08-23 19:14:18
=result        ok
=elapsed       3.0e-6
=case          ejabberd_SUITE:privacy_deny_sub_from_master
=logfile       ejabberd_suite.privacy_deny_sub_from_master.48130.html
=started       2024-08-23 19:14:18
=ended         2024-08-23 19:14:19
=result        ok
=elapsed       1.150062
=case          ejabberd_SUITE:privacy_deny_sub_from_slave
=logfile       ejabberd_suite.privacy_deny_sub_from_slave.48162.html
=started       2024-08-23 19:14:18
=ended         2024-08-23 19:14:19
=result        ok
=elapsed       1.147473
=case          ejabberd_SUITE:end_per_group
=logfile       ejabberd_suite.end_per_group.48226.html
=group_props   [{name,privacy_deny_sub_from},parallel]
=started       2024-08-23 19:14:19
=ended         2024-08-23 19:14:19
=result        ok
=elapsed       3.0e-6
=group_time    1.208s
=case          ejabberd_SUITE:init_per_group
=logfile       ejabberd_suite.init_per_group.48258.html
=group_props   [{name,privacy_deny_sub_to},parallel]
=started       2024-08-23 19:14:19
=ended         2024-08-23 19:14:19
=result        ok
=elapsed       3.0e-6
=case          ejabberd_SUITE:privacy_deny_sub_to_master
=logfile       ejabberd_suite.privacy_deny_sub_to_master.48290.html
=started       2024-08-23 19:14:19
=ended         2024-08-23 19:14:20
=result        ok
=elapsed       1.158097
=case          ejabberd_SUITE:privacy_deny_sub_to_slave
=logfile       ejabberd_suite.privacy_deny_sub_to_slave.48322.html
=started       2024-08-23 19:14:19
=ended         2024-08-23 19:14:20
=result        ok
=elapsed       1.156778
=case          ejabberd_SUITE:end_per_group
=logfile       ejabberd_suite.end_per_group.48418.html
=group_props   [{name,privacy_deny_sub_to},parallel]
=started       2024-08-23 19:14:20
=ended         2024-08-23 19:14:20
=result        ok
=elapsed       2.0e-6
=group_time    1.219s
=case          ejabberd_SUITE:init_per_group
=logfile       ejabberd_suite.init_per_group.48450.html
=group_props   [{name,privacy_deny_sub_none},parallel]
=started       2024-08-23 19:14:20
=ended         2024-08-23 19:14:21
=result        ok
=elapsed       3.0e-6
=case          ejabberd_SUITE:privacy_deny_sub_none_master
=logfile       ejabberd_suite.privacy_deny_sub_none_master.48482.html
=started       2024-08-23 19:14:21
=ended         2024-08-23 19:14:22
=result        ok
=elapsed       1.138979
=case          ejabberd_SUITE:privacy_deny_sub_none_slave
=logfile       ejabberd_suite.privacy_deny_sub_none_slave.48514.html
=started       2024-08-23 19:14:21
=ended         2024-08-23 19:14:22
=result        ok
=elapsed       1.133837
=case          ejabberd_SUITE:end_per_group
=logfile       ejabberd_suite.end_per_group.48706.html
=group_props   [{name,privacy_deny_sub_none},parallel]
=started       2024-08-23 19:14:22
=ended         2024-08-23 19:14:22
=result        ok
=elapsed       1.3e-5
=group_time    1.196s
=case          ejabberd_SUITE:init_per_group
=logfile       ejabberd_suite.init_per_group.48738.html
=group_props   [{name,privacy_deny_all},parallel]
=started       2024-08-23 19:14:22
=ended         2024-08-23 19:14:22
=result        ok
=elapsed       3.0e-6
=case          ejabberd_SUITE:privacy_deny_all_master
=logfile       ejabberd_suite.privacy_deny_all_master.48770.html
=started       2024-08-23 19:14:22
=ended         2024-08-23 19:14:23
=result        ok
=elapsed       1.150701
=case          ejabberd_SUITE:privacy_deny_all_slave
=logfile       ejabberd_suite.privacy_deny_all_slave.48802.html
=started       2024-08-23 19:14:22
=ended         2024-08-23 19:14:23
=result        ok
=elapsed       1.148889
=case          ejabberd_SUITE:end_per_group
=logfile       ejabberd_suite.end_per_group.48834.html
=group_props   [{name,privacy_deny_all},parallel]
=started       2024-08-23 19:14:23
=ended         2024-08-23 19:14:23
=result        ok
=elapsed       2.0e-6
=group_time    1.209s
=case          ejabberd_SUITE:init_per_group
=logfile       ejabberd_suite.init_per_group.48866.html
=group_props   [{name,privacy_deny_offline},parallel]
=started       2024-08-23 19:14:23
=ended         2024-08-23 19:14:23
=result        ok
=elapsed       3.0e-6
=case          ejabberd_SUITE:privacy_deny_offline_master
=logfile       ejabberd_suite.privacy_deny_offline_master.32804.html
=started       2024-08-23 19:14:23
=ended         2024-08-23 19:14:23
=result        ok
=elapsed       0.24723
=case          ejabberd_SUITE:privacy_deny_offline_slave
=logfile       ejabberd_suite.privacy_deny_offline_slave.32836.html
=started       2024-08-23 19:14:23
=ended         2024-08-23 19:14:23
=result        ok
=elapsed       0.348033
=case          ejabberd_SUITE:end_per_group
=logfile       ejabberd_suite.end_per_group.32900.html
=group_props   [{name,privacy_deny_offline},parallel]
=started       2024-08-23 19:14:23
=ended         2024-08-23 19:14:23
=result        ok
=elapsed       1.2e-5
=group_time    0.408s
=case          ejabberd_SUITE:init_per_group
=logfile       ejabberd_suite.init_per_group.32932.html
=group_props   [{name,privacy_block},parallel]
=started       2024-08-23 19:14:23
=ended         2024-08-23 19:14:23
=result        ok
=elapsed       3.0e-6
=case          ejabberd_SUITE:privacy_block_master
=logfile       ejabberd_suite.privacy_block_master.48962.html
=started       2024-08-23 19:14:23
=ended         2024-08-23 19:14:24
=result        ok
=elapsed       0.430534
=case          ejabberd_SUITE:privacy_block_slave
=logfile       ejabberd_suite.privacy_block_slave.48994.html
=started       2024-08-23 19:14:23
=ended         2024-08-23 19:14:24
=result        ok
=elapsed       0.429492
=case          ejabberd_SUITE:end_per_group
=logfile       ejabberd_suite.end_per_group.49122.html
=group_props   [{name,privacy_block},parallel]
=started       2024-08-23 19:14:24
=ended         2024-08-23 19:14:24
=result        ok
=elapsed       2.0e-6
=group_time    0.490s
=case          ejabberd_SUITE:init_per_group
=logfile       ejabberd_suite.init_per_group.49154.html
=group_props   [{name,privacy_unblock},parallel]
=started       2024-08-23 19:14:24
=ended         2024-08-23 19:14:24
=result        ok
=elapsed       4.0e-6
=case          ejabberd_SUITE:privacy_unblock_master
=logfile       ejabberd_suite.privacy_unblock_master.49186.html
=started       2024-08-23 19:14:24
=ended         2024-08-23 19:14:24
=result        ok
=elapsed       0.199343
=case          ejabberd_SUITE:privacy_unblock_slave
=logfile       ejabberd_suite.privacy_unblock_slave.40387.html
=started       2024-08-23 19:14:24
=ended         2024-08-23 19:14:24
=result        ok
=elapsed       0.199153
=case          ejabberd_SUITE:end_per_group
=logfile       ejabberd_suite.end_per_group.40451.html
=group_props   [{name,privacy_unblock},parallel]
=started       2024-08-23 19:14:24
=ended         2024-08-23 19:14:24
=result        ok
=elapsed       2.0e-6
=group_time    0.259s
=case          ejabberd_SUITE:init_per_group
=logfile       ejabberd_suite.init_per_group.40483.html
=group_props   [{name,privacy_unblock_all},parallel]
=started       2024-08-23 19:14:24
=ended         2024-08-23 19:14:24
=result        ok
=elapsed       3.0e-6
=case          ejabberd_SUITE:privacy_unblock_all_master
=logfile       ejabberd_suite.privacy_unblock_all_master.40515.html
=started       2024-08-23 19:14:24
=ended         2024-08-23 19:14:24
=result        ok
=elapsed       0.200738
=case          ejabberd_SUITE:privacy_unblock_all_slave
=logfile       ejabberd_suite.privacy_unblock_all_slave.40547.html
=started       2024-08-23 19:14:24
=ended         2024-08-23 19:14:24
=result        ok
=elapsed       0.200408
=case          ejabberd_SUITE:end_per_group
=logfile       ejabberd_suite.end_per_group.40611.html
=group_props   [{name,privacy_unblock_all},parallel]
=started       2024-08-23 19:14:24
=ended         2024-08-23 19:14:24
=result        ok
=elapsed       2.0e-6
=group_time    0.261s
=case          ejabberd_SUITE:end_per_group
=logfile       ejabberd_suite.end_per_group.40643.html
=group_props   [{name,privacy_master_slave},sequence]
=started       2024-08-23 19:14:24
=ended         2024-08-23 19:14:24
=result        ok
=elapsed       1.0e-5
=group_time    13.882s
=case          ejabberd_SUITE:init_per_group
=logfile       ejabberd_suite.init_per_group.40675.html
=group_props   [{name,pubsub_master_slave},sequence]
=started       2024-08-23 19:14:24
=ended         2024-08-23 19:14:24
=result        ok
=elapsed       3.0e-6
=case          ejabberd_SUITE:init_per_group
=logfile       ejabberd_suite.init_per_group.40707.html
=group_props   [{name,pubsub_publish},parallel]
=started       2024-08-23 19:14:25
=ended         2024-08-23 19:14:25
=result        ok
=elapsed       2.0e-6
=case          ejabberd_SUITE:pubsub_publish_master
=logfile       ejabberd_suite.pubsub_publish_master.40739.html
=started       2024-08-23 19:14:25
=ended         2024-08-23 19:14:25
=result        ok
=elapsed       0.119115
=case          ejabberd_SUITE:pubsub_publish_slave
=logfile       ejabberd_suite.pubsub_publish_slave.33060.html
=started       2024-08-23 19:14:25
=ended         2024-08-23 19:14:25
=result        ok
=elapsed       0.119653
=case          ejabberd_SUITE:end_per_group
=logfile       ejabberd_suite.end_per_group.33124.html
=group_props   [{name,pubsub_publish},parallel]
=started       2024-08-23 19:14:25
=ended         2024-08-23 19:14:25
=result        ok
=elapsed       2.0e-6
=group_time    0.179s
=case          ejabberd_SUITE:init_per_group
=logfile       ejabberd_suite.init_per_group.33156.html
=group_props   [{name,pubsub_subscriptions},parallel]
=started       2024-08-23 19:14:25
=ended         2024-08-23 19:14:25
=result        ok
=elapsed       4.0e-6
=case          ejabberd_SUITE:pubsub_subscriptions_master
=logfile       ejabberd_suite.pubsub_subscriptions_master.33188.html
=started       2024-08-23 19:14:25
=ended         2024-08-23 19:14:25
=result        ok
=elapsed       0.183343
=case          ejabberd_SUITE:pubsub_subscriptions_slave
=logfile       ejabberd_suite.pubsub_subscriptions_slave.40803.html
=started       2024-08-23 19:14:25
=ended         2024-08-23 19:14:25
=result        ok
=elapsed       0.177662
=case          ejabberd_SUITE:end_per_group
=logfile       ejabberd_suite.end_per_group.33284.html
=group_props   [{name,pubsub_subscriptions},parallel]
=started       2024-08-23 19:14:25
=ended         2024-08-23 19:14:25
=result        ok
=elapsed       2.0e-6
=group_time    0.241s
=case          ejabberd_SUITE:init_per_group
=logfile       ejabberd_suite.init_per_group.40867.html
=group_props   [{name,pubsub_affiliations},parallel]
=started       2024-08-23 19:14:25
=ended         2024-08-23 19:14:25
=result        ok
=elapsed       3.0e-6
=case          ejabberd_SUITE:pubsub_affiliations_master
=logfile       ejabberd_suite.pubsub_affiliations_master.40899.html
=started       2024-08-23 19:14:25
=ended         2024-08-23 19:14:27
=result        ok
=elapsed       1.739724
=case          ejabberd_SUITE:pubsub_affiliations_slave
=logfile       ejabberd_suite.pubsub_affiliations_slave.40931.html
=started       2024-08-23 19:14:25
=ended         2024-08-23 19:14:27
=result        ok
=elapsed       1.757099
=case          ejabberd_SUITE:end_per_group
=logfile       ejabberd_suite.end_per_group.41027.html
=group_props   [{name,pubsub_affiliations},parallel]
=started       2024-08-23 19:14:27
=ended         2024-08-23 19:14:27
=result        ok
=elapsed       2.0e-6
=group_time    1.815s
=case          ejabberd_SUITE:init_per_group
=logfile       ejabberd_suite.init_per_group.41059.html
=group_props   [{name,pubsub_authorize},parallel]
=started       2024-08-23 19:14:27
=ended         2024-08-23 19:14:27
=result        ok
=elapsed       3.0e-6
=case          ejabberd_SUITE:pubsub_authorize_master
=logfile       ejabberd_suite.pubsub_authorize_master.41091.html
=started       2024-08-23 19:14:27
=ended         2024-08-23 19:14:27
=result        ok
=elapsed       0.210137
=case          ejabberd_SUITE:pubsub_authorize_slave
=logfile       ejabberd_suite.pubsub_authorize_slave.49474.html
=started       2024-08-23 19:14:27
=ended         2024-08-23 19:14:27
=result        ok
=elapsed       0.166786
=case          ejabberd_SUITE:end_per_group
=logfile       ejabberd_suite.end_per_group.49538.html
=group_props   [{name,pubsub_authorize},parallel]
=started       2024-08-23 19:14:27
=ended         2024-08-23 19:14:27
=result        ok
=elapsed       2.0e-6
=group_time    0.267s
=case          ejabberd_SUITE:end_per_group
=logfile       ejabberd_suite.end_per_group.49570.html
=group_props   [{name,pubsub_master_slave},sequence]
=started       2024-08-23 19:14:27
=ended         2024-08-23 19:14:27
=result        ok
=elapsed       6.0e-6
=group_time    2.627s
=case          ejabberd_SUITE:init_per_group
=logfile       ejabberd_suite.init_per_group.49602.html
=group_props   [{name,roster_master_slave},sequence]
=started       2024-08-23 19:14:27
=ended         2024-08-23 19:14:27
=result        ok
=elapsed       3.0e-6
=case          ejabberd_SUITE:init_per_group
=logfile       ejabberd_suite.init_per_group.49634.html
=group_props   [{name,roster_subscribe},parallel]
=started       2024-08-23 19:14:27
=ended         2024-08-23 19:14:27
=result        ok
=elapsed       3.0e-6
=case          ejabberd_SUITE:roster_subscribe_master
=logfile       ejabberd_suite.roster_subscribe_master.49666.html
=started       2024-08-23 19:14:27
=ended         2024-08-23 19:14:40
=result        ok
=elapsed       12.597046
=case          ejabberd_SUITE:roster_subscribe_slave
=logfile       ejabberd_suite.roster_subscribe_slave.41187.html
=started       2024-08-23 19:14:27
=ended         2024-08-23 19:14:40
=result        ok
=elapsed       12.598449
=case          ejabberd_SUITE:end_per_group
=logfile       ejabberd_suite.end_per_group.42659.html
=group_props   [{name,roster_subscribe},parallel]
=started       2024-08-23 19:14:40
=ended         2024-08-23 19:14:40
=result        ok
=elapsed       9.0e-6
=group_time    12.655s
=case          ejabberd_SUITE:end_per_group
=logfile       ejabberd_suite.end_per_group.51810.html
=group_props   [{name,roster_master_slave},sequence]
=started       2024-08-23 19:14:40
=ended         2024-08-23 19:14:40
=result        ok
=elapsed       2.0e-6
=group_time    12.706s
=case          ejabberd_SUITE:init_per_group
=logfile       ejabberd_suite.init_per_group.51842.html
=group_props   [{name,offline_master_slave},sequence]
=started       2024-08-23 19:14:40
=ended         2024-08-23 19:14:40
=result        ok
=elapsed       4.0e-6
=case          ejabberd_SUITE:init_per_group
=logfile       ejabberd_suite.init_per_group.51874.html
=group_props   [{name,offline_flex},parallel]
=started       2024-08-23 19:14:40
=ended         2024-08-23 19:14:40
=result        ok
=elapsed       3.0e-6
=case          ejabberd_SUITE:offline_flex_master
=logfile       ejabberd_suite.offline_flex_master.51906.html
=started       2024-08-23 19:14:40
=ended         2024-08-23 19:14:40
=result        ok
=elapsed       0.208091
=case          ejabberd_SUITE:offline_flex_slave
=logfile       ejabberd_suite.offline_flex_slave.51938.html
=started       2024-08-23 19:14:40
=ended         2024-08-23 19:14:40
=result        ok
=elapsed       0.371279
=case          ejabberd_SUITE:end_per_group
=logfile       ejabberd_suite.end_per_group.51970.html
=group_props   [{name,offline_flex},parallel]
=started       2024-08-23 19:14:40
=ended         2024-08-23 19:14:40
=result        ok
=elapsed       2.0e-6
=group_time    0.429s
=case          ejabberd_SUITE:init_per_group
=logfile       ejabberd_suite.init_per_group.34692.html
=group_props   [{name,offline_send_all},parallel]
=started       2024-08-23 19:14:40
=ended         2024-08-23 19:14:40
=result        ok
=elapsed       3.0e-6
=case          ejabberd_SUITE:offline_send_all_master
=logfile       ejabberd_suite.offline_send_all_master.34724.html
=started       2024-08-23 19:14:40
=ended         2024-08-23 19:14:54
=result        ok
=elapsed       13.728902
=case          ejabberd_SUITE:offline_send_all_slave
=logfile       ejabberd_suite.offline_send_all_slave.34756.html
=started       2024-08-23 19:14:40
=ended         2024-08-23 19:14:54
=result        ok
=elapsed       13.877217
=case          ejabberd_SUITE:end_per_group
=logfile       ejabberd_suite.end_per_group.42723.html
=group_props   [{name,offline_send_all},parallel]
=started       2024-08-23 19:14:54
=ended         2024-08-23 19:14:54
=result        ok
=elapsed       2.0e-6
=group_time    13.934s
=case          ejabberd_SUITE:init_per_group
=logfile       ejabberd_suite.init_per_group.42755.html
=group_props   [{name,offline_from_mam},parallel]
=started       2024-08-23 19:14:54
=ended         2024-08-23 19:14:54
=result        ok
=elapsed       3.0e-6
=case          ejabberd_SUITE:offline_from_mam_master
=logfile       ejabberd_suite.offline_from_mam_master.52066.html
=started       2024-08-23 19:14:54
=ended         2024-08-23 19:15:08
=result        ok
=elapsed       13.807256
=case          ejabberd_SUITE:offline_from_mam_slave
=logfile       ejabberd_suite.offline_from_mam_slave.52098.html
=started       2024-08-23 19:14:54
=ended         2024-08-23 19:15:08
=result        ok
=elapsed       13.98896
=case          ejabberd_SUITE:end_per_group
=logfile       ejabberd_suite.end_per_group.52194.html
=group_props   [{name,offline_from_mam},parallel]
=started       2024-08-23 19:15:08
=ended         2024-08-23 19:15:08
=result        ok
=elapsed       2.0e-6
=group_time    14.047s
=case          ejabberd_SUITE:init_per_group
=logfile       ejabberd_suite.init_per_group.42851.html
=group_props   [{name,offline_mucsub_mam},parallel]
=started       2024-08-23 19:15:08
=ended         2024-08-23 19:15:08
=result        ok
=elapsed       3.0e-6
=case          ejabberd_SUITE:offline_mucsub_mam_master
=logfile       ejabberd_suite.offline_mucsub_mam_master.42883.html
=started       2024-08-23 19:15:08
=ended         2024-08-23 19:15:09
=result        ok
=elapsed       0.241589
=case          ejabberd_SUITE:offline_mucsub_mam_slave
=logfile       ejabberd_suite.offline_mucsub_mam_slave.42915.html
=started       2024-08-23 19:15:08
=ended         2024-08-23 19:15:09
=result        ok
=elapsed       0.237195
=case          ejabberd_SUITE:end_per_group
=logfile       ejabberd_suite.end_per_group.42979.html
=group_props   [{name,offline_mucsub_mam},parallel]
=started       2024-08-23 19:15:09
=ended         2024-08-23 19:15:09
=result        ok
=elapsed       2.0e-6
=group_time    0.300s
=case          ejabberd_SUITE:end_per_group
=logfile       ejabberd_suite.end_per_group.43011.html
=group_props   [{name,offline_master_slave},sequence]
=started       2024-08-23 19:15:09
=ended         2024-08-23 19:15:09
=result        ok
=elapsed       2.0e-6
=group_time    28.835s
=case          ejabberd_SUITE:init_per_group
=logfile       ejabberd_suite.init_per_group.43043.html
=group_props   [{name,mam_master_slave},sequence]
=started       2024-08-23 19:15:09
=ended         2024-08-23 19:15:09
=result        ok
=elapsed       3.0e-6
=case          ejabberd_SUITE:init_per_group
=logfile       ejabberd_suite.init_per_group.43075.html
=group_props   [{name,mam_archived_and_stanza_id},parallel]
=started       2024-08-23 19:15:09
=ended         2024-08-23 19:15:09
=result        ok
=elapsed       1.0e-6
=case          ejabberd_SUITE:mam_archived_and_stanza_id_master
=logfile       ejabberd_suite.mam_archived_and_stanza_id_master.34884.html
=started       2024-08-23 19:15:09
=ended         2024-08-23 19:15:09
=result        ok
=elapsed       0.198813
=case          ejabberd_SUITE:mam_archived_and_stanza_id_slave
=logfile       ejabberd_suite.mam_archived_and_stanza_id_slave.34916.html
=started       2024-08-23 19:15:09
=ended         2024-08-23 19:15:09
=result        ok
=elapsed       0.202025
=case          ejabberd_SUITE:end_per_group
=logfile       ejabberd_suite.end_per_group.35012.html
=group_props   [{name,mam_archived_and_stanza_id},parallel]
=started       2024-08-23 19:15:09
=ended         2024-08-23 19:15:09
=result        ok
=elapsed       2.0e-6
=group_time    0.259s
=case          ejabberd_SUITE:init_per_group
=logfile       ejabberd_suite.init_per_group.43139.html
=group_props   [{name,mam_query_all},parallel]
=started       2024-08-23 19:15:09
=ended         2024-08-23 19:15:09
=result        ok
=elapsed       3.0e-6
=case          ejabberd_SUITE:mam_query_all_master
=logfile       ejabberd_suite.mam_query_all_master.43171.html
=started       2024-08-23 19:15:09
=ended         2024-08-23 19:15:09
=result        ok
=elapsed       0.178154
=case          ejabberd_SUITE:mam_query_all_slave
=logfile       ejabberd_suite.mam_query_all_slave.43203.html
=started       2024-08-23 19:15:09
=ended         2024-08-23 19:15:09
=result        ok
=elapsed       0.181665
=case          ejabberd_SUITE:end_per_group
=logfile       ejabberd_suite.end_per_group.10917.html
=group_props   [{name,mam_query_all},parallel]
=started       2024-08-23 19:15:09
=ended         2024-08-23 19:15:09
=result        ok
=elapsed       8.0e-6
=group_time    0.240s
=case          ejabberd_SUITE:init_per_group
=logfile       ejabberd_suite.init_per_group.43299.html
=group_props   [{name,mam_query_with},parallel]
=started       2024-08-23 19:15:09
=ended         2024-08-23 19:15:09
=result        ok
=elapsed       3.0e-6
=case          ejabberd_SUITE:mam_query_with_master
=logfile       ejabberd_suite.mam_query_with_master.43331.html
=started       2024-08-23 19:15:09
=ended         2024-08-23 19:15:10
=result        ok
=elapsed       0.193173
=case          ejabberd_SUITE:mam_query_with_slave
=logfile       ejabberd_suite.mam_query_with_slave.52322.html
=started       2024-08-23 19:15:09
=ended         2024-08-23 19:15:10
=result        ok
=elapsed       0.195207
=case          ejabberd_SUITE:end_per_group
=logfile       ejabberd_suite.end_per_group.52354.html
=group_props   [{name,mam_query_with},parallel]
=started       2024-08-23 19:15:10
=ended         2024-08-23 19:15:10
=result        ok
=elapsed       2.0e-6
=group_time    0.253s
=case          ejabberd_SUITE:init_per_group
=logfile       ejabberd_suite.init_per_group.52386.html
=group_props   [{name,mam_query_rsm_max},parallel]
=started       2024-08-23 19:15:10
=ended         2024-08-23 19:15:10
=result        ok
=elapsed       2.0e-6
=case          ejabberd_SUITE:mam_query_rsm_max_master
=logfile       ejabberd_suite.mam_query_rsm_max_master.52418.html
=started       2024-08-23 19:15:10
=ended         2024-08-23 19:15:10
=result        ok
=elapsed       0.24614
=case          ejabberd_SUITE:mam_query_rsm_max_slave
=logfile       ejabberd_suite.mam_query_rsm_max_slave.52450.html
=started       2024-08-23 19:15:10
=ended         2024-08-23 19:15:10
=result        ok
=elapsed       0.247813
=case          ejabberd_SUITE:end_per_group
=logfile       ejabberd_suite.end_per_group.52578.html
=group_props   [{name,mam_query_rsm_max},parallel]
=started       2024-08-23 19:15:10
=ended         2024-08-23 19:15:10
=result        ok
=elapsed       2.0e-6
=group_time    0.306s
=case          ejabberd_SUITE:init_per_group
=logfile       ejabberd_suite.init_per_group.52610.html
=group_props   [{name,mam_query_rsm_after},parallel]
=started       2024-08-23 19:15:10
=ended         2024-08-23 19:15:10
=result        ok
=elapsed       3.0e-6
=case          ejabberd_SUITE:mam_query_rsm_after_master
=logfile       ejabberd_suite.mam_query_rsm_after_master.52642.html
=started       2024-08-23 19:15:10
=ended         2024-08-23 19:15:10
=result        ok
=elapsed       0.222641
=case          ejabberd_SUITE:mam_query_rsm_after_slave
=logfile       ejabberd_suite.mam_query_rsm_after_slave.52674.html
=started       2024-08-23 19:15:10
=ended         2024-08-23 19:15:10
=result        ok
=elapsed       0.227215
=case          ejabberd_SUITE:end_per_group
=logfile       ejabberd_suite.end_per_group.52738.html
=group_props   [{name,mam_query_rsm_after},parallel]
=started       2024-08-23 19:15:10
=ended         2024-08-23 19:15:10
=result        ok
=elapsed       9.0e-6
=group_time    0.289s
=case          ejabberd_SUITE:init_per_group
=logfile       ejabberd_suite.init_per_group.35076.html
=group_props   [{name,mam_query_rsm_before},parallel]
=started       2024-08-23 19:15:10
=ended         2024-08-23 19:15:10
=result        ok
=elapsed       2.0e-6
=case          ejabberd_SUITE:mam_query_rsm_before_master
=logfile       ejabberd_suite.mam_query_rsm_before_master.35108.html
=started       2024-08-23 19:15:10
=ended         2024-08-23 19:15:11
=result        ok
=elapsed       0.240587
=case          ejabberd_SUITE:mam_query_rsm_before_slave
=logfile       ejabberd_suite.mam_query_rsm_before_slave.11045.html
=started       2024-08-23 19:15:10
=ended         2024-08-23 19:15:11
=result        ok
=elapsed       0.240979
=case          ejabberd_SUITE:end_per_group
=logfile       ejabberd_suite.end_per_group.35140.html
=group_props   [{name,mam_query_rsm_before},parallel]
=started       2024-08-23 19:15:11
=ended         2024-08-23 19:15:11
=result        ok
=elapsed       2.0e-6
=group_time    0.300s
=case          ejabberd_SUITE:init_per_group
=logfile       ejabberd_suite.init_per_group.35172.html
=group_props   [{name,mam_muc},parallel]
=started       2024-08-23 19:15:11
=ended         2024-08-23 19:15:11
=result        ok
=elapsed       2.0e-6
=case          ejabberd_SUITE:mam_muc_master
=logfile       ejabberd_suite.mam_muc_master.35204.html
=started       2024-08-23 19:15:11
=ended         2024-08-23 19:15:11
=result        ok
=elapsed       0.16451
=case          ejabberd_SUITE:mam_muc_slave
=logfile       ejabberd_suite.mam_muc_slave.35236.html
=started       2024-08-23 19:15:11
=ended         2024-08-23 19:15:11
=result        ok
=elapsed       0.16017
=case          ejabberd_SUITE:end_per_group
=logfile       ejabberd_suite.end_per_group.35300.html
=group_props   [{name,mam_muc},parallel]
=started       2024-08-23 19:15:11
=ended         2024-08-23 19:15:11
=result        ok
=elapsed       2.0e-6
=group_time    0.223s
=case          ejabberd_SUITE:init_per_group
=logfile       ejabberd_suite.init_per_group.43587.html
=group_props   [{name,mam_mucsub},parallel]
=started       2024-08-23 19:15:11
=ended         2024-08-23 19:15:11
=result        ok
=elapsed       3.0e-6
=case          ejabberd_SUITE:mam_mucsub_master
=logfile       ejabberd_suite.mam_mucsub_master.43619.html
=started       2024-08-23 19:15:11
=ended         2024-08-23 19:15:11
=result        ok
=elapsed       0.140891
=case          ejabberd_SUITE:mam_mucsub_slave
=logfile       ejabberd_suite.mam_mucsub_slave.43651.html
=started       2024-08-23 19:15:11
=ended         2024-08-23 19:15:11
=result        ok
=elapsed       0.137858
=case          ejabberd_SUITE:end_per_group
=logfile       ejabberd_suite.end_per_group.52866.html
=group_props   [{name,mam_mucsub},parallel]
=started       2024-08-23 19:15:11
=ended         2024-08-23 19:15:11
=result        ok
=elapsed       3.0e-6
=group_time    0.200s
=case          ejabberd_SUITE:init_per_group
=logfile       ejabberd_suite.init_per_group.52898.html
=group_props   [{name,mam_mucsub_from_muc},parallel]
=started       2024-08-23 19:15:11
=ended         2024-08-23 19:15:11
=result        ok
=elapsed       3.0e-6
=case          ejabberd_SUITE:mam_mucsub_from_muc_master
=logfile       ejabberd_suite.mam_mucsub_from_muc_master.43715.html
=started       2024-08-23 19:15:11
=ended         2024-08-23 19:15:11
=result        ok
=elapsed       0.146192
=case          ejabberd_SUITE:mam_mucsub_from_muc_slave
=logfile       ejabberd_suite.mam_mucsub_from_muc_slave.52930.html
=started       2024-08-23 19:15:11
=ended         2024-08-23 19:15:11
=result        ok
=elapsed       0.140107
=case          ejabberd_SUITE:end_per_group
=logfile       ejabberd_suite.end_per_group.52962.html
=group_props   [{name,mam_mucsub_from_muc},parallel]
=started       2024-08-23 19:15:11
=ended         2024-08-23 19:15:11
=result        ok
=elapsed       2.0e-6
=group_time    0.205s
=case          ejabberd_SUITE:init_per_group
=logfile       ejabberd_suite.init_per_group.52994.html
=group_props   [{name,mam_mucsub_from_muc_non_persistent},parallel]
=started       2024-08-23 19:15:11
=ended         2024-08-23 19:15:11
=result        ok
=elapsed       2.0e-6
=case          ejabberd_SUITE:mam_mucsub_from_muc_non_persistent_master
=logfile       ejabberd_suite.mam_mucsub_from_muc_non_persistent_master.43811.html
=started       2024-08-23 19:15:11
=ended         2024-08-23 19:15:11
=result        ok
=elapsed       0.140175
=case          ejabberd_SUITE:mam_mucsub_from_muc_non_persistent_slave
=logfile       ejabberd_suite.mam_mucsub_from_muc_non_persistent_slave.43843.html
=started       2024-08-23 19:15:11
=ended         2024-08-23 19:15:11
=result        ok
=elapsed       0.137594
=case          ejabberd_SUITE:end_per_group
=logfile       ejabberd_suite.end_per_group.43907.html
=group_props   [{name,mam_mucsub_from_muc_non_persistent},parallel]
=started       2024-08-23 19:15:11
=ended         2024-08-23 19:15:11
=result        ok
=elapsed       2.0e-6
=group_time    0.199s
=case          ejabberd_SUITE:end_per_group
=logfile       ejabberd_suite.end_per_group.43939.html
=group_props   [{name,mam_master_slave},sequence]
=started       2024-08-23 19:15:11
=ended         2024-08-23 19:15:11
=result        ok
=elapsed       1.0e-5
=group_time    2.748s
=case          ejabberd_SUITE:init_per_group
=logfile       ejabberd_suite.init_per_group.43971.html
=group_props   [{name,announce_master_slave},sequence]
=started       2024-08-23 19:15:11
=ended         2024-08-23 19:15:12
=result        ok
=elapsed       3.0e-6
=case          ejabberd_SUITE:init_per_group
=logfile       ejabberd_suite.init_per_group.53058.html
=group_props   [{name,announce_set_motd},parallel]
=started       2024-08-23 19:15:12
=ended         2024-08-23 19:15:12
=result        ok
=elapsed       2.0e-6
=case          ejabberd_SUITE:announce_set_motd_master
=logfile       ejabberd_suite.announce_set_motd_master.53090.html
=started       2024-08-23 19:15:12
=ended         2024-08-23 19:15:12
=result        ok
=elapsed       0.241522
=case          ejabberd_SUITE:announce_set_motd_slave
=logfile       ejabberd_suite.announce_set_motd_slave.53122.html
=started       2024-08-23 19:15:12
=ended         2024-08-23 19:15:12
=result        ok
=elapsed       0.24074
=case          ejabberd_SUITE:end_per_group
=logfile       ejabberd_suite.end_per_group.53250.html
=group_props   [{name,announce_set_motd},parallel]
=started       2024-08-23 19:15:12
=ended         2024-08-23 19:15:12
=result        ok
=elapsed       3.0e-6
=group_time    0.302s
=case          ejabberd_SUITE:end_per_group
=logfile       ejabberd_suite.end_per_group.53282.html
=group_props   [{name,announce_master_slave},sequence]
=started       2024-08-23 19:15:12
=ended         2024-08-23 19:15:12
=result        ok
=elapsed       2.0e-6
=group_time    0.352s
=case          ejabberd_SUITE:init_per_group
=logfile       ejabberd_suite.init_per_group.53314.html
=group_props   [{name,push_master_slave},sequence]
=started       2024-08-23 19:15:12
=ended         2024-08-23 19:15:12
=result        ok
=elapsed       3.0e-6
=case          ejabberd_SUITE:init_per_group
=logfile       ejabberd_suite.init_per_group.53346.html
=group_props   [{name,push_sm},parallel]
=started       2024-08-23 19:15:12
=ended         2024-08-23 19:15:12
=result        ok
=elapsed       3.0e-6
=case          ejabberd_SUITE:push_sm_master
=logfile       ejabberd_suite.push_sm_master.53378.html
=started       2024-08-23 19:15:12
=ended         2024-08-23 19:15:20
=result        ok
=elapsed       8.201924
=case          ejabberd_SUITE:push_sm_slave
=logfile       ejabberd_suite.push_sm_slave.53410.html
=started       2024-08-23 19:15:12
=ended         2024-08-23 19:15:12
=result        ok
=elapsed       0.090545
=case          ejabberd_SUITE:end_per_group
=logfile       ejabberd_suite.end_per_group.53442.html
=group_props   [{name,push_sm},parallel]
=started       2024-08-23 19:15:20
=ended         2024-08-23 19:15:20
=result        ok
=elapsed       2.0e-6
=group_time    8.262s
=case          ejabberd_SUITE:init_per_group
=logfile       ejabberd_suite.init_per_group.53474.html
=group_props   [{name,push_offline},parallel]
=started       2024-08-23 19:15:20
=ended         2024-08-23 19:15:20
=result        ok
=elapsed       2.0e-6
=case          ejabberd_SUITE:push_offline_master
=logfile       ejabberd_suite.push_offline_master.53506.html
=started       2024-08-23 19:15:20
=ended         2024-08-23 19:15:21
=result        ok
=elapsed       0.297062
=case          ejabberd_SUITE:push_offline_slave
=logfile       ejabberd_suite.push_offline_slave.53538.html
=started       2024-08-23 19:15:20
=ended         2024-08-23 19:15:20
=result        ok
=elapsed       0.147769
=case          ejabberd_SUITE:end_per_group
=logfile       ejabberd_suite.end_per_group.53666.html
=group_props   [{name,push_offline},parallel]
=started       2024-08-23 19:15:21
=ended         2024-08-23 19:15:21
=result        ok
=elapsed       2.0e-6
=group_time    0.355s
=case          ejabberd_SUITE:init_per_group
=logfile       ejabberd_suite.init_per_group.53698.html
=group_props   [{name,push_mam},parallel]
=started       2024-08-23 19:15:21
=ended         2024-08-23 19:15:21
=result        ok
=elapsed       3.0e-6
=case          ejabberd_SUITE:push_mam_master
=logfile       ejabberd_suite.push_mam_master.53730.html
=started       2024-08-23 19:15:21
=ended         2024-08-23 19:15:21
=result        ok
=elapsed       0.192563
=case          ejabberd_SUITE:push_mam_slave
=logfile       ejabberd_suite.push_mam_slave.35588.html
=started       2024-08-23 19:15:21
=ended         2024-08-23 19:15:21
=result        ok
=elapsed       0.302094
=case          ejabberd_SUITE:end_per_group
=logfile       ejabberd_suite.end_per_group.35620.html
=group_props   [{name,push_mam},parallel]
=started       2024-08-23 19:15:21
=ended         2024-08-23 19:15:21
=result        ok
=elapsed       2.0e-6
=group_time    0.360s
=case          ejabberd_SUITE:end_per_group
=logfile       ejabberd_suite.end_per_group.53826.html
=group_props   [{name,push_master_slave},sequence]
=started       2024-08-23 19:15:21
=ended         2024-08-23 19:15:21
=result        ok
=elapsed       2.0e-6
=group_time    9.077s
=case          ejabberd_SUITE:end_per_group
=logfile       ejabberd_suite.end_per_group.53858.html
=group_props   [{name,pgsql},sequence]
=started       2024-08-23 19:15:21
=ended         2024-08-23 19:15:21
=result        failed: {test_case_failed,
                           {failed_to_check_table_existence,pgsql,
                               {selected,[<<"exists">>],[[<<"f">>]]}}}, [{ejabberd_SUITE,
                                                                          end_per_group,
                                                                          196},
                                                                         {test_server,
                                                                          ts_tc,
                                                                          1793},
                                                                         {test_server,
                                                                          run_test_case_eval1,
                                                                          1390},
                                                                         {test_server,
                                                                          run_test_case_eval,
                                                                          1234}]
=== *** FAILED {ejabberd_SUITE,end_per_group} ***
=group_time    102.566s
=case          ejabberd_SUITE:init_per_group
=logfile       ejabberd_suite.init_per_group.44195.html
=group_props   [{name,sqlite},sequence]
=started       2024-08-23 19:15:21
=ended         2024-08-23 19:15:21
=result        ok
=elapsed       2.91e-4
=case          ejabberd_SUITE:init_per_group
=logfile       ejabberd_suite.init_per_group.44227.html
=group_props   [{name,single_user},sequence]
=started       2024-08-23 19:15:21
=ended         2024-08-23 19:15:21
=result        ok
=elapsed       4.0e-6
=case          ejabberd_SUITE:test_register
=logfile       ejabberd_suite.test_register.44259.html
=started       2024-08-23 19:15:21
=ended         2024-08-23 19:15:21
=result        ok
=elapsed       0.008633
=case          ejabberd_SUITE:init_per_group
=logfile       ejabberd_suite.init_per_group.44355.html
=group_props   [{name,legacy_auth},parallel]
=started       2024-08-23 19:15:21
=ended         2024-08-23 19:15:21
=result        ok
=elapsed       3.0e-6
=case          ejabberd_SUITE:test_legacy_auth_feature
=logfile       ejabberd_suite.test_legacy_auth_feature.44387.html
=started       2024-08-23 19:15:21
=ended         2024-08-23 19:15:21
=result        ok
=elapsed       8.22e-4
=case          ejabberd_SUITE:test_legacy_auth
=logfile       ejabberd_suite.test_legacy_auth.44451.html
=started       2024-08-23 19:15:21
=ended         2024-08-23 19:15:21
=result        ok
=elapsed       0.111513
=case          ejabberd_SUITE:test_legacy_auth_digest
=logfile       ejabberd_suite.test_legacy_auth_digest.44419.html
=started       2024-08-23 19:15:21
=ended         2024-08-23 19:15:21
=result        ok
=elapsed       0.108222
=case          ejabberd_SUITE:test_legacy_auth_no_resource
=logfile       ejabberd_suite.test_legacy_auth_no_resource.53922.html
=started       2024-08-23 19:15:21
=ended         2024-08-23 19:15:21
=result        ok
=elapsed       0.001813
=case          ejabberd_SUITE:test_legacy_auth_bad_jid
=logfile       ejabberd_suite.test_legacy_auth_bad_jid.53890.html
=started       2024-08-23 19:15:21
=ended         2024-08-23 19:15:21
=result        ok
=elapsed       0.00224
=case          ejabberd_SUITE:test_legacy_auth_fail
=logfile       ejabberd_suite.test_legacy_auth_fail.44483.html
=started       2024-08-23 19:15:21
=ended         2024-08-23 19:15:21
=result        ok
=elapsed       0.004662
=case          ejabberd_SUITE:end_per_group
=logfile       ejabberd_suite.end_per_group.53954.html
=group_props   [{name,legacy_auth},parallel]
=started       2024-08-23 19:15:21
=ended         2024-08-23 19:15:21
=result        ok
=elapsed       8.0e-6
=group_time    0.176s
=case          ejabberd_SUITE:auth_plain
=logfile       ejabberd_suite.auth_plain.44803.html
=started       2024-08-23 19:15:21
=ended         2024-08-23 19:15:21
=result        ok
=elapsed       0.001716
=case          ejabberd_SUITE:auth_md5
=logfile       ejabberd_suite.auth_md5.44867.html
=started       2024-08-23 19:15:21
=ended         2024-08-23 19:15:21
=result        ok
=elapsed       0.002161
=case          ejabberd_SUITE:presence_broadcast
=logfile       ejabberd_suite.presence_broadcast.35684.html
=started       2024-08-23 19:15:21
=ended         2024-08-23 19:15:22
=result        ok
=elapsed       0.213625
=case          ejabberd_SUITE:last
=logfile       ejabberd_suite.last.35716.html
=started       2024-08-23 19:15:22
=ended         2024-08-23 19:15:22
=result        ok
=elapsed       0.104471
=case          ejabberd_SUITE:init_per_group
=logfile       ejabberd_suite.init_per_group.45059.html
=group_props   [{name,webadmin_single},sequence]
=started       2024-08-23 19:15:22
=ended         2024-08-23 19:15:22
=result        ok
=elapsed       3.0e-6
=case          ejabberd_SUITE:webadmin_login_page
=logfile       ejabberd_suite.webadmin_login_page.45091.html
=started       2024-08-23 19:15:22
=ended         2024-08-23 19:15:22
=result        ok
=elapsed       4.31e-4
=case          ejabberd_SUITE:webadmin_welcome_page
=logfile       ejabberd_suite.webadmin_welcome_page.45123.html
=started       2024-08-23 19:15:22
=ended         2024-08-23 19:15:22
=result        ok
=elapsed       0.00444
=case          ejabberd_SUITE:webadmin_user_page
=logfile       ejabberd_suite.webadmin_user_page.45155.html
=started       2024-08-23 19:15:22
=ended         2024-08-23 19:15:22
=result        ok
=elapsed       0.003093
=case          ejabberd_SUITE:webadmin_adduser
=logfile       ejabberd_suite.webadmin_adduser.45187.html
=started       2024-08-23 19:15:22
=ended         2024-08-23 19:15:22
=result        ok
=elapsed       0.008548
=case          ejabberd_SUITE:webadmin_changepassword
=logfile       ejabberd_suite.webadmin_changepassword.45219.html
=started       2024-08-23 19:15:22
=ended         2024-08-23 19:15:22
=result        ok
=elapsed       0.00459
=case          ejabberd_SUITE:webadmin_removeuser
=logfile       ejabberd_suite.webadmin_removeuser.45251.html
=started       2024-08-23 19:15:22
=ended         2024-08-23 19:15:22
=result        ok
=elapsed       0.007907
=case          ejabberd_SUITE:end_per_group
=logfile       ejabberd_suite.end_per_group.45283.html
=group_props   [{name,webadmin_single},sequence]
=started       2024-08-23 19:15:22
=ended         2024-08-23 19:15:22
=result        ok
=elapsed       3.0e-6
=group_time    0.209s
=case          ejabberd_SUITE:init_per_group
=logfile       ejabberd_suite.init_per_group.45315.html
=group_props   [{name,roster_single},sequence]
=started       2024-08-23 19:15:22
=ended         2024-08-23 19:15:22
=result        ok
=elapsed       3.0e-6
=case          ejabberd_SUITE:roster_feature_enabled
=logfile       ejabberd_suite.roster_feature_enabled.45347.html
=started       2024-08-23 19:15:22
=ended         2024-08-23 19:15:22
=result        ok
=elapsed       0.103402
=case          ejabberd_SUITE:roster_iq_set_many_items
=logfile       ejabberd_suite.roster_iq_set_many_items.45411.html
=started       2024-08-23 19:15:22
=ended         2024-08-23 19:15:22
=result        ok
=elapsed       0.104459
=case          ejabberd_SUITE:roster_iq_set_duplicated_groups
=logfile       ejabberd_suite.roster_iq_set_duplicated_groups.45475.html
=started       2024-08-23 19:15:22
=ended         2024-08-23 19:15:22
=result        ok
=elapsed       0.104279
=case          ejabberd_SUITE:roster_iq_get_item
=logfile       ejabberd_suite.roster_iq_get_item.45539.html
=started       2024-08-23 19:15:22
=ended         2024-08-23 19:15:23
=result        ok
=elapsed       0.103639
=case          ejabberd_SUITE:roster_iq_unexpected_element
=logfile       ejabberd_suite.roster_iq_unexpected_element.45635.html
=started       2024-08-23 19:15:23
=ended         2024-08-23 19:15:23
=result        ok
=elapsed       0.104222
=case          ejabberd_SUITE:roster_iq_set_ask
=logfile       ejabberd_suite.roster_iq_set_ask.45667.html
=started       2024-08-23 19:15:23
=ended         2024-08-23 19:15:23
=result        ok
=elapsed       0.103459
=case          ejabberd_SUITE:roster_set_item
=logfile       ejabberd_suite.roster_set_item.45763.html
=started       2024-08-23 19:15:23
=ended         2024-08-23 19:15:23
=result        ok
=elapsed       0.343404
=case          ejabberd_SUITE:roster_version
=logfile       ejabberd_suite.roster_version.45923.html
=started       2024-08-23 19:15:23
=ended         2024-08-23 19:15:23
=result        ok
=elapsed       0.154133
=case          ejabberd_SUITE:end_per_group
=logfile       ejabberd_suite.end_per_group.45987.html
=group_props   [{name,roster_single},sequence]
=started       2024-08-23 19:15:23
=ended         2024-08-23 19:15:23
=result        ok
=elapsed       2.0e-6
=group_time    1.400s
=case          ejabberd_SUITE:init_per_group
=logfile       ejabberd_suite.init_per_group.46019.html
=group_props   [{name,private_single},sequence]
=started       2024-08-23 19:15:23
=ended         2024-08-23 19:15:23
=result        ok
=elapsed       3.0e-6
=case          ejabberd_SUITE:private_test_features
=logfile       ejabberd_suite.private_test_features.46051.html
=started       2024-08-23 19:15:23
=ended         2024-08-23 19:15:24
=result        ok
=elapsed       0.104009
=case          ejabberd_SUITE:private_test_no_namespace
=logfile       ejabberd_suite.private_test_no_namespace.46115.html
=started       2024-08-23 19:15:24
=ended         2024-08-23 19:15:24
=result        ok
=elapsed       0.104328
=case          ejabberd_SUITE:private_test_set_get
=logfile       ejabberd_suite.private_test_set_get.46147.html
=started       2024-08-23 19:15:24
=ended         2024-08-23 19:15:24
=result        ok
=elapsed       0.146162
=case          ejabberd_SUITE:private_test_published
=logfile       ejabberd_suite.private_test_published.46211.html
=started       2024-08-23 19:15:24
=ended         2024-08-23 19:15:24
=result        ok
=elapsed       0.11736
=case          ejabberd_SUITE:end_per_group
=logfile       ejabberd_suite.end_per_group.46275.html
=group_props   [{name,private_single},sequence]
=started       2024-08-23 19:15:24
=ended         2024-08-23 19:15:24
=result        ok
=elapsed       3.0e-6
=group_time    0.619s
=case          ejabberd_SUITE:init_per_group
=logfile       ejabberd_suite.init_per_group.46307.html
=group_props   [{name,privacy_single},sequence]
=started       2024-08-23 19:15:24
=ended         2024-08-23 19:15:24
=result        ok
=elapsed       4.0e-6
=case          ejabberd_SUITE:privacy_feature_enabled
=logfile       ejabberd_suite.privacy_feature_enabled.36164.html
=started       2024-08-23 19:15:24
=ended         2024-08-23 19:15:24
=result        ok
=elapsed       0.103703
=case          ejabberd_SUITE:privacy_set_get_list
=logfile       ejabberd_suite.privacy_set_get_list.36228.html
=started       2024-08-23 19:15:24
=ended         2024-08-23 19:15:24
=result        ok
=elapsed       0.153167
=case          ejabberd_SUITE:privacy_get_list_non_existent
=logfile       ejabberd_suite.privacy_get_list_non_existent.36292.html
=started       2024-08-23 19:15:24
=ended         2024-08-23 19:15:25
=result        ok
=elapsed       0.103951
=case          ejabberd_SUITE:privacy_get_empty_lists
=logfile       ejabberd_suite.privacy_get_empty_lists.36388.html
=started       2024-08-23 19:15:25
=ended         2024-08-23 19:15:25
=result        ok
=elapsed       0.103743
=case          ejabberd_SUITE:privacy_set_default
=logfile       ejabberd_suite.privacy_set_default.36420.html
=started       2024-08-23 19:15:25
=ended         2024-08-23 19:15:25
=result        ok
=elapsed       0.153431
=case          ejabberd_SUITE:privacy_del_default
=logfile       ejabberd_suite.privacy_del_default.46435.html
=started       2024-08-23 19:15:25
=ended         2024-08-23 19:15:25
=result        ok
=elapsed       0.160224
=case          ejabberd_SUITE:privacy_set_default_non_existent
=logfile       ejabberd_suite.privacy_set_default_non_existent.46531.html
=started       2024-08-23 19:15:25
=ended         2024-08-23 19:15:25
=result        ok
=elapsed       0.104433
=case          ejabberd_SUITE:privacy_set_active
=logfile       ejabberd_suite.privacy_set_active.46595.html
=started       2024-08-23 19:15:25
=ended         2024-08-23 19:15:25
=result        ok
=elapsed       0.157662
=case          ejabberd_SUITE:privacy_del_active
=logfile       ejabberd_suite.privacy_del_active.46659.html
=started       2024-08-23 19:15:25
=ended         2024-08-23 19:15:26
=result        ok
=elapsed       0.153086
=case          ejabberd_SUITE:privacy_set_active_non_existent
=logfile       ejabberd_suite.privacy_set_active_non_existent.46723.html
=started       2024-08-23 19:15:26
=ended         2024-08-23 19:15:26
=result        ok
=elapsed       0.104123
=case          ejabberd_SUITE:privacy_remove_list
=logfile       ejabberd_suite.privacy_remove_list.46787.html
=started       2024-08-23 19:15:26
=ended         2024-08-23 19:15:26
=result        ok
=elapsed       0.155688
=case          ejabberd_SUITE:privacy_remove_default_list
=logfile       ejabberd_suite.privacy_remove_default_list.46851.html
=started       2024-08-23 19:15:26
=ended         2024-08-23 19:15:26
=result        ok
=elapsed       0.155166
=case          ejabberd_SUITE:privacy_remove_active_list
=logfile       ejabberd_suite.privacy_remove_active_list.46915.html
=started       2024-08-23 19:15:26
=ended         2024-08-23 19:15:26
=result        ok
=elapsed       0.156972
=case          ejabberd_SUITE:privacy_remove_list_non_existent
=logfile       ejabberd_suite.privacy_remove_list_non_existent.46979.html
=started       2024-08-23 19:15:26
=ended         2024-08-23 19:15:26
=result        ok
=elapsed       0.103379
=case          ejabberd_SUITE:privacy_allow_local_server
=logfile       ejabberd_suite.privacy_allow_local_server.47043.html
=started       2024-08-23 19:15:26
=ended         2024-08-23 19:15:27
=result        ok
=elapsed       0.199574
=case          ejabberd_SUITE:privacy_malformed_iq_query
=logfile       ejabberd_suite.privacy_malformed_iq_query.36580.html
=started       2024-08-23 19:15:27
=ended         2024-08-23 19:15:27
=result        ok
=elapsed       0.104651
=case          ejabberd_SUITE:privacy_malformed_get
=logfile       ejabberd_suite.privacy_malformed_get.36644.html
=started       2024-08-23 19:15:27
=ended         2024-08-23 19:15:27
=result        ok
=elapsed       0.106305
=case          ejabberd_SUITE:privacy_malformed_set
=logfile       ejabberd_suite.privacy_malformed_set.36708.html
=started       2024-08-23 19:15:27
=ended         2024-08-23 19:15:27
=result        ok
=elapsed       0.105488
=case          ejabberd_SUITE:privacy_malformed_type_value
=logfile       ejabberd_suite.privacy_malformed_type_value.36740.html
=started       2024-08-23 19:15:27
=ended         2024-08-23 19:15:27
=result        ok
=elapsed       0.104699
=case          ejabberd_SUITE:privacy_set_get_block
=logfile       ejabberd_suite.privacy_set_get_block.36804.html
=started       2024-08-23 19:15:27
=ended         2024-08-23 19:15:27
=result        ok
=elapsed       0.198735
=case          ejabberd_SUITE:end_per_group
=logfile       ejabberd_suite.end_per_group.47203.html
=group_props   [{name,privacy_single},sequence]
=started       2024-08-23 19:15:27
=ended         2024-08-23 19:15:27
=result        ok
=elapsed       9.0e-6
=group_time    3.352s
=case          ejabberd_SUITE:init_per_group
=logfile       ejabberd_suite.init_per_group.47235.html
=group_props   [{name,vcard_single},sequence]
=started       2024-08-23 19:15:27
=ended         2024-08-23 19:15:27
=result        ok
=elapsed       3.0e-6
=case          ejabberd_SUITE:vcard_feature_enabled
=logfile       ejabberd_suite.vcard_feature_enabled.47267.html
=started       2024-08-23 19:15:27
=ended         2024-08-23 19:15:28
=result        ok
=elapsed       0.105969
=case          ejabberd_SUITE:vcard_get_set
=logfile       ejabberd_suite.vcard_get_set.47299.html
=started       2024-08-23 19:15:28
=ended         2024-08-23 19:15:28
=result        ok
=elapsed       0.108083
=case          ejabberd_SUITE:vcard_service_vcard
=logfile       ejabberd_suite.vcard_service_vcard.47331.html
=started       2024-08-23 19:15:28
=ended         2024-08-23 19:15:28
=result        ok
=elapsed       0.104088
=case          ejabberd_SUITE:end_per_group
=logfile       ejabberd_suite.end_per_group.47395.html
=group_props   [{name,vcard_single},sequence]
=started       2024-08-23 19:15:28
=ended         2024-08-23 19:15:28
=result        ok
=elapsed       4.0e-6
=group_time    0.437s
=case          ejabberd_SUITE:init_per_group
=logfile       ejabberd_suite.init_per_group.47427.html
=group_props   [{name,pubsub_single},sequence]
=started       2024-08-23 19:15:28
=ended         2024-08-23 19:15:28
=result        ok
=elapsed       4.0e-6
=case          ejabberd_SUITE:pubsub_test_features
=logfile       ejabberd_suite.pubsub_test_features.47459.html
=started       2024-08-23 19:15:28
=ended         2024-08-23 19:15:28
=result        ok
=elapsed       0.104006
=case          ejabberd_SUITE:pubsub_test_vcard
=logfile       ejabberd_suite.pubsub_test_vcard.47555.html
=started       2024-08-23 19:15:28
=ended         2024-08-23 19:15:28
=result        ok
=elapsed       0.104359
=case          ejabberd_SUITE:pubsub_test_create
=logfile       ejabberd_suite.pubsub_test_create.47587.html
=started       2024-08-23 19:15:28
=ended         2024-08-23 19:15:28
=result        ok
=elapsed       0.107724
=case          ejabberd_SUITE:pubsub_test_configure
=logfile       ejabberd_suite.pubsub_test_configure.47651.html
=started       2024-08-23 19:15:28
=ended         2024-08-23 19:15:28
=result        ok
=elapsed       0.11347
=case          ejabberd_SUITE:pubsub_test_delete
=logfile       ejabberd_suite.pubsub_test_delete.47683.html
=started       2024-08-23 19:15:28
=ended         2024-08-23 19:15:29
=result        ok
=elapsed       0.1061
=case          ejabberd_SUITE:pubsub_test_get_affiliations
=logfile       ejabberd_suite.pubsub_test_get_affiliations.54626.html
=started       2024-08-23 19:15:29
=ended         2024-08-23 19:15:29
=result        ok
=elapsed       0.142591
=case          ejabberd_SUITE:pubsub_test_get_subscriptions
=logfile       ejabberd_suite.pubsub_test_get_subscriptions.54690.html
=started       2024-08-23 19:15:29
=ended         2024-08-23 19:15:29
=result        ok
=elapsed       0.158418
=case          ejabberd_SUITE:pubsub_test_create_instant
=logfile       ejabberd_suite.pubsub_test_create_instant.47779.html
=started       2024-08-23 19:15:29
=ended         2024-08-23 19:15:29
=result        ok
=elapsed       0.110245
=case          ejabberd_SUITE:pubsub_test_default
=logfile       ejabberd_suite.pubsub_test_default.47843.html
=started       2024-08-23 19:15:29
=ended         2024-08-23 19:15:29
=result        ok
=elapsed       0.105554
=case          ejabberd_SUITE:pubsub_test_create_configure
=logfile       ejabberd_suite.pubsub_test_create_configure.54722.html
=started       2024-08-23 19:15:29
=ended         2024-08-23 19:15:29
=result        ok
=elapsed       0.114824
=case          ejabberd_SUITE:pubsub_test_publish
=logfile       ejabberd_suite.pubsub_test_publish.54754.html
=started       2024-08-23 19:15:29
=ended         2024-08-23 19:15:30
=result        ok
=elapsed       0.113713
=case          ejabberd_SUITE:pubsub_test_auto_create
=logfile       ejabberd_suite.pubsub_test_auto_create.54786.html
=started       2024-08-23 19:15:30
=ended         2024-08-23 19:15:30
=result        ok
=elapsed       0.114999
=case          ejabberd_SUITE:pubsub_test_get_items
=logfile       ejabberd_suite.pubsub_test_get_items.54818.html
=started       2024-08-23 19:15:30
=ended         2024-08-23 19:15:30
=result        ok
=elapsed       0.128813
=case          ejabberd_SUITE:pubsub_test_delete_item
=logfile       ejabberd_suite.pubsub_test_delete_item.54850.html
=started       2024-08-23 19:15:30
=ended         2024-08-23 19:15:30
=result        ok
=elapsed       0.119686
=case          ejabberd_SUITE:pubsub_test_purge
=logfile       ejabberd_suite.pubsub_test_purge.54882.html
=started       2024-08-23 19:15:30
=ended         2024-08-23 19:15:30
=result        ok
=elapsed       0.131878
=case          ejabberd_SUITE:pubsub_test_subscribe
=logfile       ejabberd_suite.pubsub_test_subscribe.54914.html
=started       2024-08-23 19:15:30
=ended         2024-08-23 19:15:30
=result        ok
=elapsed       0.115571
=case          ejabberd_SUITE:pubsub_test_subscribe_max_item_1
=logfile       ejabberd_suite.pubsub_test_subscribe_max_item_1.54978.html
=started       2024-08-23 19:15:30
=ended         2024-08-23 19:15:30
=result        ok
=elapsed       0.120527
=case          ejabberd_SUITE:pubsub_test_unsubscribe
=logfile       ejabberd_suite.pubsub_test_unsubscribe.55042.html
=started       2024-08-23 19:15:30
=ended         2024-08-23 19:15:31
=result        ok
=elapsed       0.11815
=case          ejabberd_SUITE:end_per_group
=logfile       ejabberd_suite.end_per_group.55106.html
=group_props   [{name,pubsub_single},sequence]
=started       2024-08-23 19:15:31
=ended         2024-08-23 19:15:31
=result        ok
=elapsed       8.0e-6
=group_time    2.724s
=case          ejabberd_SUITE:init_per_group
=logfile       ejabberd_suite.init_per_group.55138.html
=group_props   [{name,muc_single},sequence]
=started       2024-08-23 19:15:31
=ended         2024-08-23 19:15:31
=result        ok
=elapsed       3.0e-6
=case          ejabberd_SUITE:muc_service_presence_error
=logfile       ejabberd_suite.muc_service_presence_error.55170.html
=started       2024-08-23 19:15:31
=ended         2024-08-23 19:15:31
=result        ok
=elapsed       0.192088
=case          ejabberd_SUITE:muc_service_message_error
=logfile       ejabberd_suite.muc_service_message_error.55202.html
=started       2024-08-23 19:15:31
=ended         2024-08-23 19:15:31
=result        ok
=elapsed       0.192437
=case          ejabberd_SUITE:muc_service_unknown_ns_iq_error
=logfile       ejabberd_suite.muc_service_unknown_ns_iq_error.55266.html
=started       2024-08-23 19:15:31
=ended         2024-08-23 19:15:31
=result        ok
=elapsed       0.190641
=case          ejabberd_SUITE:muc_service_iq_set_error
=logfile       ejabberd_suite.muc_service_iq_set_error.55298.html
=started       2024-08-23 19:15:31
=ended         2024-08-23 19:15:32
=result        ok
=elapsed       0.324685
=case          ejabberd_SUITE:muc_service_improper_iq_error
=logfile       ejabberd_suite.muc_service_improper_iq_error.55330.html
=started       2024-08-23 19:15:32
=ended         2024-08-23 19:15:32
=result        ok
=elapsed       0.277117
=case          ejabberd_SUITE:muc_service_features
=logfile       ejabberd_suite.muc_service_features.55394.html
=started       2024-08-23 19:15:32
=ended         2024-08-23 19:15:32
=result        ok
=elapsed       0.106779
=case          ejabberd_SUITE:muc_service_disco_info_node_error
=logfile       ejabberd_suite.muc_service_disco_info_node_error.55490.html
=started       2024-08-23 19:15:32
=ended         2024-08-23 19:15:32
=result        ok
=elapsed       0.104312
=case          ejabberd_SUITE:muc_service_disco_items
=logfile       ejabberd_suite.muc_service_disco_items.55586.html
=started       2024-08-23 19:15:32
=ended         2024-08-23 19:15:32
=result        ok
=elapsed       0.186057
=case          ejabberd_SUITE:muc_service_unique
=logfile       ejabberd_suite.muc_service_unique.55714.html
=started       2024-08-23 19:15:32
=ended         2024-08-23 19:15:33
=result        ok
=elapsed       0.104325
=case          ejabberd_SUITE:muc_service_vcard
=logfile       ejabberd_suite.muc_service_vcard.55778.html
=started       2024-08-23 19:15:33
=ended         2024-08-23 19:15:33
=result        ok
=elapsed       0.104048
=case          ejabberd_SUITE:muc_configure_non_existent
=logfile       ejabberd_suite.muc_configure_non_existent.55842.html
=started       2024-08-23 19:15:33
=ended         2024-08-23 19:15:33
=result        ok
=elapsed       0.108228
=case          ejabberd_SUITE:muc_cancel_configure_non_existent
=logfile       ejabberd_suite.muc_cancel_configure_non_existent.55906.html
=started       2024-08-23 19:15:33
=ended         2024-08-23 19:15:33
=result        ok
=elapsed       0.106145
=case          ejabberd_SUITE:muc_service_subscriptions
=logfile       ejabberd_suite.muc_service_subscriptions.55970.html
=started       2024-08-23 19:15:33
=ended         2024-08-23 19:15:33
=result        ok
=elapsed       0.224543
=case          ejabberd_SUITE:muc_set_room_affiliation
=logfile       ejabberd_suite.muc_set_room_affiliation.56098.html
=started       2024-08-23 19:15:33
=ended         2024-08-23 19:15:33
=result        ok
=elapsed       0.122443
=case          ejabberd_SUITE:end_per_group
=logfile       ejabberd_suite.end_per_group.56162.html
=group_props   [{name,muc_single},sequence]
=started       2024-08-23 19:15:33
=ended         2024-08-23 19:15:33
=result        ok
=elapsed       3.0e-6
=group_time    2.815s
=case          ejabberd_SUITE:init_per_group
=logfile       ejabberd_suite.init_per_group.56194.html
=group_props   [{name,offline_single},sequence]
=started       2024-08-23 19:15:33
=ended         2024-08-23 19:15:33
=result        ok
=elapsed       3.0e-6
=case          ejabberd_SUITE:offline_feature_enabled
=logfile       ejabberd_suite.offline_feature_enabled.56226.html
=started       2024-08-23 19:15:33
=ended         2024-08-23 19:15:34
=result        ok
=elapsed       0.104279
=case          ejabberd_SUITE:offline_check_identity
=logfile       ejabberd_suite.offline_check_identity.56322.html
=started       2024-08-23 19:15:34
=ended         2024-08-23 19:15:34
=result        ok
=elapsed       0.103726
=case          ejabberd_SUITE:offline_send_non_existent
=logfile       ejabberd_suite.offline_send_non_existent.56386.html
=started       2024-08-23 19:15:34
=ended         2024-08-23 19:15:34
=result        ok
=elapsed       0.103725
=case          ejabberd_SUITE:offline_view_non_existent
=logfile       ejabberd_suite.offline_view_non_existent.56450.html
=started       2024-08-23 19:15:34
=ended         2024-08-23 19:15:34
=result        ok
=elapsed       0.103848
=case          ejabberd_SUITE:offline_remove_non_existent
=logfile       ejabberd_suite.offline_remove_non_existent.56514.html
=started       2024-08-23 19:15:34
=ended         2024-08-23 19:15:34
=result        ok
=elapsed       0.103287
=case          ejabberd_SUITE:offline_view_non_integer
=logfile       ejabberd_suite.offline_view_non_integer.56546.html
=started       2024-08-23 19:15:34
=ended         2024-08-23 19:15:34
=result        ok
=elapsed       0.10498
=case          ejabberd_SUITE:offline_remove_non_integer
=logfile       ejabberd_suite.offline_remove_non_integer.56642.html
=started       2024-08-23 19:15:34
=ended         2024-08-23 19:15:34
=result        ok
=elapsed       0.103717
=case          ejabberd_SUITE:offline_malformed_iq
=logfile       ejabberd_suite.offline_malformed_iq.56706.html
=started       2024-08-23 19:15:34
=ended         2024-08-23 19:15:35
=result        ok
=elapsed       0.107167
=case          ejabberd_SUITE:offline_wrong_user
=logfile       ejabberd_suite.offline_wrong_user.56770.html
=started       2024-08-23 19:15:35
=ended         2024-08-23 19:15:35
=result        ok
=elapsed       0.110982
=case          ejabberd_SUITE:offline_unsupported_iq
=logfile       ejabberd_suite.offline_unsupported_iq.56834.html
=started       2024-08-23 19:15:35
=ended         2024-08-23 19:15:35
=result        ok
=elapsed       0.103513
=case          ejabberd_SUITE:end_per_group
=logfile       ejabberd_suite.end_per_group.56930.html
=group_props   [{name,offline_single},sequence]
=started       2024-08-23 19:15:35
=ended         2024-08-23 19:15:35
=result        ok
=elapsed       3.0e-6
=group_time    1.392s
=case          ejabberd_SUITE:init_per_group
=logfile       ejabberd_suite.init_per_group.56962.html
=group_props   [{name,mam_single},sequence]
=started       2024-08-23 19:15:35
=ended         2024-08-23 19:15:35
=result        ok
=elapsed       3.0e-6
=case          ejabberd_SUITE:mam_feature_enabled
=logfile       ejabberd_suite.mam_feature_enabled.56994.html
=started       2024-08-23 19:15:35
=ended         2024-08-23 19:15:35
=result        ok
=elapsed       0.105265
=case          ejabberd_SUITE:mam_get_set_prefs
=logfile       ejabberd_suite.mam_get_set_prefs.57026.html
=started       2024-08-23 19:15:35
=ended         2024-08-23 19:15:37
=result        ok
=elapsed       1.894137
=case          ejabberd_SUITE:mam_get_form
=logfile       ejabberd_suite.mam_get_form.57090.html
=started       2024-08-23 19:15:37
=ended         2024-08-23 19:15:37
=result        ok
=elapsed       0.106784
=case          ejabberd_SUITE:mam_fake_by
=logfile       ejabberd_suite.mam_fake_by.57154.html
=started       2024-08-23 19:15:37
=ended         2024-08-23 19:15:37
=result        ok
=elapsed       0.10476
=case          ejabberd_SUITE:end_per_group
=logfile       ejabberd_suite.end_per_group.57218.html
=group_props   [{name,mam_single},sequence]
=started       2024-08-23 19:15:37
=ended         2024-08-23 19:15:37
=result        ok
=elapsed       2.0e-6
=group_time    2.361s
=case          ejabberd_SUITE:init_per_group
=logfile       ejabberd_suite.init_per_group.37604.html
=group_props   [{name,push_single},sequence]
=started       2024-08-23 19:15:37
=ended         2024-08-23 19:15:37
=result        ok
=elapsed       2.0e-6
=case          ejabberd_SUITE:push_feature_enabled
=logfile       ejabberd_suite.push_feature_enabled.37636.html
=started       2024-08-23 19:15:37
=ended         2024-08-23 19:15:37
=result        ok
=elapsed       0.10394
=case          ejabberd_SUITE:push_unsupported_iq
=logfile       ejabberd_suite.push_unsupported_iq.37700.html
=started       2024-08-23 19:15:37
=ended         2024-08-23 19:15:38
=result        ok
=elapsed       0.105016
=case          ejabberd_SUITE:end_per_group
=logfile       ejabberd_suite.end_per_group.37796.html
=group_props   [{name,push_single},sequence]
=started       2024-08-23 19:15:38
=ended         2024-08-23 19:15:38
=result        ok
=elapsed       2.0e-6
=group_time    0.296s
=case          ejabberd_SUITE:test_unregister
=logfile       ejabberd_suite.test_unregister.37828.html
=started       2024-08-23 19:15:38
=ended         2024-08-23 19:15:38
=result        ok
=elapsed       0.010624
=case          ejabberd_SUITE:end_per_group
=logfile       ejabberd_suite.end_per_group.37892.html
=group_props   [{name,single_user},sequence]
=started       2024-08-23 19:15:38
=ended         2024-08-23 19:15:38
=result        ok
=elapsed       1.1e-5
=group_time    16.599s
=case          ejabberd_SUITE:init_per_group
=logfile       ejabberd_suite.init_per_group.37924.html
=group_props   [{name,muc_master_slave},sequence]
=started       2024-08-23 19:15:38
=ended         2024-08-23 19:15:38
=result        ok
=elapsed       3.0e-6
=case          ejabberd_SUITE:init_per_group
=logfile       ejabberd_suite.init_per_group.49027.html
=group_props   [{name,muc_register},parallel]
=started       2024-08-23 19:15:38
=ended         2024-08-23 19:15:38
=result        ok
=elapsed       2.0e-6
=case          ejabberd_SUITE:muc_register_master
=logfile       ejabberd_suite.muc_register_master.49059.html
=started       2024-08-23 19:15:38
=ended         2024-08-23 19:15:38
=result        ok
=elapsed       0.124549
=case          ejabberd_SUITE:muc_register_slave
=logfile       ejabberd_suite.muc_register_slave.49091.html
=started       2024-08-23 19:15:38
=ended         2024-08-23 19:15:38
=result        ok
=elapsed       0.123476
=case          ejabberd_SUITE:end_per_group
=logfile       ejabberd_suite.end_per_group.57378.html
=group_props   [{name,muc_register},parallel]
=started       2024-08-23 19:15:38
=ended         2024-08-23 19:15:38
=result        ok
=elapsed       2.0e-6
=group_time    0.189s
=case          ejabberd_SUITE:init_per_group
=logfile       ejabberd_suite.init_per_group.57410.html
=group_props   [{name,muc_groupchat_msg},parallel]
=started       2024-08-23 19:15:38
=ended         2024-08-23 19:15:38
=result        ok
=elapsed       4.0e-6
=case          ejabberd_SUITE:muc_groupchat_msg_master
=logfile       ejabberd_suite.muc_groupchat_msg_master.49187.html
=started       2024-08-23 19:15:38
=ended         2024-08-23 19:15:38
=result        ok
=elapsed       0.129407
=case          ejabberd_SUITE:muc_groupchat_msg_slave
=logfile       ejabberd_suite.muc_groupchat_msg_slave.57442.html
=started       2024-08-23 19:15:38
=ended         2024-08-23 19:15:38
=result        ok
=elapsed       0.123036
=case          ejabberd_SUITE:end_per_group
=logfile       ejabberd_suite.end_per_group.57538.html
=group_props   [{name,muc_groupchat_msg},parallel]
=started       2024-08-23 19:15:38
=ended         2024-08-23 19:15:38
=result        ok
=elapsed       2.0e-6
=group_time    0.189s
=case          ejabberd_SUITE:init_per_group
=logfile       ejabberd_suite.init_per_group.57570.html
=group_props   [{name,muc_private_msg},parallel]
=started       2024-08-23 19:15:38
=ended         2024-08-23 19:15:38
=result        ok
=elapsed       2.0e-6
=case          ejabberd_SUITE:muc_private_msg_master
=logfile       ejabberd_suite.muc_private_msg_master.57602.html
=started       2024-08-23 19:15:38
=ended         2024-08-23 19:15:38
=result        ok
=elapsed       0.176259
=case          ejabberd_SUITE:muc_private_msg_slave
=logfile       ejabberd_suite.muc_private_msg_slave.57634.html
=started       2024-08-23 19:15:38
=ended         2024-08-23 19:15:38
=result        ok
=elapsed       0.166757
=case          ejabberd_SUITE:end_per_group
=logfile       ejabberd_suite.end_per_group.37988.html
=group_props   [{name,muc_private_msg},parallel]
=started       2024-08-23 19:15:38
=ended         2024-08-23 19:15:38
=result        ok
=elapsed       1.0e-5
=group_time    0.238s
=case          ejabberd_SUITE:init_per_group
=logfile       ejabberd_suite.init_per_group.38020.html
=group_props   [{name,muc_set_subject},parallel]
=started       2024-08-23 19:15:38
=ended         2024-08-23 19:15:38
=result        ok
=elapsed       3.0e-6
=case          ejabberd_SUITE:muc_set_subject_master
=logfile       ejabberd_suite.muc_set_subject_master.38052.html
=started       2024-08-23 19:15:38
=ended         2024-08-23 19:15:39
=result        ok
=elapsed       0.14262
=case          ejabberd_SUITE:muc_set_subject_slave
=logfile       ejabberd_suite.muc_set_subject_slave.38084.html
=started       2024-08-23 19:15:38
=ended         2024-08-23 19:15:39
=result        ok
=elapsed       0.139598
=case          ejabberd_SUITE:end_per_group
=logfile       ejabberd_suite.end_per_group.38180.html
=group_props   [{name,muc_set_subject},parallel]
=started       2024-08-23 19:15:39
=ended         2024-08-23 19:15:39
=result        ok
=elapsed       6.0e-6
=group_time    0.204s
=case          ejabberd_SUITE:init_per_group
=logfile       ejabberd_suite.init_per_group.38212.html
=group_props   [{name,muc_history},parallel]
=started       2024-08-23 19:15:39
=ended         2024-08-23 19:15:39
=result        ok
=elapsed       2.0e-6
=case          ejabberd_SUITE:muc_history_master
=logfile       ejabberd_suite.muc_history_master.38244.html
=started       2024-08-23 19:15:39
=ended         2024-08-23 19:15:39
=result        ok
=elapsed       0.172303
=case          ejabberd_SUITE:muc_history_slave
=logfile       ejabberd_suite.muc_history_slave.38276.html
=started       2024-08-23 19:15:39
=ended         2024-08-23 19:15:39
=result        ok
=elapsed       0.166886
=case          ejabberd_SUITE:end_per_group
=logfile       ejabberd_suite.end_per_group.11397.html
=group_props   [{name,muc_history},parallel]
=started       2024-08-23 19:15:39
=ended         2024-08-23 19:15:39
=result        ok
=elapsed       1.0e-5
=group_time    0.232s
=case          ejabberd_SUITE:init_per_group
=logfile       ejabberd_suite.init_per_group.11429.html
=group_props   [{name,muc_invite},parallel]
=started       2024-08-23 19:15:39
=ended         2024-08-23 19:15:39
=result        ok
=elapsed       3.0e-6
=case          ejabberd_SUITE:muc_invite_master
=logfile       ejabberd_suite.muc_invite_master.11461.html
=started       2024-08-23 19:15:39
=ended         2024-08-23 19:15:39
=result        ok
=elapsed       0.120788
=case          ejabberd_SUITE:muc_invite_slave
=logfile       ejabberd_suite.muc_invite_slave.11493.html
=started       2024-08-23 19:15:39
=ended         2024-08-23 19:15:39
=result        ok
=elapsed       0.154109
=case          ejabberd_SUITE:end_per_group
=logfile       ejabberd_suite.end_per_group.11525.html
=group_props   [{name,muc_invite},parallel]
=started       2024-08-23 19:15:39
=ended         2024-08-23 19:15:39
=result        ok
=elapsed       8.0e-6
=group_time    0.213s
=case          ejabberd_SUITE:init_per_group
=logfile       ejabberd_suite.init_per_group.11557.html
=group_props   [{name,muc_invite_members_only},parallel]
=started       2024-08-23 19:15:39
=ended         2024-08-23 19:15:39
=result        ok
=elapsed       3.0e-6
=case          ejabberd_SUITE:muc_invite_members_only_master
=logfile       ejabberd_suite.muc_invite_members_only_master.11589.html
=started       2024-08-23 19:15:39
=ended         2024-08-23 19:15:39
=result        ok
=elapsed       0.125325
=case          ejabberd_SUITE:muc_invite_members_only_slave
=logfile       ejabberd_suite.muc_invite_members_only_slave.11621.html
=started       2024-08-23 19:15:39
=ended         2024-08-23 19:15:39
=result        ok
=elapsed       0.119536
=case          ejabberd_SUITE:end_per_group
=logfile       ejabberd_suite.end_per_group.11717.html
=group_props   [{name,muc_invite_members_only},parallel]
=started       2024-08-23 19:15:39
=ended         2024-08-23 19:15:39
=result        ok
=elapsed       7.0e-6
=group_time    0.190s
=case          ejabberd_SUITE:init_per_group
=logfile       ejabberd_suite.init_per_group.11749.html
=group_props   [{name,muc_invite_password_protected},parallel]
=started       2024-08-23 19:15:39
=ended         2024-08-23 19:15:39
=result        ok
=elapsed       3.0e-6
=case          ejabberd_SUITE:muc_invite_password_protected_master
=logfile       ejabberd_suite.muc_invite_password_protected_master.57826.html
=started       2024-08-23 19:15:39
=ended         2024-08-23 19:15:40
=result        ok
=elapsed       0.16737
=case          ejabberd_SUITE:muc_invite_password_protected_slave
=logfile       ejabberd_suite.muc_invite_password_protected_slave.57858.html
=started       2024-08-23 19:15:39
=ended         2024-08-23 19:15:39
=result        ok
=elapsed       0.119042
=case          ejabberd_SUITE:end_per_group
=logfile       ejabberd_suite.end_per_group.57922.html
=group_props   [{name,muc_invite_password_protected},parallel]
=started       2024-08-23 19:15:40
=ended         2024-08-23 19:15:40
=result        ok
=elapsed       2.0e-6
=group_time    0.229s
=case          ejabberd_SUITE:init_per_group
=logfile       ejabberd_suite.init_per_group.57954.html
=group_props   [{name,muc_voice_request},parallel]
=started       2024-08-23 19:15:40
=ended         2024-08-23 19:15:40
=result        ok
=elapsed       3.0e-6
=case          ejabberd_SUITE:muc_voice_request_master
=logfile       ejabberd_suite.muc_voice_request_master.49699.html
=started       2024-08-23 19:15:40
=ended         2024-08-23 19:15:40
=result        ok
=elapsed       0.128505
=case          ejabberd_SUITE:muc_voice_request_slave
=logfile       ejabberd_suite.muc_voice_request_slave.11813.html
=started       2024-08-23 19:15:40
=ended         2024-08-23 19:15:40
=result        ok
=elapsed       0.123185
=case          ejabberd_SUITE:end_per_group
=logfile       ejabberd_suite.end_per_group.11845.html
=group_props   [{name,muc_voice_request},parallel]
=started       2024-08-23 19:15:40
=ended         2024-08-23 19:15:40
=result        ok
=elapsed       2.0e-6
=group_time    0.190s
=case          ejabberd_SUITE:init_per_group
=logfile       ejabberd_suite.init_per_group.11877.html
=group_props   [{name,muc_change_role},parallel]
=started       2024-08-23 19:15:40
=ended         2024-08-23 19:15:40
=result        ok
=elapsed       3.0e-6
=case          ejabberd_SUITE:muc_change_role_master
=logfile       ejabberd_suite.muc_change_role_master.38596.html
=started       2024-08-23 19:15:40
=ended         2024-08-23 19:15:40
=result        ok
=elapsed       0.139087
=case          ejabberd_SUITE:muc_change_role_slave
=logfile       ejabberd_suite.muc_change_role_slave.38628.html
=started       2024-08-23 19:15:40
=ended         2024-08-23 19:15:40
=result        ok
=elapsed       0.13589
=case          ejabberd_SUITE:end_per_group
=logfile       ejabberd_suite.end_per_group.38692.html
=group_props   [{name,muc_change_role},parallel]
=started       2024-08-23 19:15:40
=ended         2024-08-23 19:15:40
=result        ok
=elapsed       2.0e-6
=group_time    0.203s
=case          ejabberd_SUITE:init_per_group
=logfile       ejabberd_suite.init_per_group.38724.html
=group_props   [{name,muc_kick},parallel]
=started       2024-08-23 19:15:40
=ended         2024-08-23 19:15:40
=result        ok
=elapsed       3.0e-6
=case          ejabberd_SUITE:muc_kick_master
=logfile       ejabberd_suite.muc_kick_master.38756.html
=started       2024-08-23 19:15:40
=ended         2024-08-23 19:15:40
=result        ok
=elapsed       0.128885
=case          ejabberd_SUITE:muc_kick_slave
=logfile       ejabberd_suite.muc_kick_slave.38788.html
=started       2024-08-23 19:15:40
=ended         2024-08-23 19:15:40
=result        ok
=elapsed       0.121327
=case          ejabberd_SUITE:end_per_group
=logfile       ejabberd_suite.end_per_group.38884.html
=group_props   [{name,muc_kick},parallel]
=started       2024-08-23 19:15:40
=ended         2024-08-23 19:15:40
=result        ok
=elapsed       2.0e-6
=group_time    0.190s
=case          ejabberd_SUITE:init_per_group
=logfile       ejabberd_suite.init_per_group.38916.html
=group_props   [{name,muc_change_affiliation},parallel]
=started       2024-08-23 19:15:40
=ended         2024-08-23 19:15:40
=result        ok
=elapsed       3.0e-6
=case          ejabberd_SUITE:muc_change_affiliation_master
=logfile       ejabberd_suite.muc_change_affiliation_master.38948.html
=started       2024-08-23 19:15:40
=ended         2024-08-23 19:15:40
=result        ok
=elapsed       0.146839
=case          ejabberd_SUITE:muc_change_affiliation_slave
=logfile       ejabberd_suite.muc_change_affiliation_slave.38980.html
=started       2024-08-23 19:15:40
=ended         2024-08-23 19:15:40
=result        ok
=elapsed       0.137324
=case          ejabberd_SUITE:end_per_group
=logfile       ejabberd_suite.end_per_group.39076.html
=group_props   [{name,muc_change_affiliation},parallel]
=started       2024-08-23 19:15:40
=ended         2024-08-23 19:15:40
=result        ok
=elapsed       2.0e-6
=group_time    0.209s
=case          ejabberd_SUITE:init_per_group
=logfile       ejabberd_suite.init_per_group.39108.html
=group_props   [{name,muc_destroy},parallel]
=started       2024-08-23 19:15:40
=ended         2024-08-23 19:15:40
=result        ok
=elapsed       2.0e-6
=case          ejabberd_SUITE:muc_destroy_master
=logfile       ejabberd_suite.muc_destroy_master.39140.html
=started       2024-08-23 19:15:40
=ended         2024-08-23 19:15:41
=result        ok
=elapsed       0.126608
=case          ejabberd_SUITE:muc_destroy_slave
=logfile       ejabberd_suite.muc_destroy_slave.39172.html
=started       2024-08-23 19:15:40
=ended         2024-08-23 19:15:41
=result        ok
=elapsed       0.123399
=case          ejabberd_SUITE:end_per_group
=logfile       ejabberd_suite.end_per_group.39268.html
=group_props   [{name,muc_destroy},parallel]
=started       2024-08-23 19:15:41
=ended         2024-08-23 19:15:41
=result        ok
=elapsed       2.0e-6
=group_time    0.185s
=case          ejabberd_SUITE:init_per_group
=logfile       ejabberd_suite.init_per_group.39300.html
=group_props   [{name,muc_vcard},parallel]
=started       2024-08-23 19:15:41
=ended         2024-08-23 19:15:41
=result        ok
=elapsed       3.0e-6
=case          ejabberd_SUITE:muc_vcard_master
=logfile       ejabberd_suite.muc_vcard_master.58210.html
=started       2024-08-23 19:15:41
=ended         2024-08-23 19:15:41
=result        ok
=elapsed       0.134251
=case          ejabberd_SUITE:muc_vcard_slave
=logfile       ejabberd_suite.muc_vcard_slave.58242.html
=started       2024-08-23 19:15:41
=ended         2024-08-23 19:15:41
=result        ok
=elapsed       0.126763
=case          ejabberd_SUITE:end_per_group
=logfile       ejabberd_suite.end_per_group.58338.html
=group_props   [{name,muc_vcard},parallel]
=started       2024-08-23 19:15:41
=ended         2024-08-23 19:15:41
=result        ok
=elapsed       2.0e-6
=group_time    0.197s
=case          ejabberd_SUITE:init_per_group
=logfile       ejabberd_suite.init_per_group.49987.html
=group_props   [{name,muc_nick_change},parallel]
=started       2024-08-23 19:15:41
=ended         2024-08-23 19:15:41
=result        ok
=elapsed       3.0e-6
=case          ejabberd_SUITE:muc_nick_change_master
=logfile       ejabberd_suite.muc_nick_change_master.50019.html
=started       2024-08-23 19:15:41
=ended         2024-08-23 19:15:41
=result        ok
=elapsed       0.128571
=case          ejabberd_SUITE:muc_nick_change_slave
=logfile       ejabberd_suite.muc_nick_change_slave.50051.html
=started       2024-08-23 19:15:41
=ended         2024-08-23 19:15:41
=result        ok
=elapsed       0.123273
=case          ejabberd_SUITE:end_per_group
=logfile       ejabberd_suite.end_per_group.58402.html
=group_props   [{name,muc_nick_change},parallel]
=started       2024-08-23 19:15:41
=ended         2024-08-23 19:15:41
=result        ok
=elapsed       2.0e-6
=group_time    0.190s
=case          ejabberd_SUITE:init_per_group
=logfile       ejabberd_suite.init_per_group.50083.html
=group_props   [{name,muc_config_title_desc},parallel]
=started       2024-08-23 19:15:41
=ended         2024-08-23 19:15:41
=result        ok
=elapsed       2.0e-6
=case          ejabberd_SUITE:muc_config_title_desc_master
=logfile       ejabberd_suite.muc_config_title_desc_master.50115.html
=started       2024-08-23 19:15:41
=ended         2024-08-23 19:15:41
=result        ok
=elapsed       0.130071
=case          ejabberd_SUITE:muc_config_title_desc_slave
=logfile       ejabberd_suite.muc_config_title_desc_slave.50147.html
=started       2024-08-23 19:15:41
=ended         2024-08-23 19:15:41
=result        ok
=elapsed       0.122492
=case          ejabberd_SUITE:end_per_group
=logfile       ejabberd_suite.end_per_group.50179.html
=group_props   [{name,muc_config_title_desc},parallel]
=started       2024-08-23 19:15:41
=ended         2024-08-23 19:15:41
=result        ok
=elapsed       2.0e-6
=group_time    0.190s
=case          ejabberd_SUITE:init_per_group
=logfile       ejabberd_suite.init_per_group.50211.html
=group_props   [{name,muc_config_public_list},parallel]
=started       2024-08-23 19:15:41
=ended         2024-08-23 19:15:41
=result        ok
=elapsed       3.0e-6
=case          ejabberd_SUITE:muc_config_public_list_master
=logfile       ejabberd_suite.muc_config_public_list_master.50243.html
=started       2024-08-23 19:15:41
=ended         2024-08-23 19:15:41
=result        ok
=elapsed       0.133793
=case          ejabberd_SUITE:muc_config_public_list_slave
=logfile       ejabberd_suite.muc_config_public_list_slave.58466.html
=started       2024-08-23 19:15:41
=ended         2024-08-23 19:15:41
=result        ok
=elapsed       0.125424
=case          ejabberd_SUITE:end_per_group
=logfile       ejabberd_suite.end_per_group.58498.html
=group_props   [{name,muc_config_public_list},parallel]
=started       2024-08-23 19:15:42
=ended         2024-08-23 19:15:42
=result        ok
=elapsed       2.0e-6
=group_time    0.194s
=case          ejabberd_SUITE:init_per_group
=logfile       ejabberd_suite.init_per_group.58530.html
=group_props   [{name,muc_config_password},parallel]
=started       2024-08-23 19:15:42
=ended         2024-08-23 19:15:42
=result        ok
=elapsed       2.0e-6
=case          ejabberd_SUITE:muc_config_password_master
=logfile       ejabberd_suite.muc_config_password_master.58562.html
=started       2024-08-23 19:15:42
=ended         2024-08-23 19:15:42
=result        ok
=elapsed       0.135047
=case          ejabberd_SUITE:muc_config_password_slave
=logfile       ejabberd_suite.muc_config_password_slave.58594.html
=started       2024-08-23 19:15:42
=ended         2024-08-23 19:15:42
=result        ok
=elapsed       0.125669
=case          ejabberd_SUITE:end_per_group
=logfile       ejabberd_suite.end_per_group.58754.html
=group_props   [{name,muc_config_password},parallel]
=started       2024-08-23 19:15:42
=ended         2024-08-23 19:15:42
=result        ok
=elapsed       2.0e-6
=group_time    0.196s
=case          ejabberd_SUITE:init_per_group
=logfile       ejabberd_suite.init_per_group.58786.html
=group_props   [{name,muc_config_whois},parallel]
=started       2024-08-23 19:15:42
=ended         2024-08-23 19:15:42
=result        ok
=elapsed       2.0e-6
=case          ejabberd_SUITE:muc_config_whois_master
=logfile       ejabberd_suite.muc_config_whois_master.58818.html
=started       2024-08-23 19:15:42
=ended         2024-08-23 19:15:42
=result        ok
=elapsed       0.140816
=case          ejabberd_SUITE:muc_config_whois_slave
=logfile       ejabberd_suite.muc_config_whois_slave.58850.html
=started       2024-08-23 19:15:42
=ended         2024-08-23 19:15:42
=result        ok
=elapsed       0.135518
=case          ejabberd_SUITE:end_per_group
=logfile       ejabberd_suite.end_per_group.58882.html
=group_props   [{name,muc_config_whois},parallel]
=started       2024-08-23 19:15:42
=ended         2024-08-23 19:15:42
=result        ok
=elapsed       2.0e-6
=group_time    0.201s
=case          ejabberd_SUITE:init_per_group
=logfile       ejabberd_suite.init_per_group.58914.html
=group_props   [{name,muc_config_members_only},parallel]
=started       2024-08-23 19:15:42
=ended         2024-08-23 19:15:42
=result        ok
=elapsed       3.0e-6
=case          ejabberd_SUITE:muc_config_members_only_master
=logfile       ejabberd_suite.muc_config_members_only_master.58946.html
=started       2024-08-23 19:15:42
=ended         2024-08-23 19:15:42
=result        ok
=elapsed       0.144528
=case          ejabberd_SUITE:muc_config_members_only_slave
=logfile       ejabberd_suite.muc_config_members_only_slave.50499.html
=started       2024-08-23 19:15:42
=ended         2024-08-23 19:15:42
=result        ok
=elapsed       0.137059
=case          ejabberd_SUITE:end_per_group
=logfile       ejabberd_suite.end_per_group.50627.html
=group_props   [{name,muc_config_members_only},parallel]
=started       2024-08-23 19:15:42
=ended         2024-08-23 19:15:42
=result        ok
=elapsed       8.0e-6
=group_time    0.204s
=case          ejabberd_SUITE:init_per_group
=logfile       ejabberd_suite.init_per_group.50659.html
=group_props   [{name,muc_config_moderated},parallel]
=started       2024-08-23 19:15:42
=ended         2024-08-23 19:15:42
=result        ok
=elapsed       6.0e-6
=case          ejabberd_SUITE:muc_config_moderated_master
=logfile       ejabberd_suite.muc_config_moderated_master.59042.html
=started       2024-08-23 19:15:42
=ended         2024-08-23 19:15:42
=result        ok
=elapsed       0.136963
=case          ejabberd_SUITE:muc_config_moderated_slave
=logfile       ejabberd_suite.muc_config_moderated_slave.59074.html
=started       2024-08-23 19:15:42
=ended         2024-08-23 19:15:42
=result        ok
=elapsed       0.130475
=case          ejabberd_SUITE:end_per_group
=logfile       ejabberd_suite.end_per_group.59138.html
=group_props   [{name,muc_config_moderated},parallel]
=started       2024-08-23 19:15:42
=ended         2024-08-23 19:15:42
=result        ok
=elapsed       2.0e-6
=group_time    0.197s
=case          ejabberd_SUITE:init_per_group
=logfile       ejabberd_suite.init_per_group.50723.html
=group_props   [{name,muc_config_private_messages},parallel]
=started       2024-08-23 19:15:42
=ended         2024-08-23 19:15:42
=result        ok
=elapsed       4.0e-6
=case          ejabberd_SUITE:muc_config_private_messages_master
=logfile       ejabberd_suite.muc_config_private_messages_master.50755.html
=started       2024-08-23 19:15:42
=ended         2024-08-23 19:15:43
=result        ok
=elapsed       0.150389
=case          ejabberd_SUITE:muc_config_private_messages_slave
=logfile       ejabberd_suite.muc_config_private_messages_slave.50787.html
=started       2024-08-23 19:15:42
=ended         2024-08-23 19:15:43
=result        ok
=elapsed       0.142021
=case          ejabberd_SUITE:end_per_group
=logfile       ejabberd_suite.end_per_group.50819.html
=group_props   [{name,muc_config_private_messages},parallel]
=started       2024-08-23 19:15:43
=ended         2024-08-23 19:15:43
=result        ok
=elapsed       3.0e-6
=group_time    0.211s
=case          ejabberd_SUITE:init_per_group
=logfile       ejabberd_suite.init_per_group.50851.html
=group_props   [{name,muc_config_query},parallel]
=started       2024-08-23 19:15:43
=ended         2024-08-23 19:15:43
=result        ok
=elapsed       3.0e-6
=case          ejabberd_SUITE:muc_config_query_master
=logfile       ejabberd_suite.muc_config_query_master.50883.html
=started       2024-08-23 19:15:43
=ended         2024-08-23 19:15:43
=result        ok
=elapsed       0.170574
=case          ejabberd_SUITE:muc_config_query_slave
=logfile       ejabberd_suite.muc_config_query_slave.39780.html
=started       2024-08-23 19:15:43
=ended         2024-08-23 19:15:43
=result        ok
=elapsed       0.16304
=case          ejabberd_SUITE:end_per_group
=logfile       ejabberd_suite.end_per_group.59298.html
=group_props   [{name,muc_config_query},parallel]
=started       2024-08-23 19:15:43
=ended         2024-08-23 19:15:43
=result        ok
=elapsed       2.0e-6
=group_time    0.231s
=case          ejabberd_SUITE:init_per_group
=logfile       ejabberd_suite.init_per_group.59330.html
=group_props   [{name,muc_config_allow_invites},parallel]
=started       2024-08-23 19:15:43
=ended         2024-08-23 19:15:43
=result        ok
=elapsed       3.0e-6
=case          ejabberd_SUITE:muc_config_allow_invites_master
=logfile       ejabberd_suite.muc_config_allow_invites_master.59362.html
=started       2024-08-23 19:15:43
=ended         2024-08-23 19:15:43
=result        ok
=elapsed       0.134807
=case          ejabberd_SUITE:muc_config_allow_invites_slave
=logfile       ejabberd_suite.muc_config_allow_invites_slave.59394.html
=started       2024-08-23 19:15:43
=ended         2024-08-23 19:15:43
=result        ok
=elapsed       0.128182
=case          ejabberd_SUITE:end_per_group
=logfile       ejabberd_suite.end_per_group.59458.html
=group_props   [{name,muc_config_allow_invites},parallel]
=started       2024-08-23 19:15:43
=ended         2024-08-23 19:15:43
=result        ok
=elapsed       2.0e-6
=group_time    0.194s
=case          ejabberd_SUITE:init_per_group
=logfile       ejabberd_suite.init_per_group.39908.html
=group_props   [{name,muc_config_visitor_status},parallel]
=started       2024-08-23 19:15:43
=ended         2024-08-23 19:15:43
=result        ok
=elapsed       2.0e-6
=case          ejabberd_SUITE:muc_config_visitor_status_master
=logfile       ejabberd_suite.muc_config_visitor_status_master.39940.html
=started       2024-08-23 19:15:43
=ended         2024-08-23 19:15:43
=result        ok
=elapsed       0.134151
=case          ejabberd_SUITE:muc_config_visitor_status_slave
=logfile       ejabberd_suite.muc_config_visitor_status_slave.51043.html
=started       2024-08-23 19:15:43
=ended         2024-08-23 19:15:43
=result        ok
=elapsed       0.128849
=case          ejabberd_SUITE:end_per_group
=logfile       ejabberd_suite.end_per_group.51203.html
=group_props   [{name,muc_config_visitor_status},parallel]
=started       2024-08-23 19:15:43
=ended         2024-08-23 19:15:43
=result        ok
=elapsed       2.0e-6
=group_time    0.195s
=case          ejabberd_SUITE:init_per_group
=logfile       ejabberd_suite.init_per_group.51235.html
=group_props   [{name,muc_config_allow_voice_requests},parallel]
=started       2024-08-23 19:15:43
=ended         2024-08-23 19:15:43
=result        ok
=elapsed       2.0e-6
=case          ejabberd_SUITE:muc_config_allow_voice_requests_master
=logfile       ejabberd_suite.muc_config_allow_voice_requests_master.59522.html
=started       2024-08-23 19:15:43
=ended         2024-08-23 19:15:44
=result        ok
=elapsed       0.132689
=case          ejabberd_SUITE:muc_config_allow_voice_requests_slave
=logfile       ejabberd_suite.muc_config_allow_voice_requests_slave.59554.html
=started       2024-08-23 19:15:43
=ended         2024-08-23 19:15:44
=result        ok
=elapsed       0.124073
=case          ejabberd_SUITE:end_per_group
=logfile       ejabberd_suite.end_per_group.59650.html
=group_props   [{name,muc_config_allow_voice_requests},parallel]
=started       2024-08-23 19:15:44
=ended         2024-08-23 19:15:44
=result        ok
=elapsed       7.0e-6
=group_time    0.196s
=case          ejabberd_SUITE:init_per_group
=logfile       ejabberd_suite.init_per_group.51299.html
=group_props   [{name,muc_config_voice_request_interval},parallel]
=started       2024-08-23 19:15:44
=ended         2024-08-23 19:15:44
=result        ok
=elapsed       3.0e-6
=case          ejabberd_SUITE:muc_config_voice_request_interval_master
=logfile       ejabberd_suite.muc_config_voice_request_interval_master.51331.html
=started       2024-08-23 19:15:44
=ended         2024-08-23 19:15:49
=result        ok
=elapsed       5.217606
=case          ejabberd_SUITE:muc_config_voice_request_interval_slave
=logfile       ejabberd_suite.muc_config_voice_request_interval_slave.51363.html
=started       2024-08-23 19:15:44
=ended         2024-08-23 19:15:49
=result        ok
=elapsed       5.213079
=case          ejabberd_SUITE:end_per_group
=logfile       ejabberd_suite.end_per_group.51459.html
=group_props   [{name,muc_config_voice_request_interval},parallel]
=started       2024-08-23 19:15:49
=ended         2024-08-23 19:15:49
=result        ok
=elapsed       2.0e-6
=group_time    5.277s
=case          ejabberd_SUITE:init_per_group
=logfile       ejabberd_suite.init_per_group.51491.html
=group_props   [{name,muc_config_visitor_nickchange},parallel]
=started       2024-08-23 19:15:49
=ended         2024-08-23 19:15:49
=result        ok
=elapsed       4.0e-6
=case          ejabberd_SUITE:muc_config_visitor_nickchange_master
=logfile       ejabberd_suite.muc_config_visitor_nickchange_master.59714.html
=started       2024-08-23 19:15:49
=ended         2024-08-23 19:15:49
=result        ok
=elapsed       0.132575
=case          ejabberd_SUITE:muc_config_visitor_nickchange_slave
=logfile       ejabberd_suite.muc_config_visitor_nickchange_slave.59746.html
=started       2024-08-23 19:15:49
=ended         2024-08-23 19:15:49
=result        ok
=elapsed       0.12403
=case          ejabberd_SUITE:end_per_group
=logfile       ejabberd_suite.end_per_group.59810.html
=group_props   [{name,muc_config_visitor_nickchange},parallel]
=started       2024-08-23 19:15:49
=ended         2024-08-23 19:15:49
=result        ok
=elapsed       2.0e-6
=group_time    0.192s
=case          ejabberd_SUITE:init_per_group
=logfile       ejabberd_suite.init_per_group.59842.html
=group_props   [{name,muc_join_conflict},parallel]
=started       2024-08-23 19:15:49
=ended         2024-08-23 19:15:49
=result        ok
=elapsed       3.0e-6
=case          ejabberd_SUITE:muc_join_conflict_master
=logfile       ejabberd_suite.muc_join_conflict_master.51619.html
=started       2024-08-23 19:15:49
=ended         2024-08-23 19:15:49
=result        ok
=elapsed       0.117835
=case          ejabberd_SUITE:muc_join_conflict_slave
=logfile       ejabberd_suite.muc_join_conflict_slave.51651.html
=started       2024-08-23 19:15:49
=ended         2024-08-23 19:15:49
=result        ok
=elapsed       0.112313
=case          ejabberd_SUITE:end_per_group
=logfile       ejabberd_suite.end_per_group.51715.html
=group_props   [{name,muc_join_conflict},parallel]
=started       2024-08-23 19:15:49
=ended         2024-08-23 19:15:49
=result        ok
=elapsed       2.0e-6
=group_time    0.177s
=case          ejabberd_SUITE:end_per_group
=logfile       ejabberd_suite.end_per_group.51747.html
=group_props   [{name,muc_master_slave},sequence]
=started       2024-08-23 19:15:49
=ended         2024-08-23 19:15:49
=result        ok
=elapsed       7.0e-6
=group_time    11.650s
=case          ejabberd_SUITE:init_per_group
=logfile       ejabberd_suite.init_per_group.40132.html
=group_props   [{name,privacy_master_slave},sequence]
=started       2024-08-23 19:15:49
=ended         2024-08-23 19:15:49
=result        ok
=elapsed       4.0e-6
=case          ejabberd_SUITE:init_per_group
=logfile       ejabberd_suite.init_per_group.40164.html
=group_props   [{name,privacy_deny_bare_jid},parallel]
=started       2024-08-23 19:15:49
=ended         2024-08-23 19:15:49
=result        ok
=elapsed       3.0e-6
=case          ejabberd_SUITE:privacy_deny_bare_jid_master
=logfile       ejabberd_suite.privacy_deny_bare_jid_master.59938.html
=started       2024-08-23 19:15:49
=ended         2024-08-23 19:15:51
=result        ok
=elapsed       1.167514
=case          ejabberd_SUITE:privacy_deny_bare_jid_slave
=logfile       ejabberd_suite.privacy_deny_bare_jid_slave.59970.html
=started       2024-08-23 19:15:49
=ended         2024-08-23 19:15:51
=result        ok
=elapsed       1.165695
=case          ejabberd_SUITE:end_per_group
=logfile       ejabberd_suite.end_per_group.60034.html
=group_props   [{name,privacy_deny_bare_jid},parallel]
=started       2024-08-23 19:15:51
=ended         2024-08-23 19:15:51
=result        ok
=elapsed       3.0e-6
=group_time    1.228s
=case          ejabberd_SUITE:init_per_group
=logfile       ejabberd_suite.init_per_group.60066.html
=group_props   [{name,privacy_deny_full_jid},parallel]
=started       2024-08-23 19:15:51
=ended         2024-08-23 19:15:51
=result        ok
=elapsed       3.0e-6
=case          ejabberd_SUITE:privacy_deny_full_jid_master
=logfile       ejabberd_suite.privacy_deny_full_jid_master.51779.html
=started       2024-08-23 19:15:51
=ended         2024-08-23 19:15:52
=result        ok
=elapsed       1.168379
=case          ejabberd_SUITE:privacy_deny_full_jid_slave
=logfile       ejabberd_suite.privacy_deny_full_jid_slave.60098.html
=started       2024-08-23 19:15:51
=ended         2024-08-23 19:15:52
=result        ok
=elapsed       1.166226
=case          ejabberd_SUITE:end_per_group
=logfile       ejabberd_suite.end_per_group.60226.html
=group_props   [{name,privacy_deny_full_jid},parallel]
=started       2024-08-23 19:15:52
=ended         2024-08-23 19:15:52
=result        ok
=elapsed       2.0e-6
=group_time    1.231s
=case          ejabberd_SUITE:init_per_group
=logfile       ejabberd_suite.init_per_group.60258.html
=group_props   [{name,privacy_deny_server_bare_jid},parallel]
=started       2024-08-23 19:15:52
=ended         2024-08-23 19:15:52
=result        ok
=elapsed       2.0e-6
=case          ejabberd_SUITE:privacy_deny_server_bare_jid_master
=logfile       ejabberd_suite.privacy_deny_server_bare_jid_master.60290.html
=started       2024-08-23 19:15:52
=ended         2024-08-23 19:15:53
=result        ok
=elapsed       1.159198
=case          ejabberd_SUITE:privacy_deny_server_bare_jid_slave
=logfile       ejabberd_suite.privacy_deny_server_bare_jid_slave.60322.html
=started       2024-08-23 19:15:52
=ended         2024-08-23 19:15:53
=result        ok
=elapsed       1.158137
=case          ejabberd_SUITE:end_per_group
=logfile       ejabberd_suite.end_per_group.51875.html
=group_props   [{name,privacy_deny_server_bare_jid},parallel]
=started       2024-08-23 19:15:53
=ended         2024-08-23 19:15:53
=result        ok
=elapsed       2.0e-6
=group_time    1.221s
=case          ejabberd_SUITE:init_per_group
=logfile       ejabberd_suite.init_per_group.51907.html
=group_props   [{name,privacy_deny_server_full_jid},parallel]
=started       2024-08-23 19:15:53
=ended         2024-08-23 19:15:53
=result        ok
=elapsed       3.0e-6
=case          ejabberd_SUITE:privacy_deny_server_full_jid_master
=logfile       ejabberd_suite.privacy_deny_server_full_jid_master.51939.html
=started       2024-08-23 19:15:53
=ended         2024-08-23 19:15:54
=result        ok
=elapsed       1.165071
=case          ejabberd_SUITE:privacy_deny_server_full_jid_slave
=logfile       ejabberd_suite.privacy_deny_server_full_jid_slave.51971.html
=started       2024-08-23 19:15:53
=ended         2024-08-23 19:15:54
=result        ok
=elapsed       1.162518
=case          ejabberd_SUITE:end_per_group
=logfile       ejabberd_suite.end_per_group.60514.html
=group_props   [{name,privacy_deny_server_full_jid},parallel]
=started       2024-08-23 19:15:54
=ended         2024-08-23 19:15:54
=result        ok
=elapsed       7.0e-6
=group_time    1.226s
=case          ejabberd_SUITE:init_per_group
=logfile       ejabberd_suite.init_per_group.52035.html
=group_props   [{name,privacy_deny_group},parallel]
=started       2024-08-23 19:15:54
=ended         2024-08-23 19:15:54
=result        ok
=elapsed       2.0e-6
=case          ejabberd_SUITE:privacy_deny_group_master
=logfile       ejabberd_suite.privacy_deny_group_master.52067.html
=started       2024-08-23 19:15:54
=ended         2024-08-23 19:15:56
=result        ok
=elapsed       1.170664
=case          ejabberd_SUITE:privacy_deny_group_slave
=logfile       ejabberd_suite.privacy_deny_group_slave.52099.html
=started       2024-08-23 19:15:54
=ended         2024-08-23 19:15:56
=result        ok
=elapsed       1.168895
=case          ejabberd_SUITE:end_per_group
=logfile       ejabberd_suite.end_per_group.52163.html
=group_props   [{name,privacy_deny_group},parallel]
=started       2024-08-23 19:15:56
=ended         2024-08-23 19:15:56
=result        ok
=elapsed       2.0e-6
=group_time    1.231s
=case          ejabberd_SUITE:init_per_group
=logfile       ejabberd_suite.init_per_group.52195.html
=group_props   [{name,privacy_deny_sub_both},parallel]
=started       2024-08-23 19:15:56
=ended         2024-08-23 19:15:56
=result        ok
=elapsed       2.0e-6
=case          ejabberd_SUITE:privacy_deny_sub_both_master
=logfile       ejabberd_suite.privacy_deny_sub_both_master.60546.html
=started       2024-08-23 19:15:56
=ended         2024-08-23 19:15:57
=result        ok
=elapsed       1.169994
=case          ejabberd_SUITE:privacy_deny_sub_both_slave
=logfile       ejabberd_suite.privacy_deny_sub_both_slave.60578.html
=started       2024-08-23 19:15:56
=ended         2024-08-23 19:15:57
=result        ok
=elapsed       1.168404
=case          ejabberd_SUITE:end_per_group
=logfile       ejabberd_suite.end_per_group.52259.html
=group_props   [{name,privacy_deny_sub_both},parallel]
=started       2024-08-23 19:15:57
=ended         2024-08-23 19:15:57
=result        ok
=elapsed       2.0e-6
=group_time    1.230s
=case          ejabberd_SUITE:init_per_group
=logfile       ejabberd_suite.init_per_group.12517.html
=group_props   [{name,privacy_deny_sub_from},parallel]
=started       2024-08-23 19:15:57
=ended         2024-08-23 19:15:57
=result        ok
=elapsed       3.0e-6
=case          ejabberd_SUITE:privacy_deny_sub_from_master
=logfile       ejabberd_suite.privacy_deny_sub_from_master.12549.html
=started       2024-08-23 19:15:57
=ended         2024-08-23 19:15:58
=result        ok
=elapsed       1.171317
=case          ejabberd_SUITE:privacy_deny_sub_from_slave
=logfile       ejabberd_suite.privacy_deny_sub_from_slave.12581.html
=started       2024-08-23 19:15:57
=ended         2024-08-23 19:15:58
=result        ok
=elapsed       1.169355
=case          ejabberd_SUITE:end_per_group
=logfile       ejabberd_suite.end_per_group.12741.html
=group_props   [{name,privacy_deny_sub_from},parallel]
=started       2024-08-23 19:15:58
=ended         2024-08-23 19:15:58
=result        ok
=elapsed       2.0e-6
=group_time    1.232s
=case          ejabberd_SUITE:init_per_group
=logfile       ejabberd_suite.init_per_group.12773.html
=group_props   [{name,privacy_deny_sub_to},parallel]
=started       2024-08-23 19:15:58
=ended         2024-08-23 19:15:58
=result        ok
=elapsed       2.0e-6
=case          ejabberd_SUITE:privacy_deny_sub_to_master
=logfile       ejabberd_suite.privacy_deny_sub_to_master.12805.html
=started       2024-08-23 19:15:58
=ended         2024-08-23 19:15:59
=result        ok
=elapsed       1.173789
=case          ejabberd_SUITE:privacy_deny_sub_to_slave
=logfile       ejabberd_suite.privacy_deny_sub_to_slave.12837.html
=started       2024-08-23 19:15:58
=ended         2024-08-23 19:15:59
=result        ok
=elapsed       1.171032
=case          ejabberd_SUITE:end_per_group
=logfile       ejabberd_suite.end_per_group.60866.html
=group_props   [{name,privacy_deny_sub_to},parallel]
=started       2024-08-23 19:15:59
=ended         2024-08-23 19:15:59
=result        ok
=elapsed       1.0e-5
=group_time    1.237s
=case          ejabberd_SUITE:init_per_group
=logfile       ejabberd_suite.init_per_group.60898.html
=group_props   [{name,privacy_deny_sub_none},parallel]
=started       2024-08-23 19:15:59
=ended         2024-08-23 19:15:59
=result        ok
=elapsed       7.0e-6
=case          ejabberd_SUITE:privacy_deny_sub_none_master
=logfile       ejabberd_suite.privacy_deny_sub_none_master.60930.html
=started       2024-08-23 19:15:59
=ended         2024-08-23 19:16:01
=result        ok
=elapsed       1.16044
=case          ejabberd_SUITE:privacy_deny_sub_none_slave
=logfile       ejabberd_suite.privacy_deny_sub_none_slave.60962.html
=started       2024-08-23 19:15:59
=ended         2024-08-23 19:16:01
=result        ok
=elapsed       1.156681
=case          ejabberd_SUITE:end_per_group
=logfile       ejabberd_suite.end_per_group.61058.html
=group_props   [{name,privacy_deny_sub_none},parallel]
=started       2024-08-23 19:16:01
=ended         2024-08-23 19:16:01
=result        ok
=elapsed       7.0e-6
=group_time    1.219s
=case          ejabberd_SUITE:init_per_group
=logfile       ejabberd_suite.init_per_group.61090.html
=group_props   [{name,privacy_deny_all},parallel]
=started       2024-08-23 19:16:01
=ended         2024-08-23 19:16:01
=result        ok
=elapsed       2.0e-6
=case          ejabberd_SUITE:privacy_deny_all_master
=logfile       ejabberd_suite.privacy_deny_all_master.61122.html
=started       2024-08-23 19:16:01
=ended         2024-08-23 19:16:02
=result        ok
=elapsed       1.157764
=case          ejabberd_SUITE:privacy_deny_all_slave
=logfile       ejabberd_suite.privacy_deny_all_slave.61154.html
=started       2024-08-23 19:16:01
=ended         2024-08-23 19:16:02
=result        ok
=elapsed       1.155636
=case          ejabberd_SUITE:end_per_group
=logfile       ejabberd_suite.end_per_group.61218.html
=group_props   [{name,privacy_deny_all},parallel]
=started       2024-08-23 19:16:02
=ended         2024-08-23 19:16:02
=result        ok
=elapsed       5.0e-6
=group_time    1.218s
=case          ejabberd_SUITE:init_per_group
=logfile       ejabberd_suite.init_per_group.61250.html
=group_props   [{name,privacy_deny_offline},parallel]
=started       2024-08-23 19:16:02
=ended         2024-08-23 19:16:02
=result        ok
=elapsed       3.0e-6
=case          ejabberd_SUITE:privacy_deny_offline_master
=logfile       ejabberd_suite.privacy_deny_offline_master.61282.html
=started       2024-08-23 19:16:02
=ended         2024-08-23 19:16:02
=result        ok
=elapsed       0.248327
=case          ejabberd_SUITE:privacy_deny_offline_slave
=logfile       ejabberd_suite.privacy_deny_offline_slave.52675.html
=started       2024-08-23 19:16:02
=ended         2024-08-23 19:16:02
=result        ok
=elapsed       0.351267
=case          ejabberd_SUITE:end_per_group
=logfile       ejabberd_suite.end_per_group.52739.html
=group_props   [{name,privacy_deny_offline},parallel]
=started       2024-08-23 19:16:02
=ended         2024-08-23 19:16:02
=result        ok
=elapsed       2.0e-6
=group_time    0.411s
=case          ejabberd_SUITE:init_per_group
=logfile       ejabberd_suite.init_per_group.52771.html
=group_props   [{name,privacy_block},parallel]
=started       2024-08-23 19:16:02
=ended         2024-08-23 19:16:02
=result        ok
=elapsed       3.0e-6
=case          ejabberd_SUITE:privacy_block_master
=logfile       ejabberd_suite.privacy_block_master.52803.html
=started       2024-08-23 19:16:02
=ended         2024-08-23 19:16:03
=result        ok
=elapsed       0.44606
=case          ejabberd_SUITE:privacy_block_slave
=logfile       ejabberd_suite.privacy_block_slave.40740.html
=started       2024-08-23 19:16:02
=ended         2024-08-23 19:16:03
=result        ok
=elapsed       0.441389
=case          ejabberd_SUITE:end_per_group
=logfile       ejabberd_suite.end_per_group.40836.html
=group_props   [{name,privacy_block},parallel]
=started       2024-08-23 19:16:03
=ended         2024-08-23 19:16:03
=result        ok
=elapsed       2.0e-6
=group_time    0.511s
=case          ejabberd_SUITE:init_per_group
=logfile       ejabberd_suite.init_per_group.40868.html
=group_props   [{name,privacy_unblock},parallel]
=started       2024-08-23 19:16:03
=ended         2024-08-23 19:16:03
=result        ok
=elapsed       2.0e-6
=case          ejabberd_SUITE:privacy_unblock_master
=logfile       ejabberd_suite.privacy_unblock_master.40900.html
=started       2024-08-23 19:16:03
=ended         2024-08-23 19:16:03
=result        ok
=elapsed       0.205717
=case          ejabberd_SUITE:privacy_unblock_slave
=logfile       ejabberd_suite.privacy_unblock_slave.52899.html
=started       2024-08-23 19:16:03
=ended         2024-08-23 19:16:03
=result        ok
=elapsed       0.201915
=case          ejabberd_SUITE:end_per_group
=logfile       ejabberd_suite.end_per_group.61474.html
=group_props   [{name,privacy_unblock},parallel]
=started       2024-08-23 19:16:03
=ended         2024-08-23 19:16:03
=result        ok
=elapsed       3.0e-6
=group_time    0.266s
=case          ejabberd_SUITE:init_per_group
=logfile       ejabberd_suite.init_per_group.61506.html
=group_props   [{name,privacy_unblock_all},parallel]
=started       2024-08-23 19:16:03
=ended         2024-08-23 19:16:03
=result        ok
=elapsed       3.0e-6
=case          ejabberd_SUITE:privacy_unblock_all_master
=logfile       ejabberd_suite.privacy_unblock_all_master.61538.html
=started       2024-08-23 19:16:03
=ended         2024-08-23 19:16:03
=result        ok
=elapsed       0.209415
=case          ejabberd_SUITE:privacy_unblock_all_slave
=logfile       ejabberd_suite.privacy_unblock_all_slave.61570.html
=started       2024-08-23 19:16:03
=ended         2024-08-23 19:16:03
=result        ok
=elapsed       0.206441
=case          ejabberd_SUITE:end_per_group
=logfile       ejabberd_suite.end_per_group.41028.html
=group_props   [{name,privacy_unblock_all},parallel]
=started       2024-08-23 19:16:03
=ended         2024-08-23 19:16:03
=result        ok
=elapsed       9.0e-6
=group_time    0.269s
=case          ejabberd_SUITE:end_per_group
=logfile       ejabberd_suite.end_per_group.41060.html
=group_props   [{name,privacy_master_slave},sequence]
=started       2024-08-23 19:16:03
=ended         2024-08-23 19:16:03
=result        ok
=elapsed       1.0e-6
=group_time    14.108s
=case          ejabberd_SUITE:init_per_group
=logfile       ejabberd_suite.init_per_group.61634.html
=group_props   [{name,pubsub_master_slave},sequence]
=started       2024-08-23 19:16:03
=ended         2024-08-23 19:16:03
=result        ok
=elapsed       3.0e-6
=case          ejabberd_SUITE:init_per_group
=logfile       ejabberd_suite.init_per_group.61666.html
=group_props   [{name,pubsub_publish},parallel]
=started       2024-08-23 19:16:03
=ended         2024-08-23 19:16:04
=result        ok
=elapsed       2.0e-6
=case          ejabberd_SUITE:pubsub_publish_master
=logfile       ejabberd_suite.pubsub_publish_master.61698.html
=started       2024-08-23 19:16:04
=ended         2024-08-23 19:16:04
=result        ok
=elapsed       0.118842
=case          ejabberd_SUITE:pubsub_publish_slave
=logfile       ejabberd_suite.pubsub_publish_slave.61730.html
=started       2024-08-23 19:16:04
=ended         2024-08-23 19:16:04
=result        ok
=elapsed       0.117406
=case          ejabberd_SUITE:end_per_group
=logfile       ejabberd_suite.end_per_group.41124.html
=group_props   [{name,pubsub_publish},parallel]
=started       2024-08-23 19:16:04
=ended         2024-08-23 19:16:04
=result        ok
=elapsed       5.0e-6
=group_time    0.179s
=case          ejabberd_SUITE:init_per_group
=logfile       ejabberd_suite.init_per_group.53091.html
=group_props   [{name,pubsub_subscriptions},parallel]
=started       2024-08-23 19:16:04
=ended         2024-08-23 19:16:04
=result        ok
=elapsed       4.0e-6
=case          ejabberd_SUITE:pubsub_subscriptions_master
=logfile       ejabberd_suite.pubsub_subscriptions_master.53123.html
=started       2024-08-23 19:16:04
=ended         2024-08-23 19:16:04
=result        ok
=elapsed       0.142762
=case          ejabberd_SUITE:pubsub_subscriptions_slave
=logfile       ejabberd_suite.pubsub_subscriptions_slave.53155.html
=started       2024-08-23 19:16:04
=ended         2024-08-23 19:16:04
=result        ok
=elapsed       0.137367
=case          ejabberd_SUITE:end_per_group
=logfile       ejabberd_suite.end_per_group.53283.html
=group_props   [{name,pubsub_subscriptions},parallel]
=started       2024-08-23 19:16:04
=ended         2024-08-23 19:16:04
=result        ok
=elapsed       1.0e-5
=group_time    0.205s
=case          ejabberd_SUITE:init_per_group
=logfile       ejabberd_suite.init_per_group.53315.html
=group_props   [{name,pubsub_affiliations},parallel]
=started       2024-08-23 19:16:04
=ended         2024-08-23 19:16:04
=result        ok
=elapsed       3.0e-6
=case          ejabberd_SUITE:pubsub_affiliations_master
=logfile       ejabberd_suite.pubsub_affiliations_master.53347.html
=started       2024-08-23 19:16:04
=ended         2024-08-23 19:16:06
=result        ok
=elapsed       1.72143
=case          ejabberd_SUITE:pubsub_affiliations_slave
=logfile       ejabberd_suite.pubsub_affiliations_slave.41156.html
=started       2024-08-23 19:16:04
=ended         2024-08-23 19:16:06
=result        ok
=elapsed       1.736812
=case          ejabberd_SUITE:end_per_group
=logfile       ejabberd_suite.end_per_group.61858.html
=group_props   [{name,pubsub_affiliations},parallel]
=started       2024-08-23 19:16:06
=ended         2024-08-23 19:16:06
=result        ok
=elapsed       2.0e-6
=group_time    1.794s
=case          ejabberd_SUITE:init_per_group
=logfile       ejabberd_suite.init_per_group.61890.html
=group_props   [{name,pubsub_authorize},parallel]
=started       2024-08-23 19:16:06
=ended         2024-08-23 19:16:06
=result        ok
=elapsed       2.0e-6
=case          ejabberd_SUITE:pubsub_authorize_master
=logfile       ejabberd_suite.pubsub_authorize_master.61922.html
=started       2024-08-23 19:16:06
=ended         2024-08-23 19:16:06
=result        ok
=elapsed       0.210669
=case          ejabberd_SUITE:pubsub_authorize_slave
=logfile       ejabberd_suite.pubsub_authorize_slave.61954.html
=started       2024-08-23 19:16:06
=ended         2024-08-23 19:16:06
=result        ok
=elapsed       0.163916
=case          ejabberd_SUITE:end_per_group
=logfile       ejabberd_suite.end_per_group.62082.html
=group_props   [{name,pubsub_authorize},parallel]
=started       2024-08-23 19:16:06
=ended         2024-08-23 19:16:06
=result        ok
=elapsed       2.0e-6
=group_time    0.271s
=case          ejabberd_SUITE:end_per_group
=logfile       ejabberd_suite.end_per_group.62114.html
=group_props   [{name,pubsub_master_slave},sequence]
=started       2024-08-23 19:16:06
=ended         2024-08-23 19:16:06
=result        ok
=elapsed       2.0e-6
=group_time    2.572s
=case          ejabberd_SUITE:init_per_group
=logfile       ejabberd_suite.init_per_group.62146.html
=group_props   [{name,roster_master_slave},sequence]
=started       2024-08-23 19:16:06
=ended         2024-08-23 19:16:06
=result        ok
=elapsed       3.0e-6
=case          ejabberd_SUITE:init_per_group
=logfile       ejabberd_suite.init_per_group.62178.html
=group_props   [{name,roster_subscribe},parallel]
=started       2024-08-23 19:16:06
=ended         2024-08-23 19:16:06
=result        ok
=elapsed       1.0e-6
=case          ejabberd_SUITE:roster_subscribe_master
=logfile       ejabberd_suite.roster_subscribe_master.62210.html
=started       2024-08-23 19:16:06
=ended         2024-08-23 19:16:19
=result        ok
=elapsed       12.630579
=case          ejabberd_SUITE:roster_subscribe_slave
=logfile       ejabberd_suite.roster_subscribe_slave.53411.html
=started       2024-08-23 19:16:06
=ended         2024-08-23 19:16:19
=result        ok
=elapsed       12.630472
=case          ejabberd_SUITE:end_per_group
=logfile       ejabberd_suite.end_per_group.55107.html
=group_props   [{name,roster_subscribe},parallel]
=started       2024-08-23 19:16:19
=ended         2024-08-23 19:16:19
=result        ok
=elapsed       2.0e-6
=group_time    12.689s
=case          ejabberd_SUITE:end_per_group
=logfile       ejabberd_suite.end_per_group.55139.html
=group_props   [{name,roster_master_slave},sequence]
=started       2024-08-23 19:16:19
=ended         2024-08-23 19:16:19
=result        ok
=elapsed       1.0e-6
=group_time    12.739s
=case          ejabberd_SUITE:init_per_group
=logfile       ejabberd_suite.init_per_group.55171.html
=group_props   [{name,offline_master_slave},sequence]
=started       2024-08-23 19:16:19
=ended         2024-08-23 19:16:19
=result        ok
=elapsed       3.0e-6
=case          ejabberd_SUITE:init_per_group
=logfile       ejabberd_suite.init_per_group.55203.html
=group_props   [{name,offline_flex},parallel]
=started       2024-08-23 19:16:19
=ended         2024-08-23 19:16:19
=result        ok
=elapsed       2.0e-6
=case          ejabberd_SUITE:offline_flex_master
=logfile       ejabberd_suite.offline_flex_master.55235.html
=started       2024-08-23 19:16:19
=ended         2024-08-23 19:16:19
=result        ok
=elapsed       0.207357
=case          ejabberd_SUITE:offline_flex_slave
=logfile       ejabberd_suite.offline_flex_slave.55267.html
=started       2024-08-23 19:16:19
=ended         2024-08-23 19:16:19
=result        ok
=elapsed       0.32802
=case          ejabberd_SUITE:end_per_group
=logfile       ejabberd_suite.end_per_group.55395.html
=group_props   [{name,offline_flex},parallel]
=started       2024-08-23 19:16:19
=ended         2024-08-23 19:16:19
=result        ok
=elapsed       2.0e-6
=group_time    0.389s
=case          ejabberd_SUITE:init_per_group
=logfile       ejabberd_suite.init_per_group.55427.html
=group_props   [{name,offline_send_all},parallel]
=started       2024-08-23 19:16:19
=ended         2024-08-23 19:16:19
=result        ok
=elapsed       2.0e-6
=case          ejabberd_SUITE:offline_send_all_master
=logfile       ejabberd_suite.offline_send_all_master.64034.html
=started       2024-08-23 19:16:19
=ended         2024-08-23 19:16:33
=result        ok
=elapsed       13.765734
=case          ejabberd_SUITE:offline_send_all_slave
=logfile       ejabberd_suite.offline_send_all_slave.55459.html
=started       2024-08-23 19:16:19
=ended         2024-08-23 19:16:33
=result        ok
=elapsed       13.916162
=case          ejabberd_SUITE:end_per_group
=logfile       ejabberd_suite.end_per_group.55523.html
=group_props   [{name,offline_send_all},parallel]
=started       2024-08-23 19:16:33
=ended         2024-08-23 19:16:33
=result        ok
=elapsed       2.0e-6
=group_time    13.975s
=case          ejabberd_SUITE:init_per_group
=logfile       ejabberd_suite.init_per_group.55555.html
=group_props   [{name,offline_from_mam},parallel]
=started       2024-08-23 19:16:33
=ended         2024-08-23 19:16:33
=result        ok
=elapsed       3.0e-6
=case          ejabberd_SUITE:offline_from_mam_master
=logfile       ejabberd_suite.offline_from_mam_master.55587.html
=started       2024-08-23 19:16:33
=ended         2024-08-23 19:16:47
=result        ok
=elapsed       13.886763
=case          ejabberd_SUITE:offline_from_mam_slave
=logfile       ejabberd_suite.offline_from_mam_slave.64130.html
=started       2024-08-23 19:16:33
=ended         2024-08-23 19:16:47
=result        ok
=elapsed       14.0767
=case          ejabberd_SUITE:end_per_group
=logfile       ejabberd_suite.end_per_group.55683.html
=group_props   [{name,offline_from_mam},parallel]
=started       2024-08-23 19:16:47
=ended         2024-08-23 19:16:47
=result        ok
=elapsed       2.0e-6
=group_time    14.137s
=case          ejabberd_SUITE:init_per_group
=logfile       ejabberd_suite.init_per_group.55715.html
=group_props   [{name,offline_mucsub_mam},parallel]
=started       2024-08-23 19:16:47
=ended         2024-08-23 19:16:47
=result        ok
=elapsed       3.0e-6
=case          ejabberd_SUITE:offline_mucsub_mam_master
=logfile       ejabberd_suite.offline_mucsub_mam_master.55747.html
=started       2024-08-23 19:16:47
=ended         2024-08-23 19:16:48
=result        ok
=elapsed       0.26572
=case          ejabberd_SUITE:offline_mucsub_mam_slave
=logfile       ejabberd_suite.offline_mucsub_mam_slave.55779.html
=started       2024-08-23 19:16:47
=ended         2024-08-23 19:16:48
=result        ok
=elapsed       0.262112
=case          ejabberd_SUITE:end_per_group
=logfile       ejabberd_suite.end_per_group.55939.html
=group_props   [{name,offline_mucsub_mam},parallel]
=started       2024-08-23 19:16:48
=ended         2024-08-23 19:16:48
=result        ok
=elapsed       2.0e-6
=group_time    0.327s
=case          ejabberd_SUITE:end_per_group
=logfile       ejabberd_suite.end_per_group.64258.html
=group_props   [{name,offline_master_slave},sequence]
=started       2024-08-23 19:16:48
=ended         2024-08-23 19:16:48
=result        ok
=elapsed       9.0e-6
=group_time    28.949s
=case          ejabberd_SUITE:init_per_group
=logfile       ejabberd_suite.init_per_group.64290.html
=group_props   [{name,mam_master_slave},sequence]
=started       2024-08-23 19:16:48
=ended         2024-08-23 19:16:48
=result        ok
=elapsed       3.0e-6
=case          ejabberd_SUITE:init_per_group
=logfile       ejabberd_suite.init_per_group.13061.html
=group_props   [{name,mam_archived_and_stanza_id},parallel]
=started       2024-08-23 19:16:48
=ended         2024-08-23 19:16:48
=result        ok
=elapsed       3.0e-6
=case          ejabberd_SUITE:mam_archived_and_stanza_id_master
=logfile       ejabberd_suite.mam_archived_and_stanza_id_master.13093.html
=started       2024-08-23 19:16:48
=ended         2024-08-23 19:16:48
=result        ok
=elapsed       0.168753
=case          ejabberd_SUITE:mam_archived_and_stanza_id_slave
=logfile       ejabberd_suite.mam_archived_and_stanza_id_slave.13125.html
=started       2024-08-23 19:16:48
=ended         2024-08-23 19:16:48
=result        ok
=elapsed       0.176938
=case          ejabberd_SUITE:end_per_group
=logfile       ejabberd_suite.end_per_group.13157.html
=group_props   [{name,mam_archived_and_stanza_id},parallel]
=started       2024-08-23 19:16:48
=ended         2024-08-23 19:16:48
=result        ok
=elapsed       3.0e-6
=group_time    0.237s
=case          ejabberd_SUITE:init_per_group
=logfile       ejabberd_suite.init_per_group.13189.html
=group_props   [{name,mam_query_all},parallel]
=started       2024-08-23 19:16:48
=ended         2024-08-23 19:16:48
=result        ok
=elapsed       3.0e-6
=case          ejabberd_SUITE:mam_query_all_master
=logfile       ejabberd_suite.mam_query_all_master.13221.html
=started       2024-08-23 19:16:48
=ended         2024-08-23 19:16:48
=result        ok
=elapsed       0.193353
=case          ejabberd_SUITE:mam_query_all_slave
=logfile       ejabberd_suite.mam_query_all_slave.13253.html
=started       2024-08-23 19:16:48
=ended         2024-08-23 19:16:48
=result        ok
=elapsed       0.202265
=case          ejabberd_SUITE:end_per_group
=logfile       ejabberd_suite.end_per_group.13317.html
=group_props   [{name,mam_query_all},parallel]
=started       2024-08-23 19:16:48
=ended         2024-08-23 19:16:48
=result        ok
=elapsed       2.0e-6
=group_time    0.263s
=case          ejabberd_SUITE:init_per_group
=logfile       ejabberd_suite.init_per_group.13349.html
=group_props   [{name,mam_query_with},parallel]
=started       2024-08-23 19:16:48
=ended         2024-08-23 19:16:48
=result        ok
=elapsed       2.0e-6
=case          ejabberd_SUITE:mam_query_with_master
=logfile       ejabberd_suite.mam_query_with_master.13381.html
=started       2024-08-23 19:16:48
=ended         2024-08-23 19:16:49
=result        ok
=elapsed       0.213949
=case          ejabberd_SUITE:mam_query_with_slave
=logfile       ejabberd_suite.mam_query_with_slave.13413.html
=started       2024-08-23 19:16:48
=ended         2024-08-23 19:16:49
=result        ok
=elapsed       0.221235
=case          ejabberd_SUITE:end_per_group
=logfile       ejabberd_suite.end_per_group.13477.html
=group_props   [{name,mam_query_with},parallel]
=started       2024-08-23 19:16:49
=ended         2024-08-23 19:16:49
=result        ok
=elapsed       2.0e-6
=group_time    0.281s
=case          ejabberd_SUITE:init_per_group
=logfile       ejabberd_suite.init_per_group.13509.html
=group_props   [{name,mam_query_rsm_max},parallel]
=started       2024-08-23 19:16:49
=ended         2024-08-23 19:16:49
=result        ok
=elapsed       3.0e-6
=case          ejabberd_SUITE:mam_query_rsm_max_master
=logfile       ejabberd_suite.mam_query_rsm_max_master.13541.html
=started       2024-08-23 19:16:49
=ended         2024-08-23 19:16:49
=result        ok
=elapsed       0.254128
=case          ejabberd_SUITE:mam_query_rsm_max_slave
=logfile       ejabberd_suite.mam_query_rsm_max_slave.13573.html
=started       2024-08-23 19:16:49
=ended         2024-08-23 19:16:49
=result        ok
=elapsed       0.26589
=case          ejabberd_SUITE:end_per_group
=logfile       ejabberd_suite.end_per_group.13605.html
=group_props   [{name,mam_query_rsm_max},parallel]
=started       2024-08-23 19:16:49
=ended         2024-08-23 19:16:49
=result        ok
=elapsed       2.0e-6
=group_time    0.324s
=case          ejabberd_SUITE:init_per_group
=logfile       ejabberd_suite.init_per_group.13637.html
=group_props   [{name,mam_query_rsm_after},parallel]
=started       2024-08-23 19:16:49
=ended         2024-08-23 19:16:49
=result        ok
=elapsed       3.0e-6
=case          ejabberd_SUITE:mam_query_rsm_after_master
=logfile       ejabberd_suite.mam_query_rsm_after_master.13669.html
=started       2024-08-23 19:16:49
=ended         2024-08-23 19:16:49
=result        ok
=elapsed       0.237503
=case          ejabberd_SUITE:mam_query_rsm_after_slave
=logfile       ejabberd_suite.mam_query_rsm_after_slave.13701.html
=started       2024-08-23 19:16:49
=ended         2024-08-23 19:16:49
=result        ok
=elapsed       0.246236
=case          ejabberd_SUITE:end_per_group
=logfile       ejabberd_suite.end_per_group.42724.html
=group_props   [{name,mam_query_rsm_after},parallel]
=started       2024-08-23 19:16:49
=ended         2024-08-23 19:16:49
=result        ok
=elapsed       1.0e-5
=group_time    0.307s
=case          ejabberd_SUITE:init_per_group
=logfile       ejabberd_suite.init_per_group.64386.html
=group_props   [{name,mam_query_rsm_before},parallel]
=started       2024-08-23 19:16:49
=ended         2024-08-23 19:16:49
=result        ok
=elapsed       3.0e-6
=case          ejabberd_SUITE:mam_query_rsm_before_master
=logfile       ejabberd_suite.mam_query_rsm_before_master.64418.html
=started       2024-08-23 19:16:49
=ended         2024-08-23 19:16:50
=result        ok
=elapsed       0.255075
=case          ejabberd_SUITE:mam_query_rsm_before_slave
=logfile       ejabberd_suite.mam_query_rsm_before_slave.42756.html
=started       2024-08-23 19:16:49
=ended         2024-08-23 19:16:50
=result        ok
=elapsed       0.257152
=case          ejabberd_SUITE:end_per_group
=logfile       ejabberd_suite.end_per_group.56195.html
=group_props   [{name,mam_query_rsm_before},parallel]
=started       2024-08-23 19:16:50
=ended         2024-08-23 19:16:50
=result        ok
=elapsed       2.0e-6
=group_time    0.318s
=case          ejabberd_SUITE:init_per_group
=logfile       ejabberd_suite.init_per_group.64482.html
=group_props   [{name,mam_muc},parallel]
=started       2024-08-23 19:16:50
=ended         2024-08-23 19:16:50
=result        ok
=elapsed       2.0e-6
=case          ejabberd_SUITE:mam_muc_master
=logfile       ejabberd_suite.mam_muc_master.64514.html
=started       2024-08-23 19:16:50
=ended         2024-08-23 19:16:50
=result        ok
=elapsed       0.173686
=case          ejabberd_SUITE:mam_muc_slave
=logfile       ejabberd_suite.mam_muc_slave.64546.html
=started       2024-08-23 19:16:50
=ended         2024-08-23 19:16:50
=result        ok
=elapsed       0.16557
=case          ejabberd_SUITE:end_per_group
=logfile       ejabberd_suite.end_per_group.64578.html
=group_props   [{name,mam_muc},parallel]
=started       2024-08-23 19:16:50
=ended         2024-08-23 19:16:50
=result        ok
=elapsed       1.0e-5
=group_time    0.233s
=case          ejabberd_SUITE:init_per_group
=logfile       ejabberd_suite.init_per_group.64610.html
=group_props   [{name,mam_mucsub},parallel]
=started       2024-08-23 19:16:50
=ended         2024-08-23 19:16:50
=result        ok
=elapsed       3.0e-6
=case          ejabberd_SUITE:mam_mucsub_master
=logfile       ejabberd_suite.mam_mucsub_master.64642.html
=started       2024-08-23 19:16:50
=ended         2024-08-23 19:16:50
=result        ok
=elapsed       0.165674
=case          ejabberd_SUITE:mam_mucsub_slave
=logfile       ejabberd_suite.mam_mucsub_slave.64674.html
=started       2024-08-23 19:16:50
=ended         2024-08-23 19:16:50
=result        ok
=elapsed       0.16115
=case          ejabberd_SUITE:end_per_group
=logfile       ejabberd_suite.end_per_group.64738.html
=group_props   [{name,mam_mucsub},parallel]
=started       2024-08-23 19:16:50
=ended         2024-08-23 19:16:50
=result        ok
=elapsed       6.0e-6
=group_time    0.227s
=case          ejabberd_SUITE:init_per_group
=logfile       ejabberd_suite.init_per_group.13925.html
=group_props   [{name,mam_mucsub_from_muc},parallel]
=started       2024-08-23 19:16:50
=ended         2024-08-23 19:16:50
=result        ok
=elapsed       3.0e-6
=case          ejabberd_SUITE:mam_mucsub_from_muc_master
=logfile       ejabberd_suite.mam_mucsub_from_muc_master.13957.html
=started       2024-08-23 19:16:50
=ended         2024-08-23 19:16:50
=result        ok
=elapsed       0.162427
=case          ejabberd_SUITE:mam_mucsub_from_muc_slave
=logfile       ejabberd_suite.mam_mucsub_from_muc_slave.13989.html
=started       2024-08-23 19:16:50
=ended         2024-08-23 19:16:50
=result        ok
=elapsed       0.155215
=case          ejabberd_SUITE:end_per_group
=logfile       ejabberd_suite.end_per_group.42980.html
=group_props   [{name,mam_mucsub_from_muc},parallel]
=started       2024-08-23 19:16:50
=ended         2024-08-23 19:16:50
=result        ok
=elapsed       2.0e-6
=group_time    0.224s
=case          ejabberd_SUITE:init_per_group
=logfile       ejabberd_suite.init_per_group.43012.html
=group_props   [{name,mam_mucsub_from_muc_non_persistent},parallel]
=started       2024-08-23 19:16:50
=ended         2024-08-23 19:16:50
=result        ok
=elapsed       2.0e-6
=case          ejabberd_SUITE:mam_mucsub_from_muc_non_persistent_master
=logfile       ejabberd_suite.mam_mucsub_from_muc_non_persistent_master.43044.html
=started       2024-08-23 19:16:50
=ended         2024-08-23 19:16:51
=result        ok
=elapsed       0.156817
=case          ejabberd_SUITE:mam_mucsub_from_muc_non_persistent_slave
=logfile       ejabberd_suite.mam_mucsub_from_muc_non_persistent_slave.43076.html
=started       2024-08-23 19:16:50
=ended         2024-08-23 19:16:51
=result        ok
=elapsed       0.157173
=case          ejabberd_SUITE:end_per_group
=logfile       ejabberd_suite.end_per_group.43172.html
=group_props   [{name,mam_mucsub_from_muc_non_persistent},parallel]
=started       2024-08-23 19:16:51
=ended         2024-08-23 19:16:51
=result        ok
=elapsed       3.0e-6
=group_time    0.219s
=case          ejabberd_SUITE:end_per_group
=logfile       ejabberd_suite.end_per_group.14213.html
=group_props   [{name,mam_master_slave},sequence]
=started       2024-08-23 19:16:51
=ended         2024-08-23 19:16:51
=result        ok
=elapsed       2.0e-6
=group_time    2.908s
=case          ejabberd_SUITE:init_per_group
=logfile       ejabberd_suite.init_per_group.14245.html
=group_props   [{name,announce_master_slave},sequence]
=started       2024-08-23 19:16:51
=ended         2024-08-23 19:16:51
=result        ok
=elapsed       3.0e-6
=case          ejabberd_SUITE:init_per_group
=logfile       ejabberd_suite.init_per_group.14277.html
=group_props   [{name,announce_set_motd},parallel]
=started       2024-08-23 19:16:51
=ended         2024-08-23 19:16:51
=result        ok
=elapsed       2.0e-6
=case          ejabberd_SUITE:announce_set_motd_master
=logfile       ejabberd_suite.announce_set_motd_master.14309.html
=started       2024-08-23 19:16:51
=ended         2024-08-23 19:16:51
=result        ok
=elapsed       0.115837
=case          ejabberd_SUITE:announce_set_motd_slave
=logfile       ejabberd_suite.announce_set_motd_slave.14341.html
=started       2024-08-23 19:16:51
=ended         2024-08-23 19:16:51
=result        ok
=elapsed       0.116632
=case          ejabberd_SUITE:end_per_group
=logfile       ejabberd_suite.end_per_group.14437.html
=group_props   [{name,announce_set_motd},parallel]
=started       2024-08-23 19:16:51
=ended         2024-08-23 19:16:51
=result        ok
=elapsed       8.0e-6
=group_time    0.180s
=case          ejabberd_SUITE:end_per_group
=logfile       ejabberd_suite.end_per_group.14469.html
=group_props   [{name,announce_master_slave},sequence]
=started       2024-08-23 19:16:51
=ended         2024-08-23 19:16:51
=result        ok
=elapsed       2.0e-6
=group_time    0.228s
=case          ejabberd_SUITE:init_per_group
=logfile       ejabberd_suite.init_per_group.14501.html
=group_props   [{name,push_master_slave},sequence]
=started       2024-08-23 19:16:51
=ended         2024-08-23 19:16:51
=result        ok
=elapsed       3.0e-6
=case          ejabberd_SUITE:init_per_group
=logfile       ejabberd_suite.init_per_group.14533.html
=group_props   [{name,push_sm},parallel]
=started       2024-08-23 19:16:51
=ended         2024-08-23 19:16:51
=result        ok
=elapsed       2.0e-6
=case          ejabberd_SUITE:push_sm_master
=logfile       ejabberd_suite.push_sm_master.14565.html
=started       2024-08-23 19:16:51
=ended         2024-08-23 19:16:59
=result        ok
=elapsed       8.111983
=case          ejabberd_SUITE:push_sm_slave
=logfile       ejabberd_suite.push_sm_slave.14597.html
=started       2024-08-23 19:16:51
=ended         2024-08-23 19:16:51
=result        ok
=elapsed       0.004804
=case          ejabberd_SUITE:end_per_group
=logfile       ejabberd_suite.end_per_group.14661.html
=group_props   [{name,push_sm},parallel]
=started       2024-08-23 19:16:59
=ended         2024-08-23 19:16:59
=result        ok
=elapsed       2.0e-6
=group_time    8.171s
=case          ejabberd_SUITE:init_per_group
=logfile       ejabberd_suite.init_per_group.56355.html
=group_props   [{name,push_offline},parallel]
=started       2024-08-23 19:16:59
=ended         2024-08-23 19:16:59
=result        ok
=elapsed       3.0e-6
=case          ejabberd_SUITE:push_offline_master
=logfile       ejabberd_suite.push_offline_master.56387.html
=started       2024-08-23 19:16:59
=ended         2024-08-23 19:17:00
=result        ok
=elapsed       0.258687
=case          ejabberd_SUITE:push_offline_slave
=logfile       ejabberd_suite.push_offline_slave.56419.html
=started       2024-08-23 19:16:59
=ended         2024-08-23 19:16:59
=result        ok
=elapsed       0.109087
=case          ejabberd_SUITE:end_per_group
=logfile       ejabberd_suite.end_per_group.56515.html
=group_props   [{name,push_offline},parallel]
=started       2024-08-23 19:17:00
=ended         2024-08-23 19:17:00
=result        ok
=elapsed       3.0e-6
=group_time    0.320s
=case          ejabberd_SUITE:init_per_group
=logfile       ejabberd_suite.init_per_group.56547.html
=group_props   [{name,push_mam},parallel]
=started       2024-08-23 19:17:00
=ended         2024-08-23 19:17:00
=result        ok
=elapsed       3.0e-6
=case          ejabberd_SUITE:push_mam_master
=logfile       ejabberd_suite.push_mam_master.43300.html
=started       2024-08-23 19:17:00
=ended         2024-08-23 19:17:00
=result        ok
=elapsed       0.154093
=case          ejabberd_SUITE:push_mam_slave
=logfile       ejabberd_suite.push_mam_slave.43332.html
=started       2024-08-23 19:17:00
=ended         2024-08-23 19:17:00
=result        ok
=elapsed       0.276938
=case          ejabberd_SUITE:end_per_group
=logfile       ejabberd_suite.end_per_group.43396.html
=group_props   [{name,push_mam},parallel]
=started       2024-08-23 19:17:00
=ended         2024-08-23 19:17:00
=result        ok
=elapsed       2.0e-6
=group_time    0.337s
=case          ejabberd_SUITE:end_per_group
=logfile       ejabberd_suite.end_per_group.43428.html
=group_props   [{name,push_master_slave},sequence]
=started       2024-08-23 19:17:00
=ended         2024-08-23 19:17:00
=result        ok
=elapsed       3.0e-6
=group_time    8.926s
=case          ejabberd_SUITE:end_per_group
=logfile       ejabberd_suite.end_per_group.14789.html
=group_props   [{name,sqlite},sequence]
=started       2024-08-23 19:17:00
=ended         2024-08-23 19:17:00
=result        ok
=elapsed       0.0
=group_time    98.927s
=case          ejabberd_SUITE:init_per_group
=logfile       ejabberd_suite.init_per_group.14821.html
=group_props   [{name,extauth},sequence]
=started       2024-08-23 19:17:00
=ended         2024-08-23 19:17:00
=result        ok
=elapsed       2.0e-6
=case          ejabberd_SUITE:init_per_group
=logfile       ejabberd_suite.init_per_group.14853.html
=group_props   [{name,extauth_tests},sequence]
=started       2024-08-23 19:17:00
=ended         2024-08-23 19:17:00
=result        ok
=elapsed       3.0e-6
=case          ejabberd_SUITE:test_auth
=logfile       ejabberd_suite.test_auth.14885.html
=started       2024-08-23 19:17:00
=ended         2024-08-23 19:17:00
=result        ok
=elapsed       0.001837
=case          ejabberd_SUITE:test_auth_fail
=logfile       ejabberd_suite.test_auth_fail.14949.html
=started       2024-08-23 19:17:00
=ended         2024-08-23 19:17:00
=result        ok
=elapsed       9.68e-4
=case          ejabberd_SUITE:test_unregister
=logfile       ejabberd_suite.test_unregister.56675.html
=started       2024-08-23 19:17:00
=ended         2024-08-23 19:17:00
=result        ok
=elapsed       0.002398
=case          ejabberd_SUITE:end_per_group
=logfile       ejabberd_suite.end_per_group.56707.html
=group_props   [{name,extauth_tests},sequence]
=started       2024-08-23 19:17:00
=ended         2024-08-23 19:17:00
=result        ok
=elapsed       7.0e-6
=group_time    0.113s
=case          ejabberd_SUITE:end_per_group
=logfile       ejabberd_suite.end_per_group.56739.html
=group_props   [{name,extauth},sequence]
=started       2024-08-23 19:17:00
=ended         2024-08-23 19:17:00
=result        ok
=elapsed       0.0
=group_time    0.163s
=case          ejabberd_SUITE:init_per_group
=logfile       ejabberd_suite.init_per_group.56771.html
=group_props   [{name,component},sequence]
=started       2024-08-23 19:17:00
=ended         2024-08-23 19:17:00
=result        ok
=elapsed       2.0e-6
=case          ejabberd_SUITE:init_per_group
=logfile       ejabberd_suite.init_per_group.56803.html
=group_props   [{name,component_connect},parallel]
=started       2024-08-23 19:17:00
=ended         2024-08-23 19:17:00
=result        ok
=elapsed       2.0e-6
=case          ejabberd_SUITE:test_connect_bad_xml
=logfile       ejabberd_suite.test_connect_bad_xml.64770.html
=started       2024-08-23 19:17:00
=ended         2024-08-23 19:17:00
=result        ok
=elapsed       7.48e-4
=case          ejabberd_SUITE:test_connect_unexpected_xml
=logfile       ejabberd_suite.test_connect_unexpected_xml.64802.html
=started       2024-08-23 19:17:00
=ended         2024-08-23 19:17:00
=result        ok
=elapsed       8.47e-4
=case          ejabberd_SUITE:test_connect_unknown_ns
=logfile       ejabberd_suite.test_connect_unknown_ns.64834.html
=started       2024-08-23 19:17:00
=ended         2024-08-23 19:17:00
=result        ok
=elapsed       7.89e-4
=case          ejabberd_SUITE:test_connect_bad_xmlns
=logfile       ejabberd_suite.test_connect_bad_xmlns.56867.html
=started       2024-08-23 19:17:00
=ended         2024-08-23 19:17:00
=result        ok
=elapsed       8.54e-4
=case          ejabberd_SUITE:test_connect_bad_ns_stream
=logfile       ejabberd_suite.test_connect_bad_ns_stream.56835.html
=started       2024-08-23 19:17:00
=ended         2024-08-23 19:17:00
=result        ok
=elapsed       0.001518
=case          ejabberd_SUITE:test_connect_missing_to
=logfile       ejabberd_suite.test_connect_missing_to.64866.html
=started       2024-08-23 19:17:00
=ended         2024-08-23 19:17:00
=result        ok
=elapsed       0.001244
=case          ejabberd_SUITE:test_connect
=logfile       ejabberd_suite.test_connect.56899.html
=started       2024-08-23 19:17:00
=ended         2024-08-23 19:17:00
=result        ok
=elapsed       9.05e-4
=case          ejabberd_SUITE:test_auth
=logfile       ejabberd_suite.test_auth.56931.html
=started       2024-08-23 19:17:00
=ended         2024-08-23 19:17:00
=result        ok
=elapsed       0.009066
=case          ejabberd_SUITE:test_auth_fail
=logfile       ejabberd_suite.test_auth_fail.64898.html
=started       2024-08-23 19:17:00
=ended         2024-08-23 19:17:00
=result        ok
=elapsed       0.008218
=case          ejabberd_SUITE:end_per_group
=logfile       ejabberd_suite.end_per_group.57091.html
=group_props   [{name,component_connect},parallel]
=started       2024-08-23 19:17:00
=ended         2024-08-23 19:17:00
=result        ok
=elapsed       2.0e-6
=group_time    0.088s
=case          ejabberd_SUITE:init_per_group
=logfile       ejabberd_suite.init_per_group.43556.html
=group_props   [{name,component_tests},sequence]
=started       2024-08-23 19:17:00
=ended         2024-08-23 19:17:00
=result        ok
=elapsed       2.0e-6
=case          ejabberd_SUITE:test_missing_from
=logfile       ejabberd_suite.test_missing_from.html
=started       2024-08-23 19:17:00
=ended         2024-08-23 19:17:00
=result        ok
=elapsed       5.16e-4
=case          ejabberd_SUITE:test_missing_to
=logfile       ejabberd_suite.test_missing_to.html
=started       2024-08-23 19:17:00
=ended         2024-08-23 19:17:00
=result        ok
=elapsed       4.83e-4
=case          ejabberd_SUITE:test_invalid_from
=logfile       ejabberd_suite.test_invalid_from.html
=started       2024-08-23 19:17:00
=ended         2024-08-23 19:17:00
=result        ok
=elapsed       5.65e-4
=case          ejabberd_SUITE:test_component_send
=logfile       ejabberd_suite.test_component_send.html
=started       2024-08-23 19:17:00
=ended         2024-08-23 19:17:00
=result        ok
=elapsed       7.2e-4
=case          ejabberd_SUITE:bad_nonza
=logfile       ejabberd_suite.bad_nonza.html
=started       2024-08-23 19:17:00
=ended         2024-08-23 19:17:00
=result        ok
=elapsed       0.040494
=case          ejabberd_SUITE:codec_failure
=logfile       ejabberd_suite.codec_failure.html
=started       2024-08-23 19:17:00
=ended         2024-08-23 19:17:01
=result        ok
=elapsed       7.2e-4
=case          ejabberd_SUITE:end_per_group
=logfile       ejabberd_suite.end_per_group.43748.html
=group_props   [{name,component_tests},sequence]
=started       2024-08-23 19:17:01
=ended         2024-08-23 19:17:01
=result        ok
=elapsed       2.0e-6
=group_time    0.232s
=case          ejabberd_SUITE:end_per_group
=logfile       ejabberd_suite.end_per_group.43780.html
=group_props   [{name,component},sequence]
=started       2024-08-23 19:17:01
=ended         2024-08-23 19:17:01
=result        ok
=elapsed       0.0
=group_time    0.393s
=case          ejabberd_SUITE:init_per_group
=logfile       ejabberd_suite.init_per_group.43812.html
=group_props   [{name,s2s},sequence]
=started       2024-08-23 19:17:01
=ended         2024-08-23 19:17:01
=result        ok
=elapsed       8.0e-6
=case          ejabberd_SUITE:init_per_group
=logfile       ejabberd_suite.init_per_group.43844.html
=group_props   [{name,s2s_connect},parallel]
=started       2024-08-23 19:17:01
=ended         2024-08-23 19:17:01
=result        ok
=elapsed       2.0e-6
=case          ejabberd_SUITE:test_connect_bad_xml
=logfile       ejabberd_suite.test_connect_bad_xml.43908.html
=started       2024-08-23 19:17:01
=ended         2024-08-23 19:17:01
=result        ok
=elapsed       0.001612
=case          ejabberd_SUITE:test_connect_unexpected_xml
=logfile       ejabberd_suite.test_connect_unexpected_xml.43876.html
=started       2024-08-23 19:17:01
=ended         2024-08-23 19:17:01
=result        ok
=elapsed       0.001539
=case          ejabberd_SUITE:test_connect_unknown_ns
=logfile       ejabberd_suite.test_connect_unknown_ns.43940.html
=started       2024-08-23 19:17:01
=ended         2024-08-23 19:17:01
=result        ok
=elapsed       0.001389
=case          ejabberd_SUITE:test_connect_bad_xmlns
=logfile       ejabberd_suite.test_connect_bad_xmlns.43972.html
=started       2024-08-23 19:17:01
=ended         2024-08-23 19:17:01
=result        ok
=elapsed       0.00105
=case          ejabberd_SUITE:test_connect_bad_ns_stream
=logfile       ejabberd_suite.test_connect_bad_ns_stream.65122.html
=started       2024-08-23 19:17:01
=ended         2024-08-23 19:17:01
=result        ok
=elapsed       0.001657
=case          ejabberd_SUITE:test_connect
=logfile       ejabberd_suite.test_connect.65154.html
=started       2024-08-23 19:17:01
=ended         2024-08-23 19:17:01
=result        ok
=elapsed       0.002614
=case          ejabberd_SUITE:test_connect_s2s_starttls_required
=logfile       ejabberd_suite.test_connect_s2s_starttls_required.65186.html
=started       2024-08-23 19:17:01
=ended         2024-08-23 19:17:01
=result        ok
=elapsed       0.001792
=case          ejabberd_SUITE:test_starttls
=logfile       ejabberd_suite.test_starttls.65218.html
=started       2024-08-23 19:17:01
=ended         2024-08-23 19:17:01
=result        failed: {test_case_failed,starttls_failed}, [{ejabberd_SUITE,
                                                             test_starttls,
                                                             633},
                                                            {test_server,
                                                             ts_tc,1793},
                                                            {test_server,
                                                             run_test_case_eval1,
                                                             1302},
                                                            {test_server,
                                                             run_test_case_eval,
                                                             1234}]
=== *** FAILED test case 1590 of 1598 ***
=case          ejabberd_SUITE:test_connect_s2s_unauthenticated_iq
=logfile       ejabberd_suite.test_connect_s2s_unauthenticated_iq.44004.html
=started       2024-08-23 19:17:01
=ended         2024-08-23 19:17:01
=result        failed: {test_case_failed,starttls_failed}, [{ejabberd_SUITE,
                                                             test_connect_s2s_unauthenticated_iq,
                                                             627},
                                                            {test_server,
                                                             ts_tc,1793},
                                                            {test_server,
                                                             run_test_case_eval1,
                                                             1302},
                                                            {test_server,
                                                             run_test_case_eval,
                                                             1234}]
=== *** FAILED test case 1591 of 1598 ***
=case          ejabberd_SUITE:test_auth_starttls
=logfile       ejabberd_suite.test_auth_starttls.57155.html
=started       2024-08-23 19:17:01
=ended         2024-08-23 19:17:01
=result        failed: {test_case_failed,starttls_failed}, [{ejabberd_SUITE,
                                                             test_auth_starttls,
                                                             865},
                                                            {test_server,
                                                             ts_tc,1793},
                                                            {test_server,
                                                             run_test_case_eval1,
                                                             1302},
                                                            {test_server,
                                                             run_test_case_eval,
                                                             1234}]
=== *** FAILED test case 1592 of 1598 ***
=case          ejabberd_SUITE:end_per_group
=logfile       ejabberd_suite.end_per_group.65442.html
=group_props   [{name,s2s_connect},parallel]
=started       2024-08-23 19:17:01
=ended         2024-08-23 19:17:01
=result        ok
=elapsed       1.1e-5
=group_time    0.088s
=case          ejabberd_SUITE:init_per_group
=logfile       ejabberd_suite.init_per_group.65474.html
=group_props   [{name,s2s_tests},sequence]
=started       2024-08-23 19:17:01
=ended         2024-08-23 19:17:01
=result        ok
=elapsed       3.0e-6
=case          ejabberd_SUITE:test_missing_from
=logfile       ejabberd_suite.test_missing_from.65506.html
=started       2024-08-23 19:17:01
=== ERROR! init_per_testcase crashed!
	Location: [{ejabberd_SUITE,init_per_testcase,335},
                   {test_server,do_init_per_testcase,1563},
                   {test_server,run_test_case_eval1,1264},
                   {test_server,run_test_case_eval,1234}]
	Reason: {{test_case_failed,starttls_failed},
                 [{ejabberd_SUITE,init_per_testcase,2,
                      [{file,
                           "/home/runner/work/ejabberd/ejabberd/test/ejabberd_SUITE.erl"},
                       {line,335}]},
                  {test_server,do_init_per_testcase,2,
                      [{file,"test_server.erl"},{line,1563}]},
                  {test_server,run_test_case_eval1,6,
                      [{file,"test_server.erl"},{line,1264}]},
                  {test_server,run_test_case_eval,9,
                      [{file,"test_server.erl"},{line,1234}]}]}

=ended         2024-08-23 19:17:01
=result        auto_skipped: {failed,
                              {ejabberd_SUITE,init_per_testcase,
                               {{test_case_failed,starttls_failed},
                                [{ejabberd_SUITE,init_per_testcase,2,
                                  [{file,
                                    "/home/runner/work/ejabberd/ejabberd/test/ejabberd_SUITE.erl"},
                                   {line,335}]},
                                 {test_server,do_init_per_testcase,2,
                                  [{file,"test_server.erl"},{line,1563}]},
                                 {test_server,run_test_case_eval1,6,
                                  [{file,"test_server.erl"},{line,1264}]},
                                 {test_server,run_test_case_eval,9,
                                  [{file,"test_server.erl"},{line,1234}]}]}}}
=== *** SKIPPED test case 1593 of 1598 ***
=case          ejabberd_SUITE:test_missing_to
=logfile       ejabberd_suite.test_missing_to.65538.html
=started       2024-08-23 19:17:01
=== ERROR! init_per_testcase crashed!
	Location: [{ejabberd_SUITE,init_per_testcase,335},
                   {test_server,do_init_per_testcase,1563},
                   {test_server,run_test_case_eval1,1264},
                   {test_server,run_test_case_eval,1234}]
	Reason: {{test_case_failed,starttls_failed},
                 [{ejabberd_SUITE,init_per_testcase,2,
                      [{file,
                           "/home/runner/work/ejabberd/ejabberd/test/ejabberd_SUITE.erl"},
                       {line,335}]},
                  {test_server,do_init_per_testcase,2,
                      [{file,"test_server.erl"},{line,1563}]},
                  {test_server,run_test_case_eval1,6,
                      [{file,"test_server.erl"},{line,1264}]},
                  {test_server,run_test_case_eval,9,
                      [{file,"test_server.erl"},{line,1234}]}]}

=ended         2024-08-23 19:17:01
=result        auto_skipped: {failed,
                              {ejabberd_SUITE,init_per_testcase,
                               {{test_case_failed,starttls_failed},
                                [{ejabberd_SUITE,init_per_testcase,2,
                                  [{file,
                                    "/home/runner/work/ejabberd/ejabberd/test/ejabberd_SUITE.erl"},
                                   {line,335}]},
                                 {test_server,do_init_per_testcase,2,
                                  [{file,"test_server.erl"},{line,1563}]},
                                 {test_server,run_test_case_eval1,6,
                                  [{file,"test_server.erl"},{line,1264}]},
                                 {test_server,run_test_case_eval,9,
                                  [{file,"test_server.erl"},{line,1234}]}]}}}
=== *** SKIPPED test case 1594 of 1598 ***
=case          ejabberd_SUITE:test_invalid_from
=logfile       ejabberd_suite.test_invalid_from.65602.html
=started       2024-08-23 19:17:01
=== ERROR! init_per_testcase crashed!
	Location: [{ejabberd_SUITE,init_per_testcase,335},
                   {test_server,do_init_per_testcase,1563},
                   {test_server,run_test_case_eval1,1264},
                   {test_server,run_test_case_eval,1234}]
	Reason: {{test_case_failed,starttls_failed},
                 [{ejabberd_SUITE,init_per_testcase,2,
                      [{file,
                           "/home/runner/work/ejabberd/ejabberd/test/ejabberd_SUITE.erl"},
                       {line,335}]},
                  {test_server,do_init_per_testcase,2,
                      [{file,"test_server.erl"},{line,1563}]},
                  {test_server,run_test_case_eval1,6,
                      [{file,"test_server.erl"},{line,1264}]},
                  {test_server,run_test_case_eval,9,
                      [{file,"test_server.erl"},{line,1234}]}]}

=ended         2024-08-23 19:17:01
=result        auto_skipped: {failed,
                              {ejabberd_SUITE,init_per_testcase,
                               {{test_case_failed,starttls_failed},
                                [{ejabberd_SUITE,init_per_testcase,2,
                                  [{file,
                                    "/home/runner/work/ejabberd/ejabberd/test/ejabberd_SUITE.erl"},
                                   {line,335}]},
                                 {test_server,do_init_per_testcase,2,
                                  [{file,"test_server.erl"},{line,1563}]},
                                 {test_server,run_test_case_eval1,6,
                                  [{file,"test_server.erl"},{line,1264}]},
                                 {test_server,run_test_case_eval,9,
                                  [{file,"test_server.erl"},{line,1234}]}]}}}
=== *** SKIPPED test case 1595 of 1598 ***
=case          ejabberd_SUITE:bad_nonza
=logfile       ejabberd_suite.bad_nonza.65634.html
=started       2024-08-23 19:17:01
=== ERROR! init_per_testcase crashed!
	Location: [{ejabberd_SUITE,init_per_testcase,335},
                   {test_server,do_init_per_testcase,1563},
                   {test_server,run_test_case_eval1,1264},
                   {test_server,run_test_case_eval,1234}]
	Reason: {{test_case_failed,starttls_failed},
                 [{ejabberd_SUITE,init_per_testcase,2,
                      [{file,
                           "/home/runner/work/ejabberd/ejabberd/test/ejabberd_SUITE.erl"},
                       {line,335}]},
                  {test_server,do_init_per_testcase,2,
                      [{file,"test_server.erl"},{line,1563}]},
                  {test_server,run_test_case_eval1,6,
                      [{file,"test_server.erl"},{line,1264}]},
                  {test_server,run_test_case_eval,9,
                      [{file,"test_server.erl"},{line,1234}]}]}

=ended         2024-08-23 19:17:01
=result        auto_skipped: {failed,
                              {ejabberd_SUITE,init_per_testcase,
                               {{test_case_failed,starttls_failed},
                                [{ejabberd_SUITE,init_per_testcase,2,
                                  [{file,
                                    "/home/runner/work/ejabberd/ejabberd/test/ejabberd_SUITE.erl"},
                                   {line,335}]},
                                 {test_server,do_init_per_testcase,2,
                                  [{file,"test_server.erl"},{line,1563}]},
                                 {test_server,run_test_case_eval1,6,
                                  [{file,"test_server.erl"},{line,1264}]},
                                 {test_server,run_test_case_eval,9,
                                  [{file,"test_server.erl"},{line,1234}]}]}}}
=== *** SKIPPED test case 1596 of 1598 ***
=case          ejabberd_SUITE:codec_failure
=logfile       ejabberd_suite.codec_failure.65698.html
=started       2024-08-23 19:17:01
=== ERROR! init_per_testcase crashed!
	Location: [{ejabberd_SUITE,init_per_testcase,335},
                   {test_server,do_init_per_testcase,1563},
                   {test_server,run_test_case_eval1,1264},
                   {test_server,run_test_case_eval,1234}]
	Reason: {{test_case_failed,starttls_failed},
                 [{ejabberd_SUITE,init_per_testcase,2,
                      [{file,
                           "/home/runner/work/ejabberd/ejabberd/test/ejabberd_SUITE.erl"},
                       {line,335}]},
                  {test_server,do_init_per_testcase,2,
                      [{file,"test_server.erl"},{line,1563}]},
                  {test_server,run_test_case_eval1,6,
                      [{file,"test_server.erl"},{line,1264}]},
                  {test_server,run_test_case_eval,9,
                      [{file,"test_server.erl"},{line,1234}]}]}

=ended         2024-08-23 19:17:01
=result        auto_skipped: {failed,
                              {ejabberd_SUITE,init_per_testcase,
                               {{test_case_failed,starttls_failed},
                                [{ejabberd_SUITE,init_per_testcase,2,
                                  [{file,
                                    "/home/runner/work/ejabberd/ejabberd/test/ejabberd_SUITE.erl"},
                                   {line,335}]},
                                 {test_server,do_init_per_testcase,2,
                                  [{file,"test_server.erl"},{line,1563}]},
                                 {test_server,run_test_case_eval1,6,
                                  [{file,"test_server.erl"},{line,1264}]},
                                 {test_server,run_test_case_eval,9,
                                  [{file,"test_server.erl"},{line,1234}]}]}}}
=== *** SKIPPED test case 1597 of 1598 ***
=case          ejabberd_SUITE:end_per_group
=logfile       ejabberd_suite.end_per_group.65762.html
=group_props   [{name,s2s_tests},sequence]
=started       2024-08-23 19:17:01
=ended         2024-08-23 19:17:01
=result        ok
=elapsed       2.0e-6
=group_time    0.164s
=case          ejabberd_SUITE:end_per_group
=logfile       ejabberd_suite.end_per_group.65794.html
=group_props   [{name,s2s},sequence]
=started       2024-08-23 19:17:01
=ended         2024-08-23 19:17:01
=result        ok
=elapsed       4.0e-6
=group_time    0.326s
=case          ejabberd_SUITE:stop_ejabberd
=logfile       ejabberd_suite.stop_ejabberd.html
=started       2024-08-23 19:17:01
=ended         2024-08-23 19:17:01
=result        ok
=elapsed       0.041629
=case          ejabberd_SUITE:end_per_suite
=logfile       ejabberd_suite.end_per_suite.html
=started       2024-08-23 19:17:01
=ended         2024-08-23 19:17:01
=result        ok
=elapsed       5.0e-6
=group_time    501.070s
=== TEST COMPLETE, 1228 ok, 6 failed, 364 skipped of 1598 test cases

=finished      2024-08-23 19:17:01
=failed        6
=successful    1228
=user_skipped  233
=auto_skipped  131
