=== Suite started at 2025-03-24 17:11:18
=== Starting test, 1598 test cases
=cases         1598
=user          runner
=host          959-alexeyshch-matrix-cf13abd
=hosts         959-alexeyshch-matrix-cf13abd 
=emulator_vsn  9.0.5
=emulator      beam
=otp_release   20
=started       2025-03-24 17:11:19
=case          ejabberd_SUITE:init_per_suite
=logfile       ejabberd_suite.init_per_suite.html
=started       2025-03-24 17:11:19
=ended         2025-03-24 17:11:23
=result        ok
=elapsed       4.001324
=case          ejabberd_SUITE:init_per_group
=logfile       ejabberd_suite.init_per_group.html
=group_props   [{name,ldap},sequence]
=started       2025-03-24 17:11:23
=ended         2025-03-24 17:11:23
=result        ok
=elapsed       3.0e-6
=case          ejabberd_SUITE:init_per_group
=logfile       ejabberd_suite.init_per_group.1253.html
=group_props   [{name,ldap_tests},sequence]
=started       2025-03-24 17:11:23
=ended         2025-03-24 17:11:23
=result        ok
=elapsed       5.0e-6
=case          ejabberd_SUITE:test_auth
=logfile       ejabberd_suite.test_auth.html
=started       2025-03-24 17:11:23
=ended         2025-03-24 17:11:24
=result        ok
=elapsed       0.291097
=case          ejabberd_SUITE:test_auth_fail
=logfile       ejabberd_suite.test_auth_fail.html
=started       2025-03-24 17:11:24
=ended         2025-03-24 17:11:24
=result        ok
=elapsed       0.100802
=case          ejabberd_SUITE:vcard_get
=logfile       ejabberd_suite.vcard_get.html
=started       2025-03-24 17:11:24
=ended         2025-03-24 17:11:25
=result        ok
=elapsed       0.406141
=case          ejabberd_SUITE:ldap_shared_roster_get
=logfile       ejabberd_suite.ldap_shared_roster_get.html
=started       2025-03-24 17:11:25
=ended         2025-03-24 17:11:25
=result        ok
=elapsed       0.168885
=case          ejabberd_SUITE:end_per_group
=logfile       ejabberd_suite.end_per_group.html
=group_props   [{name,ldap_tests},sequence]
=started       2025-03-24 17:11:25
=ended         2025-03-24 17:11:25
=result        ok
=elapsed       3.0e-6
=group_time    2.209s
=case          ejabberd_SUITE:end_per_group
=logfile       ejabberd_suite.end_per_group.1954.html
=group_props   [{name,ldap},sequence]
=started       2025-03-24 17:11:25
=ended         2025-03-24 17:11:25
=result        ok
=elapsed       0.0
=group_time    2.261s
=case          ejabberd_SUITE:init_per_group
=logfile       ejabberd_suite.init_per_group.1986.html
=group_props   [{name,no_db},sequence]
=started       2025-03-24 17:11:25
=ended         2025-03-24 17:11:25
=result        ok
=elapsed       8.07e-4
=case          ejabberd_SUITE:init_per_group
=logfile       ejabberd_suite.init_per_group.1251.html
=group_props   [{name,anonymous},parallel]
=started       2025-03-24 17:11:25
=ended         2025-03-24 17:11:25
=result        ok
=elapsed       6.0e-6
=case          ejabberd_SUITE:test_connect_bad_xml
=logfile       ejabberd_suite.test_connect_bad_xml.1283.html
=started       2025-03-24 17:11:25
=ended         2025-03-24 17:11:25
=result        ok
=elapsed       0.001402
=case          ejabberd_SUITE:test_connect_unexpected_xml
=logfile       ejabberd_suite.test_connect_unexpected_xml.1315.html
=started       2025-03-24 17:11:25
=ended         2025-03-24 17:11:25
=result        ok
=elapsed       0.078397
=case          ejabberd_SUITE:test_connect_unknown_ns
=logfile       ejabberd_suite.test_connect_unknown_ns.1347.html
=started       2025-03-24 17:11:25
=ended         2025-03-24 17:11:25
=result        ok
=elapsed       0.087015
=case          ejabberd_SUITE:test_connect_bad_xmlns
=logfile       ejabberd_suite.test_connect_bad_xmlns.1379.html
=started       2025-03-24 17:11:25
=ended         2025-03-24 17:11:25
=result        ok
=elapsed       0.001502
=case          ejabberd_SUITE:test_connect_bad_ns_stream
=logfile       ejabberd_suite.test_connect_bad_ns_stream.1411.html
=started       2025-03-24 17:11:25
=ended         2025-03-24 17:11:25
=result        ok
=elapsed       0.002235
=case          ejabberd_SUITE:test_connect_bad_lang
=logfile       ejabberd_suite.test_connect_bad_lang.1443.html
=started       2025-03-24 17:11:25
=ended         2025-03-24 17:11:25
=result        ok
=elapsed       0.001446
=case          ejabberd_SUITE:test_connect_bad_to
=logfile       ejabberd_suite.test_connect_bad_to.1475.html
=started       2025-03-24 17:11:25
=ended         2025-03-24 17:11:25
=result        ok
=elapsed       0.001255
=case          ejabberd_SUITE:test_connect_missing_to
=logfile       ejabberd_suite.test_connect_missing_to.452.html
=started       2025-03-24 17:11:25
=ended         2025-03-24 17:11:25
=result        ok
=elapsed       0.001655
=case          ejabberd_SUITE:test_connect
=logfile       ejabberd_suite.test_connect.1507.html
=started       2025-03-24 17:11:25
=ended         2025-03-24 17:11:25
=result        ok
=elapsed       0.001323
=case          ejabberd_SUITE:unauthenticated_iq
=logfile       ejabberd_suite.unauthenticated_iq.1539.html
=started       2025-03-24 17:11:25
=ended         2025-03-24 17:11:25
=result        ok
=elapsed       5.09e-4
=case          ejabberd_SUITE:unauthenticated_message
=logfile       ejabberd_suite.unauthenticated_message.1571.html
=started       2025-03-24 17:11:25
=ended         2025-03-24 17:11:25
=result        ok
=elapsed       6.66e-4
=case          ejabberd_SUITE:unauthenticated_presence
=logfile       ejabberd_suite.unauthenticated_presence.484.html
=started       2025-03-24 17:11:25
=ended         2025-03-24 17:11:25
=result        ok
=elapsed       5.99e-4
=case          ejabberd_SUITE:test_starttls
=logfile       ejabberd_suite.test_starttls.2018.html
=started       2025-03-24 17:11:25
=ended         2025-03-24 17:11:25
=result        ok
=elapsed       0.144464
=case          ejabberd_SUITE:test_auth
=logfile       ejabberd_suite.test_auth.2050.html
=started       2025-03-24 17:11:25
=ended         2025-03-24 17:11:26
=result        ok
=elapsed       0.001585
=case          ejabberd_SUITE:test_zlib
=logfile       ejabberd_suite.test_zlib.2082.html
=started       2025-03-24 17:11:25
=ended         2025-03-24 17:11:26
=result        ok
=elapsed       0.001743
=case          ejabberd_SUITE:test_bind
=logfile       ejabberd_suite.test_bind.2114.html
=started       2025-03-24 17:11:25
=ended         2025-03-24 17:11:26
=result        ok
=elapsed       0.102874
=case          ejabberd_SUITE:test_open_session
=logfile       ejabberd_suite.test_open_session.2146.html
=started       2025-03-24 17:11:25
=ended         2025-03-24 17:11:26
=result        ok
=elapsed       0.10446
=case          ejabberd_SUITE:codec_failure
=logfile       ejabberd_suite.codec_failure.1349.html
=started       2025-03-24 17:11:25
=ended         2025-03-24 17:11:26
=result        ok
=elapsed       0.10333
=case          ejabberd_SUITE:unsupported_query
=logfile       ejabberd_suite.unsupported_query.1381.html
=started       2025-03-24 17:11:25
=ended         2025-03-24 17:11:26
=result        ok
=elapsed       0.193306
=case          ejabberd_SUITE:bad_nonza
=logfile       ejabberd_suite.bad_nonza.548.html
=started       2025-03-24 17:11:25
=ended         2025-03-24 17:11:26
=result        ok
=elapsed       0.143168
=case          ejabberd_SUITE:invalid_from
=logfile       ejabberd_suite.invalid_from.612.html
=started       2025-03-24 17:11:25
=ended         2025-03-24 17:11:26
=result        ok
=elapsed       0.101783
=case          ejabberd_SUITE:ping
=logfile       ejabberd_suite.ping.676.html
=started       2025-03-24 17:11:25
=ended         2025-03-24 17:11:26
=result        ok
=elapsed       0.232972
=case          ejabberd_SUITE:version
=logfile       ejabberd_suite.version.708.html
=started       2025-03-24 17:11:25
=ended         2025-03-24 17:11:26
=result        ok
=elapsed       0.318072
=case          ejabberd_SUITE:time
=logfile       ejabberd_suite.time.804.html
=started       2025-03-24 17:11:25
=ended         2025-03-24 17:11:26
=result        ok
=elapsed       0.343385
=case          ejabberd_SUITE:stats
=logfile       ejabberd_suite.stats.2242.html
=started       2025-03-24 17:11:25
=ended         2025-03-24 17:11:26
=result        ok
=elapsed       0.295232
=case          ejabberd_SUITE:disco
=logfile       ejabberd_suite.disco.1509.html
=started       2025-03-24 17:11:26
=ended         2025-03-24 17:11:26
=result        ok
=elapsed       0.211012
=case          ejabberd_SUITE:end_per_group
=logfile       ejabberd_suite.end_per_group.2658.html
=group_props   [{name,anonymous},parallel]
=started       2025-03-24 17:11:26
=ended         2025-03-24 17:11:26
=result        ok
=elapsed       3.0e-6
=group_time    1.158s
=case          ejabberd_SUITE:init_per_group
=logfile       ejabberd_suite.init_per_group.1861.html
=group_props   [{name,presence_and_s2s},sequence]
=started       2025-03-24 17:11:26
=ended         2025-03-24 17:11:26
=result        ok
=elapsed       6.0e-6
=case          ejabberd_SUITE:test_auth_fail
=logfile       ejabberd_suite.test_auth_fail.2690.html
=started       2025-03-24 17:11:26
=ended         2025-03-24 17:11:26
=result        ok
=elapsed       0.001928
=case          ejabberd_SUITE:presence
=logfile       ejabberd_suite.presence.html
=started       2025-03-24 17:11:26
=ended         2025-03-24 17:11:26
=result        ok
=elapsed       0.102068
=case          ejabberd_SUITE:s2s_dialback
=logfile       ejabberd_suite.s2s_dialback.html
=started       2025-03-24 17:11:26
=ended         2025-03-24 17:11:27
=result        ok
=elapsed       0.467423
=case          ejabberd_SUITE:s2s_optional
=logfile       ejabberd_suite.s2s_optional.html
=started       2025-03-24 17:11:27
=ended         2025-03-24 17:11:27
=result        ok
=elapsed       0.224888
=case          ejabberd_SUITE:s2s_required
=logfile       ejabberd_suite.s2s_required.html
=started       2025-03-24 17:11:27
=ended         2025-03-24 17:11:27
=result        ok
=elapsed       0.172689
=case          ejabberd_SUITE:end_per_group
=logfile       ejabberd_suite.end_per_group.2914.html
=group_props   [{name,presence_and_s2s},sequence]
=started       2025-03-24 17:11:27
=ended         2025-03-24 17:11:27
=result        ok
=elapsed       3.0e-6
=group_time    1.142s
=case          ejabberd_SUITE:auth_external
=logfile       ejabberd_suite.auth_external.html
=started       2025-03-24 17:11:27
=ended         2025-03-24 17:11:27
=result        ok
=elapsed       0.00709
=case          ejabberd_SUITE:auth_external_no_jid
=logfile       ejabberd_suite.auth_external_no_jid.html
=started       2025-03-24 17:11:27
=ended         2025-03-24 17:11:27
=result        ok
=elapsed       0.0067
=case          ejabberd_SUITE:auth_external_no_user
=logfile       ejabberd_suite.auth_external_no_user.html
=started       2025-03-24 17:11:27
=ended         2025-03-24 17:11:27
=result        ok
=elapsed       0.006476
=case          ejabberd_SUITE:auth_external_malformed_jid
=logfile       ejabberd_suite.auth_external_malformed_jid.html
=started       2025-03-24 17:11:27
=ended         2025-03-24 17:11:27
=result        ok
=elapsed       0.004729
=case          ejabberd_SUITE:auth_external_wrong_jid
=logfile       ejabberd_suite.auth_external_wrong_jid.html
=started       2025-03-24 17:11:27
=ended         2025-03-24 17:11:28
=result        ok
=elapsed       0.004836
=case          ejabberd_SUITE:auth_external_wrong_server
=logfile       ejabberd_suite.auth_external_wrong_server.html
=started       2025-03-24 17:11:28
=ended         2025-03-24 17:11:28
=result        ok
=elapsed       0.004982
=case          ejabberd_SUITE:auth_external_invalid_cert
=logfile       ejabberd_suite.auth_external_invalid_cert.html
=started       2025-03-24 17:11:28
=ended         2025-03-24 17:11:28
=result        ok
=elapsed       0.0073
=case          ejabberd_SUITE:init_per_group
=logfile       ejabberd_suite.init_per_group.2307.html
=group_props   [{name,commands_single},sequence]
=started       2025-03-24 17:11:28
=ended         2025-03-24 17:11:28
=result        ok
=elapsed       5.0e-6
=case          ejabberd_SUITE:commands_setup
=logfile       ejabberd_suite.commands_setup.html
=started       2025-03-24 17:11:28
=ended         2025-03-24 17:11:30
=result        failed: {test_case_failed,
                           "Received input:\n\n[{error,{compilation_failed,\"/home/runner/.ejabberd-modules/sources/ejabberd-contrib/mod_example/src/mod_example.erl\"}}]\n\ndon't match expected patterns:\n\nok"}, [{commands_tests,
                                                                                                                                                                                                                       setup,
                                                                                                                                                                                                                       61},
                                                                                                                                                                                                                      {test_server,
                                                                                                                                                                                                                       ts_tc,
                                                                                                                                                                                                                       1529},
                                                                                                                                                                                                                      {test_server,
                                                                                                                                                                                                                       run_test_case_eval1,
                                                                                                                                                                                                                       1045},
                                                                                                                                                                                                                      {test_server,
                                                                                                                                                                                                                       run_test_case_eval,
                                                                                                                                                                                                                       977}]
=== *** FAILED test case 43 of 1598 ***
=== 
=case          ejabberd_SUITE:commands_ejabberdctl
=group_props   [{name,"commands_single"}]
=started       2025-03-24 17:11:30
=result        auto_skipped: {failed,{ejabberd_SUITE,commands_setup}}
=== *** Skipping test case #44 {ejabberd_SUITE,commands_ejabberdctl} ***
=== 
=case          ejabberd_SUITE:commands_http_integer
=group_props   [{name,"commands_single"}]
=started       2025-03-24 17:11:30
=result        auto_skipped: {failed,{ejabberd_SUITE,commands_setup}}
=== *** Skipping test case #45 {ejabberd_SUITE,commands_http_integer} ***
=== 
=case          ejabberd_SUITE:commands_http_string
=group_props   [{name,"commands_single"}]
=started       2025-03-24 17:11:30
=result        auto_skipped: {failed,{ejabberd_SUITE,commands_setup}}
=== *** Skipping test case #46 {ejabberd_SUITE,commands_http_string} ***
=== 
=case          ejabberd_SUITE:commands_http_binary
=group_props   [{name,"commands_single"}]
=started       2025-03-24 17:11:30
=result        auto_skipped: {failed,{ejabberd_SUITE,commands_setup}}
=== *** Skipping test case #47 {ejabberd_SUITE,commands_http_binary} ***
=== 
=case          ejabberd_SUITE:commands_http_atom
=group_props   [{name,"commands_single"}]
=started       2025-03-24 17:11:30
=result        auto_skipped: {failed,{ejabberd_SUITE,commands_setup}}
=== *** Skipping test case #48 {ejabberd_SUITE,commands_http_atom} ***
=== 
=case          ejabberd_SUITE:commands_http_rescode
=group_props   [{name,"commands_single"}]
=started       2025-03-24 17:11:30
=result        auto_skipped: {failed,{ejabberd_SUITE,commands_setup}}
=== *** Skipping test case #49 {ejabberd_SUITE,commands_http_rescode} ***
=== 
=case          ejabberd_SUITE:commands_http_restuple
=group_props   [{name,"commands_single"}]
=started       2025-03-24 17:11:30
=result        auto_skipped: {failed,{ejabberd_SUITE,commands_setup}}
=== *** Skipping test case #50 {ejabberd_SUITE,commands_http_restuple} ***
=== 
=case          ejabberd_SUITE:commands_http_list
=group_props   [{name,"commands_single"}]
=started       2025-03-24 17:11:30
=result        auto_skipped: {failed,{ejabberd_SUITE,commands_setup}}
=== *** Skipping test case #51 {ejabberd_SUITE,commands_http_list} ***
=== 
=case          ejabberd_SUITE:commands_http_tuple
=group_props   [{name,"commands_single"}]
=started       2025-03-24 17:11:30
=result        auto_skipped: {failed,{ejabberd_SUITE,commands_setup}}
=== *** Skipping test case #52 {ejabberd_SUITE,commands_http_tuple} ***
=== 
=case          ejabberd_SUITE:commands_http_list_tuple
=group_props   [{name,"commands_single"}]
=started       2025-03-24 17:11:30
=result        auto_skipped: {failed,{ejabberd_SUITE,commands_setup}}
=== *** Skipping test case #53 {ejabberd_SUITE,commands_http_list_tuple} ***
=== 
=case          ejabberd_SUITE:commands_http_list_tuple_map
=group_props   [{name,"commands_single"}]
=started       2025-03-24 17:11:30
=result        auto_skipped: {failed,{ejabberd_SUITE,commands_setup}}
=== *** Skipping test case #54 {ejabberd_SUITE,commands_http_list_tuple_map} ***
=case          ejabberd_SUITE:end_per_group
=logfile       ejabberd_suite.end_per_group.2371.html
=group_props   [{name,commands_single},sequence]
=started       2025-03-24 17:11:30
=ended         2025-03-24 17:11:30
=result        ok
=elapsed       2.0e-6
=group_time    2.416s
=case          ejabberd_SUITE:init_per_group
=logfile       ejabberd_suite.init_per_group.2403.html
=group_props   [{name,jidprep_single},sequence]
=started       2025-03-24 17:11:30
=ended         2025-03-24 17:11:30
=result        ok
=elapsed       6.0e-6
=case          ejabberd_SUITE:jidprep_feature_enabled
=logfile       ejabberd_suite.jidprep_feature_enabled.html
=started       2025-03-24 17:11:30
=ended         2025-03-24 17:11:30
=result        ok
=elapsed       0.102975
=case          ejabberd_SUITE:jidprep_normalize_jid
=logfile       ejabberd_suite.jidprep_normalize_jid.html
=started       2025-03-24 17:11:30
=ended         2025-03-24 17:11:30
=result        ok
=elapsed       0.131171
=case          ejabberd_SUITE:end_per_group
=logfile       ejabberd_suite.end_per_group.3298.html
=group_props   [{name,jidprep_single},sequence]
=started       2025-03-24 17:11:30
=ended         2025-03-24 17:11:30
=result        ok
=elapsed       3.0e-6
=group_time    0.324s
=case          ejabberd_SUITE:init_per_group
=logfile       ejabberd_suite.init_per_group.3330.html
=group_props   [{name,sm_single},sequence]
=started       2025-03-24 17:11:30
=ended         2025-03-24 17:11:30
=result        ok
=elapsed       9.0e-6
=case          ejabberd_SUITE:sm_feature_enabled
=logfile       ejabberd_suite.sm_feature_enabled.html
=started       2025-03-24 17:11:30
=ended         2025-03-24 17:11:31
=result        ok
=elapsed       0.101337
=case          ejabberd_SUITE:sm_enable
=logfile       ejabberd_suite.sm_enable.html
=started       2025-03-24 17:11:31
=ended         2025-03-24 17:11:31
=result        ok
=elapsed       0.044966
=case          ejabberd_SUITE:sm_resume
=logfile       ejabberd_suite.sm_resume.html
=started       2025-03-24 17:11:31
=ended         2025-03-24 17:11:31
=result        ok
=elapsed       0.09921
=case          ejabberd_SUITE:sm_resume_failed
=logfile       ejabberd_suite.sm_resume_failed.html
=started       2025-03-24 17:11:31
=ended         2025-03-24 17:11:36
=result        ok
=elapsed       5.002405
=case          ejabberd_SUITE:end_per_group
=logfile       ejabberd_suite.end_per_group.3458.html
=group_props   [{name,sm_single},sequence]
=started       2025-03-24 17:11:36
=ended         2025-03-24 17:11:36
=result        ok
=elapsed       2.0e-6
=group_time    5.391s
=case          ejabberd_SUITE:init_per_group
=logfile       ejabberd_suite.init_per_group.3490.html
=group_props   [{name,sm_master_slave},sequence]
=started       2025-03-24 17:11:36
=ended         2025-03-24 17:11:36
=result        ok
=elapsed       6.0e-6
=case          ejabberd_SUITE:init_per_group
=logfile       ejabberd_suite.init_per_group.3522.html
=group_props   [{name,sm_queue_limit},parallel]
=started       2025-03-24 17:11:36
=ended         2025-03-24 17:11:36
=result        ok
=elapsed       2.0e-6
=case          ejabberd_SUITE:sm_queue_limit_master
=logfile       ejabberd_suite.sm_queue_limit_master.3554.html
=started       2025-03-24 17:11:36
=ended         2025-03-24 17:11:36
=result        ok
=elapsed       0.25024
=case          ejabberd_SUITE:sm_queue_limit_slave
=logfile       ejabberd_suite.sm_queue_limit_slave.3586.html
=started       2025-03-24 17:11:36
=ended         2025-03-24 17:11:36
=result        ok
=elapsed       0.148597
=case          ejabberd_SUITE:end_per_group
=logfile       ejabberd_suite.end_per_group.3714.html
=group_props   [{name,sm_queue_limit},parallel]
=started       2025-03-24 17:11:36
=ended         2025-03-24 17:11:36
=result        ok
=elapsed       2.0e-6
=group_time    0.308s
=case          ejabberd_SUITE:init_per_group
=logfile       ejabberd_suite.init_per_group.3746.html
=group_props   [{name,sm_queue_limit_detached},parallel]
=started       2025-03-24 17:11:36
=ended         2025-03-24 17:11:36
=result        ok
=elapsed       2.0e-6
=case          ejabberd_SUITE:sm_queue_limit_detached_master
=logfile       ejabberd_suite.sm_queue_limit_detached_master.3778.html
=started       2025-03-24 17:11:36
=ended         2025-03-24 17:11:36
=result        ok
=elapsed       0.151579
=case          ejabberd_SUITE:sm_queue_limit_detached_slave
=logfile       ejabberd_suite.sm_queue_limit_detached_slave.3810.html
=started       2025-03-24 17:11:36
=ended         2025-03-24 17:11:36
=result        ok
=elapsed       0.001605
=case          ejabberd_SUITE:end_per_group
=logfile       ejabberd_suite.end_per_group.3906.html
=group_props   [{name,sm_queue_limit_detached},parallel]
=started       2025-03-24 17:11:36
=ended         2025-03-24 17:11:36
=result        ok
=elapsed       2.0e-6
=group_time    0.209s
=case          ejabberd_SUITE:end_per_group
=logfile       ejabberd_suite.end_per_group.3938.html
=group_props   [{name,sm_master_slave},sequence]
=started       2025-03-24 17:11:36
=ended         2025-03-24 17:11:36
=result        ok
=elapsed       2.0e-6
=group_time    0.593s
=case          ejabberd_SUITE:init_per_group
=logfile       ejabberd_suite.init_per_group.3970.html
=group_props   [{name,muc_single},sequence]
=started       2025-03-24 17:11:36
=ended         2025-03-24 17:11:36
=result        ok
=elapsed       8.0e-6
=case          ejabberd_SUITE:muc_service_presence_error
=logfile       ejabberd_suite.muc_service_presence_error.html
=started       2025-03-24 17:11:36
=ended         2025-03-24 17:11:37
=result        ok
=elapsed       0.186929
=case          ejabberd_SUITE:muc_service_message_error
=logfile       ejabberd_suite.muc_service_message_error.html
=started       2025-03-24 17:11:37
=ended         2025-03-24 17:11:37
=result        ok
=elapsed       0.209144
=case          ejabberd_SUITE:muc_service_unknown_ns_iq_error
=logfile       ejabberd_suite.muc_service_unknown_ns_iq_error.html
=started       2025-03-24 17:11:37
=ended         2025-03-24 17:11:37
=result        ok
=elapsed       0.189243
=case          ejabberd_SUITE:muc_service_iq_set_error
=logfile       ejabberd_suite.muc_service_iq_set_error.html
=started       2025-03-24 17:11:37
=ended         2025-03-24 17:11:37
=result        ok
=elapsed       0.331176
=case          ejabberd_SUITE:muc_service_improper_iq_error
=logfile       ejabberd_suite.muc_service_improper_iq_error.html
=started       2025-03-24 17:11:37
=ended         2025-03-24 17:11:38
=result        ok
=elapsed       0.280503
=case          ejabberd_SUITE:muc_service_features
=logfile       ejabberd_suite.muc_service_features.html
=started       2025-03-24 17:11:38
=ended         2025-03-24 17:11:38
=result        ok
=elapsed       0.101923
=case          ejabberd_SUITE:muc_service_disco_info_node_error
=logfile       ejabberd_suite.muc_service_disco_info_node_error.html
=started       2025-03-24 17:11:38
=ended         2025-03-24 17:11:38
=result        ok
=elapsed       0.101638
=case          ejabberd_SUITE:muc_service_disco_items
=logfile       ejabberd_suite.muc_service_disco_items.html
=started       2025-03-24 17:11:38
=ended         2025-03-24 17:11:38
=result        ok
=elapsed       0.133946
=case          ejabberd_SUITE:muc_service_unique
=logfile       ejabberd_suite.muc_service_unique.html
=started       2025-03-24 17:11:38
=ended         2025-03-24 17:11:38
=result        ok
=elapsed       0.102165
=case          ejabberd_SUITE:muc_service_vcard
=logfile       ejabberd_suite.muc_service_vcard.html
=started       2025-03-24 17:11:38
=ended         2025-03-24 17:11:38
=result        ok
=elapsed       0.10347
=case          ejabberd_SUITE:muc_configure_non_existent
=logfile       ejabberd_suite.muc_configure_non_existent.html
=started       2025-03-24 17:11:38
=ended         2025-03-24 17:11:39
=result        ok
=elapsed       0.117002
=case          ejabberd_SUITE:muc_cancel_configure_non_existent
=logfile       ejabberd_suite.muc_cancel_configure_non_existent.html
=started       2025-03-24 17:11:39
=ended         2025-03-24 17:11:39
=result        ok
=elapsed       0.10346
=case          ejabberd_SUITE:muc_service_subscriptions
=logfile       ejabberd_suite.muc_service_subscriptions.html
=started       2025-03-24 17:11:39
=ended         2025-03-24 17:11:39
=result        ok
=elapsed       0.135723
=case          ejabberd_SUITE:muc_set_room_affiliation
=logfile       ejabberd_suite.muc_set_room_affiliation.html
=started       2025-03-24 17:11:39
=ended         2025-03-24 17:11:39
=result        ok
=elapsed       0.122146
=case          ejabberd_SUITE:end_per_group
=logfile       ejabberd_suite.end_per_group.4738.html
=group_props   [{name,muc_single},sequence]
=started       2025-03-24 17:11:39
=ended         2025-03-24 17:11:39
=result        ok
=elapsed       3.0e-6
=group_time    2.647s
=case          ejabberd_SUITE:init_per_group
=logfile       ejabberd_suite.init_per_group.4770.html
=group_props   [{name,muc_master_slave},sequence]
=started       2025-03-24 17:11:39
=ended         2025-03-24 17:11:39
=result        ok
=elapsed       7.0e-6
=case          ejabberd_SUITE:init_per_group
=logfile       ejabberd_suite.init_per_group.4802.html
=group_props   [{name,muc_register},parallel]
=started       2025-03-24 17:11:39
=ended         2025-03-24 17:11:39
=result        ok
=elapsed       3.0e-6
=case          ejabberd_SUITE:muc_register_master
=logfile       ejabberd_suite.muc_register_master.4834.html
=started       2025-03-24 17:11:39
=ended         2025-03-24 17:11:39
=result        ok
=elapsed       0.123236
=case          ejabberd_SUITE:muc_register_slave
=logfile       ejabberd_suite.muc_register_slave.4866.html
=started       2025-03-24 17:11:39
=ended         2025-03-24 17:11:39
=result        ok
=elapsed       0.121068
=case          ejabberd_SUITE:end_per_group
=logfile       ejabberd_suite.end_per_group.4994.html
=group_props   [{name,muc_register},parallel]
=started       2025-03-24 17:11:39
=ended         2025-03-24 17:11:39
=result        ok
=elapsed       2.0e-6
=group_time    0.179s
=case          ejabberd_SUITE:init_per_group
=logfile       ejabberd_suite.init_per_group.5026.html
=group_props   [{name,muc_groupchat_msg},parallel]
=started       2025-03-24 17:11:39
=ended         2025-03-24 17:11:39
=result        ok
=elapsed       3.0e-6
=case          ejabberd_SUITE:muc_groupchat_msg_master
=logfile       ejabberd_suite.muc_groupchat_msg_master.5058.html
=started       2025-03-24 17:11:39
=ended         2025-03-24 17:11:40
=result        ok
=elapsed       0.133085
=case          ejabberd_SUITE:muc_groupchat_msg_slave
=logfile       ejabberd_suite.muc_groupchat_msg_slave.5090.html
=started       2025-03-24 17:11:39
=ended         2025-03-24 17:11:40
=result        ok
=elapsed       0.131672
=case          ejabberd_SUITE:end_per_group
=logfile       ejabberd_suite.end_per_group.2691.html
=group_props   [{name,muc_groupchat_msg},parallel]
=started       2025-03-24 17:11:40
=ended         2025-03-24 17:11:40
=result        ok
=elapsed       2.0e-6
=group_time    0.189s
=case          ejabberd_SUITE:init_per_group
=logfile       ejabberd_suite.init_per_group.2723.html
=group_props   [{name,muc_private_msg},parallel]
=started       2025-03-24 17:11:40
=ended         2025-03-24 17:11:40
=result        ok
=elapsed       4.0e-6
=case          ejabberd_SUITE:muc_private_msg_master
=logfile       ejabberd_suite.muc_private_msg_master.2755.html
=started       2025-03-24 17:11:40
=ended         2025-03-24 17:11:40
=result        ok
=elapsed       0.155157
=case          ejabberd_SUITE:muc_private_msg_slave
=logfile       ejabberd_suite.muc_private_msg_slave.1988.html
=started       2025-03-24 17:11:40
=ended         2025-03-24 17:11:40
=result        ok
=elapsed       0.15276
=case          ejabberd_SUITE:end_per_group
=logfile       ejabberd_suite.end_per_group.2084.html
=group_props   [{name,muc_private_msg},parallel]
=started       2025-03-24 17:11:40
=ended         2025-03-24 17:11:40
=result        ok
=elapsed       3.0e-6
=group_time    0.211s
=case          ejabberd_SUITE:init_per_group
=logfile       ejabberd_suite.init_per_group.2116.html
=group_props   [{name,muc_set_subject},parallel]
=started       2025-03-24 17:11:40
=ended         2025-03-24 17:11:40
=result        ok
=elapsed       4.0e-6
=case          ejabberd_SUITE:muc_set_subject_master
=logfile       ejabberd_suite.muc_set_subject_master.2148.html
=started       2025-03-24 17:11:40
=ended         2025-03-24 17:11:40
=result        ok
=elapsed       0.115831
=case          ejabberd_SUITE:muc_set_subject_slave
=logfile       ejabberd_suite.muc_set_subject_slave.2180.html
=started       2025-03-24 17:11:40
=ended         2025-03-24 17:11:40
=result        ok
=elapsed       0.115091
=case          ejabberd_SUITE:end_per_group
=logfile       ejabberd_suite.end_per_group.2276.html
=group_props   [{name,muc_set_subject},parallel]
=started       2025-03-24 17:11:40
=ended         2025-03-24 17:11:40
=result        ok
=elapsed       2.0e-6
=group_time    0.172s
=case          ejabberd_SUITE:init_per_group
=logfile       ejabberd_suite.init_per_group.2308.html
=group_props   [{name,muc_history},parallel]
=started       2025-03-24 17:11:40
=ended         2025-03-24 17:11:40
=result        ok
=elapsed       3.0e-6
=case          ejabberd_SUITE:muc_history_master
=logfile       ejabberd_suite.muc_history_master.2340.html
=started       2025-03-24 17:11:40
=ended         2025-03-24 17:11:40
=result        ok
=elapsed       0.159477
=case          ejabberd_SUITE:muc_history_slave
=logfile       ejabberd_suite.muc_history_slave.2372.html
=started       2025-03-24 17:11:40
=ended         2025-03-24 17:11:40
=result        ok
=elapsed       0.157631
=case          ejabberd_SUITE:end_per_group
=logfile       ejabberd_suite.end_per_group.5314.html
=group_props   [{name,muc_history},parallel]
=started       2025-03-24 17:11:40
=ended         2025-03-24 17:11:40
=result        ok
=elapsed       2.0e-6
=group_time    0.217s
=case          ejabberd_SUITE:init_per_group
=logfile       ejabberd_suite.init_per_group.5346.html
=group_props   [{name,muc_invite},parallel]
=started       2025-03-24 17:11:40
=ended         2025-03-24 17:11:40
=result        ok
=elapsed       1.7e-5
=case          ejabberd_SUITE:muc_invite_master
=logfile       ejabberd_suite.muc_invite_master.5378.html
=started       2025-03-24 17:11:40
=ended         2025-03-24 17:11:40
=result        ok
=elapsed       0.10693
=case          ejabberd_SUITE:muc_invite_slave
=logfile       ejabberd_suite.muc_invite_slave.5410.html
=started       2025-03-24 17:11:40
=ended         2025-03-24 17:11:40
=result        ok
=elapsed       0.147375
=case          ejabberd_SUITE:end_per_group
=logfile       ejabberd_suite.end_per_group.5442.html
=group_props   [{name,muc_invite},parallel]
=started       2025-03-24 17:11:40
=ended         2025-03-24 17:11:40
=result        ok
=elapsed       2.0e-6
=group_time    0.203s
=case          ejabberd_SUITE:init_per_group
=logfile       ejabberd_suite.init_per_group.5474.html
=group_props   [{name,muc_invite_members_only},parallel]
=started       2025-03-24 17:11:40
=ended         2025-03-24 17:11:40
=result        ok
=elapsed       3.0e-6
=case          ejabberd_SUITE:muc_invite_members_only_master
=logfile       ejabberd_suite.muc_invite_members_only_master.5506.html
=started       2025-03-24 17:11:40
=ended         2025-03-24 17:11:41
=result        ok
=elapsed       0.108362
=case          ejabberd_SUITE:muc_invite_members_only_slave
=logfile       ejabberd_suite.muc_invite_members_only_slave.5538.html
=started       2025-03-24 17:11:40
=ended         2025-03-24 17:11:41
=result        ok
=elapsed       0.106777
=case          ejabberd_SUITE:end_per_group
=logfile       ejabberd_suite.end_per_group.5634.html
=group_props   [{name,muc_invite_members_only},parallel]
=started       2025-03-24 17:11:41
=ended         2025-03-24 17:11:41
=result        ok
=elapsed       3.0e-6
=group_time    0.163s
=case          ejabberd_SUITE:init_per_group
=logfile       ejabberd_suite.init_per_group.5666.html
=group_props   [{name,muc_invite_password_protected},parallel]
=started       2025-03-24 17:11:41
=ended         2025-03-24 17:11:41
=result        ok
=elapsed       3.0e-6
=case          ejabberd_SUITE:muc_invite_password_protected_master
=logfile       ejabberd_suite.muc_invite_password_protected_master.5698.html
=started       2025-03-24 17:11:41
=ended         2025-03-24 17:11:41
=result        ok
=elapsed       0.146989
=case          ejabberd_SUITE:muc_invite_password_protected_slave
=logfile       ejabberd_suite.muc_invite_password_protected_slave.3075.html
=started       2025-03-24 17:11:41
=ended         2025-03-24 17:11:41
=result        ok
=elapsed       0.107059
=case          ejabberd_SUITE:end_per_group
=logfile       ejabberd_suite.end_per_group.3171.html
=group_props   [{name,muc_invite_password_protected},parallel]
=started       2025-03-24 17:11:41
=ended         2025-03-24 17:11:41
=result        ok
=elapsed       3.0e-6
=group_time    0.204s
=case          ejabberd_SUITE:init_per_group
=logfile       ejabberd_suite.init_per_group.3203.html
=group_props   [{name,muc_voice_request},parallel]
=started       2025-03-24 17:11:41
=ended         2025-03-24 17:11:41
=result        ok
=elapsed       3.0e-6
=case          ejabberd_SUITE:muc_voice_request_master
=logfile       ejabberd_suite.muc_voice_request_master.3235.html
=started       2025-03-24 17:11:41
=ended         2025-03-24 17:11:41
=result        ok
=elapsed       0.121885
=case          ejabberd_SUITE:muc_voice_request_slave
=logfile       ejabberd_suite.muc_voice_request_slave.5762.html
=started       2025-03-24 17:11:41
=ended         2025-03-24 17:11:41
=result        ok
=elapsed       0.121198
=case          ejabberd_SUITE:end_per_group
=logfile       ejabberd_suite.end_per_group.5890.html
=group_props   [{name,muc_voice_request},parallel]
=started       2025-03-24 17:11:41
=ended         2025-03-24 17:11:41
=result        ok
=elapsed       2.0e-6
=group_time    0.178s
=case          ejabberd_SUITE:init_per_group
=logfile       ejabberd_suite.init_per_group.5922.html
=group_props   [{name,muc_change_role},parallel]
=started       2025-03-24 17:11:41
=ended         2025-03-24 17:11:41
=result        ok
=elapsed       4.0e-6
=case          ejabberd_SUITE:muc_change_role_master
=logfile       ejabberd_suite.muc_change_role_master.5954.html
=started       2025-03-24 17:11:41
=ended         2025-03-24 17:11:41
=result        ok
=elapsed       0.118309
=case          ejabberd_SUITE:muc_change_role_slave
=logfile       ejabberd_suite.muc_change_role_slave.5986.html
=started       2025-03-24 17:11:41
=ended         2025-03-24 17:11:41
=result        ok
=elapsed       0.116758
=case          ejabberd_SUITE:end_per_group
=logfile       ejabberd_suite.end_per_group.6050.html
=group_props   [{name,muc_change_role},parallel]
=started       2025-03-24 17:11:41
=ended         2025-03-24 17:11:41
=result        ok
=elapsed       3.0e-6
=group_time    0.174s
=case          ejabberd_SUITE:init_per_group
=logfile       ejabberd_suite.init_per_group.6082.html
=group_props   [{name,muc_kick},parallel]
=started       2025-03-24 17:11:41
=ended         2025-03-24 17:11:41
=result        ok
=elapsed       3.0e-6
=case          ejabberd_SUITE:muc_kick_master
=logfile       ejabberd_suite.muc_kick_master.6114.html
=started       2025-03-24 17:11:41
=ended         2025-03-24 17:11:41
=result        ok
=elapsed       0.110949
=case          ejabberd_SUITE:muc_kick_slave
=logfile       ejabberd_suite.muc_kick_slave.2149.html
=started       2025-03-24 17:11:41
=ended         2025-03-24 17:11:41
=result        ok
=elapsed       0.109775
=case          ejabberd_SUITE:end_per_group
=logfile       ejabberd_suite.end_per_group.2245.html
=group_props   [{name,muc_kick},parallel]
=started       2025-03-24 17:11:41
=ended         2025-03-24 17:11:41
=result        ok
=elapsed       2.0e-6
=group_time    0.167s
=case          ejabberd_SUITE:init_per_group
=logfile       ejabberd_suite.init_per_group.2277.html
=group_props   [{name,muc_change_affiliation},parallel]
=started       2025-03-24 17:11:41
=ended         2025-03-24 17:11:41
=result        ok
=elapsed       3.0e-6
=case          ejabberd_SUITE:muc_change_affiliation_master
=logfile       ejabberd_suite.muc_change_affiliation_master.2309.html
=started       2025-03-24 17:11:41
=ended         2025-03-24 17:11:42
=result        ok
=elapsed       0.126344
=case          ejabberd_SUITE:muc_change_affiliation_slave
=logfile       ejabberd_suite.muc_change_affiliation_slave.2341.html
=started       2025-03-24 17:11:41
=ended         2025-03-24 17:11:42
=result        ok
=elapsed       0.126437
=case          ejabberd_SUITE:end_per_group
=logfile       ejabberd_suite.end_per_group.2405.html
=group_props   [{name,muc_change_affiliation},parallel]
=started       2025-03-24 17:11:42
=ended         2025-03-24 17:11:42
=result        ok
=elapsed       3.0e-6
=group_time    0.184s
=case          ejabberd_SUITE:init_per_group
=logfile       ejabberd_suite.init_per_group.2437.html
=group_props   [{name,muc_destroy},parallel]
=started       2025-03-24 17:11:42
=ended         2025-03-24 17:11:42
=result        ok
=elapsed       3.0e-6
=case          ejabberd_SUITE:muc_destroy_master
=logfile       ejabberd_suite.muc_destroy_master.2469.html
=started       2025-03-24 17:11:42
=ended         2025-03-24 17:11:42
=result        ok
=elapsed       0.109933
=case          ejabberd_SUITE:muc_destroy_slave
=logfile       ejabberd_suite.muc_destroy_slave.2501.html
=started       2025-03-24 17:11:42
=ended         2025-03-24 17:11:42
=result        ok
=elapsed       0.107745
=case          ejabberd_SUITE:end_per_group
=logfile       ejabberd_suite.end_per_group.2533.html
=group_props   [{name,muc_destroy},parallel]
=started       2025-03-24 17:11:42
=ended         2025-03-24 17:11:42
=result        ok
=elapsed       3.0e-6
=group_time    0.166s
=case          ejabberd_SUITE:init_per_group
=logfile       ejabberd_suite.init_per_group.2565.html
=group_props   [{name,muc_vcard},parallel]
=started       2025-03-24 17:11:42
=ended         2025-03-24 17:11:42
=result        ok
=elapsed       4.0e-6
=case          ejabberd_SUITE:muc_vcard_master
=logfile       ejabberd_suite.muc_vcard_master.2597.html
=started       2025-03-24 17:11:42
=ended         2025-03-24 17:11:42
=result        ok
=elapsed       0.12659
=case          ejabberd_SUITE:muc_vcard_slave
=logfile       ejabberd_suite.muc_vcard_slave.2629.html
=started       2025-03-24 17:11:42
=ended         2025-03-24 17:11:42
=result        ok
=elapsed       0.126038
=case          ejabberd_SUITE:end_per_group
=logfile       ejabberd_suite.end_per_group.2725.html
=group_props   [{name,muc_vcard},parallel]
=started       2025-03-24 17:11:42
=ended         2025-03-24 17:11:42
=result        ok
=elapsed       3.0e-6
=group_time    0.184s
=case          ejabberd_SUITE:init_per_group
=logfile       ejabberd_suite.init_per_group.2757.html
=group_props   [{name,muc_nick_change},parallel]
=started       2025-03-24 17:11:42
=ended         2025-03-24 17:11:42
=result        ok
=elapsed       4.0e-6
=case          ejabberd_SUITE:muc_nick_change_master
=logfile       ejabberd_suite.muc_nick_change_master.2789.html
=started       2025-03-24 17:11:42
=ended         2025-03-24 17:11:42
=result        ok
=elapsed       0.109436
=case          ejabberd_SUITE:muc_nick_change_slave
=logfile       ejabberd_suite.muc_nick_change_slave.2821.html
=started       2025-03-24 17:11:42
=ended         2025-03-24 17:11:42
=result        ok
=elapsed       0.108912
=case          ejabberd_SUITE:end_per_group
=logfile       ejabberd_suite.end_per_group.2949.html
=group_props   [{name,muc_nick_change},parallel]
=started       2025-03-24 17:11:42
=ended         2025-03-24 17:11:42
=result        ok
=elapsed       3.0e-6
=group_time    0.166s
=case          ejabberd_SUITE:init_per_group
=logfile       ejabberd_suite.init_per_group.2981.html
=group_props   [{name,muc_config_title_desc},parallel]
=started       2025-03-24 17:11:42
=ended         2025-03-24 17:11:42
=result        ok
=elapsed       4.0e-6
=case          ejabberd_SUITE:muc_config_title_desc_master
=logfile       ejabberd_suite.muc_config_title_desc_master.3013.html
=started       2025-03-24 17:11:42
=ended         2025-03-24 17:11:42
=result        ok
=elapsed       0.112216
=case          ejabberd_SUITE:muc_config_title_desc_slave
=logfile       ejabberd_suite.muc_config_title_desc_slave.2820.html
=started       2025-03-24 17:11:42
=ended         2025-03-24 17:11:42
=result        ok
=elapsed       0.1107
=case          ejabberd_SUITE:end_per_group
=logfile       ejabberd_suite.end_per_group.2948.html
=group_props   [{name,muc_config_title_desc},parallel]
=started       2025-03-24 17:11:42
=ended         2025-03-24 17:11:42
=result        ok
=elapsed       2.0e-6
=group_time    0.169s
=case          ejabberd_SUITE:init_per_group
=logfile       ejabberd_suite.init_per_group.2980.html
=group_props   [{name,muc_config_public_list},parallel]
=started       2025-03-24 17:11:42
=ended         2025-03-24 17:11:42
=result        ok
=elapsed       3.0e-6
=case          ejabberd_SUITE:muc_config_public_list_master
=logfile       ejabberd_suite.muc_config_public_list_master.3012.html
=started       2025-03-24 17:11:42
=ended         2025-03-24 17:11:43
=result        ok
=elapsed       0.114991
=case          ejabberd_SUITE:muc_config_public_list_slave
=logfile       ejabberd_suite.muc_config_public_list_slave.3044.html
=started       2025-03-24 17:11:42
=ended         2025-03-24 17:11:43
=result        ok
=elapsed       0.111582
=case          ejabberd_SUITE:end_per_group
=logfile       ejabberd_suite.end_per_group.3108.html
=group_props   [{name,muc_config_public_list},parallel]
=started       2025-03-24 17:11:43
=ended         2025-03-24 17:11:43
=result        ok
=elapsed       2.0e-6
=group_time    0.172s
=case          ejabberd_SUITE:init_per_group
=logfile       ejabberd_suite.init_per_group.3140.html
=group_props   [{name,muc_config_password},parallel]
=started       2025-03-24 17:11:43
=ended         2025-03-24 17:11:43
=result        ok
=elapsed       4.0e-6
=case          ejabberd_SUITE:muc_config_password_master
=logfile       ejabberd_suite.muc_config_password_master.3172.html
=started       2025-03-24 17:11:43
=ended         2025-03-24 17:11:43
=result        ok
=elapsed       0.114111
=case          ejabberd_SUITE:muc_config_password_slave
=logfile       ejabberd_suite.muc_config_password_slave.3204.html
=started       2025-03-24 17:11:43
=ended         2025-03-24 17:11:43
=result        ok
=elapsed       0.113621
=case          ejabberd_SUITE:end_per_group
=logfile       ejabberd_suite.end_per_group.3683.html
=group_props   [{name,muc_config_password},parallel]
=started       2025-03-24 17:11:43
=ended         2025-03-24 17:11:43
=result        ok
=elapsed       2.0e-6
=group_time    0.170s
=case          ejabberd_SUITE:init_per_group
=logfile       ejabberd_suite.init_per_group.3715.html
=group_props   [{name,muc_config_whois},parallel]
=started       2025-03-24 17:11:43
=ended         2025-03-24 17:11:43
=result        ok
=elapsed       3.0e-6
=case          ejabberd_SUITE:muc_config_whois_master
=logfile       ejabberd_suite.muc_config_whois_master.3747.html
=started       2025-03-24 17:11:43
=ended         2025-03-24 17:11:43
=result        ok
=elapsed       0.118903
=case          ejabberd_SUITE:muc_config_whois_slave
=logfile       ejabberd_suite.muc_config_whois_slave.3779.html
=started       2025-03-24 17:11:43
=ended         2025-03-24 17:11:43
=result        ok
=elapsed       0.116958
=case          ejabberd_SUITE:end_per_group
=logfile       ejabberd_suite.end_per_group.3875.html
=group_props   [{name,muc_config_whois},parallel]
=started       2025-03-24 17:11:43
=ended         2025-03-24 17:11:43
=result        ok
=elapsed       3.0e-6
=group_time    0.175s
=case          ejabberd_SUITE:init_per_group
=logfile       ejabberd_suite.init_per_group.3907.html
=group_props   [{name,muc_config_members_only},parallel]
=started       2025-03-24 17:11:43
=ended         2025-03-24 17:11:43
=result        ok
=elapsed       4.0e-6
=case          ejabberd_SUITE:muc_config_members_only_master
=logfile       ejabberd_suite.muc_config_members_only_master.3939.html
=started       2025-03-24 17:11:43
=ended         2025-03-24 17:11:43
=result        ok
=elapsed       0.117745
=case          ejabberd_SUITE:muc_config_members_only_slave
=logfile       ejabberd_suite.muc_config_members_only_slave.3971.html
=started       2025-03-24 17:11:43
=ended         2025-03-24 17:11:43
=result        ok
=elapsed       0.115313
=case          ejabberd_SUITE:end_per_group
=logfile       ejabberd_suite.end_per_group.4067.html
=group_props   [{name,muc_config_members_only},parallel]
=started       2025-03-24 17:11:43
=ended         2025-03-24 17:11:43
=result        ok
=elapsed       2.0e-6
=group_time    0.175s
=case          ejabberd_SUITE:init_per_group
=logfile       ejabberd_suite.init_per_group.4099.html
=group_props   [{name,muc_config_moderated},parallel]
=started       2025-03-24 17:11:43
=ended         2025-03-24 17:11:43
=result        ok
=elapsed       3.0e-6
=case          ejabberd_SUITE:muc_config_moderated_master
=logfile       ejabberd_suite.muc_config_moderated_master.4131.html
=started       2025-03-24 17:11:43
=ended         2025-03-24 17:11:43
=result        ok
=elapsed       0.116163
=case          ejabberd_SUITE:muc_config_moderated_slave
=logfile       ejabberd_suite.muc_config_moderated_slave.6434.html
=started       2025-03-24 17:11:43
=ended         2025-03-24 17:11:43
=result        ok
=elapsed       0.113474
=case          ejabberd_SUITE:end_per_group
=logfile       ejabberd_suite.end_per_group.6530.html
=group_props   [{name,muc_config_moderated},parallel]
=started       2025-03-24 17:11:43
=ended         2025-03-24 17:11:43
=result        ok
=elapsed       2.0e-6
=group_time    0.172s
=case          ejabberd_SUITE:init_per_group
=logfile       ejabberd_suite.init_per_group.3333.html
=group_props   [{name,muc_config_private_messages},parallel]
=started       2025-03-24 17:11:43
=ended         2025-03-24 17:11:43
=result        ok
=elapsed       3.0e-6
=case          ejabberd_SUITE:muc_config_private_messages_master
=logfile       ejabberd_suite.muc_config_private_messages_master.3365.html
=started       2025-03-24 17:11:43
=ended         2025-03-24 17:11:44
=result        ok
=elapsed       0.122335
=case          ejabberd_SUITE:muc_config_private_messages_slave
=logfile       ejabberd_suite.muc_config_private_messages_slave.3397.html
=started       2025-03-24 17:11:43
=ended         2025-03-24 17:11:44
=result        ok
=elapsed       0.120835
=case          ejabberd_SUITE:end_per_group
=logfile       ejabberd_suite.end_per_group.3493.html
=group_props   [{name,muc_config_private_messages},parallel]
=started       2025-03-24 17:11:44
=ended         2025-03-24 17:11:44
=result        ok
=elapsed       2.0e-6
=group_time    0.179s
=case          ejabberd_SUITE:init_per_group
=logfile       ejabberd_suite.init_per_group.3525.html
=group_props   [{name,muc_config_query},parallel]
=started       2025-03-24 17:11:44
=ended         2025-03-24 17:11:44
=result        ok
=elapsed       3.0e-6
=case          ejabberd_SUITE:muc_config_query_master
=logfile       ejabberd_suite.muc_config_query_master.3557.html
=started       2025-03-24 17:11:44
=ended         2025-03-24 17:11:44
=result        ok
=elapsed       0.162287
=case          ejabberd_SUITE:muc_config_query_slave
=logfile       ejabberd_suite.muc_config_query_slave.3589.html
=started       2025-03-24 17:11:44
=ended         2025-03-24 17:11:44
=result        ok
=elapsed       0.161443
=case          ejabberd_SUITE:end_per_group
=logfile       ejabberd_suite.end_per_group.3364.html
=group_props   [{name,muc_config_query},parallel]
=started       2025-03-24 17:11:44
=ended         2025-03-24 17:11:44
=result        ok
=elapsed       3.0e-6
=group_time    0.217s
=case          ejabberd_SUITE:init_per_group
=logfile       ejabberd_suite.init_per_group.3396.html
=group_props   [{name,muc_config_allow_invites},parallel]
=started       2025-03-24 17:11:44
=ended         2025-03-24 17:11:44
=result        ok
=elapsed       4.0e-6
=case          ejabberd_SUITE:muc_config_allow_invites_master
=logfile       ejabberd_suite.muc_config_allow_invites_master.3428.html
=started       2025-03-24 17:11:44
=ended         2025-03-24 17:11:44
=result        ok
=elapsed       0.116096
=case          ejabberd_SUITE:muc_config_allow_invites_slave
=logfile       ejabberd_suite.muc_config_allow_invites_slave.3460.html
=started       2025-03-24 17:11:44
=ended         2025-03-24 17:11:44
=result        ok
=elapsed       0.11363
=case          ejabberd_SUITE:end_per_group
=logfile       ejabberd_suite.end_per_group.3620.html
=group_props   [{name,muc_config_allow_invites},parallel]
=started       2025-03-24 17:11:44
=ended         2025-03-24 17:11:44
=result        ok
=elapsed       2.0e-6
=group_time    0.173s
=case          ejabberd_SUITE:init_per_group
=logfile       ejabberd_suite.init_per_group.3652.html
=group_props   [{name,muc_config_visitor_status},parallel]
=started       2025-03-24 17:11:44
=ended         2025-03-24 17:11:44
=result        ok
=elapsed       3.0e-6
=case          ejabberd_SUITE:muc_config_visitor_status_master
=logfile       ejabberd_suite.muc_config_visitor_status_master.3684.html
=started       2025-03-24 17:11:44
=ended         2025-03-24 17:11:44
=result        ok
=elapsed       0.113635
=case          ejabberd_SUITE:muc_config_visitor_status_slave
=logfile       ejabberd_suite.muc_config_visitor_status_slave.3716.html
=started       2025-03-24 17:11:44
=ended         2025-03-24 17:11:44
=result        ok
=elapsed       0.112369
=case          ejabberd_SUITE:end_per_group
=logfile       ejabberd_suite.end_per_group.3812.html
=group_props   [{name,muc_config_visitor_status},parallel]
=started       2025-03-24 17:11:44
=ended         2025-03-24 17:11:44
=result        ok
=elapsed       2.0e-6
=group_time    0.169s
=case          ejabberd_SUITE:init_per_group
=logfile       ejabberd_suite.init_per_group.6626.html
=group_props   [{name,muc_config_allow_voice_requests},parallel]
=started       2025-03-24 17:11:44
=ended         2025-03-24 17:11:44
=result        ok
=elapsed       3.0e-6
=case          ejabberd_SUITE:muc_config_allow_voice_requests_master
=logfile       ejabberd_suite.muc_config_allow_voice_requests_master.6658.html
=started       2025-03-24 17:11:44
=ended         2025-03-24 17:11:44
=result        ok
=elapsed       0.113291
=case          ejabberd_SUITE:muc_config_allow_voice_requests_slave
=logfile       ejabberd_suite.muc_config_allow_voice_requests_slave.6690.html
=started       2025-03-24 17:11:44
=ended         2025-03-24 17:11:44
=result        ok
=elapsed       0.112821
=case          ejabberd_SUITE:end_per_group
=logfile       ejabberd_suite.end_per_group.6818.html
=group_props   [{name,muc_config_allow_voice_requests},parallel]
=started       2025-03-24 17:11:44
=ended         2025-03-24 17:11:44
=result        ok
=elapsed       2.0e-6
=group_time    0.170s
=case          ejabberd_SUITE:init_per_group
=logfile       ejabberd_suite.init_per_group.3876.html
=group_props   [{name,muc_config_voice_request_interval},parallel]
=started       2025-03-24 17:11:44
=ended         2025-03-24 17:11:44
=result        ok
=elapsed       3.0e-6
=case          ejabberd_SUITE:muc_config_voice_request_interval_master
=logfile       ejabberd_suite.muc_config_voice_request_interval_master.3908.html
=started       2025-03-24 17:11:44
=ended         2025-03-24 17:11:50
=result        ok
=elapsed       5.196834
=case          ejabberd_SUITE:muc_config_voice_request_interval_slave
=logfile       ejabberd_suite.muc_config_voice_request_interval_slave.3940.html
=started       2025-03-24 17:11:44
=ended         2025-03-24 17:11:50
=result        ok
=elapsed       5.19651
=case          ejabberd_SUITE:end_per_group
=logfile       ejabberd_suite.end_per_group.4036.html
=group_props   [{name,muc_config_voice_request_interval},parallel]
=started       2025-03-24 17:11:50
=ended         2025-03-24 17:11:50
=result        ok
=elapsed       2.0e-6
=group_time    5.254s
=case          ejabberd_SUITE:init_per_group
=logfile       ejabberd_suite.init_per_group.4068.html
=group_props   [{name,muc_config_visitor_nickchange},parallel]
=started       2025-03-24 17:11:50
=ended         2025-03-24 17:11:50
=result        ok
=elapsed       3.0e-6
=case          ejabberd_SUITE:muc_config_visitor_nickchange_master
=logfile       ejabberd_suite.muc_config_visitor_nickchange_master.4100.html
=started       2025-03-24 17:11:50
=ended         2025-03-24 17:11:50
=result        ok
=elapsed       0.111874
=case          ejabberd_SUITE:muc_config_visitor_nickchange_slave
=logfile       ejabberd_suite.muc_config_visitor_nickchange_slave.4132.html
=started       2025-03-24 17:11:50
=ended         2025-03-24 17:11:50
=result        ok
=elapsed       0.109587
=case          ejabberd_SUITE:end_per_group
=logfile       ejabberd_suite.end_per_group.4228.html
=group_props   [{name,muc_config_visitor_nickchange},parallel]
=started       2025-03-24 17:11:50
=ended         2025-03-24 17:11:50
=result        ok
=elapsed       2.0e-6
=group_time    0.167s
=case          ejabberd_SUITE:init_per_group
=logfile       ejabberd_suite.init_per_group.4260.html
=group_props   [{name,muc_join_conflict},parallel]
=started       2025-03-24 17:11:50
=ended         2025-03-24 17:11:50
=result        ok
=elapsed       3.0e-6
=case          ejabberd_SUITE:muc_join_conflict_master
=logfile       ejabberd_suite.muc_join_conflict_master.4292.html
=started       2025-03-24 17:11:50
=ended         2025-03-24 17:11:50
=result        ok
=elapsed       0.106988
=case          ejabberd_SUITE:muc_join_conflict_slave
=logfile       ejabberd_suite.muc_join_conflict_slave.4324.html
=started       2025-03-24 17:11:50
=ended         2025-03-24 17:11:50
=result        ok
=elapsed       0.104526
=case          ejabberd_SUITE:end_per_group
=logfile       ejabberd_suite.end_per_group.7074.html
=group_props   [{name,muc_join_conflict},parallel]
=started       2025-03-24 17:11:50
=ended         2025-03-24 17:11:50
=result        ok
=elapsed       3.0e-6
=group_time    0.171s
=case          ejabberd_SUITE:end_per_group
=logfile       ejabberd_suite.end_per_group.7106.html
=group_props   [{name,muc_master_slave},sequence]
=started       2025-03-24 17:11:50
=ended         2025-03-24 17:11:50
=result        ok
=elapsed       3.0e-6
=group_time    11.044s
=case          ejabberd_SUITE:init_per_group
=logfile       ejabberd_suite.init_per_group.7138.html
=group_props   [{name,proxy65_single},sequence]
=started       2025-03-24 17:11:50
=ended         2025-03-24 17:11:50
=result        ok
=elapsed       7.0e-6
=case          ejabberd_SUITE:proxy65_feature_enabled
=logfile       ejabberd_suite.proxy65_feature_enabled.html
=started       2025-03-24 17:11:50
=ended         2025-03-24 17:11:50
=result        ok
=elapsed       0.102154
=case          ejabberd_SUITE:proxy65_service_vcard
=logfile       ejabberd_suite.proxy65_service_vcard.html
=started       2025-03-24 17:11:50
=ended         2025-03-24 17:11:50
=result        ok
=elapsed       0.103163
=case          ejabberd_SUITE:end_per_group
=logfile       ejabberd_suite.end_per_group.7266.html
=group_props   [{name,proxy65_single},sequence]
=started       2025-03-24 17:11:50
=ended         2025-03-24 17:11:50
=result        ok
=elapsed       2.0e-6
=group_time    0.291s
=case          ejabberd_SUITE:init_per_group
=logfile       ejabberd_suite.init_per_group.7298.html
=group_props   [{name,proxy65_master_slave},sequence]
=started       2025-03-24 17:11:50
=ended         2025-03-24 17:11:51
=result        ok
=elapsed       6.0e-6
=case          ejabberd_SUITE:init_per_group
=logfile       ejabberd_suite.init_per_group.7330.html
=group_props   [{name,proxy65_all},parallel]
=started       2025-03-24 17:11:51
=ended         2025-03-24 17:11:51
=result        ok
=elapsed       2.0e-6
=case          ejabberd_SUITE:proxy65_all_master
=logfile       ejabberd_suite.proxy65_all_master.7362.html
=started       2025-03-24 17:11:51
=ended         2025-03-24 17:11:51
=result        ok
=elapsed       0.118457
=case          ejabberd_SUITE:proxy65_all_slave
=logfile       ejabberd_suite.proxy65_all_slave.7394.html
=started       2025-03-24 17:11:51
=ended         2025-03-24 17:11:51
=result        ok
=elapsed       0.117857
=case          ejabberd_SUITE:end_per_group
=logfile       ejabberd_suite.end_per_group.7490.html
=group_props   [{name,proxy65_all},parallel]
=started       2025-03-24 17:11:51
=ended         2025-03-24 17:11:51
=result        ok
=elapsed       2.0e-6
=group_time    0.172s
=case          ejabberd_SUITE:end_per_group
=logfile       ejabberd_suite.end_per_group.7522.html
=group_props   [{name,proxy65_master_slave},sequence]
=started       2025-03-24 17:11:51
=ended         2025-03-24 17:11:51
=result        ok
=elapsed       2.0e-6
=group_time    0.221s
=case          ejabberd_SUITE:init_per_group
=logfile       ejabberd_suite.init_per_group.7554.html
=group_props   [{name,stundisco_single},sequence]
=started       2025-03-24 17:11:51
=ended         2025-03-24 17:11:51
=result        ok
=elapsed       5.0e-6
=case          ejabberd_SUITE:stundisco_feature_enabled
=logfile       ejabberd_suite.stundisco_feature_enabled.html
=started       2025-03-24 17:11:51
=ended         2025-03-24 17:11:51
=result        ok
=elapsed       0.102471
=case          ejabberd_SUITE:stundisco_stun_service
=logfile       ejabberd_suite.stundisco_stun_service.html
=started       2025-03-24 17:11:51
=ended         2025-03-24 17:11:51
=result        ok
=elapsed       0.11006
=case          ejabberd_SUITE:stundisco_turn_service
=logfile       ejabberd_suite.stundisco_turn_service.html
=started       2025-03-24 17:11:51
=ended         2025-03-24 17:11:51
=result        ok
=elapsed       0.102659
=case          ejabberd_SUITE:stundisco_turns_service
=logfile       ejabberd_suite.stundisco_turns_service.html
=started       2025-03-24 17:11:51
=ended         2025-03-24 17:11:51
=result        ok
=elapsed       0.102409
=case          ejabberd_SUITE:stundisco_turn_credentials
=logfile       ejabberd_suite.stundisco_turn_credentials.html
=started       2025-03-24 17:11:51
=ended         2025-03-24 17:11:51
=result        ok
=elapsed       0.102284
=case          ejabberd_SUITE:stundisco_turns_credentials
=logfile       ejabberd_suite.stundisco_turns_credentials.html
=started       2025-03-24 17:11:51
=ended         2025-03-24 17:11:52
=result        ok
=elapsed       0.102447
=case          ejabberd_SUITE:end_per_group
=logfile       ejabberd_suite.end_per_group.7746.html
=group_props   [{name,stundisco_single},sequence]
=started       2025-03-24 17:11:52
=ended         2025-03-24 17:11:52
=result        ok
=elapsed       2.0e-6
=group_time    0.818s
=case          ejabberd_SUITE:init_per_group
=logfile       ejabberd_suite.init_per_group.4644.html
=group_props   [{name,replaced_master_slave},sequence]
=started       2025-03-24 17:11:52
=ended         2025-03-24 17:11:52
=result        ok
=elapsed       6.0e-6
=case          ejabberd_SUITE:init_per_group
=logfile       ejabberd_suite.init_per_group.4676.html
=group_props   [{name,replaced_conflict},parallel]
=started       2025-03-24 17:11:52
=ended         2025-03-24 17:11:52
=result        ok
=elapsed       2.0e-6
=case          ejabberd_SUITE:replaced_conflict_master
=logfile       ejabberd_suite.replaced_conflict_master.4708.html
=started       2025-03-24 17:11:52
=ended         2025-03-24 17:11:52
=result        ok
=elapsed       0.102672
=case          ejabberd_SUITE:replaced_conflict_slave
=logfile       ejabberd_suite.replaced_conflict_slave.4740.html
=started       2025-03-24 17:11:52
=ended         2025-03-24 17:11:52
=result        ok
=elapsed       0.102527
=case          ejabberd_SUITE:end_per_group
=logfile       ejabberd_suite.end_per_group.4868.html
=group_props   [{name,replaced_conflict},parallel]
=started       2025-03-24 17:11:52
=ended         2025-03-24 17:11:52
=result        ok
=elapsed       2.0e-6
=group_time    0.158s
=case          ejabberd_SUITE:end_per_group
=logfile       ejabberd_suite.end_per_group.4900.html
=group_props   [{name,replaced_master_slave},sequence]
=started       2025-03-24 17:11:52
=ended         2025-03-24 17:11:52
=result        ok
=elapsed       2.0e-6
=group_time    0.208s
=case          ejabberd_SUITE:init_per_group
=logfile       ejabberd_suite.init_per_group.4932.html
=group_props   [{name,upload_single},sequence]
=started       2025-03-24 17:11:52
=ended         2025-03-24 17:11:52
=result        ok
=elapsed       7.0e-6
=case          ejabberd_SUITE:upload_feature_enabled
=logfile       ejabberd_suite.upload_feature_enabled.html
=started       2025-03-24 17:11:52
=ended         2025-03-24 17:11:52
=result        ok
=elapsed       0.10516
=case          ejabberd_SUITE:upload_service_vcard
=logfile       ejabberd_suite.upload_service_vcard.html
=started       2025-03-24 17:11:52
=ended         2025-03-24 17:11:52
=result        ok
=elapsed       0.102513
=case          ejabberd_SUITE:upload_get_max_size
=logfile       ejabberd_suite.upload_get_max_size.html
=started       2025-03-24 17:11:52
=ended         2025-03-24 17:11:52
=result        ok
=elapsed       0.104217
=case          ejabberd_SUITE:upload_slot_request
=logfile       ejabberd_suite.upload_slot_request.html
=started       2025-03-24 17:11:52
=ended         2025-03-24 17:11:52
=result        ok
=elapsed       0.116275
=case          ejabberd_SUITE:upload_put_get_request
=logfile       ejabberd_suite.upload_put_get_request.html
=started       2025-03-24 17:11:52
=ended         2025-03-24 17:11:53
=result        ok
=elapsed       0.11247
=case          ejabberd_SUITE:upload_max_size_exceed
=logfile       ejabberd_suite.upload_max_size_exceed.html
=started       2025-03-24 17:11:53
=ended         2025-03-24 17:11:53
=result        ok
=elapsed       0.103815
=case          ejabberd_SUITE:end_per_group
=logfile       ejabberd_suite.end_per_group.7842.html
=group_props   [{name,upload_single},sequence]
=started       2025-03-24 17:11:53
=ended         2025-03-24 17:11:53
=result        ok
=elapsed       3.0e-6
=group_time    0.843s
=case          ejabberd_SUITE:init_per_group
=logfile       ejabberd_suite.init_per_group.5188.html
=group_props   [{name,carbons_single},sequence]
=started       2025-03-24 17:11:53
=ended         2025-03-24 17:11:53
=result        ok
=elapsed       6.0e-6
=case          ejabberd_SUITE:carbons_feature_enabled
=logfile       ejabberd_suite.carbons_feature_enabled.html
=started       2025-03-24 17:11:53
=ended         2025-03-24 17:11:53
=result        ok
=elapsed       0.102288
=case          ejabberd_SUITE:carbons_unsupported_iq
=logfile       ejabberd_suite.carbons_unsupported_iq.html
=started       2025-03-24 17:11:53
=ended         2025-03-24 17:11:53
=result        ok
=elapsed       0.117083
=case          ejabberd_SUITE:end_per_group
=logfile       ejabberd_suite.end_per_group.4739.html
=group_props   [{name,carbons_single},sequence]
=started       2025-03-24 17:11:53
=ended         2025-03-24 17:11:53
=result        ok
=elapsed       3.0e-6
=group_time    0.303s
=case          ejabberd_SUITE:init_per_group
=logfile       ejabberd_suite.init_per_group.5284.html
=group_props   [{name,carbons_master_slave},sequence]
=started       2025-03-24 17:11:53
=ended         2025-03-24 17:11:53
=result        ok
=elapsed       7.0e-6
=case          ejabberd_SUITE:init_per_group
=logfile       ejabberd_suite.init_per_group.5316.html
=group_props   [{name,carbons_send_recv},parallel]
=started       2025-03-24 17:11:53
=ended         2025-03-24 17:11:53
=result        ok
=elapsed       4.0e-6
=case          ejabberd_SUITE:carbons_send_recv_master
=logfile       ejabberd_suite.carbons_send_recv_master.5348.html
=started       2025-03-24 17:11:53
=ended         2025-03-24 17:11:53
=result        ok
=elapsed       0.17881
=case          ejabberd_SUITE:carbons_send_recv_slave
=logfile       ejabberd_suite.carbons_send_recv_slave.5380.html
=started       2025-03-24 17:11:53
=ended         2025-03-24 17:11:53
=result        ok
=elapsed       0.174044
=case          ejabberd_SUITE:end_per_group
=logfile       ejabberd_suite.end_per_group.5444.html
=group_props   [{name,carbons_send_recv},parallel]
=started       2025-03-24 17:11:53
=ended         2025-03-24 17:11:53
=result        ok
=elapsed       2.0e-6
=group_time    0.234s
=case          ejabberd_SUITE:init_per_group
=logfile       ejabberd_suite.init_per_group.4835.html
=group_props   [{name,carbons_enable_disable},parallel]
=started       2025-03-24 17:11:53
=ended         2025-03-24 17:11:53
=result        ok
=elapsed       3.0e-6
=case          ejabberd_SUITE:carbons_enable_disable_master
=logfile       ejabberd_suite.carbons_enable_disable_master.4867.html
=started       2025-03-24 17:11:53
=ended         2025-03-24 17:11:54
=result        ok
=elapsed       0.18036
=case          ejabberd_SUITE:carbons_enable_disable_slave
=logfile       ejabberd_suite.carbons_enable_disable_slave.4899.html
=started       2025-03-24 17:11:53
=ended         2025-03-24 17:11:54
=result        ok
=elapsed       0.180636
=case          ejabberd_SUITE:end_per_group
=logfile       ejabberd_suite.end_per_group.4963.html
=group_props   [{name,carbons_enable_disable},parallel]
=started       2025-03-24 17:11:54
=ended         2025-03-24 17:11:54
=result        ok
=elapsed       2.0e-6
=group_time    0.237s
=case          ejabberd_SUITE:end_per_group
=logfile       ejabberd_suite.end_per_group.4995.html
=group_props   [{name,carbons_master_slave},sequence]
=started       2025-03-24 17:11:54
=ended         2025-03-24 17:11:54
=result        ok
=elapsed       2.0e-6
=group_time    0.548s
=case          ejabberd_SUITE:end_per_group
=logfile       ejabberd_suite.end_per_group.8034.html
=group_props   [{name,no_db},sequence]
=started       2025-03-24 17:11:54
=ended         2025-03-24 17:11:54
=result        ok
=elapsed       0.0
=group_time    28.596s
=case          ejabberd_SUITE:init_per_group
=logfile       ejabberd_suite.init_per_group.8066.html
=group_props   [{name,mnesia},sequence]
=started       2025-03-24 17:11:54
=ended         2025-03-24 17:11:54
=result        ok
=elapsed       5.4e-5
=case          ejabberd_SUITE:init_per_group
=logfile       ejabberd_suite.init_per_group.8098.html
=group_props   [{name,single_user},sequence]
=started       2025-03-24 17:11:54
=ended         2025-03-24 17:11:54
=result        ok
=elapsed       6.0e-6
=case          ejabberd_SUITE:test_register
=logfile       ejabberd_suite.test_register.html
=started       2025-03-24 17:11:54
=ended         2025-03-24 17:11:54
=result        ok
=elapsed       0.029535
=case          ejabberd_SUITE:init_per_group
=logfile       ejabberd_suite.init_per_group.8194.html
=group_props   [{name,legacy_auth},parallel]
=started       2025-03-24 17:11:54
=ended         2025-03-24 17:11:54
=result        ok
=elapsed       3.0e-6
=case          ejabberd_SUITE:test_legacy_auth_feature
=logfile       ejabberd_suite.test_legacy_auth_feature.8226.html
=started       2025-03-24 17:11:54
=ended         2025-03-24 17:11:54
=result        ok
=elapsed       5.38e-4
=case          ejabberd_SUITE:test_legacy_auth
=logfile       ejabberd_suite.test_legacy_auth.5508.html
=started       2025-03-24 17:11:54
=ended         2025-03-24 17:11:54
=result        ok
=elapsed       0.104672
=case          ejabberd_SUITE:test_legacy_auth_digest
=logfile       ejabberd_suite.test_legacy_auth_digest.8258.html
=started       2025-03-24 17:11:54
=ended         2025-03-24 17:11:54
=result        ok
=elapsed       0.10302
=case          ejabberd_SUITE:test_legacy_auth_no_resource
=logfile       ejabberd_suite.test_legacy_auth_no_resource.8290.html
=started       2025-03-24 17:11:54
=ended         2025-03-24 17:11:54
=result        ok
=elapsed       0.001386
=case          ejabberd_SUITE:test_legacy_auth_bad_jid
=logfile       ejabberd_suite.test_legacy_auth_bad_jid.8322.html
=started       2025-03-24 17:11:54
=ended         2025-03-24 17:11:54
=result        ok
=elapsed       0.002135
=case          ejabberd_SUITE:test_legacy_auth_fail
=logfile       ejabberd_suite.test_legacy_auth_fail.5540.html
=started       2025-03-24 17:11:54
=ended         2025-03-24 17:11:54
=result        ok
=elapsed       0.003452
=case          ejabberd_SUITE:end_per_group
=logfile       ejabberd_suite.end_per_group.5700.html
=group_props   [{name,legacy_auth},parallel]
=started       2025-03-24 17:11:54
=ended         2025-03-24 17:11:54
=result        ok
=elapsed       2.0e-6
=group_time    0.163s
=case          ejabberd_SUITE:auth_plain
=logfile       ejabberd_suite.auth_plain.html
=started       2025-03-24 17:11:54
=ended         2025-03-24 17:11:54
=result        ok
=elapsed       0.009856
=case          ejabberd_SUITE:auth_md5
=logfile       ejabberd_suite.auth_md5.html
=started       2025-03-24 17:11:54
=ended         2025-03-24 17:11:54
=result        ok
=elapsed       0.013194
=case          ejabberd_SUITE:presence_broadcast
=logfile       ejabberd_suite.presence_broadcast.html
=started       2025-03-24 17:11:54
=ended         2025-03-24 17:11:54
=result        ok
=elapsed       0.207224
=case          ejabberd_SUITE:last
=logfile       ejabberd_suite.last.html
=started       2025-03-24 17:11:54
=ended         2025-03-24 17:11:54
=result        ok
=elapsed       0.104882
=case          ejabberd_SUITE:init_per_group
=logfile       ejabberd_suite.init_per_group.8642.html
=group_props   [{name,webadmin_single},sequence]
=started       2025-03-24 17:11:54
=ended         2025-03-24 17:11:54
=result        ok
=elapsed       3.0e-6
=case          ejabberd_SUITE:webadmin_login_page
=logfile       ejabberd_suite.webadmin_login_page.html
=started       2025-03-24 17:11:54
=ended         2025-03-24 17:11:54
=result        ok
=elapsed       0.022745
=case          ejabberd_SUITE:webadmin_welcome_page
=logfile       ejabberd_suite.webadmin_welcome_page.html
=started       2025-03-24 17:11:54
=ended         2025-03-24 17:11:54
=result        ok
=elapsed       0.023355
=case          ejabberd_SUITE:webadmin_user_page
=logfile       ejabberd_suite.webadmin_user_page.html
=started       2025-03-24 17:11:54
=ended         2025-03-24 17:11:55
=result        ok
=elapsed       0.028114
=case          ejabberd_SUITE:webadmin_adduser
=logfile       ejabberd_suite.webadmin_adduser.html
=started       2025-03-24 17:11:55
=ended         2025-03-24 17:11:55
=result        ok
=elapsed       0.046597
=case          ejabberd_SUITE:webadmin_changepassword
=logfile       ejabberd_suite.webadmin_changepassword.html
=started       2025-03-24 17:11:55
=ended         2025-03-24 17:11:55
=result        ok
=elapsed       0.028258
=case          ejabberd_SUITE:webadmin_removeuser
=logfile       ejabberd_suite.webadmin_removeuser.html
=started       2025-03-24 17:11:55
=ended         2025-03-24 17:11:55
=result        ok
=elapsed       0.037071
=case          ejabberd_SUITE:end_per_group
=logfile       ejabberd_suite.end_per_group.5796.html
=group_props   [{name,webadmin_single},sequence]
=started       2025-03-24 17:11:55
=ended         2025-03-24 17:11:55
=result        ok
=elapsed       2.0e-6
=group_time    0.360s
=case          ejabberd_SUITE:init_per_group
=logfile       ejabberd_suite.init_per_group.5828.html
=group_props   [{name,roster_single},sequence]
=started       2025-03-24 17:11:55
=ended         2025-03-24 17:11:55
=result        ok
=elapsed       3.0e-6
=case          ejabberd_SUITE:roster_feature_enabled
=logfile       ejabberd_suite.roster_feature_enabled.html
=started       2025-03-24 17:11:55
=ended         2025-03-24 17:11:55
=result        ok
=elapsed       0.101489
=case          ejabberd_SUITE:roster_iq_set_many_items
=logfile       ejabberd_suite.roster_iq_set_many_items.html
=started       2025-03-24 17:11:55
=ended         2025-03-24 17:11:55
=result        ok
=elapsed       0.103266
=case          ejabberd_SUITE:roster_iq_set_duplicated_groups
=logfile       ejabberd_suite.roster_iq_set_duplicated_groups.html
=started       2025-03-24 17:11:55
=ended         2025-03-24 17:11:55
=result        ok
=elapsed       0.102163
=case          ejabberd_SUITE:roster_iq_get_item
=logfile       ejabberd_suite.roster_iq_get_item.html
=started       2025-03-24 17:11:55
=ended         2025-03-24 17:11:55
=result        ok
=elapsed       0.102596
=case          ejabberd_SUITE:roster_iq_unexpected_element
=logfile       ejabberd_suite.roster_iq_unexpected_element.html
=started       2025-03-24 17:11:55
=ended         2025-03-24 17:11:55
=result        ok
=elapsed       0.102614
=case          ejabberd_SUITE:roster_iq_set_ask
=logfile       ejabberd_suite.roster_iq_set_ask.html
=started       2025-03-24 17:11:55
=ended         2025-03-24 17:11:56
=result        ok
=elapsed       0.102864
=case          ejabberd_SUITE:roster_set_item
=logfile       ejabberd_suite.roster_set_item.html
=started       2025-03-24 17:11:56
=ended         2025-03-24 17:11:56
=result        ok
=elapsed       0.324407
=case          ejabberd_SUITE:roster_version
=logfile       ejabberd_suite.roster_version.html
=started       2025-03-24 17:11:56
=ended         2025-03-24 17:11:56
=result        ok
=elapsed       0.147926
=case          ejabberd_SUITE:end_per_group
=logfile       ejabberd_suite.end_per_group.8770.html
=group_props   [{name,roster_single},sequence]
=started       2025-03-24 17:11:56
=ended         2025-03-24 17:11:56
=result        ok
=elapsed       2.0e-6
=group_time    1.347s
=case          ejabberd_SUITE:init_per_group
=logfile       ejabberd_suite.init_per_group.8802.html
=group_props   [{name,private_single},sequence]
=started       2025-03-24 17:11:56
=ended         2025-03-24 17:11:56
=result        ok
=elapsed       3.0e-6
=case          ejabberd_SUITE:private_test_features
=logfile       ejabberd_suite.private_test_features.html
=started       2025-03-24 17:11:56
=ended         2025-03-24 17:11:56
=result        ok
=elapsed       0.102492
=case          ejabberd_SUITE:private_test_no_namespace
=logfile       ejabberd_suite.private_test_no_namespace.html
=started       2025-03-24 17:11:56
=ended         2025-03-24 17:11:56
=result        ok
=elapsed       0.112241
=case          ejabberd_SUITE:private_test_set_get
=logfile       ejabberd_suite.private_test_set_get.html
=started       2025-03-24 17:11:56
=ended         2025-03-24 17:11:57
=result        ok
=elapsed       0.139135
=case          ejabberd_SUITE:private_test_published
=logfile       ejabberd_suite.private_test_published.html
=started       2025-03-24 17:11:57
=ended         2025-03-24 17:11:57
=result        ok
=elapsed       0.106758
=case          ejabberd_SUITE:end_per_group
=logfile       ejabberd_suite.end_per_group.8962.html
=group_props   [{name,private_single},sequence]
=started       2025-03-24 17:11:57
=ended         2025-03-24 17:11:57
=result        ok
=elapsed       2.0e-6
=group_time    0.602s
=case          ejabberd_SUITE:init_per_group
=logfile       ejabberd_suite.init_per_group.6436.html
=group_props   [{name,privacy_single},sequence]
=started       2025-03-24 17:11:57
=ended         2025-03-24 17:11:57
=result        ok
=elapsed       3.0e-6
=case          ejabberd_SUITE:privacy_feature_enabled
=logfile       ejabberd_suite.privacy_feature_enabled.html
=started       2025-03-24 17:11:57
=ended         2025-03-24 17:11:57
=result        ok
=elapsed       0.103265
=case          ejabberd_SUITE:privacy_set_get_list
=logfile       ejabberd_suite.privacy_set_get_list.html
=started       2025-03-24 17:11:57
=ended         2025-03-24 17:11:57
=result        ok
=elapsed       0.14774
=case          ejabberd_SUITE:privacy_get_list_non_existent
=logfile       ejabberd_suite.privacy_get_list_non_existent.html
=started       2025-03-24 17:11:57
=ended         2025-03-24 17:11:57
=result        ok
=elapsed       0.101943
=case          ejabberd_SUITE:privacy_get_empty_lists
=logfile       ejabberd_suite.privacy_get_empty_lists.html
=started       2025-03-24 17:11:57
=ended         2025-03-24 17:11:57
=result        ok
=elapsed       0.102731
=case          ejabberd_SUITE:privacy_set_default
=logfile       ejabberd_suite.privacy_set_default.html
=started       2025-03-24 17:11:57
=ended         2025-03-24 17:11:57
=result        ok
=elapsed       0.147767
=case          ejabberd_SUITE:privacy_del_default
=logfile       ejabberd_suite.privacy_del_default.html
=started       2025-03-24 17:11:57
=ended         2025-03-24 17:11:58
=result        ok
=elapsed       0.147926
=case          ejabberd_SUITE:privacy_set_default_non_existent
=logfile       ejabberd_suite.privacy_set_default_non_existent.html
=started       2025-03-24 17:11:58
=ended         2025-03-24 17:11:58
=result        ok
=elapsed       0.102079
=case          ejabberd_SUITE:privacy_set_active
=logfile       ejabberd_suite.privacy_set_active.html
=started       2025-03-24 17:11:58
=ended         2025-03-24 17:11:58
=result        ok
=elapsed       0.14525
=case          ejabberd_SUITE:privacy_del_active
=logfile       ejabberd_suite.privacy_del_active.html
=started       2025-03-24 17:11:58
=ended         2025-03-24 17:11:58
=result        ok
=elapsed       0.148083
=case          ejabberd_SUITE:privacy_set_active_non_existent
=logfile       ejabberd_suite.privacy_set_active_non_existent.html
=started       2025-03-24 17:11:58
=ended         2025-03-24 17:11:58
=result        ok
=elapsed       0.102423
=case          ejabberd_SUITE:privacy_remove_list
=logfile       ejabberd_suite.privacy_remove_list.html
=started       2025-03-24 17:11:58
=ended         2025-03-24 17:11:58
=result        ok
=elapsed       0.14613
=case          ejabberd_SUITE:privacy_remove_default_list
=logfile       ejabberd_suite.privacy_remove_default_list.html
=started       2025-03-24 17:11:58
=ended         2025-03-24 17:11:59
=result        ok
=elapsed       0.147269
=case          ejabberd_SUITE:privacy_remove_active_list
=logfile       ejabberd_suite.privacy_remove_active_list.html
=started       2025-03-24 17:11:59
=ended         2025-03-24 17:11:59
=result        ok
=elapsed       0.146067
=case          ejabberd_SUITE:privacy_remove_list_non_existent
=logfile       ejabberd_suite.privacy_remove_list_non_existent.html
=started       2025-03-24 17:11:59
=ended         2025-03-24 17:11:59
=result        ok
=elapsed       0.103273
=case          ejabberd_SUITE:privacy_allow_local_server
=logfile       ejabberd_suite.privacy_allow_local_server.html
=started       2025-03-24 17:11:59
=ended         2025-03-24 17:11:59
=result        ok
=elapsed       0.196676
=case          ejabberd_SUITE:privacy_malformed_iq_query
=logfile       ejabberd_suite.privacy_malformed_iq_query.html
=started       2025-03-24 17:11:59
=ended         2025-03-24 17:11:59
=result        ok
=elapsed       0.10286
=case          ejabberd_SUITE:privacy_malformed_get
=logfile       ejabberd_suite.privacy_malformed_get.html
=started       2025-03-24 17:11:59
=ended         2025-03-24 17:11:59
=result        ok
=elapsed       0.117986
=case          ejabberd_SUITE:privacy_malformed_set
=logfile       ejabberd_suite.privacy_malformed_set.html
=started       2025-03-24 17:11:59
=ended         2025-03-24 17:12:00
=result        ok
=elapsed       0.104408
=case          ejabberd_SUITE:privacy_malformed_type_value
=logfile       ejabberd_suite.privacy_malformed_type_value.html
=started       2025-03-24 17:12:00
=ended         2025-03-24 17:12:00
=result        ok
=elapsed       0.104494
=case          ejabberd_SUITE:privacy_set_get_block
=logfile       ejabberd_suite.privacy_set_get_block.html
=started       2025-03-24 17:12:00
=ended         2025-03-24 17:12:00
=result        ok
=elapsed       0.195445
=case          ejabberd_SUITE:end_per_group
=logfile       ejabberd_suite.end_per_group.9058.html
=group_props   [{name,privacy_single},sequence]
=started       2025-03-24 17:12:00
=ended         2025-03-24 17:12:00
=result        ok
=elapsed       3.0e-6
=group_time    3.227s
=case          ejabberd_SUITE:init_per_group
=logfile       ejabberd_suite.init_per_group.9090.html
=group_props   [{name,vcard_single},sequence]
=started       2025-03-24 17:12:00
=ended         2025-03-24 17:12:00
=result        ok
=elapsed       3.0e-6
=case          ejabberd_SUITE:vcard_feature_enabled
=logfile       ejabberd_suite.vcard_feature_enabled.html
=started       2025-03-24 17:12:00
=ended         2025-03-24 17:12:00
=result        ok
=elapsed       0.104666
=case          ejabberd_SUITE:vcard_get_set
=logfile       ejabberd_suite.vcard_get_set.html
=started       2025-03-24 17:12:00
=ended         2025-03-24 17:12:00
=result        ok
=elapsed       0.103976
=case          ejabberd_SUITE:vcard_service_vcard
=logfile       ejabberd_suite.vcard_service_vcard.html
=started       2025-03-24 17:12:00
=ended         2025-03-24 17:12:00
=result        ok
=elapsed       0.102235
=case          ejabberd_SUITE:end_per_group
=logfile       ejabberd_suite.end_per_group.7236.html
=group_props   [{name,vcard_single},sequence]
=started       2025-03-24 17:12:00
=ended         2025-03-24 17:12:00
=result        ok
=elapsed       2.0e-6
=group_time    0.423s
=case          ejabberd_SUITE:init_per_group
=logfile       ejabberd_suite.init_per_group.7268.html
=group_props   [{name,pubsub_single},sequence]
=started       2025-03-24 17:12:00
=ended         2025-03-24 17:12:00
=result        ok
=elapsed       3.0e-6
=case          ejabberd_SUITE:pubsub_test_features
=logfile       ejabberd_suite.pubsub_test_features.html
=started       2025-03-24 17:12:00
=ended         2025-03-24 17:12:01
=result        ok
=elapsed       0.1031
=case          ejabberd_SUITE:pubsub_test_vcard
=logfile       ejabberd_suite.pubsub_test_vcard.html
=started       2025-03-24 17:12:01
=ended         2025-03-24 17:12:01
=result        ok
=elapsed       0.103178
=case          ejabberd_SUITE:pubsub_test_create
=logfile       ejabberd_suite.pubsub_test_create.html
=started       2025-03-24 17:12:01
=ended         2025-03-24 17:12:01
=result        ok
=elapsed       0.103129
=case          ejabberd_SUITE:pubsub_test_configure
=logfile       ejabberd_suite.pubsub_test_configure.html
=started       2025-03-24 17:12:01
=ended         2025-03-24 17:12:01
=result        ok
=elapsed       0.121568
=case          ejabberd_SUITE:pubsub_test_delete
=logfile       ejabberd_suite.pubsub_test_delete.html
=started       2025-03-24 17:12:01
=ended         2025-03-24 17:12:01
=result        ok
=elapsed       0.102605
=case          ejabberd_SUITE:pubsub_test_get_affiliations
=logfile       ejabberd_suite.pubsub_test_get_affiliations.html
=started       2025-03-24 17:12:01
=ended         2025-03-24 17:12:01
=result        ok
=elapsed       0.11559
=case          ejabberd_SUITE:pubsub_test_get_subscriptions
=logfile       ejabberd_suite.pubsub_test_get_subscriptions.html
=started       2025-03-24 17:12:01
=ended         2025-03-24 17:12:01
=result        ok
=elapsed       0.124068
=case          ejabberd_SUITE:pubsub_test_create_instant
=logfile       ejabberd_suite.pubsub_test_create_instant.html
=started       2025-03-24 17:12:01
=ended         2025-03-24 17:12:02
=result        ok
=elapsed       0.103505
=case          ejabberd_SUITE:pubsub_test_default
=logfile       ejabberd_suite.pubsub_test_default.html
=started       2025-03-24 17:12:02
=ended         2025-03-24 17:12:02
=result        ok
=elapsed       0.103397
=case          ejabberd_SUITE:pubsub_test_create_configure
=logfile       ejabberd_suite.pubsub_test_create_configure.html
=started       2025-03-24 17:12:02
=ended         2025-03-24 17:12:02
=result        ok
=elapsed       0.110832
=case          ejabberd_SUITE:pubsub_test_publish
=logfile       ejabberd_suite.pubsub_test_publish.html
=started       2025-03-24 17:12:02
=ended         2025-03-24 17:12:02
=result        ok
=elapsed       0.106777
=case          ejabberd_SUITE:pubsub_test_auto_create
=logfile       ejabberd_suite.pubsub_test_auto_create.html
=started       2025-03-24 17:12:02
=ended         2025-03-24 17:12:02
=result        ok
=elapsed       0.105232
=case          ejabberd_SUITE:pubsub_test_get_items
=logfile       ejabberd_suite.pubsub_test_get_items.html
=started       2025-03-24 17:12:02
=ended         2025-03-24 17:12:02
=result        ok
=elapsed       0.114367
=case          ejabberd_SUITE:pubsub_test_delete_item
=logfile       ejabberd_suite.pubsub_test_delete_item.html
=started       2025-03-24 17:12:02
=ended         2025-03-24 17:12:02
=result        ok
=elapsed       0.108026
=case          ejabberd_SUITE:pubsub_test_purge
=logfile       ejabberd_suite.pubsub_test_purge.html
=started       2025-03-24 17:12:02
=ended         2025-03-24 17:12:03
=result        ok
=elapsed       0.113808
=case          ejabberd_SUITE:pubsub_test_subscribe
=logfile       ejabberd_suite.pubsub_test_subscribe.html
=started       2025-03-24 17:12:03
=ended         2025-03-24 17:12:03
=result        ok
=elapsed       0.106172
=case          ejabberd_SUITE:pubsub_test_subscribe_max_item_1
=logfile       ejabberd_suite.pubsub_test_subscribe_max_item_1.html
=started       2025-03-24 17:12:03
=ended         2025-03-24 17:12:03
=result        ok
=elapsed       0.109234
=case          ejabberd_SUITE:pubsub_test_unsubscribe
=logfile       ejabberd_suite.pubsub_test_unsubscribe.html
=started       2025-03-24 17:12:03
=ended         2025-03-24 17:12:03
=result        ok
=elapsed       0.107188
=case          ejabberd_SUITE:end_per_group
=logfile       ejabberd_suite.end_per_group.9666.html
=group_props   [{name,pubsub_single},sequence]
=started       2025-03-24 17:12:03
=ended         2025-03-24 17:12:03
=result        ok
=elapsed       2.0e-6
=group_time    2.515s
=case          ejabberd_SUITE:init_per_group
=logfile       ejabberd_suite.init_per_group.9698.html
=group_props   [{name,muc_single},sequence]
=started       2025-03-24 17:12:03
=ended         2025-03-24 17:12:03
=result        ok
=elapsed       3.0e-6
=case          ejabberd_SUITE:muc_service_presence_error
=logfile       ejabberd_suite.muc_service_presence_error.6339.html
=started       2025-03-24 17:12:03
=ended         2025-03-24 17:12:03
=result        ok
=elapsed       0.190109
=case          ejabberd_SUITE:muc_service_message_error
=logfile       ejabberd_suite.muc_service_message_error.6403.html
=started       2025-03-24 17:12:03
=ended         2025-03-24 17:12:03
=result        ok
=elapsed       0.192066
=case          ejabberd_SUITE:muc_service_unknown_ns_iq_error
=logfile       ejabberd_suite.muc_service_unknown_ns_iq_error.6467.html
=started       2025-03-24 17:12:03
=ended         2025-03-24 17:12:04
=result        ok
=elapsed       0.189924
=case          ejabberd_SUITE:muc_service_iq_set_error
=logfile       ejabberd_suite.muc_service_iq_set_error.6531.html
=started       2025-03-24 17:12:04
=ended         2025-03-24 17:12:04
=result        ok
=elapsed       0.322063
=case          ejabberd_SUITE:muc_service_improper_iq_error
=logfile       ejabberd_suite.muc_service_improper_iq_error.9858.html
=started       2025-03-24 17:12:04
=ended         2025-03-24 17:12:04
=result        ok
=elapsed       0.275814
=case          ejabberd_SUITE:muc_service_features
=logfile       ejabberd_suite.muc_service_features.9954.html
=started       2025-03-24 17:12:04
=ended         2025-03-24 17:12:04
=result        ok
=elapsed       0.102394
=case          ejabberd_SUITE:muc_service_disco_info_node_error
=logfile       ejabberd_suite.muc_service_disco_info_node_error.10018.html
=started       2025-03-24 17:12:04
=ended         2025-03-24 17:12:05
=result        ok
=elapsed       0.101946
=case          ejabberd_SUITE:muc_service_disco_items
=logfile       ejabberd_suite.muc_service_disco_items.10114.html
=started       2025-03-24 17:12:05
=ended         2025-03-24 17:12:05
=result        ok
=elapsed       0.137491
=case          ejabberd_SUITE:muc_service_unique
=logfile       ejabberd_suite.muc_service_unique.10306.html
=started       2025-03-24 17:12:05
=ended         2025-03-24 17:12:05
=result        ok
=elapsed       0.102487
=case          ejabberd_SUITE:muc_service_vcard
=logfile       ejabberd_suite.muc_service_vcard.10370.html
=started       2025-03-24 17:12:05
=ended         2025-03-24 17:12:05
=result        ok
=elapsed       0.102723
=case          ejabberd_SUITE:muc_configure_non_existent
=logfile       ejabberd_suite.muc_configure_non_existent.10466.html
=started       2025-03-24 17:12:05
=ended         2025-03-24 17:12:05
=result        ok
=elapsed       0.105427
=case          ejabberd_SUITE:muc_cancel_configure_non_existent
=logfile       ejabberd_suite.muc_cancel_configure_non_existent.10562.html
=started       2025-03-24 17:12:05
=ended         2025-03-24 17:12:05
=result        ok
=elapsed       0.102984
=case          ejabberd_SUITE:muc_service_subscriptions
=logfile       ejabberd_suite.muc_service_subscriptions.6755.html
=started       2025-03-24 17:12:05
=ended         2025-03-24 17:12:05
=result        ok
=elapsed       0.151087
=case          ejabberd_SUITE:muc_set_room_affiliation
=logfile       ejabberd_suite.muc_set_room_affiliation.6883.html
=started       2025-03-24 17:12:05
=ended         2025-03-24 17:12:06
=result        ok
=elapsed       0.109791
=case          ejabberd_SUITE:end_per_group
=logfile       ejabberd_suite.end_per_group.6979.html
=group_props   [{name,muc_single},sequence]
=started       2025-03-24 17:12:06
=ended         2025-03-24 17:12:06
=result        ok
=elapsed       2.0e-6
=group_time    2.622s
=case          ejabberd_SUITE:init_per_group
=logfile       ejabberd_suite.init_per_group.7011.html
=group_props   [{name,offline_single},sequence]
=started       2025-03-24 17:12:06
=ended         2025-03-24 17:12:06
=result        ok
=elapsed       3.0e-6
=case          ejabberd_SUITE:offline_feature_enabled
=logfile       ejabberd_suite.offline_feature_enabled.html
=started       2025-03-24 17:12:06
=ended         2025-03-24 17:12:06
=result        ok
=elapsed       0.10355
=case          ejabberd_SUITE:offline_check_identity
=logfile       ejabberd_suite.offline_check_identity.html
=started       2025-03-24 17:12:06
=ended         2025-03-24 17:12:06
=result        ok
=elapsed       0.113372
=case          ejabberd_SUITE:offline_send_non_existent
=logfile       ejabberd_suite.offline_send_non_existent.html
=started       2025-03-24 17:12:06
=ended         2025-03-24 17:12:06
=result        ok
=elapsed       0.1022
=case          ejabberd_SUITE:offline_view_non_existent
=logfile       ejabberd_suite.offline_view_non_existent.html
=started       2025-03-24 17:12:06
=ended         2025-03-24 17:12:06
=result        ok
=elapsed       0.10242
=case          ejabberd_SUITE:offline_remove_non_existent
=logfile       ejabberd_suite.offline_remove_non_existent.html
=started       2025-03-24 17:12:06
=ended         2025-03-24 17:12:06
=result        ok
=elapsed       0.101848
=case          ejabberd_SUITE:offline_view_non_integer
=logfile       ejabberd_suite.offline_view_non_integer.html
=started       2025-03-24 17:12:06
=ended         2025-03-24 17:12:06
=result        ok
=elapsed       0.102734
=case          ejabberd_SUITE:offline_remove_non_integer
=logfile       ejabberd_suite.offline_remove_non_integer.html
=started       2025-03-24 17:12:06
=ended         2025-03-24 17:12:07
=result        ok
=elapsed       0.102617
=case          ejabberd_SUITE:offline_malformed_iq
=logfile       ejabberd_suite.offline_malformed_iq.html
=started       2025-03-24 17:12:07
=ended         2025-03-24 17:12:07
=result        ok
=elapsed       0.107826
=case          ejabberd_SUITE:offline_wrong_user
=logfile       ejabberd_suite.offline_wrong_user.html
=started       2025-03-24 17:12:07
=ended         2025-03-24 17:12:07
=result        ok
=elapsed       0.112008
=case          ejabberd_SUITE:offline_unsupported_iq
=logfile       ejabberd_suite.offline_unsupported_iq.html
=started       2025-03-24 17:12:07
=ended         2025-03-24 17:12:07
=result        ok
=elapsed       0.103393
=case          ejabberd_SUITE:end_per_group
=logfile       ejabberd_suite.end_per_group.11074.html
=group_props   [{name,offline_single},sequence]
=started       2025-03-24 17:12:07
=ended         2025-03-24 17:12:07
=result        ok
=elapsed       2.0e-6
=group_time    1.369s
=case          ejabberd_SUITE:init_per_group
=logfile       ejabberd_suite.init_per_group.11106.html
=group_props   [{name,mam_single},sequence]
=started       2025-03-24 17:12:07
=ended         2025-03-24 17:12:07
=result        ok
=elapsed       3.0e-6
=case          ejabberd_SUITE:mam_feature_enabled
=logfile       ejabberd_suite.mam_feature_enabled.html
=started       2025-03-24 17:12:07
=ended         2025-03-24 17:12:07
=result        ok
=elapsed       0.105778
=case          ejabberd_SUITE:mam_get_set_prefs
=logfile       ejabberd_suite.mam_get_set_prefs.html
=started       2025-03-24 17:12:07
=ended         2025-03-24 17:12:09
=result        ok
=elapsed       1.895761
=case          ejabberd_SUITE:mam_get_form
=logfile       ejabberd_suite.mam_get_form.html
=started       2025-03-24 17:12:09
=ended         2025-03-24 17:12:09
=result        ok
=elapsed       0.118579
=case          ejabberd_SUITE:mam_fake_by
=logfile       ejabberd_suite.mam_fake_by.html
=started       2025-03-24 17:12:09
=ended         2025-03-24 17:12:09
=result        ok
=elapsed       0.103994
=case          ejabberd_SUITE:end_per_group
=logfile       ejabberd_suite.end_per_group.11138.html
=group_props   [{name,mam_single},sequence]
=started       2025-03-24 17:12:09
=ended         2025-03-24 17:12:09
=result        ok
=elapsed       2.0e-6
=group_time    2.367s
=case          ejabberd_SUITE:init_per_group
=logfile       ejabberd_suite.init_per_group.11170.html
=group_props   [{name,csi_single},sequence]
=started       2025-03-24 17:12:09
=ended         2025-03-24 17:12:09
=result        ok
=elapsed       3.0e-6
=case          ejabberd_SUITE:csi_feature_enabled
=logfile       ejabberd_suite.csi_feature_enabled.html
=started       2025-03-24 17:12:09
=ended         2025-03-24 17:12:10
=result        ok
=elapsed       0.101055
=case          ejabberd_SUITE:end_per_group
=logfile       ejabberd_suite.end_per_group.7460.html
=group_props   [{name,csi_single},sequence]
=started       2025-03-24 17:12:10
=ended         2025-03-24 17:12:10
=result        ok
=elapsed       3.0e-6
=group_time    0.155s
=case          ejabberd_SUITE:init_per_group
=logfile       ejabberd_suite.init_per_group.7492.html
=group_props   [{name,push_single},sequence]
=started       2025-03-24 17:12:10
=ended         2025-03-24 17:12:10
=result        ok
=elapsed       4.0e-6
=case          ejabberd_SUITE:push_feature_enabled
=logfile       ejabberd_suite.push_feature_enabled.html
=started       2025-03-24 17:12:10
=ended         2025-03-24 17:12:10
=result        ok
=elapsed       0.10284
=case          ejabberd_SUITE:push_unsupported_iq
=logfile       ejabberd_suite.push_unsupported_iq.html
=started       2025-03-24 17:12:10
=ended         2025-03-24 17:12:10
=result        ok
=elapsed       0.114932
=case          ejabberd_SUITE:end_per_group
=logfile       ejabberd_suite.end_per_group.7620.html
=group_props   [{name,push_single},sequence]
=started       2025-03-24 17:12:10
=ended         2025-03-24 17:12:10
=result        ok
=elapsed       2.0e-6
=group_time    0.301s
=case          ejabberd_SUITE:test_unregister
=logfile       ejabberd_suite.test_unregister.html
=started       2025-03-24 17:12:10
=ended         2025-03-24 17:12:10
=result        ok
=elapsed       0.005319
=case          ejabberd_SUITE:end_per_group
=logfile       ejabberd_suite.end_per_group.7684.html
=group_props   [{name,single_user},sequence]
=started       2025-03-24 17:12:10
=ended         2025-03-24 17:12:10
=result        ok
=elapsed       2.0e-6
=group_time    16.313s
=case          ejabberd_SUITE:init_per_group
=logfile       ejabberd_suite.init_per_group.7716.html
=group_props   [{name,muc_master_slave},sequence]
=started       2025-03-24 17:12:10
=ended         2025-03-24 17:12:10
=result        ok
=elapsed       7.0e-6
=case          ejabberd_SUITE:init_per_group
=logfile       ejabberd_suite.init_per_group.7748.html
=group_props   [{name,muc_register},parallel]
=started       2025-03-24 17:12:10
=ended         2025-03-24 17:12:10
=result        ok
=elapsed       3.0e-6
=case          ejabberd_SUITE:muc_register_master
=logfile       ejabberd_suite.muc_register_master.7780.html
=started       2025-03-24 17:12:10
=ended         2025-03-24 17:12:10
=result        ok
=elapsed       0.118364
=case          ejabberd_SUITE:muc_register_slave
=logfile       ejabberd_suite.muc_register_slave.7812.html
=started       2025-03-24 17:12:10
=ended         2025-03-24 17:12:10
=result        ok
=elapsed       0.114197
=case          ejabberd_SUITE:end_per_group
=logfile       ejabberd_suite.end_per_group.7908.html
=group_props   [{name,muc_register},parallel]
=started       2025-03-24 17:12:10
=ended         2025-03-24 17:12:10
=result        ok
=elapsed       2.0e-6
=group_time    0.176s
=case          ejabberd_SUITE:init_per_group
=logfile       ejabberd_suite.init_per_group.7940.html
=group_props   [{name,muc_groupchat_msg},parallel]
=started       2025-03-24 17:12:10
=ended         2025-03-24 17:12:10
=result        ok
=elapsed       4.0e-6
=case          ejabberd_SUITE:muc_groupchat_msg_master
=logfile       ejabberd_suite.muc_groupchat_msg_master.11362.html
=started       2025-03-24 17:12:10
=ended         2025-03-24 17:12:10
=result        ok
=elapsed       0.118595
=case          ejabberd_SUITE:muc_groupchat_msg_slave
=logfile       ejabberd_suite.muc_groupchat_msg_slave.11394.html
=started       2025-03-24 17:12:10
=ended         2025-03-24 17:12:10
=result        ok
=elapsed       0.11676
=case          ejabberd_SUITE:end_per_group
=logfile       ejabberd_suite.end_per_group.11458.html
=group_props   [{name,muc_groupchat_msg},parallel]
=started       2025-03-24 17:12:10
=ended         2025-03-24 17:12:10
=result        ok
=elapsed       2.0e-6
=group_time    0.175s
=case          ejabberd_SUITE:init_per_group
=logfile       ejabberd_suite.init_per_group.11490.html
=group_props   [{name,muc_private_msg},parallel]
=started       2025-03-24 17:12:10
=ended         2025-03-24 17:12:10
=result        ok
=elapsed       3.0e-6
=case          ejabberd_SUITE:muc_private_msg_master
=logfile       ejabberd_suite.muc_private_msg_master.11522.html
=started       2025-03-24 17:12:10
=ended         2025-03-24 17:12:11
=result        ok
=elapsed       0.156656
=case          ejabberd_SUITE:muc_private_msg_slave
=logfile       ejabberd_suite.muc_private_msg_slave.11554.html
=started       2025-03-24 17:12:10
=ended         2025-03-24 17:12:11
=result        ok
=elapsed       0.153225
=case          ejabberd_SUITE:end_per_group
=logfile       ejabberd_suite.end_per_group.11650.html
=group_props   [{name,muc_private_msg},parallel]
=started       2025-03-24 17:12:11
=ended         2025-03-24 17:12:11
=result        ok
=elapsed       2.0e-6
=group_time    0.214s
=case          ejabberd_SUITE:init_per_group
=logfile       ejabberd_suite.init_per_group.11682.html
=group_props   [{name,muc_set_subject},parallel]
=started       2025-03-24 17:12:11
=ended         2025-03-24 17:12:11
=result        ok
=elapsed       3.0e-6
=case          ejabberd_SUITE:muc_set_subject_master
=logfile       ejabberd_suite.muc_set_subject_master.11714.html
=started       2025-03-24 17:12:11
=ended         2025-03-24 17:12:11
=result        ok
=elapsed       0.12359
=case          ejabberd_SUITE:muc_set_subject_slave
=logfile       ejabberd_suite.muc_set_subject_slave.11746.html
=started       2025-03-24 17:12:11
=ended         2025-03-24 17:12:11
=result        ok
=elapsed       0.121541
=case          ejabberd_SUITE:end_per_group
=logfile       ejabberd_suite.end_per_group.7971.html
=group_props   [{name,muc_set_subject},parallel]
=started       2025-03-24 17:12:11
=ended         2025-03-24 17:12:11
=result        ok
=elapsed       2.0e-6
=group_time    0.180s
=case          ejabberd_SUITE:init_per_group
=logfile       ejabberd_suite.init_per_group.8003.html
=group_props   [{name,muc_history},parallel]
=started       2025-03-24 17:12:11
=ended         2025-03-24 17:12:11
=result        ok
=elapsed       3.0e-6
=case          ejabberd_SUITE:muc_history_master
=logfile       ejabberd_suite.muc_history_master.8035.html
=started       2025-03-24 17:12:11
=ended         2025-03-24 17:12:11
=result        ok
=elapsed       0.163242
=case          ejabberd_SUITE:muc_history_slave
=logfile       ejabberd_suite.muc_history_slave.8067.html
=started       2025-03-24 17:12:11
=ended         2025-03-24 17:12:11
=result        ok
=elapsed       0.159972
=case          ejabberd_SUITE:end_per_group
=logfile       ejabberd_suite.end_per_group.8163.html
=group_props   [{name,muc_history},parallel]
=started       2025-03-24 17:12:11
=ended         2025-03-24 17:12:11
=result        ok
=elapsed       2.0e-6
=group_time    0.219s
=case          ejabberd_SUITE:init_per_group
=logfile       ejabberd_suite.init_per_group.8195.html
=group_props   [{name,muc_invite},parallel]
=started       2025-03-24 17:12:11
=ended         2025-03-24 17:12:11
=result        ok
=elapsed       4.0e-6
=case          ejabberd_SUITE:muc_invite_master
=logfile       ejabberd_suite.muc_invite_master.8227.html
=started       2025-03-24 17:12:11
=ended         2025-03-24 17:12:11
=result        ok
=elapsed       0.111452
=case          ejabberd_SUITE:muc_invite_slave
=logfile       ejabberd_suite.muc_invite_slave.8259.html
=started       2025-03-24 17:12:11
=ended         2025-03-24 17:12:11
=result        ok
=elapsed       0.14975
=case          ejabberd_SUITE:end_per_group
=logfile       ejabberd_suite.end_per_group.11906.html
=group_props   [{name,muc_invite},parallel]
=started       2025-03-24 17:12:11
=ended         2025-03-24 17:12:11
=result        ok
=elapsed       3.0e-6
=group_time    0.206s
=case          ejabberd_SUITE:init_per_group
=logfile       ejabberd_suite.init_per_group.11938.html
=group_props   [{name,muc_invite_members_only},parallel]
=started       2025-03-24 17:12:11
=ended         2025-03-24 17:12:11
=result        ok
=elapsed       4.0e-6
=case          ejabberd_SUITE:muc_invite_members_only_master
=logfile       ejabberd_suite.muc_invite_members_only_master.11970.html
=started       2025-03-24 17:12:11
=ended         2025-03-24 17:12:11
=result        ok
=elapsed       0.111721
=case          ejabberd_SUITE:muc_invite_members_only_slave
=logfile       ejabberd_suite.muc_invite_members_only_slave.12002.html
=started       2025-03-24 17:12:11
=ended         2025-03-24 17:12:11
=result        ok
=elapsed       0.109223
=case          ejabberd_SUITE:end_per_group
=logfile       ejabberd_suite.end_per_group.12098.html
=group_props   [{name,muc_invite_members_only},parallel]
=started       2025-03-24 17:12:11
=ended         2025-03-24 17:12:11
=result        ok
=elapsed       2.0e-6
=group_time    0.168s
=case          ejabberd_SUITE:init_per_group
=logfile       ejabberd_suite.init_per_group.12130.html
=group_props   [{name,muc_invite_password_protected},parallel]
=started       2025-03-24 17:12:11
=ended         2025-03-24 17:12:12
=result        ok
=elapsed       3.0e-6
=case          ejabberd_SUITE:muc_invite_password_protected_master
=logfile       ejabberd_suite.muc_invite_password_protected_master.12162.html
=started       2025-03-24 17:12:12
=ended         2025-03-24 17:12:12
=result        ok
=elapsed       0.155027
=case          ejabberd_SUITE:muc_invite_password_protected_slave
=logfile       ejabberd_suite.muc_invite_password_protected_slave.12194.html
=started       2025-03-24 17:12:12
=ended         2025-03-24 17:12:12
=result        ok
=elapsed       0.108675
=case          ejabberd_SUITE:end_per_group
=logfile       ejabberd_suite.end_per_group.12290.html
=group_props   [{name,muc_invite_password_protected},parallel]
=started       2025-03-24 17:12:12
=ended         2025-03-24 17:12:12
=result        ok
=elapsed       3.0e-6
=group_time    0.211s
=case          ejabberd_SUITE:init_per_group
=logfile       ejabberd_suite.init_per_group.12322.html
=group_props   [{name,muc_voice_request},parallel]
=started       2025-03-24 17:12:12
=ended         2025-03-24 17:12:12
=result        ok
=elapsed       3.0e-6
=case          ejabberd_SUITE:muc_voice_request_master
=logfile       ejabberd_suite.muc_voice_request_master.12354.html
=started       2025-03-24 17:12:12
=ended         2025-03-24 17:12:12
=result        ok
=elapsed       0.117212
=case          ejabberd_SUITE:muc_voice_request_slave
=logfile       ejabberd_suite.muc_voice_request_slave.12386.html
=started       2025-03-24 17:12:12
=ended         2025-03-24 17:12:12
=result        ok
=elapsed       0.114533
=case          ejabberd_SUITE:end_per_group
=logfile       ejabberd_suite.end_per_group.12450.html
=group_props   [{name,muc_voice_request},parallel]
=started       2025-03-24 17:12:12
=ended         2025-03-24 17:12:12
=result        ok
=elapsed       3.0e-6
=group_time    0.174s
=case          ejabberd_SUITE:init_per_group
=logfile       ejabberd_suite.init_per_group.12482.html
=group_props   [{name,muc_change_role},parallel]
=started       2025-03-24 17:12:12
=ended         2025-03-24 17:12:12
=result        ok
=elapsed       3.0e-6
=case          ejabberd_SUITE:muc_change_role_master
=logfile       ejabberd_suite.muc_change_role_master.12514.html
=started       2025-03-24 17:12:12
=ended         2025-03-24 17:12:12
=result        ok
=elapsed       0.125314
=case          ejabberd_SUITE:muc_change_role_slave
=logfile       ejabberd_suite.muc_change_role_slave.12546.html
=started       2025-03-24 17:12:12
=ended         2025-03-24 17:12:12
=result        ok
=elapsed       0.12105
=case          ejabberd_SUITE:end_per_group
=logfile       ejabberd_suite.end_per_group.12642.html
=group_props   [{name,muc_change_role},parallel]
=started       2025-03-24 17:12:12
=ended         2025-03-24 17:12:12
=result        ok
=elapsed       2.0e-6
=group_time    0.181s
=case          ejabberd_SUITE:init_per_group
=logfile       ejabberd_suite.init_per_group.12674.html
=group_props   [{name,muc_kick},parallel]
=started       2025-03-24 17:12:12
=ended         2025-03-24 17:12:12
=result        ok
=elapsed       3.0e-6
=case          ejabberd_SUITE:muc_kick_master
=logfile       ejabberd_suite.muc_kick_master.12706.html
=started       2025-03-24 17:12:12
=ended         2025-03-24 17:12:12
=result        ok
=elapsed       0.115253
=case          ejabberd_SUITE:muc_kick_slave
=logfile       ejabberd_suite.muc_kick_slave.4037.html
=started       2025-03-24 17:12:12
=ended         2025-03-24 17:12:12
=result        ok
=elapsed       0.110879
=case          ejabberd_SUITE:end_per_group
=logfile       ejabberd_suite.end_per_group.4133.html
=group_props   [{name,muc_kick},parallel]
=started       2025-03-24 17:12:12
=ended         2025-03-24 17:12:12
=result        ok
=elapsed       2.0e-6
=group_time    0.170s
=case          ejabberd_SUITE:init_per_group
=logfile       ejabberd_suite.init_per_group.4165.html
=group_props   [{name,muc_change_affiliation},parallel]
=started       2025-03-24 17:12:12
=ended         2025-03-24 17:12:12
=result        ok
=elapsed       3.0e-6
=case          ejabberd_SUITE:muc_change_affiliation_master
=logfile       ejabberd_suite.muc_change_affiliation_master.4197.html
=started       2025-03-24 17:12:12
=ended         2025-03-24 17:12:13
=result        ok
=elapsed       0.136884
=case          ejabberd_SUITE:muc_change_affiliation_slave
=logfile       ejabberd_suite.muc_change_affiliation_slave.4229.html
=started       2025-03-24 17:12:12
=ended         2025-03-24 17:12:13
=result        ok
=elapsed       0.132481
=case          ejabberd_SUITE:end_per_group
=logfile       ejabberd_suite.end_per_group.4357.html
=group_props   [{name,muc_change_affiliation},parallel]
=started       2025-03-24 17:12:13
=ended         2025-03-24 17:12:13
=result        ok
=elapsed       2.0e-6
=group_time    0.194s
=case          ejabberd_SUITE:init_per_group
=logfile       ejabberd_suite.init_per_group.4389.html
=group_props   [{name,muc_destroy},parallel]
=started       2025-03-24 17:12:13
=ended         2025-03-24 17:12:13
=result        ok
=elapsed       3.0e-6
=case          ejabberd_SUITE:muc_destroy_master
=logfile       ejabberd_suite.muc_destroy_master.4421.html
=started       2025-03-24 17:12:13
=ended         2025-03-24 17:12:13
=result        ok
=elapsed       0.112824
=case          ejabberd_SUITE:muc_destroy_slave
=logfile       ejabberd_suite.muc_destroy_slave.4453.html
=started       2025-03-24 17:12:13
=ended         2025-03-24 17:12:13
=result        ok
=elapsed       0.112454
=case          ejabberd_SUITE:end_per_group
=logfile       ejabberd_suite.end_per_group.4549.html
=group_props   [{name,muc_destroy},parallel]
=started       2025-03-24 17:12:13
=ended         2025-03-24 17:12:13
=result        ok
=elapsed       4.0e-6
=group_time    0.169s
=case          ejabberd_SUITE:init_per_group
=logfile       ejabberd_suite.init_per_group.4581.html
=group_props   [{name,muc_vcard},parallel]
=started       2025-03-24 17:12:13
=ended         2025-03-24 17:12:13
=result        ok
=elapsed       5.0e-6
=case          ejabberd_SUITE:muc_vcard_master
=logfile       ejabberd_suite.muc_vcard_master.4613.html
=started       2025-03-24 17:12:13
=ended         2025-03-24 17:12:13
=result        ok
=elapsed       0.119837
=case          ejabberd_SUITE:muc_vcard_slave
=logfile       ejabberd_suite.muc_vcard_slave.8164.html
=started       2025-03-24 17:12:13
=ended         2025-03-24 17:12:13
=result        ok
=elapsed       0.117006
=case          ejabberd_SUITE:end_per_group
=logfile       ejabberd_suite.end_per_group.12898.html
=group_props   [{name,muc_vcard},parallel]
=started       2025-03-24 17:12:13
=ended         2025-03-24 17:12:13
=result        ok
=elapsed       3.0e-6
=group_time    0.177s
=case          ejabberd_SUITE:init_per_group
=logfile       ejabberd_suite.init_per_group.12930.html
=group_props   [{name,muc_nick_change},parallel]
=started       2025-03-24 17:12:13
=ended         2025-03-24 17:12:13
=result        ok
=elapsed       4.0e-6
=case          ejabberd_SUITE:muc_nick_change_master
=logfile       ejabberd_suite.muc_nick_change_master.12962.html
=started       2025-03-24 17:12:13
=ended         2025-03-24 17:12:13
=result        ok
=elapsed       0.116215
=case          ejabberd_SUITE:muc_nick_change_slave
=logfile       ejabberd_suite.muc_nick_change_slave.12994.html
=started       2025-03-24 17:12:13
=ended         2025-03-24 17:12:13
=result        ok
=elapsed       0.11218
=case          ejabberd_SUITE:end_per_group
=logfile       ejabberd_suite.end_per_group.13058.html
=group_props   [{name,muc_nick_change},parallel]
=started       2025-03-24 17:12:13
=ended         2025-03-24 17:12:13
=result        ok
=elapsed       2.0e-6
=group_time    0.173s
=case          ejabberd_SUITE:init_per_group
=logfile       ejabberd_suite.init_per_group.8356.html
=group_props   [{name,muc_config_title_desc},parallel]
=started       2025-03-24 17:12:13
=ended         2025-03-24 17:12:13
=result        ok
=elapsed       3.0e-6
=case          ejabberd_SUITE:muc_config_title_desc_master
=logfile       ejabberd_suite.muc_config_title_desc_master.8388.html
=started       2025-03-24 17:12:13
=ended         2025-03-24 17:12:13
=result        ok
=elapsed       0.117058
=case          ejabberd_SUITE:muc_config_title_desc_slave
=logfile       ejabberd_suite.muc_config_title_desc_slave.8420.html
=started       2025-03-24 17:12:13
=ended         2025-03-24 17:12:13
=result        ok
=elapsed       0.11204
=case          ejabberd_SUITE:end_per_group
=logfile       ejabberd_suite.end_per_group.8548.html
=group_props   [{name,muc_config_title_desc},parallel]
=started       2025-03-24 17:12:13
=ended         2025-03-24 17:12:13
=result        ok
=elapsed       2.0e-6
=group_time    0.173s
=case          ejabberd_SUITE:init_per_group
=logfile       ejabberd_suite.init_per_group.8643.html
=group_props   [{name,muc_config_public_list},parallel]
=started       2025-03-24 17:12:13
=ended         2025-03-24 17:12:13
=result        ok
=elapsed       3.0e-6
=case          ejabberd_SUITE:muc_config_public_list_master
=logfile       ejabberd_suite.muc_config_public_list_master.8675.html
=started       2025-03-24 17:12:13
=ended         2025-03-24 17:12:14
=result        ok
=elapsed       0.121647
=case          ejabberd_SUITE:muc_config_public_list_slave
=logfile       ejabberd_suite.muc_config_public_list_slave.8707.html
=started       2025-03-24 17:12:13
=ended         2025-03-24 17:12:14
=result        ok
=elapsed       0.118778
=case          ejabberd_SUITE:end_per_group
=logfile       ejabberd_suite.end_per_group.8835.html
=group_props   [{name,muc_config_public_list},parallel]
=started       2025-03-24 17:12:14
=ended         2025-03-24 17:12:14
=result        ok
=elapsed       3.0e-6
=group_time    0.178s
=case          ejabberd_SUITE:init_per_group
=logfile       ejabberd_suite.init_per_group.8867.html
=group_props   [{name,muc_config_password},parallel]
=started       2025-03-24 17:12:14
=ended         2025-03-24 17:12:14
=result        ok
=elapsed       4.0e-6
=case          ejabberd_SUITE:muc_config_password_master
=logfile       ejabberd_suite.muc_config_password_master.8899.html
=started       2025-03-24 17:12:14
=ended         2025-03-24 17:12:14
=result        ok
=elapsed       0.120682
=case          ejabberd_SUITE:muc_config_password_slave
=logfile       ejabberd_suite.muc_config_password_slave.8931.html
=started       2025-03-24 17:12:14
=ended         2025-03-24 17:12:14
=result        ok
=elapsed       0.117542
=case          ejabberd_SUITE:end_per_group
=logfile       ejabberd_suite.end_per_group.9027.html
=group_props   [{name,muc_config_password},parallel]
=started       2025-03-24 17:12:14
=ended         2025-03-24 17:12:14
=result        ok
=elapsed       2.0e-6
=group_time    0.177s
=case          ejabberd_SUITE:init_per_group
=logfile       ejabberd_suite.init_per_group.13282.html
=group_props   [{name,muc_config_whois},parallel]
=started       2025-03-24 17:12:14
=ended         2025-03-24 17:12:14
=result        ok
=elapsed       3.0e-6
=case          ejabberd_SUITE:muc_config_whois_master
=logfile       ejabberd_suite.muc_config_whois_master.13314.html
=started       2025-03-24 17:12:14
=ended         2025-03-24 17:12:14
=result        ok
=elapsed       0.123108
=case          ejabberd_SUITE:muc_config_whois_slave
=logfile       ejabberd_suite.muc_config_whois_slave.13346.html
=started       2025-03-24 17:12:14
=ended         2025-03-24 17:12:14
=result        ok
=elapsed       0.119648
=case          ejabberd_SUITE:end_per_group
=logfile       ejabberd_suite.end_per_group.13506.html
=group_props   [{name,muc_config_whois},parallel]
=started       2025-03-24 17:12:14
=ended         2025-03-24 17:12:14
=result        ok
=elapsed       3.0e-6
=group_time    0.181s
=case          ejabberd_SUITE:init_per_group
=logfile       ejabberd_suite.init_per_group.13538.html
=group_props   [{name,muc_config_members_only},parallel]
=started       2025-03-24 17:12:14
=ended         2025-03-24 17:12:14
=result        ok
=elapsed       3.0e-6
=case          ejabberd_SUITE:muc_config_members_only_master
=logfile       ejabberd_suite.muc_config_members_only_master.13570.html
=started       2025-03-24 17:12:14
=ended         2025-03-24 17:12:14
=result        ok
=elapsed       0.122538
=case          ejabberd_SUITE:muc_config_members_only_slave
=logfile       ejabberd_suite.muc_config_members_only_slave.13602.html
=started       2025-03-24 17:12:14
=ended         2025-03-24 17:12:14
=result        ok
=elapsed       0.11824
=case          ejabberd_SUITE:end_per_group
=logfile       ejabberd_suite.end_per_group.13666.html
=group_props   [{name,muc_config_members_only},parallel]
=started       2025-03-24 17:12:14
=ended         2025-03-24 17:12:14
=result        ok
=elapsed       2.0e-6
=group_time    0.178s
=case          ejabberd_SUITE:init_per_group
=logfile       ejabberd_suite.init_per_group.13698.html
=group_props   [{name,muc_config_moderated},parallel]
=started       2025-03-24 17:12:14
=ended         2025-03-24 17:12:14
=result        ok
=elapsed       3.0e-6
=case          ejabberd_SUITE:muc_config_moderated_master
=logfile       ejabberd_suite.muc_config_moderated_master.13730.html
=started       2025-03-24 17:12:14
=ended         2025-03-24 17:12:14
=result        ok
=elapsed       0.12161
=case          ejabberd_SUITE:muc_config_moderated_slave
=logfile       ejabberd_suite.muc_config_moderated_slave.13762.html
=started       2025-03-24 17:12:14
=ended         2025-03-24 17:12:14
=result        ok
=elapsed       0.116737
=case          ejabberd_SUITE:end_per_group
=logfile       ejabberd_suite.end_per_group.8644.html
=group_props   [{name,muc_config_moderated},parallel]
=started       2025-03-24 17:12:14
=ended         2025-03-24 17:12:14
=result        ok
=elapsed       2.0e-6
=group_time    0.179s
=case          ejabberd_SUITE:init_per_group
=logfile       ejabberd_suite.init_per_group.8676.html
=group_props   [{name,muc_config_private_messages},parallel]
=started       2025-03-24 17:12:14
=ended         2025-03-24 17:12:14
=result        ok
=elapsed       4.0e-6
=case          ejabberd_SUITE:muc_config_private_messages_master
=logfile       ejabberd_suite.muc_config_private_messages_master.8708.html
=started       2025-03-24 17:12:14
=ended         2025-03-24 17:12:15
=result        ok
=elapsed       0.130158
=case          ejabberd_SUITE:muc_config_private_messages_slave
=logfile       ejabberd_suite.muc_config_private_messages_slave.8740.html
=started       2025-03-24 17:12:14
=ended         2025-03-24 17:12:15
=result        ok
=elapsed       0.126847
=case          ejabberd_SUITE:end_per_group
=logfile       ejabberd_suite.end_per_group.8804.html
=group_props   [{name,muc_config_private_messages},parallel]
=started       2025-03-24 17:12:15
=ended         2025-03-24 17:12:15
=result        ok
=elapsed       2.0e-6
=group_time    0.186s
=case          ejabberd_SUITE:init_per_group
=logfile       ejabberd_suite.init_per_group.13858.html
=group_props   [{name,muc_config_query},parallel]
=started       2025-03-24 17:12:15
=ended         2025-03-24 17:12:15
=result        ok
=elapsed       6.0e-6
=case          ejabberd_SUITE:muc_config_query_master
=logfile       ejabberd_suite.muc_config_query_master.13890.html
=started       2025-03-24 17:12:15
=ended         2025-03-24 17:12:15
=result        ok
=elapsed       0.162887
=case          ejabberd_SUITE:muc_config_query_slave
=logfile       ejabberd_suite.muc_config_query_slave.13922.html
=started       2025-03-24 17:12:15
=ended         2025-03-24 17:12:15
=result        ok
=elapsed       0.158617
=case          ejabberd_SUITE:end_per_group
=logfile       ejabberd_suite.end_per_group.14050.html
=group_props   [{name,muc_config_query},parallel]
=started       2025-03-24 17:12:15
=ended         2025-03-24 17:12:15
=result        ok
=elapsed       2.0e-6
=group_time    0.219s
=case          ejabberd_SUITE:init_per_group
=logfile       ejabberd_suite.init_per_group.14082.html
=group_props   [{name,muc_config_allow_invites},parallel]
=started       2025-03-24 17:12:15
=ended         2025-03-24 17:12:15
=result        ok
=elapsed       3.0e-6
=case          ejabberd_SUITE:muc_config_allow_invites_master
=logfile       ejabberd_suite.muc_config_allow_invites_master.14114.html
=started       2025-03-24 17:12:15
=ended         2025-03-24 17:12:15
=result        ok
=elapsed       0.120453
=case          ejabberd_SUITE:muc_config_allow_invites_slave
=logfile       ejabberd_suite.muc_config_allow_invites_slave.14146.html
=started       2025-03-24 17:12:15
=ended         2025-03-24 17:12:15
=result        ok
=elapsed       0.115848
=case          ejabberd_SUITE:end_per_group
=logfile       ejabberd_suite.end_per_group.14242.html
=group_props   [{name,muc_config_allow_invites},parallel]
=started       2025-03-24 17:12:15
=ended         2025-03-24 17:12:15
=result        ok
=elapsed       2.0e-6
=group_time    0.177s
=case          ejabberd_SUITE:init_per_group
=logfile       ejabberd_suite.init_per_group.14274.html
=group_props   [{name,muc_config_visitor_status},parallel]
=started       2025-03-24 17:12:15
=ended         2025-03-24 17:12:15
=result        ok
=elapsed       3.0e-6
=case          ejabberd_SUITE:muc_config_visitor_status_master
=logfile       ejabberd_suite.muc_config_visitor_status_master.14306.html
=started       2025-03-24 17:12:15
=ended         2025-03-24 17:12:15
=result        ok
=elapsed       0.1212
=case          ejabberd_SUITE:muc_config_visitor_status_slave
=logfile       ejabberd_suite.muc_config_visitor_status_slave.14338.html
=started       2025-03-24 17:12:15
=ended         2025-03-24 17:12:15
=result        ok
=elapsed       0.118543
=case          ejabberd_SUITE:end_per_group
=logfile       ejabberd_suite.end_per_group.14434.html
=group_props   [{name,muc_config_visitor_status},parallel]
=started       2025-03-24 17:12:15
=ended         2025-03-24 17:12:15
=result        ok
=elapsed       3.0e-6
=group_time    0.178s
=case          ejabberd_SUITE:init_per_group
=logfile       ejabberd_suite.init_per_group.5125.html
=group_props   [{name,muc_config_allow_voice_requests},parallel]
=started       2025-03-24 17:12:15
=ended         2025-03-24 17:12:15
=result        ok
=elapsed       4.0e-6
=case          ejabberd_SUITE:muc_config_allow_voice_requests_master
=logfile       ejabberd_suite.muc_config_allow_voice_requests_master.5157.html
=started       2025-03-24 17:12:15
=ended         2025-03-24 17:12:15
=result        ok
=elapsed       0.119178
=case          ejabberd_SUITE:muc_config_allow_voice_requests_slave
=logfile       ejabberd_suite.muc_config_allow_voice_requests_slave.5189.html
=started       2025-03-24 17:12:15
=ended         2025-03-24 17:12:15
=result        ok
=elapsed       0.115084
=case          ejabberd_SUITE:end_per_group
=logfile       ejabberd_suite.end_per_group.8964.html
=group_props   [{name,muc_config_allow_voice_requests},parallel]
=started       2025-03-24 17:12:15
=ended         2025-03-24 17:12:15
=result        ok
=elapsed       2.0e-6
=group_time    0.176s
=case          ejabberd_SUITE:init_per_group
=logfile       ejabberd_suite.init_per_group.8996.html
=group_props   [{name,muc_config_voice_request_interval},parallel]
=started       2025-03-24 17:12:15
=ended         2025-03-24 17:12:15
=result        ok
=elapsed       3.0e-6
=case          ejabberd_SUITE:muc_config_voice_request_interval_master
=logfile       ejabberd_suite.muc_config_voice_request_interval_master.9028.html
=started       2025-03-24 17:12:15
=ended         2025-03-24 17:12:21
=result        ok
=elapsed       5.205728
=case          ejabberd_SUITE:muc_config_voice_request_interval_slave
=logfile       ejabberd_suite.muc_config_voice_request_interval_slave.9060.html
=started       2025-03-24 17:12:15
=ended         2025-03-24 17:12:21
=result        ok
=elapsed       5.20329
=case          ejabberd_SUITE:end_per_group
=logfile       ejabberd_suite.end_per_group.5381.html
=group_props   [{name,muc_config_voice_request_interval},parallel]
=started       2025-03-24 17:12:21
=ended         2025-03-24 17:12:21
=result        ok
=elapsed       2.0e-6
=group_time    5.262s
=case          ejabberd_SUITE:init_per_group
=logfile       ejabberd_suite.init_per_group.5413.html
=group_props   [{name,muc_config_visitor_nickchange},parallel]
=started       2025-03-24 17:12:21
=ended         2025-03-24 17:12:21
=result        ok
=elapsed       3.0e-6
=case          ejabberd_SUITE:muc_config_visitor_nickchange_master
=logfile       ejabberd_suite.muc_config_visitor_nickchange_master.5445.html
=started       2025-03-24 17:12:21
=ended         2025-03-24 17:12:21
=result        ok
=elapsed       0.118028
=case          ejabberd_SUITE:muc_config_visitor_nickchange_slave
=logfile       ejabberd_suite.muc_config_visitor_nickchange_slave.5477.html
=started       2025-03-24 17:12:21
=ended         2025-03-24 17:12:21
=result        ok
=elapsed       0.115685
=case          ejabberd_SUITE:end_per_group
=logfile       ejabberd_suite.end_per_group.5573.html
=group_props   [{name,muc_config_visitor_nickchange},parallel]
=started       2025-03-24 17:12:21
=ended         2025-03-24 17:12:21
=result        ok
=elapsed       2.0e-6
=group_time    0.174s
=case          ejabberd_SUITE:init_per_group
=logfile       ejabberd_suite.init_per_group.5605.html
=group_props   [{name,muc_join_conflict},parallel]
=started       2025-03-24 17:12:21
=ended         2025-03-24 17:12:21
=result        ok
=elapsed       3.0e-6
=case          ejabberd_SUITE:muc_join_conflict_master
=logfile       ejabberd_suite.muc_join_conflict_master.5637.html
=started       2025-03-24 17:12:21
=ended         2025-03-24 17:12:21
=result        ok
=elapsed       0.109376
=case          ejabberd_SUITE:muc_join_conflict_slave
=logfile       ejabberd_suite.muc_join_conflict_slave.5669.html
=started       2025-03-24 17:12:21
=ended         2025-03-24 17:12:21
=result        ok
=elapsed       0.107259
=case          ejabberd_SUITE:end_per_group
=logfile       ejabberd_suite.end_per_group.5765.html
=group_props   [{name,muc_join_conflict},parallel]
=started       2025-03-24 17:12:21
=ended         2025-03-24 17:12:21
=result        ok
=elapsed       1.0e-6
=group_time    0.166s
=case          ejabberd_SUITE:end_per_group
=logfile       ejabberd_suite.end_per_group.9252.html
=group_props   [{name,muc_master_slave},sequence]
=started       2025-03-24 17:12:21
=ended         2025-03-24 17:12:21
=result        ok
=elapsed       2.0e-6
=group_time    11.144s
=case          ejabberd_SUITE:init_per_group
=logfile       ejabberd_suite.init_per_group.9284.html
=group_props   [{name,privacy_master_slave},sequence]
=started       2025-03-24 17:12:21
=ended         2025-03-24 17:12:21
=result        ok
=elapsed       5.0e-6
=case          ejabberd_SUITE:init_per_group
=logfile       ejabberd_suite.init_per_group.9316.html
=group_props   [{name,privacy_deny_bare_jid},parallel]
=started       2025-03-24 17:12:21
=ended         2025-03-24 17:12:21
=result        ok
=elapsed       2.0e-6
=case          ejabberd_SUITE:privacy_deny_bare_jid_master
=logfile       ejabberd_suite.privacy_deny_bare_jid_master.9348.html
=started       2025-03-24 17:12:21
=ended         2025-03-24 17:12:22
=result        ok
=elapsed       1.135425
=case          ejabberd_SUITE:privacy_deny_bare_jid_slave
=logfile       ejabberd_suite.privacy_deny_bare_jid_slave.9380.html
=started       2025-03-24 17:12:21
=ended         2025-03-24 17:12:22
=result        ok
=elapsed       1.136876
=case          ejabberd_SUITE:end_per_group
=logfile       ejabberd_suite.end_per_group.9444.html
=group_props   [{name,privacy_deny_bare_jid},parallel]
=started       2025-03-24 17:12:22
=ended         2025-03-24 17:12:22
=result        ok
=elapsed       2.0e-6
=group_time    1.193s
=case          ejabberd_SUITE:init_per_group
=logfile       ejabberd_suite.init_per_group.9476.html
=group_props   [{name,privacy_deny_full_jid},parallel]
=started       2025-03-24 17:12:22
=ended         2025-03-24 17:12:22
=result        ok
=elapsed       3.0e-6
=case          ejabberd_SUITE:privacy_deny_full_jid_master
=logfile       ejabberd_suite.privacy_deny_full_jid_master.9508.html
=started       2025-03-24 17:12:22
=ended         2025-03-24 17:12:24
=result        ok
=elapsed       1.142383
=case          ejabberd_SUITE:privacy_deny_full_jid_slave
=logfile       ejabberd_suite.privacy_deny_full_jid_slave.9540.html
=started       2025-03-24 17:12:22
=ended         2025-03-24 17:12:24
=result        ok
=elapsed       1.141534
=case          ejabberd_SUITE:end_per_group
=logfile       ejabberd_suite.end_per_group.9668.html
=group_props   [{name,privacy_deny_full_jid},parallel]
=started       2025-03-24 17:12:24
=ended         2025-03-24 17:12:24
=result        ok
=elapsed       2.0e-6
=group_time    1.199s
=case          ejabberd_SUITE:init_per_group
=logfile       ejabberd_suite.init_per_group.9700.html
=group_props   [{name,privacy_deny_server_bare_jid},parallel]
=started       2025-03-24 17:12:24
=ended         2025-03-24 17:12:24
=result        ok
=elapsed       3.0e-6
=case          ejabberd_SUITE:privacy_deny_server_bare_jid_master
=logfile       ejabberd_suite.privacy_deny_server_bare_jid_master.9732.html
=started       2025-03-24 17:12:24
=ended         2025-03-24 17:12:25
=result        ok
=elapsed       1.13762
=case          ejabberd_SUITE:privacy_deny_server_bare_jid_slave
=logfile       ejabberd_suite.privacy_deny_server_bare_jid_slave.9764.html
=started       2025-03-24 17:12:24
=ended         2025-03-24 17:12:25
=result        ok
=elapsed       1.138651
=case          ejabberd_SUITE:end_per_group
=logfile       ejabberd_suite.end_per_group.9411.html
=group_props   [{name,privacy_deny_server_bare_jid},parallel]
=started       2025-03-24 17:12:25
=ended         2025-03-24 17:12:25
=result        ok
=elapsed       2.0e-6
=group_time    1.194s
=case          ejabberd_SUITE:init_per_group
=logfile       ejabberd_suite.init_per_group.9443.html
=group_props   [{name,privacy_deny_server_full_jid},parallel]
=started       2025-03-24 17:12:25
=ended         2025-03-24 17:12:25
=result        ok
=elapsed       3.0e-6
=case          ejabberd_SUITE:privacy_deny_server_full_jid_master
=logfile       ejabberd_suite.privacy_deny_server_full_jid_master.9475.html
=started       2025-03-24 17:12:25
=ended         2025-03-24 17:12:26
=result        ok
=elapsed       1.139568
=case          ejabberd_SUITE:privacy_deny_server_full_jid_slave
=logfile       ejabberd_suite.privacy_deny_server_full_jid_slave.9507.html
=started       2025-03-24 17:12:25
=ended         2025-03-24 17:12:26
=result        ok
=elapsed       1.140091
=case          ejabberd_SUITE:end_per_group
=logfile       ejabberd_suite.end_per_group.9539.html
=group_props   [{name,privacy_deny_server_full_jid},parallel]
=started       2025-03-24 17:12:26
=ended         2025-03-24 17:12:26
=result        ok
=elapsed       2.0e-6
=group_time    1.196s
=case          ejabberd_SUITE:init_per_group
=logfile       ejabberd_suite.init_per_group.9571.html
=group_props   [{name,privacy_deny_group},parallel]
=started       2025-03-24 17:12:26
=ended         2025-03-24 17:12:26
=result        ok
=elapsed       3.0e-6
=case          ejabberd_SUITE:privacy_deny_group_master
=logfile       ejabberd_suite.privacy_deny_group_master.9603.html
=started       2025-03-24 17:12:26
=ended         2025-03-24 17:12:27
=result        ok
=elapsed       1.146934
=case          ejabberd_SUITE:privacy_deny_group_slave
=logfile       ejabberd_suite.privacy_deny_group_slave.9635.html
=started       2025-03-24 17:12:26
=ended         2025-03-24 17:12:27
=result        ok
=elapsed       1.150296
=case          ejabberd_SUITE:end_per_group
=logfile       ejabberd_suite.end_per_group.9699.html
=group_props   [{name,privacy_deny_group},parallel]
=started       2025-03-24 17:12:27
=ended         2025-03-24 17:12:27
=result        ok
=elapsed       2.0e-6
=group_time    1.207s
=case          ejabberd_SUITE:init_per_group
=logfile       ejabberd_suite.init_per_group.14658.html
=group_props   [{name,privacy_deny_sub_both},parallel]
=started       2025-03-24 17:12:27
=ended         2025-03-24 17:12:27
=result        ok
=elapsed       4.0e-6
=case          ejabberd_SUITE:privacy_deny_sub_both_master
=logfile       ejabberd_suite.privacy_deny_sub_both_master.14690.html
=started       2025-03-24 17:12:27
=ended         2025-03-24 17:12:28
=result        ok
=elapsed       1.146857
=case          ejabberd_SUITE:privacy_deny_sub_both_slave
=logfile       ejabberd_suite.privacy_deny_sub_both_slave.14722.html
=started       2025-03-24 17:12:27
=ended         2025-03-24 17:12:28
=result        ok
=elapsed       1.147844
=case          ejabberd_SUITE:end_per_group
=logfile       ejabberd_suite.end_per_group.14850.html
=group_props   [{name,privacy_deny_sub_both},parallel]
=started       2025-03-24 17:12:28
=ended         2025-03-24 17:12:28
=result        ok
=elapsed       2.0e-6
=group_time    1.204s
=case          ejabberd_SUITE:init_per_group
=logfile       ejabberd_suite.init_per_group.6245.html
=group_props   [{name,privacy_deny_sub_from},parallel]
=started       2025-03-24 17:12:28
=ended         2025-03-24 17:12:29
=result        ok
=elapsed       3.0e-6
=case          ejabberd_SUITE:privacy_deny_sub_from_master
=logfile       ejabberd_suite.privacy_deny_sub_from_master.6277.html
=started       2025-03-24 17:12:29
=ended         2025-03-24 17:12:30
=result        ok
=elapsed       1.147648
=case          ejabberd_SUITE:privacy_deny_sub_from_slave
=logfile       ejabberd_suite.privacy_deny_sub_from_slave.6309.html
=started       2025-03-24 17:12:29
=ended         2025-03-24 17:12:30
=result        ok
=elapsed       1.146889
=case          ejabberd_SUITE:end_per_group
=logfile       ejabberd_suite.end_per_group.6341.html
=group_props   [{name,privacy_deny_sub_from},parallel]
=started       2025-03-24 17:12:30
=ended         2025-03-24 17:12:30
=result        ok
=elapsed       3.0e-6
=group_time    1.204s
=case          ejabberd_SUITE:init_per_group
=logfile       ejabberd_suite.init_per_group.6373.html
=group_props   [{name,privacy_deny_sub_to},parallel]
=started       2025-03-24 17:12:30
=ended         2025-03-24 17:12:30
=result        ok
=elapsed       4.0e-6
=case          ejabberd_SUITE:privacy_deny_sub_to_master
=logfile       ejabberd_suite.privacy_deny_sub_to_master.6405.html
=started       2025-03-24 17:12:30
=ended         2025-03-24 17:12:31
=result        ok
=elapsed       1.145451
=case          ejabberd_SUITE:privacy_deny_sub_to_slave
=logfile       ejabberd_suite.privacy_deny_sub_to_slave.6437.html
=started       2025-03-24 17:12:30
=ended         2025-03-24 17:12:31
=result        ok
=elapsed       1.145302
=case          ejabberd_SUITE:end_per_group
=logfile       ejabberd_suite.end_per_group.6501.html
=group_props   [{name,privacy_deny_sub_to},parallel]
=started       2025-03-24 17:12:31
=ended         2025-03-24 17:12:31
=result        ok
=elapsed       2.0e-6
=group_time    1.202s
=case          ejabberd_SUITE:init_per_group
=logfile       ejabberd_suite.init_per_group.6533.html
=group_props   [{name,privacy_deny_sub_none},parallel]
=started       2025-03-24 17:12:31
=ended         2025-03-24 17:12:31
=result        ok
=elapsed       3.0e-6
=case          ejabberd_SUITE:privacy_deny_sub_none_master
=logfile       ejabberd_suite.privacy_deny_sub_none_master.6565.html
=started       2025-03-24 17:12:31
=ended         2025-03-24 17:12:32
=result        ok
=elapsed       1.142327
=case          ejabberd_SUITE:privacy_deny_sub_none_slave
=logfile       ejabberd_suite.privacy_deny_sub_none_slave.6597.html
=started       2025-03-24 17:12:31
=ended         2025-03-24 17:12:32
=result        ok
=elapsed       1.142493
=case          ejabberd_SUITE:end_per_group
=logfile       ejabberd_suite.end_per_group.6629.html
=group_props   [{name,privacy_deny_sub_none},parallel]
=started       2025-03-24 17:12:32
=ended         2025-03-24 17:12:32
=result        ok
=elapsed       2.0e-6
=group_time    1.199s
=case          ejabberd_SUITE:init_per_group
=logfile       ejabberd_suite.init_per_group.6661.html
=group_props   [{name,privacy_deny_all},parallel]
=started       2025-03-24 17:12:32
=ended         2025-03-24 17:12:32
=result        ok
=elapsed       3.0e-6
=case          ejabberd_SUITE:privacy_deny_all_master
=logfile       ejabberd_suite.privacy_deny_all_master.6693.html
=started       2025-03-24 17:12:32
=ended         2025-03-24 17:12:33
=result        ok
=elapsed       1.138447
=case          ejabberd_SUITE:privacy_deny_all_slave
=logfile       ejabberd_suite.privacy_deny_all_slave.10340.html
=started       2025-03-24 17:12:32
=ended         2025-03-24 17:12:33
=result        ok
=elapsed       1.137803
=case          ejabberd_SUITE:end_per_group
=logfile       ejabberd_suite.end_per_group.10404.html
=group_props   [{name,privacy_deny_all},parallel]
=started       2025-03-24 17:12:33
=ended         2025-03-24 17:12:33
=result        ok
=elapsed       2.0e-6
=group_time    1.195s
=case          ejabberd_SUITE:init_per_group
=logfile       ejabberd_suite.init_per_group.10436.html
=group_props   [{name,privacy_deny_offline},parallel]
=started       2025-03-24 17:12:33
=ended         2025-03-24 17:12:33
=result        ok
=elapsed       3.0e-6
=case          ejabberd_SUITE:privacy_deny_offline_master
=logfile       ejabberd_suite.privacy_deny_offline_master.10468.html
=started       2025-03-24 17:12:33
=ended         2025-03-24 17:12:34
=result        ok
=elapsed       0.234753
=case          ejabberd_SUITE:privacy_deny_offline_slave
=logfile       ejabberd_suite.privacy_deny_offline_slave.10500.html
=started       2025-03-24 17:12:33
=ended         2025-03-24 17:12:34
=result        ok
=elapsed       0.334413
=case          ejabberd_SUITE:end_per_group
=logfile       ejabberd_suite.end_per_group.10596.html
=group_props   [{name,privacy_deny_offline},parallel]
=started       2025-03-24 17:12:34
=ended         2025-03-24 17:12:34
=result        ok
=elapsed       3.0e-6
=group_time    0.391s
=case          ejabberd_SUITE:init_per_group
=logfile       ejabberd_suite.init_per_group.10628.html
=group_props   [{name,privacy_block},parallel]
=started       2025-03-24 17:12:34
=ended         2025-03-24 17:12:34
=result        ok
=elapsed       4.0e-6
=case          ejabberd_SUITE:privacy_block_master
=logfile       ejabberd_suite.privacy_block_master.10660.html
=started       2025-03-24 17:12:34
=ended         2025-03-24 17:12:34
=result        ok
=elapsed       0.422441
=case          ejabberd_SUITE:privacy_block_slave
=logfile       ejabberd_suite.privacy_block_slave.9955.html
=started       2025-03-24 17:12:34
=ended         2025-03-24 17:12:34
=result        ok
=elapsed       0.421456
=case          ejabberd_SUITE:end_per_group
=logfile       ejabberd_suite.end_per_group.10115.html
=group_props   [{name,privacy_block},parallel]
=started       2025-03-24 17:12:34
=ended         2025-03-24 17:12:34
=result        ok
=elapsed       2.0e-6
=group_time    0.480s
=case          ejabberd_SUITE:init_per_group
=logfile       ejabberd_suite.init_per_group.10147.html
=group_props   [{name,privacy_unblock},parallel]
=started       2025-03-24 17:12:34
=ended         2025-03-24 17:12:34
=result        ok
=elapsed       3.0e-6
=case          ejabberd_SUITE:privacy_unblock_master
=logfile       ejabberd_suite.privacy_unblock_master.10179.html
=started       2025-03-24 17:12:34
=ended         2025-03-24 17:12:35
=result        ok
=elapsed       0.19451
=case          ejabberd_SUITE:privacy_unblock_slave
=logfile       ejabberd_suite.privacy_unblock_slave.10211.html
=started       2025-03-24 17:12:34
=ended         2025-03-24 17:12:35
=result        ok
=elapsed       0.191583
=case          ejabberd_SUITE:end_per_group
=logfile       ejabberd_suite.end_per_group.10275.html
=group_props   [{name,privacy_unblock},parallel]
=started       2025-03-24 17:12:35
=ended         2025-03-24 17:12:35
=result        ok
=elapsed       2.0e-6
=group_time    0.251s
=case          ejabberd_SUITE:init_per_group
=logfile       ejabberd_suite.init_per_group.10307.html
=group_props   [{name,privacy_unblock_all},parallel]
=started       2025-03-24 17:12:35
=ended         2025-03-24 17:12:35
=result        ok
=elapsed       3.0e-6
=case          ejabberd_SUITE:privacy_unblock_all_master
=logfile       ejabberd_suite.privacy_unblock_all_master.10339.html
=started       2025-03-24 17:12:35
=ended         2025-03-24 17:12:35
=result        ok
=elapsed       0.194434
=case          ejabberd_SUITE:privacy_unblock_all_slave
=logfile       ejabberd_suite.privacy_unblock_all_slave.10371.html
=started       2025-03-24 17:12:35
=ended         2025-03-24 17:12:35
=result        ok
=elapsed       0.19194
=case          ejabberd_SUITE:end_per_group
=logfile       ejabberd_suite.end_per_group.10435.html
=group_props   [{name,privacy_unblock_all},parallel]
=started       2025-03-24 17:12:35
=ended         2025-03-24 17:12:35
=result        ok
=elapsed       2.0e-6
=group_time    0.250s
=case          ejabberd_SUITE:end_per_group
=logfile       ejabberd_suite.end_per_group.10467.html
=group_props   [{name,privacy_master_slave},sequence]
=started       2025-03-24 17:12:35
=ended         2025-03-24 17:12:35
=result        ok
=elapsed       1.0e-6
=group_time    13.741s
=case          ejabberd_SUITE:init_per_group
=logfile       ejabberd_suite.init_per_group.10499.html
=group_props   [{name,pubsub_master_slave},sequence]
=started       2025-03-24 17:12:35
=ended         2025-03-24 17:12:35
=result        ok
=elapsed       6.0e-6
=case          ejabberd_SUITE:init_per_group
=logfile       ejabberd_suite.init_per_group.10531.html
=group_props   [{name,pubsub_publish},parallel]
=started       2025-03-24 17:12:35
=ended         2025-03-24 17:12:35
=result        ok
=elapsed       2.0e-6
=case          ejabberd_SUITE:pubsub_publish_master
=logfile       ejabberd_suite.pubsub_publish_master.10563.html
=started       2025-03-24 17:12:35
=ended         2025-03-24 17:12:35
=result        ok
=elapsed       0.107575
=case          ejabberd_SUITE:pubsub_publish_slave
=logfile       ejabberd_suite.pubsub_publish_slave.15330.html
=started       2025-03-24 17:12:35
=ended         2025-03-24 17:12:35
=result        ok
=elapsed       0.104995
=case          ejabberd_SUITE:end_per_group
=logfile       ejabberd_suite.end_per_group.15426.html
=group_props   [{name,pubsub_publish},parallel]
=started       2025-03-24 17:12:35
=ended         2025-03-24 17:12:35
=result        ok
=elapsed       1.0e-6
=group_time    0.164s
=case          ejabberd_SUITE:init_per_group
=logfile       ejabberd_suite.init_per_group.10627.html
=group_props   [{name,pubsub_subscriptions},parallel]
=started       2025-03-24 17:12:35
=ended         2025-03-24 17:12:35
=result        ok
=elapsed       3.0e-6
=case          ejabberd_SUITE:pubsub_subscriptions_master
=logfile       ejabberd_suite.pubsub_subscriptions_master.10659.html
=started       2025-03-24 17:12:35
=ended         2025-03-24 17:12:35
=result        ok
=elapsed       0.117757
=case          ejabberd_SUITE:pubsub_subscriptions_slave
=logfile       ejabberd_suite.pubsub_subscriptions_slave.10691.html
=started       2025-03-24 17:12:35
=ended         2025-03-24 17:12:35
=result        ok
=elapsed       0.112207
=case          ejabberd_SUITE:end_per_group
=logfile       ejabberd_suite.end_per_group.10787.html
=group_props   [{name,pubsub_subscriptions},parallel]
=started       2025-03-24 17:12:35
=ended         2025-03-24 17:12:35
=result        ok
=elapsed       1.0e-6
=group_time    0.174s
=case          ejabberd_SUITE:init_per_group
=logfile       ejabberd_suite.init_per_group.10819.html
=group_props   [{name,pubsub_affiliations},parallel]
=started       2025-03-24 17:12:35
=ended         2025-03-24 17:12:35
=result        ok
=elapsed       2.0e-6
=case          ejabberd_SUITE:pubsub_affiliations_master
=logfile       ejabberd_suite.pubsub_affiliations_master.10851.html
=started       2025-03-24 17:12:35
=ended         2025-03-24 17:12:37
=result        ok
=elapsed       1.719499
=case          ejabberd_SUITE:pubsub_affiliations_slave
=logfile       ejabberd_suite.pubsub_affiliations_slave.10883.html
=started       2025-03-24 17:12:35
=ended         2025-03-24 17:12:37
=result        ok
=elapsed       1.735961
=case          ejabberd_SUITE:end_per_group
=logfile       ejabberd_suite.end_per_group.10979.html
=group_props   [{name,pubsub_affiliations},parallel]
=started       2025-03-24 17:12:37
=ended         2025-03-24 17:12:37
=result        ok
=elapsed       2.0e-6
=group_time    1.791s
=case          ejabberd_SUITE:init_per_group
=logfile       ejabberd_suite.init_per_group.11011.html
=group_props   [{name,pubsub_authorize},parallel]
=started       2025-03-24 17:12:37
=ended         2025-03-24 17:12:37
=result        ok
=elapsed       4.0e-6
=case          ejabberd_SUITE:pubsub_authorize_master
=logfile       ejabberd_suite.pubsub_authorize_master.11043.html
=started       2025-03-24 17:12:37
=ended         2025-03-24 17:12:37
=result        ok
=elapsed       0.203216
=case          ejabberd_SUITE:pubsub_authorize_slave
=logfile       ejabberd_suite.pubsub_authorize_slave.11075.html
=started       2025-03-24 17:12:37
=ended         2025-03-24 17:12:37
=result        ok
=elapsed       0.162619
=case          ejabberd_SUITE:end_per_group
=logfile       ejabberd_suite.end_per_group.11171.html
=group_props   [{name,pubsub_authorize},parallel]
=started       2025-03-24 17:12:37
=ended         2025-03-24 17:12:37
=result        ok
=elapsed       2.0e-6
=group_time    0.259s
=case          ejabberd_SUITE:end_per_group
=logfile       ejabberd_suite.end_per_group.11203.html
=group_props   [{name,pubsub_master_slave},sequence]
=started       2025-03-24 17:12:37
=ended         2025-03-24 17:12:37
=result        ok
=elapsed       2.0e-6
=group_time    2.512s
=case          ejabberd_SUITE:init_per_group
=logfile       ejabberd_suite.init_per_group.11235.html
=group_props   [{name,roster_master_slave},sequence]
=started       2025-03-24 17:12:37
=ended         2025-03-24 17:12:37
=result        ok
=elapsed       6.0e-6
=case          ejabberd_SUITE:init_per_group
=logfile       ejabberd_suite.init_per_group.11267.html
=group_props   [{name,roster_subscribe},parallel]
=started       2025-03-24 17:12:37
=ended         2025-03-24 17:12:37
=result        ok
=elapsed       3.0e-6
=case          ejabberd_SUITE:roster_subscribe_master
=logfile       ejabberd_suite.roster_subscribe_master.11299.html
=started       2025-03-24 17:12:37
=ended         2025-03-24 17:12:50
=result        ok
=elapsed       12.415827
=case          ejabberd_SUITE:roster_subscribe_slave
=logfile       ejabberd_suite.roster_subscribe_slave.11331.html
=started       2025-03-24 17:12:37
=ended         2025-03-24 17:12:50
=result        ok
=elapsed       12.415362
=case          ejabberd_SUITE:end_per_group
=logfile       ejabberd_suite.end_per_group.12643.html
=group_props   [{name,roster_subscribe},parallel]
=started       2025-03-24 17:12:50
=ended         2025-03-24 17:12:50
=result        ok
=elapsed       2.0e-6
=group_time    12.472s
=case          ejabberd_SUITE:end_per_group
=logfile       ejabberd_suite.end_per_group.12675.html
=group_props   [{name,roster_master_slave},sequence]
=started       2025-03-24 17:12:50
=ended         2025-03-24 17:12:50
=result        ok
=elapsed       2.0e-6
=group_time    12.521s
=case          ejabberd_SUITE:init_per_group
=logfile       ejabberd_suite.init_per_group.12707.html
=group_props   [{name,offline_master_slave},sequence]
=started       2025-03-24 17:12:50
=ended         2025-03-24 17:12:50
=result        ok
=elapsed       6.0e-6
=case          ejabberd_SUITE:init_per_group
=logfile       ejabberd_suite.init_per_group.12739.html
=group_props   [{name,offline_flex},parallel]
=started       2025-03-24 17:12:50
=ended         2025-03-24 17:12:50
=result        ok
=elapsed       2.0e-6
=case          ejabberd_SUITE:offline_flex_master
=logfile       ejabberd_suite.offline_flex_master.12771.html
=started       2025-03-24 17:12:50
=ended         2025-03-24 17:12:50
=result        ok
=elapsed       0.204397
=case          ejabberd_SUITE:offline_flex_slave
=logfile       ejabberd_suite.offline_flex_slave.12803.html
=started       2025-03-24 17:12:50
=ended         2025-03-24 17:12:50
=result        ok
=elapsed       0.321319
=case          ejabberd_SUITE:end_per_group
=logfile       ejabberd_suite.end_per_group.12899.html
=group_props   [{name,offline_flex},parallel]
=started       2025-03-24 17:12:50
=ended         2025-03-24 17:12:50
=result        ok
=elapsed       2.0e-6
=group_time    0.378s
=case          ejabberd_SUITE:init_per_group
=logfile       ejabberd_suite.init_per_group.12931.html
=group_props   [{name,offline_send_all},parallel]
=started       2025-03-24 17:12:50
=ended         2025-03-24 17:12:50
=result        ok
=elapsed       3.0e-6
=case          ejabberd_SUITE:offline_send_all_master
=logfile       ejabberd_suite.offline_send_all_master.12963.html
=started       2025-03-24 17:12:50
=ended         2025-03-24 17:13:04
=result        ok
=elapsed       13.930714
=case          ejabberd_SUITE:offline_send_all_slave
=logfile       ejabberd_suite.offline_send_all_slave.12995.html
=started       2025-03-24 17:12:50
=ended         2025-03-24 17:13:05
=result        ok
=elapsed       14.090029
=case          ejabberd_SUITE:end_per_group
=logfile       ejabberd_suite.end_per_group.7909.html
=group_props   [{name,offline_send_all},parallel]
=started       2025-03-24 17:13:05
=ended         2025-03-24 17:13:05
=result        ok
=elapsed       2.0e-6
=group_time    14.146s
=case          ejabberd_SUITE:init_per_group
=logfile       ejabberd_suite.init_per_group.7941.html
=group_props   [{name,offline_from_mam},parallel]
=started       2025-03-24 17:13:05
=ended         2025-03-24 17:13:05
=result        ok
=elapsed       4.0e-6
=case          ejabberd_SUITE:offline_from_mam_master
=logfile       ejabberd_suite.offline_from_mam_master.7973.html
=started       2025-03-24 17:13:05
=ended         2025-03-24 17:13:18
=result        ok
=elapsed       13.866906
=case          ejabberd_SUITE:offline_from_mam_slave
=logfile       ejabberd_suite.offline_from_mam_slave.8005.html
=started       2025-03-24 17:13:05
=ended         2025-03-24 17:13:19
=result        ok
=elapsed       14.082412
=case          ejabberd_SUITE:end_per_group
=logfile       ejabberd_suite.end_per_group.8037.html
=group_props   [{name,offline_from_mam},parallel]
=started       2025-03-24 17:13:19
=ended         2025-03-24 17:13:19
=result        ok
=elapsed       2.0e-6
=group_time    14.139s
=case          ejabberd_SUITE:init_per_group
=logfile       ejabberd_suite.init_per_group.11780.html
=group_props   [{name,offline_mucsub_mam},parallel]
=started       2025-03-24 17:13:19
=ended         2025-03-24 17:13:19
=result        ok
=elapsed       4.0e-6
=case          ejabberd_SUITE:offline_mucsub_mam_master
=logfile       ejabberd_suite.offline_mucsub_mam_master.11812.html
=started       2025-03-24 17:13:19
=ended         2025-03-24 17:13:19
=result        ok
=elapsed       0.230783
=case          ejabberd_SUITE:offline_mucsub_mam_slave
=logfile       ejabberd_suite.offline_mucsub_mam_slave.11844.html
=started       2025-03-24 17:13:19
=ended         2025-03-24 17:13:19
=result        ok
=elapsed       0.227632
=case          ejabberd_SUITE:end_per_group
=logfile       ejabberd_suite.end_per_group.11876.html
=group_props   [{name,offline_mucsub_mam},parallel]
=started       2025-03-24 17:13:19
=ended         2025-03-24 17:13:19
=result        ok
=elapsed       2.0e-6
=group_time    0.286s
=case          ejabberd_SUITE:end_per_group
=logfile       ejabberd_suite.end_per_group.11908.html
=group_props   [{name,offline_master_slave},sequence]
=started       2025-03-24 17:13:19
=ended         2025-03-24 17:13:19
=result        ok
=elapsed       2.0e-6
=group_time    29.076s
=case          ejabberd_SUITE:init_per_group
=logfile       ejabberd_suite.init_per_group.11940.html
=group_props   [{name,mam_master_slave},sequence]
=started       2025-03-24 17:13:19
=ended         2025-03-24 17:13:19
=result        ok
=elapsed       6.0e-6
=case          ejabberd_SUITE:init_per_group
=logfile       ejabberd_suite.init_per_group.11972.html
=group_props   [{name,mam_archived_and_stanza_id},parallel]
=started       2025-03-24 17:13:19
=ended         2025-03-24 17:13:19
=result        ok
=elapsed       2.0e-6
=case          ejabberd_SUITE:mam_archived_and_stanza_id_master
=logfile       ejabberd_suite.mam_archived_and_stanza_id_master.12004.html
=started       2025-03-24 17:13:19
=ended         2025-03-24 17:13:19
=result        ok
=elapsed       0.15004
=case          ejabberd_SUITE:mam_archived_and_stanza_id_slave
=logfile       ejabberd_suite.mam_archived_and_stanza_id_slave.12036.html
=started       2025-03-24 17:13:19
=ended         2025-03-24 17:13:19
=result        ok
=elapsed       0.151708
=case          ejabberd_SUITE:end_per_group
=logfile       ejabberd_suite.end_per_group.17474.html
=group_props   [{name,mam_archived_and_stanza_id},parallel]
=started       2025-03-24 17:13:19
=ended         2025-03-24 17:13:19
=result        ok
=elapsed       2.0e-6
=group_time    0.207s
=case          ejabberd_SUITE:init_per_group
=logfile       ejabberd_suite.init_per_group.17506.html
=group_props   [{name,mam_query_all},parallel]
=started       2025-03-24 17:13:19
=ended         2025-03-24 17:13:19
=result        ok
=elapsed       3.0e-6
=case          ejabberd_SUITE:mam_query_all_master
=logfile       ejabberd_suite.mam_query_all_master.17538.html
=started       2025-03-24 17:13:19
=ended         2025-03-24 17:13:20
=result        ok
=elapsed       0.191738
=case          ejabberd_SUITE:mam_query_all_slave
=logfile       ejabberd_suite.mam_query_all_slave.17570.html
=started       2025-03-24 17:13:19
=ended         2025-03-24 17:13:20
=result        ok
=elapsed       0.191931
=case          ejabberd_SUITE:end_per_group
=logfile       ejabberd_suite.end_per_group.17634.html
=group_props   [{name,mam_query_all},parallel]
=started       2025-03-24 17:13:20
=ended         2025-03-24 17:13:20
=result        ok
=elapsed       2.0e-6
=group_time    0.249s
=case          ejabberd_SUITE:init_per_group
=logfile       ejabberd_suite.init_per_group.17666.html
=group_props   [{name,mam_query_with},parallel]
=started       2025-03-24 17:13:20
=ended         2025-03-24 17:13:20
=result        ok
=elapsed       3.0e-6
=case          ejabberd_SUITE:mam_query_with_master
=logfile       ejabberd_suite.mam_query_with_master.17698.html
=started       2025-03-24 17:13:20
=ended         2025-03-24 17:13:20
=result        ok
=elapsed       0.202555
=case          ejabberd_SUITE:mam_query_with_slave
=logfile       ejabberd_suite.mam_query_with_slave.17730.html
=started       2025-03-24 17:13:20
=ended         2025-03-24 17:13:20
=result        ok
=elapsed       0.203742
=case          ejabberd_SUITE:end_per_group
=logfile       ejabberd_suite.end_per_group.17794.html
=group_props   [{name,mam_query_with},parallel]
=started       2025-03-24 17:13:20
=ended         2025-03-24 17:13:20
=result        ok
=elapsed       2.0e-6
=group_time    0.260s
=case          ejabberd_SUITE:init_per_group
=logfile       ejabberd_suite.init_per_group.17826.html
=group_props   [{name,mam_query_rsm_max},parallel]
=started       2025-03-24 17:13:20
=ended         2025-03-24 17:13:20
=result        ok
=elapsed       3.0e-6
=case          ejabberd_SUITE:mam_query_rsm_max_master
=logfile       ejabberd_suite.mam_query_rsm_max_master.17858.html
=started       2025-03-24 17:13:20
=ended         2025-03-24 17:13:20
=result        ok
=elapsed       0.260361
=case          ejabberd_SUITE:mam_query_rsm_max_slave
=logfile       ejabberd_suite.mam_query_rsm_max_slave.12228.html
=started       2025-03-24 17:13:20
=ended         2025-03-24 17:13:20
=result        ok
=elapsed       0.257993
=case          ejabberd_SUITE:end_per_group
=logfile       ejabberd_suite.end_per_group.12292.html
=group_props   [{name,mam_query_rsm_max},parallel]
=started       2025-03-24 17:13:20
=ended         2025-03-24 17:13:20
=result        ok
=elapsed       2.0e-6
=group_time    0.315s
=case          ejabberd_SUITE:init_per_group
=logfile       ejabberd_suite.init_per_group.12324.html
=group_props   [{name,mam_query_rsm_after},parallel]
=started       2025-03-24 17:13:20
=ended         2025-03-24 17:13:20
=result        ok
=elapsed       3.0e-6
=case          ejabberd_SUITE:mam_query_rsm_after_master
=logfile       ejabberd_suite.mam_query_rsm_after_master.13347.html
=started       2025-03-24 17:13:20
=ended         2025-03-24 17:13:21
=result        ok
=elapsed       0.232466
=case          ejabberd_SUITE:mam_query_rsm_after_slave
=logfile       ejabberd_suite.mam_query_rsm_after_slave.12356.html
=started       2025-03-24 17:13:20
=ended         2025-03-24 17:13:21
=result        ok
=elapsed       0.236771
=case          ejabberd_SUITE:end_per_group
=logfile       ejabberd_suite.end_per_group.12452.html
=group_props   [{name,mam_query_rsm_after},parallel]
=started       2025-03-24 17:13:21
=ended         2025-03-24 17:13:21
=result        ok
=elapsed       2.0e-6
=group_time    0.291s
=case          ejabberd_SUITE:init_per_group
=logfile       ejabberd_suite.init_per_group.12484.html
=group_props   [{name,mam_query_rsm_before},parallel]
=started       2025-03-24 17:13:21
=ended         2025-03-24 17:13:21
=result        ok
=elapsed       3.0e-6
=case          ejabberd_SUITE:mam_query_rsm_before_master
=logfile       ejabberd_suite.mam_query_rsm_before_master.12516.html
=started       2025-03-24 17:13:21
=ended         2025-03-24 17:13:21
=result        ok
=elapsed       0.244253
=case          ejabberd_SUITE:mam_query_rsm_before_slave
=logfile       ejabberd_suite.mam_query_rsm_before_slave.12548.html
=started       2025-03-24 17:13:21
=ended         2025-03-24 17:13:21
=result        ok
=elapsed       0.248679
=case          ejabberd_SUITE:end_per_group
=logfile       ejabberd_suite.end_per_group.12612.html
=group_props   [{name,mam_query_rsm_before},parallel]
=started       2025-03-24 17:13:21
=ended         2025-03-24 17:13:21
=result        ok
=elapsed       2.0e-6
=group_time    0.305s
=case          ejabberd_SUITE:init_per_group
=logfile       ejabberd_suite.init_per_group.12644.html
=group_props   [{name,mam_muc},parallel]
=started       2025-03-24 17:13:21
=ended         2025-03-24 17:13:21
=result        ok
=elapsed       3.0e-6
=case          ejabberd_SUITE:mam_muc_master
=logfile       ejabberd_suite.mam_muc_master.12676.html
=started       2025-03-24 17:13:21
=ended         2025-03-24 17:13:21
=result        ok
=elapsed       0.164712
=case          ejabberd_SUITE:mam_muc_slave
=logfile       ejabberd_suite.mam_muc_slave.12708.html
=started       2025-03-24 17:13:21
=ended         2025-03-24 17:13:21
=result        ok
=elapsed       0.161084
=case          ejabberd_SUITE:end_per_group
=logfile       ejabberd_suite.end_per_group.12772.html
=group_props   [{name,mam_muc},parallel]
=started       2025-03-24 17:13:21
=ended         2025-03-24 17:13:21
=result        ok
=elapsed       2.0e-6
=group_time    0.223s
=case          ejabberd_SUITE:init_per_group
=logfile       ejabberd_suite.init_per_group.12804.html
=group_props   [{name,mam_mucsub},parallel]
=started       2025-03-24 17:13:21
=ended         2025-03-24 17:13:21
=result        ok
=elapsed       4.0e-6
=case          ejabberd_SUITE:mam_mucsub_master
=logfile       ejabberd_suite.mam_mucsub_master.12836.html
=started       2025-03-24 17:13:21
=ended         2025-03-24 17:13:21
=result        ok
=elapsed       0.136828
=case          ejabberd_SUITE:mam_mucsub_slave
=logfile       ejabberd_suite.mam_mucsub_slave.13443.html
=started       2025-03-24 17:13:21
=ended         2025-03-24 17:13:21
=result        ok
=elapsed       0.134177
=case          ejabberd_SUITE:end_per_group
=logfile       ejabberd_suite.end_per_group.13571.html
=group_props   [{name,mam_mucsub},parallel]
=started       2025-03-24 17:13:21
=ended         2025-03-24 17:13:21
=result        ok
=elapsed       3.0e-6
=group_time    0.193s
=case          ejabberd_SUITE:init_per_group
=logfile       ejabberd_suite.init_per_group.13603.html
=group_props   [{name,mam_mucsub_from_muc},parallel]
=started       2025-03-24 17:13:21
=ended         2025-03-24 17:13:21
=result        ok
=elapsed       4.0e-6
=case          ejabberd_SUITE:mam_mucsub_from_muc_master
=logfile       ejabberd_suite.mam_mucsub_from_muc_master.13635.html
=started       2025-03-24 17:13:21
=ended         2025-03-24 17:13:22
=result        ok
=elapsed       0.134521
=case          ejabberd_SUITE:mam_mucsub_from_muc_slave
=logfile       ejabberd_suite.mam_mucsub_from_muc_slave.13667.html
=started       2025-03-24 17:13:21
=ended         2025-03-24 17:13:22
=result        ok
=elapsed       0.131271
=case          ejabberd_SUITE:end_per_group
=logfile       ejabberd_suite.end_per_group.13827.html
=group_props   [{name,mam_mucsub_from_muc},parallel]
=started       2025-03-24 17:13:22
=ended         2025-03-24 17:13:22
=result        ok
=elapsed       2.0e-6
=group_time    0.192s
=case          ejabberd_SUITE:init_per_group
=logfile       ejabberd_suite.init_per_group.13859.html
=group_props   [{name,mam_mucsub_from_muc_non_persistent},parallel]
=started       2025-03-24 17:13:22
=ended         2025-03-24 17:13:22
=result        ok
=elapsed       3.0e-6
=case          ejabberd_SUITE:mam_mucsub_from_muc_non_persistent_master
=logfile       ejabberd_suite.mam_mucsub_from_muc_non_persistent_master.13891.html
=started       2025-03-24 17:13:22
=ended         2025-03-24 17:13:22
=result        ok
=elapsed       0.133354
=case          ejabberd_SUITE:mam_mucsub_from_muc_non_persistent_slave
=logfile       ejabberd_suite.mam_mucsub_from_muc_non_persistent_slave.18146.html
=started       2025-03-24 17:13:22
=ended         2025-03-24 17:13:22
=result        ok
=elapsed       0.131303
=case          ejabberd_SUITE:end_per_group
=logfile       ejabberd_suite.end_per_group.18242.html
=group_props   [{name,mam_mucsub_from_muc_non_persistent},parallel]
=started       2025-03-24 17:13:22
=ended         2025-03-24 17:13:22
=result        ok
=elapsed       2.0e-6
=group_time    0.190s
=case          ejabberd_SUITE:end_per_group
=logfile       ejabberd_suite.end_per_group.18274.html
=group_props   [{name,mam_master_slave},sequence]
=started       2025-03-24 17:13:22
=ended         2025-03-24 17:13:22
=result        ok
=elapsed       2.0e-6
=group_time    2.700s
=case          ejabberd_SUITE:init_per_group
=logfile       ejabberd_suite.init_per_group.18306.html
=group_props   [{name,announce_master_slave},sequence]
=started       2025-03-24 17:13:22
=ended         2025-03-24 17:13:22
=result        ok
=elapsed       7.0e-6
=case          ejabberd_SUITE:init_per_group
=logfile       ejabberd_suite.init_per_group.18338.html
=group_props   [{name,announce_set_motd},parallel]
=started       2025-03-24 17:13:22
=ended         2025-03-24 17:13:22
=result        ok
=elapsed       4.0e-6
=case          ejabberd_SUITE:announce_set_motd_master
=logfile       ejabberd_suite.announce_set_motd_master.18370.html
=started       2025-03-24 17:13:22
=ended         2025-03-24 17:13:22
=result        ok
=elapsed       0.10454
=case          ejabberd_SUITE:announce_set_motd_slave
=logfile       ejabberd_suite.announce_set_motd_slave.18402.html
=started       2025-03-24 17:13:22
=ended         2025-03-24 17:13:22
=result        ok
=elapsed       0.105001
=case          ejabberd_SUITE:end_per_group
=logfile       ejabberd_suite.end_per_group.18498.html
=group_props   [{name,announce_set_motd},parallel]
=started       2025-03-24 17:13:22
=ended         2025-03-24 17:13:22
=result        ok
=elapsed       2.0e-6
=group_time    0.162s
=case          ejabberd_SUITE:end_per_group
=logfile       ejabberd_suite.end_per_group.18530.html
=group_props   [{name,announce_master_slave},sequence]
=started       2025-03-24 17:13:22
=ended         2025-03-24 17:13:22
=result        ok
=elapsed       2.0e-6
=group_time    0.212s
=case          ejabberd_SUITE:init_per_group
=logfile       ejabberd_suite.init_per_group.18562.html
=group_props   [{name,csi_master_slave},sequence]
=started       2025-03-24 17:13:22
=ended         2025-03-24 17:13:22
=result        ok
=elapsed       7.0e-6
=case          ejabberd_SUITE:init_per_group
=logfile       ejabberd_suite.init_per_group.13923.html
=group_props   [{name,csi_all},parallel]
=started       2025-03-24 17:13:22
=ended         2025-03-24 17:13:22
=result        ok
=elapsed       3.0e-6
=case          ejabberd_SUITE:csi_all_master
=logfile       ejabberd_suite.csi_all_master.13955.html
=started       2025-03-24 17:13:22
=ended         2025-03-24 17:13:22
=result        ok
=elapsed       0.233978
=case          ejabberd_SUITE:csi_all_slave
=logfile       ejabberd_suite.csi_all_slave.13987.html
=started       2025-03-24 17:13:22
=ended         2025-03-24 17:13:22
=result        ok
=elapsed       0.235616
=case          ejabberd_SUITE:end_per_group
=logfile       ejabberd_suite.end_per_group.14051.html
=group_props   [{name,csi_all},parallel]
=started       2025-03-24 17:13:22
=ended         2025-03-24 17:13:22
=result        ok
=elapsed       2.0e-6
=group_time    0.292s
=case          ejabberd_SUITE:end_per_group
=logfile       ejabberd_suite.end_per_group.14083.html
=group_props   [{name,csi_master_slave},sequence]
=started       2025-03-24 17:13:22
=ended         2025-03-24 17:13:22
=result        ok
=elapsed       2.0e-6
=group_time    0.341s
=case          ejabberd_SUITE:init_per_group
=logfile       ejabberd_suite.init_per_group.14115.html
=group_props   [{name,push_master_slave},sequence]
=started       2025-03-24 17:13:22
=ended         2025-03-24 17:13:22
=result        ok
=elapsed       6.0e-6
=case          ejabberd_SUITE:init_per_group
=logfile       ejabberd_suite.init_per_group.14147.html
=group_props   [{name,push_sm},parallel]
=started       2025-03-24 17:13:22
=ended         2025-03-24 17:13:22
=result        ok
=elapsed       2.0e-6
=case          ejabberd_SUITE:push_sm_master
=logfile       ejabberd_suite.push_sm_master.14179.html
=started       2025-03-24 17:13:22
=ended         2025-03-24 17:13:31
=result        ok
=elapsed       8.111349
=case          ejabberd_SUITE:push_sm_slave
=logfile       ejabberd_suite.push_sm_slave.14211.html
=started       2025-03-24 17:13:22
=ended         2025-03-24 17:13:22
=result        ok
=elapsed       0.001953
=case          ejabberd_SUITE:end_per_group
=logfile       ejabberd_suite.end_per_group.14275.html
=group_props   [{name,push_sm},parallel]
=started       2025-03-24 17:13:31
=ended         2025-03-24 17:13:31
=result        ok
=elapsed       2.0e-6
=group_time    8.166s
=case          ejabberd_SUITE:init_per_group
=logfile       ejabberd_suite.init_per_group.14307.html
=group_props   [{name,push_offline},parallel]
=started       2025-03-24 17:13:31
=ended         2025-03-24 17:13:31
=result        ok
=elapsed       3.0e-6
=case          ejabberd_SUITE:push_offline_master
=logfile       ejabberd_suite.push_offline_master.14339.html
=started       2025-03-24 17:13:31
=ended         2025-03-24 17:13:31
=result        ok
=elapsed       0.2499
=case          ejabberd_SUITE:push_offline_slave
=logfile       ejabberd_suite.push_offline_slave.14371.html
=started       2025-03-24 17:13:31
=ended         2025-03-24 17:13:31
=result        ok
=elapsed       0.10486
=case          ejabberd_SUITE:end_per_group
=logfile       ejabberd_suite.end_per_group.14467.html
=group_props   [{name,push_offline},parallel]
=started       2025-03-24 17:13:31
=ended         2025-03-24 17:13:31
=result        ok
=elapsed       3.0e-6
=group_time    0.306s
=case          ejabberd_SUITE:init_per_group
=logfile       ejabberd_suite.init_per_group.14499.html
=group_props   [{name,push_mam},parallel]
=started       2025-03-24 17:13:31
=ended         2025-03-24 17:13:31
=result        ok
=elapsed       3.0e-6
=case          ejabberd_SUITE:push_mam_master
=logfile       ejabberd_suite.push_mam_master.14531.html
=started       2025-03-24 17:13:31
=ended         2025-03-24 17:13:31
=result        ok
=elapsed       0.150221
=case          ejabberd_SUITE:push_mam_slave
=logfile       ejabberd_suite.push_mam_slave.14563.html
=started       2025-03-24 17:13:31
=ended         2025-03-24 17:13:31
=result        ok
=elapsed       0.254381
=case          ejabberd_SUITE:end_per_group
=logfile       ejabberd_suite.end_per_group.14659.html
=group_props   [{name,push_mam},parallel]
=started       2025-03-24 17:13:31
=ended         2025-03-24 17:13:31
=result        ok
=elapsed       2.0e-6
=group_time    0.312s
=case          ejabberd_SUITE:end_per_group
=logfile       ejabberd_suite.end_per_group.14691.html
=group_props   [{name,push_master_slave},sequence]
=started       2025-03-24 17:13:31
=ended         2025-03-24 17:13:31
=result        ok
=elapsed       1.0e-6
=group_time    8.882s
=case          ejabberd_SUITE:end_per_group
=logfile       ejabberd_suite.end_per_group.14723.html
=group_props   [{name,mnesia},sequence]
=started       2025-03-24 17:13:31
=ended         2025-03-24 17:13:31
=result        ok
=elapsed       0.0
=group_time    97.714s
=case          ejabberd_SUITE:init_per_group
=logfile       ejabberd_suite.init_per_group.14755.html
=group_props   [{name,redis},sequence]
=started       2025-03-24 17:13:31
=ended         2025-03-24 17:13:31
=result        ok
=elapsed       4.3e-5
=case          ejabberd_SUITE:init_per_group
=logfile       ejabberd_suite.init_per_group.14787.html
=group_props   [{name,single_user},sequence]
=started       2025-03-24 17:13:31
=ended         2025-03-24 17:13:31
=result        ok
=elapsed       6.0e-6
=case          ejabberd_SUITE:test_register
=logfile       ejabberd_suite.test_register.14819.html
=started       2025-03-24 17:13:31
=ended         2025-03-24 17:13:31
=result        ok
=elapsed       0.00323
=case          ejabberd_SUITE:init_per_group
=logfile       ejabberd_suite.init_per_group.14915.html
=group_props   [{name,legacy_auth},parallel]
=started       2025-03-24 17:13:31
=ended         2025-03-24 17:13:31
=result        ok
=elapsed       2.0e-6
=case          ejabberd_SUITE:test_legacy_auth_feature
=logfile       ejabberd_suite.test_legacy_auth_feature.14947.html
=started       2025-03-24 17:13:31
=ended         2025-03-24 17:13:31
=result        ok
=elapsed       5.7e-4
=case          ejabberd_SUITE:test_legacy_auth
=logfile       ejabberd_suite.test_legacy_auth.18754.html
=started       2025-03-24 17:13:31
=ended         2025-03-24 17:13:32
=result        ok
=elapsed       0.105652
=case          ejabberd_SUITE:test_legacy_auth_digest
=logfile       ejabberd_suite.test_legacy_auth_digest.18786.html
=started       2025-03-24 17:13:31
=ended         2025-03-24 17:13:32
=result        ok
=elapsed       0.106021
=case          ejabberd_SUITE:test_legacy_auth_no_resource
=logfile       ejabberd_suite.test_legacy_auth_no_resource.18818.html
=started       2025-03-24 17:13:31
=ended         2025-03-24 17:13:31
=result        ok
=elapsed       0.005567
=case          ejabberd_SUITE:test_legacy_auth_bad_jid
=logfile       ejabberd_suite.test_legacy_auth_bad_jid.14979.html
=started       2025-03-24 17:13:31
=ended         2025-03-24 17:13:31
=result        ok
=elapsed       0.002662
=case          ejabberd_SUITE:test_legacy_auth_fail
=logfile       ejabberd_suite.test_legacy_auth_fail.15011.html
=started       2025-03-24 17:13:31
=ended         2025-03-24 17:13:31
=result        ok
=elapsed       0.002423
=case          ejabberd_SUITE:end_per_group
=logfile       ejabberd_suite.end_per_group.15139.html
=group_props   [{name,legacy_auth},parallel]
=started       2025-03-24 17:13:32
=ended         2025-03-24 17:13:32
=result        ok
=elapsed       2.0e-6
=group_time    0.166s
=case          ejabberd_SUITE:auth_plain
=logfile       ejabberd_suite.auth_plain.15171.html
=started       2025-03-24 17:13:32
=ended         2025-03-24 17:13:32
=result        ok
=elapsed       0.002266
=case          ejabberd_SUITE:auth_md5
=logfile       ejabberd_suite.auth_md5.15203.html
=started       2025-03-24 17:13:32
=ended         2025-03-24 17:13:32
=result        ok
=elapsed       0.003035
=case          ejabberd_SUITE:presence_broadcast
=logfile       ejabberd_suite.presence_broadcast.15235.html
=started       2025-03-24 17:13:32
=ended         2025-03-24 17:13:32
=result        ok
=elapsed       0.20746
=case          ejabberd_SUITE:last
=logfile       ejabberd_suite.last.18978.html
=started       2025-03-24 17:13:32
=ended         2025-03-24 17:13:32
=result        ok
=elapsed       0.10493
=case          ejabberd_SUITE:init_per_group
=logfile       ejabberd_suite.init_per_group.19042.html
=group_props   [{name,webadmin_single},sequence]
=started       2025-03-24 17:13:32
=ended         2025-03-24 17:13:32
=result        ok
=elapsed       3.0e-6
=case          ejabberd_SUITE:webadmin_login_page
=logfile       ejabberd_suite.webadmin_login_page.8645.html
=started       2025-03-24 17:13:32
=ended         2025-03-24 17:13:32
=result        ok
=elapsed       0.032064
=case          ejabberd_SUITE:webadmin_welcome_page
=logfile       ejabberd_suite.webadmin_welcome_page.8677.html
=started       2025-03-24 17:13:32
=ended         2025-03-24 17:13:32
=result        ok
=elapsed       0.039064
=case          ejabberd_SUITE:webadmin_user_page
=logfile       ejabberd_suite.webadmin_user_page.8709.html
=started       2025-03-24 17:13:32
=ended         2025-03-24 17:13:32
=result        ok
=elapsed       0.037473
=case          ejabberd_SUITE:webadmin_adduser
=logfile       ejabberd_suite.webadmin_adduser.8741.html
=started       2025-03-24 17:13:32
=ended         2025-03-24 17:13:32
=result        ok
=elapsed       0.036689
=case          ejabberd_SUITE:webadmin_changepassword
=logfile       ejabberd_suite.webadmin_changepassword.8773.html
=started       2025-03-24 17:13:32
=ended         2025-03-24 17:13:32
=result        ok
=elapsed       0.03138
=case          ejabberd_SUITE:webadmin_removeuser
=logfile       ejabberd_suite.webadmin_removeuser.8805.html
=started       2025-03-24 17:13:32
=ended         2025-03-24 17:13:32
=result        ok
=elapsed       0.029372
=case          ejabberd_SUITE:end_per_group
=logfile       ejabberd_suite.end_per_group.8837.html
=group_props   [{name,webadmin_single},sequence]
=started       2025-03-24 17:13:32
=ended         2025-03-24 17:13:32
=result        ok
=elapsed       2.0e-6
=group_time    0.377s
=case          ejabberd_SUITE:init_per_group
=logfile       ejabberd_suite.init_per_group.8869.html
=group_props   [{name,roster_single},sequence]
=started       2025-03-24 17:13:32
=ended         2025-03-24 17:13:32
=result        ok
=elapsed       4.0e-6
=case          ejabberd_SUITE:roster_feature_enabled
=logfile       ejabberd_suite.roster_feature_enabled.8901.html
=started       2025-03-24 17:13:32
=ended         2025-03-24 17:13:33
=result        ok
=elapsed       0.101833
=case          ejabberd_SUITE:roster_iq_set_many_items
=logfile       ejabberd_suite.roster_iq_set_many_items.8965.html
=started       2025-03-24 17:13:33
=ended         2025-03-24 17:13:33
=result        ok
=elapsed       0.103516
=case          ejabberd_SUITE:roster_iq_set_duplicated_groups
=logfile       ejabberd_suite.roster_iq_set_duplicated_groups.9029.html
=started       2025-03-24 17:13:33
=ended         2025-03-24 17:13:33
=result        ok
=elapsed       0.103515
=case          ejabberd_SUITE:roster_iq_get_item
=logfile       ejabberd_suite.roster_iq_get_item.9125.html
=started       2025-03-24 17:13:33
=ended         2025-03-24 17:13:33
=result        ok
=elapsed       0.102641
=case          ejabberd_SUITE:roster_iq_unexpected_element
=logfile       ejabberd_suite.roster_iq_unexpected_element.9157.html
=started       2025-03-24 17:13:33
=ended         2025-03-24 17:13:33
=result        ok
=elapsed       0.103689
=case          ejabberd_SUITE:roster_iq_set_ask
=logfile       ejabberd_suite.roster_iq_set_ask.9189.html
=started       2025-03-24 17:13:33
=ended         2025-03-24 17:13:33
=result        ok
=elapsed       0.103139
=case          ejabberd_SUITE:roster_set_item
=logfile       ejabberd_suite.roster_set_item.15395.html
=started       2025-03-24 17:13:33
=ended         2025-03-24 17:13:34
=result        ok
=elapsed       0.32157
=case          ejabberd_SUITE:roster_version
=logfile       ejabberd_suite.roster_version.15459.html
=started       2025-03-24 17:13:34
=ended         2025-03-24 17:13:34
=result        ok
=elapsed       0.150017
=case          ejabberd_SUITE:end_per_group
=logfile       ejabberd_suite.end_per_group.15555.html
=group_props   [{name,roster_single},sequence]
=started       2025-03-24 17:13:34
=ended         2025-03-24 17:13:34
=result        ok
=elapsed       2.0e-6
=group_time    1.353s
=case          ejabberd_SUITE:init_per_group
=logfile       ejabberd_suite.init_per_group.15587.html
=group_props   [{name,private_single},sequence]
=started       2025-03-24 17:13:34
=ended         2025-03-24 17:13:34
=result        ok
=elapsed       3.0e-6
=case          ejabberd_SUITE:private_test_features
=logfile       ejabberd_suite.private_test_features.15619.html
=started       2025-03-24 17:13:34
=ended         2025-03-24 17:13:34
=result        ok
=elapsed       0.104345
=case          ejabberd_SUITE:private_test_no_namespace
=logfile       ejabberd_suite.private_test_no_namespace.15683.html
=started       2025-03-24 17:13:34
=ended         2025-03-24 17:13:34
=result        ok
=elapsed       0.102522
=case          ejabberd_SUITE:private_test_set_get
=logfile       ejabberd_suite.private_test_set_get.15747.html
=started       2025-03-24 17:13:34
=ended         2025-03-24 17:13:34
=result        ok
=elapsed       0.107944
=case          ejabberd_SUITE:private_test_published
=logfile       ejabberd_suite.private_test_published.15779.html
=started       2025-03-24 17:13:34
=ended         2025-03-24 17:13:34
=result        ok
=elapsed       0.106489
=case          ejabberd_SUITE:end_per_group
=logfile       ejabberd_suite.end_per_group.15875.html
=group_props   [{name,private_single},sequence]
=started       2025-03-24 17:13:34
=ended         2025-03-24 17:13:34
=result        ok
=elapsed       2.0e-6
=group_time    0.567s
=case          ejabberd_SUITE:init_per_group
=logfile       ejabberd_suite.init_per_group.15907.html
=group_props   [{name,privacy_single},sequence]
=started       2025-03-24 17:13:34
=ended         2025-03-24 17:13:34
=result        ok
=elapsed       3.0e-6
=case          ejabberd_SUITE:privacy_feature_enabled
=logfile       ejabberd_suite.privacy_feature_enabled.15939.html
=started       2025-03-24 17:13:34
=ended         2025-03-24 17:13:35
=result        ok
=elapsed       0.104505
=case          ejabberd_SUITE:privacy_set_get_list
=logfile       ejabberd_suite.privacy_set_get_list.16003.html
=started       2025-03-24 17:13:35
=ended         2025-03-24 17:13:35
=result        ok
=elapsed       0.148552
=case          ejabberd_SUITE:privacy_get_list_non_existent
=logfile       ejabberd_suite.privacy_get_list_non_existent.16035.html
=started       2025-03-24 17:13:35
=ended         2025-03-24 17:13:35
=result        ok
=elapsed       0.102697
=case          ejabberd_SUITE:privacy_get_empty_lists
=logfile       ejabberd_suite.privacy_get_empty_lists.16099.html
=started       2025-03-24 17:13:35
=ended         2025-03-24 17:13:35
=result        ok
=elapsed       0.103647
=case          ejabberd_SUITE:privacy_set_default
=logfile       ejabberd_suite.privacy_set_default.16195.html
=started       2025-03-24 17:13:35
=ended         2025-03-24 17:13:35
=result        ok
=elapsed       0.148753
=case          ejabberd_SUITE:privacy_del_default
=logfile       ejabberd_suite.privacy_del_default.16259.html
=started       2025-03-24 17:13:35
=ended         2025-03-24 17:13:35
=result        ok
=elapsed       0.150828
=case          ejabberd_SUITE:privacy_set_default_non_existent
=logfile       ejabberd_suite.privacy_set_default_non_existent.16323.html
=started       2025-03-24 17:13:35
=ended         2025-03-24 17:13:36
=result        ok
=elapsed       0.103485
=case          ejabberd_SUITE:privacy_set_active
=logfile       ejabberd_suite.privacy_set_active.16387.html
=started       2025-03-24 17:13:36
=ended         2025-03-24 17:13:36
=result        ok
=elapsed       0.149209
=case          ejabberd_SUITE:privacy_del_active
=logfile       ejabberd_suite.privacy_del_active.16483.html
=started       2025-03-24 17:13:36
=ended         2025-03-24 17:13:36
=result        ok
=elapsed       0.148577
=case          ejabberd_SUITE:privacy_set_active_non_existent
=logfile       ejabberd_suite.privacy_set_active_non_existent.16547.html
=started       2025-03-24 17:13:36
=ended         2025-03-24 17:13:36
=result        ok
=elapsed       0.102772
=case          ejabberd_SUITE:privacy_remove_list
=logfile       ejabberd_suite.privacy_remove_list.16643.html
=started       2025-03-24 17:13:36
=ended         2025-03-24 17:13:36
=result        ok
=elapsed       0.149427
=case          ejabberd_SUITE:privacy_remove_default_list
=logfile       ejabberd_suite.privacy_remove_default_list.16707.html
=started       2025-03-24 17:13:36
=ended         2025-03-24 17:13:36
=result        ok
=elapsed       0.145432
=case          ejabberd_SUITE:privacy_remove_active_list
=logfile       ejabberd_suite.privacy_remove_active_list.16803.html
=started       2025-03-24 17:13:36
=ended         2025-03-24 17:13:37
=result        ok
=elapsed       0.145963
=case          ejabberd_SUITE:privacy_remove_list_non_existent
=logfile       ejabberd_suite.privacy_remove_list_non_existent.19778.html
=started       2025-03-24 17:13:37
=ended         2025-03-24 17:13:37
=result        ok
=elapsed       0.103313
=case          ejabberd_SUITE:privacy_allow_local_server
=logfile       ejabberd_suite.privacy_allow_local_server.19842.html
=started       2025-03-24 17:13:37
=ended         2025-03-24 17:13:37
=result        ok
=elapsed       0.198103
=case          ejabberd_SUITE:privacy_malformed_iq_query
=logfile       ejabberd_suite.privacy_malformed_iq_query.19938.html
=started       2025-03-24 17:13:37
=ended         2025-03-24 17:13:37
=result        ok
=elapsed       0.104232
=case          ejabberd_SUITE:privacy_malformed_get
=logfile       ejabberd_suite.privacy_malformed_get.20002.html
=started       2025-03-24 17:13:37
=ended         2025-03-24 17:13:37
=result        ok
=elapsed       0.107214
=case          ejabberd_SUITE:privacy_malformed_set
=logfile       ejabberd_suite.privacy_malformed_set.16995.html
=started       2025-03-24 17:13:37
=ended         2025-03-24 17:13:37
=result        ok
=elapsed       0.107931
=case          ejabberd_SUITE:privacy_malformed_type_value
=logfile       ejabberd_suite.privacy_malformed_type_value.17059.html
=started       2025-03-24 17:13:37
=ended         2025-03-24 17:13:37
=result        ok
=elapsed       0.105178
=case          ejabberd_SUITE:privacy_set_get_block
=logfile       ejabberd_suite.privacy_set_get_block.17123.html
=started       2025-03-24 17:13:37
=ended         2025-03-24 17:13:38
=result        ok
=elapsed       0.192128
=case          ejabberd_SUITE:end_per_group
=logfile       ejabberd_suite.end_per_group.17219.html
=group_props   [{name,privacy_single},sequence]
=started       2025-03-24 17:13:38
=ended         2025-03-24 17:13:38
=result        ok
=elapsed       3.0e-6
=group_time    3.252s
=case          ejabberd_SUITE:init_per_group
=logfile       ejabberd_suite.init_per_group.17251.html
=group_props   [{name,vcard_single},sequence]
=started       2025-03-24 17:13:38
=ended         2025-03-24 17:13:38
=result        ok
=elapsed       3.0e-6
=case          ejabberd_SUITE:vcard_feature_enabled
=logfile       ejabberd_suite.vcard_feature_enabled.17283.html
=started       2025-03-24 17:13:38
=ended         2025-03-24 17:13:38
=result        ok
=elapsed       0.10896
=case          ejabberd_SUITE:vcard_get_set
=logfile       ejabberd_suite.vcard_get_set.17347.html
=started       2025-03-24 17:13:38
=ended         2025-03-24 17:13:38
=result        ok
=elapsed       0.105278
=case          ejabberd_SUITE:vcard_service_vcard
=logfile       ejabberd_suite.vcard_service_vcard.17411.html
=started       2025-03-24 17:13:38
=ended         2025-03-24 17:13:38
=result        ok
=elapsed       0.103549
=case          ejabberd_SUITE:end_per_group
=logfile       ejabberd_suite.end_per_group.17475.html
=group_props   [{name,vcard_single},sequence]
=started       2025-03-24 17:13:38
=ended         2025-03-24 17:13:38
=result        ok
=elapsed       2.0e-6
=group_time    0.435s
=case          ejabberd_SUITE:init_per_group
=logfile       ejabberd_suite.init_per_group.20226.html
=group_props   [{name,pubsub_single},sequence]
=started       2025-03-24 17:13:38
=ended         2025-03-24 17:13:38
=result        ok
=elapsed       3.0e-6
=case          ejabberd_SUITE:pubsub_test_features
=logfile       ejabberd_suite.pubsub_test_features.20258.html
=started       2025-03-24 17:13:38
=ended         2025-03-24 17:13:38
=result        ok
=elapsed       0.103684
=case          ejabberd_SUITE:pubsub_test_vcard
=logfile       ejabberd_suite.pubsub_test_vcard.13092.html
=started       2025-03-24 17:13:38
=ended         2025-03-24 17:13:38
=result        ok
=elapsed       0.103505
=case          ejabberd_SUITE:pubsub_test_create
=logfile       ejabberd_suite.pubsub_test_create.13188.html
=started       2025-03-24 17:13:38
=ended         2025-03-24 17:13:39
=result        ok
=elapsed       0.106885
=case          ejabberd_SUITE:pubsub_test_configure
=logfile       ejabberd_suite.pubsub_test_configure.13252.html
=started       2025-03-24 17:13:39
=ended         2025-03-24 17:13:39
=result        ok
=elapsed       0.110134
=case          ejabberd_SUITE:pubsub_test_delete
=logfile       ejabberd_suite.pubsub_test_delete.13316.html
=started       2025-03-24 17:13:39
=ended         2025-03-24 17:13:39
=result        ok
=elapsed       0.103547
=case          ejabberd_SUITE:pubsub_test_get_affiliations
=logfile       ejabberd_suite.pubsub_test_get_affiliations.13380.html
=started       2025-03-24 17:13:39
=ended         2025-03-24 17:13:39
=result        ok
=elapsed       0.115636
=case          ejabberd_SUITE:pubsub_test_get_subscriptions
=logfile       ejabberd_suite.pubsub_test_get_subscriptions.13476.html
=started       2025-03-24 17:13:39
=ended         2025-03-24 17:13:39
=result        ok
=elapsed       0.123126
=case          ejabberd_SUITE:pubsub_test_create_instant
=logfile       ejabberd_suite.pubsub_test_create_instant.13508.html
=started       2025-03-24 17:13:39
=ended         2025-03-24 17:13:39
=result        ok
=elapsed       0.104258
=case          ejabberd_SUITE:pubsub_test_default
=logfile       ejabberd_suite.pubsub_test_default.13572.html
=started       2025-03-24 17:13:39
=ended         2025-03-24 17:13:39
=result        ok
=elapsed       0.104238
=case          ejabberd_SUITE:pubsub_test_create_configure
=logfile       ejabberd_suite.pubsub_test_create_configure.20482.html
=started       2025-03-24 17:13:39
=ended         2025-03-24 17:13:40
=result        ok
=elapsed       0.112238
=case          ejabberd_SUITE:pubsub_test_publish
=logfile       ejabberd_suite.pubsub_test_publish.20578.html
=started       2025-03-24 17:13:40
=ended         2025-03-24 17:13:40
=result        ok
=elapsed       0.10651
=case          ejabberd_SUITE:pubsub_test_auto_create
=logfile       ejabberd_suite.pubsub_test_auto_create.20642.html
=started       2025-03-24 17:13:40
=ended         2025-03-24 17:13:40
=result        ok
=elapsed       0.105394
=case          ejabberd_SUITE:pubsub_test_get_items
=logfile       ejabberd_suite.pubsub_test_get_items.20706.html
=started       2025-03-24 17:13:40
=ended         2025-03-24 17:13:40
=result        ok
=elapsed       0.112735
=case          ejabberd_SUITE:pubsub_test_delete_item
=logfile       ejabberd_suite.pubsub_test_delete_item.17635.html
=started       2025-03-24 17:13:40
=ended         2025-03-24 17:13:40
=result        ok
=elapsed       0.109265
=case          ejabberd_SUITE:pubsub_test_purge
=logfile       ejabberd_suite.pubsub_test_purge.17699.html
=started       2025-03-24 17:13:40
=ended         2025-03-24 17:13:40
=result        ok
=elapsed       0.117093
=case          ejabberd_SUITE:pubsub_test_subscribe
=logfile       ejabberd_suite.pubsub_test_subscribe.17795.html
=started       2025-03-24 17:13:40
=ended         2025-03-24 17:13:40
=result        ok
=elapsed       0.107793
=case          ejabberd_SUITE:pubsub_test_subscribe_max_item_1
=logfile       ejabberd_suite.pubsub_test_subscribe_max_item_1.17891.html
=started       2025-03-24 17:13:40
=ended         2025-03-24 17:13:41
=result        ok
=elapsed       0.110431
=case          ejabberd_SUITE:pubsub_test_unsubscribe
=logfile       ejabberd_suite.pubsub_test_unsubscribe.17923.html
=started       2025-03-24 17:13:41
=ended         2025-03-24 17:13:41
=result        ok
=elapsed       0.108865
=case          ejabberd_SUITE:end_per_group
=logfile       ejabberd_suite.end_per_group.17987.html
=group_props   [{name,pubsub_single},sequence]
=started       2025-03-24 17:13:41
=ended         2025-03-24 17:13:41
=result        ok
=elapsed       2.0e-6
=group_time    2.544s
=case          ejabberd_SUITE:init_per_group
=logfile       ejabberd_suite.init_per_group.18019.html
=group_props   [{name,muc_single},sequence]
=started       2025-03-24 17:13:41
=ended         2025-03-24 17:13:41
=result        ok
=elapsed       3.0e-6
=case          ejabberd_SUITE:muc_service_presence_error
=logfile       ejabberd_suite.muc_service_presence_error.18051.html
=started       2025-03-24 17:13:41
=ended         2025-03-24 17:13:41
=result        ok
=elapsed       0.190118
=case          ejabberd_SUITE:muc_service_message_error
=logfile       ejabberd_suite.muc_service_message_error.18115.html
=started       2025-03-24 17:13:41
=ended         2025-03-24 17:13:41
=result        ok
=elapsed       0.191771
=case          ejabberd_SUITE:muc_service_unknown_ns_iq_error
=logfile       ejabberd_suite.muc_service_unknown_ns_iq_error.18179.html
=started       2025-03-24 17:13:41
=ended         2025-03-24 17:13:41
=result        ok
=elapsed       0.188895
=case          ejabberd_SUITE:muc_service_iq_set_error
=logfile       ejabberd_suite.muc_service_iq_set_error.18243.html
=started       2025-03-24 17:13:41
=ended         2025-03-24 17:13:42
=result        ok
=elapsed       0.325092
=case          ejabberd_SUITE:muc_service_improper_iq_error
=logfile       ejabberd_suite.muc_service_improper_iq_error.18275.html
=started       2025-03-24 17:13:42
=ended         2025-03-24 17:13:42
=result        ok
=elapsed       0.278709
=case          ejabberd_SUITE:muc_service_features
=logfile       ejabberd_suite.muc_service_features.18371.html
=started       2025-03-24 17:13:42
=ended         2025-03-24 17:13:42
=result        ok
=elapsed       0.102881
=case          ejabberd_SUITE:muc_service_disco_info_node_error
=logfile       ejabberd_suite.muc_service_disco_info_node_error.18435.html
=started       2025-03-24 17:13:42
=ended         2025-03-24 17:13:42
=result        ok
=elapsed       0.102517
=case          ejabberd_SUITE:muc_service_disco_items
=logfile       ejabberd_suite.muc_service_disco_items.21154.html
=started       2025-03-24 17:13:42
=ended         2025-03-24 17:13:42
=result        ok
=elapsed       0.137582
=case          ejabberd_SUITE:muc_service_unique
=logfile       ejabberd_suite.muc_service_unique.21378.html
=started       2025-03-24 17:13:42
=ended         2025-03-24 17:13:43
=result        ok
=elapsed       0.103113
=case          ejabberd_SUITE:muc_service_vcard
=logfile       ejabberd_suite.muc_service_vcard.21410.html
=started       2025-03-24 17:13:43
=ended         2025-03-24 17:13:43
=result        ok
=elapsed       0.104097
=case          ejabberd_SUITE:muc_configure_non_existent
=logfile       ejabberd_suite.muc_configure_non_existent.18627.html
=started       2025-03-24 17:13:43
=ended         2025-03-24 17:13:43
=result        ok
=elapsed       0.106256
=case          ejabberd_SUITE:muc_cancel_configure_non_existent
=logfile       ejabberd_suite.muc_cancel_configure_non_existent.18691.html
=started       2025-03-24 17:13:43
=ended         2025-03-24 17:13:43
=result        ok
=elapsed       0.105089
=case          ejabberd_SUITE:muc_service_subscriptions
=logfile       ejabberd_suite.muc_service_subscriptions.18755.html
=started       2025-03-24 17:13:43
=ended         2025-03-24 17:13:43
=result        ok
=elapsed       0.158992
=case          ejabberd_SUITE:muc_set_room_affiliation
=logfile       ejabberd_suite.muc_set_room_affiliation.18851.html
=started       2025-03-24 17:13:43
=ended         2025-03-24 17:13:43
=result        ok
=elapsed       0.114711
=case          ejabberd_SUITE:end_per_group
=logfile       ejabberd_suite.end_per_group.18915.html
=group_props   [{name,muc_single},sequence]
=started       2025-03-24 17:13:43
=ended         2025-03-24 17:13:43
=result        ok
=elapsed       3.0e-6
=group_time    2.654s
=case          ejabberd_SUITE:init_per_group
=logfile       ejabberd_suite.init_per_group.13636.html
=group_props   [{name,offline_single},sequence]
=started       2025-03-24 17:13:43
=ended         2025-03-24 17:13:43
=result        ok
=elapsed       4.0e-6
=case          ejabberd_SUITE:offline_feature_enabled
=logfile       ejabberd_suite.offline_feature_enabled.13668.html
=started       2025-03-24 17:13:43
=ended         2025-03-24 17:13:44
=result        ok
=elapsed       0.103677
=case          ejabberd_SUITE:offline_check_identity
=logfile       ejabberd_suite.offline_check_identity.13732.html
=started       2025-03-24 17:13:44
=ended         2025-03-24 17:13:44
=result        ok
=elapsed       0.104167
=case          ejabberd_SUITE:offline_send_non_existent
=logfile       ejabberd_suite.offline_send_non_existent.13796.html
=started       2025-03-24 17:13:44
=ended         2025-03-24 17:13:44
=result        ok
=elapsed       0.103895
=case          ejabberd_SUITE:offline_view_non_existent
=logfile       ejabberd_suite.offline_view_non_existent.18979.html
=started       2025-03-24 17:13:44
=ended         2025-03-24 17:13:44
=result        ok
=elapsed       0.103578
=case          ejabberd_SUITE:offline_remove_non_existent
=logfile       ejabberd_suite.offline_remove_non_existent.19011.html
=started       2025-03-24 17:13:44
=ended         2025-03-24 17:13:44
=result        ok
=elapsed       0.102955
=case          ejabberd_SUITE:offline_view_non_integer
=logfile       ejabberd_suite.offline_view_non_integer.19107.html
=started       2025-03-24 17:13:44
=ended         2025-03-24 17:13:44
=result        ok
=elapsed       0.102737
=case          ejabberd_SUITE:offline_remove_non_integer
=logfile       ejabberd_suite.offline_remove_non_integer.19171.html
=started       2025-03-24 17:13:44
=ended         2025-03-24 17:13:44
=result        ok
=elapsed       0.103129
=case          ejabberd_SUITE:offline_malformed_iq
=logfile       ejabberd_suite.offline_malformed_iq.19235.html
=started       2025-03-24 17:13:44
=ended         2025-03-24 17:13:44
=result        ok
=elapsed       0.108208
=case          ejabberd_SUITE:offline_wrong_user
=logfile       ejabberd_suite.offline_wrong_user.19299.html
=started       2025-03-24 17:13:44
=ended         2025-03-24 17:13:45
=result        ok
=elapsed       0.113686
=case          ejabberd_SUITE:offline_unsupported_iq
=logfile       ejabberd_suite.offline_unsupported_iq.19363.html
=started       2025-03-24 17:13:45
=ended         2025-03-24 17:13:45
=result        ok
=elapsed       0.104118
=case          ejabberd_SUITE:end_per_group
=logfile       ejabberd_suite.end_per_group.22082.html
=group_props   [{name,offline_single},sequence]
=started       2025-03-24 17:13:45
=ended         2025-03-24 17:13:45
=result        ok
=elapsed       2.0e-6
=group_time    1.376s
=case          ejabberd_SUITE:init_per_group
=logfile       ejabberd_suite.init_per_group.22114.html
=group_props   [{name,mam_single},sequence]
=started       2025-03-24 17:13:45
=ended         2025-03-24 17:13:45
=result        ok
=elapsed       3.0e-6
=case          ejabberd_SUITE:mam_feature_enabled
=logfile       ejabberd_suite.mam_feature_enabled.22146.html
=started       2025-03-24 17:13:45
=ended         2025-03-24 17:13:45
=result        ok
=elapsed       0.107589
=case          ejabberd_SUITE:mam_get_set_prefs
=logfile       ejabberd_suite.mam_get_set_prefs.22242.html
=started       2025-03-24 17:13:45
=ended         2025-03-24 17:13:47
=result        ok
=elapsed       1.885564
=case          ejabberd_SUITE:mam_get_form
=logfile       ejabberd_suite.mam_get_form.22306.html
=started       2025-03-24 17:13:47
=ended         2025-03-24 17:13:47
=result        ok
=elapsed       0.108562
=case          ejabberd_SUITE:mam_fake_by
=logfile       ejabberd_suite.mam_fake_by.13892.html
=started       2025-03-24 17:13:47
=ended         2025-03-24 17:13:47
=result        ok
=elapsed       0.10343
=case          ejabberd_SUITE:end_per_group
=logfile       ejabberd_suite.end_per_group.13924.html
=group_props   [{name,mam_single},sequence]
=started       2025-03-24 17:13:47
=ended         2025-03-24 17:13:47
=result        ok
=elapsed       3.0e-6
=group_time    2.349s
=case          ejabberd_SUITE:init_per_group
=logfile       ejabberd_suite.init_per_group.13956.html
=group_props   [{name,csi_single},sequence]
=started       2025-03-24 17:13:47
=ended         2025-03-24 17:13:47
=result        ok
=elapsed       3.0e-6
=case          ejabberd_SUITE:csi_feature_enabled
=logfile       ejabberd_suite.csi_feature_enabled.13988.html
=started       2025-03-24 17:13:47
=ended         2025-03-24 17:13:47
=result        ok
=elapsed       0.102092
=case          ejabberd_SUITE:end_per_group
=logfile       ejabberd_suite.end_per_group.14052.html
=group_props   [{name,csi_single},sequence]
=started       2025-03-24 17:13:47
=ended         2025-03-24 17:13:47
=result        ok
=elapsed       2.0e-6
=group_time    0.156s
=case          ejabberd_SUITE:init_per_group
=logfile       ejabberd_suite.init_per_group.14084.html
=group_props   [{name,push_single},sequence]
=started       2025-03-24 17:13:47
=ended         2025-03-24 17:13:47
=result        ok
=elapsed       3.0e-6
=case          ejabberd_SUITE:push_feature_enabled
=logfile       ejabberd_suite.push_feature_enabled.14116.html
=started       2025-03-24 17:13:47
=ended         2025-03-24 17:13:48
=result        ok
=elapsed       0.103866
=case          ejabberd_SUITE:push_unsupported_iq
=logfile       ejabberd_suite.push_unsupported_iq.14180.html
=started       2025-03-24 17:13:48
=ended         2025-03-24 17:13:48
=result        ok
=elapsed       0.104371
=case          ejabberd_SUITE:end_per_group
=logfile       ejabberd_suite.end_per_group.14244.html
=group_props   [{name,push_single},sequence]
=started       2025-03-24 17:13:48
=ended         2025-03-24 17:13:48
=result        ok
=elapsed       3.0e-6
=group_time    0.294s
=case          ejabberd_SUITE:test_unregister
=logfile       ejabberd_suite.test_unregister.14276.html
=started       2025-03-24 17:13:48
=ended         2025-03-24 17:13:48
=result        ok
=elapsed       0.005284
=case          ejabberd_SUITE:end_per_group
=logfile       ejabberd_suite.end_per_group.14340.html
=group_props   [{name,single_user},sequence]
=started       2025-03-24 17:13:48
=ended         2025-03-24 17:13:48
=result        ok
=elapsed       2.0e-6
=group_time    16.353s
=case          ejabberd_SUITE:init_per_group
=logfile       ejabberd_suite.init_per_group.14372.html
=group_props   [{name,muc_master_slave},sequence]
=started       2025-03-24 17:13:48
=ended         2025-03-24 17:13:48
=result        ok
=elapsed       5.0e-6
=case          ejabberd_SUITE:init_per_group
=logfile       ejabberd_suite.init_per_group.14404.html
=group_props   [{name,muc_register},parallel]
=started       2025-03-24 17:13:48
=ended         2025-03-24 17:13:48
=result        ok
=elapsed       3.0e-6
=case          ejabberd_SUITE:muc_register_master
=logfile       ejabberd_suite.muc_register_master.14436.html
=started       2025-03-24 17:13:48
=ended         2025-03-24 17:13:48
=result        ok
=elapsed       0.117374
=case          ejabberd_SUITE:muc_register_slave
=logfile       ejabberd_suite.muc_register_slave.14468.html
=started       2025-03-24 17:13:48
=ended         2025-03-24 17:13:48
=result        ok
=elapsed       0.115372
=case          ejabberd_SUITE:end_per_group
=logfile       ejabberd_suite.end_per_group.14532.html
=group_props   [{name,muc_register},parallel]
=started       2025-03-24 17:13:48
=ended         2025-03-24 17:13:48
=result        ok
=elapsed       2.0e-6
=group_time    0.175s
=case          ejabberd_SUITE:init_per_group
=logfile       ejabberd_suite.init_per_group.14564.html
=group_props   [{name,muc_groupchat_msg},parallel]
=started       2025-03-24 17:13:48
=ended         2025-03-24 17:13:48
=result        ok
=elapsed       3.0e-6
=case          ejabberd_SUITE:muc_groupchat_msg_master
=logfile       ejabberd_suite.muc_groupchat_msg_master.14596.html
=started       2025-03-24 17:13:48
=ended         2025-03-24 17:13:48
=result        ok
=elapsed       0.118598
=case          ejabberd_SUITE:muc_groupchat_msg_slave
=logfile       ejabberd_suite.muc_groupchat_msg_slave.22626.html
=started       2025-03-24 17:13:48
=ended         2025-03-24 17:13:48
=result        ok
=elapsed       0.115154
=case          ejabberd_SUITE:end_per_group
=logfile       ejabberd_suite.end_per_group.14692.html
=group_props   [{name,muc_groupchat_msg},parallel]
=started       2025-03-24 17:13:48
=ended         2025-03-24 17:13:48
=result        ok
=elapsed       2.0e-6
=group_time    0.174s
=case          ejabberd_SUITE:init_per_group
=logfile       ejabberd_suite.init_per_group.14724.html
=group_props   [{name,muc_private_msg},parallel]
=started       2025-03-24 17:13:48
=ended         2025-03-24 17:13:48
=result        ok
=elapsed       3.0e-6
=case          ejabberd_SUITE:muc_private_msg_master
=logfile       ejabberd_suite.muc_private_msg_master.14756.html
=started       2025-03-24 17:13:48
=ended         2025-03-24 17:13:48
=result        ok
=elapsed       0.158271
=case          ejabberd_SUITE:muc_private_msg_slave
=logfile       ejabberd_suite.muc_private_msg_slave.14788.html
=started       2025-03-24 17:13:48
=ended         2025-03-24 17:13:48
=result        ok
=elapsed       0.154909
=case          ejabberd_SUITE:end_per_group
=logfile       ejabberd_suite.end_per_group.14916.html
=group_props   [{name,muc_private_msg},parallel]
=started       2025-03-24 17:13:48
=ended         2025-03-24 17:13:48
=result        ok
=elapsed       2.0e-6
=group_time    0.215s
=case          ejabberd_SUITE:init_per_group
=logfile       ejabberd_suite.init_per_group.19523.html
=group_props   [{name,muc_set_subject},parallel]
=started       2025-03-24 17:13:48
=ended         2025-03-24 17:13:48
=result        ok
=elapsed       3.0e-6
=case          ejabberd_SUITE:muc_set_subject_master
=logfile       ejabberd_suite.muc_set_subject_master.19555.html
=started       2025-03-24 17:13:48
=ended         2025-03-24 17:13:49
=result        ok
=elapsed       0.123565
=case          ejabberd_SUITE:muc_set_subject_slave
=logfile       ejabberd_suite.muc_set_subject_slave.19587.html
=started       2025-03-24 17:13:48
=ended         2025-03-24 17:13:49
=result        ok
=elapsed       0.120346
=case          ejabberd_SUITE:end_per_group
=logfile       ejabberd_suite.end_per_group.14980.html
=group_props   [{name,muc_set_subject},parallel]
=started       2025-03-24 17:13:49
=ended         2025-03-24 17:13:49
=result        ok
=elapsed       2.0e-6
=group_time    0.181s
=case          ejabberd_SUITE:init_per_group
=logfile       ejabberd_suite.init_per_group.19651.html
=group_props   [{name,muc_history},parallel]
=started       2025-03-24 17:13:49
=ended         2025-03-24 17:13:49
=result        ok
=elapsed       3.0e-6
=case          ejabberd_SUITE:muc_history_master
=logfile       ejabberd_suite.muc_history_master.19683.html
=started       2025-03-24 17:13:49
=ended         2025-03-24 17:13:49
=result        ok
=elapsed       0.164276
=case          ejabberd_SUITE:muc_history_slave
=logfile       ejabberd_suite.muc_history_slave.19715.html
=started       2025-03-24 17:13:49
=ended         2025-03-24 17:13:49
=result        ok
=elapsed       0.16157
=case          ejabberd_SUITE:end_per_group
=logfile       ejabberd_suite.end_per_group.19811.html
=group_props   [{name,muc_history},parallel]
=started       2025-03-24 17:13:49
=ended         2025-03-24 17:13:49
=result        ok
=elapsed       2.0e-6
=group_time    0.222s
=case          ejabberd_SUITE:init_per_group
=logfile       ejabberd_suite.init_per_group.19843.html
=group_props   [{name,muc_invite},parallel]
=started       2025-03-24 17:13:49
=ended         2025-03-24 17:13:49
=result        ok
=elapsed       3.0e-6
=case          ejabberd_SUITE:muc_invite_master
=logfile       ejabberd_suite.muc_invite_master.19875.html
=started       2025-03-24 17:13:49
=ended         2025-03-24 17:13:49
=result        ok
=elapsed       0.112164
=case          ejabberd_SUITE:muc_invite_slave
=logfile       ejabberd_suite.muc_invite_slave.19907.html
=started       2025-03-24 17:13:49
=ended         2025-03-24 17:13:49
=result        ok
=elapsed       0.148729
=case          ejabberd_SUITE:end_per_group
=logfile       ejabberd_suite.end_per_group.20003.html
=group_props   [{name,muc_invite},parallel]
=started       2025-03-24 17:13:49
=ended         2025-03-24 17:13:49
=result        ok
=elapsed       2.0e-6
=group_time    0.209s
=case          ejabberd_SUITE:init_per_group
=logfile       ejabberd_suite.init_per_group.20035.html
=group_props   [{name,muc_invite_members_only},parallel]
=started       2025-03-24 17:13:49
=ended         2025-03-24 17:13:49
=result        ok
=elapsed       3.0e-6
=case          ejabberd_SUITE:muc_invite_members_only_master
=logfile       ejabberd_suite.muc_invite_members_only_master.20067.html
=started       2025-03-24 17:13:49
=ended         2025-03-24 17:13:49
=result        ok
=elapsed       0.112919
=case          ejabberd_SUITE:muc_invite_members_only_slave
=logfile       ejabberd_suite.muc_invite_members_only_slave.20099.html
=started       2025-03-24 17:13:49
=ended         2025-03-24 17:13:49
=result        ok
=elapsed       0.110786
=case          ejabberd_SUITE:end_per_group
=logfile       ejabberd_suite.end_per_group.20163.html
=group_props   [{name,muc_invite_members_only},parallel]
=started       2025-03-24 17:13:49
=ended         2025-03-24 17:13:49
=result        ok
=elapsed       2.0e-6
=group_time    0.169s
=case          ejabberd_SUITE:init_per_group
=logfile       ejabberd_suite.init_per_group.20195.html
=group_props   [{name,muc_invite_password_protected},parallel]
=started       2025-03-24 17:13:49
=ended         2025-03-24 17:13:49
=result        ok
=elapsed       4.0e-6
=case          ejabberd_SUITE:muc_invite_password_protected_master
=logfile       ejabberd_suite.muc_invite_password_protected_master.23042.html
=started       2025-03-24 17:13:49
=ended         2025-03-24 17:13:49
=result        ok
=elapsed       0.151883
=case          ejabberd_SUITE:muc_invite_password_protected_slave
=logfile       ejabberd_suite.muc_invite_password_protected_slave.23074.html
=started       2025-03-24 17:13:49
=ended         2025-03-24 17:13:49
=result        ok
=elapsed       0.110263
=case          ejabberd_SUITE:end_per_group
=logfile       ejabberd_suite.end_per_group.23138.html
=group_props   [{name,muc_invite_password_protected},parallel]
=started       2025-03-24 17:13:49
=ended         2025-03-24 17:13:50
=result        ok
=elapsed       2.0e-6
=group_time    0.209s
=case          ejabberd_SUITE:init_per_group
=logfile       ejabberd_suite.init_per_group.23170.html
=group_props   [{name,muc_voice_request},parallel]
=started       2025-03-24 17:13:50
=ended         2025-03-24 17:13:50
=result        ok
=elapsed       3.0e-6
=case          ejabberd_SUITE:muc_voice_request_master
=logfile       ejabberd_suite.muc_voice_request_master.23202.html
=started       2025-03-24 17:13:50
=ended         2025-03-24 17:13:50
=result        ok
=elapsed       0.117712
=case          ejabberd_SUITE:muc_voice_request_slave
=logfile       ejabberd_suite.muc_voice_request_slave.23234.html
=started       2025-03-24 17:13:50
=ended         2025-03-24 17:13:50
=result        ok
=elapsed       0.115242
=case          ejabberd_SUITE:end_per_group
=logfile       ejabberd_suite.end_per_group.15332.html
=group_props   [{name,muc_voice_request},parallel]
=started       2025-03-24 17:13:50
=ended         2025-03-24 17:13:50
=result        ok
=elapsed       2.0e-6
=group_time    0.174s
=case          ejabberd_SUITE:init_per_group
=logfile       ejabberd_suite.init_per_group.23330.html
=group_props   [{name,muc_change_role},parallel]
=started       2025-03-24 17:13:50
=ended         2025-03-24 17:13:50
=result        ok
=elapsed       3.0e-6
=case          ejabberd_SUITE:muc_change_role_master
=logfile       ejabberd_suite.muc_change_role_master.23362.html
=started       2025-03-24 17:13:50
=ended         2025-03-24 17:13:50
=result        ok
=elapsed       0.124809
=case          ejabberd_SUITE:muc_change_role_slave
=logfile       ejabberd_suite.muc_change_role_slave.23394.html
=started       2025-03-24 17:13:50
=ended         2025-03-24 17:13:50
=result        ok
=elapsed       0.121548
=case          ejabberd_SUITE:end_per_group
=logfile       ejabberd_suite.end_per_group.23490.html
=group_props   [{name,muc_change_role},parallel]
=started       2025-03-24 17:13:50
=ended         2025-03-24 17:13:50
=result        ok
=elapsed       2.0e-6
=group_time    0.182s
=case          ejabberd_SUITE:init_per_group
=logfile       ejabberd_suite.init_per_group.23522.html
=group_props   [{name,muc_kick},parallel]
=started       2025-03-24 17:13:50
=ended         2025-03-24 17:13:50
=result        ok
=elapsed       4.0e-6
=case          ejabberd_SUITE:muc_kick_master
=logfile       ejabberd_suite.muc_kick_master.23554.html
=started       2025-03-24 17:13:50
=ended         2025-03-24 17:13:50
=result        ok
=elapsed       0.115502
=case          ejabberd_SUITE:muc_kick_slave
=logfile       ejabberd_suite.muc_kick_slave.23586.html
=started       2025-03-24 17:13:50
=ended         2025-03-24 17:13:50
=result        ok
=elapsed       0.112071
=case          ejabberd_SUITE:end_per_group
=logfile       ejabberd_suite.end_per_group.23650.html
=group_props   [{name,muc_kick},parallel]
=started       2025-03-24 17:13:50
=ended         2025-03-24 17:13:50
=result        ok
=elapsed       2.0e-6
=group_time    0.173s
=case          ejabberd_SUITE:init_per_group
=logfile       ejabberd_suite.init_per_group.20355.html
=group_props   [{name,muc_change_affiliation},parallel]
=started       2025-03-24 17:13:50
=ended         2025-03-24 17:13:50
=result        ok
=elapsed       3.0e-6
=case          ejabberd_SUITE:muc_change_affiliation_master
=logfile       ejabberd_suite.muc_change_affiliation_master.20387.html
=started       2025-03-24 17:13:50
=ended         2025-03-24 17:13:50
=result        ok
=elapsed       0.135481
=case          ejabberd_SUITE:muc_change_affiliation_slave
=logfile       ejabberd_suite.muc_change_affiliation_slave.20419.html
=started       2025-03-24 17:13:50
=ended         2025-03-24 17:13:50
=result        ok
=elapsed       0.125653
=case          ejabberd_SUITE:end_per_group
=logfile       ejabberd_suite.end_per_group.20483.html
=group_props   [{name,muc_change_affiliation},parallel]
=started       2025-03-24 17:13:50
=ended         2025-03-24 17:13:50
=result        ok
=elapsed       2.0e-6
=group_time    0.192s
=case          ejabberd_SUITE:init_per_group
=logfile       ejabberd_suite.init_per_group.20515.html
=group_props   [{name,muc_destroy},parallel]
=started       2025-03-24 17:13:50
=ended         2025-03-24 17:13:50
=result        ok
=elapsed       2.0e-6
=case          ejabberd_SUITE:muc_destroy_master
=logfile       ejabberd_suite.muc_destroy_master.20547.html
=started       2025-03-24 17:13:50
=ended         2025-03-24 17:13:50
=result        ok
=elapsed       0.112349
=case          ejabberd_SUITE:muc_destroy_slave
=logfile       ejabberd_suite.muc_destroy_slave.20579.html
=started       2025-03-24 17:13:50
=ended         2025-03-24 17:13:50
=result        ok
=elapsed       0.112437
=case          ejabberd_SUITE:end_per_group
=logfile       ejabberd_suite.end_per_group.20675.html
=group_props   [{name,muc_destroy},parallel]
=started       2025-03-24 17:13:51
=ended         2025-03-24 17:13:51
=result        ok
=elapsed       2.0e-6
=group_time    0.169s
=case          ejabberd_SUITE:init_per_group
=logfile       ejabberd_suite.init_per_group.23778.html
=group_props   [{name,muc_vcard},parallel]
=started       2025-03-24 17:13:51
=ended         2025-03-24 17:13:51
=result        ok
=elapsed       2.0e-6
=case          ejabberd_SUITE:muc_vcard_master
=logfile       ejabberd_suite.muc_vcard_master.23810.html
=started       2025-03-24 17:13:51
=ended         2025-03-24 17:13:51
=result        ok
=elapsed       0.119646
=case          ejabberd_SUITE:muc_vcard_slave
=logfile       ejabberd_suite.muc_vcard_slave.23842.html
=started       2025-03-24 17:13:51
=ended         2025-03-24 17:13:51
=result        ok
=elapsed       0.115535
=case          ejabberd_SUITE:end_per_group
=logfile       ejabberd_suite.end_per_group.15652.html
=group_props   [{name,muc_vcard},parallel]
=started       2025-03-24 17:13:51
=ended         2025-03-24 17:13:51
=result        ok
=elapsed       2.0e-6
=group_time    0.176s
=case          ejabberd_SUITE:init_per_group
=logfile       ejabberd_suite.init_per_group.15684.html
=group_props   [{name,muc_nick_change},parallel]
=started       2025-03-24 17:13:51
=ended         2025-03-24 17:13:51
=result        ok
=elapsed       3.0e-6
=case          ejabberd_SUITE:muc_nick_change_master
=logfile       ejabberd_suite.muc_nick_change_master.15716.html
=started       2025-03-24 17:13:51
=ended         2025-03-24 17:13:51
=result        ok
=elapsed       0.113957
=case          ejabberd_SUITE:muc_nick_change_slave
=logfile       ejabberd_suite.muc_nick_change_slave.15748.html
=started       2025-03-24 17:13:51
=ended         2025-03-24 17:13:51
=result        ok
=elapsed       0.111958
=case          ejabberd_SUITE:end_per_group
=logfile       ejabberd_suite.end_per_group.20899.html
=group_props   [{name,muc_nick_change},parallel]
=started       2025-03-24 17:13:51
=ended         2025-03-24 17:13:51
=result        ok
=elapsed       1.0e-6
=group_time    0.171s
=case          ejabberd_SUITE:init_per_group
=logfile       ejabberd_suite.init_per_group.20931.html
=group_props   [{name,muc_config_title_desc},parallel]
=started       2025-03-24 17:13:51
=ended         2025-03-24 17:13:51
=result        ok
=elapsed       3.0e-6
=case          ejabberd_SUITE:muc_config_title_desc_master
=logfile       ejabberd_suite.muc_config_title_desc_master.20963.html
=started       2025-03-24 17:13:51
=ended         2025-03-24 17:13:51
=result        ok
=elapsed       0.116647
=case          ejabberd_SUITE:muc_config_title_desc_slave
=logfile       ejabberd_suite.muc_config_title_desc_slave.20995.html
=started       2025-03-24 17:13:51
=ended         2025-03-24 17:13:51
=result        ok
=elapsed       0.111154
=case          ejabberd_SUITE:end_per_group
=logfile       ejabberd_suite.end_per_group.15844.html
=group_props   [{name,muc_config_title_desc},parallel]
=started       2025-03-24 17:13:51
=ended         2025-03-24 17:13:51
=result        ok
=elapsed       2.0e-6
=group_time    0.174s
=case          ejabberd_SUITE:init_per_group
=logfile       ejabberd_suite.init_per_group.21155.html
=group_props   [{name,muc_config_public_list},parallel]
=started       2025-03-24 17:13:51
=ended         2025-03-24 17:13:51
=result        ok
=elapsed       4.0e-6
=case          ejabberd_SUITE:muc_config_public_list_master
=logfile       ejabberd_suite.muc_config_public_list_master.21187.html
=started       2025-03-24 17:13:51
=ended         2025-03-24 17:13:51
=result        ok
=elapsed       0.119958
=case          ejabberd_SUITE:muc_config_public_list_slave
=logfile       ejabberd_suite.muc_config_public_list_slave.21219.html
=started       2025-03-24 17:13:51
=ended         2025-03-24 17:13:51
=result        ok
=elapsed       0.116461
=case          ejabberd_SUITE:end_per_group
=logfile       ejabberd_suite.end_per_group.21283.html
=group_props   [{name,muc_config_public_list},parallel]
=started       2025-03-24 17:13:51
=ended         2025-03-24 17:13:51
=result        ok
=elapsed       3.0e-6
=group_time    0.177s
=case          ejabberd_SUITE:init_per_group
=logfile       ejabberd_suite.init_per_group.21315.html
=group_props   [{name,muc_config_password},parallel]
=started       2025-03-24 17:13:51
=ended         2025-03-24 17:13:51
=result        ok
=elapsed       3.0e-6
=case          ejabberd_SUITE:muc_config_password_master
=logfile       ejabberd_suite.muc_config_password_master.21347.html
=started       2025-03-24 17:13:51
=ended         2025-03-24 17:13:52
=result        ok
=elapsed       0.12179
=case          ejabberd_SUITE:muc_config_password_slave
=logfile       ejabberd_suite.muc_config_password_slave.21379.html
=started       2025-03-24 17:13:51
=ended         2025-03-24 17:13:51
=result        ok
=elapsed       0.118532
=case          ejabberd_SUITE:end_per_group
=logfile       ejabberd_suite.end_per_group.21443.html
=group_props   [{name,muc_config_password},parallel]
=started       2025-03-24 17:13:52
=ended         2025-03-24 17:13:52
=result        ok
=elapsed       2.0e-6
=group_time    0.178s
=case          ejabberd_SUITE:init_per_group
=logfile       ejabberd_suite.init_per_group.21475.html
=group_props   [{name,muc_config_whois},parallel]
=started       2025-03-24 17:13:52
=ended         2025-03-24 17:13:52
=result        ok
=elapsed       3.0e-6
=case          ejabberd_SUITE:muc_config_whois_master
=logfile       ejabberd_suite.muc_config_whois_master.21507.html
=started       2025-03-24 17:13:52
=ended         2025-03-24 17:13:52
=result        ok
=elapsed       0.124556
=case          ejabberd_SUITE:muc_config_whois_slave
=logfile       ejabberd_suite.muc_config_whois_slave.21539.html
=started       2025-03-24 17:13:52
=ended         2025-03-24 17:13:52
=result        ok
=elapsed       0.11979
=case          ejabberd_SUITE:end_per_group
=logfile       ejabberd_suite.end_per_group.21667.html
=group_props   [{name,muc_config_whois},parallel]
=started       2025-03-24 17:13:52
=ended         2025-03-24 17:13:52
=result        ok
=elapsed       2.0e-6
=group_time    0.181s
=case          ejabberd_SUITE:init_per_group
=logfile       ejabberd_suite.init_per_group.16036.html
=group_props   [{name,muc_config_members_only},parallel]
=started       2025-03-24 17:13:52
=ended         2025-03-24 17:13:52
=result        ok
=elapsed       3.0e-6
=case          ejabberd_SUITE:muc_config_members_only_master
=logfile       ejabberd_suite.muc_config_members_only_master.16068.html
=started       2025-03-24 17:13:52
=ended         2025-03-24 17:13:52
=result        ok
=elapsed       0.124862
=case          ejabberd_SUITE:muc_config_members_only_slave
=logfile       ejabberd_suite.muc_config_members_only_slave.16100.html
=started       2025-03-24 17:13:52
=ended         2025-03-24 17:13:52
=result        ok
=elapsed       0.118421
=case          ejabberd_SUITE:end_per_group
=logfile       ejabberd_suite.end_per_group.16228.html
=group_props   [{name,muc_config_members_only},parallel]
=started       2025-03-24 17:13:52
=ended         2025-03-24 17:13:52
=result        ok
=elapsed       2.0e-6
=group_time    0.182s
=case          ejabberd_SUITE:init_per_group
=logfile       ejabberd_suite.init_per_group.16260.html
=group_props   [{name,muc_config_moderated},parallel]
=started       2025-03-24 17:13:52
=ended         2025-03-24 17:13:52
=result        ok
=elapsed       3.0e-6
=case          ejabberd_SUITE:muc_config_moderated_master
=logfile       ejabberd_suite.muc_config_moderated_master.16292.html
=started       2025-03-24 17:13:52
=ended         2025-03-24 17:13:52
=result        ok
=elapsed       0.120975
=case          ejabberd_SUITE:muc_config_moderated_slave
=logfile       ejabberd_suite.muc_config_moderated_slave.16324.html
=started       2025-03-24 17:13:52
=ended         2025-03-24 17:13:52
=result        ok
=elapsed       0.117958
=case          ejabberd_SUITE:end_per_group
=logfile       ejabberd_suite.end_per_group.16452.html
=group_props   [{name,muc_config_moderated},parallel]
=started       2025-03-24 17:13:52
=ended         2025-03-24 17:13:52
=result        ok
=elapsed       7.0e-6
=group_time    0.179s
=case          ejabberd_SUITE:init_per_group
=logfile       ejabberd_suite.init_per_group.16484.html
=group_props   [{name,muc_config_private_messages},parallel]
=started       2025-03-24 17:13:52
=ended         2025-03-24 17:13:52
=result        ok
=elapsed       3.0e-6
=case          ejabberd_SUITE:muc_config_private_messages_master
=logfile       ejabberd_suite.muc_config_private_messages_master.16516.html
=started       2025-03-24 17:13:52
=ended         2025-03-24 17:13:52
=result        ok
=elapsed       0.129695
=case          ejabberd_SUITE:muc_config_private_messages_slave
=logfile       ejabberd_suite.muc_config_private_messages_slave.16548.html
=started       2025-03-24 17:13:52
=ended         2025-03-24 17:13:52
=result        ok
=elapsed       0.127379
=case          ejabberd_SUITE:end_per_group
=logfile       ejabberd_suite.end_per_group.16644.html
=group_props   [{name,muc_config_private_messages},parallel]
=started       2025-03-24 17:13:52
=ended         2025-03-24 17:13:52
=result        ok
=elapsed       2.0e-6
=group_time    0.187s
=case          ejabberd_SUITE:init_per_group
=logfile       ejabberd_suite.init_per_group.21827.html
=group_props   [{name,muc_config_query},parallel]
=started       2025-03-24 17:13:52
=ended         2025-03-24 17:13:52
=result        ok
=elapsed       3.0e-6
=case          ejabberd_SUITE:muc_config_query_master
=logfile       ejabberd_suite.muc_config_query_master.21859.html
=started       2025-03-24 17:13:52
=ended         2025-03-24 17:13:53
=result        ok
=elapsed       0.163355
=case          ejabberd_SUITE:muc_config_query_slave
=logfile       ejabberd_suite.muc_config_query_slave.16676.html
=started       2025-03-24 17:13:52
=ended         2025-03-24 17:13:53
=result        ok
=elapsed       0.160248
=case          ejabberd_SUITE:end_per_group
=logfile       ejabberd_suite.end_per_group.16740.html
=group_props   [{name,muc_config_query},parallel]
=started       2025-03-24 17:13:53
=ended         2025-03-24 17:13:53
=result        ok
=elapsed       2.0e-6
=group_time    0.220s
=case          ejabberd_SUITE:init_per_group
=logfile       ejabberd_suite.init_per_group.16772.html
=group_props   [{name,muc_config_allow_invites},parallel]
=started       2025-03-24 17:13:53
=ended         2025-03-24 17:13:53
=result        ok
=elapsed       3.0e-6
=case          ejabberd_SUITE:muc_config_allow_invites_master
=logfile       ejabberd_suite.muc_config_allow_invites_master.16804.html
=started       2025-03-24 17:13:53
=ended         2025-03-24 17:13:53
=result        ok
=elapsed       0.119567
=case          ejabberd_SUITE:muc_config_allow_invites_slave
=logfile       ejabberd_suite.muc_config_allow_invites_slave.16836.html
=started       2025-03-24 17:13:53
=ended         2025-03-24 17:13:53
=result        ok
=elapsed       0.117006
=case          ejabberd_SUITE:end_per_group
=logfile       ejabberd_suite.end_per_group.16932.html
=group_props   [{name,muc_config_allow_invites},parallel]
=started       2025-03-24 17:13:53
=ended         2025-03-24 17:13:53
=result        ok
=elapsed       2.0e-6
=group_time    0.176s
=case          ejabberd_SUITE:init_per_group
=logfile       ejabberd_suite.init_per_group.22051.html
=group_props   [{name,muc_config_visitor_status},parallel]
=started       2025-03-24 17:13:53
=ended         2025-03-24 17:13:53
=result        ok
=elapsed       3.0e-6
=case          ejabberd_SUITE:muc_config_visitor_status_master
=logfile       ejabberd_suite.muc_config_visitor_status_master.22083.html
=started       2025-03-24 17:13:53
=ended         2025-03-24 17:13:53
=result        ok
=elapsed       0.120595
=case          ejabberd_SUITE:muc_config_visitor_status_slave
=logfile       ejabberd_suite.muc_config_visitor_status_slave.22115.html
=started       2025-03-24 17:13:53
=ended         2025-03-24 17:13:53
=result        ok
=elapsed       0.117995
=case          ejabberd_SUITE:end_per_group
=logfile       ejabberd_suite.end_per_group.22179.html
=group_props   [{name,muc_config_visitor_status},parallel]
=started       2025-03-24 17:13:53
=ended         2025-03-24 17:13:53
=result        ok
=elapsed       2.0e-6
=group_time    0.177s
=case          ejabberd_SUITE:init_per_group
=logfile       ejabberd_suite.init_per_group.16996.html
=group_props   [{name,muc_config_allow_voice_requests},parallel]
=started       2025-03-24 17:13:53
=ended         2025-03-24 17:13:53
=result        ok
=elapsed       4.0e-6
=case          ejabberd_SUITE:muc_config_allow_voice_requests_master
=logfile       ejabberd_suite.muc_config_allow_voice_requests_master.17028.html
=started       2025-03-24 17:13:53
=ended         2025-03-24 17:13:53
=result        ok
=elapsed       0.117676
=case          ejabberd_SUITE:muc_config_allow_voice_requests_slave
=logfile       ejabberd_suite.muc_config_allow_voice_requests_slave.17060.html
=started       2025-03-24 17:13:53
=ended         2025-03-24 17:13:53
=result        ok
=elapsed       0.116347
=case          ejabberd_SUITE:end_per_group
=logfile       ejabberd_suite.end_per_group.17156.html
=group_props   [{name,muc_config_allow_voice_requests},parallel]
=started       2025-03-24 17:13:53
=ended         2025-03-24 17:13:53
=result        ok
=elapsed       2.0e-6
=group_time    0.175s
=case          ejabberd_SUITE:init_per_group
=logfile       ejabberd_suite.init_per_group.22275.html
=group_props   [{name,muc_config_voice_request_interval},parallel]
=started       2025-03-24 17:13:53
=ended         2025-03-24 17:13:53
=result        ok
=elapsed       4.0e-6
=case          ejabberd_SUITE:muc_config_voice_request_interval_master
=logfile       ejabberd_suite.muc_config_voice_request_interval_master.22307.html
=started       2025-03-24 17:13:53
=ended         2025-03-24 17:13:58
=result        ok
=elapsed       5.205042
=case          ejabberd_SUITE:muc_config_voice_request_interval_slave
=logfile       ejabberd_suite.muc_config_voice_request_interval_slave.22339.html
=started       2025-03-24 17:13:53
=ended         2025-03-24 17:13:58
=result        ok
=elapsed       5.202218
=case          ejabberd_SUITE:end_per_group
=logfile       ejabberd_suite.end_per_group.17252.html
=group_props   [{name,muc_config_voice_request_interval},parallel]
=started       2025-03-24 17:13:58
=ended         2025-03-24 17:13:58
=result        ok
=elapsed       2.0e-6
=group_time    5.263s
=case          ejabberd_SUITE:init_per_group
=logfile       ejabberd_suite.init_per_group.17284.html
=group_props   [{name,muc_config_visitor_nickchange},parallel]
=started       2025-03-24 17:13:58
=ended         2025-03-24 17:13:59
=result        ok
=elapsed       3.0e-6
=case          ejabberd_SUITE:muc_config_visitor_nickchange_master
=logfile       ejabberd_suite.muc_config_visitor_nickchange_master.17316.html
=started       2025-03-24 17:13:59
=ended         2025-03-24 17:13:59
=result        ok
=elapsed       0.117614
=case          ejabberd_SUITE:muc_config_visitor_nickchange_slave
=logfile       ejabberd_suite.muc_config_visitor_nickchange_slave.17348.html
=started       2025-03-24 17:13:59
=ended         2025-03-24 17:13:59
=result        ok
=elapsed       0.114322
=case          ejabberd_SUITE:end_per_group
=logfile       ejabberd_suite.end_per_group.17380.html
=group_props   [{name,muc_config_visitor_nickchange},parallel]
=started       2025-03-24 17:13:59
=ended         2025-03-24 17:13:59
=result        ok
=elapsed       2.0e-6
=group_time    0.174s
=case          ejabberd_SUITE:init_per_group
=logfile       ejabberd_suite.init_per_group.17412.html
=group_props   [{name,muc_join_conflict},parallel]
=started       2025-03-24 17:13:59
=ended         2025-03-24 17:13:59
=result        ok
=elapsed       3.0e-6
=case          ejabberd_SUITE:muc_join_conflict_master
=logfile       ejabberd_suite.muc_join_conflict_master.17444.html
=started       2025-03-24 17:13:59
=ended         2025-03-24 17:13:59
=result        ok
=elapsed       0.11077
=case          ejabberd_SUITE:muc_join_conflict_slave
=logfile       ejabberd_suite.muc_join_conflict_slave.17476.html
=started       2025-03-24 17:13:59
=ended         2025-03-24 17:13:59
=result        ok
=elapsed       0.109531
=case          ejabberd_SUITE:end_per_group
=logfile       ejabberd_suite.end_per_group.17540.html
=group_props   [{name,muc_join_conflict},parallel]
=started       2025-03-24 17:13:59
=ended         2025-03-24 17:13:59
=result        ok
=elapsed       2.0e-6
=group_time    0.169s
=case          ejabberd_SUITE:end_per_group
=logfile       ejabberd_suite.end_per_group.17572.html
=group_props   [{name,muc_master_slave},sequence]
=started       2025-03-24 17:13:59
=ended         2025-03-24 17:13:59
=result        ok
=elapsed       1.0e-6
=group_time    11.149s
=case          ejabberd_SUITE:init_per_group
=logfile       ejabberd_suite.init_per_group.17604.html
=group_props   [{name,privacy_master_slave},sequence]
=started       2025-03-24 17:13:59
=ended         2025-03-24 17:13:59
=result        ok
=elapsed       6.0e-6
=case          ejabberd_SUITE:init_per_group
=logfile       ejabberd_suite.init_per_group.17636.html
=group_props   [{name,privacy_deny_bare_jid},parallel]
=started       2025-03-24 17:13:59
=ended         2025-03-24 17:13:59
=result        ok
=elapsed       2.0e-6
=case          ejabberd_SUITE:privacy_deny_bare_jid_master
=logfile       ejabberd_suite.privacy_deny_bare_jid_master.17668.html
=started       2025-03-24 17:13:59
=ended         2025-03-24 17:14:00
=result        ok
=elapsed       1.141194
=case          ejabberd_SUITE:privacy_deny_bare_jid_slave
=logfile       ejabberd_suite.privacy_deny_bare_jid_slave.17700.html
=started       2025-03-24 17:13:59
=ended         2025-03-24 17:14:00
=result        ok
=elapsed       1.141611
=case          ejabberd_SUITE:end_per_group
=logfile       ejabberd_suite.end_per_group.22723.html
=group_props   [{name,privacy_deny_bare_jid},parallel]
=started       2025-03-24 17:14:00
=ended         2025-03-24 17:14:00
=result        ok
=elapsed       3.0e-6
=group_time    1.199s
=case          ejabberd_SUITE:init_per_group
=logfile       ejabberd_suite.init_per_group.22755.html
=group_props   [{name,privacy_deny_full_jid},parallel]
=started       2025-03-24 17:14:00
=ended         2025-03-24 17:14:00
=result        ok
=elapsed       4.0e-6
=case          ejabberd_SUITE:privacy_deny_full_jid_master
=logfile       ejabberd_suite.privacy_deny_full_jid_master.22787.html
=started       2025-03-24 17:14:00
=ended         2025-03-24 17:14:01
=result        ok
=elapsed       1.154039
=case          ejabberd_SUITE:privacy_deny_full_jid_slave
=logfile       ejabberd_suite.privacy_deny_full_jid_slave.22819.html
=started       2025-03-24 17:14:00
=ended         2025-03-24 17:14:01
=result        ok
=elapsed       1.152601
=case          ejabberd_SUITE:end_per_group
=logfile       ejabberd_suite.end_per_group.22947.html
=group_props   [{name,privacy_deny_full_jid},parallel]
=started       2025-03-24 17:14:01
=ended         2025-03-24 17:14:01
=result        ok
=elapsed       3.0e-6
=group_time    1.212s
=case          ejabberd_SUITE:init_per_group
=logfile       ejabberd_suite.init_per_group.22979.html
=group_props   [{name,privacy_deny_server_bare_jid},parallel]
=started       2025-03-24 17:14:01
=ended         2025-03-24 17:14:01
=result        ok
=elapsed       4.0e-6
=case          ejabberd_SUITE:privacy_deny_server_bare_jid_master
=logfile       ejabberd_suite.privacy_deny_server_bare_jid_master.23011.html
=started       2025-03-24 17:14:01
=ended         2025-03-24 17:14:03
=result        ok
=elapsed       1.138859
=case          ejabberd_SUITE:privacy_deny_server_bare_jid_slave
=logfile       ejabberd_suite.privacy_deny_server_bare_jid_slave.23043.html
=started       2025-03-24 17:14:01
=ended         2025-03-24 17:14:03
=result        ok
=elapsed       1.13846
=case          ejabberd_SUITE:end_per_group
=logfile       ejabberd_suite.end_per_group.24546.html
=group_props   [{name,privacy_deny_server_bare_jid},parallel]
=started       2025-03-24 17:14:03
=ended         2025-03-24 17:14:03
=result        ok
=elapsed       2.0e-6
=group_time    1.197s
=case          ejabberd_SUITE:init_per_group
=logfile       ejabberd_suite.init_per_group.23139.html
=group_props   [{name,privacy_deny_server_full_jid},parallel]
=started       2025-03-24 17:14:03
=ended         2025-03-24 17:14:03
=result        ok
=elapsed       4.0e-6
=case          ejabberd_SUITE:privacy_deny_server_full_jid_master
=logfile       ejabberd_suite.privacy_deny_server_full_jid_master.23171.html
=started       2025-03-24 17:14:03
=ended         2025-03-24 17:14:04
=result        ok
=elapsed       1.150089
=case          ejabberd_SUITE:privacy_deny_server_full_jid_slave
=logfile       ejabberd_suite.privacy_deny_server_full_jid_slave.23203.html
=started       2025-03-24 17:14:03
=ended         2025-03-24 17:14:04
=result        ok
=elapsed       1.150914
=case          ejabberd_SUITE:end_per_group
=logfile       ejabberd_suite.end_per_group.24610.html
=group_props   [{name,privacy_deny_server_full_jid},parallel]
=started       2025-03-24 17:14:04
=ended         2025-03-24 17:14:04
=result        ok
=elapsed       2.0e-6
=group_time    1.208s
=case          ejabberd_SUITE:init_per_group
=logfile       ejabberd_suite.init_per_group.24642.html
=group_props   [{name,privacy_deny_group},parallel]
=started       2025-03-24 17:14:04
=ended         2025-03-24 17:14:04
=result        ok
=elapsed       3.0e-6
=case          ejabberd_SUITE:privacy_deny_group_master
=logfile       ejabberd_suite.privacy_deny_group_master.24674.html
=started       2025-03-24 17:14:04
=ended         2025-03-24 17:14:05
=result        ok
=elapsed       1.152647
=case          ejabberd_SUITE:privacy_deny_group_slave
=logfile       ejabberd_suite.privacy_deny_group_slave.24706.html
=started       2025-03-24 17:14:04
=ended         2025-03-24 17:14:05
=result        ok
=elapsed       1.152887
=case          ejabberd_SUITE:end_per_group
=logfile       ejabberd_suite.end_per_group.24770.html
=group_props   [{name,privacy_deny_group},parallel]
=started       2025-03-24 17:14:05
=ended         2025-03-24 17:14:05
=result        ok
=elapsed       3.0e-6
=group_time    1.211s
=case          ejabberd_SUITE:init_per_group
=logfile       ejabberd_suite.init_per_group.24802.html
=group_props   [{name,privacy_deny_sub_both},parallel]
=started       2025-03-24 17:14:05
=ended         2025-03-24 17:14:05
=result        ok
=elapsed       3.0e-6
=case          ejabberd_SUITE:privacy_deny_sub_both_master
=logfile       ejabberd_suite.privacy_deny_sub_both_master.24834.html
=started       2025-03-24 17:14:05
=ended         2025-03-24 17:14:06
=result        ok
=elapsed       1.150301
=case          ejabberd_SUITE:privacy_deny_sub_both_slave
=logfile       ejabberd_suite.privacy_deny_sub_both_slave.23459.html
=started       2025-03-24 17:14:05
=ended         2025-03-24 17:14:06
=result        ok
=elapsed       1.149284
=case          ejabberd_SUITE:end_per_group
=logfile       ejabberd_suite.end_per_group.23619.html
=group_props   [{name,privacy_deny_sub_both},parallel]
=started       2025-03-24 17:14:06
=ended         2025-03-24 17:14:06
=result        ok
=elapsed       2.0e-6
=group_time    1.208s
=case          ejabberd_SUITE:init_per_group
=logfile       ejabberd_suite.init_per_group.23651.html
=group_props   [{name,privacy_deny_sub_from},parallel]
=started       2025-03-24 17:14:06
=ended         2025-03-24 17:14:06
=result        ok
=elapsed       3.0e-6
=case          ejabberd_SUITE:privacy_deny_sub_from_master
=logfile       ejabberd_suite.privacy_deny_sub_from_master.23683.html
=started       2025-03-24 17:14:06
=ended         2025-03-24 17:14:08
=result        ok
=elapsed       1.156271
=case          ejabberd_SUITE:privacy_deny_sub_from_slave
=logfile       ejabberd_suite.privacy_deny_sub_from_slave.23715.html
=started       2025-03-24 17:14:06
=ended         2025-03-24 17:14:08
=result        ok
=elapsed       1.155894
=case          ejabberd_SUITE:end_per_group
=logfile       ejabberd_suite.end_per_group.23875.html
=group_props   [{name,privacy_deny_sub_from},parallel]
=started       2025-03-24 17:14:08
=ended         2025-03-24 17:14:08
=result        ok
=elapsed       2.0e-6
=group_time    1.216s
=case          ejabberd_SUITE:init_per_group
=logfile       ejabberd_suite.init_per_group.23907.html
=group_props   [{name,privacy_deny_sub_to},parallel]
=started       2025-03-24 17:14:08
=ended         2025-03-24 17:14:08
=result        ok
=elapsed       3.0e-6
=case          ejabberd_SUITE:privacy_deny_sub_to_master
=logfile       ejabberd_suite.privacy_deny_sub_to_master.23939.html
=started       2025-03-24 17:14:08
=ended         2025-03-24 17:14:09
=result        ok
=elapsed       1.148529
=case          ejabberd_SUITE:privacy_deny_sub_to_slave
=logfile       ejabberd_suite.privacy_deny_sub_to_slave.23971.html
=started       2025-03-24 17:14:08
=ended         2025-03-24 17:14:09
=result        ok
=elapsed       1.148131
=case          ejabberd_SUITE:end_per_group
=logfile       ejabberd_suite.end_per_group.24195.html
=group_props   [{name,privacy_deny_sub_to},parallel]
=started       2025-03-24 17:14:09
=ended         2025-03-24 17:14:09
=result        ok
=elapsed       2.0e-6
=group_time    1.206s
=case          ejabberd_SUITE:init_per_group
=logfile       ejabberd_suite.init_per_group.24227.html
=group_props   [{name,privacy_deny_sub_none},parallel]
=started       2025-03-24 17:14:09
=ended         2025-03-24 17:14:09
=result        ok
=elapsed       4.0e-6
=case          ejabberd_SUITE:privacy_deny_sub_none_master
=logfile       ejabberd_suite.privacy_deny_sub_none_master.24259.html
=started       2025-03-24 17:14:09
=ended         2025-03-24 17:14:10
=result        ok
=elapsed       1.147189
=case          ejabberd_SUITE:privacy_deny_sub_none_slave
=logfile       ejabberd_suite.privacy_deny_sub_none_slave.24291.html
=started       2025-03-24 17:14:09
=ended         2025-03-24 17:14:10
=result        ok
=elapsed       1.147002
=case          ejabberd_SUITE:end_per_group
=logfile       ejabberd_suite.end_per_group.18020.html
=group_props   [{name,privacy_deny_sub_none},parallel]
=started       2025-03-24 17:14:10
=ended         2025-03-24 17:14:10
=result        ok
=elapsed       2.0e-6
=group_time    1.205s
=case          ejabberd_SUITE:init_per_group
=logfile       ejabberd_suite.init_per_group.18052.html
=group_props   [{name,privacy_deny_all},parallel]
=started       2025-03-24 17:14:10
=ended         2025-03-24 17:14:10
=result        ok
=elapsed       3.0e-6
=case          ejabberd_SUITE:privacy_deny_all_master
=logfile       ejabberd_suite.privacy_deny_all_master.18084.html
=started       2025-03-24 17:14:10
=ended         2025-03-24 17:14:11
=result        ok
=elapsed       1.142388
=case          ejabberd_SUITE:privacy_deny_all_slave
=logfile       ejabberd_suite.privacy_deny_all_slave.18116.html
=started       2025-03-24 17:14:10
=ended         2025-03-24 17:14:11
=result        ok
=elapsed       1.142221
=case          ejabberd_SUITE:end_per_group
=logfile       ejabberd_suite.end_per_group.18212.html
=group_props   [{name,privacy_deny_all},parallel]
=started       2025-03-24 17:14:11
=ended         2025-03-24 17:14:11
=result        ok
=elapsed       2.0e-6
=group_time    1.202s
=case          ejabberd_SUITE:init_per_group
=logfile       ejabberd_suite.init_per_group.18244.html
=group_props   [{name,privacy_deny_offline},parallel]
=started       2025-03-24 17:14:11
=ended         2025-03-24 17:14:11
=result        ok
=elapsed       3.0e-6
=case          ejabberd_SUITE:privacy_deny_offline_master
=logfile       ejabberd_suite.privacy_deny_offline_master.18276.html
=started       2025-03-24 17:14:11
=ended         2025-03-24 17:14:12
=result        ok
=elapsed       0.233094
=case          ejabberd_SUITE:privacy_deny_offline_slave
=logfile       ejabberd_suite.privacy_deny_offline_slave.24451.html
=started       2025-03-24 17:14:11
=ended         2025-03-24 17:14:12
=result        ok
=elapsed       0.33499
=case          ejabberd_SUITE:end_per_group
=logfile       ejabberd_suite.end_per_group.24483.html
=group_props   [{name,privacy_deny_offline},parallel]
=started       2025-03-24 17:14:12
=ended         2025-03-24 17:14:12
=result        ok
=elapsed       2.0e-6
=group_time    0.392s
=case          ejabberd_SUITE:init_per_group
=logfile       ejabberd_suite.init_per_group.24515.html
=group_props   [{name,privacy_block},parallel]
=started       2025-03-24 17:14:12
=ended         2025-03-24 17:14:12
=result        ok
=elapsed       3.0e-6
=case          ejabberd_SUITE:privacy_block_master
=logfile       ejabberd_suite.privacy_block_master.24547.html
=started       2025-03-24 17:14:12
=ended         2025-03-24 17:14:12
=result        ok
=elapsed       0.427207
=case          ejabberd_SUITE:privacy_block_slave
=logfile       ejabberd_suite.privacy_block_slave.24579.html
=started       2025-03-24 17:14:12
=ended         2025-03-24 17:14:12
=result        ok
=elapsed       0.42754
=case          ejabberd_SUITE:end_per_group
=logfile       ejabberd_suite.end_per_group.24611.html
=group_props   [{name,privacy_block},parallel]
=started       2025-03-24 17:14:12
=ended         2025-03-24 17:14:12
=result        ok
=elapsed       2.0e-6
=group_time    0.485s
=case          ejabberd_SUITE:init_per_group
=logfile       ejabberd_suite.init_per_group.24643.html
=group_props   [{name,privacy_unblock},parallel]
=started       2025-03-24 17:14:12
=ended         2025-03-24 17:14:12
=result        ok
=elapsed       3.0e-6
=case          ejabberd_SUITE:privacy_unblock_master
=logfile       ejabberd_suite.privacy_unblock_master.24675.html
=started       2025-03-24 17:14:12
=ended         2025-03-24 17:14:12
=result        ok
=elapsed       0.197369
=case          ejabberd_SUITE:privacy_unblock_slave
=logfile       ejabberd_suite.privacy_unblock_slave.24707.html
=started       2025-03-24 17:14:12
=ended         2025-03-24 17:14:12
=result        ok
=elapsed       0.190813
=case          ejabberd_SUITE:end_per_group
=logfile       ejabberd_suite.end_per_group.24771.html
=group_props   [{name,privacy_unblock},parallel]
=started       2025-03-24 17:14:12
=ended         2025-03-24 17:14:12
=result        ok
=elapsed       2.0e-6
=group_time    0.254s
=case          ejabberd_SUITE:init_per_group
=logfile       ejabberd_suite.init_per_group.24803.html
=group_props   [{name,privacy_unblock_all},parallel]
=started       2025-03-24 17:14:12
=ended         2025-03-24 17:14:12
=result        ok
=elapsed       4.0e-6
=case          ejabberd_SUITE:privacy_unblock_all_master
=logfile       ejabberd_suite.privacy_unblock_all_master.24835.html
=started       2025-03-24 17:14:12
=ended         2025-03-24 17:14:13
=result        ok
=elapsed       0.195354
=case          ejabberd_SUITE:privacy_unblock_all_slave
=logfile       ejabberd_suite.privacy_unblock_all_slave.24867.html
=started       2025-03-24 17:14:12
=ended         2025-03-24 17:14:13
=result        ok
=elapsed       0.192515
=case          ejabberd_SUITE:end_per_group
=logfile       ejabberd_suite.end_per_group.24931.html
=group_props   [{name,privacy_unblock_all},parallel]
=started       2025-03-24 17:14:13
=ended         2025-03-24 17:14:13
=result        ok
=elapsed       2.0e-6
=group_time    0.251s
=case          ejabberd_SUITE:end_per_group
=logfile       ejabberd_suite.end_per_group.18500.html
=group_props   [{name,privacy_master_slave},sequence]
=started       2025-03-24 17:14:13
=ended         2025-03-24 17:14:13
=result        ok
=elapsed       2.0e-6
=group_time    13.821s
=case          ejabberd_SUITE:init_per_group
=logfile       ejabberd_suite.init_per_group.18532.html
=group_props   [{name,pubsub_master_slave},sequence]
=started       2025-03-24 17:14:13
=ended         2025-03-24 17:14:13
=result        ok
=elapsed       6.0e-6
=case          ejabberd_SUITE:init_per_group
=logfile       ejabberd_suite.init_per_group.18564.html
=group_props   [{name,pubsub_publish},parallel]
=started       2025-03-24 17:14:13
=ended         2025-03-24 17:14:13
=result        ok
=elapsed       2.0e-6
=case          ejabberd_SUITE:pubsub_publish_master
=logfile       ejabberd_suite.pubsub_publish_master.18596.html
=started       2025-03-24 17:14:13
=ended         2025-03-24 17:14:13
=result        ok
=elapsed       0.108329
=case          ejabberd_SUITE:pubsub_publish_slave
=logfile       ejabberd_suite.pubsub_publish_slave.18628.html
=started       2025-03-24 17:14:13
=ended         2025-03-24 17:14:13
=result        ok
=elapsed       0.106837
=case          ejabberd_SUITE:end_per_group
=logfile       ejabberd_suite.end_per_group.18692.html
=group_props   [{name,pubsub_publish},parallel]
=started       2025-03-24 17:14:13
=ended         2025-03-24 17:14:13
=result        ok
=elapsed       2.0e-6
=group_time    0.166s
=case          ejabberd_SUITE:init_per_group
=logfile       ejabberd_suite.init_per_group.18724.html
=group_props   [{name,pubsub_subscriptions},parallel]
=started       2025-03-24 17:14:13
=ended         2025-03-24 17:14:13
=result        ok
=elapsed       3.0e-6
=case          ejabberd_SUITE:pubsub_subscriptions_master
=logfile       ejabberd_suite.pubsub_subscriptions_master.18756.html
=started       2025-03-24 17:14:13
=ended         2025-03-24 17:14:13
=result        ok
=elapsed       0.12413
=case          ejabberd_SUITE:pubsub_subscriptions_slave
=logfile       ejabberd_suite.pubsub_subscriptions_slave.18788.html
=started       2025-03-24 17:14:13
=ended         2025-03-24 17:14:13
=result        ok
=elapsed       0.116677
=case          ejabberd_SUITE:end_per_group
=logfile       ejabberd_suite.end_per_group.18884.html
=group_props   [{name,pubsub_subscriptions},parallel]
=started       2025-03-24 17:14:13
=ended         2025-03-24 17:14:13
=result        ok
=elapsed       2.0e-6
=group_time    0.182s
=case          ejabberd_SUITE:init_per_group
=logfile       ejabberd_suite.init_per_group.18916.html
=group_props   [{name,pubsub_affiliations},parallel]
=started       2025-03-24 17:14:13
=ended         2025-03-24 17:14:13
=result        ok
=elapsed       3.0e-6
=case          ejabberd_SUITE:pubsub_affiliations_master
=logfile       ejabberd_suite.pubsub_affiliations_master.18948.html
=started       2025-03-24 17:14:13
=ended         2025-03-24 17:14:15
=result        ok
=elapsed       1.705837
=case          ejabberd_SUITE:pubsub_affiliations_slave
=logfile       ejabberd_suite.pubsub_affiliations_slave.18980.html
=started       2025-03-24 17:14:13
=ended         2025-03-24 17:14:15
=result        ok
=elapsed       1.724576
=case          ejabberd_SUITE:end_per_group
=logfile       ejabberd_suite.end_per_group.19076.html
=group_props   [{name,pubsub_affiliations},parallel]
=started       2025-03-24 17:14:15
=ended         2025-03-24 17:14:15
=result        ok
=elapsed       2.0e-6
=group_time    1.781s
=case          ejabberd_SUITE:init_per_group
=logfile       ejabberd_suite.init_per_group.19108.html
=group_props   [{name,pubsub_authorize},parallel]
=started       2025-03-24 17:14:15
=ended         2025-03-24 17:14:15
=result        ok
=elapsed       3.0e-6
=case          ejabberd_SUITE:pubsub_authorize_master
=logfile       ejabberd_suite.pubsub_authorize_master.19140.html
=started       2025-03-24 17:14:15
=ended         2025-03-24 17:14:15
=result        ok
=elapsed       0.194086
=case          ejabberd_SUITE:pubsub_authorize_slave
=logfile       ejabberd_suite.pubsub_authorize_slave.19172.html
=started       2025-03-24 17:14:15
=ended         2025-03-24 17:14:15
=result        ok
=elapsed       0.151438
=case          ejabberd_SUITE:end_per_group
=logfile       ejabberd_suite.end_per_group.19236.html
=group_props   [{name,pubsub_authorize},parallel]
=started       2025-03-24 17:14:15
=ended         2025-03-24 17:14:15
=result        ok
=elapsed       2.0e-6
=group_time    0.251s
=case          ejabberd_SUITE:end_per_group
=logfile       ejabberd_suite.end_per_group.25091.html
=group_props   [{name,pubsub_master_slave},sequence]
=started       2025-03-24 17:14:15
=ended         2025-03-24 17:14:15
=result        ok
=elapsed       1.0e-6
=group_time    2.505s
=case          ejabberd_SUITE:init_per_group
=logfile       ejabberd_suite.init_per_group.25123.html
=group_props   [{name,roster_master_slave},sequence]
=started       2025-03-24 17:14:15
=ended         2025-03-24 17:14:15
=result        ok
=elapsed       6.0e-6
=case          ejabberd_SUITE:init_per_group
=logfile       ejabberd_suite.init_per_group.25155.html
=group_props   [{name,roster_subscribe},parallel]
=started       2025-03-24 17:14:15
=ended         2025-03-24 17:14:15
=result        ok
=elapsed       2.0e-6
=case          ejabberd_SUITE:roster_subscribe_master
=logfile       ejabberd_suite.roster_subscribe_master.25187.html
=started       2025-03-24 17:14:15
=ended         2025-03-24 17:14:28
=result        ok
=elapsed       12.413432
=case          ejabberd_SUITE:roster_subscribe_slave
=logfile       ejabberd_suite.roster_subscribe_slave.25219.html
=started       2025-03-24 17:14:15
=ended         2025-03-24 17:14:28
=result        ok
=elapsed       12.413712
=case          ejabberd_SUITE:end_per_group
=logfile       ejabberd_suite.end_per_group.27587.html
=group_props   [{name,roster_subscribe},parallel]
=started       2025-03-24 17:14:28
=ended         2025-03-24 17:14:28
=result        ok
=elapsed       2.0e-6
=group_time    12.470s
=case          ejabberd_SUITE:end_per_group
=logfile       ejabberd_suite.end_per_group.27619.html
=group_props   [{name,roster_master_slave},sequence]
=started       2025-03-24 17:14:28
=ended         2025-03-24 17:14:28
=result        ok
=elapsed       1.0e-6
=group_time    12.520s
=case          ejabberd_SUITE:init_per_group
=logfile       ejabberd_suite.init_per_group.27234.html
=group_props   [{name,offline_master_slave},sequence]
=started       2025-03-24 17:14:28
=ended         2025-03-24 17:14:28
=result        ok
=elapsed       8.0e-6
=case          ejabberd_SUITE:init_per_group
=logfile       ejabberd_suite.init_per_group.27266.html
=group_props   [{name,offline_flex},parallel]
=started       2025-03-24 17:14:28
=ended         2025-03-24 17:14:28
=result        ok
=elapsed       2.0e-6
=case          ejabberd_SUITE:offline_flex_master
=logfile       ejabberd_suite.offline_flex_master.27298.html
=started       2025-03-24 17:14:28
=ended         2025-03-24 17:14:28
=result        ok
=elapsed       0.204071
=case          ejabberd_SUITE:offline_flex_slave
=logfile       ejabberd_suite.offline_flex_slave.27330.html
=started       2025-03-24 17:14:28
=ended         2025-03-24 17:14:28
=result        ok
=elapsed       0.325079
=case          ejabberd_SUITE:end_per_group
=logfile       ejabberd_suite.end_per_group.27426.html
=group_props   [{name,offline_flex},parallel]
=started       2025-03-24 17:14:28
=ended         2025-03-24 17:14:28
=result        ok
=elapsed       3.0e-6
=group_time    0.381s
=case          ejabberd_SUITE:init_per_group
=logfile       ejabberd_suite.init_per_group.27458.html
=group_props   [{name,offline_send_all},parallel]
=started       2025-03-24 17:14:28
=ended         2025-03-24 17:14:28
=result        ok
=elapsed       4.0e-6
=case          ejabberd_SUITE:offline_send_all_master
=logfile       ejabberd_suite.offline_send_all_master.27490.html
=started       2025-03-24 17:14:28
=ended         2025-03-24 17:14:42
=result        ok
=elapsed       13.728388
=case          ejabberd_SUITE:offline_send_all_slave
=logfile       ejabberd_suite.offline_send_all_slave.27522.html
=started       2025-03-24 17:14:28
=ended         2025-03-24 17:14:42
=result        ok
=elapsed       13.889764
=case          ejabberd_SUITE:end_per_group
=logfile       ejabberd_suite.end_per_group.27747.html
=group_props   [{name,offline_send_all},parallel]
=started       2025-03-24 17:14:42
=ended         2025-03-24 17:14:42
=result        ok
=elapsed       3.0e-6
=group_time    13.945s
=case          ejabberd_SUITE:init_per_group
=logfile       ejabberd_suite.init_per_group.20164.html
=group_props   [{name,offline_from_mam},parallel]
=started       2025-03-24 17:14:42
=ended         2025-03-24 17:14:42
=result        ok
=elapsed       4.0e-6
=case          ejabberd_SUITE:offline_from_mam_master
=logfile       ejabberd_suite.offline_from_mam_master.20196.html
=started       2025-03-24 17:14:42
=ended         2025-03-24 17:14:56
=result        ok
=elapsed       13.806985
=case          ejabberd_SUITE:offline_from_mam_slave
=logfile       ejabberd_suite.offline_from_mam_slave.20228.html
=started       2025-03-24 17:14:42
=ended         2025-03-24 17:14:56
=result        ok
=elapsed       14.018996
=case          ejabberd_SUITE:end_per_group
=logfile       ejabberd_suite.end_per_group.27650.html
=group_props   [{name,offline_from_mam},parallel]
=started       2025-03-24 17:14:56
=ended         2025-03-24 17:14:56
=result        ok
=elapsed       3.0e-6
=group_time    14.077s
=case          ejabberd_SUITE:init_per_group
=logfile       ejabberd_suite.init_per_group.27682.html
=group_props   [{name,offline_mucsub_mam},parallel]
=started       2025-03-24 17:14:56
=ended         2025-03-24 17:14:56
=result        ok
=elapsed       4.0e-6
=case          ejabberd_SUITE:offline_mucsub_mam_master
=logfile       ejabberd_suite.offline_mucsub_mam_master.27714.html
=started       2025-03-24 17:14:56
=ended         2025-03-24 17:14:57
=result        ok
=elapsed       0.23211
=case          ejabberd_SUITE:offline_mucsub_mam_slave
=logfile       ejabberd_suite.offline_mucsub_mam_slave.27746.html
=started       2025-03-24 17:14:56
=ended         2025-03-24 17:14:57
=result        ok
=elapsed       0.229224
=case          ejabberd_SUITE:end_per_group
=logfile       ejabberd_suite.end_per_group.27875.html
=group_props   [{name,offline_mucsub_mam},parallel]
=started       2025-03-24 17:14:57
=ended         2025-03-24 17:14:57
=result        ok
=elapsed       2.0e-6
=group_time    0.290s
=case          ejabberd_SUITE:end_per_group
=logfile       ejabberd_suite.end_per_group.27907.html
=group_props   [{name,offline_master_slave},sequence]
=started       2025-03-24 17:14:57
=ended         2025-03-24 17:14:57
=result        ok
=elapsed       2.0e-6
=group_time    28.819s
=case          ejabberd_SUITE:init_per_group
=logfile       ejabberd_suite.init_per_group.27939.html
=group_props   [{name,mam_master_slave},sequence]
=started       2025-03-24 17:14:57
=ended         2025-03-24 17:14:57
=result        ok
=elapsed       7.0e-6
=case          ejabberd_SUITE:init_per_group
=logfile       ejabberd_suite.init_per_group.27971.html
=group_props   [{name,mam_archived_and_stanza_id},parallel]
=started       2025-03-24 17:14:57
=ended         2025-03-24 17:14:57
=result        ok
=elapsed       4.0e-6
=case          ejabberd_SUITE:mam_archived_and_stanza_id_master
=logfile       ejabberd_suite.mam_archived_and_stanza_id_master.28003.html
=started       2025-03-24 17:14:57
=ended         2025-03-24 17:14:57
=result        ok
=elapsed       0.15575
=case          ejabberd_SUITE:mam_archived_and_stanza_id_slave
=logfile       ejabberd_suite.mam_archived_and_stanza_id_slave.28035.html
=started       2025-03-24 17:14:57
=ended         2025-03-24 17:14:57
=result        ok
=elapsed       0.159336
=case          ejabberd_SUITE:end_per_group
=logfile       ejabberd_suite.end_per_group.20388.html
=group_props   [{name,mam_archived_and_stanza_id},parallel]
=started       2025-03-24 17:14:57
=ended         2025-03-24 17:14:57
=result        ok
=elapsed       3.0e-6
=group_time    0.217s
=case          ejabberd_SUITE:init_per_group
=logfile       ejabberd_suite.init_per_group.28131.html
=group_props   [{name,mam_query_all},parallel]
=started       2025-03-24 17:14:57
=ended         2025-03-24 17:14:57
=result        ok
=elapsed       3.0e-6
=case          ejabberd_SUITE:mam_query_all_master
=logfile       ejabberd_suite.mam_query_all_master.28163.html
=started       2025-03-24 17:14:57
=ended         2025-03-24 17:14:57
=result        ok
=elapsed       0.189242
=case          ejabberd_SUITE:mam_query_all_slave
=logfile       ejabberd_suite.mam_query_all_slave.28195.html
=started       2025-03-24 17:14:57
=ended         2025-03-24 17:14:57
=result        ok
=elapsed       0.193736
=case          ejabberd_SUITE:end_per_group
=logfile       ejabberd_suite.end_per_group.28259.html
=group_props   [{name,mam_query_all},parallel]
=started       2025-03-24 17:14:57
=ended         2025-03-24 17:14:57
=result        ok
=elapsed       3.0e-6
=group_time    0.251s
=case          ejabberd_SUITE:init_per_group
=logfile       ejabberd_suite.init_per_group.28291.html
=group_props   [{name,mam_query_with},parallel]
=started       2025-03-24 17:14:57
=ended         2025-03-24 17:14:57
=result        ok
=elapsed       4.0e-6
=case          ejabberd_SUITE:mam_query_with_master
=logfile       ejabberd_suite.mam_query_with_master.28323.html
=started       2025-03-24 17:14:57
=ended         2025-03-24 17:14:57
=result        ok
=elapsed       0.205384
=case          ejabberd_SUITE:mam_query_with_slave
=logfile       ejabberd_suite.mam_query_with_slave.28355.html
=started       2025-03-24 17:14:57
=ended         2025-03-24 17:14:57
=result        ok
=elapsed       0.209283
=case          ejabberd_SUITE:end_per_group
=logfile       ejabberd_suite.end_per_group.28419.html
=group_props   [{name,mam_query_with},parallel]
=started       2025-03-24 17:14:57
=ended         2025-03-24 17:14:58
=result        ok
=elapsed       3.0e-6
=group_time    0.265s
=case          ejabberd_SUITE:init_per_group
=logfile       ejabberd_suite.init_per_group.28451.html
=group_props   [{name,mam_query_rsm_max},parallel]
=started       2025-03-24 17:14:58
=ended         2025-03-24 17:14:58
=result        ok
=elapsed       5.0e-6
=case          ejabberd_SUITE:mam_query_rsm_max_master
=logfile       ejabberd_suite.mam_query_rsm_max_master.28483.html
=started       2025-03-24 17:14:58
=ended         2025-03-24 17:14:58
=result        ok
=elapsed       0.265235
=case          ejabberd_SUITE:mam_query_rsm_max_slave
=logfile       ejabberd_suite.mam_query_rsm_max_slave.28515.html
=started       2025-03-24 17:14:58
=ended         2025-03-24 17:14:58
=result        ok
=elapsed       0.265914
=case          ejabberd_SUITE:end_per_group
=logfile       ejabberd_suite.end_per_group.28034.html
=group_props   [{name,mam_query_rsm_max},parallel]
=started       2025-03-24 17:14:58
=ended         2025-03-24 17:14:58
=result        ok
=elapsed       2.0e-6
=group_time    0.325s
=case          ejabberd_SUITE:init_per_group
=logfile       ejabberd_suite.init_per_group.28066.html
=group_props   [{name,mam_query_rsm_after},parallel]
=started       2025-03-24 17:14:58
=ended         2025-03-24 17:14:58
=result        ok
=elapsed       4.0e-6
=case          ejabberd_SUITE:mam_query_rsm_after_master
=logfile       ejabberd_suite.mam_query_rsm_after_master.28098.html
=started       2025-03-24 17:14:58
=ended         2025-03-24 17:14:58
=result        ok
=elapsed       0.235347
=case          ejabberd_SUITE:mam_query_rsm_after_slave
=logfile       ejabberd_suite.mam_query_rsm_after_slave.28130.html
=started       2025-03-24 17:14:58
=ended         2025-03-24 17:14:58
=result        ok
=elapsed       0.237665
=case          ejabberd_SUITE:end_per_group
=logfile       ejabberd_suite.end_per_group.28226.html
=group_props   [{name,mam_query_rsm_after},parallel]
=started       2025-03-24 17:14:58
=ended         2025-03-24 17:14:58
=result        ok
=elapsed       3.0e-6
=group_time    0.295s
=case          ejabberd_SUITE:init_per_group
=logfile       ejabberd_suite.init_per_group.28258.html
=group_props   [{name,mam_query_rsm_before},parallel]
=started       2025-03-24 17:14:58
=ended         2025-03-24 17:14:58
=result        ok
=elapsed       4.0e-6
=case          ejabberd_SUITE:mam_query_rsm_before_master
=logfile       ejabberd_suite.mam_query_rsm_before_master.28290.html
=started       2025-03-24 17:14:58
=ended         2025-03-24 17:14:58
=result        ok
=elapsed       0.248461
=case          ejabberd_SUITE:mam_query_rsm_before_slave
=logfile       ejabberd_suite.mam_query_rsm_before_slave.28322.html
=started       2025-03-24 17:14:58
=ended         2025-03-24 17:14:58
=result        ok
=elapsed       0.250731
=case          ejabberd_SUITE:end_per_group
=logfile       ejabberd_suite.end_per_group.28386.html
=group_props   [{name,mam_query_rsm_before},parallel]
=started       2025-03-24 17:14:58
=ended         2025-03-24 17:14:59
=result        ok
=elapsed       2.0e-6
=group_time    0.309s
=case          ejabberd_SUITE:init_per_group
=logfile       ejabberd_suite.init_per_group.28418.html
=group_props   [{name,mam_muc},parallel]
=started       2025-03-24 17:14:59
=ended         2025-03-24 17:14:59
=result        ok
=elapsed       4.0e-6
=case          ejabberd_SUITE:mam_muc_master
=logfile       ejabberd_suite.mam_muc_master.28450.html
=started       2025-03-24 17:14:59
=ended         2025-03-24 17:14:59
=result        ok
=elapsed       0.167286
=case          ejabberd_SUITE:mam_muc_slave
=logfile       ejabberd_suite.mam_muc_slave.28482.html
=started       2025-03-24 17:14:59
=ended         2025-03-24 17:14:59
=result        ok
=elapsed       0.16522
=case          ejabberd_SUITE:end_per_group
=logfile       ejabberd_suite.end_per_group.28578.html
=group_props   [{name,mam_muc},parallel]
=started       2025-03-24 17:14:59
=ended         2025-03-24 17:14:59
=result        ok
=elapsed       2.0e-6
=group_time    0.223s
=case          ejabberd_SUITE:init_per_group
=logfile       ejabberd_suite.init_per_group.28610.html
=group_props   [{name,mam_mucsub},parallel]
=started       2025-03-24 17:14:59
=ended         2025-03-24 17:14:59
=result        ok
=elapsed       3.0e-6
=case          ejabberd_SUITE:mam_mucsub_master
=logfile       ejabberd_suite.mam_mucsub_master.28642.html
=started       2025-03-24 17:14:59
=ended         2025-03-24 17:14:59
=result        ok
=elapsed       0.138006
=case          ejabberd_SUITE:mam_mucsub_slave
=logfile       ejabberd_suite.mam_mucsub_slave.28674.html
=started       2025-03-24 17:14:59
=ended         2025-03-24 17:14:59
=result        ok
=elapsed       0.133236
=case          ejabberd_SUITE:end_per_group
=logfile       ejabberd_suite.end_per_group.28770.html
=group_props   [{name,mam_mucsub},parallel]
=started       2025-03-24 17:14:59
=ended         2025-03-24 17:14:59
=result        ok
=elapsed       3.0e-6
=group_time    0.195s
=case          ejabberd_SUITE:init_per_group
=logfile       ejabberd_suite.init_per_group.28802.html
=group_props   [{name,mam_mucsub_from_muc},parallel]
=started       2025-03-24 17:14:59
=ended         2025-03-24 17:14:59
=result        ok
=elapsed       3.0e-6
=case          ejabberd_SUITE:mam_mucsub_from_muc_master
=logfile       ejabberd_suite.mam_mucsub_from_muc_master.28834.html
=started       2025-03-24 17:14:59
=ended         2025-03-24 17:14:59
=result        ok
=elapsed       0.138928
=case          ejabberd_SUITE:mam_mucsub_from_muc_slave
=logfile       ejabberd_suite.mam_mucsub_from_muc_slave.9893.html
=started       2025-03-24 17:14:59
=ended         2025-03-24 17:14:59
=result        ok
=elapsed       0.136416
=case          ejabberd_SUITE:end_per_group
=logfile       ejabberd_suite.end_per_group.10021.html
=group_props   [{name,mam_mucsub_from_muc},parallel]
=started       2025-03-24 17:14:59
=ended         2025-03-24 17:14:59
=result        ok
=elapsed       2.0e-6
=group_time    0.195s
=case          ejabberd_SUITE:init_per_group
=logfile       ejabberd_suite.init_per_group.10053.html
=group_props   [{name,mam_mucsub_from_muc_non_persistent},parallel]
=started       2025-03-24 17:14:59
=ended         2025-03-24 17:14:59
=result        ok
=elapsed       3.0e-6
=case          ejabberd_SUITE:mam_mucsub_from_muc_non_persistent_master
=logfile       ejabberd_suite.mam_mucsub_from_muc_non_persistent_master.10085.html
=started       2025-03-24 17:14:59
=ended         2025-03-24 17:14:59
=result        ok
=elapsed       0.131517
=case          ejabberd_SUITE:mam_mucsub_from_muc_non_persistent_slave
=logfile       ejabberd_suite.mam_mucsub_from_muc_non_persistent_slave.10117.html
=started       2025-03-24 17:14:59
=ended         2025-03-24 17:14:59
=result        ok
=elapsed       0.130664
=case          ejabberd_SUITE:end_per_group
=logfile       ejabberd_suite.end_per_group.10181.html
=group_props   [{name,mam_mucsub_from_muc_non_persistent},parallel]
=started       2025-03-24 17:14:59
=ended         2025-03-24 17:14:59
=result        ok
=elapsed       2.0e-6
=group_time    0.189s
=case          ejabberd_SUITE:end_per_group
=logfile       ejabberd_suite.end_per_group.10213.html
=group_props   [{name,mam_master_slave},sequence]
=started       2025-03-24 17:14:59
=ended         2025-03-24 17:14:59
=result        ok
=elapsed       2.0e-6
=group_time    2.742s
=case          ejabberd_SUITE:init_per_group
=logfile       ejabberd_suite.init_per_group.28930.html
=group_props   [{name,announce_master_slave},sequence]
=started       2025-03-24 17:14:59
=ended         2025-03-24 17:14:59
=result        ok
=elapsed       6.0e-6
=case          ejabberd_SUITE:init_per_group
=logfile       ejabberd_suite.init_per_group.28962.html
=group_props   [{name,announce_set_motd},parallel]
=started       2025-03-24 17:14:59
=ended         2025-03-24 17:14:59
=result        ok
=elapsed       5.0e-6
=case          ejabberd_SUITE:announce_set_motd_master
=logfile       ejabberd_suite.announce_set_motd_master.28994.html
=started       2025-03-24 17:14:59
=ended         2025-03-24 17:15:00
=result        ok
=elapsed       0.107315
=case          ejabberd_SUITE:announce_set_motd_slave
=logfile       ejabberd_suite.announce_set_motd_slave.29026.html
=started       2025-03-24 17:14:59
=ended         2025-03-24 17:15:00
=result        ok
=elapsed       0.107369
=case          ejabberd_SUITE:end_per_group
=logfile       ejabberd_suite.end_per_group.28867.html
=group_props   [{name,announce_set_motd},parallel]
=started       2025-03-24 17:15:00
=ended         2025-03-24 17:15:00
=result        ok
=elapsed       3.0e-6
=group_time    0.166s
=case          ejabberd_SUITE:end_per_group
=logfile       ejabberd_suite.end_per_group.28899.html
=group_props   [{name,announce_master_slave},sequence]
=started       2025-03-24 17:15:00
=ended         2025-03-24 17:15:00
=result        ok
=elapsed       3.0e-6
=group_time    0.215s
=case          ejabberd_SUITE:init_per_group
=logfile       ejabberd_suite.init_per_group.28931.html
=group_props   [{name,csi_master_slave},sequence]
=started       2025-03-24 17:15:00
=ended         2025-03-24 17:15:00
=result        ok
=elapsed       6.0e-6
=case          ejabberd_SUITE:init_per_group
=logfile       ejabberd_suite.init_per_group.28963.html
=group_props   [{name,csi_all},parallel]
=started       2025-03-24 17:15:00
=ended         2025-03-24 17:15:00
=result        ok
=elapsed       3.0e-6
=case          ejabberd_SUITE:csi_all_master
=logfile       ejabberd_suite.csi_all_master.28995.html
=started       2025-03-24 17:15:00
=ended         2025-03-24 17:15:00
=result        ok
=elapsed       0.234069
=case          ejabberd_SUITE:csi_all_slave
=logfile       ejabberd_suite.csi_all_slave.29027.html
=started       2025-03-24 17:15:00
=ended         2025-03-24 17:15:00
=result        ok
=elapsed       0.235148
=case          ejabberd_SUITE:end_per_group
=logfile       ejabberd_suite.end_per_group.29091.html
=group_props   [{name,csi_all},parallel]
=started       2025-03-24 17:15:00
=ended         2025-03-24 17:15:00
=result        ok
=elapsed       3.0e-6
=group_time    0.292s
=case          ejabberd_SUITE:end_per_group
=logfile       ejabberd_suite.end_per_group.29123.html
=group_props   [{name,csi_master_slave},sequence]
=started       2025-03-24 17:15:00
=ended         2025-03-24 17:15:00
=result        ok
=elapsed       3.0e-6
=group_time    0.340s
=case          ejabberd_SUITE:init_per_group
=logfile       ejabberd_suite.init_per_group.29155.html
=group_props   [{name,push_master_slave},sequence]
=started       2025-03-24 17:15:00
=ended         2025-03-24 17:15:00
=result        ok
=elapsed       8.0e-6
=case          ejabberd_SUITE:init_per_group
=logfile       ejabberd_suite.init_per_group.29187.html
=group_props   [{name,push_sm},parallel]
=started       2025-03-24 17:15:00
=ended         2025-03-24 17:15:00
=result        ok
=elapsed       4.0e-6
=case          ejabberd_SUITE:push_sm_master
=logfile       ejabberd_suite.push_sm_master.29219.html
=started       2025-03-24 17:15:00
=ended         2025-03-24 17:15:08
=result        ok
=elapsed       8.10888
=case          ejabberd_SUITE:push_sm_slave
=logfile       ejabberd_suite.push_sm_slave.29251.html
=started       2025-03-24 17:15:00
=ended         2025-03-24 17:15:00
=result        ok
=elapsed       0.00289
=case          ejabberd_SUITE:end_per_group
=logfile       ejabberd_suite.end_per_group.29315.html
=group_props   [{name,push_sm},parallel]
=started       2025-03-24 17:15:08
=ended         2025-03-24 17:15:08
=result        ok
=elapsed       2.0e-6
=group_time    8.167s
=case          ejabberd_SUITE:init_per_group
=logfile       ejabberd_suite.init_per_group.29347.html
=group_props   [{name,push_offline},parallel]
=started       2025-03-24 17:15:08
=ended         2025-03-24 17:15:08
=result        ok
=elapsed       4.0e-6
=case          ejabberd_SUITE:push_offline_master
=logfile       ejabberd_suite.push_offline_master.29379.html
=started       2025-03-24 17:15:08
=ended         2025-03-24 17:15:09
=result        ok
=elapsed       0.253107
=case          ejabberd_SUITE:push_offline_slave
=logfile       ejabberd_suite.push_offline_slave.29411.html
=started       2025-03-24 17:15:08
=ended         2025-03-24 17:15:08
=result        ok
=elapsed       0.106124
=case          ejabberd_SUITE:end_per_group
=logfile       ejabberd_suite.end_per_group.29475.html
=group_props   [{name,push_offline},parallel]
=started       2025-03-24 17:15:09
=ended         2025-03-24 17:15:09
=result        ok
=elapsed       3.0e-6
=group_time    0.310s
=case          ejabberd_SUITE:init_per_group
=logfile       ejabberd_suite.init_per_group.29507.html
=group_props   [{name,push_mam},parallel]
=started       2025-03-24 17:15:09
=ended         2025-03-24 17:15:09
=result        ok
=elapsed       3.0e-6
=case          ejabberd_SUITE:push_mam_master
=logfile       ejabberd_suite.push_mam_master.29539.html
=started       2025-03-24 17:15:09
=ended         2025-03-24 17:15:09
=result        ok
=elapsed       0.149233
=case          ejabberd_SUITE:push_mam_slave
=logfile       ejabberd_suite.push_mam_slave.29571.html
=started       2025-03-24 17:15:09
=ended         2025-03-24 17:15:09
=result        ok
=elapsed       0.256114
=case          ejabberd_SUITE:end_per_group
=logfile       ejabberd_suite.end_per_group.29635.html
=group_props   [{name,push_mam},parallel]
=started       2025-03-24 17:15:09
=ended         2025-03-24 17:15:09
=result        ok
=elapsed       2.0e-6
=group_time    0.314s
=case          ejabberd_SUITE:end_per_group
=logfile       ejabberd_suite.end_per_group.29667.html
=group_props   [{name,push_master_slave},sequence]
=started       2025-03-24 17:15:09
=ended         2025-03-24 17:15:09
=result        ok
=elapsed       3.0e-6
=group_time    8.893s
=case          ejabberd_SUITE:end_per_group
=logfile       ejabberd_suite.end_per_group.29699.html
=group_props   [{name,redis},sequence]
=started       2025-03-24 17:15:09
=ended         2025-03-24 17:15:09
=result        ok
=elapsed       0.0
=group_time    97.631s
=case          ejabberd_SUITE:init_per_group
=logfile       ejabberd_suite.init_per_group.29731.html
=group_props   [{name,mysql},sequence]
=started       2025-03-24 17:15:09
=ended         2025-03-24 17:15:09
=result        ok
=elapsed       8.78e-4
=case          ejabberd_SUITE:init_per_group
=logfile       ejabberd_suite.init_per_group.29763.html
=group_props   [{name,single_user},sequence]
=started       2025-03-24 17:15:09
=ended         2025-03-24 17:15:09
=result        ok
=elapsed       7.0e-6
=case          ejabberd_SUITE:test_register
=logfile       ejabberd_suite.test_register.29795.html
=started       2025-03-24 17:15:09
=ended         2025-03-24 17:15:09
=result        ok
=elapsed       0.011364
=case          ejabberd_SUITE:init_per_group
=logfile       ejabberd_suite.init_per_group.29891.html
=group_props   [{name,legacy_auth},parallel]
=started       2025-03-24 17:15:09
=ended         2025-03-24 17:15:09
=result        ok
=elapsed       3.0e-6
=case          ejabberd_SUITE:test_legacy_auth_feature
=logfile       ejabberd_suite.test_legacy_auth_feature.29923.html
=started       2025-03-24 17:15:09
=ended         2025-03-24 17:15:09
=result        ok
=elapsed       4.82e-4
=case          ejabberd_SUITE:test_legacy_auth
=logfile       ejabberd_suite.test_legacy_auth.29346.html
=started       2025-03-24 17:15:09
=ended         2025-03-24 17:15:09
=result        ok
=elapsed       0.117238
=case          ejabberd_SUITE:test_legacy_auth_digest
=logfile       ejabberd_suite.test_legacy_auth_digest.29314.html
=started       2025-03-24 17:15:09
=ended         2025-03-24 17:15:09
=result        ok
=elapsed       0.119129
=case          ejabberd_SUITE:test_legacy_auth_no_resource
=logfile       ejabberd_suite.test_legacy_auth_no_resource.29987.html
=started       2025-03-24 17:15:09
=ended         2025-03-24 17:15:09
=result        ok
=elapsed       0.001945
=case          ejabberd_SUITE:test_legacy_auth_bad_jid
=logfile       ejabberd_suite.test_legacy_auth_bad_jid.29955.html
=started       2025-03-24 17:15:09
=ended         2025-03-24 17:15:09
=result        ok
=elapsed       0.001974
=case          ejabberd_SUITE:test_legacy_auth_fail
=logfile       ejabberd_suite.test_legacy_auth_fail.30019.html
=started       2025-03-24 17:15:09
=ended         2025-03-24 17:15:09
=result        ok
=elapsed       0.008572
=case          ejabberd_SUITE:end_per_group
=logfile       ejabberd_suite.end_per_group.30083.html
=group_props   [{name,legacy_auth},parallel]
=started       2025-03-24 17:15:09
=ended         2025-03-24 17:15:09
=result        ok
=elapsed       2.0e-6
=group_time    0.182s
=case          ejabberd_SUITE:auth_plain
=logfile       ejabberd_suite.auth_plain.10373.html
=started       2025-03-24 17:15:09
=ended         2025-03-24 17:15:09
=result        ok
=elapsed       0.002507
=case          ejabberd_SUITE:auth_md5
=logfile       ejabberd_suite.auth_md5.10437.html
=started       2025-03-24 17:15:09
=ended         2025-03-24 17:15:09
=result        ok
=elapsed       0.003069
=case          ejabberd_SUITE:presence_broadcast
=logfile       ejabberd_suite.presence_broadcast.10533.html
=started       2025-03-24 17:15:09
=ended         2025-03-24 17:15:10
=result        ok
=elapsed       0.219778
=case          ejabberd_SUITE:last
=logfile       ejabberd_suite.last.10597.html
=started       2025-03-24 17:15:10
=ended         2025-03-24 17:15:10
=result        ok
=elapsed       0.106515
=case          ejabberd_SUITE:init_per_group
=logfile       ejabberd_suite.init_per_group.10629.html
=group_props   [{name,webadmin_single},sequence]
=started       2025-03-24 17:15:10
=ended         2025-03-24 17:15:10
=result        ok
=elapsed       4.0e-6
=case          ejabberd_SUITE:webadmin_login_page
=logfile       ejabberd_suite.webadmin_login_page.10661.html
=started       2025-03-24 17:15:10
=ended         2025-03-24 17:15:10
=result        ok
=elapsed       0.034791
=case          ejabberd_SUITE:webadmin_welcome_page
=logfile       ejabberd_suite.webadmin_welcome_page.10693.html
=started       2025-03-24 17:15:10
=ended         2025-03-24 17:15:10
=result        ok
=elapsed       0.036351
=case          ejabberd_SUITE:webadmin_user_page
=logfile       ejabberd_suite.webadmin_user_page.29634.html
=started       2025-03-24 17:15:10
=ended         2025-03-24 17:15:10
=result        ok
=elapsed       0.033168
=case          ejabberd_SUITE:webadmin_adduser
=logfile       ejabberd_suite.webadmin_adduser.29666.html
=started       2025-03-24 17:15:10
=ended         2025-03-24 17:15:10
=result        ok
=elapsed       0.051016
=case          ejabberd_SUITE:webadmin_changepassword
=logfile       ejabberd_suite.webadmin_changepassword.29698.html
=started       2025-03-24 17:15:10
=ended         2025-03-24 17:15:10
=result        ok
=elapsed       0.032824
=case          ejabberd_SUITE:webadmin_removeuser
=logfile       ejabberd_suite.webadmin_removeuser.29730.html
=started       2025-03-24 17:15:10
=ended         2025-03-24 17:15:10
=result        ok
=elapsed       0.039916
=case          ejabberd_SUITE:end_per_group
=logfile       ejabberd_suite.end_per_group.29762.html
=group_props   [{name,webadmin_single},sequence]
=started       2025-03-24 17:15:10
=ended         2025-03-24 17:15:10
=result        ok
=elapsed       3.0e-6
=group_time    0.403s
=case          ejabberd_SUITE:init_per_group
=logfile       ejabberd_suite.init_per_group.29794.html
=group_props   [{name,roster_single},sequence]
=started       2025-03-24 17:15:10
=ended         2025-03-24 17:15:10
=result        ok
=elapsed       3.0e-6
=case          ejabberd_SUITE:roster_feature_enabled
=logfile       ejabberd_suite.roster_feature_enabled.29826.html
=started       2025-03-24 17:15:10
=ended         2025-03-24 17:15:10
=result        ok
=elapsed       0.105125
=case          ejabberd_SUITE:roster_iq_set_many_items
=logfile       ejabberd_suite.roster_iq_set_many_items.29890.html
=started       2025-03-24 17:15:10
=ended         2025-03-24 17:15:10
=result        ok
=elapsed       0.104126
=case          ejabberd_SUITE:roster_iq_set_duplicated_groups
=logfile       ejabberd_suite.roster_iq_set_duplicated_groups.29954.html
=started       2025-03-24 17:15:10
=ended         2025-03-24 17:15:11
=result        ok
=elapsed       0.104326
=case          ejabberd_SUITE:roster_iq_get_item
=logfile       ejabberd_suite.roster_iq_get_item.30050.html
=started       2025-03-24 17:15:11
=ended         2025-03-24 17:15:11
=result        ok
=elapsed       0.104309
=case          ejabberd_SUITE:roster_iq_unexpected_element
=logfile       ejabberd_suite.roster_iq_unexpected_element.30114.html
=started       2025-03-24 17:15:11
=ended         2025-03-24 17:15:11
=result        ok
=elapsed       0.105807
=case          ejabberd_SUITE:roster_iq_set_ask
=logfile       ejabberd_suite.roster_iq_set_ask.30178.html
=started       2025-03-24 17:15:11
=ended         2025-03-24 17:15:11
=result        ok
=elapsed       0.10446
=case          ejabberd_SUITE:roster_set_item
=logfile       ejabberd_suite.roster_set_item.30242.html
=started       2025-03-24 17:15:11
=ended         2025-03-24 17:15:11
=result        ok
=elapsed       0.347572
=case          ejabberd_SUITE:roster_version
=logfile       ejabberd_suite.roster_version.30531.html
=started       2025-03-24 17:15:11
=ended         2025-03-24 17:15:12
=result        ok
=elapsed       0.157165
=case          ejabberd_SUITE:end_per_group
=logfile       ejabberd_suite.end_per_group.30627.html
=group_props   [{name,roster_single},sequence]
=started       2025-03-24 17:15:12
=ended         2025-03-24 17:15:12
=result        ok
=elapsed       3.0e-6
=group_time    1.414s
=case          ejabberd_SUITE:init_per_group
=logfile       ejabberd_suite.init_per_group.30659.html
=group_props   [{name,private_single},sequence]
=started       2025-03-24 17:15:12
=ended         2025-03-24 17:15:12
=result        ok
=elapsed       4.0e-6
=case          ejabberd_SUITE:private_test_features
=logfile       ejabberd_suite.private_test_features.30691.html
=started       2025-03-24 17:15:12
=ended         2025-03-24 17:15:12
=result        ok
=elapsed       0.105584
=case          ejabberd_SUITE:private_test_no_namespace
=logfile       ejabberd_suite.private_test_no_namespace.30787.html
=started       2025-03-24 17:15:12
=ended         2025-03-24 17:15:12
=result        ok
=elapsed       0.107634
=case          ejabberd_SUITE:private_test_set_get
=logfile       ejabberd_suite.private_test_set_get.30851.html
=started       2025-03-24 17:15:12
=ended         2025-03-24 17:15:12
=result        ok
=elapsed       0.155916
=case          ejabberd_SUITE:private_test_published
=logfile       ejabberd_suite.private_test_published.30947.html
=started       2025-03-24 17:15:12
=ended         2025-03-24 17:15:12
=result        ok
=elapsed       0.117975
=case          ejabberd_SUITE:end_per_group
=logfile       ejabberd_suite.end_per_group.30402.html
=group_props   [{name,private_single},sequence]
=started       2025-03-24 17:15:12
=ended         2025-03-24 17:15:12
=result        ok
=elapsed       3.0e-6
=group_time    0.637s
=case          ejabberd_SUITE:init_per_group
=logfile       ejabberd_suite.init_per_group.30434.html
=group_props   [{name,privacy_single},sequence]
=started       2025-03-24 17:15:12
=ended         2025-03-24 17:15:12
=result        ok
=elapsed       4.0e-6
=case          ejabberd_SUITE:privacy_feature_enabled
=logfile       ejabberd_suite.privacy_feature_enabled.30466.html
=started       2025-03-24 17:15:12
=ended         2025-03-24 17:15:12
=result        ok
=elapsed       0.10676
=case          ejabberd_SUITE:privacy_set_get_list
=logfile       ejabberd_suite.privacy_set_get_list.20708.html
=started       2025-03-24 17:15:12
=ended         2025-03-24 17:15:13
=result        ok
=elapsed       0.154948
=case          ejabberd_SUITE:privacy_get_list_non_existent
=logfile       ejabberd_suite.privacy_get_list_non_existent.20740.html
=started       2025-03-24 17:15:13
=ended         2025-03-24 17:15:13
=result        ok
=elapsed       0.105806
=case          ejabberd_SUITE:privacy_get_empty_lists
=logfile       ejabberd_suite.privacy_get_empty_lists.20772.html
=started       2025-03-24 17:15:13
=ended         2025-03-24 17:15:13
=result        ok
=elapsed       0.104619
=case          ejabberd_SUITE:privacy_set_default
=logfile       ejabberd_suite.privacy_set_default.20804.html
=started       2025-03-24 17:15:13
=ended         2025-03-24 17:15:13
=result        ok
=elapsed       0.158466
=case          ejabberd_SUITE:privacy_del_default
=logfile       ejabberd_suite.privacy_del_default.31075.html
=started       2025-03-24 17:15:13
=ended         2025-03-24 17:15:13
=result        ok
=elapsed       0.161211
=case          ejabberd_SUITE:privacy_set_default_non_existent
=logfile       ejabberd_suite.privacy_set_default_non_existent.31139.html
=started       2025-03-24 17:15:13
=ended         2025-03-24 17:15:13
=result        ok
=elapsed       0.10517
=case          ejabberd_SUITE:privacy_set_active
=logfile       ejabberd_suite.privacy_set_active.31203.html
=started       2025-03-24 17:15:13
=ended         2025-03-24 17:15:14
=result        ok
=elapsed       0.153307
=case          ejabberd_SUITE:privacy_del_active
=logfile       ejabberd_suite.privacy_del_active.31267.html
=started       2025-03-24 17:15:14
=ended         2025-03-24 17:15:14
=result        ok
=elapsed       0.154926
=case          ejabberd_SUITE:privacy_set_active_non_existent
=logfile       ejabberd_suite.privacy_set_active_non_existent.31331.html
=started       2025-03-24 17:15:14
=ended         2025-03-24 17:15:14
=result        ok
=elapsed       0.105191
=case          ejabberd_SUITE:privacy_remove_list
=logfile       ejabberd_suite.privacy_remove_list.31427.html
=started       2025-03-24 17:15:14
=ended         2025-03-24 17:15:14
=result        ok
=elapsed       0.1525
=case          ejabberd_SUITE:privacy_remove_default_list
=logfile       ejabberd_suite.privacy_remove_default_list.30914.html
=started       2025-03-24 17:15:14
=ended         2025-03-24 17:15:14
=result        ok
=elapsed       0.160115
=case          ejabberd_SUITE:privacy_remove_active_list
=logfile       ejabberd_suite.privacy_remove_active_list.31010.html
=started       2025-03-24 17:15:14
=ended         2025-03-24 17:15:14
=result        ok
=elapsed       0.155591
=case          ejabberd_SUITE:privacy_remove_list_non_existent
=logfile       ejabberd_suite.privacy_remove_list_non_existent.31042.html
=started       2025-03-24 17:15:14
=ended         2025-03-24 17:15:15
=result        ok
=elapsed       0.1058
=case          ejabberd_SUITE:privacy_allow_local_server
=logfile       ejabberd_suite.privacy_allow_local_server.31106.html
=started       2025-03-24 17:15:15
=ended         2025-03-24 17:15:15
=result        ok
=elapsed       0.207446
=case          ejabberd_SUITE:privacy_malformed_iq_query
=logfile       ejabberd_suite.privacy_malformed_iq_query.31202.html
=started       2025-03-24 17:15:15
=ended         2025-03-24 17:15:15
=result        ok
=elapsed       0.105048
=case          ejabberd_SUITE:privacy_malformed_get
=logfile       ejabberd_suite.privacy_malformed_get.31266.html
=started       2025-03-24 17:15:15
=ended         2025-03-24 17:15:15
=result        ok
=elapsed       0.113589
=case          ejabberd_SUITE:privacy_malformed_set
=logfile       ejabberd_suite.privacy_malformed_set.31330.html
=started       2025-03-24 17:15:15
=ended         2025-03-24 17:15:15
=result        ok
=elapsed       0.107995
=case          ejabberd_SUITE:privacy_malformed_type_value
=logfile       ejabberd_suite.privacy_malformed_type_value.31362.html
=started       2025-03-24 17:15:15
=ended         2025-03-24 17:15:15
=result        ok
=elapsed       0.107211
=case          ejabberd_SUITE:privacy_set_get_block
=logfile       ejabberd_suite.privacy_set_get_block.31683.html
=started       2025-03-24 17:15:15
=ended         2025-03-24 17:15:16
=result        ok
=elapsed       0.207268
=case          ejabberd_SUITE:end_per_group
=logfile       ejabberd_suite.end_per_group.31747.html
=group_props   [{name,privacy_single},sequence]
=started       2025-03-24 17:15:16
=ended         2025-03-24 17:15:16
=result        ok
=elapsed       2.0e-6
=group_time    3.395s
=case          ejabberd_SUITE:init_per_group
=logfile       ejabberd_suite.init_per_group.31779.html
=group_props   [{name,vcard_single},sequence]
=started       2025-03-24 17:15:16
=ended         2025-03-24 17:15:16
=result        ok
=elapsed       3.0e-6
=case          ejabberd_SUITE:vcard_feature_enabled
=logfile       ejabberd_suite.vcard_feature_enabled.31811.html
=started       2025-03-24 17:15:16
=ended         2025-03-24 17:15:16
=result        ok
=elapsed       0.107063
=case          ejabberd_SUITE:vcard_get_set
=logfile       ejabberd_suite.vcard_get_set.31875.html
=started       2025-03-24 17:15:16
=ended         2025-03-24 17:15:16
=result        ok
=elapsed       0.109375
=case          ejabberd_SUITE:vcard_service_vcard
=logfile       ejabberd_suite.vcard_service_vcard.31939.html
=started       2025-03-24 17:15:16
=ended         2025-03-24 17:15:16
=result        ok
=elapsed       0.106265
=case          ejabberd_SUITE:end_per_group
=logfile       ejabberd_suite.end_per_group.32035.html
=group_props   [{name,vcard_single},sequence]
=started       2025-03-24 17:15:16
=ended         2025-03-24 17:15:16
=result        ok
=elapsed       2.0e-6
=group_time    0.443s
=case          ejabberd_SUITE:init_per_group
=logfile       ejabberd_suite.init_per_group.32067.html
=group_props   [{name,pubsub_single},sequence]
=started       2025-03-24 17:15:16
=ended         2025-03-24 17:15:16
=result        ok
=elapsed       3.0e-6
=case          ejabberd_SUITE:pubsub_test_features
=logfile       ejabberd_suite.pubsub_test_features.32099.html
=started       2025-03-24 17:15:16
=ended         2025-03-24 17:15:16
=result        ok
=elapsed       0.106402
=case          ejabberd_SUITE:pubsub_test_vcard
=logfile       ejabberd_suite.pubsub_test_vcard.32195.html
=started       2025-03-24 17:15:16
=ended         2025-03-24 17:15:16
=result        ok
=elapsed       0.105254
=case          ejabberd_SUITE:pubsub_test_create
=logfile       ejabberd_suite.pubsub_test_create.31522.html
=started       2025-03-24 17:15:16
=ended         2025-03-24 17:15:17
=result        ok
=elapsed       0.111465
=case          ejabberd_SUITE:pubsub_test_configure
=logfile       ejabberd_suite.pubsub_test_configure.31586.html
=started       2025-03-24 17:15:17
=ended         2025-03-24 17:15:17
=result        ok
=elapsed       0.123843
=case          ejabberd_SUITE:pubsub_test_delete
=logfile       ejabberd_suite.pubsub_test_delete.31682.html
=started       2025-03-24 17:15:17
=ended         2025-03-24 17:15:17
=result        ok
=elapsed       0.112441
=case          ejabberd_SUITE:pubsub_test_get_affiliations
=logfile       ejabberd_suite.pubsub_test_get_affiliations.31746.html
=started       2025-03-24 17:15:17
=ended         2025-03-24 17:15:17
=result        ok
=elapsed       0.17089
=case          ejabberd_SUITE:pubsub_test_get_subscriptions
=logfile       ejabberd_suite.pubsub_test_get_subscriptions.20964.html
=started       2025-03-24 17:15:17
=ended         2025-03-24 17:15:17
=result        ok
=elapsed       0.196695
=case          ejabberd_SUITE:pubsub_test_create_instant
=logfile       ejabberd_suite.pubsub_test_create_instant.21028.html
=started       2025-03-24 17:15:17
=ended         2025-03-24 17:15:17
=result        ok
=elapsed       0.114645
=case          ejabberd_SUITE:pubsub_test_default
=logfile       ejabberd_suite.pubsub_test_default.21092.html
=started       2025-03-24 17:15:17
=ended         2025-03-24 17:15:18
=result        ok
=elapsed       0.106053
=case          ejabberd_SUITE:pubsub_test_create_configure
=logfile       ejabberd_suite.pubsub_test_create_configure.21156.html
=started       2025-03-24 17:15:18
=ended         2025-03-24 17:15:18
=result        ok
=elapsed       0.122731
=case          ejabberd_SUITE:pubsub_test_publish
=logfile       ejabberd_suite.pubsub_test_publish.32451.html
=started       2025-03-24 17:15:18
=ended         2025-03-24 17:15:18
=result        ok
=elapsed       0.119859
=case          ejabberd_SUITE:pubsub_test_auto_create
=logfile       ejabberd_suite.pubsub_test_auto_create.32515.html
=started       2025-03-24 17:15:18
=ended         2025-03-24 17:15:18
=result        ok
=elapsed       0.11878
=case          ejabberd_SUITE:pubsub_test_get_items
=logfile       ejabberd_suite.pubsub_test_get_items.32579.html
=started       2025-03-24 17:15:18
=ended         2025-03-24 17:15:18
=result        ok
=elapsed       0.147045
=case          ejabberd_SUITE:pubsub_test_delete_item
=logfile       ejabberd_suite.pubsub_test_delete_item.32643.html
=started       2025-03-24 17:15:18
=ended         2025-03-24 17:15:18
=result        ok
=elapsed       0.128588
=case          ejabberd_SUITE:pubsub_test_purge
=logfile       ejabberd_suite.pubsub_test_purge.32707.html
=started       2025-03-24 17:15:18
=ended         2025-03-24 17:15:19
=result        ok
=elapsed       0.153388
=case          ejabberd_SUITE:pubsub_test_subscribe
=logfile       ejabberd_suite.pubsub_test_subscribe.32771.html
=started       2025-03-24 17:15:19
=ended         2025-03-24 17:15:19
=result        ok
=elapsed       0.122888
=case          ejabberd_SUITE:pubsub_test_subscribe_max_item_1
=logfile       ejabberd_suite.pubsub_test_subscribe_max_item_1.32835.html
=started       2025-03-24 17:15:19
=ended         2025-03-24 17:15:19
=result        ok
=elapsed       0.125009
=case          ejabberd_SUITE:pubsub_test_unsubscribe
=logfile       ejabberd_suite.pubsub_test_unsubscribe.31970.html
=started       2025-03-24 17:15:19
=ended         2025-03-24 17:15:19
=result        ok
=elapsed       0.128809
=case          ejabberd_SUITE:end_per_group
=logfile       ejabberd_suite.end_per_group.32034.html
=group_props   [{name,pubsub_single},sequence]
=started       2025-03-24 17:15:19
=ended         2025-03-24 17:15:19
=result        ok
=elapsed       2.0e-6
=group_time    2.915s
=case          ejabberd_SUITE:init_per_group
=logfile       ejabberd_suite.init_per_group.32066.html
=group_props   [{name,muc_single},sequence]
=started       2025-03-24 17:15:19
=ended         2025-03-24 17:15:19
=result        ok
=elapsed       3.0e-6
=case          ejabberd_SUITE:muc_service_presence_error
=logfile       ejabberd_suite.muc_service_presence_error.32098.html
=started       2025-03-24 17:15:19
=ended         2025-03-24 17:15:19
=result        ok
=elapsed       0.191681
=case          ejabberd_SUITE:muc_service_message_error
=logfile       ejabberd_suite.muc_service_message_error.32995.html
=started       2025-03-24 17:15:19
=ended         2025-03-24 17:15:20
=result        ok
=elapsed       0.193151
=case          ejabberd_SUITE:muc_service_unknown_ns_iq_error
=logfile       ejabberd_suite.muc_service_unknown_ns_iq_error.33091.html
=started       2025-03-24 17:15:20
=ended         2025-03-24 17:15:20
=result        ok
=elapsed       0.191691
=case          ejabberd_SUITE:muc_service_iq_set_error
=logfile       ejabberd_suite.muc_service_iq_set_error.32162.html
=started       2025-03-24 17:15:20
=ended         2025-03-24 17:15:20
=result        ok
=elapsed       0.322725
=case          ejabberd_SUITE:muc_service_improper_iq_error
=logfile       ejabberd_suite.muc_service_improper_iq_error.32226.html
=started       2025-03-24 17:15:20
=ended         2025-03-24 17:15:20
=result        ok
=elapsed       0.282331
=case          ejabberd_SUITE:muc_service_features
=logfile       ejabberd_suite.muc_service_features.32290.html
=started       2025-03-24 17:15:20
=ended         2025-03-24 17:15:21
=result        ok
=elapsed       0.104831
=case          ejabberd_SUITE:muc_service_disco_info_node_error
=logfile       ejabberd_suite.muc_service_disco_info_node_error.32354.html
=started       2025-03-24 17:15:21
=ended         2025-03-24 17:15:21
=result        ok
=elapsed       0.104428
=case          ejabberd_SUITE:muc_service_disco_items
=logfile       ejabberd_suite.muc_service_disco_items.32418.html
=started       2025-03-24 17:15:21
=ended         2025-03-24 17:15:21
=result        ok
=elapsed       0.206112
=case          ejabberd_SUITE:muc_service_unique
=logfile       ejabberd_suite.muc_service_unique.32482.html
=started       2025-03-24 17:15:21
=ended         2025-03-24 17:15:21
=result        ok
=elapsed       0.104896
=case          ejabberd_SUITE:muc_service_vcard
=logfile       ejabberd_suite.muc_service_vcard.32514.html
=started       2025-03-24 17:15:21
=ended         2025-03-24 17:15:21
=result        ok
=elapsed       0.105643
=case          ejabberd_SUITE:muc_configure_non_existent
=logfile       ejabberd_suite.muc_configure_non_existent.32578.html
=started       2025-03-24 17:15:21
=ended         2025-03-24 17:15:21
=result        ok
=elapsed       0.11048
=case          ejabberd_SUITE:muc_cancel_configure_non_existent
=logfile       ejabberd_suite.muc_cancel_configure_non_existent.33635.html
=started       2025-03-24 17:15:21
=ended         2025-03-24 17:15:22
=result        ok
=elapsed       0.108979
=case          ejabberd_SUITE:muc_service_subscriptions
=logfile       ejabberd_suite.muc_service_subscriptions.33667.html
=started       2025-03-24 17:15:22
=ended         2025-03-24 17:15:22
=result        ok
=elapsed       0.24585
=case          ejabberd_SUITE:muc_set_room_affiliation
=logfile       ejabberd_suite.muc_set_room_affiliation.33891.html
=started       2025-03-24 17:15:22
=ended         2025-03-24 17:15:22
=result        ok
=elapsed       0.128756
=case          ejabberd_SUITE:end_per_group
=logfile       ejabberd_suite.end_per_group.33987.html
=group_props   [{name,muc_single},sequence]
=started       2025-03-24 17:15:22
=ended         2025-03-24 17:15:22
=result        ok
=elapsed       3.0e-6
=group_time    2.872s
=case          ejabberd_SUITE:init_per_group
=logfile       ejabberd_suite.init_per_group.34019.html
=group_props   [{name,offline_single},sequence]
=started       2025-03-24 17:15:22
=ended         2025-03-24 17:15:22
=result        ok
=elapsed       4.0e-6
=case          ejabberd_SUITE:offline_feature_enabled
=logfile       ejabberd_suite.offline_feature_enabled.34051.html
=started       2025-03-24 17:15:22
=ended         2025-03-24 17:15:22
=result        ok
=elapsed       0.105531
=case          ejabberd_SUITE:offline_check_identity
=logfile       ejabberd_suite.offline_check_identity.34115.html
=started       2025-03-24 17:15:22
=ended         2025-03-24 17:15:22
=result        ok
=elapsed       0.104908
=case          ejabberd_SUITE:offline_send_non_existent
=logfile       ejabberd_suite.offline_send_non_existent.34179.html
=started       2025-03-24 17:15:22
=ended         2025-03-24 17:15:22
=result        ok
=elapsed       0.105173
=case          ejabberd_SUITE:offline_view_non_existent
=logfile       ejabberd_suite.offline_view_non_existent.34243.html
=started       2025-03-24 17:15:22
=ended         2025-03-24 17:15:23
=result        ok
=elapsed       0.105059
=case          ejabberd_SUITE:offline_remove_non_existent
=logfile       ejabberd_suite.offline_remove_non_existent.34307.html
=started       2025-03-24 17:15:23
=ended         2025-03-24 17:15:23
=result        ok
=elapsed       0.104239
=case          ejabberd_SUITE:offline_view_non_integer
=logfile       ejabberd_suite.offline_view_non_integer.34371.html
=started       2025-03-24 17:15:23
=ended         2025-03-24 17:15:23
=result        ok
=elapsed       0.10465
=case          ejabberd_SUITE:offline_remove_non_integer
=logfile       ejabberd_suite.offline_remove_non_integer.34435.html
=started       2025-03-24 17:15:23
=ended         2025-03-24 17:15:23
=result        ok
=elapsed       0.108684
=case          ejabberd_SUITE:offline_malformed_iq
=logfile       ejabberd_suite.offline_malformed_iq.34499.html
=started       2025-03-24 17:15:23
=ended         2025-03-24 17:15:23
=result        ok
=elapsed       0.109699
=case          ejabberd_SUITE:offline_wrong_user
=logfile       ejabberd_suite.offline_wrong_user.34563.html
=started       2025-03-24 17:15:23
=ended         2025-03-24 17:15:23
=result        ok
=elapsed       0.117601
=case          ejabberd_SUITE:offline_unsupported_iq
=logfile       ejabberd_suite.offline_unsupported_iq.34627.html
=started       2025-03-24 17:15:23
=ended         2025-03-24 17:15:23
=result        ok
=elapsed       0.105748
=case          ejabberd_SUITE:end_per_group
=logfile       ejabberd_suite.end_per_group.34691.html
=group_props   [{name,offline_single},sequence]
=started       2025-03-24 17:15:23
=ended         2025-03-24 17:15:23
=result        ok
=elapsed       3.0e-6
=group_time    1.416s
=case          ejabberd_SUITE:init_per_group
=logfile       ejabberd_suite.init_per_group.34723.html
=group_props   [{name,mam_single},sequence]
=started       2025-03-24 17:15:23
=ended         2025-03-24 17:15:23
=result        ok
=elapsed       4.0e-6
=case          ejabberd_SUITE:mam_feature_enabled
=logfile       ejabberd_suite.mam_feature_enabled.34755.html
=started       2025-03-24 17:15:23
=ended         2025-03-24 17:15:24
=result        ok
=elapsed       0.110592
=case          ejabberd_SUITE:mam_get_set_prefs
=logfile       ejabberd_suite.mam_get_set_prefs.33122.html
=started       2025-03-24 17:15:24
=ended         2025-03-24 17:15:26
=result        ok
=elapsed       1.88767
=case          ejabberd_SUITE:mam_get_form
=logfile       ejabberd_suite.mam_get_form.34851.html
=started       2025-03-24 17:15:26
=ended         2025-03-24 17:15:26
=result        ok
=elapsed       0.110298
=case          ejabberd_SUITE:mam_fake_by
=logfile       ejabberd_suite.mam_fake_by.33186.html
=started       2025-03-24 17:15:26
=ended         2025-03-24 17:15:26
=result        ok
=elapsed       0.106464
=case          ejabberd_SUITE:end_per_group
=logfile       ejabberd_suite.end_per_group.33250.html
=group_props   [{name,mam_single},sequence]
=started       2025-03-24 17:15:26
=ended         2025-03-24 17:15:26
=result        ok
=elapsed       3.0e-6
=group_time    2.367s
=case          ejabberd_SUITE:init_per_group
=logfile       ejabberd_suite.init_per_group.33282.html
=group_props   [{name,push_single},sequence]
=started       2025-03-24 17:15:26
=ended         2025-03-24 17:15:26
=result        ok
=elapsed       3.0e-6
=case          ejabberd_SUITE:push_feature_enabled
=logfile       ejabberd_suite.push_feature_enabled.33314.html
=started       2025-03-24 17:15:26
=ended         2025-03-24 17:15:26
=result        ok
=elapsed       0.105877
=case          ejabberd_SUITE:push_unsupported_iq
=logfile       ejabberd_suite.push_unsupported_iq.33410.html
=started       2025-03-24 17:15:26
=ended         2025-03-24 17:15:26
=result        ok
=elapsed       0.105179
=case          ejabberd_SUITE:end_per_group
=logfile       ejabberd_suite.end_per_group.33474.html
=group_props   [{name,push_single},sequence]
=started       2025-03-24 17:15:26
=ended         2025-03-24 17:15:26
=result        ok
=elapsed       3.0e-6
=group_time    0.300s
=case          ejabberd_SUITE:test_unregister
=logfile       ejabberd_suite.test_unregister.34979.html
=started       2025-03-24 17:15:26
=ended         2025-03-24 17:15:26
=result        ok
=elapsed       0.013443
=case          ejabberd_SUITE:end_per_group
=logfile       ejabberd_suite.end_per_group.35043.html
=group_props   [{name,single_user},sequence]
=started       2025-03-24 17:15:26
=ended         2025-03-24 17:15:26
=result        ok
=elapsed       3.0e-6
=group_time    17.175s
=case          ejabberd_SUITE:init_per_group
=logfile       ejabberd_suite.init_per_group.35075.html
=group_props   [{name,muc_master_slave},sequence]
=started       2025-03-24 17:15:26
=ended         2025-03-24 17:15:26
=result        ok
=elapsed       1.0e-5
=case          ejabberd_SUITE:init_per_group
=logfile       ejabberd_suite.init_per_group.35107.html
=group_props   [{name,muc_register},parallel]
=started       2025-03-24 17:15:26
=ended         2025-03-24 17:15:26
=result        ok
=elapsed       3.0e-6
=case          ejabberd_SUITE:muc_register_master
=logfile       ejabberd_suite.muc_register_master.35139.html
=started       2025-03-24 17:15:26
=ended         2025-03-24 17:15:26
=result        ok
=elapsed       0.132687
=case          ejabberd_SUITE:muc_register_slave
=logfile       ejabberd_suite.muc_register_slave.35171.html
=started       2025-03-24 17:15:26
=ended         2025-03-24 17:15:26
=result        ok
=elapsed       0.12665
=case          ejabberd_SUITE:end_per_group
=logfile       ejabberd_suite.end_per_group.35235.html
=group_props   [{name,muc_register},parallel]
=started       2025-03-24 17:15:26
=ended         2025-03-24 17:15:26
=result        ok
=elapsed       2.0e-6
=group_time    0.197s
=case          ejabberd_SUITE:init_per_group
=logfile       ejabberd_suite.init_per_group.35267.html
=group_props   [{name,muc_groupchat_msg},parallel]
=started       2025-03-24 17:15:26
=ended         2025-03-24 17:15:26
=result        ok
=elapsed       3.0e-6
=case          ejabberd_SUITE:muc_groupchat_msg_master
=logfile       ejabberd_suite.muc_groupchat_msg_master.35299.html
=started       2025-03-24 17:15:26
=ended         2025-03-24 17:15:27
=result        ok
=elapsed       0.135751
=case          ejabberd_SUITE:muc_groupchat_msg_slave
=logfile       ejabberd_suite.muc_groupchat_msg_slave.35331.html
=started       2025-03-24 17:15:26
=ended         2025-03-24 17:15:27
=result        ok
=elapsed       0.128749
=case          ejabberd_SUITE:end_per_group
=logfile       ejabberd_suite.end_per_group.33730.html
=group_props   [{name,muc_groupchat_msg},parallel]
=started       2025-03-24 17:15:27
=ended         2025-03-24 17:15:27
=result        ok
=elapsed       2.0e-6
=group_time    0.195s
=case          ejabberd_SUITE:init_per_group
=logfile       ejabberd_suite.init_per_group.33762.html
=group_props   [{name,muc_private_msg},parallel]
=started       2025-03-24 17:15:27
=ended         2025-03-24 17:15:27
=result        ok
=elapsed       3.0e-6
=case          ejabberd_SUITE:muc_private_msg_master
=logfile       ejabberd_suite.muc_private_msg_master.33794.html
=started       2025-03-24 17:15:27
=ended         2025-03-24 17:15:27
=result        ok
=elapsed       0.17224
=case          ejabberd_SUITE:muc_private_msg_slave
=logfile       ejabberd_suite.muc_private_msg_slave.33826.html
=started       2025-03-24 17:15:27
=ended         2025-03-24 17:15:27
=result        ok
=elapsed       0.164425
=case          ejabberd_SUITE:end_per_group
=logfile       ejabberd_suite.end_per_group.33922.html
=group_props   [{name,muc_private_msg},parallel]
=started       2025-03-24 17:15:27
=ended         2025-03-24 17:15:27
=result        ok
=elapsed       2.0e-6
=group_time    0.233s
=case          ejabberd_SUITE:init_per_group
=logfile       ejabberd_suite.init_per_group.33954.html
=group_props   [{name,muc_set_subject},parallel]
=started       2025-03-24 17:15:27
=ended         2025-03-24 17:15:27
=result        ok
=elapsed       3.0e-6
=case          ejabberd_SUITE:muc_set_subject_master
=logfile       ejabberd_suite.muc_set_subject_master.33986.html
=started       2025-03-24 17:15:27
=ended         2025-03-24 17:15:27
=result        ok
=elapsed       0.148059
=case          ejabberd_SUITE:muc_set_subject_slave
=logfile       ejabberd_suite.muc_set_subject_slave.34018.html
=started       2025-03-24 17:15:27
=ended         2025-03-24 17:15:27
=result        ok
=elapsed       0.140822
=case          ejabberd_SUITE:end_per_group
=logfile       ejabberd_suite.end_per_group.34114.html
=group_props   [{name,muc_set_subject},parallel]
=started       2025-03-24 17:15:27
=ended         2025-03-24 17:15:27
=result        ok
=elapsed       2.0e-6
=group_time    0.209s
=case          ejabberd_SUITE:init_per_group
=logfile       ejabberd_suite.init_per_group.34146.html
=group_props   [{name,muc_history},parallel]
=started       2025-03-24 17:15:27
=ended         2025-03-24 17:15:27
=result        ok
=elapsed       3.0e-6
=case          ejabberd_SUITE:muc_history_master
=logfile       ejabberd_suite.muc_history_master.34178.html
=started       2025-03-24 17:15:27
=ended         2025-03-24 17:15:27
=result        ok
=elapsed       0.197332
=case          ejabberd_SUITE:muc_history_slave
=logfile       ejabberd_suite.muc_history_slave.34210.html
=started       2025-03-24 17:15:27
=ended         2025-03-24 17:15:27
=result        ok
=elapsed       0.186847
=case          ejabberd_SUITE:end_per_group
=logfile       ejabberd_suite.end_per_group.34274.html
=group_props   [{name,muc_history},parallel]
=started       2025-03-24 17:15:27
=ended         2025-03-24 17:15:27
=result        ok
=elapsed       3.0e-6
=group_time    0.258s
=case          ejabberd_SUITE:init_per_group
=logfile       ejabberd_suite.init_per_group.34306.html
=group_props   [{name,muc_invite},parallel]
=started       2025-03-24 17:15:27
=ended         2025-03-24 17:15:27
=result        ok
=elapsed       4.0e-6
=case          ejabberd_SUITE:muc_invite_master
=logfile       ejabberd_suite.muc_invite_master.34338.html
=started       2025-03-24 17:15:27
=ended         2025-03-24 17:15:28
=result        ok
=elapsed       0.123648
=case          ejabberd_SUITE:muc_invite_slave
=logfile       ejabberd_suite.muc_invite_slave.34370.html
=started       2025-03-24 17:15:27
=ended         2025-03-24 17:15:28
=result        ok
=elapsed       0.160913
=case          ejabberd_SUITE:end_per_group
=logfile       ejabberd_suite.end_per_group.34466.html
=group_props   [{name,muc_invite},parallel]
=started       2025-03-24 17:15:28
=ended         2025-03-24 17:15:28
=result        ok
=elapsed       3.0e-6
=group_time    0.225s
=case          ejabberd_SUITE:init_per_group
=logfile       ejabberd_suite.init_per_group.21540.html
=group_props   [{name,muc_invite_members_only},parallel]
=started       2025-03-24 17:15:28
=ended         2025-03-24 17:15:28
=result        ok
=elapsed       3.0e-6
=case          ejabberd_SUITE:muc_invite_members_only_master
=logfile       ejabberd_suite.muc_invite_members_only_master.21572.html
=started       2025-03-24 17:15:28
=ended         2025-03-24 17:15:28
=result        ok
=elapsed       0.135508
=case          ejabberd_SUITE:muc_invite_members_only_slave
=logfile       ejabberd_suite.muc_invite_members_only_slave.21604.html
=started       2025-03-24 17:15:28
=ended         2025-03-24 17:15:28
=result        ok
=elapsed       0.128648
=case          ejabberd_SUITE:end_per_group
=logfile       ejabberd_suite.end_per_group.21700.html
=group_props   [{name,muc_invite_members_only},parallel]
=started       2025-03-24 17:15:28
=ended         2025-03-24 17:15:28
=result        ok
=elapsed       2.0e-6
=group_time    0.196s
=case          ejabberd_SUITE:init_per_group
=logfile       ejabberd_suite.init_per_group.21732.html
=group_props   [{name,muc_invite_password_protected},parallel]
=started       2025-03-24 17:15:28
=ended         2025-03-24 17:15:28
=result        ok
=elapsed       3.0e-6
=case          ejabberd_SUITE:muc_invite_password_protected_master
=logfile       ejabberd_suite.muc_invite_password_protected_master.21764.html
=started       2025-03-24 17:15:28
=ended         2025-03-24 17:15:28
=result        ok
=elapsed       0.171418
=case          ejabberd_SUITE:muc_invite_password_protected_slave
=logfile       ejabberd_suite.muc_invite_password_protected_slave.21796.html
=started       2025-03-24 17:15:28
=ended         2025-03-24 17:15:28
=result        ok
=elapsed       0.121146
=case          ejabberd_SUITE:end_per_group
=logfile       ejabberd_suite.end_per_group.21892.html
=group_props   [{name,muc_invite_password_protected},parallel]
=started       2025-03-24 17:15:28
=ended         2025-03-24 17:15:28
=result        ok
=elapsed       3.0e-6
=group_time    0.233s
=case          ejabberd_SUITE:init_per_group
=logfile       ejabberd_suite.init_per_group.21924.html
=group_props   [{name,muc_voice_request},parallel]
=started       2025-03-24 17:15:28
=ended         2025-03-24 17:15:28
=result        ok
=elapsed       4.0e-6
=case          ejabberd_SUITE:muc_voice_request_master
=logfile       ejabberd_suite.muc_voice_request_master.21956.html
=started       2025-03-24 17:15:28
=ended         2025-03-24 17:15:28
=result        ok
=elapsed       0.140293
=case          ejabberd_SUITE:muc_voice_request_slave
=logfile       ejabberd_suite.muc_voice_request_slave.34626.html
=started       2025-03-24 17:15:28
=ended         2025-03-24 17:15:28
=result        ok
=elapsed       0.131955
=case          ejabberd_SUITE:end_per_group
=logfile       ejabberd_suite.end_per_group.22084.html
=group_props   [{name,muc_voice_request},parallel]
=started       2025-03-24 17:15:28
=ended         2025-03-24 17:15:28
=result        ok
=elapsed       2.0e-6
=group_time    0.201s
=case          ejabberd_SUITE:init_per_group
=logfile       ejabberd_suite.init_per_group.22116.html
=group_props   [{name,muc_change_role},parallel]
=started       2025-03-24 17:15:28
=ended         2025-03-24 17:15:28
=result        ok
=elapsed       3.0e-6
=case          ejabberd_SUITE:muc_change_role_master
=logfile       ejabberd_suite.muc_change_role_master.22148.html
=started       2025-03-24 17:15:28
=ended         2025-03-24 17:15:29
=result        ok
=elapsed       0.153366
=case          ejabberd_SUITE:muc_change_role_slave
=logfile       ejabberd_suite.muc_change_role_slave.22180.html
=started       2025-03-24 17:15:28
=ended         2025-03-24 17:15:29
=result        ok
=elapsed       0.14507
=case          ejabberd_SUITE:end_per_group
=logfile       ejabberd_suite.end_per_group.22244.html
=group_props   [{name,muc_change_role},parallel]
=started       2025-03-24 17:15:29
=ended         2025-03-24 17:15:29
=result        ok
=elapsed       2.0e-6
=group_time    0.214s
=case          ejabberd_SUITE:init_per_group
=logfile       ejabberd_suite.init_per_group.22276.html
=group_props   [{name,muc_kick},parallel]
=started       2025-03-24 17:15:29
=ended         2025-03-24 17:15:29
=result        ok
=elapsed       3.0e-6
=case          ejabberd_SUITE:muc_kick_master
=logfile       ejabberd_suite.muc_kick_master.22308.html
=started       2025-03-24 17:15:29
=ended         2025-03-24 17:15:29
=result        ok
=elapsed       0.134463
=case          ejabberd_SUITE:muc_kick_slave
=logfile       ejabberd_suite.muc_kick_slave.22340.html
=started       2025-03-24 17:15:29
=ended         2025-03-24 17:15:29
=result        ok
=elapsed       0.126382
=case          ejabberd_SUITE:end_per_group
=logfile       ejabberd_suite.end_per_group.35715.html
=group_props   [{name,muc_kick},parallel]
=started       2025-03-24 17:15:29
=ended         2025-03-24 17:15:29
=result        ok
=elapsed       2.0e-6
=group_time    0.195s
=case          ejabberd_SUITE:init_per_group
=logfile       ejabberd_suite.init_per_group.35747.html
=group_props   [{name,muc_change_affiliation},parallel]
=started       2025-03-24 17:15:29
=ended         2025-03-24 17:15:29
=result        ok
=elapsed       3.0e-6
=case          ejabberd_SUITE:muc_change_affiliation_master
=logfile       ejabberd_suite.muc_change_affiliation_master.35779.html
=started       2025-03-24 17:15:29
=ended         2025-03-24 17:15:29
=result        ok
=elapsed       0.167538
=case          ejabberd_SUITE:muc_change_affiliation_slave
=logfile       ejabberd_suite.muc_change_affiliation_slave.35811.html
=started       2025-03-24 17:15:29
=ended         2025-03-24 17:15:29
=result        ok
=elapsed       0.15678
=case          ejabberd_SUITE:end_per_group
=logfile       ejabberd_suite.end_per_group.34882.html
=group_props   [{name,muc_change_affiliation},parallel]
=started       2025-03-24 17:15:29
=ended         2025-03-24 17:15:29
=result        ok
=elapsed       2.0e-6
=group_time    0.227s
=case          ejabberd_SUITE:init_per_group
=logfile       ejabberd_suite.init_per_group.34914.html
=group_props   [{name,muc_destroy},parallel]
=started       2025-03-24 17:15:29
=ended         2025-03-24 17:15:29
=result        ok
=elapsed       3.0e-6
=case          ejabberd_SUITE:muc_destroy_master
=logfile       ejabberd_suite.muc_destroy_master.34946.html
=started       2025-03-24 17:15:29
=ended         2025-03-24 17:15:29
=result        ok
=elapsed       0.132403
=case          ejabberd_SUITE:muc_destroy_slave
=logfile       ejabberd_suite.muc_destroy_slave.34978.html
=started       2025-03-24 17:15:29
=ended         2025-03-24 17:15:29
=result        ok
=elapsed       0.131497
=case          ejabberd_SUITE:end_per_group
=logfile       ejabberd_suite.end_per_group.35074.html
=group_props   [{name,muc_destroy},parallel]
=started       2025-03-24 17:15:29
=ended         2025-03-24 17:15:29
=result        ok
=elapsed       2.0e-6
=group_time    0.192s
=case          ejabberd_SUITE:init_per_group
=logfile       ejabberd_suite.init_per_group.35106.html
=group_props   [{name,muc_vcard},parallel]
=started       2025-03-24 17:15:29
=ended         2025-03-24 17:15:29
=result        ok
=elapsed       3.0e-6
=case          ejabberd_SUITE:muc_vcard_master
=logfile       ejabberd_suite.muc_vcard_master.35138.html
=started       2025-03-24 17:15:29
=ended         2025-03-24 17:15:30
=result        ok
=elapsed       0.148746
=case          ejabberd_SUITE:muc_vcard_slave
=logfile       ejabberd_suite.muc_vcard_slave.35170.html
=started       2025-03-24 17:15:29
=ended         2025-03-24 17:15:30
=result        ok
=elapsed       0.139348
=case          ejabberd_SUITE:end_per_group
=logfile       ejabberd_suite.end_per_group.35298.html
=group_props   [{name,muc_vcard},parallel]
=started       2025-03-24 17:15:30
=ended         2025-03-24 17:15:30
=result        ok
=elapsed       2.0e-6
=group_time    0.208s
=case          ejabberd_SUITE:init_per_group
=logfile       ejabberd_suite.init_per_group.22628.html
=group_props   [{name,muc_nick_change},parallel]
=started       2025-03-24 17:15:30
=ended         2025-03-24 17:15:30
=result        ok
=elapsed       3.0e-6
=case          ejabberd_SUITE:muc_nick_change_master
=logfile       ejabberd_suite.muc_nick_change_master.22660.html
=started       2025-03-24 17:15:30
=ended         2025-03-24 17:15:30
=result        ok
=elapsed       0.132744
=case          ejabberd_SUITE:muc_nick_change_slave
=logfile       ejabberd_suite.muc_nick_change_slave.22692.html
=started       2025-03-24 17:15:30
=ended         2025-03-24 17:15:30
=result        ok
=elapsed       0.12729
=case          ejabberd_SUITE:end_per_group
=logfile       ejabberd_suite.end_per_group.22820.html
=group_props   [{name,muc_nick_change},parallel]
=started       2025-03-24 17:15:30
=ended         2025-03-24 17:15:30
=result        ok
=elapsed       2.0e-6
=group_time    0.192s
=case          ejabberd_SUITE:init_per_group
=logfile       ejabberd_suite.init_per_group.22852.html
=group_props   [{name,muc_config_title_desc},parallel]
=started       2025-03-24 17:15:30
=ended         2025-03-24 17:15:30
=result        ok
=elapsed       3.0e-6
=case          ejabberd_SUITE:muc_config_title_desc_master
=logfile       ejabberd_suite.muc_config_title_desc_master.36003.html
=started       2025-03-24 17:15:30
=ended         2025-03-24 17:15:30
=result        ok
=elapsed       0.133387
=case          ejabberd_SUITE:muc_config_title_desc_slave
=logfile       ejabberd_suite.muc_config_title_desc_slave.22884.html
=started       2025-03-24 17:15:30
=ended         2025-03-24 17:15:30
=result        ok
=elapsed       0.123481
=case          ejabberd_SUITE:end_per_group
=logfile       ejabberd_suite.end_per_group.36067.html
=group_props   [{name,muc_config_title_desc},parallel]
=started       2025-03-24 17:15:30
=ended         2025-03-24 17:15:30
=result        ok
=elapsed       2.0e-6
=group_time    0.194s
=case          ejabberd_SUITE:init_per_group
=logfile       ejabberd_suite.init_per_group.36099.html
=group_props   [{name,muc_config_public_list},parallel]
=started       2025-03-24 17:15:30
=ended         2025-03-24 17:15:30
=result        ok
=elapsed       3.0e-6
=case          ejabberd_SUITE:muc_config_public_list_master
=logfile       ejabberd_suite.muc_config_public_list_master.36131.html
=started       2025-03-24 17:15:30
=ended         2025-03-24 17:15:30
=result        ok
=elapsed       0.151182
=case          ejabberd_SUITE:muc_config_public_list_slave
=logfile       ejabberd_suite.muc_config_public_list_slave.36163.html
=started       2025-03-24 17:15:30
=ended         2025-03-24 17:15:30
=result        ok
=elapsed       0.136809
=case          ejabberd_SUITE:end_per_group
=logfile       ejabberd_suite.end_per_group.36195.html
=group_props   [{name,muc_config_public_list},parallel]
=started       2025-03-24 17:15:30
=ended         2025-03-24 17:15:30
=result        ok
=elapsed       2.0e-6
=group_time    0.213s
=case          ejabberd_SUITE:init_per_group
=logfile       ejabberd_suite.init_per_group.36227.html
=group_props   [{name,muc_config_password},parallel]
=started       2025-03-24 17:15:30
=ended         2025-03-24 17:15:30
=result        ok
=elapsed       3.0e-6
=case          ejabberd_SUITE:muc_config_password_master
=logfile       ejabberd_suite.muc_config_password_master.36259.html
=started       2025-03-24 17:15:30
=ended         2025-03-24 17:15:30
=result        ok
=elapsed       0.144875
=case          ejabberd_SUITE:muc_config_password_slave
=logfile       ejabberd_suite.muc_config_password_slave.36291.html
=started       2025-03-24 17:15:30
=ended         2025-03-24 17:15:30
=result        ok
=elapsed       0.136697
=case          ejabberd_SUITE:end_per_group
=logfile       ejabberd_suite.end_per_group.36387.html
=group_props   [{name,muc_config_password},parallel]
=started       2025-03-24 17:15:30
=ended         2025-03-24 17:15:30
=result        ok
=elapsed       2.0e-6
=group_time    0.206s
=case          ejabberd_SUITE:init_per_group
=logfile       ejabberd_suite.init_per_group.35490.html
=group_props   [{name,muc_config_whois},parallel]
=started       2025-03-24 17:15:30
=ended         2025-03-24 17:15:30
=result        ok
=elapsed       3.0e-6
=case          ejabberd_SUITE:muc_config_whois_master
=logfile       ejabberd_suite.muc_config_whois_master.35522.html
=started       2025-03-24 17:15:31
=ended         2025-03-24 17:15:31
=result        ok
=elapsed       0.155082
=case          ejabberd_SUITE:muc_config_whois_slave
=logfile       ejabberd_suite.muc_config_whois_slave.35554.html
=started       2025-03-24 17:15:31
=ended         2025-03-24 17:15:31
=result        ok
=elapsed       0.143698
=case          ejabberd_SUITE:end_per_group
=logfile       ejabberd_suite.end_per_group.35650.html
=group_props   [{name,muc_config_whois},parallel]
=started       2025-03-24 17:15:31
=ended         2025-03-24 17:15:31
=result        ok
=elapsed       2.0e-6
=group_time    0.216s
=case          ejabberd_SUITE:init_per_group
=logfile       ejabberd_suite.init_per_group.35682.html
=group_props   [{name,muc_config_members_only},parallel]
=started       2025-03-24 17:15:31
=ended         2025-03-24 17:15:31
=result        ok
=elapsed       3.0e-6
=case          ejabberd_SUITE:muc_config_members_only_master
=logfile       ejabberd_suite.muc_config_members_only_master.35714.html
=started       2025-03-24 17:15:31
=ended         2025-03-24 17:15:31
=result        ok
=elapsed       0.154616
=case          ejabberd_SUITE:muc_config_members_only_slave
=logfile       ejabberd_suite.muc_config_members_only_slave.35746.html
=started       2025-03-24 17:15:31
=ended         2025-03-24 17:15:31
=result        ok
=elapsed       0.147627
=case          ejabberd_SUITE:end_per_group
=logfile       ejabberd_suite.end_per_group.35874.html
=group_props   [{name,muc_config_members_only},parallel]
=started       2025-03-24 17:15:31
=ended         2025-03-24 17:15:31
=result        ok
=elapsed       2.0e-6
=group_time    0.215s
=case          ejabberd_SUITE:init_per_group
=logfile       ejabberd_suite.init_per_group.35906.html
=group_props   [{name,muc_config_moderated},parallel]
=started       2025-03-24 17:15:31
=ended         2025-03-24 17:15:31
=result        ok
=elapsed       3.0e-6
=case          ejabberd_SUITE:muc_config_moderated_master
=logfile       ejabberd_suite.muc_config_moderated_master.35938.html
=started       2025-03-24 17:15:31
=ended         2025-03-24 17:15:31
=result        ok
=elapsed       0.149778
=case          ejabberd_SUITE:muc_config_moderated_slave
=logfile       ejabberd_suite.muc_config_moderated_slave.35970.html
=started       2025-03-24 17:15:31
=ended         2025-03-24 17:15:31
=result        ok
=elapsed       0.134409
=case          ejabberd_SUITE:end_per_group
=logfile       ejabberd_suite.end_per_group.36066.html
=group_props   [{name,muc_config_moderated},parallel]
=started       2025-03-24 17:15:31
=ended         2025-03-24 17:15:31
=result        ok
=elapsed       2.0e-6
=group_time    0.211s
=case          ejabberd_SUITE:init_per_group
=logfile       ejabberd_suite.init_per_group.36579.html
=group_props   [{name,muc_config_private_messages},parallel]
=started       2025-03-24 17:15:31
=ended         2025-03-24 17:15:31
=result        ok
=elapsed       3.0e-6
=case          ejabberd_SUITE:muc_config_private_messages_master
=logfile       ejabberd_suite.muc_config_private_messages_master.36611.html
=started       2025-03-24 17:15:31
=ended         2025-03-24 17:15:31
=result        ok
=elapsed       0.157772
=case          ejabberd_SUITE:muc_config_private_messages_slave
=logfile       ejabberd_suite.muc_config_private_messages_slave.36643.html
=started       2025-03-24 17:15:31
=ended         2025-03-24 17:15:31
=result        ok
=elapsed       0.149695
=case          ejabberd_SUITE:end_per_group
=logfile       ejabberd_suite.end_per_group.36739.html
=group_props   [{name,muc_config_private_messages},parallel]
=started       2025-03-24 17:15:31
=ended         2025-03-24 17:15:31
=result        ok
=elapsed       3.0e-6
=group_time    0.217s
=case          ejabberd_SUITE:init_per_group
=logfile       ejabberd_suite.init_per_group.36771.html
=group_props   [{name,muc_config_query},parallel]
=started       2025-03-24 17:15:31
=ended         2025-03-24 17:15:31
=result        ok
=elapsed       3.0e-6
=case          ejabberd_SUITE:muc_config_query_master
=logfile       ejabberd_suite.muc_config_query_master.36803.html
=started       2025-03-24 17:15:31
=ended         2025-03-24 17:15:32
=result        ok
=elapsed       0.180622
=case          ejabberd_SUITE:muc_config_query_slave
=logfile       ejabberd_suite.muc_config_query_slave.36835.html
=started       2025-03-24 17:15:31
=ended         2025-03-24 17:15:32
=result        ok
=elapsed       0.175161
=case          ejabberd_SUITE:end_per_group
=logfile       ejabberd_suite.end_per_group.36899.html
=group_props   [{name,muc_config_query},parallel]
=started       2025-03-24 17:15:32
=ended         2025-03-24 17:15:32
=result        ok
=elapsed       2.0e-6
=group_time    0.240s
=case          ejabberd_SUITE:init_per_group
=logfile       ejabberd_suite.init_per_group.36931.html
=group_props   [{name,muc_config_allow_invites},parallel]
=started       2025-03-24 17:15:32
=ended         2025-03-24 17:15:32
=result        ok
=elapsed       3.0e-6
=case          ejabberd_SUITE:muc_config_allow_invites_master
=logfile       ejabberd_suite.muc_config_allow_invites_master.36963.html
=started       2025-03-24 17:15:32
=ended         2025-03-24 17:15:32
=result        ok
=elapsed       0.151745
=case          ejabberd_SUITE:muc_config_allow_invites_slave
=logfile       ejabberd_suite.muc_config_allow_invites_slave.36995.html
=started       2025-03-24 17:15:32
=ended         2025-03-24 17:15:32
=result        ok
=elapsed       0.143023
=case          ejabberd_SUITE:end_per_group
=logfile       ejabberd_suite.end_per_group.37123.html
=group_props   [{name,muc_config_allow_invites},parallel]
=started       2025-03-24 17:15:32
=ended         2025-03-24 17:15:32
=result        ok
=elapsed       2.0e-6
=group_time    0.211s
=case          ejabberd_SUITE:init_per_group
=logfile       ejabberd_suite.init_per_group.37155.html
=group_props   [{name,muc_config_visitor_status},parallel]
=started       2025-03-24 17:15:32
=ended         2025-03-24 17:15:32
=result        ok
=elapsed       3.0e-6
=case          ejabberd_SUITE:muc_config_visitor_status_master
=logfile       ejabberd_suite.muc_config_visitor_status_master.37187.html
=started       2025-03-24 17:15:32
=ended         2025-03-24 17:15:32
=result        ok
=elapsed       0.140534
=case          ejabberd_SUITE:muc_config_visitor_status_slave
=logfile       ejabberd_suite.muc_config_visitor_status_slave.37219.html
=started       2025-03-24 17:15:32
=ended         2025-03-24 17:15:32
=result        ok
=elapsed       0.1348
=case          ejabberd_SUITE:end_per_group
=logfile       ejabberd_suite.end_per_group.37315.html
=group_props   [{name,muc_config_visitor_status},parallel]
=started       2025-03-24 17:15:32
=ended         2025-03-24 17:15:32
=result        ok
=elapsed       2.0e-6
=group_time    0.201s
=case          ejabberd_SUITE:init_per_group
=logfile       ejabberd_suite.init_per_group.37347.html
=group_props   [{name,muc_config_allow_voice_requests},parallel]
=started       2025-03-24 17:15:32
=ended         2025-03-24 17:15:32
=result        ok
=elapsed       3.0e-6
=case          ejabberd_SUITE:muc_config_allow_voice_requests_master
=logfile       ejabberd_suite.muc_config_allow_voice_requests_master.37379.html
=started       2025-03-24 17:15:32
=ended         2025-03-24 17:15:32
=result        ok
=elapsed       0.136338
=case          ejabberd_SUITE:muc_config_allow_voice_requests_slave
=logfile       ejabberd_suite.muc_config_allow_voice_requests_slave.37411.html
=started       2025-03-24 17:15:32
=ended         2025-03-24 17:15:32
=result        ok
=elapsed       0.128247
=case          ejabberd_SUITE:end_per_group
=logfile       ejabberd_suite.end_per_group.37507.html
=group_props   [{name,muc_config_allow_voice_requests},parallel]
=started       2025-03-24 17:15:32
=ended         2025-03-24 17:15:32
=result        ok
=elapsed       2.0e-6
=group_time    0.200s
=case          ejabberd_SUITE:init_per_group
=logfile       ejabberd_suite.init_per_group.37539.html
=group_props   [{name,muc_config_voice_request_interval},parallel]
=started       2025-03-24 17:15:32
=ended         2025-03-24 17:15:32
=result        ok
=elapsed       3.0e-6
=case          ejabberd_SUITE:muc_config_voice_request_interval_master
=logfile       ejabberd_suite.muc_config_voice_request_interval_master.37571.html
=started       2025-03-24 17:15:32
=ended         2025-03-24 17:15:38
=result        ok
=elapsed       5.226963
=case          ejabberd_SUITE:muc_config_voice_request_interval_slave
=logfile       ejabberd_suite.muc_config_voice_request_interval_slave.37603.html
=started       2025-03-24 17:15:32
=ended         2025-03-24 17:15:38
=result        ok
=elapsed       5.219452
=case          ejabberd_SUITE:end_per_group
=logfile       ejabberd_suite.end_per_group.37635.html
=group_props   [{name,muc_config_voice_request_interval},parallel]
=started       2025-03-24 17:15:38
=ended         2025-03-24 17:15:38
=result        ok
=elapsed       2.0e-6
=group_time    5.286s
=case          ejabberd_SUITE:init_per_group
=logfile       ejabberd_suite.init_per_group.37667.html
=group_props   [{name,muc_config_visitor_nickchange},parallel]
=started       2025-03-24 17:15:38
=ended         2025-03-24 17:15:38
=result        ok
=elapsed       3.0e-6
=case          ejabberd_SUITE:muc_config_visitor_nickchange_master
=logfile       ejabberd_suite.muc_config_visitor_nickchange_master.37699.html
=started       2025-03-24 17:15:38
=ended         2025-03-24 17:15:38
=result        ok
=elapsed       0.149768
=case          ejabberd_SUITE:muc_config_visitor_nickchange_slave
=logfile       ejabberd_suite.muc_config_visitor_nickchange_slave.37731.html
=started       2025-03-24 17:15:38
=ended         2025-03-24 17:15:38
=result        ok
=elapsed       0.13716
=case          ejabberd_SUITE:end_per_group
=logfile       ejabberd_suite.end_per_group.37763.html
=group_props   [{name,muc_config_visitor_nickchange},parallel]
=started       2025-03-24 17:15:38
=ended         2025-03-24 17:15:38
=result        ok
=elapsed       2.0e-6
=group_time    0.210s
=case          ejabberd_SUITE:init_per_group
=logfile       ejabberd_suite.init_per_group.37795.html
=group_props   [{name,muc_join_conflict},parallel]
=started       2025-03-24 17:15:38
=ended         2025-03-24 17:15:38
=result        ok
=elapsed       3.0e-6
=case          ejabberd_SUITE:muc_join_conflict_master
=logfile       ejabberd_suite.muc_join_conflict_master.37827.html
=started       2025-03-24 17:15:38
=ended         2025-03-24 17:15:38
=result        ok
=elapsed       0.12422
=case          ejabberd_SUITE:muc_join_conflict_slave
=logfile       ejabberd_suite.muc_join_conflict_slave.37859.html
=started       2025-03-24 17:15:38
=ended         2025-03-24 17:15:38
=result        ok
=elapsed       0.116398
=case          ejabberd_SUITE:end_per_group
=logfile       ejabberd_suite.end_per_group.36578.html
=group_props   [{name,muc_join_conflict},parallel]
=started       2025-03-24 17:15:38
=ended         2025-03-24 17:15:38
=result        ok
=elapsed       2.0e-6
=group_time    0.184s
=case          ejabberd_SUITE:end_per_group
=logfile       ejabberd_suite.end_per_group.36610.html
=group_props   [{name,muc_master_slave},sequence]
=started       2025-03-24 17:15:38
=ended         2025-03-24 17:15:38
=result        ok
=elapsed       1.0e-6
=group_time    11.926s
=case          ejabberd_SUITE:init_per_group
=logfile       ejabberd_suite.init_per_group.36642.html
=group_props   [{name,privacy_master_slave},sequence]
=started       2025-03-24 17:15:38
=ended         2025-03-24 17:15:38
=result        ok
=elapsed       6.0e-6
=case          ejabberd_SUITE:init_per_group
=logfile       ejabberd_suite.init_per_group.36674.html
=group_props   [{name,privacy_deny_bare_jid},parallel]
=started       2025-03-24 17:15:38
=ended         2025-03-24 17:15:38
=result        ok
=elapsed       2.0e-6
=case          ejabberd_SUITE:privacy_deny_bare_jid_master
=logfile       ejabberd_suite.privacy_deny_bare_jid_master.36706.html
=started       2025-03-24 17:15:38
=ended         2025-03-24 17:15:39
=result        ok
=elapsed       1.179949
=case          ejabberd_SUITE:privacy_deny_bare_jid_slave
=logfile       ejabberd_suite.privacy_deny_bare_jid_slave.36738.html
=started       2025-03-24 17:15:38
=ended         2025-03-24 17:15:39
=result        ok
=elapsed       1.176514
=case          ejabberd_SUITE:end_per_group
=logfile       ejabberd_suite.end_per_group.36834.html
=group_props   [{name,privacy_deny_bare_jid},parallel]
=started       2025-03-24 17:15:39
=ended         2025-03-24 17:15:39
=result        ok
=elapsed       2.0e-6
=group_time    1.241s
=case          ejabberd_SUITE:init_per_group
=logfile       ejabberd_suite.init_per_group.38019.html
=group_props   [{name,privacy_deny_full_jid},parallel]
=started       2025-03-24 17:15:39
=ended         2025-03-24 17:15:39
=result        ok
=elapsed       3.0e-6
=case          ejabberd_SUITE:privacy_deny_full_jid_master
=logfile       ejabberd_suite.privacy_deny_full_jid_master.38051.html
=started       2025-03-24 17:15:39
=ended         2025-03-24 17:15:41
=result        ok
=elapsed       1.193175
=case          ejabberd_SUITE:privacy_deny_full_jid_slave
=logfile       ejabberd_suite.privacy_deny_full_jid_slave.38083.html
=started       2025-03-24 17:15:39
=ended         2025-03-24 17:15:41
=result        ok
=elapsed       1.19071
=case          ejabberd_SUITE:end_per_group
=logfile       ejabberd_suite.end_per_group.38179.html
=group_props   [{name,privacy_deny_full_jid},parallel]
=started       2025-03-24 17:15:41
=ended         2025-03-24 17:15:41
=result        ok
=elapsed       2.0e-6
=group_time    1.254s
=case          ejabberd_SUITE:init_per_group
=logfile       ejabberd_suite.init_per_group.38211.html
=group_props   [{name,privacy_deny_server_bare_jid},parallel]
=started       2025-03-24 17:15:41
=ended         2025-03-24 17:15:41
=result        ok
=elapsed       3.0e-6
=case          ejabberd_SUITE:privacy_deny_server_bare_jid_master
=logfile       ejabberd_suite.privacy_deny_server_bare_jid_master.38243.html
=started       2025-03-24 17:15:41
=ended         2025-03-24 17:15:42
=result        ok
=elapsed       1.17323
=case          ejabberd_SUITE:privacy_deny_server_bare_jid_slave
=logfile       ejabberd_suite.privacy_deny_server_bare_jid_slave.38275.html
=started       2025-03-24 17:15:41
=ended         2025-03-24 17:15:42
=result        ok
=elapsed       1.17014
=case          ejabberd_SUITE:end_per_group
=logfile       ejabberd_suite.end_per_group.37058.html
=group_props   [{name,privacy_deny_server_bare_jid},parallel]
=started       2025-03-24 17:15:42
=ended         2025-03-24 17:15:42
=result        ok
=elapsed       3.0e-6
=group_time    1.234s
=case          ejabberd_SUITE:init_per_group
=logfile       ejabberd_suite.init_per_group.37090.html
=group_props   [{name,privacy_deny_server_full_jid},parallel]
=started       2025-03-24 17:15:42
=ended         2025-03-24 17:15:42
=result        ok
=elapsed       3.0e-6
=case          ejabberd_SUITE:privacy_deny_server_full_jid_master
=logfile       ejabberd_suite.privacy_deny_server_full_jid_master.37122.html
=started       2025-03-24 17:15:42
=ended         2025-03-24 17:15:43
=result        ok
=elapsed       1.183095
=case          ejabberd_SUITE:privacy_deny_server_full_jid_slave
=logfile       ejabberd_suite.privacy_deny_server_full_jid_slave.37154.html
=started       2025-03-24 17:15:42
=ended         2025-03-24 17:15:43
=result        ok
=elapsed       1.180545
=case          ejabberd_SUITE:end_per_group
=logfile       ejabberd_suite.end_per_group.37314.html
=group_props   [{name,privacy_deny_server_full_jid},parallel]
=started       2025-03-24 17:15:43
=ended         2025-03-24 17:15:43
=result        ok
=elapsed       3.0e-6
=group_time    1.244s
=case          ejabberd_SUITE:init_per_group
=logfile       ejabberd_suite.init_per_group.37346.html
=group_props   [{name,privacy_deny_group},parallel]
=started       2025-03-24 17:15:43
=ended         2025-03-24 17:15:43
=result        ok
=elapsed       3.0e-6
=case          ejabberd_SUITE:privacy_deny_group_master
=logfile       ejabberd_suite.privacy_deny_group_master.37378.html
=started       2025-03-24 17:15:43
=ended         2025-03-24 17:15:44
=result        ok
=elapsed       1.171633
=case          ejabberd_SUITE:privacy_deny_group_slave
=logfile       ejabberd_suite.privacy_deny_group_slave.37410.html
=started       2025-03-24 17:15:43
=ended         2025-03-24 17:15:44
=result        ok
=elapsed       1.168782
=case          ejabberd_SUITE:end_per_group
=logfile       ejabberd_suite.end_per_group.37474.html
=group_props   [{name,privacy_deny_group},parallel]
=started       2025-03-24 17:15:44
=ended         2025-03-24 17:15:45
=result        ok
=elapsed       3.0e-6
=group_time    1.232s
=case          ejabberd_SUITE:init_per_group
=logfile       ejabberd_suite.init_per_group.37506.html
=group_props   [{name,privacy_deny_sub_both},parallel]
=started       2025-03-24 17:15:45
=ended         2025-03-24 17:15:45
=result        ok
=elapsed       3.0e-6
=case          ejabberd_SUITE:privacy_deny_sub_both_master
=logfile       ejabberd_suite.privacy_deny_sub_both_master.37538.html
=started       2025-03-24 17:15:45
=ended         2025-03-24 17:15:46
=result        ok
=elapsed       1.189507
=case          ejabberd_SUITE:privacy_deny_sub_both_slave
=logfile       ejabberd_suite.privacy_deny_sub_both_slave.37570.html
=started       2025-03-24 17:15:45
=ended         2025-03-24 17:15:46
=result        ok
=elapsed       1.178464
=case          ejabberd_SUITE:end_per_group
=logfile       ejabberd_suite.end_per_group.24100.html
=group_props   [{name,privacy_deny_sub_both},parallel]
=started       2025-03-24 17:15:46
=ended         2025-03-24 17:15:46
=result        ok
=elapsed       2.0e-6
=group_time    1.250s
=case          ejabberd_SUITE:init_per_group
=logfile       ejabberd_suite.init_per_group.24132.html
=group_props   [{name,privacy_deny_sub_from},parallel]
=started       2025-03-24 17:15:46
=ended         2025-03-24 17:15:46
=result        ok
=elapsed       4.0e-6
=case          ejabberd_SUITE:privacy_deny_sub_from_master
=logfile       ejabberd_suite.privacy_deny_sub_from_master.24164.html
=started       2025-03-24 17:15:46
=ended         2025-03-24 17:15:47
=result        ok
=elapsed       1.184134
=case          ejabberd_SUITE:privacy_deny_sub_from_slave
=logfile       ejabberd_suite.privacy_deny_sub_from_slave.37666.html
=started       2025-03-24 17:15:46
=ended         2025-03-24 17:15:47
=result        ok
=elapsed       1.175372
=case          ejabberd_SUITE:end_per_group
=logfile       ejabberd_suite.end_per_group.24292.html
=group_props   [{name,privacy_deny_sub_from},parallel]
=started       2025-03-24 17:15:47
=ended         2025-03-24 17:15:47
=result        ok
=elapsed       2.0e-6
=group_time    1.246s
=case          ejabberd_SUITE:init_per_group
=logfile       ejabberd_suite.init_per_group.37794.html
=group_props   [{name,privacy_deny_sub_to},parallel]
=started       2025-03-24 17:15:47
=ended         2025-03-24 17:15:47
=result        ok
=elapsed       3.0e-6
=case          ejabberd_SUITE:privacy_deny_sub_to_master
=logfile       ejabberd_suite.privacy_deny_sub_to_master.37826.html
=started       2025-03-24 17:15:47
=ended         2025-03-24 17:15:48
=result        ok
=elapsed       1.183511
=case          ejabberd_SUITE:privacy_deny_sub_to_slave
=logfile       ejabberd_suite.privacy_deny_sub_to_slave.37858.html
=started       2025-03-24 17:15:47
=ended         2025-03-24 17:15:48
=result        ok
=elapsed       1.181101
=case          ejabberd_SUITE:end_per_group
=logfile       ejabberd_suite.end_per_group.38050.html
=group_props   [{name,privacy_deny_sub_to},parallel]
=started       2025-03-24 17:15:48
=ended         2025-03-24 17:15:48
=result        ok
=elapsed       2.0e-6
=group_time    1.248s
=case          ejabberd_SUITE:init_per_group
=logfile       ejabberd_suite.init_per_group.38082.html
=group_props   [{name,privacy_deny_sub_none},parallel]
=started       2025-03-24 17:15:48
=ended         2025-03-24 17:15:48
=result        ok
=elapsed       3.0e-6
=case          ejabberd_SUITE:privacy_deny_sub_none_master
=logfile       ejabberd_suite.privacy_deny_sub_none_master.38114.html
=started       2025-03-24 17:15:48
=ended         2025-03-24 17:15:50
=result        ok
=elapsed       1.169753
=case          ejabberd_SUITE:privacy_deny_sub_none_slave
=logfile       ejabberd_suite.privacy_deny_sub_none_slave.38146.html
=started       2025-03-24 17:15:48
=ended         2025-03-24 17:15:50
=result        ok
=elapsed       1.166433
=case          ejabberd_SUITE:end_per_group
=logfile       ejabberd_suite.end_per_group.38627.html
=group_props   [{name,privacy_deny_sub_none},parallel]
=started       2025-03-24 17:15:50
=ended         2025-03-24 17:15:50
=result        ok
=elapsed       3.0e-6
=group_time    1.229s
=case          ejabberd_SUITE:init_per_group
=logfile       ejabberd_suite.init_per_group.38659.html
=group_props   [{name,privacy_deny_all},parallel]
=started       2025-03-24 17:15:50
=ended         2025-03-24 17:15:50
=result        ok
=elapsed       3.0e-6
=case          ejabberd_SUITE:privacy_deny_all_master
=logfile       ejabberd_suite.privacy_deny_all_master.38691.html
=started       2025-03-24 17:15:50
=ended         2025-03-24 17:15:51
=result        ok
=elapsed       1.176189
=case          ejabberd_SUITE:privacy_deny_all_slave
=logfile       ejabberd_suite.privacy_deny_all_slave.38723.html
=started       2025-03-24 17:15:50
=ended         2025-03-24 17:15:51
=result        ok
=elapsed       1.173085
=case          ejabberd_SUITE:end_per_group
=logfile       ejabberd_suite.end_per_group.38915.html
=group_props   [{name,privacy_deny_all},parallel]
=started       2025-03-24 17:15:51
=ended         2025-03-24 17:15:51
=result        ok
=elapsed       2.0e-6
=group_time    1.236s
=case          ejabberd_SUITE:init_per_group
=logfile       ejabberd_suite.init_per_group.38947.html
=group_props   [{name,privacy_deny_offline},parallel]
=started       2025-03-24 17:15:51
=ended         2025-03-24 17:15:51
=result        ok
=elapsed       3.0e-6
=case          ejabberd_SUITE:privacy_deny_offline_master
=logfile       ejabberd_suite.privacy_deny_offline_master.38979.html
=started       2025-03-24 17:15:51
=ended         2025-03-24 17:15:51
=result        ok
=elapsed       0.251484
=case          ejabberd_SUITE:privacy_deny_offline_slave
=logfile       ejabberd_suite.privacy_deny_offline_slave.39011.html
=started       2025-03-24 17:15:51
=ended         2025-03-24 17:15:51
=result        ok
=elapsed       0.352758
=case          ejabberd_SUITE:end_per_group
=logfile       ejabberd_suite.end_per_group.39171.html
=group_props   [{name,privacy_deny_offline},parallel]
=started       2025-03-24 17:15:51
=ended         2025-03-24 17:15:51
=result        ok
=elapsed       2.0e-6
=group_time    0.417s
=case          ejabberd_SUITE:init_per_group
=logfile       ejabberd_suite.init_per_group.39203.html
=group_props   [{name,privacy_block},parallel]
=started       2025-03-24 17:15:51
=ended         2025-03-24 17:15:51
=result        ok
=elapsed       3.0e-6
=case          ejabberd_SUITE:privacy_block_master
=logfile       ejabberd_suite.privacy_block_master.39235.html
=started       2025-03-24 17:15:51
=ended         2025-03-24 17:15:52
=result        ok
=elapsed       0.443612
=case          ejabberd_SUITE:privacy_block_slave
=logfile       ejabberd_suite.privacy_block_slave.39267.html
=started       2025-03-24 17:15:51
=ended         2025-03-24 17:15:52
=result        ok
=elapsed       0.441482
=case          ejabberd_SUITE:end_per_group
=logfile       ejabberd_suite.end_per_group.39427.html
=group_props   [{name,privacy_block},parallel]
=started       2025-03-24 17:15:52
=ended         2025-03-24 17:15:52
=result        ok
=elapsed       2.0e-6
=group_time    0.504s
=case          ejabberd_SUITE:init_per_group
=logfile       ejabberd_suite.init_per_group.39459.html
=group_props   [{name,privacy_unblock},parallel]
=started       2025-03-24 17:15:52
=ended         2025-03-24 17:15:52
=result        ok
=elapsed       3.0e-6
=case          ejabberd_SUITE:privacy_unblock_master
=logfile       ejabberd_suite.privacy_unblock_master.39491.html
=started       2025-03-24 17:15:52
=ended         2025-03-24 17:15:52
=result        ok
=elapsed       0.21425
=case          ejabberd_SUITE:privacy_unblock_slave
=logfile       ejabberd_suite.privacy_unblock_slave.39523.html
=started       2025-03-24 17:15:52
=ended         2025-03-24 17:15:52
=result        ok
=elapsed       0.211775
=case          ejabberd_SUITE:end_per_group
=logfile       ejabberd_suite.end_per_group.39619.html
=group_props   [{name,privacy_unblock},parallel]
=started       2025-03-24 17:15:52
=ended         2025-03-24 17:15:52
=result        ok
=elapsed       2.0e-6
=group_time    0.274s
=case          ejabberd_SUITE:init_per_group
=logfile       ejabberd_suite.init_per_group.39651.html
=group_props   [{name,privacy_unblock_all},parallel]
=started       2025-03-24 17:15:52
=ended         2025-03-24 17:15:52
=result        ok
=elapsed       4.0e-6
=case          ejabberd_SUITE:privacy_unblock_all_master
=logfile       ejabberd_suite.privacy_unblock_all_master.39683.html
=started       2025-03-24 17:15:52
=ended         2025-03-24 17:15:52
=result        ok
=elapsed       0.216903
=case          ejabberd_SUITE:privacy_unblock_all_slave
=logfile       ejabberd_suite.privacy_unblock_all_slave.39715.html
=started       2025-03-24 17:15:52
=ended         2025-03-24 17:15:52
=result        ok
=elapsed       0.20906
=case          ejabberd_SUITE:end_per_group
=logfile       ejabberd_suite.end_per_group.39747.html
=group_props   [{name,privacy_unblock_all},parallel]
=started       2025-03-24 17:15:52
=ended         2025-03-24 17:15:52
=result        ok
=elapsed       2.0e-6
=group_time    0.281s
=case          ejabberd_SUITE:end_per_group
=logfile       ejabberd_suite.end_per_group.39779.html
=group_props   [{name,privacy_master_slave},sequence]
=started       2025-03-24 17:15:52
=ended         2025-03-24 17:15:52
=result        ok
=elapsed       2.0e-6
=group_time    14.262s
=case          ejabberd_SUITE:init_per_group
=logfile       ejabberd_suite.init_per_group.39811.html
=group_props   [{name,pubsub_master_slave},sequence]
=started       2025-03-24 17:15:52
=ended         2025-03-24 17:15:52
=result        ok
=elapsed       6.0e-6
=case          ejabberd_SUITE:init_per_group
=logfile       ejabberd_suite.init_per_group.39843.html
=group_props   [{name,pubsub_publish},parallel]
=started       2025-03-24 17:15:52
=ended         2025-03-24 17:15:52
=result        ok
=elapsed       2.0e-6
=case          ejabberd_SUITE:pubsub_publish_master
=logfile       ejabberd_suite.pubsub_publish_master.39875.html
=started       2025-03-24 17:15:53
=ended         2025-03-24 17:15:53
=result        ok
=elapsed       0.127901
=case          ejabberd_SUITE:pubsub_publish_slave
=logfile       ejabberd_suite.pubsub_publish_slave.39907.html
=started       2025-03-24 17:15:53
=ended         2025-03-24 17:15:53
=result        ok
=elapsed       0.125848
=case          ejabberd_SUITE:end_per_group
=logfile       ejabberd_suite.end_per_group.39971.html
=group_props   [{name,pubsub_publish},parallel]
=started       2025-03-24 17:15:53
=ended         2025-03-24 17:15:53
=result        ok
=elapsed       2.0e-6
=group_time    0.187s
=case          ejabberd_SUITE:init_per_group
=logfile       ejabberd_suite.init_per_group.40003.html
=group_props   [{name,pubsub_subscriptions},parallel]
=started       2025-03-24 17:15:53
=ended         2025-03-24 17:15:53
=result        ok
=elapsed       3.0e-6
=case          ejabberd_SUITE:pubsub_subscriptions_master
=logfile       ejabberd_suite.pubsub_subscriptions_master.40035.html
=started       2025-03-24 17:15:53
=ended         2025-03-24 17:15:53
=result        ok
=elapsed       0.161173
=case          ejabberd_SUITE:pubsub_subscriptions_slave
=logfile       ejabberd_suite.pubsub_subscriptions_slave.40067.html
=started       2025-03-24 17:15:53
=ended         2025-03-24 17:15:53
=result        ok
=elapsed       0.152846
=case          ejabberd_SUITE:end_per_group
=logfile       ejabberd_suite.end_per_group.40163.html
=group_props   [{name,pubsub_subscriptions},parallel]
=started       2025-03-24 17:15:53
=ended         2025-03-24 17:15:53
=result        ok
=elapsed       2.0e-6
=group_time    0.221s
=case          ejabberd_SUITE:init_per_group
=logfile       ejabberd_suite.init_per_group.40195.html
=group_props   [{name,pubsub_affiliations},parallel]
=started       2025-03-24 17:15:53
=ended         2025-03-24 17:15:53
=result        ok
=elapsed       3.0e-6
=case          ejabberd_SUITE:pubsub_affiliations_master
=logfile       ejabberd_suite.pubsub_affiliations_master.40227.html
=started       2025-03-24 17:15:53
=ended         2025-03-24 17:15:55
=result        ok
=elapsed       1.706672
=case          ejabberd_SUITE:pubsub_affiliations_slave
=logfile       ejabberd_suite.pubsub_affiliations_slave.40259.html
=started       2025-03-24 17:15:53
=ended         2025-03-24 17:15:55
=result        ok
=elapsed       1.720717
=case          ejabberd_SUITE:end_per_group
=logfile       ejabberd_suite.end_per_group.40355.html
=group_props   [{name,pubsub_affiliations},parallel]
=started       2025-03-24 17:15:55
=ended         2025-03-24 17:15:55
=result        ok
=elapsed       2.0e-6
=group_time    1.781s
=case          ejabberd_SUITE:init_per_group
=logfile       ejabberd_suite.init_per_group.38498.html
=group_props   [{name,pubsub_authorize},parallel]
=started       2025-03-24 17:15:55
=ended         2025-03-24 17:15:55
=result        ok
=elapsed       3.0e-6
=case          ejabberd_SUITE:pubsub_authorize_master
=logfile       ejabberd_suite.pubsub_authorize_master.38530.html
=started       2025-03-24 17:15:55
=ended         2025-03-24 17:15:55
=result        ok
=elapsed       0.214557
=case          ejabberd_SUITE:pubsub_authorize_slave
=logfile       ejabberd_suite.pubsub_authorize_slave.38562.html
=started       2025-03-24 17:15:55
=ended         2025-03-24 17:15:55
=result        ok
=elapsed       0.172156
=case          ejabberd_SUITE:end_per_group
=logfile       ejabberd_suite.end_per_group.38658.html
=group_props   [{name,pubsub_authorize},parallel]
=started       2025-03-24 17:15:55
=ended         2025-03-24 17:15:55
=result        ok
=elapsed       2.0e-6
=group_time    0.276s
=case          ejabberd_SUITE:end_per_group
=logfile       ejabberd_suite.end_per_group.38690.html
=group_props   [{name,pubsub_master_slave},sequence]
=started       2025-03-24 17:15:55
=ended         2025-03-24 17:15:55
=result        ok
=elapsed       2.0e-6
=group_time    2.590s
=case          ejabberd_SUITE:init_per_group
=logfile       ejabberd_suite.init_per_group.38722.html
=group_props   [{name,roster_master_slave},sequence]
=started       2025-03-24 17:15:55
=ended         2025-03-24 17:15:55
=result        ok
=elapsed       7.0e-6
=case          ejabberd_SUITE:init_per_group
=logfile       ejabberd_suite.init_per_group.24612.html
=group_props   [{name,roster_subscribe},parallel]
=started       2025-03-24 17:15:55
=ended         2025-03-24 17:15:55
=result        ok
=elapsed       2.0e-6
=case          ejabberd_SUITE:roster_subscribe_master
=logfile       ejabberd_suite.roster_subscribe_master.24644.html
=started       2025-03-24 17:15:55
=ended         2025-03-24 17:16:08
=result        ok
=elapsed       13.081861
=case          ejabberd_SUITE:roster_subscribe_slave
=logfile       ejabberd_suite.roster_subscribe_slave.24676.html
=started       2025-03-24 17:15:55
=ended         2025-03-24 17:16:08
=result        ok
=elapsed       13.081423
=case          ejabberd_SUITE:end_per_group
=logfile       ejabberd_suite.end_per_group.24740.html
=group_props   [{name,roster_subscribe},parallel]
=started       2025-03-24 17:16:08
=ended         2025-03-24 17:16:08
=result        ok
=elapsed       2.0e-6
=group_time    13.146s
=case          ejabberd_SUITE:end_per_group
=logfile       ejabberd_suite.end_per_group.24772.html
=group_props   [{name,roster_master_slave},sequence]
=started       2025-03-24 17:16:08
=ended         2025-03-24 17:16:08
=result        ok
=elapsed       3.0e-6
=group_time    13.196s
=case          ejabberd_SUITE:init_per_group
=logfile       ejabberd_suite.init_per_group.24804.html
=group_props   [{name,offline_master_slave},sequence]
=started       2025-03-24 17:16:08
=ended         2025-03-24 17:16:08
=result        ok
=elapsed       8.0e-6
=case          ejabberd_SUITE:init_per_group
=logfile       ejabberd_suite.init_per_group.24836.html
=group_props   [{name,offline_flex},parallel]
=started       2025-03-24 17:16:08
=ended         2025-03-24 17:16:08
=result        ok
=elapsed       3.0e-6
=case          ejabberd_SUITE:offline_flex_master
=logfile       ejabberd_suite.offline_flex_master.24868.html
=started       2025-03-24 17:16:08
=ended         2025-03-24 17:16:09
=result        ok
=elapsed       0.206465
=case          ejabberd_SUITE:offline_flex_slave
=logfile       ejabberd_suite.offline_flex_slave.24900.html
=started       2025-03-24 17:16:08
=ended         2025-03-24 17:16:09
=result        ok
=elapsed       0.340649
=case          ejabberd_SUITE:end_per_group
=logfile       ejabberd_suite.end_per_group.43875.html
=group_props   [{name,offline_flex},parallel]
=started       2025-03-24 17:16:09
=ended         2025-03-24 17:16:09
=result        ok
=elapsed       4.0e-6
=group_time    0.411s
=case          ejabberd_SUITE:init_per_group
=logfile       ejabberd_suite.init_per_group.43907.html
=group_props   [{name,offline_send_all},parallel]
=started       2025-03-24 17:16:09
=ended         2025-03-24 17:16:09
=result        ok
=elapsed       4.0e-6
=case          ejabberd_SUITE:offline_send_all_master
=logfile       ejabberd_suite.offline_send_all_master.43939.html
=started       2025-03-24 17:16:09
=ended         2025-03-24 17:16:23
=result        ok
=elapsed       13.727402
=case          ejabberd_SUITE:offline_send_all_slave
=logfile       ejabberd_suite.offline_send_all_slave.43971.html
=started       2025-03-24 17:16:09
=ended         2025-03-24 17:16:23
=result        ok
=elapsed       13.902659
=case          ejabberd_SUITE:end_per_group
=logfile       ejabberd_suite.end_per_group.44035.html
=group_props   [{name,offline_send_all},parallel]
=started       2025-03-24 17:16:23
=ended         2025-03-24 17:16:23
=result        ok
=elapsed       2.0e-6
=group_time    13.962s
=case          ejabberd_SUITE:init_per_group
=logfile       ejabberd_suite.init_per_group.44067.html
=group_props   [{name,offline_from_mam},parallel]
=started       2025-03-24 17:16:23
=ended         2025-03-24 17:16:23
=result        ok
=elapsed       3.0e-6
=case          ejabberd_SUITE:offline_from_mam_master
=logfile       ejabberd_suite.offline_from_mam_master.44099.html
=started       2025-03-24 17:16:23
=ended         2025-03-24 17:16:37
=result        ok
=elapsed       13.828183
=case          ejabberd_SUITE:offline_from_mam_slave
=logfile       ejabberd_suite.offline_from_mam_slave.44131.html
=started       2025-03-24 17:16:23
=ended         2025-03-24 17:16:37
=result        ok
=elapsed       14.061791
=case          ejabberd_SUITE:end_per_group
=logfile       ejabberd_suite.end_per_group.44163.html
=group_props   [{name,offline_from_mam},parallel]
=started       2025-03-24 17:16:37
=ended         2025-03-24 17:16:37
=result        ok
=elapsed       2.0e-6
=group_time    14.123s
=case          ejabberd_SUITE:init_per_group
=logfile       ejabberd_suite.init_per_group.44195.html
=group_props   [{name,offline_mucsub_mam},parallel]
=started       2025-03-24 17:16:37
=ended         2025-03-24 17:16:37
=result        ok
=elapsed       3.0e-6
=case          ejabberd_SUITE:offline_mucsub_mam_master
=logfile       ejabberd_suite.offline_mucsub_mam_master.44227.html
=started       2025-03-24 17:16:37
=ended         2025-03-24 17:16:37
=result        ok
=elapsed       0.274732
=case          ejabberd_SUITE:offline_mucsub_mam_slave
=logfile       ejabberd_suite.offline_mucsub_mam_slave.44259.html
=started       2025-03-24 17:16:37
=ended         2025-03-24 17:16:37
=result        ok
=elapsed       0.267319
=case          ejabberd_SUITE:end_per_group
=logfile       ejabberd_suite.end_per_group.44355.html
=group_props   [{name,offline_mucsub_mam},parallel]
=started       2025-03-24 17:16:37
=ended         2025-03-24 17:16:37
=result        ok
=elapsed       2.0e-6
=group_time    0.335s
=case          ejabberd_SUITE:end_per_group
=logfile       ejabberd_suite.end_per_group.44387.html
=group_props   [{name,offline_master_slave},sequence]
=started       2025-03-24 17:16:37
=ended         2025-03-24 17:16:37
=result        ok
=elapsed       2.0e-6
=group_time    28.957s
=case          ejabberd_SUITE:init_per_group
=logfile       ejabberd_suite.init_per_group.44419.html
=group_props   [{name,mam_master_slave},sequence]
=started       2025-03-24 17:16:37
=ended         2025-03-24 17:16:37
=result        ok
=elapsed       6.0e-6
=case          ejabberd_SUITE:init_per_group
=logfile       ejabberd_suite.init_per_group.44451.html
=group_props   [{name,mam_archived_and_stanza_id},parallel]
=started       2025-03-24 17:16:37
=ended         2025-03-24 17:16:37
=result        ok
=elapsed       2.0e-6
=case          ejabberd_SUITE:mam_archived_and_stanza_id_master
=logfile       ejabberd_suite.mam_archived_and_stanza_id_master.44483.html
=started       2025-03-24 17:16:37
=ended         2025-03-24 17:16:38
=result        ok
=elapsed       0.169741
=case          ejabberd_SUITE:mam_archived_and_stanza_id_slave
=logfile       ejabberd_suite.mam_archived_and_stanza_id_slave.44515.html
=started       2025-03-24 17:16:37
=ended         2025-03-24 17:16:38
=result        ok
=elapsed       0.175925
=case          ejabberd_SUITE:end_per_group
=logfile       ejabberd_suite.end_per_group.44611.html
=group_props   [{name,mam_archived_and_stanza_id},parallel]
=started       2025-03-24 17:16:38
=ended         2025-03-24 17:16:38
=result        ok
=elapsed       2.0e-6
=group_time    0.234s
=case          ejabberd_SUITE:init_per_group
=logfile       ejabberd_suite.init_per_group.44643.html
=group_props   [{name,mam_query_all},parallel]
=started       2025-03-24 17:16:38
=ended         2025-03-24 17:16:38
=result        ok
=elapsed       3.0e-6
=case          ejabberd_SUITE:mam_query_all_master
=logfile       ejabberd_suite.mam_query_all_master.44675.html
=started       2025-03-24 17:16:38
=ended         2025-03-24 17:16:38
=result        ok
=elapsed       0.201924
=case          ejabberd_SUITE:mam_query_all_slave
=logfile       ejabberd_suite.mam_query_all_slave.44707.html
=started       2025-03-24 17:16:38
=ended         2025-03-24 17:16:38
=result        ok
=elapsed       0.204701
=case          ejabberd_SUITE:end_per_group
=logfile       ejabberd_suite.end_per_group.44771.html
=group_props   [{name,mam_query_all},parallel]
=started       2025-03-24 17:16:38
=ended         2025-03-24 17:16:38
=result        ok
=elapsed       2.0e-6
=group_time    0.267s
=case          ejabberd_SUITE:init_per_group
=logfile       ejabberd_suite.init_per_group.44803.html
=group_props   [{name,mam_query_with},parallel]
=started       2025-03-24 17:16:38
=ended         2025-03-24 17:16:38
=result        ok
=elapsed       3.0e-6
=case          ejabberd_SUITE:mam_query_with_master
=logfile       ejabberd_suite.mam_query_with_master.44835.html
=started       2025-03-24 17:16:38
=ended         2025-03-24 17:16:38
=result        ok
=elapsed       0.235191
=case          ejabberd_SUITE:mam_query_with_slave
=logfile       ejabberd_suite.mam_query_with_slave.40354.html
=started       2025-03-24 17:16:38
=ended         2025-03-24 17:16:38
=result        ok
=elapsed       0.236208
=case          ejabberd_SUITE:end_per_group
=logfile       ejabberd_suite.end_per_group.40482.html
=group_props   [{name,mam_query_with},parallel]
=started       2025-03-24 17:16:38
=ended         2025-03-24 17:16:38
=result        ok
=elapsed       2.0e-6
=group_time    0.298s
=case          ejabberd_SUITE:init_per_group
=logfile       ejabberd_suite.init_per_group.40514.html
=group_props   [{name,mam_query_rsm_max},parallel]
=started       2025-03-24 17:16:38
=ended         2025-03-24 17:16:38
=result        ok
=elapsed       3.0e-6
=case          ejabberd_SUITE:mam_query_rsm_max_master
=logfile       ejabberd_suite.mam_query_rsm_max_master.40546.html
=started       2025-03-24 17:16:38
=ended         2025-03-24 17:16:39
=result        ok
=elapsed       0.301097
=case          ejabberd_SUITE:mam_query_rsm_max_slave
=logfile       ejabberd_suite.mam_query_rsm_max_slave.40578.html
=started       2025-03-24 17:16:38
=ended         2025-03-24 17:16:39
=result        ok
=elapsed       0.309278
=case          ejabberd_SUITE:end_per_group
=logfile       ejabberd_suite.end_per_group.40642.html
=group_props   [{name,mam_query_rsm_max},parallel]
=started       2025-03-24 17:16:39
=ended         2025-03-24 17:16:39
=result        ok
=elapsed       2.0e-6
=group_time    0.370s
=case          ejabberd_SUITE:init_per_group
=logfile       ejabberd_suite.init_per_group.40674.html
=group_props   [{name,mam_query_rsm_after},parallel]
=started       2025-03-24 17:16:39
=ended         2025-03-24 17:16:39
=result        ok
=elapsed       4.0e-6
=case          ejabberd_SUITE:mam_query_rsm_after_master
=logfile       ejabberd_suite.mam_query_rsm_after_master.40706.html
=started       2025-03-24 17:16:39
=ended         2025-03-24 17:16:39
=result        ok
=elapsed       0.291845
=case          ejabberd_SUITE:mam_query_rsm_after_slave
=logfile       ejabberd_suite.mam_query_rsm_after_slave.40738.html
=started       2025-03-24 17:16:39
=ended         2025-03-24 17:16:39
=result        ok
=elapsed       0.293341
=case          ejabberd_SUITE:end_per_group
=logfile       ejabberd_suite.end_per_group.40802.html
=group_props   [{name,mam_query_rsm_after},parallel]
=started       2025-03-24 17:16:39
=ended         2025-03-24 17:16:39
=result        ok
=elapsed       2.0e-6
=group_time    0.351s
=case          ejabberd_SUITE:init_per_group
=logfile       ejabberd_suite.init_per_group.40834.html
=group_props   [{name,mam_query_rsm_before},parallel]
=started       2025-03-24 17:16:39
=ended         2025-03-24 17:16:39
=result        ok
=elapsed       3.0e-6
=case          ejabberd_SUITE:mam_query_rsm_before_master
=logfile       ejabberd_suite.mam_query_rsm_before_master.40866.html
=started       2025-03-24 17:16:39
=ended         2025-03-24 17:16:39
=result        ok
=elapsed       0.289444
=case          ejabberd_SUITE:mam_query_rsm_before_slave
=logfile       ejabberd_suite.mam_query_rsm_before_slave.40898.html
=started       2025-03-24 17:16:39
=ended         2025-03-24 17:16:39
=result        ok
=elapsed       0.293889
=case          ejabberd_SUITE:end_per_group
=logfile       ejabberd_suite.end_per_group.40994.html
=group_props   [{name,mam_query_rsm_before},parallel]
=started       2025-03-24 17:16:39
=ended         2025-03-24 17:16:39
=result        ok
=elapsed       2.0e-6
=group_time    0.355s
=case          ejabberd_SUITE:init_per_group
=logfile       ejabberd_suite.init_per_group.41026.html
=group_props   [{name,mam_muc},parallel]
=started       2025-03-24 17:16:39
=ended         2025-03-24 17:16:39
=result        ok
=elapsed       3.0e-6
=case          ejabberd_SUITE:mam_muc_master
=logfile       ejabberd_suite.mam_muc_master.41058.html
=started       2025-03-24 17:16:39
=ended         2025-03-24 17:16:40
=result        ok
=elapsed       0.20523
=case          ejabberd_SUITE:mam_muc_slave
=logfile       ejabberd_suite.mam_muc_slave.41090.html
=started       2025-03-24 17:16:39
=ended         2025-03-24 17:16:40
=result        ok
=elapsed       0.195178
=case          ejabberd_SUITE:end_per_group
=logfile       ejabberd_suite.end_per_group.41186.html
=group_props   [{name,mam_muc},parallel]
=started       2025-03-24 17:16:40
=ended         2025-03-24 17:16:40
=result        ok
=elapsed       2.0e-6
=group_time    0.266s
=case          ejabberd_SUITE:init_per_group
=logfile       ejabberd_suite.init_per_group.11013.html
=group_props   [{name,mam_mucsub},parallel]
=started       2025-03-24 17:16:40
=ended         2025-03-24 17:16:40
=result        ok
=elapsed       3.0e-6
=case          ejabberd_SUITE:mam_mucsub_master
=logfile       ejabberd_suite.mam_mucsub_master.11045.html
=started       2025-03-24 17:16:40
=ended         2025-03-24 17:16:40
=result        ok
=elapsed       0.192167
=case          ejabberd_SUITE:mam_mucsub_slave
=logfile       ejabberd_suite.mam_mucsub_slave.11077.html
=started       2025-03-24 17:16:40
=ended         2025-03-24 17:16:40
=result        ok
=elapsed       0.189709
=case          ejabberd_SUITE:end_per_group
=logfile       ejabberd_suite.end_per_group.25252.html
=group_props   [{name,mam_mucsub},parallel]
=started       2025-03-24 17:16:40
=ended         2025-03-24 17:16:40
=result        ok
=elapsed       2.0e-6
=group_time    0.252s
=case          ejabberd_SUITE:init_per_group
=logfile       ejabberd_suite.init_per_group.25284.html
=group_props   [{name,mam_mucsub_from_muc},parallel]
=started       2025-03-24 17:16:40
=ended         2025-03-24 17:16:40
=result        ok
=elapsed       4.0e-6
=case          ejabberd_SUITE:mam_mucsub_from_muc_master
=logfile       ejabberd_suite.mam_mucsub_from_muc_master.25316.html
=started       2025-03-24 17:16:40
=ended         2025-03-24 17:16:40
=result        ok
=elapsed       0.175372
=case          ejabberd_SUITE:mam_mucsub_from_muc_slave
=logfile       ejabberd_suite.mam_mucsub_from_muc_slave.25348.html
=started       2025-03-24 17:16:40
=ended         2025-03-24 17:16:40
=result        ok
=elapsed       0.168463
=case          ejabberd_SUITE:end_per_group
=logfile       ejabberd_suite.end_per_group.25508.html
=group_props   [{name,mam_mucsub_from_muc},parallel]
=started       2025-03-24 17:16:40
=ended         2025-03-24 17:16:40
=result        ok
=elapsed       2.0e-6
=group_time    0.235s
=case          ejabberd_SUITE:init_per_group
=logfile       ejabberd_suite.init_per_group.41250.html
=group_props   [{name,mam_mucsub_from_muc_non_persistent},parallel]
=started       2025-03-24 17:16:40
=ended         2025-03-24 17:16:40
=result        ok
=elapsed       3.0e-6
=case          ejabberd_SUITE:mam_mucsub_from_muc_non_persistent_master
=logfile       ejabberd_suite.mam_mucsub_from_muc_non_persistent_master.41282.html
=started       2025-03-24 17:16:40
=ended         2025-03-24 17:16:40
=result        ok
=elapsed       0.163717
=case          ejabberd_SUITE:mam_mucsub_from_muc_non_persistent_slave
=logfile       ejabberd_suite.mam_mucsub_from_muc_non_persistent_slave.41314.html
=started       2025-03-24 17:16:40
=ended         2025-03-24 17:16:40
=result        ok
=elapsed       0.163454
=case          ejabberd_SUITE:end_per_group
=logfile       ejabberd_suite.end_per_group.41378.html
=group_props   [{name,mam_mucsub_from_muc_non_persistent},parallel]
=started       2025-03-24 17:16:40
=ended         2025-03-24 17:16:40
=result        ok
=elapsed       1.0e-6
=group_time    0.224s
=case          ejabberd_SUITE:end_per_group
=logfile       ejabberd_suite.end_per_group.11205.html
=group_props   [{name,mam_master_slave},sequence]
=started       2025-03-24 17:16:40
=ended         2025-03-24 17:16:40
=result        ok
=elapsed       1.0e-6
=group_time    3.127s
=case          ejabberd_SUITE:init_per_group
=logfile       ejabberd_suite.init_per_group.11237.html
=group_props   [{name,announce_master_slave},sequence]
=started       2025-03-24 17:16:40
=ended         2025-03-24 17:16:40
=result        ok
=elapsed       6.0e-6
=case          ejabberd_SUITE:init_per_group
=logfile       ejabberd_suite.init_per_group.11269.html
=group_props   [{name,announce_set_motd},parallel]
=started       2025-03-24 17:16:40
=ended         2025-03-24 17:16:40
=result        ok
=elapsed       2.0e-6
=case          ejabberd_SUITE:announce_set_motd_master
=logfile       ejabberd_suite.announce_set_motd_master.11301.html
=started       2025-03-24 17:16:40
=ended         2025-03-24 17:16:41
=result        ok
=elapsed       0.123177
=case          ejabberd_SUITE:announce_set_motd_slave
=logfile       ejabberd_suite.announce_set_motd_slave.11333.html
=started       2025-03-24 17:16:40
=ended         2025-03-24 17:16:41
=result        ok
=elapsed       0.123019
=case          ejabberd_SUITE:end_per_group
=logfile       ejabberd_suite.end_per_group.11397.html
=group_props   [{name,announce_set_motd},parallel]
=started       2025-03-24 17:16:41
=ended         2025-03-24 17:16:41
=result        ok
=elapsed       2.0e-6
=group_time    0.187s
=case          ejabberd_SUITE:end_per_group
=logfile       ejabberd_suite.end_per_group.11429.html
=group_props   [{name,announce_master_slave},sequence]
=started       2025-03-24 17:16:41
=ended         2025-03-24 17:16:41
=result        ok
=elapsed       3.0e-6
=group_time    0.237s
=case          ejabberd_SUITE:init_per_group
=logfile       ejabberd_suite.init_per_group.11461.html
=group_props   [{name,push_master_slave},sequence]
=started       2025-03-24 17:16:41
=ended         2025-03-24 17:16:41
=result        ok
=elapsed       6.0e-6
=case          ejabberd_SUITE:init_per_group
=logfile       ejabberd_suite.init_per_group.11493.html
=group_props   [{name,push_sm},parallel]
=started       2025-03-24 17:16:41
=ended         2025-03-24 17:16:41
=result        ok
=elapsed       2.0e-6
=case          ejabberd_SUITE:push_sm_master
=logfile       ejabberd_suite.push_sm_master.11525.html
=started       2025-03-24 17:16:41
=ended         2025-03-24 17:16:49
=result        ok
=elapsed       8.117465
=case          ejabberd_SUITE:push_sm_slave
=logfile       ejabberd_suite.push_sm_slave.11557.html
=started       2025-03-24 17:16:41
=ended         2025-03-24 17:16:41
=result        ok
=elapsed       0.007628
=case          ejabberd_SUITE:end_per_group
=logfile       ejabberd_suite.end_per_group.11589.html
=group_props   [{name,push_sm},parallel]
=started       2025-03-24 17:16:49
=ended         2025-03-24 17:16:49
=result        ok
=elapsed       2.0e-6
=group_time    8.179s
=case          ejabberd_SUITE:init_per_group
=logfile       ejabberd_suite.init_per_group.11621.html
=group_props   [{name,push_offline},parallel]
=started       2025-03-24 17:16:49
=ended         2025-03-24 17:16:49
=result        ok
=elapsed       3.0e-6
=case          ejabberd_SUITE:push_offline_master
=logfile       ejabberd_suite.push_offline_master.11653.html
=started       2025-03-24 17:16:49
=ended         2025-03-24 17:16:49
=result        ok
=elapsed       0.26227
=case          ejabberd_SUITE:push_offline_slave
=logfile       ejabberd_suite.push_offline_slave.11685.html
=started       2025-03-24 17:16:49
=ended         2025-03-24 17:16:49
=result        ok
=elapsed       0.111415
=case          ejabberd_SUITE:end_per_group
=logfile       ejabberd_suite.end_per_group.11781.html
=group_props   [{name,push_offline},parallel]
=started       2025-03-24 17:16:49
=ended         2025-03-24 17:16:49
=result        ok
=elapsed       2.0e-6
=group_time    0.325s
=case          ejabberd_SUITE:init_per_group
=logfile       ejabberd_suite.init_per_group.11813.html
=group_props   [{name,push_mam},parallel]
=started       2025-03-24 17:16:49
=ended         2025-03-24 17:16:49
=result        ok
=elapsed       3.0e-6
=case          ejabberd_SUITE:push_mam_master
=logfile       ejabberd_suite.push_mam_master.11845.html
=started       2025-03-24 17:16:49
=ended         2025-03-24 17:16:49
=result        ok
=elapsed       0.156099
=case          ejabberd_SUITE:push_mam_slave
=logfile       ejabberd_suite.push_mam_slave.11877.html
=started       2025-03-24 17:16:49
=ended         2025-03-24 17:16:50
=result        ok
=elapsed       0.269863
=case          ejabberd_SUITE:end_per_group
=logfile       ejabberd_suite.end_per_group.11973.html
=group_props   [{name,push_mam},parallel]
=started       2025-03-24 17:16:50
=ended         2025-03-24 17:16:50
=result        ok
=elapsed       2.0e-6
=group_time    0.329s
=case          ejabberd_SUITE:end_per_group
=logfile       ejabberd_suite.end_per_group.12005.html
=group_props   [{name,push_master_slave},sequence]
=started       2025-03-24 17:16:50
=ended         2025-03-24 17:16:50
=result        ok
=elapsed       1.0e-6
=group_time    8.933s
=case          ejabberd_SUITE:end_per_group
=logfile       ejabberd_suite.end_per_group.12037.html
=group_props   [{name,mysql},sequence]
=started       2025-03-24 17:16:50
=ended         2025-03-24 17:16:50
=result        ok
=elapsed       8.1e-4
=group_time    100.653s
=case          ejabberd_SUITE:init_per_group
=logfile       ejabberd_suite.init_per_group.12069.html
=group_props   [{name,mssql},sequence]
=started       2025-03-24 17:16:50
=ended         2025-03-24 17:16:50
=result        skipped: {disabled_backend,mssql}
=== *** SKIPPED {ejabberd_SUITE,init_per_group} ***
=== 
=case          ejabberd_SUITE:test_register
=group_props   [{name,"single_user"}]
=started       2025-03-24 17:16:50
=result        skipped: {disabled_backend,mssql}
=== *** Skipping test case #866 {ejabberd_SUITE,test_register} ***
=== 
=case          ejabberd_SUITE:test_legacy_auth_feature
=group_props   [{name,"legacy_auth"}]
=started       2025-03-24 17:16:50
=result        skipped: {disabled_backend,mssql}
=== *** Skipping test case #867 {ejabberd_SUITE,test_legacy_auth_feature} ***
=== 
=case          ejabberd_SUITE:test_legacy_auth
=group_props   [{name,"legacy_auth"}]
=started       2025-03-24 17:16:50
=result        skipped: {disabled_backend,mssql}
=== *** Skipping test case #868 {ejabberd_SUITE,test_legacy_auth} ***
=== 
=case          ejabberd_SUITE:test_legacy_auth_digest
=group_props   [{name,"legacy_auth"}]
=started       2025-03-24 17:16:50
=result        skipped: {disabled_backend,mssql}
=== *** Skipping test case #869 {ejabberd_SUITE,test_legacy_auth_digest} ***
=== 
=case          ejabberd_SUITE:test_legacy_auth_no_resource
=group_props   [{name,"legacy_auth"}]
=started       2025-03-24 17:16:50
=result        skipped: {disabled_backend,mssql}
=== *** Skipping test case #870 {ejabberd_SUITE,test_legacy_auth_no_resource} ***
=== 
=case          ejabberd_SUITE:test_legacy_auth_bad_jid
=group_props   [{name,"legacy_auth"}]
=started       2025-03-24 17:16:50
=result        skipped: {disabled_backend,mssql}
=== *** Skipping test case #871 {ejabberd_SUITE,test_legacy_auth_bad_jid} ***
=== 
=case          ejabberd_SUITE:test_legacy_auth_fail
=group_props   [{name,"legacy_auth"}]
=started       2025-03-24 17:16:50
=result        skipped: {disabled_backend,mssql}
=== *** Skipping test case #872 {ejabberd_SUITE,test_legacy_auth_fail} ***
=== 
=case          ejabberd_SUITE:auth_plain
=group_props   [{name,"single_user"}]
=started       2025-03-24 17:16:50
=result        skipped: {disabled_backend,mssql}
=== *** Skipping test case #873 {ejabberd_SUITE,auth_plain} ***
=== 
=case          ejabberd_SUITE:auth_md5
=group_props   [{name,"single_user"}]
=started       2025-03-24 17:16:50
=result        skipped: {disabled_backend,mssql}
=== *** Skipping test case #874 {ejabberd_SUITE,auth_md5} ***
=== 
=case          ejabberd_SUITE:presence_broadcast
=group_props   [{name,"single_user"}]
=started       2025-03-24 17:16:50
=result        skipped: {disabled_backend,mssql}
=== *** Skipping test case #875 {ejabberd_SUITE,presence_broadcast} ***
=== 
=case          ejabberd_SUITE:last
=group_props   [{name,"single_user"}]
=started       2025-03-24 17:16:50
=result        skipped: {disabled_backend,mssql}
=== *** Skipping test case #876 {ejabberd_SUITE,last} ***
=== 
=case          ejabberd_SUITE:webadmin_login_page
=group_props   [{name,"webadmin_single"}]
=started       2025-03-24 17:16:50
=result        skipped: {disabled_backend,mssql}
=== *** Skipping test case #877 {ejabberd_SUITE,webadmin_login_page} ***
=== 
=case          ejabberd_SUITE:webadmin_welcome_page
=group_props   [{name,"webadmin_single"}]
=started       2025-03-24 17:16:50
=result        skipped: {disabled_backend,mssql}
=== *** Skipping test case #878 {ejabberd_SUITE,webadmin_welcome_page} ***
=== 
=case          ejabberd_SUITE:webadmin_user_page
=group_props   [{name,"webadmin_single"}]
=started       2025-03-24 17:16:50
=result        skipped: {disabled_backend,mssql}
=== *** Skipping test case #879 {ejabberd_SUITE,webadmin_user_page} ***
=== 
=case          ejabberd_SUITE:webadmin_adduser
=group_props   [{name,"webadmin_single"}]
=started       2025-03-24 17:16:50
=result        skipped: {disabled_backend,mssql}
=== *** Skipping test case #880 {ejabberd_SUITE,webadmin_adduser} ***
=== 
=case          ejabberd_SUITE:webadmin_changepassword
=group_props   [{name,"webadmin_single"}]
=started       2025-03-24 17:16:50
=result        skipped: {disabled_backend,mssql}
=== *** Skipping test case #881 {ejabberd_SUITE,webadmin_changepassword} ***
=== 
=case          ejabberd_SUITE:webadmin_removeuser
=group_props   [{name,"webadmin_single"}]
=started       2025-03-24 17:16:50
=result        skipped: {disabled_backend,mssql}
=== *** Skipping test case #882 {ejabberd_SUITE,webadmin_removeuser} ***
=== 
=case          ejabberd_SUITE:roster_feature_enabled
=group_props   [{name,"roster_single"}]
=started       2025-03-24 17:16:50
=result        skipped: {disabled_backend,mssql}
=== *** Skipping test case #883 {ejabberd_SUITE,roster_feature_enabled} ***
=== 
=case          ejabberd_SUITE:roster_iq_set_many_items
=group_props   [{name,"roster_single"}]
=started       2025-03-24 17:16:50
=result        skipped: {disabled_backend,mssql}
=== *** Skipping test case #884 {ejabberd_SUITE,roster_iq_set_many_items} ***
=== 
=case          ejabberd_SUITE:roster_iq_set_duplicated_groups
=group_props   [{name,"roster_single"}]
=started       2025-03-24 17:16:50
=result        skipped: {disabled_backend,mssql}
=== *** Skipping test case #885 {ejabberd_SUITE,roster_iq_set_duplicated_groups} ***
=== 
=case          ejabberd_SUITE:roster_iq_get_item
=group_props   [{name,"roster_single"}]
=started       2025-03-24 17:16:50
=result        skipped: {disabled_backend,mssql}
=== *** Skipping test case #886 {ejabberd_SUITE,roster_iq_get_item} ***
=== 
=case          ejabberd_SUITE:roster_iq_unexpected_element
=group_props   [{name,"roster_single"}]
=started       2025-03-24 17:16:50
=result        skipped: {disabled_backend,mssql}
=== *** Skipping test case #887 {ejabberd_SUITE,roster_iq_unexpected_element} ***
=== 
=case          ejabberd_SUITE:roster_iq_set_ask
=group_props   [{name,"roster_single"}]
=started       2025-03-24 17:16:50
=result        skipped: {disabled_backend,mssql}
=== *** Skipping test case #888 {ejabberd_SUITE,roster_iq_set_ask} ***
=== 
=case          ejabberd_SUITE:roster_set_item
=group_props   [{name,"roster_single"}]
=started       2025-03-24 17:16:50
=result        skipped: {disabled_backend,mssql}
=== *** Skipping test case #889 {ejabberd_SUITE,roster_set_item} ***
=== 
=case          ejabberd_SUITE:roster_version
=group_props   [{name,"roster_single"}]
=started       2025-03-24 17:16:50
=result        skipped: {disabled_backend,mssql}
=== *** Skipping test case #890 {ejabberd_SUITE,roster_version} ***
=== 
=case          ejabberd_SUITE:private_test_features
=group_props   [{name,"private_single"}]
=started       2025-03-24 17:16:50
=result        skipped: {disabled_backend,mssql}
=== *** Skipping test case #891 {ejabberd_SUITE,private_test_features} ***
=== 
=case          ejabberd_SUITE:private_test_no_namespace
=group_props   [{name,"private_single"}]
=started       2025-03-24 17:16:50
=result        skipped: {disabled_backend,mssql}
=== *** Skipping test case #892 {ejabberd_SUITE,private_test_no_namespace} ***
=== 
=case          ejabberd_SUITE:private_test_set_get
=group_props   [{name,"private_single"}]
=started       2025-03-24 17:16:50
=result        skipped: {disabled_backend,mssql}
=== *** Skipping test case #893 {ejabberd_SUITE,private_test_set_get} ***
=== 
=case          ejabberd_SUITE:private_test_published
=group_props   [{name,"private_single"}]
=started       2025-03-24 17:16:50
=result        skipped: {disabled_backend,mssql}
=== *** Skipping test case #894 {ejabberd_SUITE,private_test_published} ***
=== 
=case          ejabberd_SUITE:privacy_feature_enabled
=group_props   [{name,"privacy_single"}]
=started       2025-03-24 17:16:50
=result        skipped: {disabled_backend,mssql}
=== *** Skipping test case #895 {ejabberd_SUITE,privacy_feature_enabled} ***
=== 
=case          ejabberd_SUITE:privacy_set_get_list
=group_props   [{name,"privacy_single"}]
=started       2025-03-24 17:16:50
=result        skipped: {disabled_backend,mssql}
=== *** Skipping test case #896 {ejabberd_SUITE,privacy_set_get_list} ***
=== 
=case          ejabberd_SUITE:privacy_get_list_non_existent
=group_props   [{name,"privacy_single"}]
=started       2025-03-24 17:16:50
=result        skipped: {disabled_backend,mssql}
=== *** Skipping test case #897 {ejabberd_SUITE,privacy_get_list_non_existent} ***
=== 
=case          ejabberd_SUITE:privacy_get_empty_lists
=group_props   [{name,"privacy_single"}]
=started       2025-03-24 17:16:50
=result        skipped: {disabled_backend,mssql}
=== *** Skipping test case #898 {ejabberd_SUITE,privacy_get_empty_lists} ***
=== 
=case          ejabberd_SUITE:privacy_set_default
=group_props   [{name,"privacy_single"}]
=started       2025-03-24 17:16:50
=result        skipped: {disabled_backend,mssql}
=== *** Skipping test case #899 {ejabberd_SUITE,privacy_set_default} ***
=== 
=case          ejabberd_SUITE:privacy_del_default
=group_props   [{name,"privacy_single"}]
=started       2025-03-24 17:16:50
=result        skipped: {disabled_backend,mssql}
=== *** Skipping test case #900 {ejabberd_SUITE,privacy_del_default} ***
=== 
=case          ejabberd_SUITE:privacy_set_default_non_existent
=group_props   [{name,"privacy_single"}]
=started       2025-03-24 17:16:50
=result        skipped: {disabled_backend,mssql}
=== *** Skipping test case #901 {ejabberd_SUITE,privacy_set_default_non_existent} ***
=== 
=case          ejabberd_SUITE:privacy_set_active
=group_props   [{name,"privacy_single"}]
=started       2025-03-24 17:16:50
=result        skipped: {disabled_backend,mssql}
=== *** Skipping test case #902 {ejabberd_SUITE,privacy_set_active} ***
=== 
=case          ejabberd_SUITE:privacy_del_active
=group_props   [{name,"privacy_single"}]
=started       2025-03-24 17:16:50
=result        skipped: {disabled_backend,mssql}
=== *** Skipping test case #903 {ejabberd_SUITE,privacy_del_active} ***
=== 
=case          ejabberd_SUITE:privacy_set_active_non_existent
=group_props   [{name,"privacy_single"}]
=started       2025-03-24 17:16:50
=result        skipped: {disabled_backend,mssql}
=== *** Skipping test case #904 {ejabberd_SUITE,privacy_set_active_non_existent} ***
=== 
=case          ejabberd_SUITE:privacy_remove_list
=group_props   [{name,"privacy_single"}]
=started       2025-03-24 17:16:50
=result        skipped: {disabled_backend,mssql}
=== *** Skipping test case #905 {ejabberd_SUITE,privacy_remove_list} ***
=== 
=case          ejabberd_SUITE:privacy_remove_default_list
=group_props   [{name,"privacy_single"}]
=started       2025-03-24 17:16:50
=result        skipped: {disabled_backend,mssql}
=== *** Skipping test case #906 {ejabberd_SUITE,privacy_remove_default_list} ***
=== 
=case          ejabberd_SUITE:privacy_remove_active_list
=group_props   [{name,"privacy_single"}]
=started       2025-03-24 17:16:50
=result        skipped: {disabled_backend,mssql}
=== *** Skipping test case #907 {ejabberd_SUITE,privacy_remove_active_list} ***
=== 
=case          ejabberd_SUITE:privacy_remove_list_non_existent
=group_props   [{name,"privacy_single"}]
=started       2025-03-24 17:16:50
=result        skipped: {disabled_backend,mssql}
=== *** Skipping test case #908 {ejabberd_SUITE,privacy_remove_list_non_existent} ***
=== 
=case          ejabberd_SUITE:privacy_allow_local_server
=group_props   [{name,"privacy_single"}]
=started       2025-03-24 17:16:50
=result        skipped: {disabled_backend,mssql}
=== *** Skipping test case #909 {ejabberd_SUITE,privacy_allow_local_server} ***
=== 
=case          ejabberd_SUITE:privacy_malformed_iq_query
=group_props   [{name,"privacy_single"}]
=started       2025-03-24 17:16:50
=result        skipped: {disabled_backend,mssql}
=== *** Skipping test case #910 {ejabberd_SUITE,privacy_malformed_iq_query} ***
=== 
=case          ejabberd_SUITE:privacy_malformed_get
=group_props   [{name,"privacy_single"}]
=started       2025-03-24 17:16:50
=result        skipped: {disabled_backend,mssql}
=== *** Skipping test case #911 {ejabberd_SUITE,privacy_malformed_get} ***
=== 
=case          ejabberd_SUITE:privacy_malformed_set
=group_props   [{name,"privacy_single"}]
=started       2025-03-24 17:16:50
=result        skipped: {disabled_backend,mssql}
=== *** Skipping test case #912 {ejabberd_SUITE,privacy_malformed_set} ***
=== 
=case          ejabberd_SUITE:privacy_malformed_type_value
=group_props   [{name,"privacy_single"}]
=started       2025-03-24 17:16:50
=result        skipped: {disabled_backend,mssql}
=== *** Skipping test case #913 {ejabberd_SUITE,privacy_malformed_type_value} ***
=== 
=case          ejabberd_SUITE:privacy_set_get_block
=group_props   [{name,"privacy_single"}]
=started       2025-03-24 17:16:50
=result        skipped: {disabled_backend,mssql}
=== *** Skipping test case #914 {ejabberd_SUITE,privacy_set_get_block} ***
=== 
=case          ejabberd_SUITE:vcard_feature_enabled
=group_props   [{name,"vcard_single"}]
=started       2025-03-24 17:16:50
=result        skipped: {disabled_backend,mssql}
=== *** Skipping test case #915 {ejabberd_SUITE,vcard_feature_enabled} ***
=== 
=case          ejabberd_SUITE:vcard_get_set
=group_props   [{name,"vcard_single"}]
=started       2025-03-24 17:16:50
=result        skipped: {disabled_backend,mssql}
=== *** Skipping test case #916 {ejabberd_SUITE,vcard_get_set} ***
=== 
=case          ejabberd_SUITE:vcard_service_vcard
=group_props   [{name,"vcard_single"}]
=started       2025-03-24 17:16:50
=result        skipped: {disabled_backend,mssql}
=== *** Skipping test case #917 {ejabberd_SUITE,vcard_service_vcard} ***
=== 
=case          ejabberd_SUITE:pubsub_test_features
=group_props   [{name,"pubsub_single"}]
=started       2025-03-24 17:16:50
=result        skipped: {disabled_backend,mssql}
=== *** Skipping test case #918 {ejabberd_SUITE,pubsub_test_features} ***
=== 
=case          ejabberd_SUITE:pubsub_test_vcard
=group_props   [{name,"pubsub_single"}]
=started       2025-03-24 17:16:50
=result        skipped: {disabled_backend,mssql}
=== *** Skipping test case #919 {ejabberd_SUITE,pubsub_test_vcard} ***
=== 
=case          ejabberd_SUITE:pubsub_test_create
=group_props   [{name,"pubsub_single"}]
=started       2025-03-24 17:16:50
=result        skipped: {disabled_backend,mssql}
=== *** Skipping test case #920 {ejabberd_SUITE,pubsub_test_create} ***
=== 
=case          ejabberd_SUITE:pubsub_test_configure
=group_props   [{name,"pubsub_single"}]
=started       2025-03-24 17:16:50
=result        skipped: {disabled_backend,mssql}
=== *** Skipping test case #921 {ejabberd_SUITE,pubsub_test_configure} ***
=== 
=case          ejabberd_SUITE:pubsub_test_delete
=group_props   [{name,"pubsub_single"}]
=started       2025-03-24 17:16:50
=result        skipped: {disabled_backend,mssql}
=== *** Skipping test case #922 {ejabberd_SUITE,pubsub_test_delete} ***
=== 
=case          ejabberd_SUITE:pubsub_test_get_affiliations
=group_props   [{name,"pubsub_single"}]
=started       2025-03-24 17:16:50
=result        skipped: {disabled_backend,mssql}
=== *** Skipping test case #923 {ejabberd_SUITE,pubsub_test_get_affiliations} ***
=== 
=case          ejabberd_SUITE:pubsub_test_get_subscriptions
=group_props   [{name,"pubsub_single"}]
=started       2025-03-24 17:16:50
=result        skipped: {disabled_backend,mssql}
=== *** Skipping test case #924 {ejabberd_SUITE,pubsub_test_get_subscriptions} ***
=== 
=case          ejabberd_SUITE:pubsub_test_create_instant
=group_props   [{name,"pubsub_single"}]
=started       2025-03-24 17:16:50
=result        skipped: {disabled_backend,mssql}
=== *** Skipping test case #925 {ejabberd_SUITE,pubsub_test_create_instant} ***
=== 
=case          ejabberd_SUITE:pubsub_test_default
=group_props   [{name,"pubsub_single"}]
=started       2025-03-24 17:16:50
=result        skipped: {disabled_backend,mssql}
=== *** Skipping test case #926 {ejabberd_SUITE,pubsub_test_default} ***
=== 
=case          ejabberd_SUITE:pubsub_test_create_configure
=group_props   [{name,"pubsub_single"}]
=started       2025-03-24 17:16:50
=result        skipped: {disabled_backend,mssql}
=== *** Skipping test case #927 {ejabberd_SUITE,pubsub_test_create_configure} ***
=== 
=case          ejabberd_SUITE:pubsub_test_publish
=group_props   [{name,"pubsub_single"}]
=started       2025-03-24 17:16:50
=result        skipped: {disabled_backend,mssql}
=== *** Skipping test case #928 {ejabberd_SUITE,pubsub_test_publish} ***
=== 
=case          ejabberd_SUITE:pubsub_test_auto_create
=group_props   [{name,"pubsub_single"}]
=started       2025-03-24 17:16:50
=result        skipped: {disabled_backend,mssql}
=== *** Skipping test case #929 {ejabberd_SUITE,pubsub_test_auto_create} ***
=== 
=case          ejabberd_SUITE:pubsub_test_get_items
=group_props   [{name,"pubsub_single"}]
=started       2025-03-24 17:16:50
=result        skipped: {disabled_backend,mssql}
=== *** Skipping test case #930 {ejabberd_SUITE,pubsub_test_get_items} ***
=== 
=case          ejabberd_SUITE:pubsub_test_delete_item
=group_props   [{name,"pubsub_single"}]
=started       2025-03-24 17:16:50
=result        skipped: {disabled_backend,mssql}
=== *** Skipping test case #931 {ejabberd_SUITE,pubsub_test_delete_item} ***
=== 
=case          ejabberd_SUITE:pubsub_test_purge
=group_props   [{name,"pubsub_single"}]
=started       2025-03-24 17:16:50
=result        skipped: {disabled_backend,mssql}
=== *** Skipping test case #932 {ejabberd_SUITE,pubsub_test_purge} ***
=== 
=case          ejabberd_SUITE:pubsub_test_subscribe
=group_props   [{name,"pubsub_single"}]
=started       2025-03-24 17:16:50
=result        skipped: {disabled_backend,mssql}
=== *** Skipping test case #933 {ejabberd_SUITE,pubsub_test_subscribe} ***
=== 
=case          ejabberd_SUITE:pubsub_test_subscribe_max_item_1
=group_props   [{name,"pubsub_single"}]
=started       2025-03-24 17:16:50
=result        skipped: {disabled_backend,mssql}
=== *** Skipping test case #934 {ejabberd_SUITE,pubsub_test_subscribe_max_item_1} ***
=== 
=case          ejabberd_SUITE:pubsub_test_unsubscribe
=group_props   [{name,"pubsub_single"}]
=started       2025-03-24 17:16:50
=result        skipped: {disabled_backend,mssql}
=== *** Skipping test case #935 {ejabberd_SUITE,pubsub_test_unsubscribe} ***
=== 
=case          ejabberd_SUITE:muc_service_presence_error
=group_props   [{name,"muc_single"}]
=started       2025-03-24 17:16:50
=result        skipped: {disabled_backend,mssql}
=== *** Skipping test case #936 {ejabberd_SUITE,muc_service_presence_error} ***
=== 
=case          ejabberd_SUITE:muc_service_message_error
=group_props   [{name,"muc_single"}]
=started       2025-03-24 17:16:50
=result        skipped: {disabled_backend,mssql}
=== *** Skipping test case #937 {ejabberd_SUITE,muc_service_message_error} ***
=== 
=case          ejabberd_SUITE:muc_service_unknown_ns_iq_error
=group_props   [{name,"muc_single"}]
=started       2025-03-24 17:16:50
=result        skipped: {disabled_backend,mssql}
=== *** Skipping test case #938 {ejabberd_SUITE,muc_service_unknown_ns_iq_error} ***
=== 
=case          ejabberd_SUITE:muc_service_iq_set_error
=group_props   [{name,"muc_single"}]
=started       2025-03-24 17:16:50
=result        skipped: {disabled_backend,mssql}
=== *** Skipping test case #939 {ejabberd_SUITE,muc_service_iq_set_error} ***
=== 
=case          ejabberd_SUITE:muc_service_improper_iq_error
=group_props   [{name,"muc_single"}]
=started       2025-03-24 17:16:50
=result        skipped: {disabled_backend,mssql}
=== *** Skipping test case #940 {ejabberd_SUITE,muc_service_improper_iq_error} ***
=== 
=case          ejabberd_SUITE:muc_service_features
=group_props   [{name,"muc_single"}]
=started       2025-03-24 17:16:50
=result        skipped: {disabled_backend,mssql}
=== *** Skipping test case #941 {ejabberd_SUITE,muc_service_features} ***
=== 
=case          ejabberd_SUITE:muc_service_disco_info_node_error
=group_props   [{name,"muc_single"}]
=started       2025-03-24 17:16:50
=result        skipped: {disabled_backend,mssql}
=== *** Skipping test case #942 {ejabberd_SUITE,muc_service_disco_info_node_error} ***
=== 
=case          ejabberd_SUITE:muc_service_disco_items
=group_props   [{name,"muc_single"}]
=started       2025-03-24 17:16:50
=result        skipped: {disabled_backend,mssql}
=== *** Skipping test case #943 {ejabberd_SUITE,muc_service_disco_items} ***
=== 
=case          ejabberd_SUITE:muc_service_unique
=group_props   [{name,"muc_single"}]
=started       2025-03-24 17:16:50
=result        skipped: {disabled_backend,mssql}
=== *** Skipping test case #944 {ejabberd_SUITE,muc_service_unique} ***
=== 
=case          ejabberd_SUITE:muc_service_vcard
=group_props   [{name,"muc_single"}]
=started       2025-03-24 17:16:50
=result        skipped: {disabled_backend,mssql}
=== *** Skipping test case #945 {ejabberd_SUITE,muc_service_vcard} ***
=== 
=case          ejabberd_SUITE:muc_configure_non_existent
=group_props   [{name,"muc_single"}]
=started       2025-03-24 17:16:50
=result        skipped: {disabled_backend,mssql}
=== *** Skipping test case #946 {ejabberd_SUITE,muc_configure_non_existent} ***
=== 
=case          ejabberd_SUITE:muc_cancel_configure_non_existent
=group_props   [{name,"muc_single"}]
=started       2025-03-24 17:16:50
=result        skipped: {disabled_backend,mssql}
=== *** Skipping test case #947 {ejabberd_SUITE,muc_cancel_configure_non_existent} ***
=== 
=case          ejabberd_SUITE:muc_service_subscriptions
=group_props   [{name,"muc_single"}]
=started       2025-03-24 17:16:50
=result        skipped: {disabled_backend,mssql}
=== *** Skipping test case #948 {ejabberd_SUITE,muc_service_subscriptions} ***
=== 
=case          ejabberd_SUITE:muc_set_room_affiliation
=group_props   [{name,"muc_single"}]
=started       2025-03-24 17:16:50
=result        skipped: {disabled_backend,mssql}
=== *** Skipping test case #949 {ejabberd_SUITE,muc_set_room_affiliation} ***
=== 
=case          ejabberd_SUITE:offline_feature_enabled
=group_props   [{name,"offline_single"}]
=started       2025-03-24 17:16:50
=result        skipped: {disabled_backend,mssql}
=== *** Skipping test case #950 {ejabberd_SUITE,offline_feature_enabled} ***
=== 
=case          ejabberd_SUITE:offline_check_identity
=group_props   [{name,"offline_single"}]
=started       2025-03-24 17:16:50
=result        skipped: {disabled_backend,mssql}
=== *** Skipping test case #951 {ejabberd_SUITE,offline_check_identity} ***
=== 
=case          ejabberd_SUITE:offline_send_non_existent
=group_props   [{name,"offline_single"}]
=started       2025-03-24 17:16:50
=result        skipped: {disabled_backend,mssql}
=== *** Skipping test case #952 {ejabberd_SUITE,offline_send_non_existent} ***
=== 
=case          ejabberd_SUITE:offline_view_non_existent
=group_props   [{name,"offline_single"}]
=started       2025-03-24 17:16:50
=result        skipped: {disabled_backend,mssql}
=== *** Skipping test case #953 {ejabberd_SUITE,offline_view_non_existent} ***
=== 
=case          ejabberd_SUITE:offline_remove_non_existent
=group_props   [{name,"offline_single"}]
=started       2025-03-24 17:16:50
=result        skipped: {disabled_backend,mssql}
=== *** Skipping test case #954 {ejabberd_SUITE,offline_remove_non_existent} ***
=== 
=case          ejabberd_SUITE:offline_view_non_integer
=group_props   [{name,"offline_single"}]
=started       2025-03-24 17:16:50
=result        skipped: {disabled_backend,mssql}
=== *** Skipping test case #955 {ejabberd_SUITE,offline_view_non_integer} ***
=== 
=case          ejabberd_SUITE:offline_remove_non_integer
=group_props   [{name,"offline_single"}]
=started       2025-03-24 17:16:50
=result        skipped: {disabled_backend,mssql}
=== *** Skipping test case #956 {ejabberd_SUITE,offline_remove_non_integer} ***
=== 
=case          ejabberd_SUITE:offline_malformed_iq
=group_props   [{name,"offline_single"}]
=started       2025-03-24 17:16:50
=result        skipped: {disabled_backend,mssql}
=== *** Skipping test case #957 {ejabberd_SUITE,offline_malformed_iq} ***
=== 
=case          ejabberd_SUITE:offline_wrong_user
=group_props   [{name,"offline_single"}]
=started       2025-03-24 17:16:50
=result        skipped: {disabled_backend,mssql}
=== *** Skipping test case #958 {ejabberd_SUITE,offline_wrong_user} ***
=== 
=case          ejabberd_SUITE:offline_unsupported_iq
=group_props   [{name,"offline_single"}]
=started       2025-03-24 17:16:50
=result        skipped: {disabled_backend,mssql}
=== *** Skipping test case #959 {ejabberd_SUITE,offline_unsupported_iq} ***
=== 
=case          ejabberd_SUITE:mam_feature_enabled
=group_props   [{name,"mam_single"}]
=started       2025-03-24 17:16:50
=result        skipped: {disabled_backend,mssql}
=== *** Skipping test case #960 {ejabberd_SUITE,mam_feature_enabled} ***
=== 
=case          ejabberd_SUITE:mam_get_set_prefs
=group_props   [{name,"mam_single"}]
=started       2025-03-24 17:16:50
=result        skipped: {disabled_backend,mssql}
=== *** Skipping test case #961 {ejabberd_SUITE,mam_get_set_prefs} ***
=== 
=case          ejabberd_SUITE:mam_get_form
=group_props   [{name,"mam_single"}]
=started       2025-03-24 17:16:50
=result        skipped: {disabled_backend,mssql}
=== *** Skipping test case #962 {ejabberd_SUITE,mam_get_form} ***
=== 
=case          ejabberd_SUITE:mam_fake_by
=group_props   [{name,"mam_single"}]
=started       2025-03-24 17:16:50
=result        skipped: {disabled_backend,mssql}
=== *** Skipping test case #963 {ejabberd_SUITE,mam_fake_by} ***
=== 
=case          ejabberd_SUITE:push_feature_enabled
=group_props   [{name,"push_single"}]
=started       2025-03-24 17:16:50
=result        skipped: {disabled_backend,mssql}
=== *** Skipping test case #964 {ejabberd_SUITE,push_feature_enabled} ***
=== 
=case          ejabberd_SUITE:push_unsupported_iq
=group_props   [{name,"push_single"}]
=started       2025-03-24 17:16:50
=result        skipped: {disabled_backend,mssql}
=== *** Skipping test case #965 {ejabberd_SUITE,push_unsupported_iq} ***
=== 
=case          ejabberd_SUITE:test_unregister
=group_props   [{name,"single_user"}]
=started       2025-03-24 17:16:50
=result        skipped: {disabled_backend,mssql}
=== *** Skipping test case #966 {ejabberd_SUITE,test_unregister} ***
=== 
=case          ejabberd_SUITE:muc_register_master
=group_props   [{name,"muc_register"}]
=started       2025-03-24 17:16:50
=result        skipped: {disabled_backend,mssql}
=== *** Skipping test case #967 {ejabberd_SUITE,muc_register_master} ***
=== 
=case          ejabberd_SUITE:muc_register_slave
=group_props   [{name,"muc_register"}]
=started       2025-03-24 17:16:50
=result        skipped: {disabled_backend,mssql}
=== *** Skipping test case #968 {ejabberd_SUITE,muc_register_slave} ***
=== 
=case          ejabberd_SUITE:muc_groupchat_msg_master
=group_props   [{name,"muc_groupchat_msg"}]
=started       2025-03-24 17:16:50
=result        skipped: {disabled_backend,mssql}
=== *** Skipping test case #969 {ejabberd_SUITE,muc_groupchat_msg_master} ***
=== 
=case          ejabberd_SUITE:muc_groupchat_msg_slave
=group_props   [{name,"muc_groupchat_msg"}]
=started       2025-03-24 17:16:50
=result        skipped: {disabled_backend,mssql}
=== *** Skipping test case #970 {ejabberd_SUITE,muc_groupchat_msg_slave} ***
=== 
=case          ejabberd_SUITE:muc_private_msg_master
=group_props   [{name,"muc_private_msg"}]
=started       2025-03-24 17:16:50
=result        skipped: {disabled_backend,mssql}
=== *** Skipping test case #971 {ejabberd_SUITE,muc_private_msg_master} ***
=== 
=case          ejabberd_SUITE:muc_private_msg_slave
=group_props   [{name,"muc_private_msg"}]
=started       2025-03-24 17:16:50
=result        skipped: {disabled_backend,mssql}
=== *** Skipping test case #972 {ejabberd_SUITE,muc_private_msg_slave} ***
=== 
=case          ejabberd_SUITE:muc_set_subject_master
=group_props   [{name,"muc_set_subject"}]
=started       2025-03-24 17:16:50
=result        skipped: {disabled_backend,mssql}
=== *** Skipping test case #973 {ejabberd_SUITE,muc_set_subject_master} ***
=== 
=case          ejabberd_SUITE:muc_set_subject_slave
=group_props   [{name,"muc_set_subject"}]
=started       2025-03-24 17:16:50
=result        skipped: {disabled_backend,mssql}
=== *** Skipping test case #974 {ejabberd_SUITE,muc_set_subject_slave} ***
=== 
=case          ejabberd_SUITE:muc_history_master
=group_props   [{name,"muc_history"}]
=started       2025-03-24 17:16:50
=result        skipped: {disabled_backend,mssql}
=== *** Skipping test case #975 {ejabberd_SUITE,muc_history_master} ***
=== 
=case          ejabberd_SUITE:muc_history_slave
=group_props   [{name,"muc_history"}]
=started       2025-03-24 17:16:50
=result        skipped: {disabled_backend,mssql}
=== *** Skipping test case #976 {ejabberd_SUITE,muc_history_slave} ***
=== 
=case          ejabberd_SUITE:muc_invite_master
=group_props   [{name,"muc_invite"}]
=started       2025-03-24 17:16:50
=result        skipped: {disabled_backend,mssql}
=== *** Skipping test case #977 {ejabberd_SUITE,muc_invite_master} ***
=== 
=case          ejabberd_SUITE:muc_invite_slave
=group_props   [{name,"muc_invite"}]
=started       2025-03-24 17:16:50
=result        skipped: {disabled_backend,mssql}
=== *** Skipping test case #978 {ejabberd_SUITE,muc_invite_slave} ***
=== 
=case          ejabberd_SUITE:muc_invite_members_only_master
=group_props   [{name,"muc_invite_members_only"}]
=started       2025-03-24 17:16:50
=result        skipped: {disabled_backend,mssql}
=== *** Skipping test case #979 {ejabberd_SUITE,muc_invite_members_only_master} ***
=== 
=case          ejabberd_SUITE:muc_invite_members_only_slave
=group_props   [{name,"muc_invite_members_only"}]
=started       2025-03-24 17:16:50
=result        skipped: {disabled_backend,mssql}
=== *** Skipping test case #980 {ejabberd_SUITE,muc_invite_members_only_slave} ***
=== 
=case          ejabberd_SUITE:muc_invite_password_protected_master
=group_props   [{name,"muc_invite_password_protected"}]
=started       2025-03-24 17:16:50
=result        skipped: {disabled_backend,mssql}
=== *** Skipping test case #981 {ejabberd_SUITE,muc_invite_password_protected_master} ***
=== 
=case          ejabberd_SUITE:muc_invite_password_protected_slave
=group_props   [{name,"muc_invite_password_protected"}]
=started       2025-03-24 17:16:50
=result        skipped: {disabled_backend,mssql}
=== *** Skipping test case #982 {ejabberd_SUITE,muc_invite_password_protected_slave} ***
=== 
=case          ejabberd_SUITE:muc_voice_request_master
=group_props   [{name,"muc_voice_request"}]
=started       2025-03-24 17:16:50
=result        skipped: {disabled_backend,mssql}
=== *** Skipping test case #983 {ejabberd_SUITE,muc_voice_request_master} ***
=== 
=case          ejabberd_SUITE:muc_voice_request_slave
=group_props   [{name,"muc_voice_request"}]
=started       2025-03-24 17:16:50
=result        skipped: {disabled_backend,mssql}
=== *** Skipping test case #984 {ejabberd_SUITE,muc_voice_request_slave} ***
=== 
=case          ejabberd_SUITE:muc_change_role_master
=group_props   [{name,"muc_change_role"}]
=started       2025-03-24 17:16:50
=result        skipped: {disabled_backend,mssql}
=== *** Skipping test case #985 {ejabberd_SUITE,muc_change_role_master} ***
=== 
=case          ejabberd_SUITE:muc_change_role_slave
=group_props   [{name,"muc_change_role"}]
=started       2025-03-24 17:16:50
=result        skipped: {disabled_backend,mssql}
=== *** Skipping test case #986 {ejabberd_SUITE,muc_change_role_slave} ***
=== 
=case          ejabberd_SUITE:muc_kick_master
=group_props   [{name,"muc_kick"}]
=started       2025-03-24 17:16:50
=result        skipped: {disabled_backend,mssql}
=== *** Skipping test case #987 {ejabberd_SUITE,muc_kick_master} ***
=== 
=case          ejabberd_SUITE:muc_kick_slave
=group_props   [{name,"muc_kick"}]
=started       2025-03-24 17:16:50
=result        skipped: {disabled_backend,mssql}
=== *** Skipping test case #988 {ejabberd_SUITE,muc_kick_slave} ***
=== 
=case          ejabberd_SUITE:muc_change_affiliation_master
=group_props   [{name,"muc_change_affiliation"}]
=started       2025-03-24 17:16:50
=result        skipped: {disabled_backend,mssql}
=== *** Skipping test case #989 {ejabberd_SUITE,muc_change_affiliation_master} ***
=== 
=case          ejabberd_SUITE:muc_change_affiliation_slave
=group_props   [{name,"muc_change_affiliation"}]
=started       2025-03-24 17:16:50
=result        skipped: {disabled_backend,mssql}
=== *** Skipping test case #990 {ejabberd_SUITE,muc_change_affiliation_slave} ***
=== 
=case          ejabberd_SUITE:muc_destroy_master
=group_props   [{name,"muc_destroy"}]
=started       2025-03-24 17:16:50
=result        skipped: {disabled_backend,mssql}
=== *** Skipping test case #991 {ejabberd_SUITE,muc_destroy_master} ***
=== 
=case          ejabberd_SUITE:muc_destroy_slave
=group_props   [{name,"muc_destroy"}]
=started       2025-03-24 17:16:50
=result        skipped: {disabled_backend,mssql}
=== *** Skipping test case #992 {ejabberd_SUITE,muc_destroy_slave} ***
=== 
=case          ejabberd_SUITE:muc_vcard_master
=group_props   [{name,"muc_vcard"}]
=started       2025-03-24 17:16:50
=result        skipped: {disabled_backend,mssql}
=== *** Skipping test case #993 {ejabberd_SUITE,muc_vcard_master} ***
=== 
=case          ejabberd_SUITE:muc_vcard_slave
=group_props   [{name,"muc_vcard"}]
=started       2025-03-24 17:16:50
=result        skipped: {disabled_backend,mssql}
=== *** Skipping test case #994 {ejabberd_SUITE,muc_vcard_slave} ***
=== 
=case          ejabberd_SUITE:muc_nick_change_master
=group_props   [{name,"muc_nick_change"}]
=started       2025-03-24 17:16:50
=result        skipped: {disabled_backend,mssql}
=== *** Skipping test case #995 {ejabberd_SUITE,muc_nick_change_master} ***
=== 
=case          ejabberd_SUITE:muc_nick_change_slave
=group_props   [{name,"muc_nick_change"}]
=started       2025-03-24 17:16:50
=result        skipped: {disabled_backend,mssql}
=== *** Skipping test case #996 {ejabberd_SUITE,muc_nick_change_slave} ***
=== 
=case          ejabberd_SUITE:muc_config_title_desc_master
=group_props   [{name,"muc_config_title_desc"}]
=started       2025-03-24 17:16:50
=result        skipped: {disabled_backend,mssql}
=== *** Skipping test case #997 {ejabberd_SUITE,muc_config_title_desc_master} ***
=== 
=case          ejabberd_SUITE:muc_config_title_desc_slave
=group_props   [{name,"muc_config_title_desc"}]
=started       2025-03-24 17:16:50
=result        skipped: {disabled_backend,mssql}
=== *** Skipping test case #998 {ejabberd_SUITE,muc_config_title_desc_slave} ***
=== 
=case          ejabberd_SUITE:muc_config_public_list_master
=group_props   [{name,"muc_config_public_list"}]
=started       2025-03-24 17:16:50
=result        skipped: {disabled_backend,mssql}
=== *** Skipping test case #999 {ejabberd_SUITE,muc_config_public_list_master} ***
=== 
=case          ejabberd_SUITE:muc_config_public_list_slave
=group_props   [{name,"muc_config_public_list"}]
=started       2025-03-24 17:16:50
=result        skipped: {disabled_backend,mssql}
=== *** Skipping test case #1000 {ejabberd_SUITE,muc_config_public_list_slave} ***
=== 
=case          ejabberd_SUITE:muc_config_password_master
=group_props   [{name,"muc_config_password"}]
=started       2025-03-24 17:16:50
=result        skipped: {disabled_backend,mssql}
=== *** Skipping test case #1001 {ejabberd_SUITE,muc_config_password_master} ***
=== 
=case          ejabberd_SUITE:muc_config_password_slave
=group_props   [{name,"muc_config_password"}]
=started       2025-03-24 17:16:50
=result        skipped: {disabled_backend,mssql}
=== *** Skipping test case #1002 {ejabberd_SUITE,muc_config_password_slave} ***
=== 
=case          ejabberd_SUITE:muc_config_whois_master
=group_props   [{name,"muc_config_whois"}]
=started       2025-03-24 17:16:50
=result        skipped: {disabled_backend,mssql}
=== *** Skipping test case #1003 {ejabberd_SUITE,muc_config_whois_master} ***
=== 
=case          ejabberd_SUITE:muc_config_whois_slave
=group_props   [{name,"muc_config_whois"}]
=started       2025-03-24 17:16:50
=result        skipped: {disabled_backend,mssql}
=== *** Skipping test case #1004 {ejabberd_SUITE,muc_config_whois_slave} ***
=== 
=case          ejabberd_SUITE:muc_config_members_only_master
=group_props   [{name,"muc_config_members_only"}]
=started       2025-03-24 17:16:50
=result        skipped: {disabled_backend,mssql}
=== *** Skipping test case #1005 {ejabberd_SUITE,muc_config_members_only_master} ***
=== 
=case          ejabberd_SUITE:muc_config_members_only_slave
=group_props   [{name,"muc_config_members_only"}]
=started       2025-03-24 17:16:50
=result        skipped: {disabled_backend,mssql}
=== *** Skipping test case #1006 {ejabberd_SUITE,muc_config_members_only_slave} ***
=== 
=case          ejabberd_SUITE:muc_config_moderated_master
=group_props   [{name,"muc_config_moderated"}]
=started       2025-03-24 17:16:50
=result        skipped: {disabled_backend,mssql}
=== *** Skipping test case #1007 {ejabberd_SUITE,muc_config_moderated_master} ***
=== 
=case          ejabberd_SUITE:muc_config_moderated_slave
=group_props   [{name,"muc_config_moderated"}]
=started       2025-03-24 17:16:50
=result        skipped: {disabled_backend,mssql}
=== *** Skipping test case #1008 {ejabberd_SUITE,muc_config_moderated_slave} ***
=== 
=case          ejabberd_SUITE:muc_config_private_messages_master
=group_props   [{name,"muc_config_private_messages"}]
=started       2025-03-24 17:16:50
=result        skipped: {disabled_backend,mssql}
=== *** Skipping test case #1009 {ejabberd_SUITE,muc_config_private_messages_master} ***
=== 
=case          ejabberd_SUITE:muc_config_private_messages_slave
=group_props   [{name,"muc_config_private_messages"}]
=started       2025-03-24 17:16:50
=result        skipped: {disabled_backend,mssql}
=== *** Skipping test case #1010 {ejabberd_SUITE,muc_config_private_messages_slave} ***
=== 
=case          ejabberd_SUITE:muc_config_query_master
=group_props   [{name,"muc_config_query"}]
=started       2025-03-24 17:16:50
=result        skipped: {disabled_backend,mssql}
=== *** Skipping test case #1011 {ejabberd_SUITE,muc_config_query_master} ***
=== 
=case          ejabberd_SUITE:muc_config_query_slave
=group_props   [{name,"muc_config_query"}]
=started       2025-03-24 17:16:50
=result        skipped: {disabled_backend,mssql}
=== *** Skipping test case #1012 {ejabberd_SUITE,muc_config_query_slave} ***
=== 
=case          ejabberd_SUITE:muc_config_allow_invites_master
=group_props   [{name,"muc_config_allow_invites"}]
=started       2025-03-24 17:16:50
=result        skipped: {disabled_backend,mssql}
=== *** Skipping test case #1013 {ejabberd_SUITE,muc_config_allow_invites_master} ***
=== 
=case          ejabberd_SUITE:muc_config_allow_invites_slave
=group_props   [{name,"muc_config_allow_invites"}]
=started       2025-03-24 17:16:50
=result        skipped: {disabled_backend,mssql}
=== *** Skipping test case #1014 {ejabberd_SUITE,muc_config_allow_invites_slave} ***
=== 
=case          ejabberd_SUITE:muc_config_visitor_status_master
=group_props   [{name,"muc_config_visitor_status"}]
=started       2025-03-24 17:16:50
=result        skipped: {disabled_backend,mssql}
=== *** Skipping test case #1015 {ejabberd_SUITE,muc_config_visitor_status_master} ***
=== 
=case          ejabberd_SUITE:muc_config_visitor_status_slave
=group_props   [{name,"muc_config_visitor_status"}]
=started       2025-03-24 17:16:50
=result        skipped: {disabled_backend,mssql}
=== *** Skipping test case #1016 {ejabberd_SUITE,muc_config_visitor_status_slave} ***
=== 
=case          ejabberd_SUITE:muc_config_allow_voice_requests_master
=group_props   [{name,"muc_config_allow_voice_requests"}]
=started       2025-03-24 17:16:50
=result        skipped: {disabled_backend,mssql}
=== *** Skipping test case #1017 {ejabberd_SUITE,muc_config_allow_voice_requests_master} ***
=== 
=case          ejabberd_SUITE:muc_config_allow_voice_requests_slave
=group_props   [{name,"muc_config_allow_voice_requests"}]
=started       2025-03-24 17:16:50
=result        skipped: {disabled_backend,mssql}
=== *** Skipping test case #1018 {ejabberd_SUITE,muc_config_allow_voice_requests_slave} ***
=== 
=case          ejabberd_SUITE:muc_config_voice_request_interval_master
=group_props   [{name,"muc_config_voice_request_interval"}]
=started       2025-03-24 17:16:50
=result        skipped: {disabled_backend,mssql}
=== *** Skipping test case #1019 {ejabberd_SUITE,muc_config_voice_request_interval_master} ***
=== 
=case          ejabberd_SUITE:muc_config_voice_request_interval_slave
=group_props   [{name,"muc_config_voice_request_interval"}]
=started       2025-03-24 17:16:50
=result        skipped: {disabled_backend,mssql}
=== *** Skipping test case #1020 {ejabberd_SUITE,muc_config_voice_request_interval_slave} ***
=== 
=case          ejabberd_SUITE:muc_config_visitor_nickchange_master
=group_props   [{name,"muc_config_visitor_nickchange"}]
=started       2025-03-24 17:16:50
=result        skipped: {disabled_backend,mssql}
=== *** Skipping test case #1021 {ejabberd_SUITE,muc_config_visitor_nickchange_master} ***
=== 
=case          ejabberd_SUITE:muc_config_visitor_nickchange_slave
=group_props   [{name,"muc_config_visitor_nickchange"}]
=started       2025-03-24 17:16:50
=result        skipped: {disabled_backend,mssql}
=== *** Skipping test case #1022 {ejabberd_SUITE,muc_config_visitor_nickchange_slave} ***
=== 
=case          ejabberd_SUITE:muc_join_conflict_master
=group_props   [{name,"muc_join_conflict"}]
=started       2025-03-24 17:16:50
=result        skipped: {disabled_backend,mssql}
=== *** Skipping test case #1023 {ejabberd_SUITE,muc_join_conflict_master} ***
=== 
=case          ejabberd_SUITE:muc_join_conflict_slave
=group_props   [{name,"muc_join_conflict"}]
=started       2025-03-24 17:16:50
=result        skipped: {disabled_backend,mssql}
=== *** Skipping test case #1024 {ejabberd_SUITE,muc_join_conflict_slave} ***
=== 
=case          ejabberd_SUITE:privacy_deny_bare_jid_master
=group_props   [{name,"privacy_deny_bare_jid"}]
=started       2025-03-24 17:16:50
=result        skipped: {disabled_backend,mssql}
=== *** Skipping test case #1025 {ejabberd_SUITE,privacy_deny_bare_jid_master} ***
=== 
=case          ejabberd_SUITE:privacy_deny_bare_jid_slave
=group_props   [{name,"privacy_deny_bare_jid"}]
=started       2025-03-24 17:16:50
=result        skipped: {disabled_backend,mssql}
=== *** Skipping test case #1026 {ejabberd_SUITE,privacy_deny_bare_jid_slave} ***
=== 
=case          ejabberd_SUITE:privacy_deny_full_jid_master
=group_props   [{name,"privacy_deny_full_jid"}]
=started       2025-03-24 17:16:50
=result        skipped: {disabled_backend,mssql}
=== *** Skipping test case #1027 {ejabberd_SUITE,privacy_deny_full_jid_master} ***
=== 
=case          ejabberd_SUITE:privacy_deny_full_jid_slave
=group_props   [{name,"privacy_deny_full_jid"}]
=started       2025-03-24 17:16:50
=result        skipped: {disabled_backend,mssql}
=== *** Skipping test case #1028 {ejabberd_SUITE,privacy_deny_full_jid_slave} ***
=== 
=case          ejabberd_SUITE:privacy_deny_server_bare_jid_master
=group_props   [{name,"privacy_deny_server_bare_jid"}]
=started       2025-03-24 17:16:50
=result        skipped: {disabled_backend,mssql}
=== *** Skipping test case #1029 {ejabberd_SUITE,privacy_deny_server_bare_jid_master} ***
=== 
=case          ejabberd_SUITE:privacy_deny_server_bare_jid_slave
=group_props   [{name,"privacy_deny_server_bare_jid"}]
=started       2025-03-24 17:16:50
=result        skipped: {disabled_backend,mssql}
=== *** Skipping test case #1030 {ejabberd_SUITE,privacy_deny_server_bare_jid_slave} ***
=== 
=case          ejabberd_SUITE:privacy_deny_server_full_jid_master
=group_props   [{name,"privacy_deny_server_full_jid"}]
=started       2025-03-24 17:16:50
=result        skipped: {disabled_backend,mssql}
=== *** Skipping test case #1031 {ejabberd_SUITE,privacy_deny_server_full_jid_master} ***
=== 
=case          ejabberd_SUITE:privacy_deny_server_full_jid_slave
=group_props   [{name,"privacy_deny_server_full_jid"}]
=started       2025-03-24 17:16:50
=result        skipped: {disabled_backend,mssql}
=== *** Skipping test case #1032 {ejabberd_SUITE,privacy_deny_server_full_jid_slave} ***
=== 
=case          ejabberd_SUITE:privacy_deny_group_master
=group_props   [{name,"privacy_deny_group"}]
=started       2025-03-24 17:16:50
=result        skipped: {disabled_backend,mssql}
=== *** Skipping test case #1033 {ejabberd_SUITE,privacy_deny_group_master} ***
=== 
=case          ejabberd_SUITE:privacy_deny_group_slave
=group_props   [{name,"privacy_deny_group"}]
=started       2025-03-24 17:16:50
=result        skipped: {disabled_backend,mssql}
=== *** Skipping test case #1034 {ejabberd_SUITE,privacy_deny_group_slave} ***
=== 
=case          ejabberd_SUITE:privacy_deny_sub_both_master
=group_props   [{name,"privacy_deny_sub_both"}]
=started       2025-03-24 17:16:50
=result        skipped: {disabled_backend,mssql}
=== *** Skipping test case #1035 {ejabberd_SUITE,privacy_deny_sub_both_master} ***
=== 
=case          ejabberd_SUITE:privacy_deny_sub_both_slave
=group_props   [{name,"privacy_deny_sub_both"}]
=started       2025-03-24 17:16:50
=result        skipped: {disabled_backend,mssql}
=== *** Skipping test case #1036 {ejabberd_SUITE,privacy_deny_sub_both_slave} ***
=== 
=case          ejabberd_SUITE:privacy_deny_sub_from_master
=group_props   [{name,"privacy_deny_sub_from"}]
=started       2025-03-24 17:16:50
=result        skipped: {disabled_backend,mssql}
=== *** Skipping test case #1037 {ejabberd_SUITE,privacy_deny_sub_from_master} ***
=== 
=case          ejabberd_SUITE:privacy_deny_sub_from_slave
=group_props   [{name,"privacy_deny_sub_from"}]
=started       2025-03-24 17:16:50
=result        skipped: {disabled_backend,mssql}
=== *** Skipping test case #1038 {ejabberd_SUITE,privacy_deny_sub_from_slave} ***
=== 
=case          ejabberd_SUITE:privacy_deny_sub_to_master
=group_props   [{name,"privacy_deny_sub_to"}]
=started       2025-03-24 17:16:50
=result        skipped: {disabled_backend,mssql}
=== *** Skipping test case #1039 {ejabberd_SUITE,privacy_deny_sub_to_master} ***
=== 
=case          ejabberd_SUITE:privacy_deny_sub_to_slave
=group_props   [{name,"privacy_deny_sub_to"}]
=started       2025-03-24 17:16:50
=result        skipped: {disabled_backend,mssql}
=== *** Skipping test case #1040 {ejabberd_SUITE,privacy_deny_sub_to_slave} ***
=== 
=case          ejabberd_SUITE:privacy_deny_sub_none_master
=group_props   [{name,"privacy_deny_sub_none"}]
=started       2025-03-24 17:16:50
=result        skipped: {disabled_backend,mssql}
=== *** Skipping test case #1041 {ejabberd_SUITE,privacy_deny_sub_none_master} ***
=== 
=case          ejabberd_SUITE:privacy_deny_sub_none_slave
=group_props   [{name,"privacy_deny_sub_none"}]
=started       2025-03-24 17:16:50
=result        skipped: {disabled_backend,mssql}
=== *** Skipping test case #1042 {ejabberd_SUITE,privacy_deny_sub_none_slave} ***
=== 
=case          ejabberd_SUITE:privacy_deny_all_master
=group_props   [{name,"privacy_deny_all"}]
=started       2025-03-24 17:16:50
=result        skipped: {disabled_backend,mssql}
=== *** Skipping test case #1043 {ejabberd_SUITE,privacy_deny_all_master} ***
=== 
=case          ejabberd_SUITE:privacy_deny_all_slave
=group_props   [{name,"privacy_deny_all"}]
=started       2025-03-24 17:16:50
=result        skipped: {disabled_backend,mssql}
=== *** Skipping test case #1044 {ejabberd_SUITE,privacy_deny_all_slave} ***
=== 
=case          ejabberd_SUITE:privacy_deny_offline_master
=group_props   [{name,"privacy_deny_offline"}]
=started       2025-03-24 17:16:50
=result        skipped: {disabled_backend,mssql}
=== *** Skipping test case #1045 {ejabberd_SUITE,privacy_deny_offline_master} ***
=== 
=case          ejabberd_SUITE:privacy_deny_offline_slave
=group_props   [{name,"privacy_deny_offline"}]
=started       2025-03-24 17:16:50
=result        skipped: {disabled_backend,mssql}
=== *** Skipping test case #1046 {ejabberd_SUITE,privacy_deny_offline_slave} ***
=== 
=case          ejabberd_SUITE:privacy_block_master
=group_props   [{name,"privacy_block"}]
=started       2025-03-24 17:16:50
=result        skipped: {disabled_backend,mssql}
=== *** Skipping test case #1047 {ejabberd_SUITE,privacy_block_master} ***
=== 
=case          ejabberd_SUITE:privacy_block_slave
=group_props   [{name,"privacy_block"}]
=started       2025-03-24 17:16:50
=result        skipped: {disabled_backend,mssql}
=== *** Skipping test case #1048 {ejabberd_SUITE,privacy_block_slave} ***
=== 
=case          ejabberd_SUITE:privacy_unblock_master
=group_props   [{name,"privacy_unblock"}]
=started       2025-03-24 17:16:50
=result        skipped: {disabled_backend,mssql}
=== *** Skipping test case #1049 {ejabberd_SUITE,privacy_unblock_master} ***
=== 
=case          ejabberd_SUITE:privacy_unblock_slave
=group_props   [{name,"privacy_unblock"}]
=started       2025-03-24 17:16:50
=result        skipped: {disabled_backend,mssql}
=== *** Skipping test case #1050 {ejabberd_SUITE,privacy_unblock_slave} ***
=== 
=case          ejabberd_SUITE:privacy_unblock_all_master
=group_props   [{name,"privacy_unblock_all"}]
=started       2025-03-24 17:16:50
=result        skipped: {disabled_backend,mssql}
=== *** Skipping test case #1051 {ejabberd_SUITE,privacy_unblock_all_master} ***
=== 
=case          ejabberd_SUITE:privacy_unblock_all_slave
=group_props   [{name,"privacy_unblock_all"}]
=started       2025-03-24 17:16:50
=result        skipped: {disabled_backend,mssql}
=== *** Skipping test case #1052 {ejabberd_SUITE,privacy_unblock_all_slave} ***
=== 
=case          ejabberd_SUITE:pubsub_publish_master
=group_props   [{name,"pubsub_publish"}]
=started       2025-03-24 17:16:50
=result        skipped: {disabled_backend,mssql}
=== *** Skipping test case #1053 {ejabberd_SUITE,pubsub_publish_master} ***
=== 
=case          ejabberd_SUITE:pubsub_publish_slave
=group_props   [{name,"pubsub_publish"}]
=started       2025-03-24 17:16:50
=result        skipped: {disabled_backend,mssql}
=== *** Skipping test case #1054 {ejabberd_SUITE,pubsub_publish_slave} ***
=== 
=case          ejabberd_SUITE:pubsub_subscriptions_master
=group_props   [{name,"pubsub_subscriptions"}]
=started       2025-03-24 17:16:50
=result        skipped: {disabled_backend,mssql}
=== *** Skipping test case #1055 {ejabberd_SUITE,pubsub_subscriptions_master} ***
=== 
=case          ejabberd_SUITE:pubsub_subscriptions_slave
=group_props   [{name,"pubsub_subscriptions"}]
=started       2025-03-24 17:16:50
=result        skipped: {disabled_backend,mssql}
=== *** Skipping test case #1056 {ejabberd_SUITE,pubsub_subscriptions_slave} ***
=== 
=case          ejabberd_SUITE:pubsub_affiliations_master
=group_props   [{name,"pubsub_affiliations"}]
=started       2025-03-24 17:16:50
=result        skipped: {disabled_backend,mssql}
=== *** Skipping test case #1057 {ejabberd_SUITE,pubsub_affiliations_master} ***
=== 
=case          ejabberd_SUITE:pubsub_affiliations_slave
=group_props   [{name,"pubsub_affiliations"}]
=started       2025-03-24 17:16:50
=result        skipped: {disabled_backend,mssql}
=== *** Skipping test case #1058 {ejabberd_SUITE,pubsub_affiliations_slave} ***
=== 
=case          ejabberd_SUITE:pubsub_authorize_master
=group_props   [{name,"pubsub_authorize"}]
=started       2025-03-24 17:16:50
=result        skipped: {disabled_backend,mssql}
=== *** Skipping test case #1059 {ejabberd_SUITE,pubsub_authorize_master} ***
=== 
=case          ejabberd_SUITE:pubsub_authorize_slave
=group_props   [{name,"pubsub_authorize"}]
=started       2025-03-24 17:16:50
=result        skipped: {disabled_backend,mssql}
=== *** Skipping test case #1060 {ejabberd_SUITE,pubsub_authorize_slave} ***
=== 
=case          ejabberd_SUITE:roster_subscribe_master
=group_props   [{name,"roster_subscribe"}]
=started       2025-03-24 17:16:50
=result        skipped: {disabled_backend,mssql}
=== *** Skipping test case #1061 {ejabberd_SUITE,roster_subscribe_master} ***
=== 
=case          ejabberd_SUITE:roster_subscribe_slave
=group_props   [{name,"roster_subscribe"}]
=started       2025-03-24 17:16:50
=result        skipped: {disabled_backend,mssql}
=== *** Skipping test case #1062 {ejabberd_SUITE,roster_subscribe_slave} ***
=== 
=case          ejabberd_SUITE:offline_flex_master
=group_props   [{name,"offline_flex"}]
=started       2025-03-24 17:16:50
=result        skipped: {disabled_backend,mssql}
=== *** Skipping test case #1063 {ejabberd_SUITE,offline_flex_master} ***
=== 
=case          ejabberd_SUITE:offline_flex_slave
=group_props   [{name,"offline_flex"}]
=started       2025-03-24 17:16:50
=result        skipped: {disabled_backend,mssql}
=== *** Skipping test case #1064 {ejabberd_SUITE,offline_flex_slave} ***
=== 
=case          ejabberd_SUITE:offline_send_all_master
=group_props   [{name,"offline_send_all"}]
=started       2025-03-24 17:16:50
=result        skipped: {disabled_backend,mssql}
=== *** Skipping test case #1065 {ejabberd_SUITE,offline_send_all_master} ***
=== 
=case          ejabberd_SUITE:offline_send_all_slave
=group_props   [{name,"offline_send_all"}]
=started       2025-03-24 17:16:50
=result        skipped: {disabled_backend,mssql}
=== *** Skipping test case #1066 {ejabberd_SUITE,offline_send_all_slave} ***
=== 
=case          ejabberd_SUITE:offline_from_mam_master
=group_props   [{name,"offline_from_mam"}]
=started       2025-03-24 17:16:50
=result        skipped: {disabled_backend,mssql}
=== *** Skipping test case #1067 {ejabberd_SUITE,offline_from_mam_master} ***
=== 
=case          ejabberd_SUITE:offline_from_mam_slave
=group_props   [{name,"offline_from_mam"}]
=started       2025-03-24 17:16:50
=result        skipped: {disabled_backend,mssql}
=== *** Skipping test case #1068 {ejabberd_SUITE,offline_from_mam_slave} ***
=== 
=case          ejabberd_SUITE:offline_mucsub_mam_master
=group_props   [{name,"offline_mucsub_mam"}]
=started       2025-03-24 17:16:50
=result        skipped: {disabled_backend,mssql}
=== *** Skipping test case #1069 {ejabberd_SUITE,offline_mucsub_mam_master} ***
=== 
=case          ejabberd_SUITE:offline_mucsub_mam_slave
=group_props   [{name,"offline_mucsub_mam"}]
=started       2025-03-24 17:16:50
=result        skipped: {disabled_backend,mssql}
=== *** Skipping test case #1070 {ejabberd_SUITE,offline_mucsub_mam_slave} ***
=== 
=case          ejabberd_SUITE:mam_archived_and_stanza_id_master
=group_props   [{name,"mam_archived_and_stanza_id"}]
=started       2025-03-24 17:16:50
=result        skipped: {disabled_backend,mssql}
=== *** Skipping test case #1071 {ejabberd_SUITE,mam_archived_and_stanza_id_master} ***
=== 
=case          ejabberd_SUITE:mam_archived_and_stanza_id_slave
=group_props   [{name,"mam_archived_and_stanza_id"}]
=started       2025-03-24 17:16:50
=result        skipped: {disabled_backend,mssql}
=== *** Skipping test case #1072 {ejabberd_SUITE,mam_archived_and_stanza_id_slave} ***
=== 
=case          ejabberd_SUITE:mam_query_all_master
=group_props   [{name,"mam_query_all"}]
=started       2025-03-24 17:16:50
=result        skipped: {disabled_backend,mssql}
=== *** Skipping test case #1073 {ejabberd_SUITE,mam_query_all_master} ***
=== 
=case          ejabberd_SUITE:mam_query_all_slave
=group_props   [{name,"mam_query_all"}]
=started       2025-03-24 17:16:50
=result        skipped: {disabled_backend,mssql}
=== *** Skipping test case #1074 {ejabberd_SUITE,mam_query_all_slave} ***
=== 
=case          ejabberd_SUITE:mam_query_with_master
=group_props   [{name,"mam_query_with"}]
=started       2025-03-24 17:16:50
=result        skipped: {disabled_backend,mssql}
=== *** Skipping test case #1075 {ejabberd_SUITE,mam_query_with_master} ***
=== 
=case          ejabberd_SUITE:mam_query_with_slave
=group_props   [{name,"mam_query_with"}]
=started       2025-03-24 17:16:50
=result        skipped: {disabled_backend,mssql}
=== *** Skipping test case #1076 {ejabberd_SUITE,mam_query_with_slave} ***
=== 
=case          ejabberd_SUITE:mam_query_rsm_max_master
=group_props   [{name,"mam_query_rsm_max"}]
=started       2025-03-24 17:16:50
=result        skipped: {disabled_backend,mssql}
=== *** Skipping test case #1077 {ejabberd_SUITE,mam_query_rsm_max_master} ***
=== 
=case          ejabberd_SUITE:mam_query_rsm_max_slave
=group_props   [{name,"mam_query_rsm_max"}]
=started       2025-03-24 17:16:50
=result        skipped: {disabled_backend,mssql}
=== *** Skipping test case #1078 {ejabberd_SUITE,mam_query_rsm_max_slave} ***
=== 
=case          ejabberd_SUITE:mam_query_rsm_after_master
=group_props   [{name,"mam_query_rsm_after"}]
=started       2025-03-24 17:16:50
=result        skipped: {disabled_backend,mssql}
=== *** Skipping test case #1079 {ejabberd_SUITE,mam_query_rsm_after_master} ***
=== 
=case          ejabberd_SUITE:mam_query_rsm_after_slave
=group_props   [{name,"mam_query_rsm_after"}]
=started       2025-03-24 17:16:50
=result        skipped: {disabled_backend,mssql}
=== *** Skipping test case #1080 {ejabberd_SUITE,mam_query_rsm_after_slave} ***
=== 
=case          ejabberd_SUITE:mam_query_rsm_before_master
=group_props   [{name,"mam_query_rsm_before"}]
=started       2025-03-24 17:16:50
=result        skipped: {disabled_backend,mssql}
=== *** Skipping test case #1081 {ejabberd_SUITE,mam_query_rsm_before_master} ***
=== 
=case          ejabberd_SUITE:mam_query_rsm_before_slave
=group_props   [{name,"mam_query_rsm_before"}]
=started       2025-03-24 17:16:50
=result        skipped: {disabled_backend,mssql}
=== *** Skipping test case #1082 {ejabberd_SUITE,mam_query_rsm_before_slave} ***
=== 
=case          ejabberd_SUITE:mam_muc_master
=group_props   [{name,"mam_muc"}]
=started       2025-03-24 17:16:50
=result        skipped: {disabled_backend,mssql}
=== *** Skipping test case #1083 {ejabberd_SUITE,mam_muc_master} ***
=== 
=case          ejabberd_SUITE:mam_muc_slave
=group_props   [{name,"mam_muc"}]
=started       2025-03-24 17:16:50
=result        skipped: {disabled_backend,mssql}
=== *** Skipping test case #1084 {ejabberd_SUITE,mam_muc_slave} ***
=== 
=case          ejabberd_SUITE:mam_mucsub_master
=group_props   [{name,"mam_mucsub"}]
=started       2025-03-24 17:16:50
=result        skipped: {disabled_backend,mssql}
=== *** Skipping test case #1085 {ejabberd_SUITE,mam_mucsub_master} ***
=== 
=case          ejabberd_SUITE:mam_mucsub_slave
=group_props   [{name,"mam_mucsub"}]
=started       2025-03-24 17:16:50
=result        skipped: {disabled_backend,mssql}
=== *** Skipping test case #1086 {ejabberd_SUITE,mam_mucsub_slave} ***
=== 
=case          ejabberd_SUITE:mam_mucsub_from_muc_master
=group_props   [{name,"mam_mucsub_from_muc"}]
=started       2025-03-24 17:16:50
=result        skipped: {disabled_backend,mssql}
=== *** Skipping test case #1087 {ejabberd_SUITE,mam_mucsub_from_muc_master} ***
=== 
=case          ejabberd_SUITE:mam_mucsub_from_muc_slave
=group_props   [{name,"mam_mucsub_from_muc"}]
=started       2025-03-24 17:16:50
=result        skipped: {disabled_backend,mssql}
=== *** Skipping test case #1088 {ejabberd_SUITE,mam_mucsub_from_muc_slave} ***
=== 
=case          ejabberd_SUITE:mam_mucsub_from_muc_non_persistent_master
=group_props   [{name,"mam_mucsub_from_muc_non_persistent"}]
=started       2025-03-24 17:16:50
=result        skipped: {disabled_backend,mssql}
=== *** Skipping test case #1089 {ejabberd_SUITE,mam_mucsub_from_muc_non_persistent_master} ***
=== 
=case          ejabberd_SUITE:mam_mucsub_from_muc_non_persistent_slave
=group_props   [{name,"mam_mucsub_from_muc_non_persistent"}]
=started       2025-03-24 17:16:50
=result        skipped: {disabled_backend,mssql}
=== *** Skipping test case #1090 {ejabberd_SUITE,mam_mucsub_from_muc_non_persistent_slave} ***
=== 
=case          ejabberd_SUITE:announce_set_motd_master
=group_props   [{name,"announce_set_motd"}]
=started       2025-03-24 17:16:50
=result        skipped: {disabled_backend,mssql}
=== *** Skipping test case #1091 {ejabberd_SUITE,announce_set_motd_master} ***
=== 
=case          ejabberd_SUITE:announce_set_motd_slave
=group_props   [{name,"announce_set_motd"}]
=started       2025-03-24 17:16:50
=result        skipped: {disabled_backend,mssql}
=== *** Skipping test case #1092 {ejabberd_SUITE,announce_set_motd_slave} ***
=== 
=case          ejabberd_SUITE:push_sm_master
=group_props   [{name,"push_sm"}]
=started       2025-03-24 17:16:50
=result        skipped: {disabled_backend,mssql}
=== *** Skipping test case #1093 {ejabberd_SUITE,push_sm_master} ***
=== 
=case          ejabberd_SUITE:push_sm_slave
=group_props   [{name,"push_sm"}]
=started       2025-03-24 17:16:50
=result        skipped: {disabled_backend,mssql}
=== *** Skipping test case #1094 {ejabberd_SUITE,push_sm_slave} ***
=== 
=case          ejabberd_SUITE:push_offline_master
=group_props   [{name,"push_offline"}]
=started       2025-03-24 17:16:50
=result        skipped: {disabled_backend,mssql}
=== *** Skipping test case #1095 {ejabberd_SUITE,push_offline_master} ***
=== 
=case          ejabberd_SUITE:push_offline_slave
=group_props   [{name,"push_offline"}]
=started       2025-03-24 17:16:50
=result        skipped: {disabled_backend,mssql}
=== *** Skipping test case #1096 {ejabberd_SUITE,push_offline_slave} ***
=== 
=case          ejabberd_SUITE:push_mam_master
=group_props   [{name,"push_mam"}]
=started       2025-03-24 17:16:50
=result        skipped: {disabled_backend,mssql}
=== *** Skipping test case #1097 {ejabberd_SUITE,push_mam_master} ***
=== 
=case          ejabberd_SUITE:push_mam_slave
=group_props   [{name,"push_mam"}]
=started       2025-03-24 17:16:50
=result        skipped: {disabled_backend,mssql}
=== *** Skipping test case #1098 {ejabberd_SUITE,push_mam_slave} ***
=== 
=case          ejabberd_SUITE:end_per_group
=group_props   [{name,"mssql"}]
=started       2025-03-24 17:16:50
=result        skipped: {disabled_backend,mssql}
=== *** Skipping {ejabberd_SUITE,end_per_group} ***
=case          ejabberd_SUITE:init_per_group
=logfile       ejabberd_suite.init_per_group.41442.html
=group_props   [{name,pgsql},sequence]
=started       2025-03-24 17:16:50
=ended         2025-03-24 17:16:50
=result        ok
=elapsed       0.044351
=case          ejabberd_SUITE:init_per_group
=logfile       ejabberd_suite.init_per_group.45443.html
=group_props   [{name,single_user},sequence]
=started       2025-03-24 17:16:50
=ended         2025-03-24 17:16:50
=result        ok
=elapsed       6.0e-6
=case          ejabberd_SUITE:test_register
=logfile       ejabberd_suite.test_register.45475.html
=started       2025-03-24 17:16:50
=ended         2025-03-24 17:16:50
=result        ok
=elapsed       0.358078
=case          ejabberd_SUITE:init_per_group
=logfile       ejabberd_suite.init_per_group.45539.html
=group_props   [{name,legacy_auth},parallel]
=started       2025-03-24 17:16:50
=ended         2025-03-24 17:16:50
=result        ok
=elapsed       3.0e-6
=case          ejabberd_SUITE:test_legacy_auth_feature
=logfile       ejabberd_suite.test_legacy_auth_feature.45571.html
=started       2025-03-24 17:16:50
=ended         2025-03-24 17:16:50
=result        ok
=elapsed       5.94e-4
=case          ejabberd_SUITE:test_legacy_auth
=logfile       ejabberd_suite.test_legacy_auth.45603.html
=started       2025-03-24 17:16:50
=ended         2025-03-24 17:16:51
=result        ok
=elapsed       0.281384
=case          ejabberd_SUITE:test_legacy_auth_digest
=logfile       ejabberd_suite.test_legacy_auth_digest.45635.html
=started       2025-03-24 17:16:50
=ended         2025-03-24 17:16:51
=result        ok
=elapsed       0.280003
=case          ejabberd_SUITE:test_legacy_auth_no_resource
=logfile       ejabberd_suite.test_legacy_auth_no_resource.45667.html
=started       2025-03-24 17:16:50
=ended         2025-03-24 17:16:50
=result        ok
=elapsed       0.002635
=case          ejabberd_SUITE:test_legacy_auth_bad_jid
=logfile       ejabberd_suite.test_legacy_auth_bad_jid.45699.html
=started       2025-03-24 17:16:50
=ended         2025-03-24 17:16:50
=result        ok
=elapsed       0.002501
=case          ejabberd_SUITE:test_legacy_auth_fail
=logfile       ejabberd_suite.test_legacy_auth_fail.45731.html
=started       2025-03-24 17:16:50
=ended         2025-03-24 17:16:50
=result        ok
=elapsed       0.045143
=case          ejabberd_SUITE:end_per_group
=logfile       ejabberd_suite.end_per_group.45891.html
=group_props   [{name,legacy_auth},parallel]
=started       2025-03-24 17:16:51
=ended         2025-03-24 17:16:51
=result        ok
=elapsed       2.0e-6
=group_time    0.343s
=case          ejabberd_SUITE:auth_plain
=logfile       ejabberd_suite.auth_plain.12197.html
=started       2025-03-24 17:16:51
=ended         2025-03-24 17:16:51
=result        ok
=elapsed       0.001954
=case          ejabberd_SUITE:auth_md5
=logfile       ejabberd_suite.auth_md5.12229.html
=started       2025-03-24 17:16:51
=ended         2025-03-24 17:16:51
=result        ok
=elapsed       0.002995
=case          ejabberd_SUITE:presence_broadcast
=logfile       ejabberd_suite.presence_broadcast.41634.html
=started       2025-03-24 17:16:51
=ended         2025-03-24 17:16:51
=result        ok
=elapsed       0.64545
=case          ejabberd_SUITE:last
=logfile       ejabberd_suite.last.12293.html
=started       2025-03-24 17:16:51
=ended         2025-03-24 17:16:52
=result        ok
=elapsed       0.105282
=case          ejabberd_SUITE:init_per_group
=logfile       ejabberd_suite.init_per_group.12325.html
=group_props   [{name,webadmin_single},sequence]
=started       2025-03-24 17:16:52
=ended         2025-03-24 17:16:52
=result        ok
=elapsed       3.0e-6
=case          ejabberd_SUITE:webadmin_login_page
=logfile       ejabberd_suite.webadmin_login_page.12357.html
=started       2025-03-24 17:16:52
=ended         2025-03-24 17:16:52
=result        ok
=elapsed       0.0292
=case          ejabberd_SUITE:webadmin_welcome_page
=logfile       ejabberd_suite.webadmin_welcome_page.12389.html
=started       2025-03-24 17:16:52
=ended         2025-03-24 17:16:52
=result        ok
=elapsed       0.029522
=case          ejabberd_SUITE:webadmin_user_page
=logfile       ejabberd_suite.webadmin_user_page.12421.html
=started       2025-03-24 17:16:52
=ended         2025-03-24 17:16:52
=result        ok
=elapsed       0.085533
=case          ejabberd_SUITE:webadmin_adduser
=logfile       ejabberd_suite.webadmin_adduser.12453.html
=started       2025-03-24 17:16:52
=ended         2025-03-24 17:16:52
=result        ok
=elapsed       0.08404
=case          ejabberd_SUITE:webadmin_changepassword
=logfile       ejabberd_suite.webadmin_changepassword.12485.html
=started       2025-03-24 17:16:52
=ended         2025-03-24 17:16:52
=result        ok
=elapsed       0.072485
=case          ejabberd_SUITE:webadmin_removeuser
=logfile       ejabberd_suite.webadmin_removeuser.12517.html
=started       2025-03-24 17:16:52
=ended         2025-03-24 17:16:53
=result        ok
=elapsed       0.780482
=case          ejabberd_SUITE:end_per_group
=logfile       ejabberd_suite.end_per_group.12549.html
=group_props   [{name,webadmin_single},sequence]
=started       2025-03-24 17:16:53
=ended         2025-03-24 17:16:53
=result        ok
=elapsed       3.0e-6
=group_time    1.252s
=case          ejabberd_SUITE:init_per_group
=logfile       ejabberd_suite.init_per_group.12581.html
=group_props   [{name,roster_single},sequence]
=started       2025-03-24 17:16:53
=ended         2025-03-24 17:16:53
=result        ok
=elapsed       3.0e-6
=case          ejabberd_SUITE:roster_feature_enabled
=logfile       ejabberd_suite.roster_feature_enabled.12613.html
=started       2025-03-24 17:16:53
=ended         2025-03-24 17:16:53
=result        ok
=elapsed       0.103172
=case          ejabberd_SUITE:roster_iq_set_many_items
=logfile       ejabberd_suite.roster_iq_set_many_items.12677.html
=started       2025-03-24 17:16:53
=ended         2025-03-24 17:16:53
=result        ok
=elapsed       0.104487
=case          ejabberd_SUITE:roster_iq_set_duplicated_groups
=logfile       ejabberd_suite.roster_iq_set_duplicated_groups.12741.html
=started       2025-03-24 17:16:53
=ended         2025-03-24 17:16:53
=result        ok
=elapsed       0.104032
=case          ejabberd_SUITE:roster_iq_get_item
=logfile       ejabberd_suite.roster_iq_get_item.12837.html
=started       2025-03-24 17:16:53
=ended         2025-03-24 17:16:53
=result        ok
=elapsed       0.103537
=case          ejabberd_SUITE:roster_iq_unexpected_element
=logfile       ejabberd_suite.roster_iq_unexpected_element.12933.html
=started       2025-03-24 17:16:53
=ended         2025-03-24 17:16:54
=result        ok
=elapsed       0.10443
=case          ejabberd_SUITE:roster_iq_set_ask
=logfile       ejabberd_suite.roster_iq_set_ask.12965.html
=started       2025-03-24 17:16:54
=ended         2025-03-24 17:16:54
=result        ok
=elapsed       0.104077
=case          ejabberd_SUITE:roster_set_item
=logfile       ejabberd_suite.roster_set_item.13061.html
=started       2025-03-24 17:16:54
=ended         2025-03-24 17:16:54
=result        ok
=elapsed       0.557026
=case          ejabberd_SUITE:roster_version
=logfile       ejabberd_suite.roster_version.13189.html
=started       2025-03-24 17:16:54
=ended         2025-03-24 17:16:54
=result        ok
=elapsed       0.153384
=case          ejabberd_SUITE:end_per_group
=logfile       ejabberd_suite.end_per_group.13285.html
=group_props   [{name,roster_single},sequence]
=started       2025-03-24 17:16:54
=ended         2025-03-24 17:16:54
=result        ok
=elapsed       3.0e-6
=group_time    1.599s
=case          ejabberd_SUITE:init_per_group
=logfile       ejabberd_suite.init_per_group.42018.html
=group_props   [{name,private_single},sequence]
=started       2025-03-24 17:16:54
=ended         2025-03-24 17:16:54
=result        ok
=elapsed       3.0e-6
=case          ejabberd_SUITE:private_test_features
=logfile       ejabberd_suite.private_test_features.42050.html
=started       2025-03-24 17:16:54
=ended         2025-03-24 17:16:55
=result        ok
=elapsed       0.104971
=case          ejabberd_SUITE:private_test_no_namespace
=logfile       ejabberd_suite.private_test_no_namespace.42114.html
=started       2025-03-24 17:16:55
=ended         2025-03-24 17:16:55
=result        ok
=elapsed       0.102869
=case          ejabberd_SUITE:private_test_set_get
=logfile       ejabberd_suite.private_test_set_get.13381.html
=started       2025-03-24 17:16:55
=ended         2025-03-24 17:16:55
=result        ok
=elapsed       0.698166
=case          ejabberd_SUITE:private_test_published
=logfile       ejabberd_suite.private_test_published.13445.html
=started       2025-03-24 17:16:55
=ended         2025-03-24 17:16:56
=result        ok
=elapsed       0.283005
=case          ejabberd_SUITE:end_per_group
=logfile       ejabberd_suite.end_per_group.13477.html
=group_props   [{name,private_single},sequence]
=started       2025-03-24 17:16:56
=ended         2025-03-24 17:16:56
=result        ok
=elapsed       2.0e-6
=group_time    1.337s
=case          ejabberd_SUITE:init_per_group
=logfile       ejabberd_suite.init_per_group.13509.html
=group_props   [{name,privacy_single},sequence]
=started       2025-03-24 17:16:56
=ended         2025-03-24 17:16:56
=result        ok
=elapsed       4.0e-6
=case          ejabberd_SUITE:privacy_feature_enabled
=logfile       ejabberd_suite.privacy_feature_enabled.13541.html
=started       2025-03-24 17:16:56
=ended         2025-03-24 17:16:56
=result        ok
=elapsed       0.108522
=case          ejabberd_SUITE:privacy_set_get_list
=logfile       ejabberd_suite.privacy_set_get_list.13637.html
=started       2025-03-24 17:16:56
=ended         2025-03-24 17:16:56
=result        ok
=elapsed       0.283635
=case          ejabberd_SUITE:privacy_get_list_non_existent
=logfile       ejabberd_suite.privacy_get_list_non_existent.13733.html
=started       2025-03-24 17:16:56
=ended         2025-03-24 17:16:56
=result        ok
=elapsed       0.103843
=case          ejabberd_SUITE:privacy_get_empty_lists
=logfile       ejabberd_suite.privacy_get_empty_lists.13829.html
=started       2025-03-24 17:16:56
=ended         2025-03-24 17:16:57
=result        ok
=elapsed       0.104091
=case          ejabberd_SUITE:privacy_set_default
=logfile       ejabberd_suite.privacy_set_default.13861.html
=started       2025-03-24 17:16:57
=ended         2025-03-24 17:16:57
=result        ok
=elapsed       0.197681
=case          ejabberd_SUITE:privacy_del_default
=logfile       ejabberd_suite.privacy_del_default.13925.html
=started       2025-03-24 17:16:57
=ended         2025-03-24 17:16:57
=result        ok
=elapsed       0.154762
=case          ejabberd_SUITE:privacy_set_default_non_existent
=logfile       ejabberd_suite.privacy_set_default_non_existent.13989.html
=started       2025-03-24 17:16:57
=ended         2025-03-24 17:16:57
=result        ok
=elapsed       0.103911
=case          ejabberd_SUITE:privacy_set_active
=logfile       ejabberd_suite.privacy_set_active.14085.html
=started       2025-03-24 17:16:57
=ended         2025-03-24 17:16:57
=result        ok
=elapsed       0.151818
=case          ejabberd_SUITE:privacy_del_active
=logfile       ejabberd_suite.privacy_del_active.42434.html
=started       2025-03-24 17:16:57
=ended         2025-03-24 17:16:57
=result        ok
=elapsed       0.153807
=case          ejabberd_SUITE:privacy_set_active_non_existent
=logfile       ejabberd_suite.privacy_set_active_non_existent.42530.html
=started       2025-03-24 17:16:57
=ended         2025-03-24 17:16:58
=result        ok
=elapsed       0.104356
=case          ejabberd_SUITE:privacy_remove_list
=logfile       ejabberd_suite.privacy_remove_list.25924.html
=started       2025-03-24 17:16:58
=ended         2025-03-24 17:16:58
=result        ok
=elapsed       0.196196
=case          ejabberd_SUITE:privacy_remove_default_list
=logfile       ejabberd_suite.privacy_remove_default_list.42626.html
=started       2025-03-24 17:16:58
=ended         2025-03-24 17:16:58
=result        ok
=elapsed       0.15537
=case          ejabberd_SUITE:privacy_remove_active_list
=logfile       ejabberd_suite.privacy_remove_active_list.42690.html
=started       2025-03-24 17:16:58
=ended         2025-03-24 17:16:58
=result        ok
=elapsed       0.150314
=case          ejabberd_SUITE:privacy_remove_list_non_existent
=logfile       ejabberd_suite.privacy_remove_list_non_existent.26052.html
=started       2025-03-24 17:16:58
=ended         2025-03-24 17:16:58
=result        ok
=elapsed       0.104196
=case          ejabberd_SUITE:privacy_allow_local_server
=logfile       ejabberd_suite.privacy_allow_local_server.26116.html
=started       2025-03-24 17:16:58
=ended         2025-03-24 17:16:59
=result        ok
=elapsed       0.19932
=case          ejabberd_SUITE:privacy_malformed_iq_query
=logfile       ejabberd_suite.privacy_malformed_iq_query.42786.html
=started       2025-03-24 17:16:59
=ended         2025-03-24 17:16:59
=result        ok
=elapsed       0.10516
=case          ejabberd_SUITE:privacy_malformed_get
=logfile       ejabberd_suite.privacy_malformed_get.42850.html
=started       2025-03-24 17:16:59
=ended         2025-03-24 17:16:59
=result        ok
=elapsed       0.108377
=case          ejabberd_SUITE:privacy_malformed_set
=logfile       ejabberd_suite.privacy_malformed_set.42946.html
=started       2025-03-24 17:16:59
=ended         2025-03-24 17:16:59
=result        ok
=elapsed       0.107391
=case          ejabberd_SUITE:privacy_malformed_type_value
=logfile       ejabberd_suite.privacy_malformed_type_value.26308.html
=started       2025-03-24 17:16:59
=ended         2025-03-24 17:16:59
=result        ok
=elapsed       0.105663
=case          ejabberd_SUITE:privacy_set_get_block
=logfile       ejabberd_suite.privacy_set_get_block.26372.html
=started       2025-03-24 17:16:59
=ended         2025-03-24 17:16:59
=result        ok
=elapsed       0.244877
=case          ejabberd_SUITE:end_per_group
=logfile       ejabberd_suite.end_per_group.43042.html
=group_props   [{name,privacy_single},sequence]
=started       2025-03-24 17:16:59
=ended         2025-03-24 17:16:59
=result        ok
=elapsed       3.0e-6
=group_time    3.583s
=case          ejabberd_SUITE:init_per_group
=logfile       ejabberd_suite.init_per_group.43074.html
=group_props   [{name,vcard_single},sequence]
=started       2025-03-24 17:16:59
=ended         2025-03-24 17:16:59
=result        ok
=elapsed       3.0e-6
=case          ejabberd_SUITE:vcard_feature_enabled
=logfile       ejabberd_suite.vcard_feature_enabled.43106.html
=started       2025-03-24 17:16:59
=ended         2025-03-24 17:17:00
=result        ok
=elapsed       0.107683
=case          ejabberd_SUITE:vcard_get_set
=logfile       ejabberd_suite.vcard_get_set.26468.html
=started       2025-03-24 17:17:00
=ended         2025-03-24 17:17:00
=result        ok
=elapsed       0.194885
=case          ejabberd_SUITE:vcard_service_vcard
=logfile       ejabberd_suite.vcard_service_vcard.26532.html
=started       2025-03-24 17:17:00
=ended         2025-03-24 17:17:00
=result        ok
=elapsed       0.104609
=case          ejabberd_SUITE:end_per_group
=logfile       ejabberd_suite.end_per_group.43266.html
=group_props   [{name,vcard_single},sequence]
=started       2025-03-24 17:17:00
=ended         2025-03-24 17:17:00
=result        ok
=elapsed       2.0e-6
=group_time    0.524s
=case          ejabberd_SUITE:init_per_group
=logfile       ejabberd_suite.init_per_group.43298.html
=group_props   [{name,pubsub_single},sequence]
=started       2025-03-24 17:17:00
=ended         2025-03-24 17:17:00
=result        ok
=elapsed       4.0e-6
=case          ejabberd_SUITE:pubsub_test_features
=logfile       ejabberd_suite.pubsub_test_features.43330.html
=started       2025-03-24 17:17:00
=ended         2025-03-24 17:17:00
=result        ok
=elapsed       0.104457
=case          ejabberd_SUITE:pubsub_test_vcard
=logfile       ejabberd_suite.pubsub_test_vcard.43394.html
=started       2025-03-24 17:17:00
=ended         2025-03-24 17:17:00
=result        ok
=elapsed       0.104046
=case          ejabberd_SUITE:pubsub_test_create
=logfile       ejabberd_suite.pubsub_test_create.43458.html
=started       2025-03-24 17:17:00
=ended         2025-03-24 17:17:00
=result        ok
=elapsed       0.108508
=case          ejabberd_SUITE:pubsub_test_configure
=logfile       ejabberd_suite.pubsub_test_configure.43554.html
=started       2025-03-24 17:17:00
=ended         2025-03-24 17:17:01
=result        ok
=elapsed       0.202565
=case          ejabberd_SUITE:pubsub_test_delete
=logfile       ejabberd_suite.pubsub_test_delete.43618.html
=started       2025-03-24 17:17:01
=ended         2025-03-24 17:17:01
=result        ok
=elapsed       0.107052
=case          ejabberd_SUITE:pubsub_test_get_affiliations
=logfile       ejabberd_suite.pubsub_test_get_affiliations.43682.html
=started       2025-03-24 17:17:01
=ended         2025-03-24 17:17:01
=result        ok
=elapsed       0.155008
=case          ejabberd_SUITE:pubsub_test_get_subscriptions
=logfile       ejabberd_suite.pubsub_test_get_subscriptions.43746.html
=started       2025-03-24 17:17:01
=ended         2025-03-24 17:17:01
=result        ok
=elapsed       0.216556
=case          ejabberd_SUITE:pubsub_test_create_instant
=logfile       ejabberd_suite.pubsub_test_create_instant.43810.html
=started       2025-03-24 17:17:01
=ended         2025-03-24 17:17:01
=result        ok
=elapsed       0.113341
=case          ejabberd_SUITE:pubsub_test_default
=logfile       ejabberd_suite.pubsub_test_default.43906.html
=started       2025-03-24 17:17:01
=ended         2025-03-24 17:17:01
=result        ok
=elapsed       0.104692
=case          ejabberd_SUITE:pubsub_test_create_configure
=logfile       ejabberd_suite.pubsub_test_create_configure.46051.html
=started       2025-03-24 17:17:01
=ended         2025-03-24 17:17:02
=result        ok
=elapsed       0.119834
=case          ejabberd_SUITE:pubsub_test_publish
=logfile       ejabberd_suite.pubsub_test_publish.46115.html
=started       2025-03-24 17:17:02
=ended         2025-03-24 17:17:02
=result        ok
=elapsed       0.115682
=case          ejabberd_SUITE:pubsub_test_auto_create
=logfile       ejabberd_suite.pubsub_test_auto_create.46179.html
=started       2025-03-24 17:17:02
=ended         2025-03-24 17:17:02
=result        ok
=elapsed       0.114238
=case          ejabberd_SUITE:pubsub_test_get_items
=logfile       ejabberd_suite.pubsub_test_get_items.46243.html
=started       2025-03-24 17:17:02
=ended         2025-03-24 17:17:02
=result        ok
=elapsed       0.130646
=case          ejabberd_SUITE:pubsub_test_delete_item
=logfile       ejabberd_suite.pubsub_test_delete_item.44066.html
=started       2025-03-24 17:17:02
=ended         2025-03-24 17:17:02
=result        ok
=elapsed       0.162459
=case          ejabberd_SUITE:pubsub_test_purge
=logfile       ejabberd_suite.pubsub_test_purge.44130.html
=started       2025-03-24 17:17:02
=ended         2025-03-24 17:17:03
=result        ok
=elapsed       0.222329
=case          ejabberd_SUITE:pubsub_test_subscribe
=logfile       ejabberd_suite.pubsub_test_subscribe.44226.html
=started       2025-03-24 17:17:03
=ended         2025-03-24 17:17:03
=result        ok
=elapsed       0.118625
=case          ejabberd_SUITE:pubsub_test_subscribe_max_item_1
=logfile       ejabberd_suite.pubsub_test_subscribe_max_item_1.46371.html
=started       2025-03-24 17:17:03
=ended         2025-03-24 17:17:03
=result        ok
=elapsed       0.122372
=case          ejabberd_SUITE:pubsub_test_unsubscribe
=logfile       ejabberd_suite.pubsub_test_unsubscribe.46435.html
=started       2025-03-24 17:17:03
=ended         2025-03-24 17:17:03
=result        ok
=elapsed       0.165715
=case          ejabberd_SUITE:end_per_group
=logfile       ejabberd_suite.end_per_group.46531.html
=group_props   [{name,pubsub_single},sequence]
=started       2025-03-24 17:17:03
=ended         2025-03-24 17:17:03
=result        ok
=elapsed       2.0e-6
=group_time    3.068s
=case          ejabberd_SUITE:init_per_group
=logfile       ejabberd_suite.init_per_group.46563.html
=group_props   [{name,muc_single},sequence]
=started       2025-03-24 17:17:03
=ended         2025-03-24 17:17:03
=result        ok
=elapsed       3.0e-6
=case          ejabberd_SUITE:muc_service_presence_error
=logfile       ejabberd_suite.muc_service_presence_error.46595.html
=started       2025-03-24 17:17:03
=ended         2025-03-24 17:17:03
=result        ok
=elapsed       0.191495
=case          ejabberd_SUITE:muc_service_message_error
=logfile       ejabberd_suite.muc_service_message_error.46627.html
=started       2025-03-24 17:17:03
=ended         2025-03-24 17:17:04
=result        ok
=elapsed       0.191481
=case          ejabberd_SUITE:muc_service_unknown_ns_iq_error
=logfile       ejabberd_suite.muc_service_unknown_ns_iq_error.46691.html
=started       2025-03-24 17:17:04
=ended         2025-03-24 17:17:04
=result        ok
=elapsed       0.191486
=case          ejabberd_SUITE:muc_service_iq_set_error
=logfile       ejabberd_suite.muc_service_iq_set_error.46755.html
=started       2025-03-24 17:17:04
=ended         2025-03-24 17:17:04
=result        ok
=elapsed       0.322687
=case          ejabberd_SUITE:muc_service_improper_iq_error
=logfile       ejabberd_suite.muc_service_improper_iq_error.46819.html
=started       2025-03-24 17:17:04
=ended         2025-03-24 17:17:04
=result        ok
=elapsed       0.280645
=case          ejabberd_SUITE:muc_service_features
=logfile       ejabberd_suite.muc_service_features.46883.html
=started       2025-03-24 17:17:04
=ended         2025-03-24 17:17:05
=result        ok
=elapsed       0.103783
=case          ejabberd_SUITE:muc_service_disco_info_node_error
=logfile       ejabberd_suite.muc_service_disco_info_node_error.46979.html
=started       2025-03-24 17:17:05
=ended         2025-03-24 17:17:05
=result        ok
=elapsed       0.102975
=case          ejabberd_SUITE:muc_service_disco_items
=logfile       ejabberd_suite.muc_service_disco_items.47075.html
=started       2025-03-24 17:17:05
=ended         2025-03-24 17:17:05
=result        ok
=elapsed       0.731005
=case          ejabberd_SUITE:muc_service_unique
=logfile       ejabberd_suite.muc_service_unique.47299.html
=started       2025-03-24 17:17:05
=ended         2025-03-24 17:17:06
=result        ok
=elapsed       0.103863
=case          ejabberd_SUITE:muc_service_vcard
=logfile       ejabberd_suite.muc_service_vcard.47363.html
=started       2025-03-24 17:17:06
=ended         2025-03-24 17:17:06
=result        ok
=elapsed       0.104622
=case          ejabberd_SUITE:muc_configure_non_existent
=logfile       ejabberd_suite.muc_configure_non_existent.47427.html
=started       2025-03-24 17:17:06
=ended         2025-03-24 17:17:06
=result        ok
=elapsed       0.108697
=case          ejabberd_SUITE:muc_cancel_configure_non_existent
=logfile       ejabberd_suite.muc_cancel_configure_non_existent.44674.html
=started       2025-03-24 17:17:06
=ended         2025-03-24 17:17:06
=result        ok
=elapsed       0.106203
=case          ejabberd_SUITE:muc_service_subscriptions
=logfile       ejabberd_suite.muc_service_subscriptions.44770.html
=started       2025-03-24 17:17:06
=ended         2025-03-24 17:17:06
=result        ok
=elapsed       0.328878
=case          ejabberd_SUITE:muc_set_room_affiliation
=logfile       ejabberd_suite.muc_set_room_affiliation.44866.html
=started       2025-03-24 17:17:06
=ended         2025-03-24 17:17:06
=result        ok
=elapsed       0.118516
=case          ejabberd_SUITE:end_per_group
=logfile       ejabberd_suite.end_per_group.44962.html
=group_props   [{name,muc_single},sequence]
=started       2025-03-24 17:17:06
=ended         2025-03-24 17:17:07
=result        ok
=elapsed       2.0e-6
=group_time    3.436s
=case          ejabberd_SUITE:init_per_group
=logfile       ejabberd_suite.init_per_group.44994.html
=group_props   [{name,offline_single},sequence]
=started       2025-03-24 17:17:07
=ended         2025-03-24 17:17:07
=result        ok
=elapsed       3.0e-6
=case          ejabberd_SUITE:offline_feature_enabled
=logfile       ejabberd_suite.offline_feature_enabled.45026.html
=started       2025-03-24 17:17:07
=ended         2025-03-24 17:17:07
=result        ok
=elapsed       0.105211
=case          ejabberd_SUITE:offline_check_identity
=logfile       ejabberd_suite.offline_check_identity.45122.html
=started       2025-03-24 17:17:07
=ended         2025-03-24 17:17:07
=result        ok
=elapsed       0.104044
=case          ejabberd_SUITE:offline_send_non_existent
=logfile       ejabberd_suite.offline_send_non_existent.47683.html
=started       2025-03-24 17:17:07
=ended         2025-03-24 17:17:07
=result        ok
=elapsed       0.103799
=case          ejabberd_SUITE:offline_view_non_existent
=logfile       ejabberd_suite.offline_view_non_existent.45250.html
=started       2025-03-24 17:17:07
=ended         2025-03-24 17:17:07
=result        ok
=elapsed       0.147586
=case          ejabberd_SUITE:offline_remove_non_existent
=logfile       ejabberd_suite.offline_remove_non_existent.45346.html
=started       2025-03-24 17:17:07
=ended         2025-03-24 17:17:07
=result        ok
=elapsed       0.145987
=case          ejabberd_SUITE:offline_view_non_integer
=logfile       ejabberd_suite.offline_view_non_integer.45410.html
=started       2025-03-24 17:17:07
=ended         2025-03-24 17:17:07
=result        ok
=elapsed       0.103733
=case          ejabberd_SUITE:offline_remove_non_integer
=logfile       ejabberd_suite.offline_remove_non_integer.26692.html
=started       2025-03-24 17:17:07
=ended         2025-03-24 17:17:08
=result        ok
=elapsed       0.10307
=case          ejabberd_SUITE:offline_malformed_iq
=logfile       ejabberd_suite.offline_malformed_iq.45570.html
=started       2025-03-24 17:17:08
=ended         2025-03-24 17:17:08
=result        ok
=elapsed       0.108184
=case          ejabberd_SUITE:offline_wrong_user
=logfile       ejabberd_suite.offline_wrong_user.45634.html
=started       2025-03-24 17:17:08
=ended         2025-03-24 17:17:08
=result        ok
=elapsed       0.11289
=case          ejabberd_SUITE:offline_unsupported_iq
=logfile       ejabberd_suite.offline_unsupported_iq.45698.html
=started       2025-03-24 17:17:08
=ended         2025-03-24 17:17:08
=result        ok
=elapsed       0.104706
=case          ejabberd_SUITE:end_per_group
=logfile       ejabberd_suite.end_per_group.45762.html
=group_props   [{name,offline_single},sequence]
=started       2025-03-24 17:17:08
=ended         2025-03-24 17:17:08
=result        ok
=elapsed       3.0e-6
=group_time    1.470s
=case          ejabberd_SUITE:init_per_group
=logfile       ejabberd_suite.init_per_group.45794.html
=group_props   [{name,mam_single},sequence]
=started       2025-03-24 17:17:08
=ended         2025-03-24 17:17:08
=result        ok
=elapsed       3.0e-6
=case          ejabberd_SUITE:mam_feature_enabled
=logfile       ejabberd_suite.mam_feature_enabled.45826.html
=started       2025-03-24 17:17:08
=ended         2025-03-24 17:17:08
=result        ok
=elapsed       0.108857
=case          ejabberd_SUITE:mam_get_set_prefs
=logfile       ejabberd_suite.mam_get_set_prefs.45890.html
=started       2025-03-24 17:17:08
=ended         2025-03-24 17:17:10
=result        ok
=elapsed       1.905166
=case          ejabberd_SUITE:mam_get_form
=logfile       ejabberd_suite.mam_get_form.45954.html
=started       2025-03-24 17:17:10
=ended         2025-03-24 17:17:10
=result        ok
=elapsed       0.109159
=case          ejabberd_SUITE:mam_fake_by
=logfile       ejabberd_suite.mam_fake_by.26916.html
=started       2025-03-24 17:17:10
=ended         2025-03-24 17:17:10
=result        ok
=elapsed       0.104489
=case          ejabberd_SUITE:end_per_group
=logfile       ejabberd_suite.end_per_group.46018.html
=group_props   [{name,mam_single},sequence]
=started       2025-03-24 17:17:10
=ended         2025-03-24 17:17:10
=result        ok
=elapsed       2.0e-6
=group_time    2.374s
=case          ejabberd_SUITE:init_per_group
=logfile       ejabberd_suite.init_per_group.46050.html
=group_props   [{name,push_single},sequence]
=started       2025-03-24 17:17:10
=ended         2025-03-24 17:17:10
=result        ok
=elapsed       3.0e-6
=case          ejabberd_SUITE:push_feature_enabled
=logfile       ejabberd_suite.push_feature_enabled.46082.html
=started       2025-03-24 17:17:10
=ended         2025-03-24 17:17:11
=result        ok
=elapsed       0.104709
=case          ejabberd_SUITE:push_unsupported_iq
=logfile       ejabberd_suite.push_unsupported_iq.46114.html
=started       2025-03-24 17:17:11
=ended         2025-03-24 17:17:11
=result        ok
=elapsed       0.105676
=case          ejabberd_SUITE:end_per_group
=logfile       ejabberd_suite.end_per_group.46178.html
=group_props   [{name,push_single},sequence]
=started       2025-03-24 17:17:11
=ended         2025-03-24 17:17:11
=result        ok
=elapsed       3.0e-6
=group_time    0.296s
=case          ejabberd_SUITE:test_unregister
=logfile       ejabberd_suite.test_unregister.46210.html
=started       2025-03-24 17:17:11
=ended         2025-03-24 17:17:11
=result        ok
=elapsed       0.009471
=case          ejabberd_SUITE:end_per_group
=logfile       ejabberd_suite.end_per_group.46274.html
=group_props   [{name,single_user},sequence]
=started       2025-03-24 17:17:11
=ended         2025-03-24 17:17:11
=result        ok
=elapsed       3.0e-6
=group_time    20.876s
=case          ejabberd_SUITE:init_per_group
=logfile       ejabberd_suite.init_per_group.46306.html
=group_props   [{name,muc_master_slave},sequence]
=started       2025-03-24 17:17:11
=ended         2025-03-24 17:17:11
=result        ok
=elapsed       7.0e-6
=case          ejabberd_SUITE:init_per_group
=logfile       ejabberd_suite.init_per_group.46338.html
=group_props   [{name,muc_register},parallel]
=started       2025-03-24 17:17:11
=ended         2025-03-24 17:17:11
=result        ok
=elapsed       8.0e-6
=case          ejabberd_SUITE:muc_register_master
=logfile       ejabberd_suite.muc_register_master.46370.html
=started       2025-03-24 17:17:11
=ended         2025-03-24 17:17:11
=result        ok
=elapsed       0.338309
=case          ejabberd_SUITE:muc_register_slave
=logfile       ejabberd_suite.muc_register_slave.46402.html
=started       2025-03-24 17:17:11
=ended         2025-03-24 17:17:11
=result        ok
=elapsed       0.335145
=case          ejabberd_SUITE:end_per_group
=logfile       ejabberd_suite.end_per_group.47811.html
=group_props   [{name,muc_register},parallel]
=started       2025-03-24 17:17:11
=ended         2025-03-24 17:17:11
=result        ok
=elapsed       2.0e-6
=group_time    0.399s
=case          ejabberd_SUITE:init_per_group
=logfile       ejabberd_suite.init_per_group.47843.html
=group_props   [{name,muc_groupchat_msg},parallel]
=started       2025-03-24 17:17:11
=ended         2025-03-24 17:17:11
=result        ok
=elapsed       4.0e-6
=case          ejabberd_SUITE:muc_groupchat_msg_master
=logfile       ejabberd_suite.muc_groupchat_msg_master.47875.html
=started       2025-03-24 17:17:11
=ended         2025-03-24 17:17:11
=result        ok
=elapsed       0.132701
=case          ejabberd_SUITE:muc_groupchat_msg_slave
=logfile       ejabberd_suite.muc_groupchat_msg_slave.47907.html
=started       2025-03-24 17:17:11
=ended         2025-03-24 17:17:11
=result        ok
=elapsed       0.124402
=case          ejabberd_SUITE:end_per_group
=logfile       ejabberd_suite.end_per_group.48003.html
=group_props   [{name,muc_groupchat_msg},parallel]
=started       2025-03-24 17:17:11
=ended         2025-03-24 17:17:11
=result        ok
=elapsed       3.0e-6
=group_time    0.190s
=case          ejabberd_SUITE:init_per_group
=logfile       ejabberd_suite.init_per_group.48035.html
=group_props   [{name,muc_private_msg},parallel]
=started       2025-03-24 17:17:11
=ended         2025-03-24 17:17:11
=result        ok
=elapsed       4.0e-6
=case          ejabberd_SUITE:muc_private_msg_master
=logfile       ejabberd_suite.muc_private_msg_master.48067.html
=started       2025-03-24 17:17:11
=ended         2025-03-24 17:17:12
=result        ok
=elapsed       0.168744
=case          ejabberd_SUITE:muc_private_msg_slave
=logfile       ejabberd_suite.muc_private_msg_slave.27172.html
=started       2025-03-24 17:17:11
=ended         2025-03-24 17:17:12
=result        ok
=elapsed       0.162542
=case          ejabberd_SUITE:end_per_group
=logfile       ejabberd_suite.end_per_group.27236.html
=group_props   [{name,muc_private_msg},parallel]
=started       2025-03-24 17:17:12
=ended         2025-03-24 17:17:12
=result        ok
=elapsed       2.0e-6
=group_time    0.226s
=case          ejabberd_SUITE:init_per_group
=logfile       ejabberd_suite.init_per_group.27268.html
=group_props   [{name,muc_set_subject},parallel]
=started       2025-03-24 17:17:12
=ended         2025-03-24 17:17:12
=result        ok
=elapsed       3.0e-6
=case          ejabberd_SUITE:muc_set_subject_master
=logfile       ejabberd_suite.muc_set_subject_master.27300.html
=started       2025-03-24 17:17:12
=ended         2025-03-24 17:17:12
=result        ok
=elapsed       0.135854
=case          ejabberd_SUITE:muc_set_subject_slave
=logfile       ejabberd_suite.muc_set_subject_slave.48195.html
=started       2025-03-24 17:17:12
=ended         2025-03-24 17:17:12
=result        ok
=elapsed       0.130922
=case          ejabberd_SUITE:end_per_group
=logfile       ejabberd_suite.end_per_group.48259.html
=group_props   [{name,muc_set_subject},parallel]
=started       2025-03-24 17:17:12
=ended         2025-03-24 17:17:12
=result        ok
=elapsed       2.0e-6
=group_time    0.194s
=case          ejabberd_SUITE:init_per_group
=logfile       ejabberd_suite.init_per_group.48291.html
=group_props   [{name,muc_history},parallel]
=started       2025-03-24 17:17:12
=ended         2025-03-24 17:17:12
=result        ok
=elapsed       3.0e-6
=case          ejabberd_SUITE:muc_history_master
=logfile       ejabberd_suite.muc_history_master.48323.html
=started       2025-03-24 17:17:12
=ended         2025-03-24 17:17:12
=result        ok
=elapsed       0.194414
=case          ejabberd_SUITE:muc_history_slave
=logfile       ejabberd_suite.muc_history_slave.48355.html
=started       2025-03-24 17:17:12
=ended         2025-03-24 17:17:12
=result        ok
=elapsed       0.18558
=case          ejabberd_SUITE:end_per_group
=logfile       ejabberd_suite.end_per_group.46690.html
=group_props   [{name,muc_history},parallel]
=started       2025-03-24 17:17:12
=ended         2025-03-24 17:17:12
=result        ok
=elapsed       2.0e-6
=group_time    0.251s
=case          ejabberd_SUITE:init_per_group
=logfile       ejabberd_suite.init_per_group.46722.html
=group_props   [{name,muc_invite},parallel]
=started       2025-03-24 17:17:12
=ended         2025-03-24 17:17:12
=result        ok
=elapsed       3.0e-6
=case          ejabberd_SUITE:muc_invite_master
=logfile       ejabberd_suite.muc_invite_master.46754.html
=started       2025-03-24 17:17:12
=ended         2025-03-24 17:17:12
=result        ok
=elapsed       0.120317
=case          ejabberd_SUITE:muc_invite_slave
=logfile       ejabberd_suite.muc_invite_slave.46786.html
=started       2025-03-24 17:17:12
=ended         2025-03-24 17:17:12
=result        ok
=elapsed       0.154991
=case          ejabberd_SUITE:end_per_group
=logfile       ejabberd_suite.end_per_group.27588.html
=group_props   [{name,muc_invite},parallel]
=started       2025-03-24 17:17:12
=ended         2025-03-24 17:17:12
=result        ok
=elapsed       2.0e-6
=group_time    0.212s
=case          ejabberd_SUITE:init_per_group
=logfile       ejabberd_suite.init_per_group.27620.html
=group_props   [{name,muc_invite_members_only},parallel]
=started       2025-03-24 17:17:12
=ended         2025-03-24 17:17:12
=result        ok
=elapsed       3.0e-6
=case          ejabberd_SUITE:muc_invite_members_only_master
=logfile       ejabberd_suite.muc_invite_members_only_master.27652.html
=started       2025-03-24 17:17:12
=ended         2025-03-24 17:17:13
=result        ok
=elapsed       0.121403
=case          ejabberd_SUITE:muc_invite_members_only_slave
=logfile       ejabberd_suite.muc_invite_members_only_slave.27684.html
=started       2025-03-24 17:17:12
=ended         2025-03-24 17:17:13
=result        ok
=elapsed       0.116214
=case          ejabberd_SUITE:end_per_group
=logfile       ejabberd_suite.end_per_group.27780.html
=group_props   [{name,muc_invite_members_only},parallel]
=started       2025-03-24 17:17:13
=ended         2025-03-24 17:17:13
=result        ok
=elapsed       2.0e-6
=group_time    0.178s
=case          ejabberd_SUITE:init_per_group
=logfile       ejabberd_suite.init_per_group.27812.html
=group_props   [{name,muc_invite_password_protected},parallel]
=started       2025-03-24 17:17:13
=ended         2025-03-24 17:17:13
=result        ok
=elapsed       3.0e-6
=case          ejabberd_SUITE:muc_invite_password_protected_master
=logfile       ejabberd_suite.muc_invite_password_protected_master.27844.html
=started       2025-03-24 17:17:13
=ended         2025-03-24 17:17:13
=result        ok
=elapsed       0.160732
=case          ejabberd_SUITE:muc_invite_password_protected_slave
=logfile       ejabberd_suite.muc_invite_password_protected_slave.27876.html
=started       2025-03-24 17:17:13
=ended         2025-03-24 17:17:13
=result        ok
=elapsed       0.115629
=case          ejabberd_SUITE:end_per_group
=logfile       ejabberd_suite.end_per_group.27972.html
=group_props   [{name,muc_invite_password_protected},parallel]
=started       2025-03-24 17:17:13
=ended         2025-03-24 17:17:13
=result        ok
=elapsed       2.0e-6
=group_time    0.219s
=case          ejabberd_SUITE:init_per_group
=logfile       ejabberd_suite.init_per_group.28004.html
=group_props   [{name,muc_voice_request},parallel]
=started       2025-03-24 17:17:13
=ended         2025-03-24 17:17:13
=result        ok
=elapsed       2.0e-6
=case          ejabberd_SUITE:muc_voice_request_master
=logfile       ejabberd_suite.muc_voice_request_master.28036.html
=started       2025-03-24 17:17:13
=ended         2025-03-24 17:17:13
=result        ok
=elapsed       0.129624
=case          ejabberd_SUITE:muc_voice_request_slave
=logfile       ejabberd_suite.muc_voice_request_slave.28068.html
=started       2025-03-24 17:17:13
=ended         2025-03-24 17:17:13
=result        ok
=elapsed       0.123812
=case          ejabberd_SUITE:end_per_group
=logfile       ejabberd_suite.end_per_group.28164.html
=group_props   [{name,muc_voice_request},parallel]
=started       2025-03-24 17:17:13
=ended         2025-03-24 17:17:13
=result        ok
=elapsed       3.0e-6
=group_time    0.188s
=case          ejabberd_SUITE:init_per_group
=logfile       ejabberd_suite.init_per_group.28196.html
=group_props   [{name,muc_change_role},parallel]
=started       2025-03-24 17:17:13
=ended         2025-03-24 17:17:13
=result        ok
=elapsed       3.0e-6
=case          ejabberd_SUITE:muc_change_role_master
=logfile       ejabberd_suite.muc_change_role_master.28228.html
=started       2025-03-24 17:17:13
=ended         2025-03-24 17:17:13
=result        ok
=elapsed       0.138795
=case          ejabberd_SUITE:muc_change_role_slave
=logfile       ejabberd_suite.muc_change_role_slave.28260.html
=started       2025-03-24 17:17:13
=ended         2025-03-24 17:17:13
=result        ok
=elapsed       0.131804
=case          ejabberd_SUITE:end_per_group
=logfile       ejabberd_suite.end_per_group.48707.html
=group_props   [{name,muc_change_role},parallel]
=started       2025-03-24 17:17:13
=ended         2025-03-24 17:17:13
=result        ok
=elapsed       2.0e-6
=group_time    0.195s
=case          ejabberd_SUITE:init_per_group
=logfile       ejabberd_suite.init_per_group.48739.html
=group_props   [{name,muc_kick},parallel]
=started       2025-03-24 17:17:13
=ended         2025-03-24 17:17:13
=result        ok
=elapsed       3.0e-6
=case          ejabberd_SUITE:muc_kick_master
=logfile       ejabberd_suite.muc_kick_master.48771.html
=started       2025-03-24 17:17:13
=ended         2025-03-24 17:17:14
=result        ok
=elapsed       0.126914
=case          ejabberd_SUITE:muc_kick_slave
=logfile       ejabberd_suite.muc_kick_slave.48803.html
=started       2025-03-24 17:17:13
=ended         2025-03-24 17:17:14
=result        ok
=elapsed       0.119015
=case          ejabberd_SUITE:end_per_group
=logfile       ejabberd_suite.end_per_group.48899.html
=group_props   [{name,muc_kick},parallel]
=started       2025-03-24 17:17:14
=ended         2025-03-24 17:17:14
=result        ok
=elapsed       2.0e-6
=group_time    0.184s
=case          ejabberd_SUITE:init_per_group
=logfile       ejabberd_suite.init_per_group.48931.html
=group_props   [{name,muc_change_affiliation},parallel]
=started       2025-03-24 17:17:14
=ended         2025-03-24 17:17:14
=result        ok
=elapsed       3.0e-6
=case          ejabberd_SUITE:muc_change_affiliation_master
=logfile       ejabberd_suite.muc_change_affiliation_master.48963.html
=started       2025-03-24 17:17:14
=ended         2025-03-24 17:17:14
=result        ok
=elapsed       0.154369
=case          ejabberd_SUITE:muc_change_affiliation_slave
=logfile       ejabberd_suite.muc_change_affiliation_slave.48995.html
=started       2025-03-24 17:17:14
=ended         2025-03-24 17:17:14
=result        ok
=elapsed       0.148544
=case          ejabberd_SUITE:end_per_group
=logfile       ejabberd_suite.end_per_group.49027.html
=group_props   [{name,muc_change_affiliation},parallel]
=started       2025-03-24 17:17:14
=ended         2025-03-24 17:17:14
=result        ok
=elapsed       2.0e-6
=group_time    0.212s
=case          ejabberd_SUITE:init_per_group
=logfile       ejabberd_suite.init_per_group.49059.html
=group_props   [{name,muc_destroy},parallel]
=started       2025-03-24 17:17:14
=ended         2025-03-24 17:17:14
=result        ok
=elapsed       3.0e-6
=case          ejabberd_SUITE:muc_destroy_master
=logfile       ejabberd_suite.muc_destroy_master.49091.html
=started       2025-03-24 17:17:14
=ended         2025-03-24 17:17:14
=result        ok
=elapsed       0.12129
=case          ejabberd_SUITE:muc_destroy_slave
=logfile       ejabberd_suite.muc_destroy_slave.49123.html
=started       2025-03-24 17:17:14
=ended         2025-03-24 17:17:14
=result        ok
=elapsed       0.120215
=case          ejabberd_SUITE:end_per_group
=logfile       ejabberd_suite.end_per_group.49187.html
=group_props   [{name,muc_destroy},parallel]
=started       2025-03-24 17:17:14
=ended         2025-03-24 17:17:14
=result        ok
=elapsed       2.0e-6
=group_time    0.179s
=case          ejabberd_SUITE:init_per_group
=logfile       ejabberd_suite.init_per_group.49219.html
=group_props   [{name,muc_vcard},parallel]
=started       2025-03-24 17:17:14
=ended         2025-03-24 17:17:14
=result        ok
=elapsed       3.0e-6
=case          ejabberd_SUITE:muc_vcard_master
=logfile       ejabberd_suite.muc_vcard_master.49251.html
=started       2025-03-24 17:17:14
=ended         2025-03-24 17:17:14
=result        ok
=elapsed       0.132222
=case          ejabberd_SUITE:muc_vcard_slave
=logfile       ejabberd_suite.muc_vcard_slave.49283.html
=started       2025-03-24 17:17:14
=ended         2025-03-24 17:17:14
=result        ok
=elapsed       0.128044
=case          ejabberd_SUITE:end_per_group
=logfile       ejabberd_suite.end_per_group.49315.html
=group_props   [{name,muc_vcard},parallel]
=started       2025-03-24 17:17:14
=ended         2025-03-24 17:17:14
=result        ok
=elapsed       2.0e-6
=group_time    0.191s
=case          ejabberd_SUITE:init_per_group
=logfile       ejabberd_suite.init_per_group.49347.html
=group_props   [{name,muc_nick_change},parallel]
=started       2025-03-24 17:17:14
=ended         2025-03-24 17:17:14
=result        ok
=elapsed       3.0e-6
=case          ejabberd_SUITE:muc_nick_change_master
=logfile       ejabberd_suite.muc_nick_change_master.49379.html
=started       2025-03-24 17:17:14
=ended         2025-03-24 17:17:14
=result        ok
=elapsed       0.127221
=case          ejabberd_SUITE:muc_nick_change_slave
=logfile       ejabberd_suite.muc_nick_change_slave.47266.html
=started       2025-03-24 17:17:14
=ended         2025-03-24 17:17:14
=result        ok
=elapsed       0.12263
=case          ejabberd_SUITE:end_per_group
=logfile       ejabberd_suite.end_per_group.47362.html
=group_props   [{name,muc_nick_change},parallel]
=started       2025-03-24 17:17:14
=ended         2025-03-24 17:17:14
=result        ok
=elapsed       2.0e-6
=group_time    0.185s
=case          ejabberd_SUITE:init_per_group
=logfile       ejabberd_suite.init_per_group.47394.html
=group_props   [{name,muc_config_title_desc},parallel]
=started       2025-03-24 17:17:14
=ended         2025-03-24 17:17:14
=result        ok
=elapsed       4.0e-6
=case          ejabberd_SUITE:muc_config_title_desc_master
=logfile       ejabberd_suite.muc_config_title_desc_master.47426.html
=started       2025-03-24 17:17:14
=ended         2025-03-24 17:17:15
=result        ok
=elapsed       0.131716
=case          ejabberd_SUITE:muc_config_title_desc_slave
=logfile       ejabberd_suite.muc_config_title_desc_slave.47458.html
=started       2025-03-24 17:17:14
=ended         2025-03-24 17:17:15
=result        ok
=elapsed       0.120123
=case          ejabberd_SUITE:end_per_group
=logfile       ejabberd_suite.end_per_group.47554.html
=group_props   [{name,muc_config_title_desc},parallel]
=started       2025-03-24 17:17:15
=ended         2025-03-24 17:17:15
=result        ok
=elapsed       3.0e-6
=group_time    0.191s
=case          ejabberd_SUITE:init_per_group
=logfile       ejabberd_suite.init_per_group.28708.html
=group_props   [{name,muc_config_public_list},parallel]
=started       2025-03-24 17:17:15
=ended         2025-03-24 17:17:15
=result        ok
=elapsed       3.0e-6
=case          ejabberd_SUITE:muc_config_public_list_master
=logfile       ejabberd_suite.muc_config_public_list_master.28740.html
=started       2025-03-24 17:17:15
=ended         2025-03-24 17:17:15
=result        ok
=elapsed       0.136926
=case          ejabberd_SUITE:muc_config_public_list_slave
=logfile       ejabberd_suite.muc_config_public_list_slave.28772.html
=started       2025-03-24 17:17:15
=ended         2025-03-24 17:17:15
=result        ok
=elapsed       0.127171
=case          ejabberd_SUITE:end_per_group
=logfile       ejabberd_suite.end_per_group.28836.html
=group_props   [{name,muc_config_public_list},parallel]
=started       2025-03-24 17:17:15
=ended         2025-03-24 17:17:15
=result        ok
=elapsed       2.0e-6
=group_time    0.196s
=case          ejabberd_SUITE:init_per_group
=logfile       ejabberd_suite.init_per_group.28868.html
=group_props   [{name,muc_config_password},parallel]
=started       2025-03-24 17:17:15
=ended         2025-03-24 17:17:15
=result        ok
=elapsed       3.0e-6
=case          ejabberd_SUITE:muc_config_password_master
=logfile       ejabberd_suite.muc_config_password_master.28900.html
=started       2025-03-24 17:17:15
=ended         2025-03-24 17:17:15
=result        ok
=elapsed       0.144091
=case          ejabberd_SUITE:muc_config_password_slave
=logfile       ejabberd_suite.muc_config_password_slave.28932.html
=started       2025-03-24 17:17:15
=ended         2025-03-24 17:17:15
=result        ok
=elapsed       0.139272
=case          ejabberd_SUITE:end_per_group
=logfile       ejabberd_suite.end_per_group.29028.html
=group_props   [{name,muc_config_password},parallel]
=started       2025-03-24 17:17:15
=ended         2025-03-24 17:17:15
=result        ok
=elapsed       2.0e-6
=group_time    0.204s
=case          ejabberd_SUITE:init_per_group
=logfile       ejabberd_suite.init_per_group.49635.html
=group_props   [{name,muc_config_whois},parallel]
=started       2025-03-24 17:17:15
=ended         2025-03-24 17:17:15
=result        ok
=elapsed       3.0e-6
=case          ejabberd_SUITE:muc_config_whois_master
=logfile       ejabberd_suite.muc_config_whois_master.49667.html
=started       2025-03-24 17:17:15
=ended         2025-03-24 17:17:15
=result        ok
=elapsed       0.134754
=case          ejabberd_SUITE:muc_config_whois_slave
=logfile       ejabberd_suite.muc_config_whois_slave.49699.html
=started       2025-03-24 17:17:15
=ended         2025-03-24 17:17:15
=result        ok
=elapsed       0.129041
=case          ejabberd_SUITE:end_per_group
=logfile       ejabberd_suite.end_per_group.49795.html
=group_props   [{name,muc_config_whois},parallel]
=started       2025-03-24 17:17:15
=ended         2025-03-24 17:17:15
=result        ok
=elapsed       2.0e-6
=group_time    0.193s
=case          ejabberd_SUITE:init_per_group
=logfile       ejabberd_suite.init_per_group.49827.html
=group_props   [{name,muc_config_members_only},parallel]
=started       2025-03-24 17:17:15
=ended         2025-03-24 17:17:15
=result        ok
=elapsed       3.0e-6
=case          ejabberd_SUITE:muc_config_members_only_master
=logfile       ejabberd_suite.muc_config_members_only_master.49859.html
=started       2025-03-24 17:17:15
=ended         2025-03-24 17:17:15
=result        ok
=elapsed       0.137707
=case          ejabberd_SUITE:muc_config_members_only_slave
=logfile       ejabberd_suite.muc_config_members_only_slave.49891.html
=started       2025-03-24 17:17:15
=ended         2025-03-24 17:17:15
=result        ok
=elapsed       0.13356
=case          ejabberd_SUITE:end_per_group
=logfile       ejabberd_suite.end_per_group.49955.html
=group_props   [{name,muc_config_members_only},parallel]
=started       2025-03-24 17:17:15
=ended         2025-03-24 17:17:16
=result        ok
=elapsed       2.0e-6
=group_time    0.196s
=case          ejabberd_SUITE:init_per_group
=logfile       ejabberd_suite.init_per_group.49987.html
=group_props   [{name,muc_config_moderated},parallel]
=started       2025-03-24 17:17:16
=ended         2025-03-24 17:17:16
=result        ok
=elapsed       3.0e-6
=case          ejabberd_SUITE:muc_config_moderated_master
=logfile       ejabberd_suite.muc_config_moderated_master.50019.html
=started       2025-03-24 17:17:16
=ended         2025-03-24 17:17:16
=result        ok
=elapsed       0.13122
=case          ejabberd_SUITE:muc_config_moderated_slave
=logfile       ejabberd_suite.muc_config_moderated_slave.50051.html
=started       2025-03-24 17:17:16
=ended         2025-03-24 17:17:16
=result        ok
=elapsed       0.124581
=case          ejabberd_SUITE:end_per_group
=logfile       ejabberd_suite.end_per_group.50147.html
=group_props   [{name,muc_config_moderated},parallel]
=started       2025-03-24 17:17:16
=ended         2025-03-24 17:17:16
=result        ok
=elapsed       2.0e-6
=group_time    0.190s
=case          ejabberd_SUITE:init_per_group
=logfile       ejabberd_suite.init_per_group.29156.html
=group_props   [{name,muc_config_private_messages},parallel]
=started       2025-03-24 17:17:16
=ended         2025-03-24 17:17:16
=result        ok
=elapsed       3.0e-6
=case          ejabberd_SUITE:muc_config_private_messages_master
=logfile       ejabberd_suite.muc_config_private_messages_master.29188.html
=started       2025-03-24 17:17:16
=ended         2025-03-24 17:17:16
=result        ok
=elapsed       0.147292
=case          ejabberd_SUITE:muc_config_private_messages_slave
=logfile       ejabberd_suite.muc_config_private_messages_slave.29220.html
=started       2025-03-24 17:17:16
=ended         2025-03-24 17:17:16
=result        ok
=elapsed       0.138182
=case          ejabberd_SUITE:end_per_group
=logfile       ejabberd_suite.end_per_group.47970.html
=group_props   [{name,muc_config_private_messages},parallel]
=started       2025-03-24 17:17:16
=ended         2025-03-24 17:17:16
=result        ok
=elapsed       2.0e-6
=group_time    0.206s
=case          ejabberd_SUITE:init_per_group
=logfile       ejabberd_suite.init_per_group.48002.html
=group_props   [{name,muc_config_query},parallel]
=started       2025-03-24 17:17:16
=ended         2025-03-24 17:17:16
=result        ok
=elapsed       2.0e-6
=case          ejabberd_SUITE:muc_config_query_master
=logfile       ejabberd_suite.muc_config_query_master.48034.html
=started       2025-03-24 17:17:16
=ended         2025-03-24 17:17:16
=result        ok
=elapsed       0.173041
=case          ejabberd_SUITE:muc_config_query_slave
=logfile       ejabberd_suite.muc_config_query_slave.48066.html
=started       2025-03-24 17:17:16
=ended         2025-03-24 17:17:16
=result        ok
=elapsed       0.1649
=case          ejabberd_SUITE:end_per_group
=logfile       ejabberd_suite.end_per_group.48130.html
=group_props   [{name,muc_config_query},parallel]
=started       2025-03-24 17:17:16
=ended         2025-03-24 17:17:16
=result        ok
=elapsed       3.0e-6
=group_time    0.231s
=case          ejabberd_SUITE:init_per_group
=logfile       ejabberd_suite.init_per_group.48162.html
=group_props   [{name,muc_config_allow_invites},parallel]
=started       2025-03-24 17:17:16
=ended         2025-03-24 17:17:16
=result        ok
=elapsed       4.0e-6
=case          ejabberd_SUITE:muc_config_allow_invites_master
=logfile       ejabberd_suite.muc_config_allow_invites_master.48194.html
=started       2025-03-24 17:17:16
=ended         2025-03-24 17:17:16
=result        ok
=elapsed       0.14132
=case          ejabberd_SUITE:muc_config_allow_invites_slave
=logfile       ejabberd_suite.muc_config_allow_invites_slave.48226.html
=started       2025-03-24 17:17:16
=ended         2025-03-24 17:17:16
=result        ok
=elapsed       0.130324
=case          ejabberd_SUITE:end_per_group
=logfile       ejabberd_suite.end_per_group.48322.html
=group_props   [{name,muc_config_allow_invites},parallel]
=started       2025-03-24 17:17:16
=ended         2025-03-24 17:17:16
=result        ok
=elapsed       2.0e-6
=group_time    0.201s
=case          ejabberd_SUITE:init_per_group
=logfile       ejabberd_suite.init_per_group.48354.html
=group_props   [{name,muc_config_visitor_status},parallel]
=started       2025-03-24 17:17:16
=ended         2025-03-24 17:17:16
=result        ok
=elapsed       3.0e-6
=case          ejabberd_SUITE:muc_config_visitor_status_master
=logfile       ejabberd_suite.muc_config_visitor_status_master.48386.html
=started       2025-03-24 17:17:16
=ended         2025-03-24 17:17:17
=result        ok
=elapsed       0.130067
=case          ejabberd_SUITE:muc_config_visitor_status_slave
=logfile       ejabberd_suite.muc_config_visitor_status_slave.48418.html
=started       2025-03-24 17:17:16
=ended         2025-03-24 17:17:17
=result        ok
=elapsed       0.125327
=case          ejabberd_SUITE:end_per_group
=logfile       ejabberd_suite.end_per_group.48514.html
=group_props   [{name,muc_config_visitor_status},parallel]
=started       2025-03-24 17:17:17
=ended         2025-03-24 17:17:17
=result        ok
=elapsed       2.0e-6
=group_time    0.192s
=case          ejabberd_SUITE:init_per_group
=logfile       ejabberd_suite.init_per_group.48546.html
=group_props   [{name,muc_config_allow_voice_requests},parallel]
=started       2025-03-24 17:17:17
=ended         2025-03-24 17:17:17
=result        ok
=elapsed       3.0e-6
=case          ejabberd_SUITE:muc_config_allow_voice_requests_master
=logfile       ejabberd_suite.muc_config_allow_voice_requests_master.48578.html
=started       2025-03-24 17:17:17
=ended         2025-03-24 17:17:17
=result        ok
=elapsed       0.130662
=case          ejabberd_SUITE:muc_config_allow_voice_requests_slave
=logfile       ejabberd_suite.muc_config_allow_voice_requests_slave.48610.html
=started       2025-03-24 17:17:17
=ended         2025-03-24 17:17:17
=result        ok
=elapsed       0.123371
=case          ejabberd_SUITE:end_per_group
=logfile       ejabberd_suite.end_per_group.48802.html
=group_props   [{name,muc_config_allow_voice_requests},parallel]
=started       2025-03-24 17:17:17
=ended         2025-03-24 17:17:17
=result        ok
=elapsed       3.0e-6
=group_time    0.188s
=case          ejabberd_SUITE:init_per_group
=logfile       ejabberd_suite.init_per_group.48834.html
=group_props   [{name,muc_config_voice_request_interval},parallel]
=started       2025-03-24 17:17:17
=ended         2025-03-24 17:17:17
=result        ok
=elapsed       3.0e-6
=case          ejabberd_SUITE:muc_config_voice_request_interval_master
=logfile       ejabberd_suite.muc_config_voice_request_interval_master.48866.html
=started       2025-03-24 17:17:17
=ended         2025-03-24 17:17:22
=result        ok
=elapsed       5.213532
=case          ejabberd_SUITE:muc_config_voice_request_interval_slave
=logfile       ejabberd_suite.muc_config_voice_request_interval_slave.50403.html
=started       2025-03-24 17:17:17
=ended         2025-03-24 17:17:22
=result        ok
=elapsed       5.207811
=case          ejabberd_SUITE:end_per_group
=logfile       ejabberd_suite.end_per_group.50467.html
=group_props   [{name,muc_config_voice_request_interval},parallel]
=started       2025-03-24 17:17:22
=ended         2025-03-24 17:17:22
=result        ok
=elapsed       2.0e-6
=group_time    5.270s
=case          ejabberd_SUITE:init_per_group
=logfile       ejabberd_suite.init_per_group.50499.html
=group_props   [{name,muc_config_visitor_nickchange},parallel]
=started       2025-03-24 17:17:22
=ended         2025-03-24 17:17:22
=result        ok
=elapsed       4.0e-6
=case          ejabberd_SUITE:muc_config_visitor_nickchange_master
=logfile       ejabberd_suite.muc_config_visitor_nickchange_master.50531.html
=started       2025-03-24 17:17:22
=ended         2025-03-24 17:17:22
=result        ok
=elapsed       0.13205
=case          ejabberd_SUITE:muc_config_visitor_nickchange_slave
=logfile       ejabberd_suite.muc_config_visitor_nickchange_slave.50563.html
=started       2025-03-24 17:17:22
=ended         2025-03-24 17:17:22
=result        ok
=elapsed       0.127291
=case          ejabberd_SUITE:end_per_group
=logfile       ejabberd_suite.end_per_group.50627.html
=group_props   [{name,muc_config_visitor_nickchange},parallel]
=started       2025-03-24 17:17:22
=ended         2025-03-24 17:17:22
=result        ok
=elapsed       2.0e-6
=group_time    0.191s
=case          ejabberd_SUITE:init_per_group
=logfile       ejabberd_suite.init_per_group.50659.html
=group_props   [{name,muc_join_conflict},parallel]
=started       2025-03-24 17:17:22
=ended         2025-03-24 17:17:22
=result        ok
=elapsed       8.0e-6
=case          ejabberd_SUITE:muc_join_conflict_master
=logfile       ejabberd_suite.muc_join_conflict_master.50691.html
=started       2025-03-24 17:17:22
=ended         2025-03-24 17:17:23
=result        ok
=elapsed       0.118366
=case          ejabberd_SUITE:muc_join_conflict_slave
=logfile       ejabberd_suite.muc_join_conflict_slave.50723.html
=started       2025-03-24 17:17:22
=ended         2025-03-24 17:17:23
=result        ok
=elapsed       0.113103
=case          ejabberd_SUITE:end_per_group
=logfile       ejabberd_suite.end_per_group.49090.html
=group_props   [{name,muc_join_conflict},parallel]
=started       2025-03-24 17:17:23
=ended         2025-03-24 17:17:23
=result        ok
=elapsed       1.0e-6
=group_time    0.177s
=case          ejabberd_SUITE:end_per_group
=logfile       ejabberd_suite.end_per_group.49122.html
=group_props   [{name,muc_master_slave},sequence]
=started       2025-03-24 17:17:23
=ended         2025-03-24 17:17:23
=result        ok
=elapsed       1.0e-6
=group_time    11.778s
=case          ejabberd_SUITE:init_per_group
=logfile       ejabberd_suite.init_per_group.49154.html
=group_props   [{name,privacy_master_slave},sequence]
=started       2025-03-24 17:17:23
=ended         2025-03-24 17:17:23
=result        ok
=elapsed       6.0e-6
=case          ejabberd_SUITE:init_per_group
=logfile       ejabberd_suite.init_per_group.49186.html
=group_props   [{name,privacy_deny_bare_jid},parallel]
=started       2025-03-24 17:17:23
=ended         2025-03-24 17:17:23
=result        ok
=elapsed       2.0e-6
=case          ejabberd_SUITE:privacy_deny_bare_jid_master
=logfile       ejabberd_suite.privacy_deny_bare_jid_master.49218.html
=started       2025-03-24 17:17:23
=ended         2025-03-24 17:17:24
=result        ok
=elapsed       1.159453
=case          ejabberd_SUITE:privacy_deny_bare_jid_slave
=logfile       ejabberd_suite.privacy_deny_bare_jid_slave.49250.html
=started       2025-03-24 17:17:23
=ended         2025-03-24 17:17:24
=result        ok
=elapsed       1.158437
=case          ejabberd_SUITE:end_per_group
=logfile       ejabberd_suite.end_per_group.49314.html
=group_props   [{name,privacy_deny_bare_jid},parallel]
=started       2025-03-24 17:17:24
=ended         2025-03-24 17:17:24
=result        ok
=elapsed       2.0e-6
=group_time    1.217s
=case          ejabberd_SUITE:init_per_group
=logfile       ejabberd_suite.init_per_group.49346.html
=group_props   [{name,privacy_deny_full_jid},parallel]
=started       2025-03-24 17:17:24
=ended         2025-03-24 17:17:24
=result        ok
=elapsed       3.0e-6
=case          ejabberd_SUITE:privacy_deny_full_jid_master
=logfile       ejabberd_suite.privacy_deny_full_jid_master.49378.html
=started       2025-03-24 17:17:24
=ended         2025-03-24 17:17:25
=result        ok
=elapsed       1.172746
=case          ejabberd_SUITE:privacy_deny_full_jid_slave
=logfile       ejabberd_suite.privacy_deny_full_jid_slave.49410.html
=started       2025-03-24 17:17:24
=ended         2025-03-24 17:17:25
=result        ok
=elapsed       1.169686
=case          ejabberd_SUITE:end_per_group
=logfile       ejabberd_suite.end_per_group.49538.html
=group_props   [{name,privacy_deny_full_jid},parallel]
=started       2025-03-24 17:17:25
=ended         2025-03-24 17:17:25
=result        ok
=elapsed       2.0e-6
=group_time    1.229s
=case          ejabberd_SUITE:init_per_group
=logfile       ejabberd_suite.init_per_group.49570.html
=group_props   [{name,privacy_deny_server_bare_jid},parallel]
=started       2025-03-24 17:17:25
=ended         2025-03-24 17:17:25
=result        ok
=elapsed       3.0e-6
=case          ejabberd_SUITE:privacy_deny_server_bare_jid_master
=logfile       ejabberd_suite.privacy_deny_server_bare_jid_master.49602.html
=started       2025-03-24 17:17:25
=ended         2025-03-24 17:17:26
=result        ok
=elapsed       1.16162
=case          ejabberd_SUITE:privacy_deny_server_bare_jid_slave
=logfile       ejabberd_suite.privacy_deny_server_bare_jid_slave.49634.html
=started       2025-03-24 17:17:25
=ended         2025-03-24 17:17:26
=result        ok
=elapsed       1.159384
=case          ejabberd_SUITE:end_per_group
=logfile       ejabberd_suite.end_per_group.49762.html
=group_props   [{name,privacy_deny_server_bare_jid},parallel]
=started       2025-03-24 17:17:26
=ended         2025-03-24 17:17:26
=result        ok
=elapsed       2.0e-6
=group_time    1.220s
=case          ejabberd_SUITE:init_per_group
=logfile       ejabberd_suite.init_per_group.49794.html
=group_props   [{name,privacy_deny_server_full_jid},parallel]
=started       2025-03-24 17:17:26
=ended         2025-03-24 17:17:26
=result        ok
=elapsed       3.0e-6
=case          ejabberd_SUITE:privacy_deny_server_full_jid_master
=logfile       ejabberd_suite.privacy_deny_server_full_jid_master.49826.html
=started       2025-03-24 17:17:26
=ended         2025-03-24 17:17:28
=result        ok
=elapsed       1.159072
=case          ejabberd_SUITE:privacy_deny_server_full_jid_slave
=logfile       ejabberd_suite.privacy_deny_server_full_jid_slave.29828.html
=started       2025-03-24 17:17:26
=ended         2025-03-24 17:17:28
=result        ok
=elapsed       1.157573
=case          ejabberd_SUITE:end_per_group
=logfile       ejabberd_suite.end_per_group.29988.html
=group_props   [{name,privacy_deny_server_full_jid},parallel]
=started       2025-03-24 17:17:28
=ended         2025-03-24 17:17:28
=result        ok
=elapsed       3.0e-6
=group_time    1.217s
=case          ejabberd_SUITE:init_per_group
=logfile       ejabberd_suite.init_per_group.30020.html
=group_props   [{name,privacy_deny_group},parallel]
=started       2025-03-24 17:17:28
=ended         2025-03-24 17:17:28
=result        ok
=elapsed       3.0e-6
=case          ejabberd_SUITE:privacy_deny_group_master
=logfile       ejabberd_suite.privacy_deny_group_master.30052.html
=started       2025-03-24 17:17:28
=ended         2025-03-24 17:17:29
=result        ok
=elapsed       1.157371
=case          ejabberd_SUITE:privacy_deny_group_slave
=logfile       ejabberd_suite.privacy_deny_group_slave.30084.html
=started       2025-03-24 17:17:28
=ended         2025-03-24 17:17:29
=result        ok
=elapsed       1.154216
=case          ejabberd_SUITE:end_per_group
=logfile       ejabberd_suite.end_per_group.30148.html
=group_props   [{name,privacy_deny_group},parallel]
=started       2025-03-24 17:17:29
=ended         2025-03-24 17:17:29
=result        ok
=elapsed       2.0e-6
=group_time    1.215s
=case          ejabberd_SUITE:init_per_group
=logfile       ejabberd_suite.init_per_group.30180.html
=group_props   [{name,privacy_deny_sub_both},parallel]
=started       2025-03-24 17:17:29
=ended         2025-03-24 17:17:29
=result        ok
=elapsed       3.0e-6
=case          ejabberd_SUITE:privacy_deny_sub_both_master
=logfile       ejabberd_suite.privacy_deny_sub_both_master.30212.html
=started       2025-03-24 17:17:29
=ended         2025-03-24 17:17:30
=result        ok
=elapsed       1.164771
=case          ejabberd_SUITE:privacy_deny_sub_both_slave
=logfile       ejabberd_suite.privacy_deny_sub_both_slave.51075.html
=started       2025-03-24 17:17:29
=ended         2025-03-24 17:17:30
=result        ok
=elapsed       1.161501
=case          ejabberd_SUITE:end_per_group
=logfile       ejabberd_suite.end_per_group.51139.html
=group_props   [{name,privacy_deny_sub_both},parallel]
=started       2025-03-24 17:17:30
=ended         2025-03-24 17:17:30
=result        ok
=elapsed       2.0e-6
=group_time    1.222s
=case          ejabberd_SUITE:init_per_group
=logfile       ejabberd_suite.init_per_group.51171.html
=group_props   [{name,privacy_deny_sub_from},parallel]
=started       2025-03-24 17:17:30
=ended         2025-03-24 17:17:30
=result        ok
=elapsed       3.0e-6
=case          ejabberd_SUITE:privacy_deny_sub_from_master
=logfile       ejabberd_suite.privacy_deny_sub_from_master.51203.html
=started       2025-03-24 17:17:30
=ended         2025-03-24 17:17:31
=result        ok
=elapsed       1.163812
=case          ejabberd_SUITE:privacy_deny_sub_from_slave
=logfile       ejabberd_suite.privacy_deny_sub_from_slave.51235.html
=started       2025-03-24 17:17:30
=ended         2025-03-24 17:17:31
=result        ok
=elapsed       1.162565
=case          ejabberd_SUITE:end_per_group
=logfile       ejabberd_suite.end_per_group.51331.html
=group_props   [{name,privacy_deny_sub_from},parallel]
=started       2025-03-24 17:17:31
=ended         2025-03-24 17:17:31
=result        ok
=elapsed       2.0e-6
=group_time    1.222s
=case          ejabberd_SUITE:init_per_group
=logfile       ejabberd_suite.init_per_group.51363.html
=group_props   [{name,privacy_deny_sub_to},parallel]
=started       2025-03-24 17:17:31
=ended         2025-03-24 17:17:31
=result        ok
=elapsed       3.0e-6
=case          ejabberd_SUITE:privacy_deny_sub_to_master
=logfile       ejabberd_suite.privacy_deny_sub_to_master.51395.html
=started       2025-03-24 17:17:31
=ended         2025-03-24 17:17:33
=result        ok
=elapsed       1.166144
=case          ejabberd_SUITE:privacy_deny_sub_to_slave
=logfile       ejabberd_suite.privacy_deny_sub_to_slave.51427.html
=started       2025-03-24 17:17:31
=ended         2025-03-24 17:17:33
=result        ok
=elapsed       1.164929
=case          ejabberd_SUITE:end_per_group
=logfile       ejabberd_suite.end_per_group.50274.html
=group_props   [{name,privacy_deny_sub_to},parallel]
=started       2025-03-24 17:17:33
=ended         2025-03-24 17:17:33
=result        ok
=elapsed       2.0e-6
=group_time    1.223s
=case          ejabberd_SUITE:init_per_group
=logfile       ejabberd_suite.init_per_group.50306.html
=group_props   [{name,privacy_deny_sub_none},parallel]
=started       2025-03-24 17:17:33
=ended         2025-03-24 17:17:33
=result        ok
=elapsed       3.0e-6
=case          ejabberd_SUITE:privacy_deny_sub_none_master
=logfile       ejabberd_suite.privacy_deny_sub_none_master.50338.html
=started       2025-03-24 17:17:33
=ended         2025-03-24 17:17:34
=result        ok
=elapsed       1.168197
=case          ejabberd_SUITE:privacy_deny_sub_none_slave
=logfile       ejabberd_suite.privacy_deny_sub_none_slave.50370.html
=started       2025-03-24 17:17:33
=ended         2025-03-24 17:17:34
=result        ok
=elapsed       1.158898
=case          ejabberd_SUITE:end_per_group
=logfile       ejabberd_suite.end_per_group.50498.html
=group_props   [{name,privacy_deny_sub_none},parallel]
=started       2025-03-24 17:17:34
=ended         2025-03-24 17:17:34
=result        ok
=elapsed       2.0e-6
=group_time    1.225s
=case          ejabberd_SUITE:init_per_group
=logfile       ejabberd_suite.init_per_group.50530.html
=group_props   [{name,privacy_deny_all},parallel]
=started       2025-03-24 17:17:34
=ended         2025-03-24 17:17:34
=result        ok
=elapsed       3.0e-6
=case          ejabberd_SUITE:privacy_deny_all_master
=logfile       ejabberd_suite.privacy_deny_all_master.50562.html
=started       2025-03-24 17:17:34
=ended         2025-03-24 17:17:35
=result        ok
=elapsed       1.167043
=case          ejabberd_SUITE:privacy_deny_all_slave
=logfile       ejabberd_suite.privacy_deny_all_slave.50594.html
=started       2025-03-24 17:17:34
=ended         2025-03-24 17:17:35
=result        ok
=elapsed       1.165774
=case          ejabberd_SUITE:end_per_group
=logfile       ejabberd_suite.end_per_group.50722.html
=group_props   [{name,privacy_deny_all},parallel]
=started       2025-03-24 17:17:35
=ended         2025-03-24 17:17:35
=result        ok
=elapsed       2.0e-6
=group_time    1.227s
=case          ejabberd_SUITE:init_per_group
=logfile       ejabberd_suite.init_per_group.50754.html
=group_props   [{name,privacy_deny_offline},parallel]
=started       2025-03-24 17:17:35
=ended         2025-03-24 17:17:35
=result        ok
=elapsed       3.0e-6
=case          ejabberd_SUITE:privacy_deny_offline_master
=logfile       ejabberd_suite.privacy_deny_offline_master.50786.html
=started       2025-03-24 17:17:35
=ended         2025-03-24 17:17:35
=result        ok
=elapsed       0.249626
=case          ejabberd_SUITE:privacy_deny_offline_slave
=logfile       ejabberd_suite.privacy_deny_offline_slave.50818.html
=started       2025-03-24 17:17:35
=ended         2025-03-24 17:17:36
=result        ok
=elapsed       0.351505
=case          ejabberd_SUITE:end_per_group
=logfile       ejabberd_suite.end_per_group.50914.html
=group_props   [{name,privacy_deny_offline},parallel]
=started       2025-03-24 17:17:36
=ended         2025-03-24 17:17:36
=result        ok
=elapsed       2.0e-6
=group_time    0.408s
=case          ejabberd_SUITE:init_per_group
=logfile       ejabberd_suite.init_per_group.50946.html
=group_props   [{name,privacy_block},parallel]
=started       2025-03-24 17:17:36
=ended         2025-03-24 17:17:36
=result        ok
=elapsed       3.0e-6
=case          ejabberd_SUITE:privacy_block_master
=logfile       ejabberd_suite.privacy_block_master.50978.html
=started       2025-03-24 17:17:36
=ended         2025-03-24 17:17:36
=result        ok
=elapsed       0.434682
=case          ejabberd_SUITE:privacy_block_slave
=logfile       ejabberd_suite.privacy_block_slave.30532.html
=started       2025-03-24 17:17:36
=ended         2025-03-24 17:17:36
=result        ok
=elapsed       0.434309
=case          ejabberd_SUITE:end_per_group
=logfile       ejabberd_suite.end_per_group.51875.html
=group_props   [{name,privacy_block},parallel]
=started       2025-03-24 17:17:36
=ended         2025-03-24 17:17:36
=result        ok
=elapsed       2.0e-6
=group_time    0.493s
=case          ejabberd_SUITE:init_per_group
=logfile       ejabberd_suite.init_per_group.51907.html
=group_props   [{name,privacy_unblock},parallel]
=started       2025-03-24 17:17:36
=ended         2025-03-24 17:17:36
=result        ok
=elapsed       3.0e-6
=case          ejabberd_SUITE:privacy_unblock_master
=logfile       ejabberd_suite.privacy_unblock_master.51939.html
=started       2025-03-24 17:17:36
=ended         2025-03-24 17:17:36
=result        ok
=elapsed       0.202486
=case          ejabberd_SUITE:privacy_unblock_slave
=logfile       ejabberd_suite.privacy_unblock_slave.51971.html
=started       2025-03-24 17:17:36
=ended         2025-03-24 17:17:36
=result        ok
=elapsed       0.20151
=case          ejabberd_SUITE:end_per_group
=logfile       ejabberd_suite.end_per_group.52035.html
=group_props   [{name,privacy_unblock},parallel]
=started       2025-03-24 17:17:36
=ended         2025-03-24 17:17:36
=result        ok
=elapsed       2.0e-6
=group_time    0.260s
=case          ejabberd_SUITE:init_per_group
=logfile       ejabberd_suite.init_per_group.52067.html
=group_props   [{name,privacy_unblock_all},parallel]
=started       2025-03-24 17:17:36
=ended         2025-03-24 17:17:36
=result        ok
=elapsed       3.0e-6
=case          ejabberd_SUITE:privacy_unblock_all_master
=logfile       ejabberd_suite.privacy_unblock_all_master.52099.html
=started       2025-03-24 17:17:36
=ended         2025-03-24 17:17:37
=result        ok
=elapsed       0.203817
=case          ejabberd_SUITE:privacy_unblock_all_slave
=logfile       ejabberd_suite.privacy_unblock_all_slave.30692.html
=started       2025-03-24 17:17:36
=ended         2025-03-24 17:17:37
=result        ok
=elapsed       0.20302
=case          ejabberd_SUITE:end_per_group
=logfile       ejabberd_suite.end_per_group.30724.html
=group_props   [{name,privacy_unblock_all},parallel]
=started       2025-03-24 17:17:37
=ended         2025-03-24 17:17:37
=result        ok
=elapsed       2.0e-6
=group_time    0.261s
=case          ejabberd_SUITE:end_per_group
=logfile       ejabberd_suite.end_per_group.30756.html
=group_props   [{name,privacy_master_slave},sequence]
=started       2025-03-24 17:17:37
=ended         2025-03-24 17:17:37
=result        ok
=elapsed       2.0e-6
=group_time    14.016s
=case          ejabberd_SUITE:init_per_group
=logfile       ejabberd_suite.init_per_group.30788.html
=group_props   [{name,pubsub_master_slave},sequence]
=started       2025-03-24 17:17:37
=ended         2025-03-24 17:17:37
=result        ok
=elapsed       6.0e-6
=case          ejabberd_SUITE:init_per_group
=logfile       ejabberd_suite.init_per_group.30820.html
=group_props   [{name,pubsub_publish},parallel]
=started       2025-03-24 17:17:37
=ended         2025-03-24 17:17:37
=result        ok
=elapsed       2.0e-6
=case          ejabberd_SUITE:pubsub_publish_master
=logfile       ejabberd_suite.pubsub_publish_master.30852.html
=started       2025-03-24 17:17:37
=ended         2025-03-24 17:17:37
=result        ok
=elapsed       0.123498
=case          ejabberd_SUITE:pubsub_publish_slave
=logfile       ejabberd_suite.pubsub_publish_slave.30884.html
=started       2025-03-24 17:17:37
=ended         2025-03-24 17:17:37
=result        ok
=elapsed       0.123086
=case          ejabberd_SUITE:end_per_group
=logfile       ejabberd_suite.end_per_group.30948.html
=group_props   [{name,pubsub_publish},parallel]
=started       2025-03-24 17:17:37
=ended         2025-03-24 17:17:37
=result        ok
=elapsed       2.0e-6
=group_time    0.181s
=case          ejabberd_SUITE:init_per_group
=logfile       ejabberd_suite.init_per_group.51234.html
=group_props   [{name,pubsub_subscriptions},parallel]
=started       2025-03-24 17:17:37
=ended         2025-03-24 17:17:37
=result        ok
=elapsed       3.0e-6
=case          ejabberd_SUITE:pubsub_subscriptions_master
=logfile       ejabberd_suite.pubsub_subscriptions_master.51266.html
=started       2025-03-24 17:17:37
=ended         2025-03-24 17:17:37
=result        ok
=elapsed       0.189013
=case          ejabberd_SUITE:pubsub_subscriptions_slave
=logfile       ejabberd_suite.pubsub_subscriptions_slave.51298.html
=started       2025-03-24 17:17:37
=ended         2025-03-24 17:17:37
=result        ok
=elapsed       0.18438
=case          ejabberd_SUITE:end_per_group
=logfile       ejabberd_suite.end_per_group.51362.html
=group_props   [{name,pubsub_subscriptions},parallel]
=started       2025-03-24 17:17:37
=ended         2025-03-24 17:17:37
=result        ok
=elapsed       2.0e-6
=group_time    0.247s
=case          ejabberd_SUITE:init_per_group
=logfile       ejabberd_suite.init_per_group.51394.html
=group_props   [{name,pubsub_affiliations},parallel]
=started       2025-03-24 17:17:37
=ended         2025-03-24 17:17:37
=result        ok
=elapsed       3.0e-6
=case          ejabberd_SUITE:pubsub_affiliations_master
=logfile       ejabberd_suite.pubsub_affiliations_master.51426.html
=started       2025-03-24 17:17:37
=ended         2025-03-24 17:17:39
=result        ok
=elapsed       1.738785
=case          ejabberd_SUITE:pubsub_affiliations_slave
=logfile       ejabberd_suite.pubsub_affiliations_slave.51458.html
=started       2025-03-24 17:17:37
=ended         2025-03-24 17:17:39
=result        ok
=elapsed       1.75211
=case          ejabberd_SUITE:end_per_group
=logfile       ejabberd_suite.end_per_group.51554.html
=group_props   [{name,pubsub_affiliations},parallel]
=started       2025-03-24 17:17:39
=ended         2025-03-24 17:17:39
=result        ok
=elapsed       2.0e-6
=group_time    1.810s
=case          ejabberd_SUITE:init_per_group
=logfile       ejabberd_suite.init_per_group.51586.html
=group_props   [{name,pubsub_authorize},parallel]
=started       2025-03-24 17:17:39
=ended         2025-03-24 17:17:39
=result        ok
=elapsed       3.0e-6
=case          ejabberd_SUITE:pubsub_authorize_master
=logfile       ejabberd_suite.pubsub_authorize_master.51618.html
=started       2025-03-24 17:17:39
=ended         2025-03-24 17:17:39
=result        ok
=elapsed       0.217926
=case          ejabberd_SUITE:pubsub_authorize_slave
=logfile       ejabberd_suite.pubsub_authorize_slave.51650.html
=started       2025-03-24 17:17:39
=ended         2025-03-24 17:17:39
=result        ok
=elapsed       0.171938
=case          ejabberd_SUITE:end_per_group
=logfile       ejabberd_suite.end_per_group.51778.html
=group_props   [{name,pubsub_authorize},parallel]
=started       2025-03-24 17:17:39
=ended         2025-03-24 17:17:39
=result        ok
=elapsed       2.0e-6
=group_time    0.277s
=case          ejabberd_SUITE:end_per_group
=logfile       ejabberd_suite.end_per_group.31108.html
=group_props   [{name,pubsub_master_slave},sequence]
=started       2025-03-24 17:17:39
=ended         2025-03-24 17:17:39
=result        ok
=elapsed       2.0e-6
=group_time    2.639s
=case          ejabberd_SUITE:init_per_group
=logfile       ejabberd_suite.init_per_group.51810.html
=group_props   [{name,roster_master_slave},sequence]
=started       2025-03-24 17:17:39
=ended         2025-03-24 17:17:39
=result        ok
=elapsed       7.0e-6
=case          ejabberd_SUITE:init_per_group
=logfile       ejabberd_suite.init_per_group.51842.html
=group_props   [{name,roster_subscribe},parallel]
=started       2025-03-24 17:17:39
=ended         2025-03-24 17:17:39
=result        ok
=elapsed       3.0e-6
=case          ejabberd_SUITE:roster_subscribe_master
=logfile       ejabberd_suite.roster_subscribe_master.51874.html
=started       2025-03-24 17:17:39
=ended         2025-03-24 17:17:52
=result        ok
=elapsed       12.95619
=case          ejabberd_SUITE:roster_subscribe_slave
=logfile       ejabberd_suite.roster_subscribe_slave.51906.html
=started       2025-03-24 17:17:39
=ended         2025-03-24 17:17:52
=result        ok
=elapsed       12.956127
=case          ejabberd_SUITE:end_per_group
=logfile       ejabberd_suite.end_per_group.54339.html
=group_props   [{name,roster_subscribe},parallel]
=started       2025-03-24 17:17:52
=ended         2025-03-24 17:17:52
=result        ok
=elapsed       2.0e-6
=group_time    13.015s
=case          ejabberd_SUITE:end_per_group
=logfile       ejabberd_suite.end_per_group.54371.html
=group_props   [{name,roster_master_slave},sequence]
=started       2025-03-24 17:17:52
=ended         2025-03-24 17:17:52
=result        ok
=elapsed       1.0e-6
=group_time    13.065s
=case          ejabberd_SUITE:init_per_group
=logfile       ejabberd_suite.init_per_group.54403.html
=group_props   [{name,offline_master_slave},sequence]
=started       2025-03-24 17:17:52
=ended         2025-03-24 17:17:52
=result        ok
=elapsed       7.0e-6
=case          ejabberd_SUITE:init_per_group
=logfile       ejabberd_suite.init_per_group.54435.html
=group_props   [{name,offline_flex},parallel]
=started       2025-03-24 17:17:52
=ended         2025-03-24 17:17:52
=result        ok
=elapsed       2.0e-6
=case          ejabberd_SUITE:offline_flex_master
=logfile       ejabberd_suite.offline_flex_master.54467.html
=started       2025-03-24 17:17:52
=ended         2025-03-24 17:17:53
=result        ok
=elapsed       0.204571
=case          ejabberd_SUITE:offline_flex_slave
=logfile       ejabberd_suite.offline_flex_slave.54499.html
=started       2025-03-24 17:17:52
=ended         2025-03-24 17:17:53
=result        ok
=elapsed       0.36845
=case          ejabberd_SUITE:end_per_group
=logfile       ejabberd_suite.end_per_group.54627.html
=group_props   [{name,offline_flex},parallel]
=started       2025-03-24 17:17:53
=ended         2025-03-24 17:17:53
=result        ok
=elapsed       2.0e-6
=group_time    0.427s
=case          ejabberd_SUITE:init_per_group
=logfile       ejabberd_suite.init_per_group.54659.html
=group_props   [{name,offline_send_all},parallel]
=started       2025-03-24 17:17:53
=ended         2025-03-24 17:17:53
=result        ok
=elapsed       4.0e-6
=case          ejabberd_SUITE:offline_send_all_master
=logfile       ejabberd_suite.offline_send_all_master.54691.html
=started       2025-03-24 17:17:53
=ended         2025-03-24 17:18:07
=result        ok
=elapsed       13.728698
=case          ejabberd_SUITE:offline_send_all_slave
=logfile       ejabberd_suite.offline_send_all_slave.54723.html
=started       2025-03-24 17:17:53
=ended         2025-03-24 17:18:07
=result        ok
=elapsed       13.891426
=case          ejabberd_SUITE:end_per_group
=logfile       ejabberd_suite.end_per_group.53250.html
=group_props   [{name,offline_send_all},parallel]
=started       2025-03-24 17:18:07
=ended         2025-03-24 17:18:07
=result        ok
=elapsed       2.0e-6
=group_time    13.949s
=case          ejabberd_SUITE:init_per_group
=logfile       ejabberd_suite.init_per_group.53282.html
=group_props   [{name,offline_from_mam},parallel]
=started       2025-03-24 17:18:07
=ended         2025-03-24 17:18:07
=result        ok
=elapsed       3.0e-6
=case          ejabberd_SUITE:offline_from_mam_master
=logfile       ejabberd_suite.offline_from_mam_master.53314.html
=started       2025-03-24 17:18:07
=ended         2025-03-24 17:18:21
=result        ok
=elapsed       13.827038
=case          ejabberd_SUITE:offline_from_mam_slave
=logfile       ejabberd_suite.offline_from_mam_slave.53346.html
=started       2025-03-24 17:18:07
=ended         2025-03-24 17:18:21
=result        ok
=elapsed       14.046765
=case          ejabberd_SUITE:end_per_group
=logfile       ejabberd_suite.end_per_group.53410.html
=group_props   [{name,offline_from_mam},parallel]
=started       2025-03-24 17:18:21
=ended         2025-03-24 17:18:21
=result        ok
=elapsed       2.0e-6
=group_time    14.105s
=case          ejabberd_SUITE:init_per_group
=logfile       ejabberd_suite.init_per_group.53442.html
=group_props   [{name,offline_mucsub_mam},parallel]
=started       2025-03-24 17:18:21
=ended         2025-03-24 17:18:21
=result        ok
=elapsed       3.0e-6
=case          ejabberd_SUITE:offline_mucsub_mam_master
=logfile       ejabberd_suite.offline_mucsub_mam_master.53474.html
=started       2025-03-24 17:18:21
=ended         2025-03-24 17:18:21
=result        ok
=elapsed       0.261803
=case          ejabberd_SUITE:offline_mucsub_mam_slave
=logfile       ejabberd_suite.offline_mucsub_mam_slave.53506.html
=started       2025-03-24 17:18:21
=ended         2025-03-24 17:18:21
=result        ok
=elapsed       0.257008
=case          ejabberd_SUITE:end_per_group
=logfile       ejabberd_suite.end_per_group.53602.html
=group_props   [{name,offline_mucsub_mam},parallel]
=started       2025-03-24 17:18:21
=ended         2025-03-24 17:18:21
=result        ok
=elapsed       2.0e-6
=group_time    0.321s
=case          ejabberd_SUITE:end_per_group
=logfile       ejabberd_suite.end_per_group.53634.html
=group_props   [{name,offline_master_slave},sequence]
=started       2025-03-24 17:18:21
=ended         2025-03-24 17:18:21
=result        ok
=elapsed       2.0e-6
=group_time    28.928s
=case          ejabberd_SUITE:init_per_group
=logfile       ejabberd_suite.init_per_group.53666.html
=group_props   [{name,mam_master_slave},sequence]
=started       2025-03-24 17:18:21
=ended         2025-03-24 17:18:21
=result        ok
=elapsed       6.0e-6
=case          ejabberd_SUITE:init_per_group
=logfile       ejabberd_suite.init_per_group.53698.html
=group_props   [{name,mam_archived_and_stanza_id},parallel]
=started       2025-03-24 17:18:21
=ended         2025-03-24 17:18:21
=result        ok
=elapsed       3.0e-6
=case          ejabberd_SUITE:mam_archived_and_stanza_id_master
=logfile       ejabberd_suite.mam_archived_and_stanza_id_master.53730.html
=started       2025-03-24 17:18:21
=ended         2025-03-24 17:18:22
=result        ok
=elapsed       0.203426
=case          ejabberd_SUITE:mam_archived_and_stanza_id_slave
=logfile       ejabberd_suite.mam_archived_and_stanza_id_slave.53762.html
=started       2025-03-24 17:18:21
=ended         2025-03-24 17:18:22
=result        ok
=elapsed       0.206004
=case          ejabberd_SUITE:end_per_group
=logfile       ejabberd_suite.end_per_group.53890.html
=group_props   [{name,mam_archived_and_stanza_id},parallel]
=started       2025-03-24 17:18:22
=ended         2025-03-24 17:18:22
=result        ok
=elapsed       2.0e-6
=group_time    0.264s
=case          ejabberd_SUITE:init_per_group
=logfile       ejabberd_suite.init_per_group.53922.html
=group_props   [{name,mam_query_all},parallel]
=started       2025-03-24 17:18:22
=ended         2025-03-24 17:18:22
=result        ok
=elapsed       3.0e-6
=case          ejabberd_SUITE:mam_query_all_master
=logfile       ejabberd_suite.mam_query_all_master.53954.html
=started       2025-03-24 17:18:22
=ended         2025-03-24 17:18:22
=result        ok
=elapsed       0.185318
=case          ejabberd_SUITE:mam_query_all_slave
=logfile       ejabberd_suite.mam_query_all_slave.53986.html
=started       2025-03-24 17:18:22
=ended         2025-03-24 17:18:22
=result        ok
=elapsed       0.186606
=case          ejabberd_SUITE:end_per_group
=logfile       ejabberd_suite.end_per_group.32772.html
=group_props   [{name,mam_query_all},parallel]
=started       2025-03-24 17:18:22
=ended         2025-03-24 17:18:22
=result        ok
=elapsed       2.0e-6
=group_time    0.244s
=case          ejabberd_SUITE:init_per_group
=logfile       ejabberd_suite.init_per_group.32804.html
=group_props   [{name,mam_query_with},parallel]
=started       2025-03-24 17:18:22
=ended         2025-03-24 17:18:22
=result        ok
=elapsed       3.0e-6
=case          ejabberd_SUITE:mam_query_with_master
=logfile       ejabberd_suite.mam_query_with_master.32836.html
=started       2025-03-24 17:18:22
=ended         2025-03-24 17:18:22
=result        ok
=elapsed       0.212635
=case          ejabberd_SUITE:mam_query_with_slave
=logfile       ejabberd_suite.mam_query_with_slave.32868.html
=started       2025-03-24 17:18:22
=ended         2025-03-24 17:18:22
=result        ok
=elapsed       0.216819
=case          ejabberd_SUITE:end_per_group
=logfile       ejabberd_suite.end_per_group.32900.html
=group_props   [{name,mam_query_with},parallel]
=started       2025-03-24 17:18:22
=ended         2025-03-24 17:18:22
=result        ok
=elapsed       2.0e-6
=group_time    0.274s
=case          ejabberd_SUITE:init_per_group
=logfile       ejabberd_suite.init_per_group.54082.html
=group_props   [{name,mam_query_rsm_max},parallel]
=started       2025-03-24 17:18:22
=ended         2025-03-24 17:18:22
=result        ok
=elapsed       3.0e-6
=case          ejabberd_SUITE:mam_query_rsm_max_master
=logfile       ejabberd_suite.mam_query_rsm_max_master.54114.html
=started       2025-03-24 17:18:22
=ended         2025-03-24 17:18:23
=result        ok
=elapsed       0.286559
=case          ejabberd_SUITE:mam_query_rsm_max_slave
=logfile       ejabberd_suite.mam_query_rsm_max_slave.32932.html
=started       2025-03-24 17:18:22
=ended         2025-03-24 17:18:23
=result        ok
=elapsed       0.279503
=case          ejabberd_SUITE:end_per_group
=logfile       ejabberd_suite.end_per_group.54178.html
=group_props   [{name,mam_query_rsm_max},parallel]
=started       2025-03-24 17:18:23
=ended         2025-03-24 17:18:23
=result        ok
=elapsed       3.0e-6
=group_time    0.344s
=case          ejabberd_SUITE:init_per_group
=logfile       ejabberd_suite.init_per_group.54210.html
=group_props   [{name,mam_query_rsm_after},parallel]
=started       2025-03-24 17:18:23
=ended         2025-03-24 17:18:23
=result        ok
=elapsed       4.0e-6
=case          ejabberd_SUITE:mam_query_rsm_after_master
=logfile       ejabberd_suite.mam_query_rsm_after_master.54242.html
=started       2025-03-24 17:18:23
=ended         2025-03-24 17:18:23
=result        ok
=elapsed       0.256948
=case          ejabberd_SUITE:mam_query_rsm_after_slave
=logfile       ejabberd_suite.mam_query_rsm_after_slave.54274.html
=started       2025-03-24 17:18:23
=ended         2025-03-24 17:18:23
=result        ok
=elapsed       0.257644
=case          ejabberd_SUITE:end_per_group
=logfile       ejabberd_suite.end_per_group.54338.html
=group_props   [{name,mam_query_rsm_after},parallel]
=started       2025-03-24 17:18:23
=ended         2025-03-24 17:18:23
=result        ok
=elapsed       3.0e-6
=group_time    0.315s
=case          ejabberd_SUITE:init_per_group
=logfile       ejabberd_suite.init_per_group.32996.html
=group_props   [{name,mam_query_rsm_before},parallel]
=started       2025-03-24 17:18:23
=ended         2025-03-24 17:18:23
=result        ok
=elapsed       4.0e-6
=case          ejabberd_SUITE:mam_query_rsm_before_master
=logfile       ejabberd_suite.mam_query_rsm_before_master.33028.html
=started       2025-03-24 17:18:23
=ended         2025-03-24 17:18:23
=result        ok
=elapsed       0.27573
=case          ejabberd_SUITE:mam_query_rsm_before_slave
=logfile       ejabberd_suite.mam_query_rsm_before_slave.33060.html
=started       2025-03-24 17:18:23
=ended         2025-03-24 17:18:23
=result        ok
=elapsed       0.274619
=case          ejabberd_SUITE:end_per_group
=logfile       ejabberd_suite.end_per_group.33124.html
=group_props   [{name,mam_query_rsm_before},parallel]
=started       2025-03-24 17:18:23
=ended         2025-03-24 17:18:23
=result        ok
=elapsed       2.0e-6
=group_time    0.336s
=case          ejabberd_SUITE:init_per_group
=logfile       ejabberd_suite.init_per_group.33156.html
=group_props   [{name,mam_muc},parallel]
=started       2025-03-24 17:18:23
=ended         2025-03-24 17:18:23
=result        ok
=elapsed       3.0e-6
=case          ejabberd_SUITE:mam_muc_master
=logfile       ejabberd_suite.mam_muc_master.33188.html
=started       2025-03-24 17:18:23
=ended         2025-03-24 17:18:24
=result        ok
=elapsed       0.187805
=case          ejabberd_SUITE:mam_muc_slave
=logfile       ejabberd_suite.mam_muc_slave.54434.html
=started       2025-03-24 17:18:23
=ended         2025-03-24 17:18:24
=result        ok
=elapsed       0.179927
=case          ejabberd_SUITE:end_per_group
=logfile       ejabberd_suite.end_per_group.54594.html
=group_props   [{name,mam_muc},parallel]
=started       2025-03-24 17:18:24
=ended         2025-03-24 17:18:24
=result        ok
=elapsed       3.0e-6
=group_time    0.246s
=case          ejabberd_SUITE:init_per_group
=logfile       ejabberd_suite.init_per_group.54626.html
=group_props   [{name,mam_mucsub},parallel]
=started       2025-03-24 17:18:24
=ended         2025-03-24 17:18:24
=result        ok
=elapsed       3.0e-6
=case          ejabberd_SUITE:mam_mucsub_master
=logfile       ejabberd_suite.mam_mucsub_master.54658.html
=started       2025-03-24 17:18:24
=ended         2025-03-24 17:18:24
=result        ok
=elapsed       0.156219
=case          ejabberd_SUITE:mam_mucsub_slave
=logfile       ejabberd_suite.mam_mucsub_slave.55107.html
=started       2025-03-24 17:18:24
=ended         2025-03-24 17:18:24
=result        ok
=elapsed       0.150874
=case          ejabberd_SUITE:end_per_group
=logfile       ejabberd_suite.end_per_group.54722.html
=group_props   [{name,mam_mucsub},parallel]
=started       2025-03-24 17:18:24
=ended         2025-03-24 17:18:24
=result        ok
=elapsed       2.0e-6
=group_time    0.214s
=case          ejabberd_SUITE:init_per_group
=logfile       ejabberd_suite.init_per_group.54754.html
=group_props   [{name,mam_mucsub_from_muc},parallel]
=started       2025-03-24 17:18:24
=ended         2025-03-24 17:18:24
=result        ok
=elapsed       3.0e-6
=case          ejabberd_SUITE:mam_mucsub_from_muc_master
=logfile       ejabberd_suite.mam_mucsub_from_muc_master.54786.html
=started       2025-03-24 17:18:24
=ended         2025-03-24 17:18:24
=result        ok
=elapsed       0.155307
=case          ejabberd_SUITE:mam_mucsub_from_muc_slave
=logfile       ejabberd_suite.mam_mucsub_from_muc_slave.54818.html
=started       2025-03-24 17:18:24
=ended         2025-03-24 17:18:24
=result        ok
=elapsed       0.150435
=case          ejabberd_SUITE:end_per_group
=logfile       ejabberd_suite.end_per_group.54882.html
=group_props   [{name,mam_mucsub_from_muc},parallel]
=started       2025-03-24 17:18:24
=ended         2025-03-24 17:18:24
=result        ok
=elapsed       2.0e-6
=group_time    0.213s
=case          ejabberd_SUITE:init_per_group
=logfile       ejabberd_suite.init_per_group.55203.html
=group_props   [{name,mam_mucsub_from_muc_non_persistent},parallel]
=started       2025-03-24 17:18:24
=ended         2025-03-24 17:18:24
=result        ok
=elapsed       3.0e-6
=case          ejabberd_SUITE:mam_mucsub_from_muc_non_persistent_master
=logfile       ejabberd_suite.mam_mucsub_from_muc_non_persistent_master.55235.html
=started       2025-03-24 17:18:24
=ended         2025-03-24 17:18:24
=result        ok
=elapsed       0.148624
=case          ejabberd_SUITE:mam_mucsub_from_muc_non_persistent_slave
=logfile       ejabberd_suite.mam_mucsub_from_muc_non_persistent_slave.55267.html
=started       2025-03-24 17:18:24
=ended         2025-03-24 17:18:24
=result        ok
=elapsed       0.144584
=case          ejabberd_SUITE:end_per_group
=logfile       ejabberd_suite.end_per_group.55427.html
=group_props   [{name,mam_mucsub_from_muc_non_persistent},parallel]
=started       2025-03-24 17:18:24
=ended         2025-03-24 17:18:24
=result        ok
=elapsed       2.0e-6
=group_time    0.208s
=case          ejabberd_SUITE:end_per_group
=logfile       ejabberd_suite.end_per_group.55459.html
=group_props   [{name,mam_master_slave},sequence]
=started       2025-03-24 17:18:24
=ended         2025-03-24 17:18:24
=result        ok
=elapsed       2.0e-6
=group_time    2.932s
=case          ejabberd_SUITE:init_per_group
=logfile       ejabberd_suite.init_per_group.55491.html
=group_props   [{name,announce_master_slave},sequence]
=started       2025-03-24 17:18:24
=ended         2025-03-24 17:18:24
=result        ok
=elapsed       8.0e-6
=case          ejabberd_SUITE:init_per_group
=logfile       ejabberd_suite.init_per_group.55523.html
=group_props   [{name,announce_set_motd},parallel]
=started       2025-03-24 17:18:24
=ended         2025-03-24 17:18:24
=result        ok
=elapsed       3.0e-6
=case          ejabberd_SUITE:announce_set_motd_master
=logfile       ejabberd_suite.announce_set_motd_master.55555.html
=started       2025-03-24 17:18:24
=ended         2025-03-24 17:18:25
=result        ok
=elapsed       0.244354
=case          ejabberd_SUITE:announce_set_motd_slave
=logfile       ejabberd_suite.announce_set_motd_slave.55587.html
=started       2025-03-24 17:18:24
=ended         2025-03-24 17:18:25
=result        ok
=elapsed       0.244803
=case          ejabberd_SUITE:end_per_group
=logfile       ejabberd_suite.end_per_group.55715.html
=group_props   [{name,announce_set_motd},parallel]
=started       2025-03-24 17:18:25
=ended         2025-03-24 17:18:25
=result        ok
=elapsed       3.0e-6
=group_time    0.304s
=case          ejabberd_SUITE:end_per_group
=logfile       ejabberd_suite.end_per_group.55747.html
=group_props   [{name,announce_master_slave},sequence]
=started       2025-03-24 17:18:25
=ended         2025-03-24 17:18:25
=result        ok
=elapsed       2.0e-6
=group_time    0.353s
=case          ejabberd_SUITE:init_per_group
=logfile       ejabberd_suite.init_per_group.55779.html
=group_props   [{name,push_master_slave},sequence]
=started       2025-03-24 17:18:25
=ended         2025-03-24 17:18:25
=result        ok
=elapsed       8.0e-6
=case          ejabberd_SUITE:init_per_group
=logfile       ejabberd_suite.init_per_group.55811.html
=group_props   [{name,push_sm},parallel]
=started       2025-03-24 17:18:25
=ended         2025-03-24 17:18:25
=result        ok
=elapsed       3.0e-6
=case          ejabberd_SUITE:push_sm_master
=logfile       ejabberd_suite.push_sm_master.55843.html
=started       2025-03-24 17:18:25
=ended         2025-03-24 17:18:33
=result        ok
=elapsed       8.194771
=case          ejabberd_SUITE:push_sm_slave
=logfile       ejabberd_suite.push_sm_slave.55875.html
=started       2025-03-24 17:18:25
=ended         2025-03-24 17:18:25
=result        ok
=elapsed       0.088581
=case          ejabberd_SUITE:end_per_group
=logfile       ejabberd_suite.end_per_group.55971.html
=group_props   [{name,push_sm},parallel]
=started       2025-03-24 17:18:33
=ended         2025-03-24 17:18:33
=result        ok
=elapsed       2.0e-6
=group_time    8.252s
=case          ejabberd_SUITE:init_per_group
=logfile       ejabberd_suite.init_per_group.56003.html
=group_props   [{name,push_offline},parallel]
=started       2025-03-24 17:18:33
=ended         2025-03-24 17:18:33
=result        ok
=elapsed       3.0e-6
=case          ejabberd_SUITE:push_offline_master
=logfile       ejabberd_suite.push_offline_master.56035.html
=started       2025-03-24 17:18:33
=ended         2025-03-24 17:18:33
=result        ok
=elapsed       0.297826
=case          ejabberd_SUITE:push_offline_slave
=logfile       ejabberd_suite.push_offline_slave.56067.html
=started       2025-03-24 17:18:33
=ended         2025-03-24 17:18:33
=result        ok
=elapsed       0.148601
=case          ejabberd_SUITE:end_per_group
=logfile       ejabberd_suite.end_per_group.55074.html
=group_props   [{name,push_offline},parallel]
=started       2025-03-24 17:18:33
=ended         2025-03-24 17:18:33
=result        ok
=elapsed       2.0e-6
=group_time    0.356s
=case          ejabberd_SUITE:init_per_group
=logfile       ejabberd_suite.init_per_group.55106.html
=group_props   [{name,push_mam},parallel]
=started       2025-03-24 17:18:33
=ended         2025-03-24 17:18:33
=result        ok
=elapsed       3.0e-6
=case          ejabberd_SUITE:push_mam_master
=logfile       ejabberd_suite.push_mam_master.55138.html
=started       2025-03-24 17:18:33
=ended         2025-03-24 17:18:34
=result        ok
=elapsed       0.191757
=case          ejabberd_SUITE:push_mam_slave
=logfile       ejabberd_suite.push_mam_slave.55170.html
=started       2025-03-24 17:18:33
=ended         2025-03-24 17:18:34
=result        ok
=elapsed       0.303131
=case          ejabberd_SUITE:end_per_group
=logfile       ejabberd_suite.end_per_group.55234.html
=group_props   [{name,push_mam},parallel]
=started       2025-03-24 17:18:34
=ended         2025-03-24 17:18:34
=result        ok
=elapsed       2.0e-6
=group_time    0.361s
=case          ejabberd_SUITE:end_per_group
=logfile       ejabberd_suite.end_per_group.55266.html
=group_props   [{name,push_master_slave},sequence]
=started       2025-03-24 17:18:34
=ended         2025-03-24 17:18:34
=result        ok
=elapsed       2.0e-6
=group_time    9.069s
=case          ejabberd_SUITE:end_per_group
=logfile       ejabberd_suite.end_per_group.55298.html
=group_props   [{name,pgsql},sequence]
=started       2025-03-24 17:18:34
=ended         2025-03-24 17:18:34
=result        failed: {test_case_failed,
                           {failed_to_check_table_existence,pgsql,
                               {selected,[<<"exists">>],[[<<"f">>]]}}}, [{ejabberd_SUITE,
                                                                          end_per_group,
                                                                          196},
                                                                         {test_server,
                                                                          ts_tc,
                                                                          1529},
                                                                         {test_server,
                                                                          run_test_case_eval1,
                                                                          1130},
                                                                         {test_server,
                                                                          run_test_case_eval,
                                                                          977}]
=== *** FAILED {ejabberd_SUITE,end_per_group} ***
=group_time    103.945s
=case          ejabberd_SUITE:init_per_group
=logfile       ejabberd_suite.init_per_group.55330.html
=group_props   [{name,sqlite},sequence]
=started       2025-03-24 17:18:34
=ended         2025-03-24 17:18:34
=result        ok
=elapsed       3.55e-4
=case          ejabberd_SUITE:init_per_group
=logfile       ejabberd_suite.init_per_group.55362.html
=group_props   [{name,single_user},sequence]
=started       2025-03-24 17:18:34
=ended         2025-03-24 17:18:34
=result        ok
=elapsed       5.0e-6
=case          ejabberd_SUITE:test_register
=logfile       ejabberd_suite.test_register.55394.html
=started       2025-03-24 17:18:34
=ended         2025-03-24 17:18:34
=result        ok
=elapsed       0.009089
=case          ejabberd_SUITE:init_per_group
=logfile       ejabberd_suite.init_per_group.55426.html
=group_props   [{name,legacy_auth},parallel]
=started       2025-03-24 17:18:34
=ended         2025-03-24 17:18:34
=result        ok
=elapsed       3.0e-6
=case          ejabberd_SUITE:test_legacy_auth_feature
=logfile       ejabberd_suite.test_legacy_auth_feature.55458.html
=started       2025-03-24 17:18:34
=ended         2025-03-24 17:18:34
=result        ok
=elapsed       9.5e-4
=case          ejabberd_SUITE:test_legacy_auth
=logfile       ejabberd_suite.test_legacy_auth.55490.html
=started       2025-03-24 17:18:34
=ended         2025-03-24 17:18:34
=result        ok
=elapsed       0.117857
=case          ejabberd_SUITE:test_legacy_auth_digest
=logfile       ejabberd_suite.test_legacy_auth_digest.55522.html
=started       2025-03-24 17:18:34
=ended         2025-03-24 17:18:34
=result        ok
=elapsed       0.115067
=case          ejabberd_SUITE:test_legacy_auth_no_resource
=logfile       ejabberd_suite.test_legacy_auth_no_resource.55586.html
=started       2025-03-24 17:18:34
=ended         2025-03-24 17:18:34
=result        ok
=elapsed       0.002333
=case          ejabberd_SUITE:test_legacy_auth_bad_jid
=logfile       ejabberd_suite.test_legacy_auth_bad_jid.55554.html
=started       2025-03-24 17:18:34
=ended         2025-03-24 17:18:34
=result        ok
=elapsed       0.001632
=case          ejabberd_SUITE:test_legacy_auth_fail
=logfile       ejabberd_suite.test_legacy_auth_fail.55618.html
=started       2025-03-24 17:18:34
=ended         2025-03-24 17:18:34
=result        ok
=elapsed       0.008835
=case          ejabberd_SUITE:end_per_group
=logfile       ejabberd_suite.end_per_group.56291.html
=group_props   [{name,legacy_auth},parallel]
=started       2025-03-24 17:18:34
=ended         2025-03-24 17:18:34
=result        ok
=elapsed       2.0e-6
=group_time    0.176s
=case          ejabberd_SUITE:auth_plain
=logfile       ejabberd_suite.auth_plain.56323.html
=started       2025-03-24 17:18:34
=ended         2025-03-24 17:18:34
=result        ok
=elapsed       0.002002
=case          ejabberd_SUITE:auth_md5
=logfile       ejabberd_suite.auth_md5.56387.html
=started       2025-03-24 17:18:34
=ended         2025-03-24 17:18:34
=result        ok
=elapsed       0.002552
=case          ejabberd_SUITE:presence_broadcast
=logfile       ejabberd_suite.presence_broadcast.56419.html
=started       2025-03-24 17:18:34
=ended         2025-03-24 17:18:34
=result        ok
=elapsed       0.214598
=case          ejabberd_SUITE:last
=logfile       ejabberd_suite.last.56515.html
=started       2025-03-24 17:18:34
=ended         2025-03-24 17:18:35
=result        ok
=elapsed       0.106592
=case          ejabberd_SUITE:init_per_group
=logfile       ejabberd_suite.init_per_group.56579.html
=group_props   [{name,webadmin_single},sequence]
=started       2025-03-24 17:18:35
=ended         2025-03-24 17:18:35
=result        ok
=elapsed       3.0e-6
=case          ejabberd_SUITE:webadmin_login_page
=logfile       ejabberd_suite.webadmin_login_page.56611.html
=started       2025-03-24 17:18:35
=ended         2025-03-24 17:18:35
=result        ok
=elapsed       0.032291
=case          ejabberd_SUITE:webadmin_welcome_page
=logfile       ejabberd_suite.webadmin_welcome_page.56643.html
=started       2025-03-24 17:18:35
=ended         2025-03-24 17:18:35
=result        ok
=elapsed       0.040697
=case          ejabberd_SUITE:webadmin_user_page
=logfile       ejabberd_suite.webadmin_user_page.56675.html
=started       2025-03-24 17:18:35
=ended         2025-03-24 17:18:35
=result        ok
=elapsed       0.035906
=case          ejabberd_SUITE:webadmin_adduser
=logfile       ejabberd_suite.webadmin_adduser.56707.html
=started       2025-03-24 17:18:35
=ended         2025-03-24 17:18:35
=result        ok
=elapsed       0.041143
=case          ejabberd_SUITE:webadmin_changepassword
=logfile       ejabberd_suite.webadmin_changepassword.56739.html
=started       2025-03-24 17:18:35
=ended         2025-03-24 17:18:35
=result        ok
=elapsed       0.040926
=case          ejabberd_SUITE:webadmin_removeuser
=logfile       ejabberd_suite.webadmin_removeuser.56771.html
=started       2025-03-24 17:18:35
=ended         2025-03-24 17:18:35
=result        ok
=elapsed       0.036269
=case          ejabberd_SUITE:end_per_group
=logfile       ejabberd_suite.end_per_group.56803.html
=group_props   [{name,webadmin_single},sequence]
=started       2025-03-24 17:18:35
=ended         2025-03-24 17:18:35
=result        ok
=elapsed       2.0e-6
=group_time    0.399s
=case          ejabberd_SUITE:init_per_group
=logfile       ejabberd_suite.init_per_group.56835.html
=group_props   [{name,roster_single},sequence]
=started       2025-03-24 17:18:35
=ended         2025-03-24 17:18:35
=result        ok
=elapsed       3.0e-6
=case          ejabberd_SUITE:roster_feature_enabled
=logfile       ejabberd_suite.roster_feature_enabled.56867.html
=started       2025-03-24 17:18:35
=ended         2025-03-24 17:18:35
=result        ok
=elapsed       0.103087
=case          ejabberd_SUITE:roster_iq_set_many_items
=logfile       ejabberd_suite.roster_iq_set_many_items.55906.html
=started       2025-03-24 17:18:35
=ended         2025-03-24 17:18:35
=result        ok
=elapsed       0.105503
=case          ejabberd_SUITE:roster_iq_set_duplicated_groups
=logfile       ejabberd_suite.roster_iq_set_duplicated_groups.56002.html
=started       2025-03-24 17:18:35
=ended         2025-03-24 17:18:35
=result        ok
=elapsed       0.106658
=case          ejabberd_SUITE:roster_iq_get_item
=logfile       ejabberd_suite.roster_iq_get_item.56034.html
=started       2025-03-24 17:18:35
=ended         2025-03-24 17:18:36
=result        ok
=elapsed       0.104598
=case          ejabberd_SUITE:roster_iq_unexpected_element
=logfile       ejabberd_suite.roster_iq_unexpected_element.57059.html
=started       2025-03-24 17:18:36
=ended         2025-03-24 17:18:36
=result        ok
=elapsed       0.10564
=case          ejabberd_SUITE:roster_iq_set_ask
=logfile       ejabberd_suite.roster_iq_set_ask.57155.html
=started       2025-03-24 17:18:36
=ended         2025-03-24 17:18:36
=result        ok
=elapsed       0.104864
=case          ejabberd_SUITE:roster_set_item
=logfile       ejabberd_suite.roster_set_item.56066.html
=started       2025-03-24 17:18:36
=ended         2025-03-24 17:18:36
=result        ok
=elapsed       0.343595
=case          ejabberd_SUITE:roster_version
=logfile       ejabberd_suite.roster_version.56194.html
=started       2025-03-24 17:18:36
=ended         2025-03-24 17:18:36
=result        ok
=elapsed       0.158347
=case          ejabberd_SUITE:end_per_group
=logfile       ejabberd_suite.end_per_group.33540.html
=group_props   [{name,roster_single},sequence]
=started       2025-03-24 17:18:36
=ended         2025-03-24 17:18:36
=result        ok
=elapsed       2.0e-6
=group_time    1.408s
=case          ejabberd_SUITE:init_per_group
=logfile       ejabberd_suite.init_per_group.33572.html
=group_props   [{name,private_single},sequence]
=started       2025-03-24 17:18:36
=ended         2025-03-24 17:18:36
=result        ok
=elapsed       3.0e-6
=case          ejabberd_SUITE:private_test_features
=logfile       ejabberd_suite.private_test_features.33604.html
=started       2025-03-24 17:18:36
=ended         2025-03-24 17:18:37
=result        ok
=elapsed       0.105709
=case          ejabberd_SUITE:private_test_no_namespace
=logfile       ejabberd_suite.private_test_no_namespace.33668.html
=started       2025-03-24 17:18:37
=ended         2025-03-24 17:18:37
=result        ok
=elapsed       0.104886
=case          ejabberd_SUITE:private_test_set_get
=logfile       ejabberd_suite.private_test_set_get.33700.html
=started       2025-03-24 17:18:37
=ended         2025-03-24 17:18:37
=result        ok
=elapsed       0.151424
=case          ejabberd_SUITE:private_test_published
=logfile       ejabberd_suite.private_test_published.33764.html
=started       2025-03-24 17:18:37
=ended         2025-03-24 17:18:37
=result        ok
=elapsed       0.114246
=case          ejabberd_SUITE:end_per_group
=logfile       ejabberd_suite.end_per_group.33796.html
=group_props   [{name,private_single},sequence]
=started       2025-03-24 17:18:37
=ended         2025-03-24 17:18:37
=result        ok
=elapsed       2.0e-6
=group_time    0.628s
=case          ejabberd_SUITE:init_per_group
=logfile       ejabberd_suite.init_per_group.33828.html
=group_props   [{name,privacy_single},sequence]
=started       2025-03-24 17:18:37
=ended         2025-03-24 17:18:37
=result        ok
=elapsed       3.0e-6
=case          ejabberd_SUITE:privacy_feature_enabled
=logfile       ejabberd_suite.privacy_feature_enabled.33860.html
=started       2025-03-24 17:18:37
=ended         2025-03-24 17:18:37
=result        ok
=elapsed       0.105752
=case          ejabberd_SUITE:privacy_set_get_list
=logfile       ejabberd_suite.privacy_set_get_list.56450.html
=started       2025-03-24 17:18:37
=ended         2025-03-24 17:18:37
=result        ok
=elapsed       0.155873
=case          ejabberd_SUITE:privacy_get_list_non_existent
=logfile       ejabberd_suite.privacy_get_list_non_existent.33924.html
=started       2025-03-24 17:18:37
=ended         2025-03-24 17:18:38
=result        ok
=elapsed       0.104663
=case          ejabberd_SUITE:privacy_get_empty_lists
=logfile       ejabberd_suite.privacy_get_empty_lists.33988.html
=started       2025-03-24 17:18:38
=ended         2025-03-24 17:18:38
=result        ok
=elapsed       0.105024
=case          ejabberd_SUITE:privacy_set_default
=logfile       ejabberd_suite.privacy_set_default.34084.html
=started       2025-03-24 17:18:38
=ended         2025-03-24 17:18:38
=result        ok
=elapsed       0.154555
=case          ejabberd_SUITE:privacy_del_default
=logfile       ejabberd_suite.privacy_del_default.34180.html
=started       2025-03-24 17:18:38
=ended         2025-03-24 17:18:38
=result        ok
=elapsed       0.159273
=case          ejabberd_SUITE:privacy_set_default_non_existent
=logfile       ejabberd_suite.privacy_set_default_non_existent.34244.html
=started       2025-03-24 17:18:38
=ended         2025-03-24 17:18:38
=result        ok
=elapsed       0.105353
=case          ejabberd_SUITE:privacy_set_active
=logfile       ejabberd_suite.privacy_set_active.34308.html
=started       2025-03-24 17:18:38
=ended         2025-03-24 17:18:38
=result        ok
=elapsed       0.154936
=case          ejabberd_SUITE:privacy_del_active
=logfile       ejabberd_suite.privacy_del_active.57315.html
=started       2025-03-24 17:18:38
=ended         2025-03-24 17:18:39
=result        ok
=elapsed       0.154471
=case          ejabberd_SUITE:privacy_set_active_non_existent
=logfile       ejabberd_suite.privacy_set_active_non_existent.57347.html
=started       2025-03-24 17:18:39
=ended         2025-03-24 17:18:39
=result        ok
=elapsed       0.104813
=case          ejabberd_SUITE:privacy_remove_list
=logfile       ejabberd_suite.privacy_remove_list.57443.html
=started       2025-03-24 17:18:39
=ended         2025-03-24 17:18:39
=result        ok
=elapsed       0.154628
=case          ejabberd_SUITE:privacy_remove_default_list
=logfile       ejabberd_suite.privacy_remove_default_list.56706.html
=started       2025-03-24 17:18:39
=ended         2025-03-24 17:18:39
=result        ok
=elapsed       0.157845
=case          ejabberd_SUITE:privacy_remove_active_list
=logfile       ejabberd_suite.privacy_remove_active_list.56802.html
=started       2025-03-24 17:18:39
=ended         2025-03-24 17:18:39
=result        ok
=elapsed       0.154331
=case          ejabberd_SUITE:privacy_remove_list_non_existent
=logfile       ejabberd_suite.privacy_remove_list_non_existent.56898.html
=started       2025-03-24 17:18:39
=ended         2025-03-24 17:18:39
=result        ok
=elapsed       0.105671
=case          ejabberd_SUITE:privacy_allow_local_server
=logfile       ejabberd_suite.privacy_allow_local_server.56994.html
=started       2025-03-24 17:18:39
=ended         2025-03-24 17:18:40
=result        ok
=elapsed       0.199762
=case          ejabberd_SUITE:privacy_malformed_iq_query
=logfile       ejabberd_suite.privacy_malformed_iq_query.34404.html
=started       2025-03-24 17:18:40
=ended         2025-03-24 17:18:40
=result        ok
=elapsed       0.10543
=case          ejabberd_SUITE:privacy_malformed_get
=logfile       ejabberd_suite.privacy_malformed_get.57154.html
=started       2025-03-24 17:18:40
=ended         2025-03-24 17:18:40
=result        ok
=elapsed       0.109103
=case          ejabberd_SUITE:privacy_malformed_set
=logfile       ejabberd_suite.privacy_malformed_set.57250.html
=started       2025-03-24 17:18:40
=ended         2025-03-24 17:18:40
=result        ok
=elapsed       0.108178
=case          ejabberd_SUITE:privacy_malformed_type_value
=logfile       ejabberd_suite.privacy_malformed_type_value.57282.html
=started       2025-03-24 17:18:40
=ended         2025-03-24 17:18:40
=result        ok
=elapsed       0.106766
=case          ejabberd_SUITE:privacy_set_get_block
=logfile       ejabberd_suite.privacy_set_get_block.34532.html
=started       2025-03-24 17:18:40
=ended         2025-03-24 17:18:40
=result        ok
=elapsed       0.204001
=case          ejabberd_SUITE:end_per_group
=logfile       ejabberd_suite.end_per_group.34628.html
=group_props   [{name,privacy_single},sequence]
=started       2025-03-24 17:18:40
=ended         2025-03-24 17:18:40
=result        ok
=elapsed       2.0e-6
=group_time    3.369s
=case          ejabberd_SUITE:init_per_group
=logfile       ejabberd_suite.init_per_group.34660.html
=group_props   [{name,vcard_single},sequence]
=started       2025-03-24 17:18:40
=ended         2025-03-24 17:18:40
=result        ok
=elapsed       3.0e-6
=case          ejabberd_SUITE:vcard_feature_enabled
=logfile       ejabberd_suite.vcard_feature_enabled.34692.html
=started       2025-03-24 17:18:40
=ended         2025-03-24 17:18:41
=result        ok
=elapsed       0.10721
=case          ejabberd_SUITE:vcard_get_set
=logfile       ejabberd_suite.vcard_get_set.34756.html
=started       2025-03-24 17:18:41
=ended         2025-03-24 17:18:41
=result        ok
=elapsed       0.111438
=case          ejabberd_SUITE:vcard_service_vcard
=logfile       ejabberd_suite.vcard_service_vcard.34820.html
=started       2025-03-24 17:18:41
=ended         2025-03-24 17:18:41
=result        ok
=elapsed       0.106186
=case          ejabberd_SUITE:end_per_group
=logfile       ejabberd_suite.end_per_group.34884.html
=group_props   [{name,vcard_single},sequence]
=started       2025-03-24 17:18:41
=ended         2025-03-24 17:18:41
=result        ok
=elapsed       2.0e-6
=group_time    0.444s
=case          ejabberd_SUITE:init_per_group
=logfile       ejabberd_suite.init_per_group.34916.html
=group_props   [{name,pubsub_single},sequence]
=started       2025-03-24 17:18:41
=ended         2025-03-24 17:18:41
=result        ok
=elapsed       3.0e-6
=case          ejabberd_SUITE:pubsub_test_features
=logfile       ejabberd_suite.pubsub_test_features.34948.html
=started       2025-03-24 17:18:41
=ended         2025-03-24 17:18:41
=result        ok
=elapsed       0.104656
=case          ejabberd_SUITE:pubsub_test_vcard
=logfile       ejabberd_suite.pubsub_test_vcard.35044.html
=started       2025-03-24 17:18:41
=ended         2025-03-24 17:18:41
=result        ok
=elapsed       0.105726
=case          ejabberd_SUITE:pubsub_test_create
=logfile       ejabberd_suite.pubsub_test_create.35108.html
=started       2025-03-24 17:18:41
=ended         2025-03-24 17:18:41
=result        ok
=elapsed       0.109248
=case          ejabberd_SUITE:pubsub_test_configure
=logfile       ejabberd_suite.pubsub_test_configure.35204.html
=started       2025-03-24 17:18:41
=ended         2025-03-24 17:18:41
=result        ok
=elapsed       0.115681
=case          ejabberd_SUITE:pubsub_test_delete
=logfile       ejabberd_suite.pubsub_test_delete.35300.html
=started       2025-03-24 17:18:41
=ended         2025-03-24 17:18:42
=result        ok
=elapsed       0.107761
=case          ejabberd_SUITE:pubsub_test_get_affiliations
=logfile       ejabberd_suite.pubsub_test_get_affiliations.57506.html
=started       2025-03-24 17:18:42
=ended         2025-03-24 17:18:42
=result        ok
=elapsed       0.151179
=case          ejabberd_SUITE:pubsub_test_get_subscriptions
=logfile       ejabberd_suite.pubsub_test_get_subscriptions.57602.html
=started       2025-03-24 17:18:42
=ended         2025-03-24 17:18:42
=result        ok
=elapsed       0.173425
=case          ejabberd_SUITE:pubsub_test_create_instant
=logfile       ejabberd_suite.pubsub_test_create_instant.57666.html
=started       2025-03-24 17:18:42
=ended         2025-03-24 17:18:42
=result        ok
=elapsed       0.112543
=case          ejabberd_SUITE:pubsub_test_default
=logfile       ejabberd_suite.pubsub_test_default.57730.html
=started       2025-03-24 17:18:42
=ended         2025-03-24 17:18:42
=result        ok
=elapsed       0.105511
=case          ejabberd_SUITE:pubsub_test_create_configure
=logfile       ejabberd_suite.pubsub_test_create_configure.57826.html
=started       2025-03-24 17:18:42
=ended         2025-03-24 17:18:42
=result        ok
=elapsed       0.122273
=case          ejabberd_SUITE:pubsub_test_publish
=logfile       ejabberd_suite.pubsub_test_publish.57890.html
=started       2025-03-24 17:18:42
=ended         2025-03-24 17:18:43
=result        ok
=elapsed       0.117493
=case          ejabberd_SUITE:pubsub_test_auto_create
=logfile       ejabberd_suite.pubsub_test_auto_create.57954.html
=started       2025-03-24 17:18:43
=ended         2025-03-24 17:18:43
=result        ok
=elapsed       0.1157
=case          ejabberd_SUITE:pubsub_test_get_items
=logfile       ejabberd_suite.pubsub_test_get_items.58050.html
=started       2025-03-24 17:18:43
=ended         2025-03-24 17:18:43
=result        ok
=elapsed       0.133557
=case          ejabberd_SUITE:pubsub_test_delete_item
=logfile       ejabberd_suite.pubsub_test_delete_item.58114.html
=started       2025-03-24 17:18:43
=ended         2025-03-24 17:18:43
=result        ok
=elapsed       0.124205
=case          ejabberd_SUITE:pubsub_test_purge
=logfile       ejabberd_suite.pubsub_test_purge.58210.html
=started       2025-03-24 17:18:43
=ended         2025-03-24 17:18:43
=result        ok
=elapsed       0.140424
=case          ejabberd_SUITE:pubsub_test_subscribe
=logfile       ejabberd_suite.pubsub_test_subscribe.58274.html
=started       2025-03-24 17:18:43
=ended         2025-03-24 17:18:43
=result        ok
=elapsed       0.11732
=case          ejabberd_SUITE:pubsub_test_subscribe_max_item_1
=logfile       ejabberd_suite.pubsub_test_subscribe_max_item_1.58370.html
=started       2025-03-24 17:18:43
=ended         2025-03-24 17:18:44
=result        ok
=elapsed       0.1232
=case          ejabberd_SUITE:pubsub_test_unsubscribe
=logfile       ejabberd_suite.pubsub_test_unsubscribe.58466.html
=started       2025-03-24 17:18:44
=ended         2025-03-24 17:18:44
=result        ok
=elapsed       0.123425
=case          ejabberd_SUITE:end_per_group
=logfile       ejabberd_suite.end_per_group.58530.html
=group_props   [{name,pubsub_single},sequence]
=started       2025-03-24 17:18:44
=ended         2025-03-24 17:18:44
=result        ok
=elapsed       2.0e-6
=group_time    2.802s
=case          ejabberd_SUITE:init_per_group
=logfile       ejabberd_suite.init_per_group.58562.html
=group_props   [{name,muc_single},sequence]
=started       2025-03-24 17:18:44
=ended         2025-03-24 17:18:44
=result        ok
=elapsed       3.0e-6
=case          ejabberd_SUITE:muc_service_presence_error
=logfile       ejabberd_suite.muc_service_presence_error.58594.html
=started       2025-03-24 17:18:44
=ended         2025-03-24 17:18:44
=result        ok
=elapsed       0.194031
=case          ejabberd_SUITE:muc_service_message_error
=logfile       ejabberd_suite.muc_service_message_error.58658.html
=started       2025-03-24 17:18:44
=ended         2025-03-24 17:18:44
=result        ok
=elapsed       0.191789
=case          ejabberd_SUITE:muc_service_unknown_ns_iq_error
=logfile       ejabberd_suite.muc_service_unknown_ns_iq_error.35524.html
=started       2025-03-24 17:18:44
=ended         2025-03-24 17:18:44
=result        ok
=elapsed       0.191515
=case          ejabberd_SUITE:muc_service_iq_set_error
=logfile       ejabberd_suite.muc_service_iq_set_error.35556.html
=started       2025-03-24 17:18:44
=ended         2025-03-24 17:18:45
=result        ok
=elapsed       0.323626
=case          ejabberd_SUITE:muc_service_improper_iq_error
=logfile       ejabberd_suite.muc_service_improper_iq_error.35620.html
=started       2025-03-24 17:18:45
=ended         2025-03-24 17:18:45
=result        ok
=elapsed       0.278376
=case          ejabberd_SUITE:muc_service_features
=logfile       ejabberd_suite.muc_service_features.35652.html
=started       2025-03-24 17:18:45
=ended         2025-03-24 17:18:45
=result        ok
=elapsed       0.104113
=case          ejabberd_SUITE:muc_service_disco_info_node_error
=logfile       ejabberd_suite.muc_service_disco_info_node_error.35716.html
=started       2025-03-24 17:18:45
=ended         2025-03-24 17:18:45
=result        ok
=elapsed       0.104321
=case          ejabberd_SUITE:muc_service_disco_items
=logfile       ejabberd_suite.muc_service_disco_items.35748.html
=started       2025-03-24 17:18:45
=ended         2025-03-24 17:18:46
=result        ok
=elapsed       0.209881
=case          ejabberd_SUITE:muc_service_unique
=logfile       ejabberd_suite.muc_service_unique.35812.html
=started       2025-03-24 17:18:46
=ended         2025-03-24 17:18:46
=result        ok
=elapsed       0.104313
=case          ejabberd_SUITE:muc_service_vcard
=logfile       ejabberd_suite.muc_service_vcard.35876.html
=started       2025-03-24 17:18:46
=ended         2025-03-24 17:18:46
=result        ok
=elapsed       0.107164
=case          ejabberd_SUITE:muc_configure_non_existent
=logfile       ejabberd_suite.muc_configure_non_existent.35940.html
=started       2025-03-24 17:18:46
=ended         2025-03-24 17:18:46
=result        ok
=elapsed       0.111663
=case          ejabberd_SUITE:muc_cancel_configure_non_existent
=logfile       ejabberd_suite.muc_cancel_configure_non_existent.36004.html
=started       2025-03-24 17:18:46
=ended         2025-03-24 17:18:46
=result        ok
=elapsed       0.109168
=case          ejabberd_SUITE:muc_service_subscriptions
=logfile       ejabberd_suite.muc_service_subscriptions.59298.html
=started       2025-03-24 17:18:46
=ended         2025-03-24 17:18:46
=result        ok
=elapsed       0.266344
=case          ejabberd_SUITE:muc_set_room_affiliation
=logfile       ejabberd_suite.muc_set_room_affiliation.59394.html
=started       2025-03-24 17:18:46
=ended         2025-03-24 17:18:47
=result        ok
=elapsed       0.127986
=case          ejabberd_SUITE:end_per_group
=logfile       ejabberd_suite.end_per_group.59458.html
=group_props   [{name,muc_single},sequence]
=started       2025-03-24 17:18:47
=ended         2025-03-24 17:18:47
=result        ok
=elapsed       3.0e-6
=group_time    2.892s
=case          ejabberd_SUITE:init_per_group
=logfile       ejabberd_suite.init_per_group.14789.html
=group_props   [{name,offline_single},sequence]
=started       2025-03-24 17:18:47
=ended         2025-03-24 17:18:47
=result        ok
=elapsed       5.0e-6
=case          ejabberd_SUITE:offline_feature_enabled
=logfile       ejabberd_suite.offline_feature_enabled.14821.html
=started       2025-03-24 17:18:47
=ended         2025-03-24 17:18:47
=result        ok
=elapsed       0.106077
=case          ejabberd_SUITE:offline_check_identity
=logfile       ejabberd_suite.offline_check_identity.14853.html
=started       2025-03-24 17:18:47
=ended         2025-03-24 17:18:47
=result        ok
=elapsed       0.10492
=case          ejabberd_SUITE:offline_send_non_existent
=logfile       ejabberd_suite.offline_send_non_existent.14917.html
=started       2025-03-24 17:18:47
=ended         2025-03-24 17:18:47
=result        ok
=elapsed       0.105531
=case          ejabberd_SUITE:offline_view_non_existent
=logfile       ejabberd_suite.offline_view_non_existent.59554.html
=started       2025-03-24 17:18:47
=ended         2025-03-24 17:18:47
=result        ok
=elapsed       0.104468
=case          ejabberd_SUITE:offline_remove_non_existent
=logfile       ejabberd_suite.offline_remove_non_existent.59618.html
=started       2025-03-24 17:18:47
=ended         2025-03-24 17:18:47
=result        ok
=elapsed       0.104003
=case          ejabberd_SUITE:offline_view_non_integer
=logfile       ejabberd_suite.offline_view_non_integer.59682.html
=started       2025-03-24 17:18:47
=ended         2025-03-24 17:18:47
=result        ok
=elapsed       0.103943
=case          ejabberd_SUITE:offline_remove_non_integer
=logfile       ejabberd_suite.offline_remove_non_integer.15077.html
=started       2025-03-24 17:18:47
=ended         2025-03-24 17:18:48
=result        ok
=elapsed       0.104262
=case          ejabberd_SUITE:offline_malformed_iq
=logfile       ejabberd_suite.offline_malformed_iq.15173.html
=started       2025-03-24 17:18:48
=ended         2025-03-24 17:18:48
=result        ok
=elapsed       0.111665
=case          ejabberd_SUITE:offline_wrong_user
=logfile       ejabberd_suite.offline_wrong_user.15269.html
=started       2025-03-24 17:18:48
=ended         2025-03-24 17:18:48
=result        ok
=elapsed       0.117177
=case          ejabberd_SUITE:offline_unsupported_iq
=logfile       ejabberd_suite.offline_unsupported_iq.15365.html
=started       2025-03-24 17:18:48
=ended         2025-03-24 17:18:48
=result        ok
=elapsed       0.10569
=case          ejabberd_SUITE:end_per_group
=logfile       ejabberd_suite.end_per_group.15461.html
=group_props   [{name,offline_single},sequence]
=started       2025-03-24 17:18:48
=ended         2025-03-24 17:18:48
=result        ok
=elapsed       2.0e-6
=group_time    1.413s
=case          ejabberd_SUITE:init_per_group
=logfile       ejabberd_suite.init_per_group.15493.html
=group_props   [{name,mam_single},sequence]
=started       2025-03-24 17:18:48
=ended         2025-03-24 17:18:48
=result        ok
=elapsed       3.0e-6
=case          ejabberd_SUITE:mam_feature_enabled
=logfile       ejabberd_suite.mam_feature_enabled.15525.html
=started       2025-03-24 17:18:48
=ended         2025-03-24 17:18:48
=result        ok
=elapsed       0.108768
=case          ejabberd_SUITE:mam_get_set_prefs
=logfile       ejabberd_suite.mam_get_set_prefs.15589.html
=started       2025-03-24 17:18:48
=ended         2025-03-24 17:18:50
=result        ok
=elapsed       1.896057
=case          ejabberd_SUITE:mam_get_form
=logfile       ejabberd_suite.mam_get_form.15621.html
=started       2025-03-24 17:18:50
=ended         2025-03-24 17:18:50
=result        ok
=elapsed       0.10894
=case          ejabberd_SUITE:mam_fake_by
=logfile       ejabberd_suite.mam_fake_by.59874.html
=started       2025-03-24 17:18:50
=ended         2025-03-24 17:18:50
=result        ok
=elapsed       0.105677
=case          ejabberd_SUITE:end_per_group
=logfile       ejabberd_suite.end_per_group.59970.html
=group_props   [{name,mam_single},sequence]
=started       2025-03-24 17:18:50
=ended         2025-03-24 17:18:50
=result        ok
=elapsed       2.0e-6
=group_time    2.374s
=case          ejabberd_SUITE:init_per_group
=logfile       ejabberd_suite.init_per_group.15717.html
=group_props   [{name,push_single},sequence]
=started       2025-03-24 17:18:50
=ended         2025-03-24 17:18:51
=result        ok
=elapsed       3.0e-6
=case          ejabberd_SUITE:push_feature_enabled
=logfile       ejabberd_suite.push_feature_enabled.15749.html
=started       2025-03-24 17:18:51
=ended         2025-03-24 17:18:51
=result        ok
=elapsed       0.104745
=case          ejabberd_SUITE:push_unsupported_iq
=logfile       ejabberd_suite.push_unsupported_iq.15845.html
=started       2025-03-24 17:18:51
=ended         2025-03-24 17:18:51
=result        ok
=elapsed       0.105279
=case          ejabberd_SUITE:end_per_group
=logfile       ejabberd_suite.end_per_group.15941.html
=group_props   [{name,push_single},sequence]
=started       2025-03-24 17:18:51
=ended         2025-03-24 17:18:51
=result        ok
=elapsed       3.0e-6
=group_time    0.298s
=case          ejabberd_SUITE:test_unregister
=logfile       ejabberd_suite.test_unregister.15973.html
=started       2025-03-24 17:18:51
=ended         2025-03-24 17:18:51
=result        ok
=elapsed       0.012483
=case          ejabberd_SUITE:end_per_group
=logfile       ejabberd_suite.end_per_group.16037.html
=group_props   [{name,single_user},sequence]
=started       2025-03-24 17:18:51
=ended         2025-03-24 17:18:51
=result        ok
=elapsed       3.0e-6
=group_time    17.022s
=case          ejabberd_SUITE:init_per_group
=logfile       ejabberd_suite.init_per_group.16069.html
=group_props   [{name,muc_master_slave},sequence]
=started       2025-03-24 17:18:51
=ended         2025-03-24 17:18:51
=result        ok
=elapsed       8.0e-6
=case          ejabberd_SUITE:init_per_group
=logfile       ejabberd_suite.init_per_group.16101.html
=group_props   [{name,muc_register},parallel]
=started       2025-03-24 17:18:51
=ended         2025-03-24 17:18:51
=result        ok
=elapsed       3.0e-6
=case          ejabberd_SUITE:muc_register_master
=logfile       ejabberd_suite.muc_register_master.16133.html
=started       2025-03-24 17:18:51
=ended         2025-03-24 17:18:51
=result        ok
=elapsed       0.130099
=case          ejabberd_SUITE:muc_register_slave
=logfile       ejabberd_suite.muc_register_slave.16165.html
=started       2025-03-24 17:18:51
=ended         2025-03-24 17:18:51
=result        ok
=elapsed       0.120512
=case          ejabberd_SUITE:end_per_group
=logfile       ejabberd_suite.end_per_group.16261.html
=group_props   [{name,muc_register},parallel]
=started       2025-03-24 17:18:51
=ended         2025-03-24 17:18:51
=result        ok
=elapsed       2.0e-6
=group_time    0.194s
=case          ejabberd_SUITE:init_per_group
=logfile       ejabberd_suite.init_per_group.16293.html
=group_props   [{name,muc_groupchat_msg},parallel]
=started       2025-03-24 17:18:51
=ended         2025-03-24 17:18:51
=result        ok
=elapsed       3.0e-6
=case          ejabberd_SUITE:muc_groupchat_msg_master
=logfile       ejabberd_suite.muc_groupchat_msg_master.16325.html
=started       2025-03-24 17:18:51
=ended         2025-03-24 17:18:51
=result        ok
=elapsed       0.136022
=case          ejabberd_SUITE:muc_groupchat_msg_slave
=logfile       ejabberd_suite.muc_groupchat_msg_slave.16357.html
=started       2025-03-24 17:18:51
=ended         2025-03-24 17:18:51
=result        ok
=elapsed       0.128835
=case          ejabberd_SUITE:end_per_group
=logfile       ejabberd_suite.end_per_group.16453.html
=group_props   [{name,muc_groupchat_msg},parallel]
=started       2025-03-24 17:18:51
=ended         2025-03-24 17:18:51
=result        ok
=elapsed       2.0e-6
=group_time    0.196s
=case          ejabberd_SUITE:init_per_group
=logfile       ejabberd_suite.init_per_group.16485.html
=group_props   [{name,muc_private_msg},parallel]
=started       2025-03-24 17:18:51
=ended         2025-03-24 17:18:51
=result        ok
=elapsed       3.0e-6
=case          ejabberd_SUITE:muc_private_msg_master
=logfile       ejabberd_suite.muc_private_msg_master.16517.html
=started       2025-03-24 17:18:51
=ended         2025-03-24 17:18:52
=result        ok
=elapsed       0.175353
=case          ejabberd_SUITE:muc_private_msg_slave
=logfile       ejabberd_suite.muc_private_msg_slave.16549.html
=started       2025-03-24 17:18:51
=ended         2025-03-24 17:18:52
=result        ok
=elapsed       0.167075
=case          ejabberd_SUITE:end_per_group
=logfile       ejabberd_suite.end_per_group.36548.html
=group_props   [{name,muc_private_msg},parallel]
=started       2025-03-24 17:18:52
=ended         2025-03-24 17:18:52
=result        ok
=elapsed       2.0e-6
=group_time    0.236s
=case          ejabberd_SUITE:init_per_group
=logfile       ejabberd_suite.init_per_group.36580.html
=group_props   [{name,muc_set_subject},parallel]
=started       2025-03-24 17:18:52
=ended         2025-03-24 17:18:52
=result        ok
=elapsed       4.0e-6
=case          ejabberd_SUITE:muc_set_subject_master
=logfile       ejabberd_suite.muc_set_subject_master.36612.html
=started       2025-03-24 17:18:52
=ended         2025-03-24 17:18:52
=result        ok
=elapsed       0.15384
=case          ejabberd_SUITE:muc_set_subject_slave
=logfile       ejabberd_suite.muc_set_subject_slave.36644.html
=started       2025-03-24 17:18:52
=ended         2025-03-24 17:18:52
=result        ok
=elapsed       0.146658
=case          ejabberd_SUITE:end_per_group
=logfile       ejabberd_suite.end_per_group.36708.html
=group_props   [{name,muc_set_subject},parallel]
=started       2025-03-24 17:18:52
=ended         2025-03-24 17:18:52
=result        ok
=elapsed       2.0e-6
=group_time    0.214s
=case          ejabberd_SUITE:init_per_group
=logfile       ejabberd_suite.init_per_group.36740.html
=group_props   [{name,muc_history},parallel]
=started       2025-03-24 17:18:52
=ended         2025-03-24 17:18:52
=result        ok
=elapsed       3.0e-6
=case          ejabberd_SUITE:muc_history_master
=logfile       ejabberd_suite.muc_history_master.36772.html
=started       2025-03-24 17:18:52
=ended         2025-03-24 17:18:52
=result        ok
=elapsed       0.202424
=case          ejabberd_SUITE:muc_history_slave
=logfile       ejabberd_suite.muc_history_slave.36804.html
=started       2025-03-24 17:18:52
=ended         2025-03-24 17:18:52
=result        ok
=elapsed       0.194188
=case          ejabberd_SUITE:end_per_group
=logfile       ejabberd_suite.end_per_group.36900.html
=group_props   [{name,muc_history},parallel]
=started       2025-03-24 17:18:52
=ended         2025-03-24 17:18:52
=result        ok
=elapsed       3.0e-6
=group_time    0.262s
=case          ejabberd_SUITE:init_per_group
=logfile       ejabberd_suite.init_per_group.36932.html
=group_props   [{name,muc_invite},parallel]
=started       2025-03-24 17:18:52
=ended         2025-03-24 17:18:52
=result        ok
=elapsed       4.0e-6
=case          ejabberd_SUITE:muc_invite_master
=logfile       ejabberd_suite.muc_invite_master.36964.html
=started       2025-03-24 17:18:52
=ended         2025-03-24 17:18:52
=result        ok
=elapsed       0.127451
=case          ejabberd_SUITE:muc_invite_slave
=logfile       ejabberd_suite.muc_invite_slave.57571.html
=started       2025-03-24 17:18:52
=ended         2025-03-24 17:18:52
=result        ok
=elapsed       0.160648
=case          ejabberd_SUITE:end_per_group
=logfile       ejabberd_suite.end_per_group.57667.html
=group_props   [{name,muc_invite},parallel]
=started       2025-03-24 17:18:52
=ended         2025-03-24 17:18:52
=result        ok
=elapsed       2.0e-6
=group_time    0.222s
=case          ejabberd_SUITE:init_per_group
=logfile       ejabberd_suite.init_per_group.57699.html
=group_props   [{name,muc_invite_members_only},parallel]
=started       2025-03-24 17:18:52
=ended         2025-03-24 17:18:52
=result        ok
=elapsed       4.0e-6
=case          ejabberd_SUITE:muc_invite_members_only_master
=logfile       ejabberd_suite.muc_invite_members_only_master.57731.html
=started       2025-03-24 17:18:52
=ended         2025-03-24 17:18:53
=result        ok
=elapsed       0.13102
=case          ejabberd_SUITE:muc_invite_members_only_slave
=logfile       ejabberd_suite.muc_invite_members_only_slave.36996.html
=started       2025-03-24 17:18:52
=ended         2025-03-24 17:18:53
=result        ok
=elapsed       0.122784
=case          ejabberd_SUITE:end_per_group
=logfile       ejabberd_suite.end_per_group.37028.html
=group_props   [{name,muc_invite_members_only},parallel]
=started       2025-03-24 17:18:53
=ended         2025-03-24 17:18:53
=result        ok
=elapsed       2.0e-6
=group_time    0.200s
=case          ejabberd_SUITE:init_per_group
=logfile       ejabberd_suite.init_per_group.57795.html
=group_props   [{name,muc_invite_password_protected},parallel]
=started       2025-03-24 17:18:53
=ended         2025-03-24 17:18:53
=result        ok
=elapsed       3.0e-6
=case          ejabberd_SUITE:muc_invite_password_protected_master
=logfile       ejabberd_suite.muc_invite_password_protected_master.57827.html
=started       2025-03-24 17:18:53
=ended         2025-03-24 17:18:53
=result        ok
=elapsed       0.167554
=case          ejabberd_SUITE:muc_invite_password_protected_slave
=logfile       ejabberd_suite.muc_invite_password_protected_slave.57859.html
=started       2025-03-24 17:18:53
=ended         2025-03-24 17:18:53
=result        ok
=elapsed       0.120896
=case          ejabberd_SUITE:end_per_group
=logfile       ejabberd_suite.end_per_group.57923.html
=group_props   [{name,muc_invite_password_protected},parallel]
=started       2025-03-24 17:18:53
=ended         2025-03-24 17:18:53
=result        ok
=elapsed       2.0e-6
=group_time    0.228s
=case          ejabberd_SUITE:init_per_group
=logfile       ejabberd_suite.init_per_group.57955.html
=group_props   [{name,muc_voice_request},parallel]
=started       2025-03-24 17:18:53
=ended         2025-03-24 17:18:53
=result        ok
=elapsed       3.0e-6
=case          ejabberd_SUITE:muc_voice_request_master
=logfile       ejabberd_suite.muc_voice_request_master.57987.html
=started       2025-03-24 17:18:53
=ended         2025-03-24 17:18:53
=result        ok
=elapsed       0.136027
=case          ejabberd_SUITE:muc_voice_request_slave
=logfile       ejabberd_suite.muc_voice_request_slave.58019.html
=started       2025-03-24 17:18:53
=ended         2025-03-24 17:18:53
=result        ok
=elapsed       0.129263
=case          ejabberd_SUITE:end_per_group
=logfile       ejabberd_suite.end_per_group.58051.html
=group_props   [{name,muc_voice_request},parallel]
=started       2025-03-24 17:18:53
=ended         2025-03-24 17:18:53
=result        ok
=elapsed       3.0e-6
=group_time    0.197s
=case          ejabberd_SUITE:init_per_group
=logfile       ejabberd_suite.init_per_group.58083.html
=group_props   [{name,muc_change_role},parallel]
=started       2025-03-24 17:18:53
=ended         2025-03-24 17:18:53
=result        ok
=elapsed       3.0e-6
=case          ejabberd_SUITE:muc_change_role_master
=logfile       ejabberd_suite.muc_change_role_master.58115.html
=started       2025-03-24 17:18:53
=ended         2025-03-24 17:18:53
=result        ok
=elapsed       0.147042
=case          ejabberd_SUITE:muc_change_role_slave
=logfile       ejabberd_suite.muc_change_role_slave.58147.html
=started       2025-03-24 17:18:53
=ended         2025-03-24 17:18:53
=result        ok
=elapsed       0.140783
=case          ejabberd_SUITE:end_per_group
=logfile       ejabberd_suite.end_per_group.58243.html
=group_props   [{name,muc_change_role},parallel]
=started       2025-03-24 17:18:53
=ended         2025-03-24 17:18:53
=result        ok
=elapsed       2.0e-6
=group_time    0.207s
=case          ejabberd_SUITE:init_per_group
=logfile       ejabberd_suite.init_per_group.37060.html
=group_props   [{name,muc_kick},parallel]
=started       2025-03-24 17:18:53
=ended         2025-03-24 17:18:53
=result        ok
=elapsed       3.0e-6
=case          ejabberd_SUITE:muc_kick_master
=logfile       ejabberd_suite.muc_kick_master.37092.html
=started       2025-03-24 17:18:53
=ended         2025-03-24 17:18:54
=result        ok
=elapsed       0.135392
=case          ejabberd_SUITE:muc_kick_slave
=logfile       ejabberd_suite.muc_kick_slave.37124.html
=started       2025-03-24 17:18:53
=ended         2025-03-24 17:18:54
=result        ok
=elapsed       0.128675
=case          ejabberd_SUITE:end_per_group
=logfile       ejabberd_suite.end_per_group.60642.html
=group_props   [{name,muc_kick},parallel]
=started       2025-03-24 17:18:54
=ended         2025-03-24 17:18:54
=result        ok
=elapsed       3.0e-6
=group_time    0.196s
=case          ejabberd_SUITE:init_per_group
=logfile       ejabberd_suite.init_per_group.60674.html
=group_props   [{name,muc_change_affiliation},parallel]
=started       2025-03-24 17:18:54
=ended         2025-03-24 17:18:54
=result        ok
=elapsed       3.0e-6
=case          ejabberd_SUITE:muc_change_affiliation_master
=logfile       ejabberd_suite.muc_change_affiliation_master.60706.html
=started       2025-03-24 17:18:54
=ended         2025-03-24 17:18:54
=result        ok
=elapsed       0.159038
=case          ejabberd_SUITE:muc_change_affiliation_slave
=logfile       ejabberd_suite.muc_change_affiliation_slave.60738.html
=started       2025-03-24 17:18:54
=ended         2025-03-24 17:18:54
=result        ok
=elapsed       0.15156
=case          ejabberd_SUITE:end_per_group
=logfile       ejabberd_suite.end_per_group.60834.html
=group_props   [{name,muc_change_affiliation},parallel]
=started       2025-03-24 17:18:54
=ended         2025-03-24 17:18:54
=result        ok
=elapsed       2.0e-6
=group_time    0.220s
=case          ejabberd_SUITE:init_per_group
=logfile       ejabberd_suite.init_per_group.60866.html
=group_props   [{name,muc_destroy},parallel]
=started       2025-03-24 17:18:54
=ended         2025-03-24 17:18:54
=result        ok
=elapsed       3.0e-6
=case          ejabberd_SUITE:muc_destroy_master
=logfile       ejabberd_suite.muc_destroy_master.60898.html
=started       2025-03-24 17:18:54
=ended         2025-03-24 17:18:54
=result        ok
=elapsed       0.130299
=case          ejabberd_SUITE:muc_destroy_slave
=logfile       ejabberd_suite.muc_destroy_slave.60930.html
=started       2025-03-24 17:18:54
=ended         2025-03-24 17:18:54
=result        ok
=elapsed       0.13055
=case          ejabberd_SUITE:end_per_group
=logfile       ejabberd_suite.end_per_group.60994.html
=group_props   [{name,muc_destroy},parallel]
=started       2025-03-24 17:18:54
=ended         2025-03-24 17:18:54
=result        ok
=elapsed       3.0e-6
=group_time    0.192s
=case          ejabberd_SUITE:init_per_group
=logfile       ejabberd_suite.init_per_group.61026.html
=group_props   [{name,muc_vcard},parallel]
=started       2025-03-24 17:18:54
=ended         2025-03-24 17:18:54
=result        ok
=elapsed       4.0e-6
=case          ejabberd_SUITE:muc_vcard_master
=logfile       ejabberd_suite.muc_vcard_master.61058.html
=started       2025-03-24 17:18:54
=ended         2025-03-24 17:18:54
=result        ok
=elapsed       0.137452
=case          ejabberd_SUITE:muc_vcard_slave
=logfile       ejabberd_suite.muc_vcard_slave.61090.html
=started       2025-03-24 17:18:54
=ended         2025-03-24 17:18:54
=result        ok
=elapsed       0.13075
=case          ejabberd_SUITE:end_per_group
=logfile       ejabberd_suite.end_per_group.61186.html
=group_props   [{name,muc_vcard},parallel]
=started       2025-03-24 17:18:54
=ended         2025-03-24 17:18:54
=result        ok
=elapsed       2.0e-6
=group_time    0.198s
=case          ejabberd_SUITE:init_per_group
=logfile       ejabberd_suite.init_per_group.61218.html
=group_props   [{name,muc_nick_change},parallel]
=started       2025-03-24 17:18:54
=ended         2025-03-24 17:18:54
=result        ok
=elapsed       3.0e-6
=case          ejabberd_SUITE:muc_nick_change_master
=logfile       ejabberd_suite.muc_nick_change_master.61250.html
=started       2025-03-24 17:18:54
=ended         2025-03-24 17:18:54
=result        ok
=elapsed       0.131071
=case          ejabberd_SUITE:muc_nick_change_slave
=logfile       ejabberd_suite.muc_nick_change_slave.61282.html
=started       2025-03-24 17:18:54
=ended         2025-03-24 17:18:54
=result        ok
=elapsed       0.126804
=case          ejabberd_SUITE:end_per_group
=logfile       ejabberd_suite.end_per_group.61346.html
=group_props   [{name,muc_nick_change},parallel]
=started       2025-03-24 17:18:54
=ended         2025-03-24 17:18:54
=result        ok
=elapsed       3.0e-6
=group_time    0.192s
=case          ejabberd_SUITE:init_per_group
=logfile       ejabberd_suite.init_per_group.61378.html
=group_props   [{name,muc_config_title_desc},parallel]
=started       2025-03-24 17:18:54
=ended         2025-03-24 17:18:54
=result        ok
=elapsed       3.0e-6
=case          ejabberd_SUITE:muc_config_title_desc_master
=logfile       ejabberd_suite.muc_config_title_desc_master.61410.html
=started       2025-03-24 17:18:54
=ended         2025-03-24 17:18:55
=result        ok
=elapsed       0.136338
=case          ejabberd_SUITE:muc_config_title_desc_slave
=logfile       ejabberd_suite.muc_config_title_desc_slave.58307.html
=started       2025-03-24 17:18:54
=ended         2025-03-24 17:18:55
=result        ok
=elapsed       0.124955
=case          ejabberd_SUITE:end_per_group
=logfile       ejabberd_suite.end_per_group.58371.html
=group_props   [{name,muc_config_title_desc},parallel]
=started       2025-03-24 17:18:55
=ended         2025-03-24 17:18:55
=result        ok
=elapsed       2.0e-6
=group_time    0.198s
=case          ejabberd_SUITE:init_per_group
=logfile       ejabberd_suite.init_per_group.58403.html
=group_props   [{name,muc_config_public_list},parallel]
=started       2025-03-24 17:18:55
=ended         2025-03-24 17:18:55
=result        ok
=elapsed       3.0e-6
=case          ejabberd_SUITE:muc_config_public_list_master
=logfile       ejabberd_suite.muc_config_public_list_master.58435.html
=started       2025-03-24 17:18:55
=ended         2025-03-24 17:18:55
=result        ok
=elapsed       0.145618
=case          ejabberd_SUITE:muc_config_public_list_slave
=logfile       ejabberd_suite.muc_config_public_list_slave.58467.html
=started       2025-03-24 17:18:55
=ended         2025-03-24 17:18:55
=result        ok
=elapsed       0.134958
=case          ejabberd_SUITE:end_per_group
=logfile       ejabberd_suite.end_per_group.17285.html
=group_props   [{name,muc_config_public_list},parallel]
=started       2025-03-24 17:18:55
=ended         2025-03-24 17:18:55
=result        ok
=elapsed       2.0e-6
=group_time    0.206s
=case          ejabberd_SUITE:init_per_group
=logfile       ejabberd_suite.init_per_group.17317.html
=group_props   [{name,muc_config_password},parallel]
=started       2025-03-24 17:18:55
=ended         2025-03-24 17:18:55
=result        ok
=elapsed       4.0e-6
=case          ejabberd_SUITE:muc_config_password_master
=logfile       ejabberd_suite.muc_config_password_master.17349.html
=started       2025-03-24 17:18:55
=ended         2025-03-24 17:18:55
=result        ok
=elapsed       0.142148
=case          ejabberd_SUITE:muc_config_password_slave
=logfile       ejabberd_suite.muc_config_password_slave.17381.html
=started       2025-03-24 17:18:55
=ended         2025-03-24 17:18:55
=result        ok
=elapsed       0.136638
=case          ejabberd_SUITE:end_per_group
=logfile       ejabberd_suite.end_per_group.17509.html
=group_props   [{name,muc_config_password},parallel]
=started       2025-03-24 17:18:55
=ended         2025-03-24 17:18:55
=result        ok
=elapsed       2.0e-6
=group_time    0.203s
=case          ejabberd_SUITE:init_per_group
=logfile       ejabberd_suite.init_per_group.17541.html
=group_props   [{name,muc_config_whois},parallel]
=started       2025-03-24 17:18:55
=ended         2025-03-24 17:18:55
=result        ok
=elapsed       3.0e-6
=case          ejabberd_SUITE:muc_config_whois_master
=logfile       ejabberd_suite.muc_config_whois_master.17573.html
=started       2025-03-24 17:18:55
=ended         2025-03-24 17:18:55
=result        ok
=elapsed       0.146872
=case          ejabberd_SUITE:muc_config_whois_slave
=logfile       ejabberd_suite.muc_config_whois_slave.17605.html
=started       2025-03-24 17:18:55
=ended         2025-03-24 17:18:55
=result        ok
=elapsed       0.140458
=case          ejabberd_SUITE:end_per_group
=logfile       ejabberd_suite.end_per_group.17733.html
=group_props   [{name,muc_config_whois},parallel]
=started       2025-03-24 17:18:55
=ended         2025-03-24 17:18:55
=result        ok
=elapsed       3.0e-6
=group_time    0.207s
=case          ejabberd_SUITE:init_per_group
=logfile       ejabberd_suite.init_per_group.61602.html
=group_props   [{name,muc_config_members_only},parallel]
=started       2025-03-24 17:18:55
=ended         2025-03-24 17:18:55
=result        ok
=elapsed       4.0e-6
=case          ejabberd_SUITE:muc_config_members_only_master
=logfile       ejabberd_suite.muc_config_members_only_master.61634.html
=started       2025-03-24 17:18:55
=ended         2025-03-24 17:18:56
=result        ok
=elapsed       0.152439
=case          ejabberd_SUITE:muc_config_members_only_slave
=logfile       ejabberd_suite.muc_config_members_only_slave.61666.html
=started       2025-03-24 17:18:55
=ended         2025-03-24 17:18:56
=result        ok
=elapsed       0.146051
=case          ejabberd_SUITE:end_per_group
=logfile       ejabberd_suite.end_per_group.61794.html
=group_props   [{name,muc_config_members_only},parallel]
=started       2025-03-24 17:18:56
=ended         2025-03-24 17:18:56
=result        ok
=elapsed       2.0e-6
=group_time    0.212s
=case          ejabberd_SUITE:init_per_group
=logfile       ejabberd_suite.init_per_group.61826.html
=group_props   [{name,muc_config_moderated},parallel]
=started       2025-03-24 17:18:56
=ended         2025-03-24 17:18:56
=result        ok
=elapsed       4.0e-6
=case          ejabberd_SUITE:muc_config_moderated_master
=logfile       ejabberd_suite.muc_config_moderated_master.61858.html
=started       2025-03-24 17:18:56
=ended         2025-03-24 17:18:56
=result        ok
=elapsed       0.139269
=case          ejabberd_SUITE:muc_config_moderated_slave
=logfile       ejabberd_suite.muc_config_moderated_slave.17829.html
=started       2025-03-24 17:18:56
=ended         2025-03-24 17:18:56
=result        ok
=elapsed       0.131295
=case          ejabberd_SUITE:end_per_group
=logfile       ejabberd_suite.end_per_group.61986.html
=group_props   [{name,muc_config_moderated},parallel]
=started       2025-03-24 17:18:56
=ended         2025-03-24 17:18:56
=result        ok
=elapsed       2.0e-6
=group_time    0.200s
=case          ejabberd_SUITE:init_per_group
=logfile       ejabberd_suite.init_per_group.62018.html
=group_props   [{name,muc_config_private_messages},parallel]
=started       2025-03-24 17:18:56
=ended         2025-03-24 17:18:56
=result        ok
=elapsed       3.0e-6
=case          ejabberd_SUITE:muc_config_private_messages_master
=logfile       ejabberd_suite.muc_config_private_messages_master.62050.html
=started       2025-03-24 17:18:56
=ended         2025-03-24 17:18:56
=result        ok
=elapsed       0.156036
=case          ejabberd_SUITE:muc_config_private_messages_slave
=logfile       ejabberd_suite.muc_config_private_messages_slave.62082.html
=started       2025-03-24 17:18:56
=ended         2025-03-24 17:18:56
=result        ok
=elapsed       0.148882
=case          ejabberd_SUITE:end_per_group
=logfile       ejabberd_suite.end_per_group.62178.html
=group_props   [{name,muc_config_private_messages},parallel]
=started       2025-03-24 17:18:56
=ended         2025-03-24 17:18:56
=result        ok
=elapsed       3.0e-6
=group_time    0.216s
=case          ejabberd_SUITE:init_per_group
=logfile       ejabberd_suite.init_per_group.62210.html
=group_props   [{name,muc_config_query},parallel]
=started       2025-03-24 17:18:56
=ended         2025-03-24 17:18:56
=result        ok
=elapsed       4.0e-6
=case          ejabberd_SUITE:muc_config_query_master
=logfile       ejabberd_suite.muc_config_query_master.62242.html
=started       2025-03-24 17:18:56
=ended         2025-03-24 17:18:56
=result        ok
=elapsed       0.178073
=case          ejabberd_SUITE:muc_config_query_slave
=logfile       ejabberd_suite.muc_config_query_slave.62274.html
=started       2025-03-24 17:18:56
=ended         2025-03-24 17:18:56
=result        ok
=elapsed       0.172513
=case          ejabberd_SUITE:end_per_group
=logfile       ejabberd_suite.end_per_group.18117.html
=group_props   [{name,muc_config_query},parallel]
=started       2025-03-24 17:18:56
=ended         2025-03-24 17:18:56
=result        ok
=elapsed       2.0e-6
=group_time    0.240s
=case          ejabberd_SUITE:init_per_group
=logfile       ejabberd_suite.init_per_group.18149.html
=group_props   [{name,muc_config_allow_invites},parallel]
=started       2025-03-24 17:18:56
=ended         2025-03-24 17:18:56
=result        ok
=elapsed       4.0e-6
=case          ejabberd_SUITE:muc_config_allow_invites_master
=logfile       ejabberd_suite.muc_config_allow_invites_master.18181.html
=started       2025-03-24 17:18:56
=ended         2025-03-24 17:18:57
=result        ok
=elapsed       0.142189
=case          ejabberd_SUITE:muc_config_allow_invites_slave
=logfile       ejabberd_suite.muc_config_allow_invites_slave.18213.html
=started       2025-03-24 17:18:56
=ended         2025-03-24 17:18:57
=result        ok
=elapsed       0.136088
=case          ejabberd_SUITE:end_per_group
=logfile       ejabberd_suite.end_per_group.18309.html
=group_props   [{name,muc_config_allow_invites},parallel]
=started       2025-03-24 17:18:57
=ended         2025-03-24 17:18:57
=result        ok
=elapsed       2.0e-6
=group_time    0.205s
=case          ejabberd_SUITE:init_per_group
=logfile       ejabberd_suite.init_per_group.18341.html
=group_props   [{name,muc_config_visitor_status},parallel]
=started       2025-03-24 17:18:57
=ended         2025-03-24 17:18:57
=result        ok
=elapsed       3.0e-6
=case          ejabberd_SUITE:muc_config_visitor_status_master
=logfile       ejabberd_suite.muc_config_visitor_status_master.18373.html
=started       2025-03-24 17:18:57
=ended         2025-03-24 17:18:57
=result        ok
=elapsed       0.149771
=case          ejabberd_SUITE:muc_config_visitor_status_slave
=logfile       ejabberd_suite.muc_config_visitor_status_slave.62434.html
=started       2025-03-24 17:18:57
=ended         2025-03-24 17:18:57
=result        ok
=elapsed       0.144115
=case          ejabberd_SUITE:end_per_group
=logfile       ejabberd_suite.end_per_group.18501.html
=group_props   [{name,muc_config_visitor_status},parallel]
=started       2025-03-24 17:18:57
=ended         2025-03-24 17:18:57
=result        ok
=elapsed       3.0e-6
=group_time    0.210s
=case          ejabberd_SUITE:init_per_group
=logfile       ejabberd_suite.init_per_group.18533.html
=group_props   [{name,muc_config_allow_voice_requests},parallel]
=started       2025-03-24 17:18:57
=ended         2025-03-24 17:18:57
=result        ok
=elapsed       4.0e-6
=case          ejabberd_SUITE:muc_config_allow_voice_requests_master
=logfile       ejabberd_suite.muc_config_allow_voice_requests_master.18565.html
=started       2025-03-24 17:18:57
=ended         2025-03-24 17:18:57
=result        ok
=elapsed       0.136848
=case          ejabberd_SUITE:muc_config_allow_voice_requests_slave
=logfile       ejabberd_suite.muc_config_allow_voice_requests_slave.18597.html
=started       2025-03-24 17:18:57
=ended         2025-03-24 17:18:57
=result        ok
=elapsed       0.130339
=case          ejabberd_SUITE:end_per_group
=logfile       ejabberd_suite.end_per_group.18661.html
=group_props   [{name,muc_config_allow_voice_requests},parallel]
=started       2025-03-24 17:18:57
=ended         2025-03-24 17:18:57
=result        ok
=elapsed       2.0e-6
=group_time    0.197s
=case          ejabberd_SUITE:init_per_group
=logfile       ejabberd_suite.init_per_group.18693.html
=group_props   [{name,muc_config_voice_request_interval},parallel]
=started       2025-03-24 17:18:57
=ended         2025-03-24 17:18:57
=result        ok
=elapsed       3.0e-6
=case          ejabberd_SUITE:muc_config_voice_request_interval_master
=logfile       ejabberd_suite.muc_config_voice_request_interval_master.18725.html
=started       2025-03-24 17:18:57
=ended         2025-03-24 17:19:02
=result        ok
=elapsed       5.21989
=case          ejabberd_SUITE:muc_config_voice_request_interval_slave
=logfile       ejabberd_suite.muc_config_voice_request_interval_slave.18757.html
=started       2025-03-24 17:18:57
=ended         2025-03-24 17:19:02
=result        ok
=elapsed       5.213427
=case          ejabberd_SUITE:end_per_group
=logfile       ejabberd_suite.end_per_group.18885.html
=group_props   [{name,muc_config_voice_request_interval},parallel]
=started       2025-03-24 17:19:02
=ended         2025-03-24 17:19:02
=result        ok
=elapsed       2.0e-6
=group_time    5.280s
=case          ejabberd_SUITE:init_per_group
=logfile       ejabberd_suite.init_per_group.18917.html
=group_props   [{name,muc_config_visitor_nickchange},parallel]
=started       2025-03-24 17:19:02
=ended         2025-03-24 17:19:02
=result        ok
=elapsed       3.0e-6
=case          ejabberd_SUITE:muc_config_visitor_nickchange_master
=logfile       ejabberd_suite.muc_config_visitor_nickchange_master.18949.html
=started       2025-03-24 17:19:02
=ended         2025-03-24 17:19:03
=result        ok
=elapsed       0.147917
=case          ejabberd_SUITE:muc_config_visitor_nickchange_slave
=logfile       ejabberd_suite.muc_config_visitor_nickchange_slave.18981.html
=started       2025-03-24 17:19:02
=ended         2025-03-24 17:19:03
=result        ok
=elapsed       0.138444
=case          ejabberd_SUITE:end_per_group
=logfile       ejabberd_suite.end_per_group.19077.html
=group_props   [{name,muc_config_visitor_nickchange},parallel]
=started       2025-03-24 17:19:03
=ended         2025-03-24 17:19:03
=result        ok
=elapsed       2.0e-6
=group_time    0.210s
=case          ejabberd_SUITE:init_per_group
=logfile       ejabberd_suite.init_per_group.37732.html
=group_props   [{name,muc_join_conflict},parallel]
=started       2025-03-24 17:19:03
=ended         2025-03-24 17:19:03
=result        ok
=elapsed       3.0e-6
=case          ejabberd_SUITE:muc_join_conflict_master
=logfile       ejabberd_suite.muc_join_conflict_master.37764.html
=started       2025-03-24 17:19:03
=ended         2025-03-24 17:19:03
=result        ok
=elapsed       0.124532
=case          ejabberd_SUITE:muc_join_conflict_slave
=logfile       ejabberd_suite.muc_join_conflict_slave.37796.html
=started       2025-03-24 17:19:03
=ended         2025-03-24 17:19:03
=result        ok
=elapsed       0.11726
=case          ejabberd_SUITE:end_per_group
=logfile       ejabberd_suite.end_per_group.37860.html
=group_props   [{name,muc_join_conflict},parallel]
=started       2025-03-24 17:19:03
=ended         2025-03-24 17:19:03
=result        ok
=elapsed       2.0e-6
=group_time    0.187s
=case          ejabberd_SUITE:end_per_group
=logfile       ejabberd_suite.end_per_group.37892.html
=group_props   [{name,muc_master_slave},sequence]
=started       2025-03-24 17:19:03
=ended         2025-03-24 17:19:03
=result        ok
=elapsed       1.0e-6
=group_time    11.877s
=case          ejabberd_SUITE:init_per_group
=logfile       ejabberd_suite.init_per_group.37924.html
=group_props   [{name,privacy_master_slave},sequence]
=started       2025-03-24 17:19:03
=ended         2025-03-24 17:19:03
=result        ok
=elapsed       6.0e-6
=case          ejabberd_SUITE:init_per_group
=logfile       ejabberd_suite.init_per_group.37956.html
=group_props   [{name,privacy_deny_bare_jid},parallel]
=started       2025-03-24 17:19:03
=ended         2025-03-24 17:19:03
=result        ok
=elapsed       2.0e-6
=case          ejabberd_SUITE:privacy_deny_bare_jid_master
=logfile       ejabberd_suite.privacy_deny_bare_jid_master.37988.html
=started       2025-03-24 17:19:03
=ended         2025-03-24 17:19:04
=result        ok
=elapsed       1.166196
=case          ejabberd_SUITE:privacy_deny_bare_jid_slave
=logfile       ejabberd_suite.privacy_deny_bare_jid_slave.38020.html
=started       2025-03-24 17:19:03
=ended         2025-03-24 17:19:04
=result        ok
=elapsed       1.164088
=case          ejabberd_SUITE:end_per_group
=logfile       ejabberd_suite.end_per_group.58691.html
=group_props   [{name,privacy_deny_bare_jid},parallel]
=started       2025-03-24 17:19:04
=ended         2025-03-24 17:19:04
=result        ok
=elapsed       2.0e-6
=group_time    1.225s
=case          ejabberd_SUITE:init_per_group
=logfile       ejabberd_suite.init_per_group.58723.html
=group_props   [{name,privacy_deny_full_jid},parallel]
=started       2025-03-24 17:19:04
=ended         2025-03-24 17:19:04
=result        ok
=elapsed       3.0e-6
=case          ejabberd_SUITE:privacy_deny_full_jid_master
=logfile       ejabberd_suite.privacy_deny_full_jid_master.58755.html
=started       2025-03-24 17:19:04
=ended         2025-03-24 17:19:05
=result        ok
=elapsed       1.1635
=case          ejabberd_SUITE:privacy_deny_full_jid_slave
=logfile       ejabberd_suite.privacy_deny_full_jid_slave.58787.html
=started       2025-03-24 17:19:04
=ended         2025-03-24 17:19:05
=result        ok
=elapsed       1.160893
=case          ejabberd_SUITE:end_per_group
=logfile       ejabberd_suite.end_per_group.58851.html
=group_props   [{name,privacy_deny_full_jid},parallel]
=started       2025-03-24 17:19:05
=ended         2025-03-24 17:19:05
=result        ok
=elapsed       2.0e-6
=group_time    1.222s
=case          ejabberd_SUITE:init_per_group
=logfile       ejabberd_suite.init_per_group.58883.html
=group_props   [{name,privacy_deny_server_bare_jid},parallel]
=started       2025-03-24 17:19:05
=ended         2025-03-24 17:19:05
=result        ok
=elapsed       4.0e-6
=case          ejabberd_SUITE:privacy_deny_server_bare_jid_master
=logfile       ejabberd_suite.privacy_deny_server_bare_jid_master.58915.html
=started       2025-03-24 17:19:05
=ended         2025-03-24 17:19:07
=result        ok
=elapsed       1.170313
=case          ejabberd_SUITE:privacy_deny_server_bare_jid_slave
=logfile       ejabberd_suite.privacy_deny_server_bare_jid_slave.58947.html
=started       2025-03-24 17:19:05
=ended         2025-03-24 17:19:07
=result        ok
=elapsed       1.167237
=case          ejabberd_SUITE:end_per_group
=logfile       ejabberd_suite.end_per_group.59043.html
=group_props   [{name,privacy_deny_server_bare_jid},parallel]
=started       2025-03-24 17:19:07
=ended         2025-03-24 17:19:07
=result        ok
=elapsed       2.0e-6
=group_time    1.231s
=case          ejabberd_SUITE:init_per_group
=logfile       ejabberd_suite.init_per_group.59075.html
=group_props   [{name,privacy_deny_server_full_jid},parallel]
=started       2025-03-24 17:19:07
=ended         2025-03-24 17:19:07
=result        ok
=elapsed       3.0e-6
=case          ejabberd_SUITE:privacy_deny_server_full_jid_master
=logfile       ejabberd_suite.privacy_deny_server_full_jid_master.59107.html
=started       2025-03-24 17:19:07
=ended         2025-03-24 17:19:08
=result        ok
=elapsed       1.172784
=case          ejabberd_SUITE:privacy_deny_server_full_jid_slave
=logfile       ejabberd_suite.privacy_deny_server_full_jid_slave.59139.html
=started       2025-03-24 17:19:07
=ended         2025-03-24 17:19:08
=result        ok
=elapsed       1.169912
=case          ejabberd_SUITE:end_per_group
=logfile       ejabberd_suite.end_per_group.59299.html
=group_props   [{name,privacy_deny_server_full_jid},parallel]
=started       2025-03-24 17:19:08
=ended         2025-03-24 17:19:08
=result        ok
=elapsed       2.0e-6
=group_time    1.233s
=case          ejabberd_SUITE:init_per_group
=logfile       ejabberd_suite.init_per_group.63074.html
=group_props   [{name,privacy_deny_group},parallel]
=started       2025-03-24 17:19:08
=ended         2025-03-24 17:19:08
=result        ok
=elapsed       3.0e-6
=case          ejabberd_SUITE:privacy_deny_group_master
=logfile       ejabberd_suite.privacy_deny_group_master.63106.html
=started       2025-03-24 17:19:08
=ended         2025-03-24 17:19:09
=result        ok
=elapsed       1.171066
=case          ejabberd_SUITE:privacy_deny_group_slave
=logfile       ejabberd_suite.privacy_deny_group_slave.63138.html
=started       2025-03-24 17:19:08
=ended         2025-03-24 17:19:09
=result        ok
=elapsed       1.168178
=case          ejabberd_SUITE:end_per_group
=logfile       ejabberd_suite.end_per_group.19269.html
=group_props   [{name,privacy_deny_group},parallel]
=started       2025-03-24 17:19:09
=ended         2025-03-24 17:19:09
=result        ok
=elapsed       1.0e-6
=group_time    1.232s
=case          ejabberd_SUITE:init_per_group
=logfile       ejabberd_suite.init_per_group.19301.html
=group_props   [{name,privacy_deny_sub_both},parallel]
=started       2025-03-24 17:19:09
=ended         2025-03-24 17:19:09
=result        ok
=elapsed       3.0e-6
=case          ejabberd_SUITE:privacy_deny_sub_both_master
=logfile       ejabberd_suite.privacy_deny_sub_both_master.19333.html
=started       2025-03-24 17:19:09
=ended         2025-03-24 17:19:10
=result        ok
=elapsed       1.171237
=case          ejabberd_SUITE:privacy_deny_sub_both_slave
=logfile       ejabberd_suite.privacy_deny_sub_both_slave.19365.html
=started       2025-03-24 17:19:09
=ended         2025-03-24 17:19:10
=result        ok
=elapsed       1.168951
=case          ejabberd_SUITE:end_per_group
=logfile       ejabberd_suite.end_per_group.19397.html
=group_props   [{name,privacy_deny_sub_both},parallel]
=started       2025-03-24 17:19:10
=ended         2025-03-24 17:19:10
=result        ok
=elapsed       2.0e-6
=group_time    1.234s
=case          ejabberd_SUITE:init_per_group
=logfile       ejabberd_suite.init_per_group.19429.html
=group_props   [{name,privacy_deny_sub_from},parallel]
=started       2025-03-24 17:19:10
=ended         2025-03-24 17:19:10
=result        ok
=elapsed       3.0e-6
=case          ejabberd_SUITE:privacy_deny_sub_from_master
=logfile       ejabberd_suite.privacy_deny_sub_from_master.19461.html
=started       2025-03-24 17:19:10
=ended         2025-03-24 17:19:12
=result        ok
=elapsed       1.17403
=case          ejabberd_SUITE:privacy_deny_sub_from_slave
=logfile       ejabberd_suite.privacy_deny_sub_from_slave.19493.html
=started       2025-03-24 17:19:10
=ended         2025-03-24 17:19:12
=result        ok
=elapsed       1.171254
=case          ejabberd_SUITE:end_per_group
=logfile       ejabberd_suite.end_per_group.19653.html
=group_props   [{name,privacy_deny_sub_from},parallel]
=started       2025-03-24 17:19:12
=ended         2025-03-24 17:19:12
=result        ok
=elapsed       2.0e-6
=group_time    1.234s
=case          ejabberd_SUITE:init_per_group
=logfile       ejabberd_suite.init_per_group.19685.html
=group_props   [{name,privacy_deny_sub_to},parallel]
=started       2025-03-24 17:19:12
=ended         2025-03-24 17:19:12
=result        ok
=elapsed       3.0e-6
=case          ejabberd_SUITE:privacy_deny_sub_to_master
=logfile       ejabberd_suite.privacy_deny_sub_to_master.19717.html
=started       2025-03-24 17:19:12
=ended         2025-03-24 17:19:13
=result        ok
=elapsed       1.181714
=case          ejabberd_SUITE:privacy_deny_sub_to_slave
=logfile       ejabberd_suite.privacy_deny_sub_to_slave.19749.html
=started       2025-03-24 17:19:12
=ended         2025-03-24 17:19:13
=result        ok
=elapsed       1.17871
=case          ejabberd_SUITE:end_per_group
=logfile       ejabberd_suite.end_per_group.19845.html
=group_props   [{name,privacy_deny_sub_to},parallel]
=started       2025-03-24 17:19:13
=ended         2025-03-24 17:19:13
=result        ok
=elapsed       2.0e-6
=group_time    1.241s
=case          ejabberd_SUITE:init_per_group
=logfile       ejabberd_suite.init_per_group.19877.html
=group_props   [{name,privacy_deny_sub_none},parallel]
=started       2025-03-24 17:19:13
=ended         2025-03-24 17:19:13
=result        ok
=elapsed       3.0e-6
=case          ejabberd_SUITE:privacy_deny_sub_none_master
=logfile       ejabberd_suite.privacy_deny_sub_none_master.19909.html
=started       2025-03-24 17:19:13
=ended         2025-03-24 17:19:14
=result        ok
=elapsed       1.166183
=case          ejabberd_SUITE:privacy_deny_sub_none_slave
=logfile       ejabberd_suite.privacy_deny_sub_none_slave.19941.html
=started       2025-03-24 17:19:13
=ended         2025-03-24 17:19:14
=result        ok
=elapsed       1.164387
=case          ejabberd_SUITE:end_per_group
=logfile       ejabberd_suite.end_per_group.38564.html
=group_props   [{name,privacy_deny_sub_none},parallel]
=started       2025-03-24 17:19:14
=ended         2025-03-24 17:19:14
=result        ok
=elapsed       2.0e-6
=group_time    1.227s
=case          ejabberd_SUITE:init_per_group
=logfile       ejabberd_suite.init_per_group.38596.html
=group_props   [{name,privacy_deny_all},parallel]
=started       2025-03-24 17:19:14
=ended         2025-03-24 17:19:14
=result        ok
=elapsed       3.0e-6
=case          ejabberd_SUITE:privacy_deny_all_master
=logfile       ejabberd_suite.privacy_deny_all_master.38628.html
=started       2025-03-24 17:19:14
=ended         2025-03-24 17:19:15
=result        ok
=elapsed       1.169075
=case          ejabberd_SUITE:privacy_deny_all_slave
=logfile       ejabberd_suite.privacy_deny_all_slave.38660.html
=started       2025-03-24 17:19:14
=ended         2025-03-24 17:19:15
=result        ok
=elapsed       1.16297
=case          ejabberd_SUITE:end_per_group
=logfile       ejabberd_suite.end_per_group.38692.html
=group_props   [{name,privacy_deny_all},parallel]
=started       2025-03-24 17:19:15
=ended         2025-03-24 17:19:15
=result        ok
=elapsed       2.0e-6
=group_time    1.229s
=case          ejabberd_SUITE:init_per_group
=logfile       ejabberd_suite.init_per_group.38724.html
=group_props   [{name,privacy_deny_offline},parallel]
=started       2025-03-24 17:19:15
=ended         2025-03-24 17:19:15
=result        ok
=elapsed       3.0e-6
=case          ejabberd_SUITE:privacy_deny_offline_master
=logfile       ejabberd_suite.privacy_deny_offline_master.38756.html
=started       2025-03-24 17:19:15
=ended         2025-03-24 17:19:16
=result        ok
=elapsed       0.249364
=case          ejabberd_SUITE:privacy_deny_offline_slave
=logfile       ejabberd_suite.privacy_deny_offline_slave.38788.html
=started       2025-03-24 17:19:15
=ended         2025-03-24 17:19:16
=result        ok
=elapsed       0.350856
=case          ejabberd_SUITE:end_per_group
=logfile       ejabberd_suite.end_per_group.38852.html
=group_props   [{name,privacy_deny_offline},parallel]
=started       2025-03-24 17:19:16
=ended         2025-03-24 17:19:16
=result        ok
=elapsed       3.0e-6
=group_time    0.412s
=case          ejabberd_SUITE:init_per_group
=logfile       ejabberd_suite.init_per_group.38884.html
=group_props   [{name,privacy_block},parallel]
=started       2025-03-24 17:19:16
=ended         2025-03-24 17:19:16
=result        ok
=elapsed       3.0e-6
=case          ejabberd_SUITE:privacy_block_master
=logfile       ejabberd_suite.privacy_block_master.38916.html
=started       2025-03-24 17:19:16
=ended         2025-03-24 17:19:16
=result        ok
=elapsed       0.44631
=case          ejabberd_SUITE:privacy_block_slave
=logfile       ejabberd_suite.privacy_block_slave.38948.html
=started       2025-03-24 17:19:16
=ended         2025-03-24 17:19:16
=result        ok
=elapsed       0.443741
=case          ejabberd_SUITE:end_per_group
=logfile       ejabberd_suite.end_per_group.39076.html
=group_props   [{name,privacy_block},parallel]
=started       2025-03-24 17:19:16
=ended         2025-03-24 17:19:16
=result        ok
=elapsed       2.0e-6
=group_time    0.509s
=case          ejabberd_SUITE:init_per_group
=logfile       ejabberd_suite.init_per_group.39108.html
=group_props   [{name,privacy_unblock},parallel]
=started       2025-03-24 17:19:16
=ended         2025-03-24 17:19:16
=result        ok
=elapsed       3.0e-6
=case          ejabberd_SUITE:privacy_unblock_master
=logfile       ejabberd_suite.privacy_unblock_master.39140.html
=started       2025-03-24 17:19:16
=ended         2025-03-24 17:19:17
=result        ok
=elapsed       0.215381
=case          ejabberd_SUITE:privacy_unblock_slave
=logfile       ejabberd_suite.privacy_unblock_slave.59651.html
=started       2025-03-24 17:19:16
=ended         2025-03-24 17:19:17
=result        ok
=elapsed       0.212571
=case          ejabberd_SUITE:end_per_group
=logfile       ejabberd_suite.end_per_group.59747.html
=group_props   [{name,privacy_unblock},parallel]
=started       2025-03-24 17:19:17
=ended         2025-03-24 17:19:17
=result        ok
=elapsed       2.0e-6
=group_time    0.275s
=case          ejabberd_SUITE:init_per_group
=logfile       ejabberd_suite.init_per_group.39204.html
=group_props   [{name,privacy_unblock_all},parallel]
=started       2025-03-24 17:19:17
=ended         2025-03-24 17:19:17
=result        ok
=elapsed       3.0e-6
=case          ejabberd_SUITE:privacy_unblock_all_master
=logfile       ejabberd_suite.privacy_unblock_all_master.39236.html
=started       2025-03-24 17:19:17
=ended         2025-03-24 17:19:17
=result        ok
=elapsed       0.211728
=case          ejabberd_SUITE:privacy_unblock_all_slave
=logfile       ejabberd_suite.privacy_unblock_all_slave.39268.html
=started       2025-03-24 17:19:17
=ended         2025-03-24 17:19:17
=result        ok
=elapsed       0.209866
=case          ejabberd_SUITE:end_per_group
=logfile       ejabberd_suite.end_per_group.39332.html
=group_props   [{name,privacy_unblock_all},parallel]
=started       2025-03-24 17:19:17
=ended         2025-03-24 17:19:17
=result        ok
=elapsed       2.0e-6
=group_time    0.273s
=case          ejabberd_SUITE:end_per_group
=logfile       ejabberd_suite.end_per_group.39364.html
=group_props   [{name,privacy_master_slave},sequence]
=started       2025-03-24 17:19:17
=ended         2025-03-24 17:19:17
=result        ok
=elapsed       2.0e-6
=group_time    14.150s
=case          ejabberd_SUITE:init_per_group
=logfile       ejabberd_suite.init_per_group.39396.html
=group_props   [{name,pubsub_master_slave},sequence]
=started       2025-03-24 17:19:17
=ended         2025-03-24 17:19:17
=result        ok
=elapsed       6.0e-6
=case          ejabberd_SUITE:init_per_group
=logfile       ejabberd_suite.init_per_group.39428.html
=group_props   [{name,pubsub_publish},parallel]
=started       2025-03-24 17:19:17
=ended         2025-03-24 17:19:17
=result        ok
=elapsed       3.0e-6
=case          ejabberd_SUITE:pubsub_publish_master
=logfile       ejabberd_suite.pubsub_publish_master.39460.html
=started       2025-03-24 17:19:17
=ended         2025-03-24 17:19:17
=result        ok
=elapsed       0.125032
=case          ejabberd_SUITE:pubsub_publish_slave
=logfile       ejabberd_suite.pubsub_publish_slave.39492.html
=started       2025-03-24 17:19:17
=ended         2025-03-24 17:19:17
=result        ok
=elapsed       0.122763
=case          ejabberd_SUITE:end_per_group
=logfile       ejabberd_suite.end_per_group.39556.html
=group_props   [{name,pubsub_publish},parallel]
=started       2025-03-24 17:19:17
=ended         2025-03-24 17:19:17
=result        ok
=elapsed       2.0e-6
=group_time    0.184s
=case          ejabberd_SUITE:init_per_group
=logfile       ejabberd_suite.init_per_group.39588.html
=group_props   [{name,pubsub_subscriptions},parallel]
=started       2025-03-24 17:19:17
=ended         2025-03-24 17:19:17
=result        ok
=elapsed       3.0e-6
=case          ejabberd_SUITE:pubsub_subscriptions_master
=logfile       ejabberd_suite.pubsub_subscriptions_master.39620.html
=started       2025-03-24 17:19:17
=ended         2025-03-24 17:19:17
=result        ok
=elapsed       0.15053
=case          ejabberd_SUITE:pubsub_subscriptions_slave
=logfile       ejabberd_suite.pubsub_subscriptions_slave.39652.html
=started       2025-03-24 17:19:17
=ended         2025-03-24 17:19:17
=result        ok
=elapsed       0.14458
=case          ejabberd_SUITE:end_per_group
=logfile       ejabberd_suite.end_per_group.39748.html
=group_props   [{name,pubsub_subscriptions},parallel]
=started       2025-03-24 17:19:17
=ended         2025-03-24 17:19:17
=result        ok
=elapsed       2.0e-6
=group_time    0.212s
=case          ejabberd_SUITE:init_per_group
=logfile       ejabberd_suite.init_per_group.39780.html
=group_props   [{name,pubsub_affiliations},parallel]
=started       2025-03-24 17:19:17
=ended         2025-03-24 17:19:17
=result        ok
=elapsed       4.0e-6
=case          ejabberd_SUITE:pubsub_affiliations_master
=logfile       ejabberd_suite.pubsub_affiliations_master.39812.html
=started       2025-03-24 17:19:17
=ended         2025-03-24 17:19:19
=result        ok
=elapsed       1.724011
=case          ejabberd_SUITE:pubsub_affiliations_slave
=logfile       ejabberd_suite.pubsub_affiliations_slave.39844.html
=started       2025-03-24 17:19:17
=ended         2025-03-24 17:19:19
=result        ok
=elapsed       1.737249
=case          ejabberd_SUITE:end_per_group
=logfile       ejabberd_suite.end_per_group.39908.html
=group_props   [{name,pubsub_affiliations},parallel]
=started       2025-03-24 17:19:19
=ended         2025-03-24 17:19:19
=result        ok
=elapsed       2.0e-6
=group_time    1.798s
=case          ejabberd_SUITE:init_per_group
=logfile       ejabberd_suite.init_per_group.39940.html
=group_props   [{name,pubsub_authorize},parallel]
=started       2025-03-24 17:19:19
=ended         2025-03-24 17:19:19
=result        ok
=elapsed       3.0e-6
=case          ejabberd_SUITE:pubsub_authorize_master
=logfile       ejabberd_suite.pubsub_authorize_master.39972.html
=started       2025-03-24 17:19:19
=ended         2025-03-24 17:19:20
=result        ok
=elapsed       0.214477
=case          ejabberd_SUITE:pubsub_authorize_slave
=logfile       ejabberd_suite.pubsub_authorize_slave.40004.html
=started       2025-03-24 17:19:19
=ended         2025-03-24 17:19:19
=result        ok
=elapsed       0.17035
=case          ejabberd_SUITE:end_per_group
=logfile       ejabberd_suite.end_per_group.40100.html
=group_props   [{name,pubsub_authorize},parallel]
=started       2025-03-24 17:19:20
=ended         2025-03-24 17:19:20
=result        ok
=elapsed       2.0e-6
=group_time    0.274s
=case          ejabberd_SUITE:end_per_group
=logfile       ejabberd_suite.end_per_group.40132.html
=group_props   [{name,pubsub_master_slave},sequence]
=started       2025-03-24 17:19:20
=ended         2025-03-24 17:19:20
=result        ok
=elapsed       1.0e-6
=group_time    2.590s
=case          ejabberd_SUITE:init_per_group
=logfile       ejabberd_suite.init_per_group.40164.html
=group_props   [{name,roster_master_slave},sequence]
=started       2025-03-24 17:19:20
=ended         2025-03-24 17:19:20
=result        ok
=elapsed       6.0e-6
=case          ejabberd_SUITE:init_per_group
=logfile       ejabberd_suite.init_per_group.40196.html
=group_props   [{name,roster_subscribe},parallel]
=started       2025-03-24 17:19:20
=ended         2025-03-24 17:19:20
=result        ok
=elapsed       2.0e-6
=case          ejabberd_SUITE:roster_subscribe_master
=logfile       ejabberd_suite.roster_subscribe_master.40228.html
=started       2025-03-24 17:19:20
=ended         2025-03-24 17:19:32
=result        ok
=elapsed       12.846611
=case          ejabberd_SUITE:roster_subscribe_slave
=logfile       ejabberd_suite.roster_subscribe_slave.40260.html
=started       2025-03-24 17:19:20
=ended         2025-03-24 17:19:32
=result        ok
=elapsed       12.845436
=case          ejabberd_SUITE:end_per_group
=logfile       ejabberd_suite.end_per_group.41860.html
=group_props   [{name,roster_subscribe},parallel]
=started       2025-03-24 17:19:33
=ended         2025-03-24 17:19:33
=result        ok
=elapsed       2.0e-6
=group_time    12.907s
=case          ejabberd_SUITE:end_per_group
=logfile       ejabberd_suite.end_per_group.41892.html
=group_props   [{name,roster_master_slave},sequence]
=started       2025-03-24 17:19:33
=ended         2025-03-24 17:19:33
=result        ok
=elapsed       3.0e-6
=group_time    12.957s
=case          ejabberd_SUITE:init_per_group
=logfile       ejabberd_suite.init_per_group.60899.html
=group_props   [{name,offline_master_slave},sequence]
=started       2025-03-24 17:19:33
=ended         2025-03-24 17:19:33
=result        ok
=elapsed       6.0e-6
=case          ejabberd_SUITE:init_per_group
=logfile       ejabberd_suite.init_per_group.60931.html
=group_props   [{name,offline_flex},parallel]
=started       2025-03-24 17:19:33
=ended         2025-03-24 17:19:33
=result        ok
=elapsed       3.0e-6
=case          ejabberd_SUITE:offline_flex_master
=logfile       ejabberd_suite.offline_flex_master.60963.html
=started       2025-03-24 17:19:33
=ended         2025-03-24 17:19:33
=result        ok
=elapsed       0.205697
=case          ejabberd_SUITE:offline_flex_slave
=logfile       ejabberd_suite.offline_flex_slave.60995.html
=started       2025-03-24 17:19:33
=ended         2025-03-24 17:19:33
=result        ok
=elapsed       0.333407
=case          ejabberd_SUITE:end_per_group
=logfile       ejabberd_suite.end_per_group.61123.html
=group_props   [{name,offline_flex},parallel]
=started       2025-03-24 17:19:33
=ended         2025-03-24 17:19:33
=result        ok
=elapsed       2.0e-6
=group_time    0.396s
=case          ejabberd_SUITE:init_per_group
=logfile       ejabberd_suite.init_per_group.61155.html
=group_props   [{name,offline_send_all},parallel]
=started       2025-03-24 17:19:33
=ended         2025-03-24 17:19:33
=result        ok
=elapsed       3.0e-6
=case          ejabberd_SUITE:offline_send_all_master
=logfile       ejabberd_suite.offline_send_all_master.61187.html
=started       2025-03-24 17:19:33
=ended         2025-03-24 17:19:47
=result        ok
=elapsed       13.932183
=case          ejabberd_SUITE:offline_send_all_slave
=logfile       ejabberd_suite.offline_send_all_slave.61219.html
=started       2025-03-24 17:19:33
=ended         2025-03-24 17:19:47
=result        ok
=elapsed       14.096246
=case          ejabberd_SUITE:end_per_group
=logfile       ejabberd_suite.end_per_group.61347.html
=group_props   [{name,offline_send_all},parallel]
=started       2025-03-24 17:19:47
=ended         2025-03-24 17:19:47
=result        ok
=elapsed       3.0e-6
=group_time    14.155s
=case          ejabberd_SUITE:init_per_group
=logfile       ejabberd_suite.init_per_group.21733.html
=group_props   [{name,offline_from_mam},parallel]
=started       2025-03-24 17:19:47
=ended         2025-03-24 17:19:47
=result        ok
=elapsed       3.0e-6
=case          ejabberd_SUITE:offline_from_mam_master
=logfile       ejabberd_suite.offline_from_mam_master.21765.html
=started       2025-03-24 17:19:47
=ended         2025-03-24 17:20:01
=result        ok
=elapsed       13.885906
=case          ejabberd_SUITE:offline_from_mam_slave
=logfile       ejabberd_suite.offline_from_mam_slave.61379.html
=started       2025-03-24 17:19:47
=ended         2025-03-24 17:20:01
=result        ok
=elapsed       14.112126
=case          ejabberd_SUITE:end_per_group
=logfile       ejabberd_suite.end_per_group.64514.html
=group_props   [{name,offline_from_mam},parallel]
=started       2025-03-24 17:20:01
=ended         2025-03-24 17:20:01
=result        ok
=elapsed       2.0e-6
=group_time    14.174s
=case          ejabberd_SUITE:init_per_group
=logfile       ejabberd_suite.init_per_group.64546.html
=group_props   [{name,offline_mucsub_mam},parallel]
=started       2025-03-24 17:20:01
=ended         2025-03-24 17:20:01
=result        ok
=elapsed       3.0e-6
=case          ejabberd_SUITE:offline_mucsub_mam_master
=logfile       ejabberd_suite.offline_mucsub_mam_master.64578.html
=started       2025-03-24 17:20:01
=ended         2025-03-24 17:20:02
=result        ok
=elapsed       0.269672
=case          ejabberd_SUITE:offline_mucsub_mam_slave
=logfile       ejabberd_suite.offline_mucsub_mam_slave.64610.html
=started       2025-03-24 17:20:01
=ended         2025-03-24 17:20:02
=result        ok
=elapsed       0.266068
=case          ejabberd_SUITE:end_per_group
=logfile       ejabberd_suite.end_per_group.64706.html
=group_props   [{name,offline_mucsub_mam},parallel]
=started       2025-03-24 17:20:02
=ended         2025-03-24 17:20:02
=result        ok
=elapsed       2.0e-6
=group_time    0.330s
=case          ejabberd_SUITE:end_per_group
=logfile       ejabberd_suite.end_per_group.64738.html
=group_props   [{name,offline_master_slave},sequence]
=started       2025-03-24 17:20:02
=ended         2025-03-24 17:20:02
=result        ok
=elapsed       1.0e-6
=group_time    29.179s
=case          ejabberd_SUITE:init_per_group
=logfile       ejabberd_suite.init_per_group.64770.html
=group_props   [{name,mam_master_slave},sequence]
=started       2025-03-24 17:20:02
=ended         2025-03-24 17:20:02
=result        ok
=elapsed       6.0e-6
=case          ejabberd_SUITE:init_per_group
=logfile       ejabberd_suite.init_per_group.64802.html
=group_props   [{name,mam_archived_and_stanza_id},parallel]
=started       2025-03-24 17:20:02
=ended         2025-03-24 17:20:02
=result        ok
=elapsed       2.0e-6
=case          ejabberd_SUITE:mam_archived_and_stanza_id_master
=logfile       ejabberd_suite.mam_archived_and_stanza_id_master.64834.html
=started       2025-03-24 17:20:02
=ended         2025-03-24 17:20:02
=result        ok
=elapsed       0.174462
=case          ejabberd_SUITE:mam_archived_and_stanza_id_slave
=logfile       ejabberd_suite.mam_archived_and_stanza_id_slave.64866.html
=started       2025-03-24 17:20:02
=ended         2025-03-24 17:20:02
=result        ok
=elapsed       0.180639
=case          ejabberd_SUITE:end_per_group
=logfile       ejabberd_suite.end_per_group.64930.html
=group_props   [{name,mam_archived_and_stanza_id},parallel]
=started       2025-03-24 17:20:02
=ended         2025-03-24 17:20:02
=result        ok
=elapsed       1.0e-6
=group_time    0.241s
=case          ejabberd_SUITE:init_per_group
=logfile       ejabberd_suite.init_per_group.64962.html
=group_props   [{name,mam_query_all},parallel]
=started       2025-03-24 17:20:02
=ended         2025-03-24 17:20:02
=result        ok
=elapsed       2.0e-6
=case          ejabberd_SUITE:mam_query_all_master
=logfile       ejabberd_suite.mam_query_all_master.64994.html
=started       2025-03-24 17:20:02
=ended         2025-03-24 17:20:02
=result        ok
=elapsed       0.208341
=case          ejabberd_SUITE:mam_query_all_slave
=logfile       ejabberd_suite.mam_query_all_slave.65026.html
=started       2025-03-24 17:20:02
=ended         2025-03-24 17:20:02
=result        ok
=elapsed       0.211692
=case          ejabberd_SUITE:end_per_group
=logfile       ejabberd_suite.end_per_group.65058.html
=group_props   [{name,mam_query_all},parallel]
=started       2025-03-24 17:20:02
=ended         2025-03-24 17:20:02
=result        ok
=elapsed       2.0e-6
=group_time    0.271s
=case          ejabberd_SUITE:init_per_group
=logfile       ejabberd_suite.init_per_group.65090.html
=group_props   [{name,mam_query_with},parallel]
=started       2025-03-24 17:20:02
=ended         2025-03-24 17:20:02
=result        ok
=elapsed       3.0e-6
=case          ejabberd_SUITE:mam_query_with_master
=logfile       ejabberd_suite.mam_query_with_master.65122.html
=started       2025-03-24 17:20:02
=ended         2025-03-24 17:20:03
=result        ok
=elapsed       0.234503
=case          ejabberd_SUITE:mam_query_with_slave
=logfile       ejabberd_suite.mam_query_with_slave.65154.html
=started       2025-03-24 17:20:02
=ended         2025-03-24 17:20:03
=result        ok
=elapsed       0.239268
=case          ejabberd_SUITE:end_per_group
=logfile       ejabberd_suite.end_per_group.65218.html
=group_props   [{name,mam_query_with},parallel]
=started       2025-03-24 17:20:03
=ended         2025-03-24 17:20:03
=result        ok
=elapsed       2.0e-6
=group_time    0.300s
=case          ejabberd_SUITE:init_per_group
=logfile       ejabberd_suite.init_per_group.65250.html
=group_props   [{name,mam_query_rsm_max},parallel]
=started       2025-03-24 17:20:03
=ended         2025-03-24 17:20:03
=result        ok
=elapsed       4.0e-6
=case          ejabberd_SUITE:mam_query_rsm_max_master
=logfile       ejabberd_suite.mam_query_rsm_max_master.65282.html
=started       2025-03-24 17:20:03
=ended         2025-03-24 17:20:03
=result        ok
=elapsed       0.311669
=case          ejabberd_SUITE:mam_query_rsm_max_slave
=logfile       ejabberd_suite.mam_query_rsm_max_slave.21861.html
=started       2025-03-24 17:20:03
=ended         2025-03-24 17:20:03
=result        ok
=elapsed       0.317218
=case          ejabberd_SUITE:end_per_group
=logfile       ejabberd_suite.end_per_group.21957.html
=group_props   [{name,mam_query_rsm_max},parallel]
=started       2025-03-24 17:20:03
=ended         2025-03-24 17:20:03
=result        ok
=elapsed       3.0e-6
=group_time    0.383s
=case          ejabberd_SUITE:init_per_group
=logfile       ejabberd_suite.init_per_group.21989.html
=group_props   [{name,mam_query_rsm_after},parallel]
=started       2025-03-24 17:20:03
=ended         2025-03-24 17:20:03
=result        ok
=elapsed       3.0e-6
=case          ejabberd_SUITE:mam_query_rsm_after_master
=logfile       ejabberd_suite.mam_query_rsm_after_master.22021.html
=started       2025-03-24 17:20:03
=ended         2025-03-24 17:20:03
=result        ok
=elapsed       0.264802
=case          ejabberd_SUITE:mam_query_rsm_after_slave
=logfile       ejabberd_suite.mam_query_rsm_after_slave.22053.html
=started       2025-03-24 17:20:03
=ended         2025-03-24 17:20:03
=result        ok
=elapsed       0.269987
=case          ejabberd_SUITE:end_per_group
=logfile       ejabberd_suite.end_per_group.22117.html
=group_props   [{name,mam_query_rsm_after},parallel]
=started       2025-03-24 17:20:03
=ended         2025-03-24 17:20:03
=result        ok
=elapsed       2.0e-6
=group_time    0.331s
=case          ejabberd_SUITE:init_per_group
=logfile       ejabberd_suite.init_per_group.42212.html
=group_props   [{name,mam_query_rsm_before},parallel]
=started       2025-03-24 17:20:03
=ended         2025-03-24 17:20:03
=result        ok
=elapsed       3.0e-6
=case          ejabberd_SUITE:mam_query_rsm_before_master
=logfile       ejabberd_suite.mam_query_rsm_before_master.42244.html
=started       2025-03-24 17:20:03
=ended         2025-03-24 17:20:04
=result        ok
=elapsed       0.278825
=case          ejabberd_SUITE:mam_query_rsm_before_slave
=logfile       ejabberd_suite.mam_query_rsm_before_slave.42276.html
=started       2025-03-24 17:20:03
=ended         2025-03-24 17:20:04
=result        ok
=elapsed       0.281424
=case          ejabberd_SUITE:end_per_group
=logfile       ejabberd_suite.end_per_group.42372.html
=group_props   [{name,mam_query_rsm_before},parallel]
=started       2025-03-24 17:20:04
=ended         2025-03-24 17:20:04
=result        ok
=elapsed       2.0e-6
=group_time    0.342s
=case          ejabberd_SUITE:init_per_group
=logfile       ejabberd_suite.init_per_group.42404.html
=group_props   [{name,mam_muc},parallel]
=started       2025-03-24 17:20:04
=ended         2025-03-24 17:20:04
=result        ok
=elapsed       3.0e-6
=case          ejabberd_SUITE:mam_muc_master
=logfile       ejabberd_suite.mam_muc_master.42436.html
=started       2025-03-24 17:20:04
=ended         2025-03-24 17:20:04
=result        ok
=elapsed       0.197157
=case          ejabberd_SUITE:mam_muc_slave
=logfile       ejabberd_suite.mam_muc_slave.42468.html
=started       2025-03-24 17:20:04
=ended         2025-03-24 17:20:04
=result        ok
=elapsed       0.189633
=case          ejabberd_SUITE:end_per_group
=logfile       ejabberd_suite.end_per_group.42532.html
=group_props   [{name,mam_muc},parallel]
=started       2025-03-24 17:20:04
=ended         2025-03-24 17:20:04
=result        ok
=elapsed       2.0e-6
=group_time    0.258s
=case          ejabberd_SUITE:init_per_group
=logfile       ejabberd_suite.init_per_group.42564.html
=group_props   [{name,mam_mucsub},parallel]
=started       2025-03-24 17:20:04
=ended         2025-03-24 17:20:04
=result        ok
=elapsed       3.0e-6
=case          ejabberd_SUITE:mam_mucsub_master
=logfile       ejabberd_suite.mam_mucsub_master.42596.html
=started       2025-03-24 17:20:04
=ended         2025-03-24 17:20:04
=result        ok
=elapsed       0.182765
=case          ejabberd_SUITE:mam_mucsub_slave
=logfile       ejabberd_suite.mam_mucsub_slave.42628.html
=started       2025-03-24 17:20:04
=ended         2025-03-24 17:20:04
=result        ok
=elapsed       0.179293
=case          ejabberd_SUITE:end_per_group
=logfile       ejabberd_suite.end_per_group.42692.html
=group_props   [{name,mam_mucsub},parallel]
=started       2025-03-24 17:20:04
=ended         2025-03-24 17:20:04
=result        ok
=elapsed       1.0e-6
=group_time    0.243s
=case          ejabberd_SUITE:init_per_group
=logfile       ejabberd_suite.init_per_group.42724.html
=group_props   [{name,mam_mucsub_from_muc},parallel]
=started       2025-03-24 17:20:04
=ended         2025-03-24 17:20:04
=result        ok
=elapsed       3.0e-6
=case          ejabberd_SUITE:mam_mucsub_from_muc_master
=logfile       ejabberd_suite.mam_mucsub_from_muc_master.42756.html
=started       2025-03-24 17:20:04
=ended         2025-03-24 17:20:05
=result        ok
=elapsed       0.177184
=case          ejabberd_SUITE:mam_mucsub_from_muc_slave
=logfile       ejabberd_suite.mam_mucsub_from_muc_slave.42788.html
=started       2025-03-24 17:20:04
=ended         2025-03-24 17:20:05
=result        ok
=elapsed       0.170529
=case          ejabberd_SUITE:end_per_group
=logfile       ejabberd_suite.end_per_group.42852.html
=group_props   [{name,mam_mucsub_from_muc},parallel]
=started       2025-03-24 17:20:05
=ended         2025-03-24 17:20:05
=result        ok
=elapsed       4.0e-6
=group_time    0.236s
=case          ejabberd_SUITE:init_per_group
=logfile       ejabberd_suite.init_per_group.42884.html
=group_props   [{name,mam_mucsub_from_muc_non_persistent},parallel]
=started       2025-03-24 17:20:05
=ended         2025-03-24 17:20:05
=result        ok
=elapsed       3.0e-6
=case          ejabberd_SUITE:mam_mucsub_from_muc_non_persistent_master
=logfile       ejabberd_suite.mam_mucsub_from_muc_non_persistent_master.42916.html
=started       2025-03-24 17:20:05
=ended         2025-03-24 17:20:05
=result        ok
=elapsed       0.166556
=case          ejabberd_SUITE:mam_mucsub_from_muc_non_persistent_slave
=logfile       ejabberd_suite.mam_mucsub_from_muc_non_persistent_slave.42948.html
=started       2025-03-24 17:20:05
=ended         2025-03-24 17:20:05
=result        ok
=elapsed       0.166006
=case          ejabberd_SUITE:end_per_group
=logfile       ejabberd_suite.end_per_group.43012.html
=group_props   [{name,mam_mucsub_from_muc_non_persistent},parallel]
=started       2025-03-24 17:20:05
=ended         2025-03-24 17:20:05
=result        ok
=elapsed       2.0e-6
=group_time    0.228s
=case          ejabberd_SUITE:end_per_group
=logfile       ejabberd_suite.end_per_group.43044.html
=group_props   [{name,mam_master_slave},sequence]
=started       2025-03-24 17:20:05
=ended         2025-03-24 17:20:05
=result        ok
=elapsed       2.0e-6
=group_time    3.108s
=case          ejabberd_SUITE:init_per_group
=logfile       ejabberd_suite.init_per_group.43076.html
=group_props   [{name,announce_master_slave},sequence]
=started       2025-03-24 17:20:05
=ended         2025-03-24 17:20:05
=result        ok
=elapsed       5.0e-6
=case          ejabberd_SUITE:init_per_group
=logfile       ejabberd_suite.init_per_group.43108.html
=group_props   [{name,announce_set_motd},parallel]
=started       2025-03-24 17:20:05
=ended         2025-03-24 17:20:05
=result        ok
=elapsed       3.0e-6
=case          ejabberd_SUITE:announce_set_motd_master
=logfile       ejabberd_suite.announce_set_motd_master.43140.html
=started       2025-03-24 17:20:05
=ended         2025-03-24 17:20:05
=result        ok
=elapsed       0.115572
=case          ejabberd_SUITE:announce_set_motd_slave
=logfile       ejabberd_suite.announce_set_motd_slave.43172.html
=started       2025-03-24 17:20:05
=ended         2025-03-24 17:20:05
=result        ok
=elapsed       0.116735
=case          ejabberd_SUITE:end_per_group
=logfile       ejabberd_suite.end_per_group.43236.html
=group_props   [{name,announce_set_motd},parallel]
=started       2025-03-24 17:20:05
=ended         2025-03-24 17:20:05
=result        ok
=elapsed       2.0e-6
=group_time    0.177s
=case          ejabberd_SUITE:end_per_group
=logfile       ejabberd_suite.end_per_group.43268.html
=group_props   [{name,announce_master_slave},sequence]
=started       2025-03-24 17:20:05
=ended         2025-03-24 17:20:05
=result        ok
=elapsed       2.0e-6
=group_time    0.227s
=case          ejabberd_SUITE:init_per_group
=logfile       ejabberd_suite.init_per_group.43300.html
=group_props   [{name,push_master_slave},sequence]
=started       2025-03-24 17:20:05
=ended         2025-03-24 17:20:05
=result        ok
=elapsed       1.0e-5
=case          ejabberd_SUITE:init_per_group
=logfile       ejabberd_suite.init_per_group.43332.html
=group_props   [{name,push_sm},parallel]
=started       2025-03-24 17:20:05
=ended         2025-03-24 17:20:05
=result        ok
=elapsed       4.0e-6
=case          ejabberd_SUITE:push_sm_master
=logfile       ejabberd_suite.push_sm_master.43364.html
=started       2025-03-24 17:20:05
=ended         2025-03-24 17:20:13
=result        ok
=elapsed       8.116655
=case          ejabberd_SUITE:push_sm_slave
=logfile       ejabberd_suite.push_sm_slave.43396.html
=started       2025-03-24 17:20:05
=ended         2025-03-24 17:20:05
=result        ok
=elapsed       0.005701
=case          ejabberd_SUITE:end_per_group
=logfile       ejabberd_suite.end_per_group.43460.html
=group_props   [{name,push_sm},parallel]
=started       2025-03-24 17:20:13
=ended         2025-03-24 17:20:13
=result        ok
=elapsed       2.0e-6
=group_time    8.177s
=case          ejabberd_SUITE:init_per_group
=logfile       ejabberd_suite.init_per_group.43492.html
=group_props   [{name,push_offline},parallel]
=started       2025-03-24 17:20:13
=ended         2025-03-24 17:20:13
=result        ok
=elapsed       3.0e-6
=case          ejabberd_SUITE:push_offline_master
=logfile       ejabberd_suite.push_offline_master.43524.html
=started       2025-03-24 17:20:13
=ended         2025-03-24 17:20:14
=result        ok
=elapsed       0.26072
=case          ejabberd_SUITE:push_offline_slave
=logfile       ejabberd_suite.push_offline_slave.43556.html
=started       2025-03-24 17:20:13
=ended         2025-03-24 17:20:14
=result        ok
=elapsed       0.110557
=case          ejabberd_SUITE:end_per_group
=logfile       ejabberd_suite.end_per_group.62019.html
=group_props   [{name,push_offline},parallel]
=started       2025-03-24 17:20:14
=ended         2025-03-24 17:20:14
=result        ok
=elapsed       2.0e-6
=group_time    0.320s
=case          ejabberd_SUITE:init_per_group
=logfile       ejabberd_suite.init_per_group.62051.html
=group_props   [{name,push_mam},parallel]
=started       2025-03-24 17:20:14
=ended         2025-03-24 17:20:14
=result        ok
=elapsed       3.0e-6
=case          ejabberd_SUITE:push_mam_master
=logfile       ejabberd_suite.push_mam_master.62083.html
=started       2025-03-24 17:20:14
=ended         2025-03-24 17:20:14
=result        ok
=elapsed       0.158561
=case          ejabberd_SUITE:push_mam_slave
=logfile       ejabberd_suite.push_mam_slave.62115.html
=started       2025-03-24 17:20:14
=ended         2025-03-24 17:20:14
=result        ok
=elapsed       0.270992
=case          ejabberd_SUITE:end_per_group
=logfile       ejabberd_suite.end_per_group.65890.html
=group_props   [{name,push_mam},parallel]
=started       2025-03-24 17:20:14
=ended         2025-03-24 17:20:14
=result        ok
=elapsed       2.0e-6
=group_time    0.332s
=case          ejabberd_SUITE:end_per_group
=logfile       ejabberd_suite.end_per_group.65922.html
=group_props   [{name,push_master_slave},sequence]
=started       2025-03-24 17:20:14
=ended         2025-03-24 17:20:14
=result        ok
=elapsed       2.0e-6
=group_time    8.929s
=case          ejabberd_SUITE:end_per_group
=logfile       ejabberd_suite.end_per_group.65954.html
=group_props   [{name,sqlite},sequence]
=started       2025-03-24 17:20:14
=ended         2025-03-24 17:20:14
=result        ok
=elapsed       0.0
=group_time    100.288s
=case          ejabberd_SUITE:init_per_group
=logfile       ejabberd_suite.init_per_group.65986.html
=group_props   [{name,extauth},sequence]
=started       2025-03-24 17:20:14
=ended         2025-03-24 17:20:14
=result        ok
=elapsed       2.0e-6
=case          ejabberd_SUITE:init_per_group
=logfile       ejabberd_suite.init_per_group.66018.html
=group_props   [{name,extauth_tests},sequence]
=started       2025-03-24 17:20:14
=ended         2025-03-24 17:20:14
=result        ok
=elapsed       6.0e-6
=case          ejabberd_SUITE:test_auth
=logfile       ejabberd_suite.test_auth.66050.html
=started       2025-03-24 17:20:14
=ended         2025-03-24 17:20:14
=result        ok
=elapsed       0.001687
=case          ejabberd_SUITE:test_auth_fail
=logfile       ejabberd_suite.test_auth_fail.66114.html
=started       2025-03-24 17:20:14
=ended         2025-03-24 17:20:14
=result        ok
=elapsed       8.53e-4
=case          ejabberd_SUITE:test_unregister
=logfile       ejabberd_suite.test_unregister.62211.html
=started       2025-03-24 17:20:14
=ended         2025-03-24 17:20:14
=result        ok
=elapsed       0.002633
=case          ejabberd_SUITE:end_per_group
=logfile       ejabberd_suite.end_per_group.62275.html
=group_props   [{name,extauth_tests},sequence]
=started       2025-03-24 17:20:14
=ended         2025-03-24 17:20:14
=result        ok
=elapsed       1.0e-6
=group_time    0.112s
=case          ejabberd_SUITE:end_per_group
=logfile       ejabberd_suite.end_per_group.62307.html
=group_props   [{name,extauth},sequence]
=started       2025-03-24 17:20:14
=ended         2025-03-24 17:20:14
=result        ok
=elapsed       0.0
=group_time    0.161s
=case          ejabberd_SUITE:init_per_group
=logfile       ejabberd_suite.init_per_group.62339.html
=group_props   [{name,component},sequence]
=started       2025-03-24 17:20:14
=ended         2025-03-24 17:20:14
=result        ok
=elapsed       4.0e-6
=case          ejabberd_SUITE:init_per_group
=logfile       ejabberd_suite.init_per_group.62371.html
=group_props   [{name,component_connect},parallel]
=started       2025-03-24 17:20:14
=ended         2025-03-24 17:20:14
=result        ok
=elapsed       4.0e-6
=case          ejabberd_SUITE:test_connect_bad_xml
=logfile       ejabberd_suite.test_connect_bad_xml.62403.html
=started       2025-03-24 17:20:14
=ended         2025-03-24 17:20:14
=result        ok
=elapsed       0.003463
=case          ejabberd_SUITE:test_connect_unexpected_xml
=logfile       ejabberd_suite.test_connect_unexpected_xml.62435.html
=started       2025-03-24 17:20:14
=ended         2025-03-24 17:20:14
=result        ok
=elapsed       0.003491
=case          ejabberd_SUITE:test_connect_unknown_ns
=logfile       ejabberd_suite.test_connect_unknown_ns.62467.html
=started       2025-03-24 17:20:14
=ended         2025-03-24 17:20:14
=result        ok
=elapsed       0.002386
=case          ejabberd_SUITE:test_connect_bad_xmlns
=logfile       ejabberd_suite.test_connect_bad_xmlns.62499.html
=started       2025-03-24 17:20:14
=ended         2025-03-24 17:20:14
=result        ok
=elapsed       0.002156
=case          ejabberd_SUITE:test_connect_bad_ns_stream
=logfile       ejabberd_suite.test_connect_bad_ns_stream.62531.html
=started       2025-03-24 17:20:14
=ended         2025-03-24 17:20:14
=result        ok
=elapsed       0.004262
=case          ejabberd_SUITE:test_connect_missing_to
=logfile       ejabberd_suite.test_connect_missing_to.62563.html
=started       2025-03-24 17:20:14
=ended         2025-03-24 17:20:14
=result        ok
=elapsed       0.002365
=case          ejabberd_SUITE:test_connect
=logfile       ejabberd_suite.test_connect.66210.html
=started       2025-03-24 17:20:14
=ended         2025-03-24 17:20:14
=result        ok
=elapsed       0.004858
=case          ejabberd_SUITE:test_auth
=logfile       ejabberd_suite.test_auth.62595.html
=started       2025-03-24 17:20:14
=ended         2025-03-24 17:20:14
=result        ok
=elapsed       0.014344
=case          ejabberd_SUITE:test_auth_fail
=logfile       ejabberd_suite.test_auth_fail.66242.html
=started       2025-03-24 17:20:14
=ended         2025-03-24 17:20:14
=result        ok
=elapsed       4.67e-4
=case          ejabberd_SUITE:end_per_group
=logfile       ejabberd_suite.end_per_group.66370.html
=group_props   [{name,component_connect},parallel]
=started       2025-03-24 17:20:14
=ended         2025-03-24 17:20:14
=result        ok
=elapsed       2.0e-6
=group_time    0.084s
=case          ejabberd_SUITE:init_per_group
=logfile       ejabberd_suite.init_per_group.43652.html
=group_props   [{name,component_tests},sequence]
=started       2025-03-24 17:20:14
=ended         2025-03-24 17:20:14
=result        ok
=elapsed       6.0e-6
=case          ejabberd_SUITE:test_missing_from
=logfile       ejabberd_suite.test_missing_from.html
=started       2025-03-24 17:20:14
=ended         2025-03-24 17:20:14
=result        ok
=elapsed       7.3e-4
=case          ejabberd_SUITE:test_missing_to
=logfile       ejabberd_suite.test_missing_to.html
=started       2025-03-24 17:20:14
=ended         2025-03-24 17:20:15
=result        ok
=elapsed       6.73e-4
=case          ejabberd_SUITE:test_invalid_from
=logfile       ejabberd_suite.test_invalid_from.html
=started       2025-03-24 17:20:15
=ended         2025-03-24 17:20:15
=result        ok
=elapsed       7.27e-4
=case          ejabberd_SUITE:test_component_send
=logfile       ejabberd_suite.test_component_send.html
=started       2025-03-24 17:20:15
=ended         2025-03-24 17:20:15
=result        ok
=elapsed       9.9e-4
=case          ejabberd_SUITE:bad_nonza
=logfile       ejabberd_suite.bad_nonza.html
=started       2025-03-24 17:20:15
=ended         2025-03-24 17:20:15
=result        ok
=elapsed       0.040799
=case          ejabberd_SUITE:codec_failure
=logfile       ejabberd_suite.codec_failure.html
=started       2025-03-24 17:20:15
=ended         2025-03-24 17:20:15
=result        ok
=elapsed       0.001242
=case          ejabberd_SUITE:end_per_group
=logfile       ejabberd_suite.end_per_group.66530.html
=group_props   [{name,component_tests},sequence]
=started       2025-03-24 17:20:15
=ended         2025-03-24 17:20:15
=result        ok
=elapsed       2.0e-6
=group_time    0.229s
=case          ejabberd_SUITE:end_per_group
=logfile       ejabberd_suite.end_per_group.66562.html
=group_props   [{name,component},sequence]
=started       2025-03-24 17:20:15
=ended         2025-03-24 17:20:15
=result        ok
=elapsed       0.0
=group_time    0.387s
=case          ejabberd_SUITE:init_per_group
=logfile       ejabberd_suite.init_per_group.66594.html
=group_props   [{name,s2s},sequence]
=started       2025-03-24 17:20:15
=ended         2025-03-24 17:20:15
=result        ok
=elapsed       1.7e-5
=case          ejabberd_SUITE:init_per_group
=logfile       ejabberd_suite.init_per_group.66626.html
=group_props   [{name,s2s_connect},parallel]
=started       2025-03-24 17:20:15
=ended         2025-03-24 17:20:15
=result        ok
=elapsed       5.0e-6
=case          ejabberd_SUITE:test_connect_bad_xml
=logfile       ejabberd_suite.test_connect_bad_xml.66658.html
=started       2025-03-24 17:20:15
=ended         2025-03-24 17:20:15
=result        ok
=elapsed       8.06e-4
=case          ejabberd_SUITE:test_connect_unexpected_xml
=logfile       ejabberd_suite.test_connect_unexpected_xml.22277.html
=started       2025-03-24 17:20:15
=ended         2025-03-24 17:20:15
=result        ok
=elapsed       0.001022
=case          ejabberd_SUITE:test_connect_unknown_ns
=logfile       ejabberd_suite.test_connect_unknown_ns.22309.html
=started       2025-03-24 17:20:15
=ended         2025-03-24 17:20:15
=result        ok
=elapsed       9.44e-4
=case          ejabberd_SUITE:test_connect_bad_xmlns
=logfile       ejabberd_suite.test_connect_bad_xmlns.22341.html
=started       2025-03-24 17:20:15
=ended         2025-03-24 17:20:15
=result        ok
=elapsed       0.001011
=case          ejabberd_SUITE:test_connect_bad_ns_stream
=logfile       ejabberd_suite.test_connect_bad_ns_stream.22373.html
=started       2025-03-24 17:20:15
=ended         2025-03-24 17:20:15
=result        ok
=elapsed       0.001192
=case          ejabberd_SUITE:test_connect
=logfile       ejabberd_suite.test_connect.22405.html
=started       2025-03-24 17:20:15
=ended         2025-03-24 17:20:15
=result        ok
=elapsed       0.001642
=case          ejabberd_SUITE:test_connect_s2s_starttls_required
=logfile       ejabberd_suite.test_connect_s2s_starttls_required.22437.html
=started       2025-03-24 17:20:15
=ended         2025-03-24 17:20:15
=result        ok
=elapsed       0.00212
=case          ejabberd_SUITE:test_starttls
=logfile       ejabberd_suite.test_starttls.22469.html
=started       2025-03-24 17:20:15
=ended         2025-03-24 17:20:15
=result        ok
=elapsed       0.007059
=case          ejabberd_SUITE:test_connect_s2s_unauthenticated_iq
=logfile       ejabberd_suite.test_connect_s2s_unauthenticated_iq.22501.html
=started       2025-03-24 17:20:15
=ended         2025-03-24 17:20:15
=result        ok
=elapsed       0.007791
=case          ejabberd_SUITE:test_auth_starttls
=logfile       ejabberd_suite.test_auth_starttls.66690.html
=started       2025-03-24 17:20:15
=ended         2025-03-24 17:20:15
=result        ok
=elapsed       0.008161
=case          ejabberd_SUITE:end_per_group
=logfile       ejabberd_suite.end_per_group.66818.html
=group_props   [{name,s2s_connect},parallel]
=started       2025-03-24 17:20:15
=ended         2025-03-24 17:20:15
=result        ok
=elapsed       2.0e-6
=group_time    0.078s
=case          ejabberd_SUITE:init_per_group
=logfile       ejabberd_suite.init_per_group.66850.html
=group_props   [{name,s2s_tests},sequence]
=started       2025-03-24 17:20:15
=ended         2025-03-24 17:20:15
=result        ok
=elapsed       8.0e-6
=case          ejabberd_SUITE:test_missing_from
=logfile       ejabberd_suite.test_missing_from.66882.html
=started       2025-03-24 17:20:15
=ended         2025-03-24 17:20:15
=result        ok
=elapsed       6.14e-4
=case          ejabberd_SUITE:test_missing_to
=logfile       ejabberd_suite.test_missing_to.66914.html
=started       2025-03-24 17:20:15
=ended         2025-03-24 17:20:15
=result        ok
=elapsed       5.79e-4
=case          ejabberd_SUITE:test_invalid_from
=logfile       ejabberd_suite.test_invalid_from.67010.html
=started       2025-03-24 17:20:15
=ended         2025-03-24 17:20:15
=result        ok
=elapsed       6.19e-4
=case          ejabberd_SUITE:bad_nonza
=logfile       ejabberd_suite.bad_nonza.44132.html
=started       2025-03-24 17:20:15
=ended         2025-03-24 17:20:15
=result        ok
=elapsed       0.043168
=case          ejabberd_SUITE:codec_failure
=logfile       ejabberd_suite.codec_failure.44164.html
=started       2025-03-24 17:20:15
=ended         2025-03-24 17:20:15
=result        ok
=elapsed       9.03e-4
=case          ejabberd_SUITE:end_per_group
=logfile       ejabberd_suite.end_per_group.44196.html
=group_props   [{name,s2s_tests},sequence]
=started       2025-03-24 17:20:15
=ended         2025-03-24 17:20:15
=result        ok
=elapsed       2.0e-6
=group_time    0.231s
=case          ejabberd_SUITE:end_per_group
=logfile       ejabberd_suite.end_per_group.22789.html
=group_props   [{name,s2s},sequence]
=started       2025-03-24 17:20:15
=ended         2025-03-24 17:20:15
=result        ok
=elapsed       1.0e-5
=group_time    0.383s
=case          ejabberd_SUITE:stop_ejabberd
=logfile       ejabberd_suite.stop_ejabberd.html
=started       2025-03-24 17:20:15
=ended         2025-03-24 17:20:15
=result        ok
=elapsed       0.04645
=case          ejabberd_SUITE:end_per_suite
=logfile       ejabberd_suite.end_per_suite.html
=started       2025-03-24 17:20:15
=ended         2025-03-24 17:20:15
=result        ok
=elapsed       1.0e-5
=group_time    536.563s
=== TEST COMPLETE, 1353 ok, 1 failed, 244 skipped of 1598 test cases

=finished      2025-03-24 17:20:15
=failed        1
=successful    1353
=user_skipped  233
=auto_skipped  11
